mondo_id,mondo_name,selected_disease,disease_primekg_id,disease_name,disease_source,protein_entrez_id,protein_gene_symbol,protein_source,hgnc_id,hgnc_symbol,hgnc_name,uniprot_accession
MONDO:0004975,Alzheimer disease,Alzheimer disease,11913_7088_11743_12153_7089_11194_12321_15140_4975_11561_11647_11777_12344_12609_12630_12631_14265_10422_14036_14316_100088,Alzheimer disease,MONDO_grouped,2,A2M,NCBI,HGNC:7,A2M,alpha-2-macroglobulin,P01023
MONDO:0004975,Alzheimer disease,Alzheimer disease,11913_7088_11743_12153_7089_11194_12321_15140_4975_11561_11647_11777_12344_12609_12630_12631_14265_10422_14036_14316_100088,Alzheimer disease,MONDO_grouped,10347,ABCA7,NCBI,HGNC:37,ABCA7,ATP binding cassette subfamily A member 7,Q8IZY2
MONDO:0004975,Alzheimer disease,Alzheimer disease,11913_7088_11743_12153_7089_11194_12321_15140_4975_11561_11647_11777_12344_12609_12630_12631_14265_10422_14036_14316_100088,Alzheimer disease,MONDO_grouped,51225,ABI3,NCBI,HGNC:29859,ABI3,ABI family member 3,Q9P2A4
MONDO:0004975,Alzheimer disease,Alzheimer disease,11913_7088_11743_12153_7089_11194_12321_15140_4975_11561_11647_11777_12344_12609_12630_12631_14265_10422_14036_14316_100088,Alzheimer disease,MONDO_grouped,1636,ACE,NCBI,HGNC:2707,ACE,angiotensin I converting enzyme,P12821
MONDO:0004975,Alzheimer disease,Alzheimer disease,11913_7088_11743_12153_7089_11194_12321_15140_4975_11561_11647_11777_12344_12609_12630_12631_14265_10422_14036_14316_100088,Alzheimer disease,MONDO_grouped,43,ACHE,NCBI,HGNC:108,ACHE,acetylcholinesterase (Yt blood group),P22303
MONDO:0004975,Alzheimer disease,Alzheimer disease,11913_7088_11743_12153_7089_11194_12321_15140_4975_11561_11647_11777_12344_12609_12630_12631_14265_10422_14036_14316_100088,Alzheimer disease,MONDO_grouped,102,ADAM10,NCBI,HGNC:188,ADAM10,ADAM metallopeptidase domain 10,O14672
MONDO:0004975,Alzheimer disease,Alzheimer disease,11913_7088_11743_12153_7089_11194_12321_15140_4975_11561_11647_11777_12344_12609_12630_12631_14265_10422_14036_14316_100088,Alzheimer disease,MONDO_grouped,9510,ADAMTS1,NCBI,HGNC:217,ADAMTS1,ADAM metallopeptidase with thrombospondin type 1 motif 1,Q9UHI8
MONDO:0004975,Alzheimer disease,Alzheimer disease,11913_7088_11743_12153_7089_11194_12321_15140_4975_11561_11647_11777_12344_12609_12630_12631_14265_10422_14036_14316_100088,Alzheimer disease,MONDO_grouped,267,AMFR,NCBI,HGNC:463,AMFR,autocrine motility factor receptor,Q9UKV5
MONDO:0004975,Alzheimer disease,Alzheimer disease,11913_7088_11743_12153_7089_11194_12321_15140_4975_11561_11647_11777_12344_12609_12630_12631_14265_10422_14036_14316_100088,Alzheimer disease,MONDO_grouped,341,APOC1,NCBI,HGNC:607,APOC1,apolipoprotein C1,P02654
MONDO:0004975,Alzheimer disease,Alzheimer disease,11913_7088_11743_12153_7089_11194_12321_15140_4975_11561_11647_11777_12344_12609_12630_12631_14265_10422_14036_14316_100088,Alzheimer disease,MONDO_grouped,348,APOE,NCBI,HGNC:613,APOE,apolipoprotein E,P02649
MONDO:0004975,Alzheimer disease,Alzheimer disease,11913_7088_11743_12153_7089_11194_12321_15140_4975_11561_11647_11777_12344_12609_12630_12631_14265_10422_14036_14316_100088,Alzheimer disease,MONDO_grouped,351,APP,NCBI,HGNC:620,APP,amyloid beta precursor protein,P05067
MONDO:0004975,Alzheimer disease,Alzheimer disease,11913_7088_11743_12153_7089_11194_12321_15140_4975_11561_11647_11777_12344_12609_12630_12631_14265_10422_14036_14316_100088,Alzheimer disease,MONDO_grouped,23237,ARC,NCBI,HGNC:648,ARC,activity regulated cytoskeleton associated protein,Q7LC44
MONDO:0004975,Alzheimer disease,Alzheimer disease,11913_7088_11743_12153_7089_11194_12321_15140_4975_11561_11647_11777_12344_12609_12630_12631_14265_10422_14036_14316_100088,Alzheimer disease,MONDO_grouped,498,ATP5F1A,NCBI,HGNC:823,ATP5F1A,ATP synthase F1 subunit alpha,P25705
MONDO:0004975,Alzheimer disease,Alzheimer disease,11913_7088_11743_12153_7089_11194_12321_15140_4975_11561_11647_11777_12344_12609_12630_12631_14265_10422_14036_14316_100088,Alzheimer disease,MONDO_grouped,23621,BACE1,NCBI,HGNC:933,BACE1,beta-secretase 1,P56817
MONDO:0004975,Alzheimer disease,Alzheimer disease,11913_7088_11743_12153_7089_11194_12321_15140_4975_11561_11647_11777_12344_12609_12630_12631_14265_10422_14036_14316_100088,Alzheimer disease,MONDO_grouped,581,BAX,NCBI,HGNC:959,BAX,"BCL2 associated X, apoptosis regulator",Q07812
MONDO:0004975,Alzheimer disease,Alzheimer disease,11913_7088_11743_12153_7089_11194_12321_15140_4975_11561_11647_11777_12344_12609_12630_12631_14265_10422_14036_14316_100088,Alzheimer disease,MONDO_grouped,590,BCHE,NCBI,HGNC:983,BCHE,butyrylcholinesterase,P06276
MONDO:0004975,Alzheimer disease,Alzheimer disease,11913_7088_11743_12153_7089_11194_12321_15140_4975_11561_11647_11777_12344_12609_12630_12631_14265_10422_14036_14316_100088,Alzheimer disease,MONDO_grouped,596,BCL2,NCBI,HGNC:990,BCL2,BCL2 apoptosis regulator,P10415
MONDO:0004975,Alzheimer disease,Alzheimer disease,11913_7088_11743_12153_7089_11194_12321_15140_4975_11561_11647_11777_12344_12609_12630_12631_14265_10422_14036_14316_100088,Alzheimer disease,MONDO_grouped,627,BDNF,NCBI,HGNC:1033,BDNF,brain derived neurotrophic factor,P23560
MONDO:0004975,Alzheimer disease,Alzheimer disease,11913_7088_11743_12153_7089_11194_12321_15140_4975_11561_11647_11777_12344_12609_12630_12631_14265_10422_14036_14316_100088,Alzheimer disease,MONDO_grouped,274,BIN1,NCBI,HGNC:1052,BIN1,bridging integrator 1,O00499
MONDO:0004975,Alzheimer disease,Alzheimer disease,11913_7088_11743_12153_7089_11194_12321_15140_4975_11561_11647_11777_12344_12609_12630_12631_14265_10422_14036_14316_100088,Alzheimer disease,MONDO_grouped,801,CALM1,NCBI,HGNC:1442,CALM1,calmodulin 1,P0DP23
MONDO:0004975,Alzheimer disease,Alzheimer disease,11913_7088_11743_12153_7089_11194_12321_15140_4975_11561_11647_11777_12344_12609_12630_12631_14265_10422_14036_14316_100088,Alzheimer disease,MONDO_grouped,836,CASP3,NCBI,HGNC:1504,CASP3,caspase 3,P42574
MONDO:0004975,Alzheimer disease,Alzheimer disease,11913_7088_11743_12153_7089_11194_12321_15140_4975_11561_11647_11777_12344_12609_12630_12631_14265_10422_14036_14316_100088,Alzheimer disease,MONDO_grouped,57091,CASS4,NCBI,HGNC:15878,CASS4,Cas scaffold protein family member 4,Q9NQ75
MONDO:0004975,Alzheimer disease,Alzheimer disease,11913_7088_11743_12153_7089_11194_12321_15140_4975_11561_11647_11777_12344_12609_12630_12631_14265_10422_14036_14316_100088,Alzheimer disease,MONDO_grouped,23607,CD2AP,NCBI,HGNC:14258,CD2AP,CD2 associated protein,Q9Y5K6
MONDO:0004975,Alzheimer disease,Alzheimer disease,11913_7088_11743_12153_7089_11194_12321_15140_4975_11561_11647_11777_12344_12609_12630_12631_14265_10422_14036_14316_100088,Alzheimer disease,MONDO_grouped,945,CD33,NCBI,HGNC:1659,CD33,CD33 molecule,P20138
MONDO:0004975,Alzheimer disease,Alzheimer disease,11913_7088_11743_12153_7089_11194_12321_15140_4975_11561_11647_11777_12344_12609_12630_12631_14265_10422_14036_14316_100088,Alzheimer disease,MONDO_grouped,1139,CHRNA7,NCBI,HGNC:1960,CHRNA7,cholinergic receptor nicotinic alpha 7 subunit,P36544
MONDO:0004975,Alzheimer disease,Alzheimer disease,11913_7088_11743_12153_7089_11194_12321_15140_4975_11561_11647_11777_12344_12609_12630_12631_14265_10422_14036_14316_100088,Alzheimer disease,MONDO_grouped,1141,CHRNB2,NCBI,HGNC:1962,CHRNB2,cholinergic receptor nicotinic beta 2 subunit,P17787
MONDO:0004975,Alzheimer disease,Alzheimer disease,11913_7088_11743_12153_7089_11194_12321_15140_4975_11561_11647_11777_12344_12609_12630_12631_14265_10422_14036_14316_100088,Alzheimer disease,MONDO_grouped,1191,CLU,NCBI,HGNC:2095,CLU,clusterin,P10909
MONDO:0004975,Alzheimer disease,Alzheimer disease,11913_7088_11743_12153_7089_11194_12321_15140_4975_11561_11647_11777_12344_12609_12630_12631_14265_10422_14036_14316_100088,Alzheimer disease,MONDO_grouped,1378,CR1,NCBI,HGNC:2334,CR1,complement C3b/C4b receptor 1 (Knops blood group),P17927
MONDO:0004975,Alzheimer disease,Alzheimer disease,11913_7088_11743_12153_7089_11194_12321_15140_4975_11561_11647_11777_12344_12609_12630_12631_14265_10422_14036_14316_100088,Alzheimer disease,MONDO_grouped,1392,CRH,NCBI,HGNC:2355,CRH,corticotropin releasing hormone,P06850
MONDO:0004975,Alzheimer disease,Alzheimer disease,11913_7088_11743_12153_7089_11194_12321_15140_4975_11561_11647_11777_12344_12609_12630_12631_14265_10422_14036_14316_100088,Alzheimer disease,MONDO_grouped,1471,CST3,NCBI,HGNC:2475,CST3,cystatin C,P01034
MONDO:0004975,Alzheimer disease,Alzheimer disease,11913_7088_11743_12153_7089_11194_12321_15140_4975_11561_11647_11777_12344_12609_12630_12631_14265_10422_14036_14316_100088,Alzheimer disease,MONDO_grouped,1565,CYP2D6,NCBI,HGNC:2625,CYP2D6,cytochrome P450 family 2 subfamily D member 6 (gene/pseudogene),P10635
MONDO:0004975,Alzheimer disease,Alzheimer disease,11913_7088_11743_12153_7089_11194_12321_15140_4975_11561_11647_11777_12344_12609_12630_12631_14265_10422_14036_14316_100088,Alzheimer disease,MONDO_grouped,10858,CYP46A1,NCBI,HGNC:2641,CYP46A1,cytochrome P450 family 46 subfamily A member 1,Q9Y6A2
MONDO:0004975,Alzheimer disease,Alzheimer disease,11913_7088_11743_12153_7089_11194_12321_15140_4975_11561_11647_11777_12344_12609_12630_12631_14265_10422_14036_14316_100088,Alzheimer disease,MONDO_grouped,1718,DHCR24,NCBI,HGNC:2859,DHCR24,24-dehydrocholesterol reductase,Q15392
MONDO:0004975,Alzheimer disease,Alzheimer disease,11913_7088_11743_12153_7089_11194_12321_15140_4975_11561_11647_11777_12344_12609_12630_12631_14265_10422_14036_14316_100088,Alzheimer disease,MONDO_grouped,1808,DPYSL2,NCBI,HGNC:3014,DPYSL2,dihydropyrimidinase like 2,Q16555
MONDO:0004975,Alzheimer disease,Alzheimer disease,11913_7088_11743_12153_7089_11194_12321_15140_4975_11561_11647_11777_12344_12609_12630_12631_14265_10422_14036_14316_100088,Alzheimer disease,MONDO_grouped,1965,EIF2S1,NCBI,HGNC:3265,EIF2S1,eukaryotic translation initiation factor 2 subunit alpha,P05198
MONDO:0004975,Alzheimer disease,Alzheimer disease,11913_7088_11743_12153_7089_11194_12321_15140_4975_11561_11647_11777_12344_12609_12630_12631_14265_10422_14036_14316_100088,Alzheimer disease,MONDO_grouped,2023,ENO1,NCBI,HGNC:3350,ENO1,enolase 1,P06733
MONDO:0004975,Alzheimer disease,Alzheimer disease,11913_7088_11743_12153_7089_11194_12321_15140_4975_11561_11647_11777_12344_12609_12630_12631_14265_10422_14036_14316_100088,Alzheimer disease,MONDO_grouped,2041,EPHA1,NCBI,HGNC:3385,EPHA1,EPH receptor A1,P21709
MONDO:0004975,Alzheimer disease,Alzheimer disease,11913_7088_11743_12153_7089_11194_12321_15140_4975_11561_11647_11777_12344_12609_12630_12631_14265_10422_14036_14316_100088,Alzheimer disease,MONDO_grouped,2099,ESR1,NCBI,HGNC:3467,ESR1,estrogen receptor 1,P03372
MONDO:0004975,Alzheimer disease,Alzheimer disease,11913_7088_11743_12153_7089_11194_12321_15140_4975_11561_11647_11777_12344_12609_12630_12631_14265_10422_14036_14316_100088,Alzheimer disease,MONDO_grouped,2147,F2,NCBI,HGNC:3535,F2,"coagulation factor II, thrombin",P00734
MONDO:0004975,Alzheimer disease,Alzheimer disease,11913_7088_11743_12153_7089_11194_12321_15140_4975_11561_11647_11777_12344_12609_12630_12631_14265_10422_14036_14316_100088,Alzheimer disease,MONDO_grouped,26330,GAPDHS,NCBI,HGNC:24864,GAPDHS,"glyceraldehyde-3-phosphate dehydrogenase, spermatogenic",O14556
MONDO:0004975,Alzheimer disease,Alzheimer disease,11913_7088_11743_12153_7089_11194_12321_15140_4975_11561_11647_11777_12344_12609_12630_12631_14265_10422_14036_14316_100088,Alzheimer disease,MONDO_grouped,2932,GSK3B,NCBI,HGNC:4617,GSK3B,glycogen synthase kinase 3 beta,P49841
MONDO:0004975,Alzheimer disease,Alzheimer disease,11913_7088_11743_12153_7089_11194_12321_15140_4975_11561_11647_11777_12344_12609_12630_12631_14265_10422_14036_14316_100088,Alzheimer disease,MONDO_grouped,3077,HFE,NCBI,HGNC:4886,HFE,homeostatic iron regulator,Q30201
MONDO:0004975,Alzheimer disease,Alzheimer disease,11913_7088_11743_12153_7089_11194_12321_15140_4975_11561_11647_11777_12344_12609_12630_12631_14265_10422_14036_14316_100088,Alzheimer disease,MONDO_grouped,3127,HLA-DRB5,NCBI,HGNC:4953,HLA-DRB5,"major histocompatibility complex, class II, DR beta 5",Q30154
MONDO:0004975,Alzheimer disease,Alzheimer disease,11913_7088_11743_12153_7089_11194_12321_15140_4975_11561_11647_11777_12344_12609_12630_12631_14265_10422_14036_14316_100088,Alzheimer disease,MONDO_grouped,3162,HMOX1,NCBI,HGNC:5013,HMOX1,heme oxygenase 1,P09601
MONDO:0004975,Alzheimer disease,Alzheimer disease,11913_7088_11743_12153_7089_11194_12321_15140_4975_11561_11647_11777_12344_12609_12630_12631_14265_10422_14036_14316_100088,Alzheimer disease,MONDO_grouped,3416,IDE,NCBI,HGNC:5381,IDE,insulin degrading enzyme,P14735
MONDO:0004975,Alzheimer disease,Alzheimer disease,11913_7088_11743_12153_7089_11194_12321_15140_4975_11561_11647_11777_12344_12609_12630_12631_14265_10422_14036_14316_100088,Alzheimer disease,MONDO_grouped,3479,IGF1,NCBI,HGNC:5464,IGF1,insulin like growth factor 1,P05019
MONDO:0004975,Alzheimer disease,Alzheimer disease,11913_7088_11743_12153_7089_11194_12321_15140_4975_11561_11647_11777_12344_12609_12630_12631_14265_10422_14036_14316_100088,Alzheimer disease,MONDO_grouped,3480,IGF1R,NCBI,HGNC:5465,IGF1R,insulin like growth factor 1 receptor,P08069
MONDO:0004975,Alzheimer disease,Alzheimer disease,11913_7088_11743_12153_7089_11194_12321_15140_4975_11561_11647_11777_12344_12609_12630_12631_14265_10422_14036_14316_100088,Alzheimer disease,MONDO_grouped,3481,IGF2,NCBI,HGNC:5466,IGF2,insulin like growth factor 2,P01344
MONDO:0004975,Alzheimer disease,Alzheimer disease,11913_7088_11743_12153_7089_11194_12321_15140_4975_11561_11647_11777_12344_12609_12630_12631_14265_10422_14036_14316_100088,Alzheimer disease,MONDO_grouped,3482,IGF2R,NCBI,HGNC:5467,IGF2R,insulin like growth factor 2 receptor,P11717
MONDO:0004975,Alzheimer disease,Alzheimer disease,11913_7088_11743_12153_7089_11194_12321_15140_4975_11561_11647_11777_12344_12609_12630_12631_14265_10422_14036_14316_100088,Alzheimer disease,MONDO_grouped,3553,IL1B,NCBI,HGNC:5992,IL1B,interleukin 1 beta,P01584
MONDO:0004975,Alzheimer disease,Alzheimer disease,11913_7088_11743_12153_7089_11194_12321_15140_4975_11561_11647_11777_12344_12609_12630_12631_14265_10422_14036_14316_100088,Alzheimer disease,MONDO_grouped,3635,INPP5D,NCBI,HGNC:6079,INPP5D,inositol polyphosphate-5-phosphatase D,Q92835
MONDO:0004975,Alzheimer disease,Alzheimer disease,11913_7088_11743_12153_7089_11194_12321_15140_4975_11561_11647_11777_12344_12609_12630_12631_14265_10422_14036_14316_100088,Alzheimer disease,MONDO_grouped,3630,INS,NCBI,HGNC:6081,INS,insulin,P01308
MONDO:0004975,Alzheimer disease,Alzheimer disease,11913_7088_11743_12153_7089_11194_12321_15140_4975_11561_11647_11777_12344_12609_12630_12631_14265_10422_14036_14316_100088,Alzheimer disease,MONDO_grouped,3643,INSR,NCBI,HGNC:6091,INSR,insulin receptor,P06213
MONDO:0004975,Alzheimer disease,Alzheimer disease,11913_7088_11743_12153_7089_11194_12321_15140_4975_11561_11647_11777_12344_12609_12630_12631_14265_10422_14036_14316_100088,Alzheimer disease,MONDO_grouped,124152,IQCK,NCBI,HGNC:28556,IQCK,IQ motif containing K,Q8N0W5
MONDO:0004975,Alzheimer disease,Alzheimer disease,11913_7088_11743_12153_7089_11194_12321_15140_4975_11561_11647_11777_12344_12609_12630_12631_14265_10422_14036_14316_100088,Alzheimer disease,MONDO_grouped,3952,LEP,NCBI,HGNC:6553,LEP,leptin,P41159
MONDO:0004975,Alzheimer disease,Alzheimer disease,11913_7088_11743_12153_7089_11194_12321_15140_4975_11561_11647_11777_12344_12609_12630_12631_14265_10422_14036_14316_100088,Alzheimer disease,MONDO_grouped,4129,MAOB,NCBI,HGNC:6834,MAOB,monoamine oxidase B,P27338
MONDO:0004975,Alzheimer disease,Alzheimer disease,11913_7088_11743_12153_7089_11194_12321_15140_4975_11561_11647_11777_12344_12609_12630_12631_14265_10422_14036_14316_100088,Alzheimer disease,MONDO_grouped,4137,MAPT,NCBI,HGNC:6893,MAPT,microtubule associated protein tau,P10636
MONDO:0004975,Alzheimer disease,Alzheimer disease,11913_7088_11743_12153_7089_11194_12321_15140_4975_11561_11647_11777_12344_12609_12630_12631_14265_10422_14036_14316_100088,Alzheimer disease,MONDO_grouped,4353,MPO,NCBI,HGNC:7218,MPO,myeloperoxidase,P05164
MONDO:0004975,Alzheimer disease,Alzheimer disease,11913_7088_11743_12153_7089_11194_12321_15140_4975_11561_11647_11777_12344_12609_12630_12631_14265_10422_14036_14316_100088,Alzheimer disease,MONDO_grouped,51338,MS4A4A,NCBI,HGNC:13371,MS4A4A,membrane spanning 4-domains A4A,Q96JQ5
MONDO:0004975,Alzheimer disease,Alzheimer disease,11913_7088_11743_12153_7089_11194_12321_15140_4975_11561_11647_11777_12344_12609_12630_12631_14265_10422_14036_14316_100088,Alzheimer disease,MONDO_grouped,4524,MTHFR,NCBI,HGNC:7436,MTHFR,methylenetetrahydrofolate reductase,P42898
MONDO:0004975,Alzheimer disease,Alzheimer disease,11913_7088_11743_12153_7089_11194_12321_15140_4975_11561_11647_11777_12344_12609_12630_12631_14265_10422_14036_14316_100088,Alzheimer disease,MONDO_grouped,23385,NCSTN,NCBI,HGNC:17091,NCSTN,nicastrin,Q92542
MONDO:0004975,Alzheimer disease,Alzheimer disease,11913_7088_11743_12153_7089_11194_12321_15140_4975_11561_11647_11777_12344_12609_12630_12631_14265_10422_14036_14316_100088,Alzheimer disease,MONDO_grouped,5819,NECTIN2,NCBI,HGNC:9707,NECTIN2,nectin cell adhesion molecule 2,Q92692
MONDO:0004975,Alzheimer disease,Alzheimer disease,11913_7088_11743_12153_7089_11194_12321_15140_4975_11561_11647_11777_12344_12609_12630_12631_14265_10422_14036_14316_100088,Alzheimer disease,MONDO_grouped,4846,NOS3,NCBI,HGNC:7876,NOS3,nitric oxide synthase 3,P29474
MONDO:0004975,Alzheimer disease,Alzheimer disease,11913_7088_11743_12153_7089_11194_12321_15140_4975_11561_11647_11777_12344_12609_12630_12631_14265_10422_14036_14316_100088,Alzheimer disease,MONDO_grouped,4852,NPY,NCBI,HGNC:7955,NPY,neuropeptide Y,P01303
MONDO:0004975,Alzheimer disease,Alzheimer disease,11913_7088_11743_12153_7089_11194_12321_15140_4975_11561_11647_11777_12344_12609_12630_12631_14265_10422_14036_14316_100088,Alzheimer disease,MONDO_grouped,27328,PCDH11X,NCBI,HGNC:8656,PCDH11X,protocadherin 11 X-linked,Q9BZA7
MONDO:0004975,Alzheimer disease,Alzheimer disease,11913_7088_11743_12153_7089_11194_12321_15140_4975_11561_11647_11777_12344_12609_12630_12631_14265_10422_14036_14316_100088,Alzheimer disease,MONDO_grouped,10857,PGRMC1,NCBI,HGNC:16090,PGRMC1,progesterone receptor membrane component 1,O00264
MONDO:0004975,Alzheimer disease,Alzheimer disease,11913_7088_11743_12153_7089_11194_12321_15140_4975_11561_11647_11777_12344_12609_12630_12631_14265_10422_14036_14316_100088,Alzheimer disease,MONDO_grouped,8301,PICALM,NCBI,HGNC:15514,PICALM,phosphatidylinositol binding clathrin assembly protein,Q13492
MONDO:0004975,Alzheimer disease,Alzheimer disease,11913_7088_11743_12153_7089_11194_12321_15140_4975_11561_11647_11777_12344_12609_12630_12631_14265_10422_14036_14316_100088,Alzheimer disease,MONDO_grouped,5328,PLAU,NCBI,HGNC:9052,PLAU,"plasminogen activator, urokinase",P00749
MONDO:0004975,Alzheimer disease,Alzheimer disease,11913_7088_11743_12153_7089_11194_12321_15140_4975_11561_11647_11777_12344_12609_12630_12631_14265_10422_14036_14316_100088,Alzheimer disease,MONDO_grouped,5336,PLCG2,NCBI,HGNC:9066,PLCG2,phospholipase C gamma 2,P16885
MONDO:0004975,Alzheimer disease,Alzheimer disease,11913_7088_11743_12153_7089_11194_12321_15140_4975_11561_11647_11777_12344_12609_12630_12631_14265_10422_14036_14316_100088,Alzheimer disease,MONDO_grouped,5468,PPARG,NCBI,HGNC:9236,PPARG,peroxisome proliferator activated receptor gamma,P37231
MONDO:0004975,Alzheimer disease,Alzheimer disease,11913_7088_11743_12153_7089_11194_12321_15140_4975_11561_11647_11777_12344_12609_12630_12631_14265_10422_14036_14316_100088,Alzheimer disease,MONDO_grouped,5621,PRNP,NCBI,HGNC:9449,PRNP,prion protein (Kanno blood group),F7VJQ1
MONDO:0004975,Alzheimer disease,Alzheimer disease,11913_7088_11743_12153_7089_11194_12321_15140_4975_11561_11647_11777_12344_12609_12630_12631_14265_10422_14036_14316_100088,Alzheimer disease,MONDO_grouped,5621,PRNP,NCBI,HGNC:9449,PRNP,prion protein (Kanno blood group),P04156
MONDO:0004975,Alzheimer disease,Alzheimer disease,11913_7088_11743_12153_7089_11194_12321_15140_4975_11561_11647_11777_12344_12609_12630_12631_14265_10422_14036_14316_100088,Alzheimer disease,MONDO_grouped,5663,PSEN1,NCBI,HGNC:9508,PSEN1,presenilin 1,P49768
MONDO:0004975,Alzheimer disease,Alzheimer disease,11913_7088_11743_12153_7089_11194_12321_15140_4975_11561_11647_11777_12344_12609_12630_12631_14265_10422_14036_14316_100088,Alzheimer disease,MONDO_grouped,5664,PSEN2,NCBI,HGNC:9509,PSEN2,presenilin 2,P49810
MONDO:0004975,Alzheimer disease,Alzheimer disease,11913_7088_11743_12153_7089_11194_12321_15140_4975_11561_11647_11777_12344_12609_12630_12631_14265_10422_14036_14316_100088,Alzheimer disease,MONDO_grouped,5697,PYY,NCBI,HGNC:9748,PYY,peptide YY,P10082
MONDO:0004975,Alzheimer disease,Alzheimer disease,11913_7088_11743_12153_7089_11194_12321_15140_4975_11561_11647_11777_12344_12609_12630_12631_14265_10422_14036_14316_100088,Alzheimer disease,MONDO_grouped,5649,RELN,NCBI,HGNC:9957,RELN,reelin,P78509
MONDO:0004975,Alzheimer disease,Alzheimer disease,11913_7088_11743_12153_7089_11194_12321_15140_4975_11561_11647_11777_12344_12609_12630_12631_14265_10422_14036_14316_100088,Alzheimer disease,MONDO_grouped,6517,SLC2A4,NCBI,HGNC:11009,SLC2A4,solute carrier family 2 member 4,P14672
MONDO:0004975,Alzheimer disease,Alzheimer disease,11913_7088_11743_12153_7089_11194_12321_15140_4975_11561_11647_11777_12344_12609_12630_12631_14265_10422_14036_14316_100088,Alzheimer disease,MONDO_grouped,7782,SLC30A4,NCBI,HGNC:11015,SLC30A4,solute carrier family 30 member 4,O14863
MONDO:0004975,Alzheimer disease,Alzheimer disease,11913_7088_11743_12153_7089_11194_12321_15140_4975_11561_11647_11777_12344_12609_12630_12631_14265_10422_14036_14316_100088,Alzheimer disease,MONDO_grouped,55676,SLC30A6,NCBI,HGNC:19305,SLC30A6,solute carrier family 30 member 6,Q6NXT4
MONDO:0004975,Alzheimer disease,Alzheimer disease,11913_7088_11743_12153_7089_11194_12321_15140_4975_11561_11647_11777_12344_12609_12630_12631_14265_10422_14036_14316_100088,Alzheimer disease,MONDO_grouped,6648,SOD2,NCBI,HGNC:11180,SOD2,superoxide dismutase 2,P04179
MONDO:0004975,Alzheimer disease,Alzheimer disease,11913_7088_11743_12153_7089_11194_12321_15140_4975_11561_11647_11777_12344_12609_12630_12631_14265_10422_14036_14316_100088,Alzheimer disease,MONDO_grouped,6653,SORL1,NCBI,HGNC:11185,SORL1,sortilin related receptor 1,Q92673
MONDO:0004975,Alzheimer disease,Alzheimer disease,11913_7088_11743_12153_7089_11194_12321_15140_4975_11561_11647_11777_12344_12609_12630_12631_14265_10422_14036_14316_100088,Alzheimer disease,MONDO_grouped,7018,TF,NCBI,HGNC:11740,TF,transferrin,P02787
MONDO:0004975,Alzheimer disease,Alzheimer disease,11913_7088_11743_12153_7089_11194_12321_15140_4975_11561_11647_11777_12344_12609_12630_12631_14265_10422_14036_14316_100088,Alzheimer disease,MONDO_grouped,7019,TFAM,NCBI,HGNC:11741,TFAM,"transcription factor A, mitochondrial",Q00059
MONDO:0004975,Alzheimer disease,Alzheimer disease,11913_7088_11743_12153_7089_11194_12321_15140_4975_11561_11647_11777_12344_12609_12630_12631_14265_10422_14036_14316_100088,Alzheimer disease,MONDO_grouped,7124,TNF,NCBI,HGNC:11892,TNF,tumor necrosis factor,P01375
MONDO:0004975,Alzheimer disease,Alzheimer disease,11913_7088_11743_12153_7089_11194_12321_15140_4975_11561_11647_11777_12344_12609_12630_12631_14265_10422_14036_14316_100088,Alzheimer disease,MONDO_grouped,10452,TOMM40,NCBI,HGNC:18001,TOMM40,translocase of outer mitochondrial membrane 40,O96008
MONDO:0004975,Alzheimer disease,Alzheimer disease,11913_7088_11743_12153_7089_11194_12321_15140_4975_11561_11647_11777_12344_12609_12630_12631_14265_10422_14036_14316_100088,Alzheimer disease,MONDO_grouped,7167,TPI1,NCBI,HGNC:12009,TPI1,triosephosphate isomerase 1,P60174
MONDO:0004975,Alzheimer disease,Alzheimer disease,11913_7088_11743_12153_7089_11194_12321_15140_4975_11561_11647_11777_12344_12609_12630_12631_14265_10422_14036_14316_100088,Alzheimer disease,MONDO_grouped,1200,TPP1,NCBI,HGNC:2073,TPP1,tripeptidyl peptidase 1,O14773
MONDO:0004975,Alzheimer disease,Alzheimer disease,11913_7088_11743_12153_7089_11194_12321_15140_4975_11561_11647_11777_12344_12609_12630_12631_14265_10422_14036_14316_100088,Alzheimer disease,MONDO_grouped,54209,TREM2,NCBI,HGNC:17761,TREM2,triggering receptor expressed on myeloid cells 2,Q9NZC2
MONDO:0004975,Alzheimer disease,Alzheimer disease,11913_7088_11743_12153_7089_11194_12321_15140_4975_11561_11647_11777_12344_12609_12630_12631_14265_10422_14036_14316_100088,Alzheimer disease,MONDO_grouped,8633,UNC5C,NCBI,HGNC:12569,UNC5C,unc-5 netrin receptor C,O95185
MONDO:0004975,Alzheimer disease,Alzheimer disease,11913_7088_11743_12153_7089_11194_12321_15140_4975_11561_11647_11777_12344_12609_12630_12631_14265_10422_14036_14316_100088,Alzheimer disease,MONDO_grouped,7422,VEGFA,NCBI,HGNC:12680,VEGFA,vascular endothelial growth factor A,P15692
MONDO:0004975,Alzheimer disease,Alzheimer disease,11913_7088_11743_12153_7089_11194_12321_15140_4975_11561_11647_11777_12344_12609_12630_12631_14265_10422_14036_14316_100088,Alzheimer disease,MONDO_grouped,7447,VSNL1,NCBI,HGNC:12722,VSNL1,visinin like 1,P62760
MONDO:0004975,Alzheimer disease,Alzheimer disease,11913_7088_11743_12153_7089_11194_12321_15140_4975_11561_11647_11777_12344_12609_12630_12631_14265_10422_14036_14316_100088,Alzheimer disease,MONDO_grouped,51741,WWOX,NCBI,HGNC:12799,WWOX,WW domain containing oxidoreductase,Q9NZC7
MONDO:0005180,Parkinson disease,Parkinson disease,11764_11658_13625_8199_14604_11613_14233_11562_8200_14796_17279_5180_6966_828_10796_10360_11737_13167,Parkinson disease,MONDO_grouped,5243,ABCB1,NCBI,HGNC:40,ABCB1,ATP binding cassette subfamily B member 1,P08183
MONDO:0005180,Parkinson disease,Parkinson disease,11764_11658_13625_8199_14604_11613_14233_11562_8200_14796_17279_5180_6966_828_10796_10360_11737_13167,Parkinson disease,MONDO_grouped,105,ADARB2,NCBI,HGNC:227,ADARB2,adenosine deaminase RNA specific B2 (inactive),Q9NS39
MONDO:0005180,Parkinson disease,Parkinson disease,11764_11658_13625_8199_14604_11613_14233_11562_8200_14796_17279_5180_6966_828_10796_10360_11737_13167,Parkinson disease,MONDO_grouped,126,ADH1C,NCBI,HGNC:251,ADH1C,"alcohol dehydrogenase 1C (class I), gamma polypeptide",P00326
MONDO:0005180,Parkinson disease,Parkinson disease,11764_11658_13625_8199_14604_11613_14233_11562_8200_14796_17279_5180_6966_828_10796_10360_11737_13167,Parkinson disease,MONDO_grouped,199,AIF1,NCBI,HGNC:352,AIF1,allograft inflammatory factor 1,P55008
MONDO:0005180,Parkinson disease,Parkinson disease,11764_11658_13625_8199_14604_11613_14233_11562_8200_14796_17279_5180_6966_828_10796_10360_11737_13167,Parkinson disease,MONDO_grouped,23400,ATP13A2,NCBI,HGNC:30213,ATP13A2,ATPase cation transporting 13A2,Q9NQ11
MONDO:0005180,Parkinson disease,Parkinson disease,11764_11658_13625_8199_14604_11613_14233_11562_8200_14796_17279_5180_6966_828_10796_10360_11737_13167,Parkinson disease,MONDO_grouped,6311,ATXN2,NCBI,HGNC:10555,ATXN2,ataxin 2,Q99700
MONDO:0005180,Parkinson disease,Parkinson disease,11764_11658_13625_8199_14604_11613_14233_11562_8200_14796_17279_5180_6966_828_10796_10360_11737_13167,Parkinson disease,MONDO_grouped,9529,BAG5,NCBI,HGNC:941,BAG5,BAG cochaperone 5,Q9UL15
MONDO:0005180,Parkinson disease,Parkinson disease,11764_11658_13625_8199_14604_11613_14233_11562_8200_14796_17279_5180_6966_828_10796_10360_11737_13167,Parkinson disease,MONDO_grouped,590,BCHE,NCBI,HGNC:983,BCHE,butyrylcholinesterase,P06276
MONDO:0005180,Parkinson disease,Parkinson disease,11764_11658_13625_8199_14604_11613_14233_11562_8200_14796_17279_5180_6966_828_10796_10360_11737_13167,Parkinson disease,MONDO_grouped,627,BDNF,NCBI,HGNC:1033,BDNF,brain derived neurotrophic factor,P23560
MONDO:0005180,Parkinson disease,Parkinson disease,11764_11658_13625_8199_14604_11613_14233_11562_8200_14796_17279_5180_6966_828_10796_10360_11737_13167,Parkinson disease,MONDO_grouped,683,BST1,NCBI,HGNC:1118,BST1,bone marrow stromal cell antigen 1,Q10588
MONDO:0005180,Parkinson disease,Parkinson disease,11764_11658_13625_8199_14604_11613_14233_11562_8200_14796_17279_5180_6966_828_10796_10360_11737_13167,Parkinson disease,MONDO_grouped,4680,CEACAM6,NCBI,HGNC:1818,CEACAM6,CEA cell adhesion molecule 6,P40199
MONDO:0005180,Parkinson disease,Parkinson disease,11764_11658_13625_8199_14604_11613_14233_11562_8200_14796_17279_5180_6966_828_10796_10360_11737_13167,Parkinson disease,MONDO_grouped,1269,CNR2,NCBI,HGNC:2160,CNR2,cannabinoid receptor 2,P34972
MONDO:0005180,Parkinson disease,Parkinson disease,11764_11658_13625_8199_14604_11613_14233_11562_8200_14796_17279_5180_6966_828_10796_10360_11737_13167,Parkinson disease,MONDO_grouped,26047,CNTNAP2,NCBI,HGNC:13830,CNTNAP2,contactin associated protein 2,Q9UHC6
MONDO:0005180,Parkinson disease,Parkinson disease,11764_11658_13625_8199_14604_11613_14233_11562_8200_14796_17279_5180_6966_828_10796_10360_11737_13167,Parkinson disease,MONDO_grouped,1310,COL19A1,NCBI,HGNC:2196,COL19A1,collagen type XIX alpha 1 chain,Q14993
MONDO:0005180,Parkinson disease,Parkinson disease,11764_11658_13625_8199_14604_11613_14233_11562_8200_14796_17279_5180_6966_828_10796_10360_11737_13167,Parkinson disease,MONDO_grouped,1356,CP,NCBI,HGNC:2295,CP,ceruloplasmin,P00450
MONDO:0005180,Parkinson disease,Parkinson disease,11764_11658_13625_8199_14604_11613_14233_11562_8200_14796_17279_5180_6966_828_10796_10360_11737_13167,Parkinson disease,MONDO_grouped,1565,CYP2D6,NCBI,HGNC:2625,CYP2D6,cytochrome P450 family 2 subfamily D member 6 (gene/pseudogene),P10635
MONDO:0005180,Parkinson disease,Parkinson disease,11764_11658_13625_8199_14604_11613_14233_11562_8200_14796_17279_5180_6966_828_10796_10360_11737_13167,Parkinson disease,MONDO_grouped,1571,CYP2E1,NCBI,HGNC:2631,CYP2E1,cytochrome P450 family 2 subfamily E member 1,P05181
MONDO:0005180,Parkinson disease,Parkinson disease,11764_11658_13625_8199_14604_11613_14233_11562_8200_14796_17279_5180_6966_828_10796_10360_11737_13167,Parkinson disease,MONDO_grouped,1644,DDC,NCBI,HGNC:2719,DDC,dopa decarboxylase,P20711
MONDO:0005180,Parkinson disease,Parkinson disease,11764_11658_13625_8199_14604_11613_14233_11562_8200_14796_17279_5180_6966_828_10796_10360_11737_13167,Parkinson disease,MONDO_grouped,54541,DDIT4,NCBI,HGNC:24944,DDIT4,DNA damage inducible transcript 4,Q9NX09
MONDO:0005180,Parkinson disease,Parkinson disease,11764_11658_13625_8199_14604_11613_14233_11562_8200_14796_17279_5180_6966_828_10796_10360_11737_13167,Parkinson disease,MONDO_grouped,23317,DNAJC13,NCBI,HGNC:30343,DNAJC13,DnaJ heat shock protein family (Hsp40) member C13,O75165
MONDO:0005180,Parkinson disease,Parkinson disease,11764_11658_13625_8199_14604_11613_14233_11562_8200_14796_17279_5180_6966_828_10796_10360_11737_13167,Parkinson disease,MONDO_grouped,10059,DNM1L,NCBI,HGNC:2973,DNM1L,dynamin 1L,O00429
MONDO:0005180,Parkinson disease,Parkinson disease,11764_11658_13625_8199_14604_11613_14233_11562_8200_14796_17279_5180_6966_828_10796_10360_11737_13167,Parkinson disease,MONDO_grouped,374946,DRAXIN,NCBI,HGNC:25054,DRAXIN,dorsal inhibitory axon guidance protein,Q8NBI3
MONDO:0005180,Parkinson disease,Parkinson disease,11764_11658_13625_8199_14604_11613_14233_11562_8200_14796_17279_5180_6966_828_10796_10360_11737_13167,Parkinson disease,MONDO_grouped,1812,DRD1,NCBI,HGNC:3020,DRD1,dopamine receptor D1,P21728
MONDO:0005180,Parkinson disease,Parkinson disease,11764_11658_13625_8199_14604_11613_14233_11562_8200_14796_17279_5180_6966_828_10796_10360_11737_13167,Parkinson disease,MONDO_grouped,1813,DRD2,NCBI,HGNC:3023,DRD2,dopamine receptor D2,P14416
MONDO:0005180,Parkinson disease,Parkinson disease,11764_11658_13625_8199_14604_11613_14233_11562_8200_14796_17279_5180_6966_828_10796_10360_11737_13167,Parkinson disease,MONDO_grouped,1906,EDN1,NCBI,HGNC:3176,EDN1,endothelin 1,P05305
MONDO:0005180,Parkinson disease,Parkinson disease,11764_11658_13625_8199_14604_11613_14233_11562_8200_14796_17279_5180_6966_828_10796_10360_11737_13167,Parkinson disease,MONDO_grouped,2026,ENO2,NCBI,HGNC:3353,ENO2,enolase 2,P09104
MONDO:0005180,Parkinson disease,Parkinson disease,11764_11658_13625_8199_14604_11613_14233_11562_8200_14796_17279_5180_6966_828_10796_10360_11737_13167,Parkinson disease,MONDO_grouped,2203,FBP1,NCBI,HGNC:3606,FBP1,fructose-bisphosphatase 1,P09467
MONDO:0005180,Parkinson disease,Parkinson disease,11764_11658_13625_8199_14604_11613_14233_11562_8200_14796_17279_5180_6966_828_10796_10360_11737_13167,Parkinson disease,MONDO_grouped,2208,FCER2,NCBI,HGNC:3612,FCER2,Fc epsilon receptor II,P06734
MONDO:0005180,Parkinson disease,Parkinson disease,11764_11658_13625_8199_14604_11613_14233_11562_8200_14796_17279_5180_6966_828_10796_10360_11737_13167,Parkinson disease,MONDO_grouped,2244,FGB,NCBI,HGNC:3662,FGB,fibrinogen beta chain,P02675
MONDO:0005180,Parkinson disease,Parkinson disease,11764_11658_13625_8199_14604_11613_14233_11562_8200_14796_17279_5180_6966_828_10796_10360_11737_13167,Parkinson disease,MONDO_grouped,154791,FMC1,NCBI,HGNC:26946,FMC1,formation of mitochondrial complex V assembly factor 1,Q96HJ9
MONDO:0005180,Parkinson disease,Parkinson disease,11764_11658_13625_8199_14604_11613_14233_11562_8200_14796_17279_5180_6966_828_10796_10360_11737_13167,Parkinson disease,MONDO_grouped,2580,GAK,NCBI,HGNC:4113,GAK,cyclin G associated kinase,O14976
MONDO:0005180,Parkinson disease,Parkinson disease,11764_11658_13625_8199_14604_11613_14233_11562_8200_14796_17279_5180_6966_828_10796_10360_11737_13167,Parkinson disease,MONDO_grouped,2629,GBA,NCBI,HGNC:4177,GBA1,glucosylceramidase beta 1,P04062
MONDO:0005180,Parkinson disease,Parkinson disease,11764_11658_13625_8199_14604_11613_14233_11562_8200_14796_17279_5180_6966_828_10796_10360_11737_13167,Parkinson disease,MONDO_grouped,2668,GDNF,NCBI,HGNC:4232,GDNF,glial cell derived neurotrophic factor,P39905
MONDO:0005180,Parkinson disease,Parkinson disease,11764_11658_13625_8199_14604_11613_14233_11562_8200_14796_17279_5180_6966_828_10796_10360_11737_13167,Parkinson disease,MONDO_grouped,2670,GFAP,NCBI,HGNC:4235,GFAP,glial fibrillary acidic protein,P14136
MONDO:0005180,Parkinson disease,Parkinson disease,11764_11658_13625_8199_14604_11613_14233_11562_8200_14796_17279_5180_6966_828_10796_10360_11737_13167,Parkinson disease,MONDO_grouped,2747,GLUD2,NCBI,HGNC:4336,GLUD2,glutamate dehydrogenase 2,P49448
MONDO:0005180,Parkinson disease,Parkinson disease,11764_11658_13625_8199_14604_11613_14233_11562_8200_14796_17279_5180_6966_828_10796_10360_11737_13167,Parkinson disease,MONDO_grouped,2876,GPX1,NCBI,HGNC:4553,GPX1,glutathione peroxidase 1,P07203
MONDO:0005180,Parkinson disease,Parkinson disease,11764_11658_13625_8199_14604_11613_14233_11562_8200_14796_17279_5180_6966_828_10796_10360_11737_13167,Parkinson disease,MONDO_grouped,2941,GSTA4,NCBI,HGNC:4629,GSTA4,glutathione S-transferase alpha 4,O15217
MONDO:0005180,Parkinson disease,Parkinson disease,11764_11658_13625_8199_14604_11613_14233_11562_8200_14796_17279_5180_6966_828_10796_10360_11737_13167,Parkinson disease,MONDO_grouped,2944,GSTM1,NCBI,HGNC:4632,GSTM1,glutathione S-transferase mu 1,P09488
MONDO:0005180,Parkinson disease,Parkinson disease,11764_11658_13625_8199_14604_11613_14233_11562_8200_14796_17279_5180_6966_828_10796_10360_11737_13167,Parkinson disease,MONDO_grouped,2950,GSTP1,NCBI,HGNC:4638,GSTP1,glutathione S-transferase pi 1,P09211
MONDO:0005180,Parkinson disease,Parkinson disease,11764_11658_13625_8199_14604_11613_14233_11562_8200_14796_17279_5180_6966_828_10796_10360_11737_13167,Parkinson disease,MONDO_grouped,3047,HBG1,NCBI,HGNC:4831,HBG1,hemoglobin subunit gamma 1,P69891
MONDO:0005180,Parkinson disease,Parkinson disease,11764_11658_13625_8199_14604_11613_14233_11562_8200_14796_17279_5180_6966_828_10796_10360_11737_13167,Parkinson disease,MONDO_grouped,3077,HFE,NCBI,HGNC:4886,HFE,homeostatic iron regulator,Q30201
MONDO:0005180,Parkinson disease,Parkinson disease,11764_11658_13625_8199_14604_11613_14233_11562_8200_14796_17279_5180_6966_828_10796_10360_11737_13167,Parkinson disease,MONDO_grouped,3082,HGF,NCBI,HGNC:4893,HGF,hepatocyte growth factor,P14210
MONDO:0005180,Parkinson disease,Parkinson disease,11764_11658_13625_8199_14604_11613_14233_11562_8200_14796_17279_5180_6966_828_10796_10360_11737_13167,Parkinson disease,MONDO_grouped,3122,HLA-DRA,NCBI,HGNC:4947,HLA-DRA,"major histocompatibility complex, class II, DR alpha",P01903
MONDO:0005180,Parkinson disease,Parkinson disease,11764_11658_13625_8199_14604_11613_14233_11562_8200_14796_17279_5180_6966_828_10796_10360_11737_13167,Parkinson disease,MONDO_grouped,3127,HLA-DRB5,NCBI,HGNC:4953,HLA-DRB5,"major histocompatibility complex, class II, DR beta 5",Q30154
MONDO:0005180,Parkinson disease,Parkinson disease,11764_11658_13625_8199_14604_11613_14233_11562_8200_14796_17279_5180_6966_828_10796_10360_11737_13167,Parkinson disease,MONDO_grouped,3162,HMOX1,NCBI,HGNC:5013,HMOX1,heme oxygenase 1,P09601
MONDO:0005180,Parkinson disease,Parkinson disease,11764_11658_13625_8199_14604_11613_14233_11562_8200_14796_17279_5180_6966_828_10796_10360_11737_13167,Parkinson disease,MONDO_grouped,3303,HSPA1A,NCBI,HGNC:5232,HSPA1A,heat shock protein family A (Hsp70) member 1A,P0DMV8
MONDO:0005180,Parkinson disease,Parkinson disease,11764_11658_13625_8199_14604_11613_14233_11562_8200_14796_17279_5180_6966_828_10796_10360_11737_13167,Parkinson disease,MONDO_grouped,3313,HSPA9,NCBI,HGNC:5244,HSPA9,heat shock protein family A (Hsp70) member 9,P38646
MONDO:0005180,Parkinson disease,Parkinson disease,11764_11658_13625_8199_14604_11613_14233_11562_8200_14796_17279_5180_6966_828_10796_10360_11737_13167,Parkinson disease,MONDO_grouped,3480,IGF1R,NCBI,HGNC:5465,IGF1R,insulin like growth factor 1 receptor,P08069
MONDO:0005180,Parkinson disease,Parkinson disease,11764_11658_13625_8199_14604_11613_14233_11562_8200_14796_17279_5180_6966_828_10796_10360_11737_13167,Parkinson disease,MONDO_grouped,3481,IGF2,NCBI,HGNC:5466,IGF2,insulin like growth factor 2,P01344
MONDO:0005180,Parkinson disease,Parkinson disease,11764_11658_13625_8199_14604_11613_14233_11562_8200_14796_17279_5180_6966_828_10796_10360_11737_13167,Parkinson disease,MONDO_grouped,3482,IGF2R,NCBI,HGNC:5467,IGF2R,insulin like growth factor 2 receptor,P11717
MONDO:0005180,Parkinson disease,Parkinson disease,11764_11658_13625_8199_14604_11613_14233_11562_8200_14796_17279_5180_6966_828_10796_10360_11737_13167,Parkinson disease,MONDO_grouped,3569,IL6,NCBI,HGNC:6018,IL6,interleukin 6,P05231
MONDO:0005180,Parkinson disease,Parkinson disease,11764_11658_13625_8199_14604_11613_14233_11562_8200_14796_17279_5180_6966_828_10796_10360_11737_13167,Parkinson disease,MONDO_grouped,3630,INS,NCBI,HGNC:6081,INS,insulin,P01308
MONDO:0005180,Parkinson disease,Parkinson disease,11764_11658_13625_8199_14604_11613_14233_11562_8200_14796_17279_5180_6966_828_10796_10360_11737_13167,Parkinson disease,MONDO_grouped,3643,INSR,NCBI,HGNC:6091,INSR,insulin receptor,P06213
MONDO:0005180,Parkinson disease,Parkinson disease,11764_11658_13625_8199_14604_11613_14233_11562_8200_14796_17279_5180_6966_828_10796_10360_11737_13167,Parkinson disease,MONDO_grouped,3761,KCNJ4,NCBI,HGNC:6265,KCNJ4,potassium inwardly rectifying channel subfamily J member 4,P48050
MONDO:0005180,Parkinson disease,Parkinson disease,11764_11658_13625_8199_14604_11613_14233_11562_8200_14796_17279_5180_6966_828_10796_10360_11737_13167,Parkinson disease,MONDO_grouped,120892,LRRK2,NCBI,HGNC:18618,LRRK2,leucine rich repeat kinase 2,Q5S007
MONDO:0005180,Parkinson disease,Parkinson disease,11764_11658_13625_8199_14604_11613_14233_11562_8200_14796_17279_5180_6966_828_10796_10360_11737_13167,Parkinson disease,MONDO_grouped,4099,MAG,NCBI,HGNC:6783,MAG,myelin associated glycoprotein,P20916
MONDO:0005180,Parkinson disease,Parkinson disease,11764_11658_13625_8199_14604_11613_14233_11562_8200_14796_17279_5180_6966_828_10796_10360_11737_13167,Parkinson disease,MONDO_grouped,4128,MAOA,NCBI,HGNC:6833,MAOA,monoamine oxidase A,P21397
MONDO:0005180,Parkinson disease,Parkinson disease,11764_11658_13625_8199_14604_11613_14233_11562_8200_14796_17279_5180_6966_828_10796_10360_11737_13167,Parkinson disease,MONDO_grouped,4129,MAOB,NCBI,HGNC:6834,MAOB,monoamine oxidase B,P27338
MONDO:0005180,Parkinson disease,Parkinson disease,11764_11658_13625_8199_14604_11613_14233_11562_8200_14796_17279_5180_6966_828_10796_10360_11737_13167,Parkinson disease,MONDO_grouped,4133,MAP2,NCBI,HGNC:6839,MAP2,microtubule associated protein 2,P11137
MONDO:0005180,Parkinson disease,Parkinson disease,11764_11658_13625_8199_14604_11613_14233_11562_8200_14796_17279_5180_6966_828_10796_10360_11737_13167,Parkinson disease,MONDO_grouped,4217,MAP3K5,NCBI,HGNC:6857,MAP3K5,mitogen-activated protein kinase kinase kinase 5,Q99683
MONDO:0005180,Parkinson disease,Parkinson disease,11764_11658_13625_8199_14604_11613_14233_11562_8200_14796_17279_5180_6966_828_10796_10360_11737_13167,Parkinson disease,MONDO_grouped,4137,MAPT,NCBI,HGNC:6893,MAPT,microtubule associated protein tau,P10636
MONDO:0005180,Parkinson disease,Parkinson disease,11764_11658_13625_8199_14604_11613_14233_11562_8200_14796_17279_5180_6966_828_10796_10360_11737_13167,Parkinson disease,MONDO_grouped,9112,MTA1,NCBI,HGNC:7410,MTA1,metastasis associated 1,Q13330
MONDO:0005180,Parkinson disease,Parkinson disease,11764_11658_13625_8199_14604_11613_14233_11562_8200_14796_17279_5180_6966_828_10796_10360_11737_13167,Parkinson disease,MONDO_grouped,4524,MTHFR,NCBI,HGNC:7436,MTHFR,methylenetetrahydrofolate reductase,P42898
MONDO:0005180,Parkinson disease,Parkinson disease,11764_11658_13625_8199_14604_11613_14233_11562_8200_14796_17279_5180_6966_828_10796_10360_11737_13167,Parkinson disease,MONDO_grouped,54892,NCAPG2,NCBI,HGNC:21904,NCAPG2,non-SMC condensin II complex subunit G2,Q86XI2
MONDO:0005180,Parkinson disease,Parkinson disease,11764_11658_13625_8199_14604_11613_14233_11562_8200_14796_17279_5180_6966_828_10796_10360_11737_13167,Parkinson disease,MONDO_grouped,5819,NECTIN2,NCBI,HGNC:9707,NECTIN2,nectin cell adhesion molecule 2,Q92692
MONDO:0005180,Parkinson disease,Parkinson disease,11764_11658_13625_8199_14604_11613_14233_11562_8200_14796_17279_5180_6966_828_10796_10360_11737_13167,Parkinson disease,MONDO_grouped,4803,NGF,NCBI,HGNC:7808,NGF,nerve growth factor,P01138
MONDO:0005180,Parkinson disease,Parkinson disease,11764_11658_13625_8199_14604_11613_14233_11562_8200_14796_17279_5180_6966_828_10796_10360_11737_13167,Parkinson disease,MONDO_grouped,4842,NOS1,NCBI,HGNC:7872,NOS1,nitric oxide synthase 1,P29475
MONDO:0005180,Parkinson disease,Parkinson disease,11764_11658_13625_8199_14604_11613_14233_11562_8200_14796_17279_5180_6966_828_10796_10360_11737_13167,Parkinson disease,MONDO_grouped,4843,NOS2,NCBI,HGNC:7873,NOS2,nitric oxide synthase 2,P35228
MONDO:0005180,Parkinson disease,Parkinson disease,11764_11658_13625_8199_14604_11613_14233_11562_8200_14796_17279_5180_6966_828_10796_10360_11737_13167,Parkinson disease,MONDO_grouped,1728,NQO1,NCBI,HGNC:2874,NQO1,NAD(P)H quinone dehydrogenase 1,P15559
MONDO:0005180,Parkinson disease,Parkinson disease,11764_11658_13625_8199_14604_11613_14233_11562_8200_14796_17279_5180_6966_828_10796_10360_11737_13167,Parkinson disease,MONDO_grouped,4929,NR4A2,NCBI,HGNC:7981,NR4A2,nuclear receptor subfamily 4 group A member 2,P43354
MONDO:0005180,Parkinson disease,Parkinson disease,11764_11658_13625_8199_14604_11613_14233_11562_8200_14796_17279_5180_6966_828_10796_10360_11737_13167,Parkinson disease,MONDO_grouped,11315,PARK7,NCBI,HGNC:16369,PARK7,Parkinsonism associated deglycase,Q99497
MONDO:0005180,Parkinson disease,Parkinson disease,11764_11658_13625_8199_14604_11613_14233_11562_8200_14796_17279_5180_6966_828_10796_10360_11737_13167,Parkinson disease,MONDO_grouped,65018,PINK1,NCBI,HGNC:14581,PINK1,PTEN induced kinase 1,Q9BXM7
MONDO:0005180,Parkinson disease,Parkinson disease,11764_11658_13625_8199_14604_11613_14233_11562_8200_14796_17279_5180_6966_828_10796_10360_11737_13167,Parkinson disease,MONDO_grouped,5444,PON1,NCBI,HGNC:9204,PON1,paraoxonase 1,P27169
MONDO:0005180,Parkinson disease,Parkinson disease,11764_11658_13625_8199_14604_11613_14233_11562_8200_14796_17279_5180_6966_828_10796_10360_11737_13167,Parkinson disease,MONDO_grouped,10891,PPARGC1A,NCBI,HGNC:9237,PPARGC1A,PPARG coactivator 1 alpha,Q9UBK2
MONDO:0005180,Parkinson disease,Parkinson disease,11764_11658_13625_8199_14604_11613_14233_11562_8200_14796_17279_5180_6966_828_10796_10360_11737_13167,Parkinson disease,MONDO_grouped,5071,PRKN,NCBI,HGNC:8607,PRKN,parkin RBR E3 ubiquitin protein ligase,O60260
MONDO:0005180,Parkinson disease,Parkinson disease,11764_11658_13625_8199_14604_11613_14233_11562_8200_14796_17279_5180_6966_828_10796_10360_11737_13167,Parkinson disease,MONDO_grouped,5997,RGS2,NCBI,HGNC:9998,RGS2,regulator of G protein signaling 2,P41220
MONDO:0005180,Parkinson disease,Parkinson disease,11764_11658_13625_8199_14604_11613_14233_11562_8200_14796_17279_5180_6966_828_10796_10360_11737_13167,Parkinson disease,MONDO_grouped,9045,RPL14,NCBI,HGNC:10305,RPL14,ribosomal protein L14,P50914
MONDO:0005180,Parkinson disease,Parkinson disease,11764_11658_13625_8199_14604_11613_14233_11562_8200_14796_17279_5180_6966_828_10796_10360_11737_13167,Parkinson disease,MONDO_grouped,6147,RPL23A,NCBI,HGNC:10317,RPL23A,ribosomal protein L23a,P62750
MONDO:0005180,Parkinson disease,Parkinson disease,11764_11658_13625_8199_14604_11613_14233_11562_8200_14796_17279_5180_6966_828_10796_10360_11737_13167,Parkinson disease,MONDO_grouped,6128,RPL6,NCBI,HGNC:10362,RPL6,ribosomal protein L6,Q02878
MONDO:0005180,Parkinson disease,Parkinson disease,11764_11658_13625_8199_14604_11613_14233_11562_8200_14796_17279_5180_6966_828_10796_10360_11737_13167,Parkinson disease,MONDO_grouped,6202,RPS8,NCBI,HGNC:10441,RPS8,ribosomal protein S8,P62241
MONDO:0005180,Parkinson disease,Parkinson disease,11764_11658_13625_8199_14604_11613_14233_11562_8200_14796_17279_5180_6966_828_10796_10360_11737_13167,Parkinson disease,MONDO_grouped,6469,SHH,NCBI,HGNC:10848,SHH,sonic hedgehog signaling molecule,Q15465
MONDO:0005180,Parkinson disease,Parkinson disease,11764_11658_13625_8199_14604_11613_14233_11562_8200_14796_17279_5180_6966_828_10796_10360_11737_13167,Parkinson disease,MONDO_grouped,6571,SLC18A2,NCBI,HGNC:10935,SLC18A2,solute carrier family 18 member A2,Q05940
MONDO:0005180,Parkinson disease,Parkinson disease,11764_11658_13625_8199_14604_11613_14233_11562_8200_14796_17279_5180_6966_828_10796_10360_11737_13167,Parkinson disease,MONDO_grouped,144195,SLC2A14,NCBI,HGNC:18301,SLC2A14,solute carrier family 2 member 14,Q8TDB8
MONDO:0005180,Parkinson disease,Parkinson disease,11764_11658_13625_8199_14604_11613_14233_11562_8200_14796_17279_5180_6966_828_10796_10360_11737_13167,Parkinson disease,MONDO_grouped,55532,SLC30A10,NCBI,HGNC:25355,SLC30A10,solute carrier family 30 member 10,Q6XR72
MONDO:0005180,Parkinson disease,Parkinson disease,11764_11658_13625_8199_14604_11613_14233_11562_8200_14796_17279_5180_6966_828_10796_10360_11737_13167,Parkinson disease,MONDO_grouped,6531,SLC6A3,NCBI,HGNC:11049,SLC6A3,solute carrier family 6 member 3,Q01959
MONDO:0005180,Parkinson disease,Parkinson disease,11764_11658_13625_8199_14604_11613_14233_11562_8200_14796_17279_5180_6966_828_10796_10360_11737_13167,Parkinson disease,MONDO_grouped,6622,SNCA,NCBI,HGNC:11138,SNCA,synuclein alpha,P37840
MONDO:0005180,Parkinson disease,Parkinson disease,11764_11658_13625_8199_14604_11613_14233_11562_8200_14796_17279_5180_6966_828_10796_10360_11737_13167,Parkinson disease,MONDO_grouped,9627,SNCAIP,NCBI,HGNC:11139,SNCAIP,synuclein alpha interacting protein,Q9Y6H5
MONDO:0005180,Parkinson disease,Parkinson disease,11764_11658_13625_8199_14604_11613_14233_11562_8200_14796_17279_5180_6966_828_10796_10360_11737_13167,Parkinson disease,MONDO_grouped,6647,SOD1,NCBI,HGNC:11179,SOD1,superoxide dismutase 1,P00441
MONDO:0005180,Parkinson disease,Parkinson disease,11764_11658_13625_8199_14604_11613_14233_11562_8200_14796_17279_5180_6966_828_10796_10360_11737_13167,Parkinson disease,MONDO_grouped,6648,SOD2,NCBI,HGNC:11180,SOD2,superoxide dismutase 2,P04179
MONDO:0005180,Parkinson disease,Parkinson disease,11764_11658_13625_8199_14604_11613_14233_11562_8200_14796_17279_5180_6966_828_10796_10360_11737_13167,Parkinson disease,MONDO_grouped,8867,SYNJ1,NCBI,HGNC:11503,SYNJ1,synaptojanin 1,O43426
MONDO:0005180,Parkinson disease,Parkinson disease,11764_11658_13625_8199_14604_11613_14233_11562_8200_14796_17279_5180_6966_828_10796_10360_11737_13167,Parkinson disease,MONDO_grouped,6888,TALDO1,NCBI,HGNC:11559,TALDO1,transaldolase 1,P37837
MONDO:0005180,Parkinson disease,Parkinson disease,11764_11658_13625_8199_14604_11613_14233_11562_8200_14796_17279_5180_6966_828_10796_10360_11737_13167,Parkinson disease,MONDO_grouped,6908,TBP,NCBI,HGNC:11588,TBP,TATA-box binding protein,P20226
MONDO:0005180,Parkinson disease,Parkinson disease,11764_11658_13625_8199_14604_11613_14233_11562_8200_14796_17279_5180_6966_828_10796_10360_11737_13167,Parkinson disease,MONDO_grouped,9623,TCL1B,NCBI,HGNC:11649,TCL1B,TCL1 family AKT coactivator B,O95988
MONDO:0005180,Parkinson disease,Parkinson disease,11764_11658_13625_8199_14604_11613_14233_11562_8200_14796_17279_5180_6966_828_10796_10360_11737_13167,Parkinson disease,MONDO_grouped,7019,TFAM,NCBI,HGNC:11741,TFAM,"transcription factor A, mitochondrial",Q00059
MONDO:0005180,Parkinson disease,Parkinson disease,11764_11658_13625_8199_14604_11613_14233_11562_8200_14796_17279_5180_6966_828_10796_10360_11737_13167,Parkinson disease,MONDO_grouped,7054,TH,NCBI,HGNC:11782,TH,tyrosine hydroxylase,P07101
MONDO:0005180,Parkinson disease,Parkinson disease,11764_11658_13625_8199_14604_11613_14233_11562_8200_14796_17279_5180_6966_828_10796_10360_11737_13167,Parkinson disease,MONDO_grouped,29058,TMEM230,NCBI,HGNC:15876,TMEM230,transmembrane protein 230,Q96A57
MONDO:0005180,Parkinson disease,Parkinson disease,11764_11658_13625_8199_14604_11613_14233_11562_8200_14796_17279_5180_6966_828_10796_10360_11737_13167,Parkinson disease,MONDO_grouped,7124,TNF,NCBI,HGNC:11892,TNF,tumor necrosis factor,P01375
MONDO:0005180,Parkinson disease,Parkinson disease,11764_11658_13625_8199_14604_11613_14233_11562_8200_14796_17279_5180_6966_828_10796_10360_11737_13167,Parkinson disease,MONDO_grouped,7226,TRPM2,NCBI,HGNC:12339,TRPM2,transient receptor potential cation channel subfamily M member 2,O94759
MONDO:0005180,Parkinson disease,Parkinson disease,11764_11658_13625_8199_14604_11613_14233_11562_8200_14796_17279_5180_6966_828_10796_10360_11737_13167,Parkinson disease,MONDO_grouped,54832,VPS13C,NCBI,HGNC:23594,VPS13C,vacuolar protein sorting 13 homolog C,Q709C8
MONDO:0005180,Parkinson disease,Parkinson disease,11764_11658_13625_8199_14604_11613_14233_11562_8200_14796_17279_5180_6966_828_10796_10360_11737_13167,Parkinson disease,MONDO_grouped,55737,VPS35,NCBI,HGNC:13487,VPS35,VPS35 retromer complex component,Q96QK1
MONDO:0005618,anxiety disorder,anxiety disorder,8187_2050_5618_5451_5371_100081_5383_1942_1098_3265_11924_12384,anxiety disorder,MONDO_grouped,2,A2M,NCBI,HGNC:7,A2M,alpha-2-macroglobulin,P01023
MONDO:0005618,anxiety disorder,anxiety disorder,8187_2050_5618_5451_5371_100081_5383_1942_1098_3265_11924_12384,anxiety disorder,MONDO_grouped,15,AANAT,NCBI,HGNC:19,AANAT,aralkylamine N-acetyltransferase,Q16613
MONDO:0005618,anxiety disorder,anxiety disorder,8187_2050_5618_5451_5371_100081_5383_1942_1098_3265_11924_12384,anxiety disorder,MONDO_grouped,5243,ABCB1,NCBI,HGNC:40,ABCB1,ATP binding cassette subfamily B member 1,P08183
MONDO:0005618,anxiety disorder,anxiety disorder,8187_2050_5618_5451_5371_100081_5383_1942_1098_3265_11924_12384,anxiety disorder,MONDO_grouped,25890,ABI3BP,NCBI,HGNC:17265,ABI3BP,ABI family member 3 binding protein,Q7Z7G0
MONDO:0005618,anxiety disorder,anxiety disorder,8187_2050_5618_5451_5371_100081_5383_1942_1098_3265_11924_12384,anxiety disorder,MONDO_grouped,1636,ACE,NCBI,HGNC:2707,ACE,angiotensin I converting enzyme,P12821
MONDO:0005618,anxiety disorder,anxiety disorder,8187_2050_5618_5451_5371_100081_5383_1942_1098_3265_11924_12384,anxiety disorder,MONDO_grouped,52,ACP1,NCBI,HGNC:122,ACP1,acid phosphatase 1,P24666
MONDO:0005618,anxiety disorder,anxiety disorder,8187_2050_5618_5451_5371_100081_5383_1942_1098_3265_11924_12384,anxiety disorder,MONDO_grouped,2182,ACSL4,NCBI,HGNC:3571,ACSL4,acyl-CoA synthetase long chain family member 4,O60488
MONDO:0005618,anxiety disorder,anxiety disorder,8187_2050_5618_5451_5371_100081_5383_1942_1098_3265_11924_12384,anxiety disorder,MONDO_grouped,116285,ACSM1,NCBI,HGNC:18049,ACSM1,acyl-CoA synthetase medium chain family member 1,Q08AH1
MONDO:0005618,anxiety disorder,anxiety disorder,8187_2050_5618_5451_5371_100081_5383_1942_1098_3265_11924_12384,anxiety disorder,MONDO_grouped,111,ADCY5,NCBI,HGNC:236,ADCY5,adenylate cyclase 5,O95622
MONDO:0005618,anxiety disorder,anxiety disorder,8187_2050_5618_5451_5371_100081_5383_1942_1098_3265_11924_12384,anxiety disorder,MONDO_grouped,113,ADCY7,NCBI,HGNC:238,ADCY7,adenylate cyclase 7,P51828
MONDO:0005618,anxiety disorder,anxiety disorder,8187_2050_5618_5451_5371_100081_5383_1942_1098_3265_11924_12384,anxiety disorder,MONDO_grouped,114,ADCY8,NCBI,HGNC:239,ADCY8,adenylate cyclase 8,P40145
MONDO:0005618,anxiety disorder,anxiety disorder,8187_2050_5618_5451_5371_100081_5383_1942_1098_3265_11924_12384,anxiety disorder,MONDO_grouped,116,ADCYAP1,NCBI,HGNC:241,ADCYAP1,adenylate cyclase activating polypeptide 1,P18509
MONDO:0005618,anxiety disorder,anxiety disorder,8187_2050_5618_5451_5371_100081_5383_1942_1098_3265_11924_12384,anxiety disorder,MONDO_grouped,135,ADORA2A,NCBI,HGNC:263,ADORA2A,adenosine A2a receptor,P29274
MONDO:0005618,anxiety disorder,anxiety disorder,8187_2050_5618_5451_5371_100081_5383_1942_1098_3265_11924_12384,anxiety disorder,MONDO_grouped,148,ADRA1A,NCBI,HGNC:277,ADRA1A,adrenoceptor alpha 1A,P35348
MONDO:0005618,anxiety disorder,anxiety disorder,8187_2050_5618_5451_5371_100081_5383_1942_1098_3265_11924_12384,anxiety disorder,MONDO_grouped,150,ADRA2A,NCBI,HGNC:281,ADRA2A,adrenoceptor alpha 2A,P08913
MONDO:0005618,anxiety disorder,anxiety disorder,8187_2050_5618_5451_5371_100081_5383_1942_1098_3265_11924_12384,anxiety disorder,MONDO_grouped,153,ADRB1,NCBI,HGNC:285,ADRB1,adrenoceptor beta 1,P08588
MONDO:0005618,anxiety disorder,anxiety disorder,8187_2050_5618_5451_5371_100081_5383_1942_1098_3265_11924_12384,anxiety disorder,MONDO_grouped,183,AGT,NCBI,HGNC:333,AGT,angiotensinogen,P01019
MONDO:0005618,anxiety disorder,anxiety disorder,8187_2050_5618_5451_5371_100081_5383_1942_1098_3265_11924_12384,anxiety disorder,MONDO_grouped,10270,AKAP8,NCBI,HGNC:378,AKAP8,A-kinase anchoring protein 8,O43823
MONDO:0005618,anxiety disorder,anxiety disorder,8187_2050_5618_5451_5371_100081_5383_1942_1098_3265_11924_12384,anxiety disorder,MONDO_grouped,207,AKT1,NCBI,HGNC:391,AKT1,AKT serine/threonine kinase 1,P31749
MONDO:0005618,anxiety disorder,anxiety disorder,8187_2050_5618_5451_5371_100081_5383_1942_1098_3265_11924_12384,anxiety disorder,MONDO_grouped,213,ALB,NCBI,HGNC:399,ALB,albumin,P02768
MONDO:0005618,anxiety disorder,anxiety disorder,8187_2050_5618_5451_5371_100081_5383_1942_1098_3265_11924_12384,anxiety disorder,MONDO_grouped,79053,ALG8,NCBI,HGNC:23161,ALG8,"ALG8 alpha-1,3-glucosyltransferase",Q9BVK2
MONDO:0005618,anxiety disorder,anxiety disorder,8187_2050_5618_5451_5371_100081_5383_1942_1098_3265_11924_12384,anxiety disorder,MONDO_grouped,238,ALK,NCBI,HGNC:427,ALK,ALK receptor tyrosine kinase,Q9UM73
MONDO:0005618,anxiety disorder,anxiety disorder,8187_2050_5618_5451_5371_100081_5383_1942_1098_3265_11924_12384,anxiety disorder,MONDO_grouped,255239,ANKK1,NCBI,HGNC:21027,ANKK1,ankyrin repeat and kinase domain containing 1,Q8NFD2
MONDO:0005618,anxiety disorder,anxiety disorder,8187_2050_5618_5451_5371_100081_5383_1942_1098_3265_11924_12384,anxiety disorder,MONDO_grouped,290,ANPEP,NCBI,HGNC:500,ANPEP,"alanyl aminopeptidase, membrane",P15144
MONDO:0005618,anxiety disorder,anxiety disorder,8187_2050_5618_5451_5371_100081_5383_1942_1098_3265_11924_12384,anxiety disorder,MONDO_grouped,317,APAF1,NCBI,HGNC:576,APAF1,apoptotic peptidase activating factor 1,O14727
MONDO:0005618,anxiety disorder,anxiety disorder,8187_2050_5618_5451_5371_100081_5383_1942_1098_3265_11924_12384,anxiety disorder,MONDO_grouped,351,APP,NCBI,HGNC:620,APP,amyloid beta precursor protein,P05067
MONDO:0005618,anxiety disorder,anxiety disorder,8187_2050_5618_5451_5371_100081_5383_1942_1098_3265_11924_12384,anxiety disorder,MONDO_grouped,353,APRT,NCBI,HGNC:626,APRT,adenine phosphoribosyltransferase,P07741
MONDO:0005618,anxiety disorder,anxiety disorder,8187_2050_5618_5451_5371_100081_5383_1942_1098_3265_11924_12384,anxiety disorder,MONDO_grouped,361,AQP4,NCBI,HGNC:637,AQP4,aquaporin 4,P55087
MONDO:0005618,anxiety disorder,anxiety disorder,8187_2050_5618_5451_5371_100081_5383_1942_1098_3265_11924_12384,anxiety disorder,MONDO_grouped,367,AR,NCBI,HGNC:644,AR,androgen receptor,P10275
MONDO:0005618,anxiety disorder,anxiety disorder,8187_2050_5618_5451_5371_100081_5383_1942_1098_3265_11924_12384,anxiety disorder,MONDO_grouped,9639,ARHGEF10,NCBI,HGNC:14103,ARHGEF10,Rho guanine nucleotide exchange factor 10,O15013
MONDO:0005618,anxiety disorder,anxiety disorder,8187_2050_5618_5451_5371_100081_5383_1942_1098_3265_11924_12384,anxiety disorder,MONDO_grouped,406,ARNTL,NCBI,HGNC:701,BMAL1,basic helix-loop-helix ARNT like 1,O00327
MONDO:0005618,anxiety disorder,anxiety disorder,8187_2050_5618_5451_5371_100081_5383_1942_1098_3265_11924_12384,anxiety disorder,MONDO_grouped,408,ARRB1,NCBI,HGNC:711,ARRB1,arrestin beta 1,P49407
MONDO:0005618,anxiety disorder,anxiety disorder,8187_2050_5618_5451_5371_100081_5383_1942_1098_3265_11924_12384,anxiety disorder,MONDO_grouped,409,ARRB2,NCBI,HGNC:712,ARRB2,arrestin beta 2,P32121
MONDO:0005618,anxiety disorder,anxiety disorder,8187_2050_5618_5451_5371_100081_5383_1942_1098_3265_11924_12384,anxiety disorder,MONDO_grouped,410,ARSA,NCBI,HGNC:713,ARSA,arylsulfatase A,P15289
MONDO:0005618,anxiety disorder,anxiety disorder,8187_2050_5618_5451_5371_100081_5383_1942_1098_3265_11924_12384,anxiety disorder,MONDO_grouped,9048,ARTN,NCBI,HGNC:727,ARTN,artemin,Q5T4W7
MONDO:0005618,anxiety disorder,anxiety disorder,8187_2050_5618_5451_5371_100081_5383_1942_1098_3265_11924_12384,anxiety disorder,MONDO_grouped,438,ASMT,NCBI,HGNC:750,ASMT,acetylserotonin O-methyltransferase,P46597
MONDO:0005618,anxiety disorder,anxiety disorder,8187_2050_5618_5451_5371_100081_5383_1942_1098_3265_11924_12384,anxiety disorder,MONDO_grouped,467,ATF3,NCBI,HGNC:785,ATF3,activating transcription factor 3,P18847
MONDO:0005618,anxiety disorder,anxiety disorder,8187_2050_5618_5451_5371_100081_5383_1942_1098_3265_11924_12384,anxiety disorder,MONDO_grouped,468,ATF4,NCBI,HGNC:786,ATF4,activating transcription factor 4,P18848
MONDO:0005618,anxiety disorder,anxiety disorder,8187_2050_5618_5451_5371_100081_5383_1942_1098_3265_11924_12384,anxiety disorder,MONDO_grouped,478,ATP1A3,NCBI,HGNC:801,ATP1A3,ATPase Na+/K+ transporting subunit alpha 3,P13637
MONDO:0005618,anxiety disorder,anxiety disorder,8187_2050_5618_5451_5371_100081_5383_1942_1098_3265_11924_12384,anxiety disorder,MONDO_grouped,488,ATP2A2,NCBI,HGNC:812,ATP2A2,ATPase sarcoplasmic/endoplasmic reticulum Ca2+ transporting 2,P16615
MONDO:0005618,anxiety disorder,anxiety disorder,8187_2050_5618_5451_5371_100081_5383_1942_1098_3265_11924_12384,anxiety disorder,MONDO_grouped,540,ATP7B,NCBI,HGNC:870,ATP7B,ATPase copper transporting beta,P35670
MONDO:0005618,anxiety disorder,anxiety disorder,8187_2050_5618_5451_5371_100081_5383_1942_1098_3265_11924_12384,anxiety disorder,MONDO_grouped,4287,ATXN3,NCBI,HGNC:7106,ATXN3,ataxin 3,P54252
MONDO:0005618,anxiety disorder,anxiety disorder,8187_2050_5618_5451_5371_100081_5383_1942_1098_3265_11924_12384,anxiety disorder,MONDO_grouped,551,AVP,NCBI,HGNC:894,AVP,arginine vasopressin,P01185
MONDO:0005618,anxiety disorder,anxiety disorder,8187_2050_5618_5451_5371_100081_5383_1942_1098_3265_11924_12384,anxiety disorder,MONDO_grouped,573,BAG1,NCBI,HGNC:937,BAG1,BAG cochaperone 1,Q99933
MONDO:0005618,anxiety disorder,anxiety disorder,8187_2050_5618_5451_5371_100081_5383_1942_1098_3265_11924_12384,anxiety disorder,MONDO_grouped,596,BCL2,NCBI,HGNC:990,BCL2,BCL2 apoptosis regulator,P10415
MONDO:0005618,anxiety disorder,anxiety disorder,8187_2050_5618_5451_5371_100081_5383_1942_1098_3265_11924_12384,anxiety disorder,MONDO_grouped,607,BCL9,NCBI,HGNC:1008,BCL9,BCL9 transcription coactivator,O00512
MONDO:0005618,anxiety disorder,anxiety disorder,8187_2050_5618_5451_5371_100081_5383_1942_1098_3265_11924_12384,anxiety disorder,MONDO_grouped,613,BCR,NCBI,HGNC:1014,BCR,BCR activator of RhoGEF and GTPase,P11274
MONDO:0005618,anxiety disorder,anxiety disorder,8187_2050_5618_5451_5371_100081_5383_1942_1098_3265_11924_12384,anxiety disorder,MONDO_grouped,624,BDKRB2,NCBI,HGNC:1030,BDKRB2,bradykinin receptor B2,P30411
MONDO:0005618,anxiety disorder,anxiety disorder,8187_2050_5618_5451_5371_100081_5383_1942_1098_3265_11924_12384,anxiety disorder,MONDO_grouped,627,BDNF,NCBI,HGNC:1033,BDNF,brain derived neurotrophic factor,P23560
MONDO:0005618,anxiety disorder,anxiety disorder,8187_2050_5618_5451_5371_100081_5383_1942_1098_3265_11924_12384,anxiety disorder,MONDO_grouped,80114,BICC1,NCBI,HGNC:19351,BICC1,BicC family RNA binding protein 1,Q9H694
MONDO:0005618,anxiety disorder,anxiety disorder,8187_2050_5618_5451_5371_100081_5383_1942_1098_3265_11924_12384,anxiety disorder,MONDO_grouped,655,BMP7,NCBI,HGNC:1074,BMP7,bone morphogenetic protein 7,P18075
MONDO:0005618,anxiety disorder,anxiety disorder,8187_2050_5618_5451_5371_100081_5383_1942_1098_3265_11924_12384,anxiety disorder,MONDO_grouped,672,BRCA1,NCBI,HGNC:1100,BRCA1,BRCA1 DNA repair associated,P38398
MONDO:0005618,anxiety disorder,anxiety disorder,8187_2050_5618_5451_5371_100081_5383_1942_1098_3265_11924_12384,anxiety disorder,MONDO_grouped,775,CACNA1C,NCBI,HGNC:1390,CACNA1C,calcium voltage-gated channel subunit alpha1 C,Q13936
MONDO:0005618,anxiety disorder,anxiety disorder,8187_2050_5618_5451_5371_100081_5383_1942_1098_3265_11924_12384,anxiety disorder,MONDO_grouped,23705,CADM1,NCBI,HGNC:5951,CADM1,cell adhesion molecule 1,Q9BY67
MONDO:0005618,anxiety disorder,anxiety disorder,8187_2050_5618_5451_5371_100081_5383_1942_1098_3265_11924_12384,anxiety disorder,MONDO_grouped,805,CALM2,NCBI,HGNC:1445,CALM2,calmodulin 2,P0DP24
MONDO:0005618,anxiety disorder,anxiety disorder,8187_2050_5618_5451_5371_100081_5383_1942_1098_3265_11924_12384,anxiety disorder,MONDO_grouped,815,CAMK2A,NCBI,HGNC:1460,CAMK2A,calcium/calmodulin dependent protein kinase II alpha,Q9UQM7
MONDO:0005618,anxiety disorder,anxiety disorder,8187_2050_5618_5451_5371_100081_5383_1942_1098_3265_11924_12384,anxiety disorder,MONDO_grouped,9607,CARTPT,NCBI,HGNC:24323,CARTPT,CART prepropeptide,Q16568
MONDO:0005618,anxiety disorder,anxiety disorder,8187_2050_5618_5451_5371_100081_5383_1942_1098_3265_11924_12384,anxiety disorder,MONDO_grouped,847,CAT,NCBI,HGNC:1516,CAT,catalase,P04040
MONDO:0005618,anxiety disorder,anxiety disorder,8187_2050_5618_5451_5371_100081_5383_1942_1098_3265_11924_12384,anxiety disorder,MONDO_grouped,54862,CC2D1A,NCBI,HGNC:30237,CC2D1A,coiled-coil and C2 domain containing 1A,Q6P1N0
MONDO:0005618,anxiety disorder,anxiety disorder,8187_2050_5618_5451_5371_100081_5383_1942_1098_3265_11924_12384,anxiety disorder,MONDO_grouped,886,CCKAR,NCBI,HGNC:1570,CCKAR,cholecystokinin A receptor,P32238
MONDO:0005618,anxiety disorder,anxiety disorder,8187_2050_5618_5451_5371_100081_5383_1942_1098_3265_11924_12384,anxiety disorder,MONDO_grouped,887,CCKBR,NCBI,HGNC:1571,CCKBR,cholecystokinin B receptor,P32239
MONDO:0005618,anxiety disorder,anxiety disorder,8187_2050_5618_5451_5371_100081_5383_1942_1098_3265_11924_12384,anxiety disorder,MONDO_grouped,6347,CCL2,NCBI,HGNC:10618,CCL2,C-C motif chemokine ligand 2,P13500
MONDO:0005618,anxiety disorder,anxiety disorder,8187_2050_5618_5451_5371_100081_5383_1942_1098_3265_11924_12384,anxiety disorder,MONDO_grouped,6369,CCL24,NCBI,HGNC:10623,CCL24,C-C motif chemokine ligand 24,O00175
MONDO:0005618,anxiety disorder,anxiety disorder,8187_2050_5618_5451_5371_100081_5383_1942_1098_3265_11924_12384,anxiety disorder,MONDO_grouped,595,CCND1,NCBI,HGNC:1582,CCND1,cyclin D1,P24385
MONDO:0005618,anxiety disorder,anxiety disorder,8187_2050_5618_5451_5371_100081_5383_1942_1098_3265_11924_12384,anxiety disorder,MONDO_grouped,947,CD34,NCBI,HGNC:1662,CD34,CD34 molecule,P28906
MONDO:0005618,anxiety disorder,anxiety disorder,8187_2050_5618_5451_5371_100081_5383_1942_1098_3265_11924_12384,anxiety disorder,MONDO_grouped,1012,CDH13,NCBI,HGNC:1753,CDH13,cadherin 13,P55290
MONDO:0005618,anxiety disorder,anxiety disorder,8187_2050_5618_5451_5371_100081_5383_1942_1098_3265_11924_12384,anxiety disorder,MONDO_grouped,1005,CDH7,NCBI,HGNC:1766,CDH7,cadherin 7,Q9ULB5
MONDO:0005618,anxiety disorder,anxiety disorder,8187_2050_5618_5451_5371_100081_5383_1942_1098_3265_11924_12384,anxiety disorder,MONDO_grouped,1029,CDKN2A,NCBI,HGNC:1787,CDKN2A,cyclin dependent kinase inhibitor 2A,P42771
MONDO:0005618,anxiety disorder,anxiety disorder,8187_2050_5618_5451_5371_100081_5383_1942_1098_3265_11924_12384,anxiety disorder,MONDO_grouped,1029,CDKN2A,NCBI,HGNC:1787,CDKN2A,cyclin dependent kinase inhibitor 2A,Q8N726
MONDO:0005618,anxiety disorder,anxiety disorder,8187_2050_5618_5451_5371_100081_5383_1942_1098_3265_11924_12384,anxiety disorder,MONDO_grouped,1103,CHAT,NCBI,HGNC:1912,CHAT,choline O-acetyltransferase,P28329
MONDO:0005618,anxiety disorder,anxiety disorder,8187_2050_5618_5451_5371_100081_5383_1942_1098_3265_11924_12384,anxiety disorder,MONDO_grouped,1129,CHRM2,NCBI,HGNC:1951,CHRM2,cholinergic receptor muscarinic 2,P08172
MONDO:0005618,anxiety disorder,anxiety disorder,8187_2050_5618_5451_5371_100081_5383_1942_1098_3265_11924_12384,anxiety disorder,MONDO_grouped,1135,CHRNA2,NCBI,HGNC:1956,CHRNA2,cholinergic receptor nicotinic alpha 2 subunit,Q15822
MONDO:0005618,anxiety disorder,anxiety disorder,8187_2050_5618_5451_5371_100081_5383_1942_1098_3265_11924_12384,anxiety disorder,MONDO_grouped,1137,CHRNA4,NCBI,HGNC:1958,CHRNA4,cholinergic receptor nicotinic alpha 4 subunit,P43681
MONDO:0005618,anxiety disorder,anxiety disorder,8187_2050_5618_5451_5371_100081_5383_1942_1098_3265_11924_12384,anxiety disorder,MONDO_grouped,1138,CHRNA5,NCBI,HGNC:1959,CHRNA5,cholinergic receptor nicotinic alpha 5 subunit,P30532
MONDO:0005618,anxiety disorder,anxiety disorder,8187_2050_5618_5451_5371_100081_5383_1942_1098_3265_11924_12384,anxiety disorder,MONDO_grouped,8973,CHRNA6,NCBI,HGNC:15963,CHRNA6,cholinergic receptor nicotinic alpha 6 subunit,Q15825
MONDO:0005618,anxiety disorder,anxiety disorder,8187_2050_5618_5451_5371_100081_5383_1942_1098_3265_11924_12384,anxiety disorder,MONDO_grouped,1141,CHRNB2,NCBI,HGNC:1962,CHRNB2,cholinergic receptor nicotinic beta 2 subunit,P17787
MONDO:0005618,anxiety disorder,anxiety disorder,8187_2050_5618_5451_5371_100081_5383_1942_1098_3265_11924_12384,anxiety disorder,MONDO_grouped,1142,CHRNB3,NCBI,HGNC:1963,CHRNB3,cholinergic receptor nicotinic beta 3 subunit,Q05901
MONDO:0005618,anxiety disorder,anxiety disorder,8187_2050_5618_5451_5371_100081_5383_1942_1098_3265_11924_12384,anxiety disorder,MONDO_grouped,9575,CLOCK,NCBI,HGNC:2082,CLOCK,clock circadian regulator,O15516
MONDO:0005618,anxiety disorder,anxiety disorder,8187_2050_5618_5451_5371_100081_5383_1942_1098_3265_11924_12384,anxiety disorder,MONDO_grouped,1240,CMKLR1,NCBI,HGNC:2121,CMKLR1,chemerin chemokine-like receptor 1,Q99788
MONDO:0005618,anxiety disorder,anxiety disorder,8187_2050_5618_5451_5371_100081_5383_1942_1098_3265_11924_12384,anxiety disorder,MONDO_grouped,202333,CMYA5,NCBI,HGNC:14305,CMYA5,cardiomyopathy associated 5,Q8N3K9
MONDO:0005618,anxiety disorder,anxiety disorder,8187_2050_5618_5451_5371_100081_5383_1942_1098_3265_11924_12384,anxiety disorder,MONDO_grouped,1267,CNP,NCBI,HGNC:2158,CNP,"2',3'-cyclic nucleotide 3' phosphodiesterase",P09543
MONDO:0005618,anxiety disorder,anxiety disorder,8187_2050_5618_5451_5371_100081_5383_1942_1098_3265_11924_12384,anxiety disorder,MONDO_grouped,1268,CNR1,NCBI,HGNC:2159,CNR1,cannabinoid receptor 1,P21554
MONDO:0005618,anxiety disorder,anxiety disorder,8187_2050_5618_5451_5371_100081_5383_1942_1098_3265_11924_12384,anxiety disorder,MONDO_grouped,1269,CNR2,NCBI,HGNC:2160,CNR2,cannabinoid receptor 2,P34972
MONDO:0005618,anxiety disorder,anxiety disorder,8187_2050_5618_5451_5371_100081_5383_1942_1098_3265_11924_12384,anxiety disorder,MONDO_grouped,1270,CNTF,NCBI,HGNC:2169,CNTF,ciliary neurotrophic factor,P26441
MONDO:0005618,anxiety disorder,anxiety disorder,8187_2050_5618_5451_5371_100081_5383_1942_1098_3265_11924_12384,anxiety disorder,MONDO_grouped,26047,CNTNAP2,NCBI,HGNC:13830,CNTNAP2,contactin associated protein 2,Q9UHC6
MONDO:0005618,anxiety disorder,anxiety disorder,8187_2050_5618_5451_5371_100081_5383_1942_1098_3265_11924_12384,anxiety disorder,MONDO_grouped,1312,COMT,NCBI,HGNC:2228,COMT,catechol-O-methyltransferase,P21964
MONDO:0005618,anxiety disorder,anxiety disorder,8187_2050_5618_5451_5371_100081_5383_1942_1098_3265_11924_12384,anxiety disorder,MONDO_grouped,4513,COX2,NCBI,HGNC:7421,MT-CO2,mitochondrially encoded cytochrome c oxidase II,P00403
MONDO:0005618,anxiety disorder,anxiety disorder,8187_2050_5618_5451_5371_100081_5383_1942_1098_3265_11924_12384,anxiety disorder,MONDO_grouped,10815,CPLX1,NCBI,HGNC:2309,CPLX1,complexin 1,O14810
MONDO:0005618,anxiety disorder,anxiety disorder,8187_2050_5618_5451_5371_100081_5383_1942_1098_3265_11924_12384,anxiety disorder,MONDO_grouped,10814,CPLX2,NCBI,HGNC:2310,CPLX2,complexin 2,Q6PUV4
MONDO:0005618,anxiety disorder,anxiety disorder,8187_2050_5618_5451_5371_100081_5383_1942_1098_3265_11924_12384,anxiety disorder,MONDO_grouped,1385,CREB1,NCBI,HGNC:2345,CREB1,cAMP responsive element binding protein 1,P16220
MONDO:0005618,anxiety disorder,anxiety disorder,8187_2050_5618_5451_5371_100081_5383_1942_1098_3265_11924_12384,anxiety disorder,MONDO_grouped,1387,CREBBP,NCBI,HGNC:2348,CREBBP,CREB binding lysine acetyltransferase ,Q92793
MONDO:0005618,anxiety disorder,anxiety disorder,8187_2050_5618_5451_5371_100081_5383_1942_1098_3265_11924_12384,anxiety disorder,MONDO_grouped,1392,CRH,NCBI,HGNC:2355,CRH,corticotropin releasing hormone,P06850
MONDO:0005618,anxiety disorder,anxiety disorder,8187_2050_5618_5451_5371_100081_5383_1942_1098_3265_11924_12384,anxiety disorder,MONDO_grouped,1393,CRHBP,NCBI,HGNC:2356,CRHBP,corticotropin releasing hormone binding protein,P24387
MONDO:0005618,anxiety disorder,anxiety disorder,8187_2050_5618_5451_5371_100081_5383_1942_1098_3265_11924_12384,anxiety disorder,MONDO_grouped,1394,CRHR1,NCBI,HGNC:2357,CRHR1,corticotropin releasing hormone receptor 1,P34998
MONDO:0005618,anxiety disorder,anxiety disorder,8187_2050_5618_5451_5371_100081_5383_1942_1098_3265_11924_12384,anxiety disorder,MONDO_grouped,1395,CRHR2,NCBI,HGNC:2358,CRHR2,corticotropin releasing hormone receptor 2,Q13324
MONDO:0005618,anxiety disorder,anxiety disorder,8187_2050_5618_5451_5371_100081_5383_1942_1098_3265_11924_12384,anxiety disorder,MONDO_grouped,1401,CRP,NCBI,HGNC:2367,CRP,C-reactive protein,P02741
MONDO:0005618,anxiety disorder,anxiety disorder,8187_2050_5618_5451_5371_100081_5383_1942_1098_3265_11924_12384,anxiety disorder,MONDO_grouped,1407,CRY1,NCBI,HGNC:2384,CRY1,cryptochrome circadian regulator 1,Q16526
MONDO:0005618,anxiety disorder,anxiety disorder,8187_2050_5618_5451_5371_100081_5383_1942_1098_3265_11924_12384,anxiety disorder,MONDO_grouped,1408,CRY2,NCBI,HGNC:2385,CRY2,cryptochrome circadian regulator 2,Q49AN0
MONDO:0005618,anxiety disorder,anxiety disorder,8187_2050_5618_5451_5371_100081_5383_1942_1098_3265_11924_12384,anxiety disorder,MONDO_grouped,1439,CSF2RB,NCBI,HGNC:2436,CSF2RB,colony stimulating factor 2 receptor subunit beta,P32927
MONDO:0005618,anxiety disorder,anxiety disorder,8187_2050_5618_5451_5371_100081_5383_1942_1098_3265_11924_12384,anxiety disorder,MONDO_grouped,1440,CSF3,NCBI,HGNC:2438,CSF3,colony stimulating factor 3,P09919
MONDO:0005618,anxiety disorder,anxiety disorder,8187_2050_5618_5451_5371_100081_5383_1942_1098_3265_11924_12384,anxiety disorder,MONDO_grouped,114784,CSMD2,NCBI,HGNC:19290,CSMD2,CUB and Sushi multiple domains 2,Q7Z408
MONDO:0005618,anxiety disorder,anxiety disorder,8187_2050_5618_5451_5371_100081_5383_1942_1098_3265_11924_12384,anxiety disorder,MONDO_grouped,1493,CTLA4,NCBI,HGNC:2505,CTLA4,cytotoxic T-lymphocyte associated protein 4,P16410
MONDO:0005618,anxiety disorder,anxiety disorder,8187_2050_5618_5451_5371_100081_5383_1942_1098_3265_11924_12384,anxiety disorder,MONDO_grouped,1501,CTNND2,NCBI,HGNC:2516,CTNND2,catenin delta 2,Q9UQB3
MONDO:0005618,anxiety disorder,anxiety disorder,8187_2050_5618_5451_5371_100081_5383_1942_1098_3265_11924_12384,anxiety disorder,MONDO_grouped,1523,CUX1,NCBI,HGNC:2557,CUX1,cut like homeobox 1,P39880
MONDO:0005618,anxiety disorder,anxiety disorder,8187_2050_5618_5451_5371_100081_5383_1942_1098_3265_11924_12384,anxiety disorder,MONDO_grouped,1523,CUX1,NCBI,HGNC:2557,CUX1,cut like homeobox 1,Q13948
MONDO:0005618,anxiety disorder,anxiety disorder,8187_2050_5618_5451_5371_100081_5383_1942_1098_3265_11924_12384,anxiety disorder,MONDO_grouped,3627,CXCL10,NCBI,HGNC:10637,CXCL10,C-X-C motif chemokine ligand 10,P02778
MONDO:0005618,anxiety disorder,anxiety disorder,8187_2050_5618_5451_5371_100081_5383_1942_1098_3265_11924_12384,anxiety disorder,MONDO_grouped,3576,CXCL8,NCBI,HGNC:6025,CXCL8,C-X-C motif chemokine ligand 8,P10145
MONDO:0005618,anxiety disorder,anxiety disorder,8187_2050_5618_5451_5371_100081_5383_1942_1098_3265_11924_12384,anxiety disorder,MONDO_grouped,1557,CYP2C19,NCBI,HGNC:2621,CYP2C19,cytochrome P450 family 2 subfamily C member 19,P33261
MONDO:0005618,anxiety disorder,anxiety disorder,8187_2050_5618_5451_5371_100081_5383_1942_1098_3265_11924_12384,anxiety disorder,MONDO_grouped,1559,CYP2C9,NCBI,HGNC:2623,CYP2C9,cytochrome P450 family 2 subfamily C member 9,P11712
MONDO:0005618,anxiety disorder,anxiety disorder,8187_2050_5618_5451_5371_100081_5383_1942_1098_3265_11924_12384,anxiety disorder,MONDO_grouped,1565,CYP2D6,NCBI,HGNC:2625,CYP2D6,cytochrome P450 family 2 subfamily D member 6 (gene/pseudogene),P10635
MONDO:0005618,anxiety disorder,anxiety disorder,8187_2050_5618_5451_5371_100081_5383_1942_1098_3265_11924_12384,anxiety disorder,MONDO_grouped,267012,DAOA,NCBI,HGNC:21191,DAOA,D-amino acid oxidase activator,P59103
MONDO:0005618,anxiety disorder,anxiety disorder,8187_2050_5618_5451_5371_100081_5383_1942_1098_3265_11924_12384,anxiety disorder,MONDO_grouped,1621,DBH,NCBI,HGNC:2689,DBH,dopamine beta-hydroxylase,P09172
MONDO:0005618,anxiety disorder,anxiety disorder,8187_2050_5618_5451_5371_100081_5383_1942_1098_3265_11924_12384,anxiety disorder,MONDO_grouped,140947,DCANP1,NCBI,HGNC:24459,DCANP1,dendritic cell associated nuclear protein 1,Q8TF63
MONDO:0005618,anxiety disorder,anxiety disorder,8187_2050_5618_5451_5371_100081_5383_1942_1098_3265_11924_12384,anxiety disorder,MONDO_grouped,1644,DDC,NCBI,HGNC:2719,DDC,dopa decarboxylase,P20711
MONDO:0005618,anxiety disorder,anxiety disorder,8187_2050_5618_5451_5371_100081_5383_1942_1098_3265_11924_12384,anxiety disorder,MONDO_grouped,54541,DDIT4,NCBI,HGNC:24944,DDIT4,DNA damage inducible transcript 4,Q9NX09
MONDO:0005618,anxiety disorder,anxiety disorder,8187_2050_5618_5451_5371_100081_5383_1942_1098_3265_11924_12384,anxiety disorder,MONDO_grouped,10522,DEAF1,NCBI,HGNC:14677,DEAF1,DEAF1 transcription factor,O75398
MONDO:0005618,anxiety disorder,anxiety disorder,8187_2050_5618_5451_5371_100081_5383_1942_1098_3265_11924_12384,anxiety disorder,MONDO_grouped,1607,DGKB,NCBI,HGNC:2850,DGKB,diacylglycerol kinase beta,Q9Y6T7
MONDO:0005618,anxiety disorder,anxiety disorder,8187_2050_5618_5451_5371_100081_5383_1942_1098_3265_11924_12384,anxiety disorder,MONDO_grouped,160851,DGKH,NCBI,HGNC:2854,DGKH,diacylglycerol kinase eta,Q86XP1
MONDO:0005618,anxiety disorder,anxiety disorder,8187_2050_5618_5451_5371_100081_5383_1942_1098_3265_11924_12384,anxiety disorder,MONDO_grouped,27185,DISC1,NCBI,HGNC:2888,DISC1,DISC1 scaffold protein,Q9NRI5
MONDO:0005618,anxiety disorder,anxiety disorder,8187_2050_5618_5451_5371_100081_5383_1942_1098_3265_11924_12384,anxiety disorder,MONDO_grouped,85458,DIXDC1,NCBI,HGNC:23695,DIXDC1,DIX domain containing 1,Q155Q3
MONDO:0005618,anxiety disorder,anxiety disorder,8187_2050_5618_5451_5371_100081_5383_1942_1098_3265_11924_12384,anxiety disorder,MONDO_grouped,27121,DKK4,NCBI,HGNC:2894,DKK4,dickkopf Wnt signaling pathway inhibitor 4,Q9UBT3
MONDO:0005618,anxiety disorder,anxiety disorder,8187_2050_5618_5451_5371_100081_5383_1942_1098_3265_11924_12384,anxiety disorder,MONDO_grouped,1740,DLG2,NCBI,HGNC:2901,DLG2,discs large MAGUK scaffold protein 2,Q15700
MONDO:0005618,anxiety disorder,anxiety disorder,8187_2050_5618_5451_5371_100081_5383_1942_1098_3265_11924_12384,anxiety disorder,MONDO_grouped,1741,DLG3,NCBI,HGNC:2902,DLG3,discs large MAGUK scaffold protein 3,Q92796
MONDO:0005618,anxiety disorder,anxiety disorder,8187_2050_5618_5451_5371_100081_5383_1942_1098_3265_11924_12384,anxiety disorder,MONDO_grouped,1742,DLG4,NCBI,HGNC:2903,DLG4,discs large MAGUK scaffold protein 4,P78352
MONDO:0005618,anxiety disorder,anxiety disorder,8187_2050_5618_5451_5371_100081_5383_1942_1098_3265_11924_12384,anxiety disorder,MONDO_grouped,1786,DNMT1,NCBI,HGNC:2976,DNMT1,DNA methyltransferase 1,P26358
MONDO:0005618,anxiety disorder,anxiety disorder,8187_2050_5618_5451_5371_100081_5383_1942_1098_3265_11924_12384,anxiety disorder,MONDO_grouped,1803,DPP4,NCBI,HGNC:3009,DPP4,dipeptidyl peptidase 4,P27487
MONDO:0005618,anxiety disorder,anxiety disorder,8187_2050_5618_5451_5371_100081_5383_1942_1098_3265_11924_12384,anxiety disorder,MONDO_grouped,1808,DPYSL2,NCBI,HGNC:3014,DPYSL2,dihydropyrimidinase like 2,Q16555
MONDO:0005618,anxiety disorder,anxiety disorder,8187_2050_5618_5451_5371_100081_5383_1942_1098_3265_11924_12384,anxiety disorder,MONDO_grouped,1812,DRD1,NCBI,HGNC:3020,DRD1,dopamine receptor D1,P21728
MONDO:0005618,anxiety disorder,anxiety disorder,8187_2050_5618_5451_5371_100081_5383_1942_1098_3265_11924_12384,anxiety disorder,MONDO_grouped,1813,DRD2,NCBI,HGNC:3023,DRD2,dopamine receptor D2,P14416
MONDO:0005618,anxiety disorder,anxiety disorder,8187_2050_5618_5451_5371_100081_5383_1942_1098_3265_11924_12384,anxiety disorder,MONDO_grouped,1814,DRD3,NCBI,HGNC:3024,DRD3,dopamine receptor D3,P35462
MONDO:0005618,anxiety disorder,anxiety disorder,8187_2050_5618_5451_5371_100081_5383_1942_1098_3265_11924_12384,anxiety disorder,MONDO_grouped,1815,DRD4,NCBI,HGNC:3025,DRD4,dopamine receptor D4,P21917
MONDO:0005618,anxiety disorder,anxiety disorder,8187_2050_5618_5451_5371_100081_5383_1942_1098_3265_11924_12384,anxiety disorder,MONDO_grouped,1816,DRD5,NCBI,HGNC:3026,DRD5,dopamine receptor D5,P21918
MONDO:0005618,anxiety disorder,anxiety disorder,8187_2050_5618_5451_5371_100081_5383_1942_1098_3265_11924_12384,anxiety disorder,MONDO_grouped,84062,DTNBP1,NCBI,HGNC:17328,DTNBP1,dystrobrevin binding protein 1,Q96EV8
MONDO:0005618,anxiety disorder,anxiety disorder,8187_2050_5618_5451_5371_100081_5383_1942_1098_3265_11924_12384,anxiety disorder,MONDO_grouped,1843,DUSP1,NCBI,HGNC:3064,DUSP1,dual specificity phosphatase 1,P28562
MONDO:0005618,anxiety disorder,anxiety disorder,8187_2050_5618_5451_5371_100081_5383_1942_1098_3265_11924_12384,anxiety disorder,MONDO_grouped,1846,DUSP4,NCBI,HGNC:3070,DUSP4,dual specificity phosphatase 4,Q13115
MONDO:0005618,anxiety disorder,anxiety disorder,8187_2050_5618_5451_5371_100081_5383_1942_1098_3265_11924_12384,anxiety disorder,MONDO_grouped,1848,DUSP6,NCBI,HGNC:3072,DUSP6,dual specificity phosphatase 6,Q16828
MONDO:0005618,anxiety disorder,anxiety disorder,8187_2050_5618_5451_5371_100081_5383_1942_1098_3265_11924_12384,anxiety disorder,MONDO_grouped,9695,EDEM1,NCBI,HGNC:18967,EDEM1,ER degradation enhancing alpha-mannosidase like protein 1,Q92611
MONDO:0005618,anxiety disorder,anxiety disorder,8187_2050_5618_5451_5371_100081_5383_1942_1098_3265_11924_12384,anxiety disorder,MONDO_grouped,1906,EDN1,NCBI,HGNC:3176,EDN1,endothelin 1,P05305
MONDO:0005618,anxiety disorder,anxiety disorder,8187_2050_5618_5451_5371_100081_5383_1942_1098_3265_11924_12384,anxiety disorder,MONDO_grouped,1950,EGF,NCBI,HGNC:3229,EGF,epidermal growth factor,P01133
MONDO:0005618,anxiety disorder,anxiety disorder,8187_2050_5618_5451_5371_100081_5383_1942_1098_3265_11924_12384,anxiety disorder,MONDO_grouped,1956,EGFR,NCBI,HGNC:3236,EGFR,epidermal growth factor receptor,P00533
MONDO:0005618,anxiety disorder,anxiety disorder,8187_2050_5618_5451_5371_100081_5383_1942_1098_3265_11924_12384,anxiety disorder,MONDO_grouped,1960,EGR3,NCBI,HGNC:3240,EGR3,early growth response 3,Q06889
MONDO:0005618,anxiety disorder,anxiety disorder,8187_2050_5618_5451_5371_100081_5383_1942_1098_3265_11924_12384,anxiety disorder,MONDO_grouped,30845,EHD3,NCBI,HGNC:3244,EHD3,EH domain containing 3,Q9NZN3
MONDO:0005618,anxiety disorder,anxiety disorder,8187_2050_5618_5451_5371_100081_5383_1942_1098_3265_11924_12384,anxiety disorder,MONDO_grouped,1975,EIF4B,NCBI,HGNC:3285,EIF4B,eukaryotic translation initiation factor 4B,P23588
MONDO:0005618,anxiety disorder,anxiety disorder,8187_2050_5618_5451_5371_100081_5383_1942_1098_3265_11924_12384,anxiety disorder,MONDO_grouped,2012,EMP1,NCBI,HGNC:3333,EMP1,epithelial membrane protein 1,P54849
MONDO:0005618,anxiety disorder,anxiety disorder,8187_2050_5618_5451_5371_100081_5383_1942_1098_3265_11924_12384,anxiety disorder,MONDO_grouped,2028,ENPEP,NCBI,HGNC:3355,ENPEP,glutamyl aminopeptidase,Q07075
MONDO:0005618,anxiety disorder,anxiety disorder,8187_2050_5618_5451_5371_100081_5383_1942_1098_3265_11924_12384,anxiety disorder,MONDO_grouped,8320,EOMES,NCBI,HGNC:3372,EOMES,eomesodermin,O95936
MONDO:0005618,anxiety disorder,anxiety disorder,8187_2050_5618_5451_5371_100081_5383_1942_1098_3265_11924_12384,anxiety disorder,MONDO_grouped,2065,ERBB3,NCBI,HGNC:3431,ERBB3,erb-b2 receptor tyrosine kinase 3,P21860
MONDO:0005618,anxiety disorder,anxiety disorder,8187_2050_5618_5451_5371_100081_5383_1942_1098_3265_11924_12384,anxiety disorder,MONDO_grouped,2099,ESR1,NCBI,HGNC:3467,ESR1,estrogen receptor 1,P03372
MONDO:0005618,anxiety disorder,anxiety disorder,8187_2050_5618_5451_5371_100081_5383_1942_1098_3265_11924_12384,anxiety disorder,MONDO_grouped,2100,ESR2,NCBI,HGNC:3468,ESR2,estrogen receptor 2,Q92731
MONDO:0005618,anxiety disorder,anxiety disorder,8187_2050_5618_5451_5371_100081_5383_1942_1098_3265_11924_12384,anxiety disorder,MONDO_grouped,54738,FEV,NCBI,HGNC:18562,FEV,"FEV transcription factor, ETS family member",Q99581
MONDO:0005618,anxiety disorder,anxiety disorder,8187_2050_5618_5451_5371_100081_5383_1942_1098_3265_11924_12384,anxiety disorder,MONDO_grouped,8822,FGF17,NCBI,HGNC:3673,FGF17,fibroblast growth factor 17,O60258
MONDO:0005618,anxiety disorder,anxiety disorder,8187_2050_5618_5451_5371_100081_5383_1942_1098_3265_11924_12384,anxiety disorder,MONDO_grouped,2247,FGF2,NCBI,HGNC:3676,FGF2,fibroblast growth factor 2,P09038
MONDO:0005618,anxiety disorder,anxiety disorder,8187_2050_5618_5451_5371_100081_5383_1942_1098_3265_11924_12384,anxiety disorder,MONDO_grouped,26281,FGF20,NCBI,HGNC:3677,FGF20,fibroblast growth factor 20,Q9NP95
MONDO:0005618,anxiety disorder,anxiety disorder,8187_2050_5618_5451_5371_100081_5383_1942_1098_3265_11924_12384,anxiety disorder,MONDO_grouped,2260,FGFR1,NCBI,HGNC:3688,FGFR1,fibroblast growth factor receptor 1,P11362
MONDO:0005618,anxiety disorder,anxiety disorder,8187_2050_5618_5451_5371_100081_5383_1942_1098_3265_11924_12384,anxiety disorder,MONDO_grouped,2263,FGFR2,NCBI,HGNC:3689,FGFR2,fibroblast growth factor receptor 2,P21802
MONDO:0005618,anxiety disorder,anxiety disorder,8187_2050_5618_5451_5371_100081_5383_1942_1098_3265_11924_12384,anxiety disorder,MONDO_grouped,2288,FKBP4,NCBI,HGNC:3720,FKBP4,FKBP prolyl isomerase 4,Q02790
MONDO:0005618,anxiety disorder,anxiety disorder,8187_2050_5618_5451_5371_100081_5383_1942_1098_3265_11924_12384,anxiety disorder,MONDO_grouped,2289,FKBP5,NCBI,HGNC:3721,FKBP5,FKBP prolyl isomerase 5,Q13451
MONDO:0005618,anxiety disorder,anxiety disorder,8187_2050_5618_5451_5371_100081_5383_1942_1098_3265_11924_12384,anxiety disorder,MONDO_grouped,2332,FMR1,NCBI,HGNC:3775,FMR1,fragile X messenger ribonucleoprotein 1,Q06787
MONDO:0005618,anxiety disorder,anxiety disorder,8187_2050_5618_5451_5371_100081_5383_1942_1098_3265_11924_12384,anxiety disorder,MONDO_grouped,2346,FOLH1,NCBI,HGNC:3788,FOLH1,folate hydrolase 1,Q04609
MONDO:0005618,anxiety disorder,anxiety disorder,8187_2050_5618_5451_5371_100081_5383_1942_1098_3265_11924_12384,anxiety disorder,MONDO_grouped,2353,FOS,NCBI,HGNC:3796,FOS,"Fos proto-oncogene, AP-1 transcription factor subunit",P01100
MONDO:0005618,anxiety disorder,anxiety disorder,8187_2050_5618_5451_5371_100081_5383_1942_1098_3265_11924_12384,anxiety disorder,MONDO_grouped,27022,FOXD3,NCBI,HGNC:3804,FOXD3,forkhead box D3,Q9UJU5
MONDO:0005618,anxiety disorder,anxiety disorder,8187_2050_5618_5451_5371_100081_5383_1942_1098_3265_11924_12384,anxiety disorder,MONDO_grouped,93986,FOXP2,NCBI,HGNC:13875,FOXP2,forkhead box P2,O15409
MONDO:0005618,anxiety disorder,anxiety disorder,8187_2050_5618_5451_5371_100081_5383_1942_1098_3265_11924_12384,anxiety disorder,MONDO_grouped,166752,FREM3,NCBI,HGNC:25172,FREM3,FRAS1 related extracellular matrix 3,P0C091
MONDO:0005618,anxiety disorder,anxiety disorder,8187_2050_5618_5451_5371_100081_5383_1942_1098_3265_11924_12384,anxiety disorder,MONDO_grouped,2495,FTH1,NCBI,HGNC:3976,FTH1,ferritin heavy chain 1,P02794
MONDO:0005618,anxiety disorder,anxiety disorder,8187_2050_5618_5451_5371_100081_5383_1942_1098_3265_11924_12384,anxiety disorder,MONDO_grouped,2512,FTL,NCBI,HGNC:3999,FTL,ferritin light chain,P02792
MONDO:0005618,anxiety disorder,anxiety disorder,8187_2050_5618_5451_5371_100081_5383_1942_1098_3265_11924_12384,anxiety disorder,MONDO_grouped,79068,FTO,NCBI,HGNC:24678,FTO,FTO alpha-ketoglutarate dependent dioxygenase,Q9C0B1
MONDO:0005618,anxiety disorder,anxiety disorder,8187_2050_5618_5451_5371_100081_5383_1942_1098_3265_11924_12384,anxiety disorder,MONDO_grouped,9568,GABBR2,NCBI,HGNC:4507,GABBR2,gamma-aminobutyric acid type B receptor subunit 2,O75899
MONDO:0005618,anxiety disorder,anxiety disorder,8187_2050_5618_5451_5371_100081_5383_1942_1098_3265_11924_12384,anxiety disorder,MONDO_grouped,2551,GABPA,NCBI,HGNC:4071,GABPA,GA binding protein transcription factor subunit alpha,Q06546
MONDO:0005618,anxiety disorder,anxiety disorder,8187_2050_5618_5451_5371_100081_5383_1942_1098_3265_11924_12384,anxiety disorder,MONDO_grouped,2555,GABRA2,NCBI,HGNC:4076,GABRA2,gamma-aminobutyric acid type A receptor subunit alpha2,P47869
MONDO:0005618,anxiety disorder,anxiety disorder,8187_2050_5618_5451_5371_100081_5383_1942_1098_3265_11924_12384,anxiety disorder,MONDO_grouped,2556,GABRA3,NCBI,HGNC:4077,GABRA3,gamma-aminobutyric acid type A receptor subunit alpha3,P34903
MONDO:0005618,anxiety disorder,anxiety disorder,8187_2050_5618_5451_5371_100081_5383_1942_1098_3265_11924_12384,anxiety disorder,MONDO_grouped,2559,GABRA6,NCBI,HGNC:4080,GABRA6,gamma-aminobutyric acid type A receptor subunit alpha6,Q16445
MONDO:0005618,anxiety disorder,anxiety disorder,8187_2050_5618_5451_5371_100081_5383_1942_1098_3265_11924_12384,anxiety disorder,MONDO_grouped,2562,GABRB3,NCBI,HGNC:4083,GABRB3,gamma-aminobutyric acid type A receptor subunit beta3,P28472
MONDO:0005618,anxiety disorder,anxiety disorder,8187_2050_5618_5451_5371_100081_5383_1942_1098_3265_11924_12384,anxiety disorder,MONDO_grouped,2571,GAD1,NCBI,HGNC:4092,GAD1,glutamate decarboxylase 1,Q99259
MONDO:0005618,anxiety disorder,anxiety disorder,8187_2050_5618_5451_5371_100081_5383_1942_1098_3265_11924_12384,anxiety disorder,MONDO_grouped,2572,GAD2,NCBI,HGNC:4093,GAD2,glutamate decarboxylase 2,Q05329
MONDO:0005618,anxiety disorder,anxiety disorder,8187_2050_5618_5451_5371_100081_5383_1942_1098_3265_11924_12384,anxiety disorder,MONDO_grouped,51083,GAL,NCBI,HGNC:4114,GAL,galanin and GMAP prepropeptide,P22466
MONDO:0005618,anxiety disorder,anxiety disorder,8187_2050_5618_5451_5371_100081_5383_1942_1098_3265_11924_12384,anxiety disorder,MONDO_grouped,2587,GALR1,NCBI,HGNC:4132,GALR1,galanin receptor 1,P47211
MONDO:0005618,anxiety disorder,anxiety disorder,8187_2050_5618_5451_5371_100081_5383_1942_1098_3265_11924_12384,anxiety disorder,MONDO_grouped,8811,GALR2,NCBI,HGNC:4133,GALR2,galanin receptor 2,O43603
MONDO:0005618,anxiety disorder,anxiety disorder,8187_2050_5618_5451_5371_100081_5383_1942_1098_3265_11924_12384,anxiety disorder,MONDO_grouped,8484,GALR3,NCBI,HGNC:4134,GALR3,galanin receptor 3,O60755
MONDO:0005618,anxiety disorder,anxiety disorder,8187_2050_5618_5451_5371_100081_5383_1942_1098_3265_11924_12384,anxiety disorder,MONDO_grouped,2596,GAP43,NCBI,HGNC:4140,GAP43,growth associated protein 43,P17677
MONDO:0005618,anxiety disorder,anxiety disorder,8187_2050_5618_5451_5371_100081_5383_1942_1098_3265_11924_12384,anxiety disorder,MONDO_grouped,51573,GDE1,NCBI,HGNC:29644,GDE1,glycerophosphodiester phosphodiesterase 1,Q9NZC3
MONDO:0005618,anxiety disorder,anxiety disorder,8187_2050_5618_5451_5371_100081_5383_1942_1098_3265_11924_12384,anxiety disorder,MONDO_grouped,2668,GDNF,NCBI,HGNC:4232,GDNF,glial cell derived neurotrophic factor,P39905
MONDO:0005618,anxiety disorder,anxiety disorder,8187_2050_5618_5451_5371_100081_5383_1942_1098_3265_11924_12384,anxiety disorder,MONDO_grouped,2670,GFAP,NCBI,HGNC:4235,GFAP,glial fibrillary acidic protein,P14136
MONDO:0005618,anxiety disorder,anxiety disorder,8187_2050_5618_5451_5371_100081_5383_1942_1098_3265_11924_12384,anxiety disorder,MONDO_grouped,2688,GH1,NCBI,HGNC:4261,GH1,growth hormone 1,P01241
MONDO:0005618,anxiety disorder,anxiety disorder,8187_2050_5618_5451_5371_100081_5383_1942_1098_3265_11924_12384,anxiety disorder,MONDO_grouped,51738,GHRL,NCBI,HGNC:18129,GHRL,ghrelin and obestatin prepropeptide,Q9UBU3
MONDO:0005618,anxiety disorder,anxiety disorder,8187_2050_5618_5451_5371_100081_5383_1942_1098_3265_11924_12384,anxiety disorder,MONDO_grouped,2697,GJA1,NCBI,HGNC:4274,GJA1,gap junction protein alpha 1,P17302
MONDO:0005618,anxiety disorder,anxiety disorder,8187_2050_5618_5451_5371_100081_5383_1942_1098_3265_11924_12384,anxiety disorder,MONDO_grouped,2739,GLO1,NCBI,HGNC:4323,GLO1,glyoxalase I,Q04760
MONDO:0005618,anxiety disorder,anxiety disorder,8187_2050_5618_5451_5371_100081_5383_1942_1098_3265_11924_12384,anxiety disorder,MONDO_grouped,55830,GLT8D1,NCBI,HGNC:24870,GLT8D1,glycosyltransferase 8 domain containing 1,Q68CQ7
MONDO:0005618,anxiety disorder,anxiety disorder,8187_2050_5618_5451_5371_100081_5383_1942_1098_3265_11924_12384,anxiety disorder,MONDO_grouped,2752,GLUL,NCBI,HGNC:4341,GLUL,glutamate-ammonia ligase,P15104
MONDO:0005618,anxiety disorder,anxiety disorder,8187_2050_5618_5451_5371_100081_5383_1942_1098_3265_11924_12384,anxiety disorder,MONDO_grouped,51291,GMIP,NCBI,HGNC:24852,GMIP,GEM interacting protein,Q9P107
MONDO:0005618,anxiety disorder,anxiety disorder,8187_2050_5618_5451_5371_100081_5383_1942_1098_3265_11924_12384,anxiety disorder,MONDO_grouped,2778,GNAS,NCBI,HGNC:4392,GNAS,GNAS complex locus,O95467
MONDO:0005618,anxiety disorder,anxiety disorder,8187_2050_5618_5451_5371_100081_5383_1942_1098_3265_11924_12384,anxiety disorder,MONDO_grouped,2778,GNAS,NCBI,HGNC:4392,GNAS,GNAS complex locus,P63092
MONDO:0005618,anxiety disorder,anxiety disorder,8187_2050_5618_5451_5371_100081_5383_1942_1098_3265_11924_12384,anxiety disorder,MONDO_grouped,2778,GNAS,NCBI,HGNC:4392,GNAS,GNAS complex locus,P84996
MONDO:0005618,anxiety disorder,anxiety disorder,8187_2050_5618_5451_5371_100081_5383_1942_1098_3265_11924_12384,anxiety disorder,MONDO_grouped,2778,GNAS,NCBI,HGNC:4392,GNAS,GNAS complex locus,Q5JWF2
MONDO:0005618,anxiety disorder,anxiety disorder,8187_2050_5618_5451_5371_100081_5383_1942_1098_3265_11924_12384,anxiety disorder,MONDO_grouped,2782,GNB1,NCBI,HGNC:4396,GNB1,G protein subunit beta 1,P62873
MONDO:0005618,anxiety disorder,anxiety disorder,8187_2050_5618_5451_5371_100081_5383_1942_1098_3265_11924_12384,anxiety disorder,MONDO_grouped,2784,GNB3,NCBI,HGNC:4400,GNB3,G protein subunit beta 3,P16520
MONDO:0005618,anxiety disorder,anxiety disorder,8187_2050_5618_5451_5371_100081_5383_1942_1098_3265_11924_12384,anxiety disorder,MONDO_grouped,2876,GPX1,NCBI,HGNC:4553,GPX1,glutathione peroxidase 1,P07203
MONDO:0005618,anxiety disorder,anxiety disorder,8187_2050_5618_5451_5371_100081_5383_1942_1098_3265_11924_12384,anxiety disorder,MONDO_grouped,2890,GRIA1,NCBI,HGNC:4571,GRIA1,glutamate ionotropic receptor AMPA type subunit 1,P42261
MONDO:0005618,anxiety disorder,anxiety disorder,8187_2050_5618_5451_5371_100081_5383_1942_1098_3265_11924_12384,anxiety disorder,MONDO_grouped,2891,GRIA2,NCBI,HGNC:4572,GRIA2,glutamate ionotropic receptor AMPA type subunit 2,P42262
MONDO:0005618,anxiety disorder,anxiety disorder,8187_2050_5618_5451_5371_100081_5383_1942_1098_3265_11924_12384,anxiety disorder,MONDO_grouped,2892,GRIA3,NCBI,HGNC:4573,GRIA3,glutamate ionotropic receptor AMPA type subunit 3,P42263
MONDO:0005618,anxiety disorder,anxiety disorder,8187_2050_5618_5451_5371_100081_5383_1942_1098_3265_11924_12384,anxiety disorder,MONDO_grouped,2894,GRID1,NCBI,HGNC:4575,GRID1,glutamate ionotropic receptor delta type subunit 1,Q9ULK0
MONDO:0005618,anxiety disorder,anxiety disorder,8187_2050_5618_5451_5371_100081_5383_1942_1098_3265_11924_12384,anxiety disorder,MONDO_grouped,2899,GRIK3,NCBI,HGNC:4581,GRIK3,glutamate ionotropic receptor kainate type subunit 3,Q13003
MONDO:0005618,anxiety disorder,anxiety disorder,8187_2050_5618_5451_5371_100081_5383_1942_1098_3265_11924_12384,anxiety disorder,MONDO_grouped,2900,GRIK4,NCBI,HGNC:4582,GRIK4,glutamate ionotropic receptor kainate type subunit 4,Q16099
MONDO:0005618,anxiety disorder,anxiety disorder,8187_2050_5618_5451_5371_100081_5383_1942_1098_3265_11924_12384,anxiety disorder,MONDO_grouped,2903,GRIN2A,NCBI,HGNC:4585,GRIN2A,glutamate ionotropic receptor NMDA type subunit 2A,Q12879
MONDO:0005618,anxiety disorder,anxiety disorder,8187_2050_5618_5451_5371_100081_5383_1942_1098_3265_11924_12384,anxiety disorder,MONDO_grouped,2904,GRIN2B,NCBI,HGNC:4586,GRIN2B,glutamate ionotropic receptor NMDA type subunit 2B,Q13224
MONDO:0005618,anxiety disorder,anxiety disorder,8187_2050_5618_5451_5371_100081_5383_1942_1098_3265_11924_12384,anxiety disorder,MONDO_grouped,2911,GRM1,NCBI,HGNC:4593,GRM1,glutamate metabotropic receptor 1,Q13255
MONDO:0005618,anxiety disorder,anxiety disorder,8187_2050_5618_5451_5371_100081_5383_1942_1098_3265_11924_12384,anxiety disorder,MONDO_grouped,2915,GRM5,NCBI,HGNC:4597,GRM5,glutamate metabotropic receptor 5,P41594
MONDO:0005618,anxiety disorder,anxiety disorder,8187_2050_5618_5451_5371_100081_5383_1942_1098_3265_11924_12384,anxiety disorder,MONDO_grouped,2917,GRM7,NCBI,HGNC:4599,GRM7,glutamate metabotropic receptor 7,Q14831
MONDO:0005618,anxiety disorder,anxiety disorder,8187_2050_5618_5451_5371_100081_5383_1942_1098_3265_11924_12384,anxiety disorder,MONDO_grouped,2918,GRM8,NCBI,HGNC:4600,GRM8,glutamate metabotropic receptor 8,O00222
MONDO:0005618,anxiety disorder,anxiety disorder,8187_2050_5618_5451_5371_100081_5383_1942_1098_3265_11924_12384,anxiety disorder,MONDO_grouped,2896,GRN,NCBI,HGNC:4601,GRN,granulin precursor,P28799
MONDO:0005618,anxiety disorder,anxiety disorder,8187_2050_5618_5451_5371_100081_5383_1942_1098_3265_11924_12384,anxiety disorder,MONDO_grouped,2925,GRPR,NCBI,HGNC:4609,GRPR,gastrin releasing peptide receptor,P30550
MONDO:0005618,anxiety disorder,anxiety disorder,8187_2050_5618_5451_5371_100081_5383_1942_1098_3265_11924_12384,anxiety disorder,MONDO_grouped,2931,GSK3A,NCBI,HGNC:4616,GSK3A,glycogen synthase kinase 3 alpha,P49840
MONDO:0005618,anxiety disorder,anxiety disorder,8187_2050_5618_5451_5371_100081_5383_1942_1098_3265_11924_12384,anxiety disorder,MONDO_grouped,2932,GSK3B,NCBI,HGNC:4617,GSK3B,glycogen synthase kinase 3 beta,P49841
MONDO:0005618,anxiety disorder,anxiety disorder,8187_2050_5618_5451_5371_100081_5383_1942_1098_3265_11924_12384,anxiety disorder,MONDO_grouped,2944,GSTM1,NCBI,HGNC:4632,GSTM1,glutathione S-transferase mu 1,P09488
MONDO:0005618,anxiety disorder,anxiety disorder,8187_2050_5618_5451_5371_100081_5383_1942_1098_3265_11924_12384,anxiety disorder,MONDO_grouped,2952,GSTT1,NCBI,HGNC:4641,GSTT1,glutathione S-transferase theta 1,P30711
MONDO:0005618,anxiety disorder,anxiety disorder,8187_2050_5618_5451_5371_100081_5383_1942_1098_3265_11924_12384,anxiety disorder,MONDO_grouped,2996,GYPE,NCBI,HGNC:4705,GYPE,glycophorin E (MNS blood group),P15421
MONDO:0005618,anxiety disorder,anxiety disorder,8187_2050_5618_5451_5371_100081_5383_1942_1098_3265_11924_12384,anxiety disorder,MONDO_grouped,348980,HCN1,NCBI,HGNC:4845,HCN1,hyperpolarization activated cyclic nucleotide gated potassium channel 1,O60741
MONDO:0005618,anxiety disorder,anxiety disorder,8187_2050_5618_5451_5371_100081_5383_1942_1098_3265_11924_12384,anxiety disorder,MONDO_grouped,3060,HCRT,NCBI,HGNC:4847,HCRT,hypocretin neuropeptide precursor,O43612
MONDO:0005618,anxiety disorder,anxiety disorder,8187_2050_5618_5451_5371_100081_5383_1942_1098_3265_11924_12384,anxiety disorder,MONDO_grouped,3061,HCRTR1,NCBI,HGNC:4848,HCRTR1,hypocretin receptor 1,O43613
MONDO:0005618,anxiety disorder,anxiety disorder,8187_2050_5618_5451_5371_100081_5383_1942_1098_3265_11924_12384,anxiety disorder,MONDO_grouped,3066,HDAC2,NCBI,HGNC:4853,HDAC2,histone deacetylase 2,Q92769
MONDO:0005618,anxiety disorder,anxiety disorder,8187_2050_5618_5451_5371_100081_5383_1942_1098_3265_11924_12384,anxiety disorder,MONDO_grouped,9759,HDAC4,NCBI,HGNC:14063,HDAC4,histone deacetylase 4,P56524
MONDO:0005618,anxiety disorder,anxiety disorder,8187_2050_5618_5451_5371_100081_5383_1942_1098_3265_11924_12384,anxiety disorder,MONDO_grouped,10014,HDAC5,NCBI,HGNC:14068,HDAC5,histone deacetylase 5,Q9UQL6
MONDO:0005618,anxiety disorder,anxiety disorder,8187_2050_5618_5451_5371_100081_5383_1942_1098_3265_11924_12384,anxiety disorder,MONDO_grouped,10013,HDAC6,NCBI,HGNC:14064,HDAC6,histone deacetylase 6,Q9UBN7
MONDO:0005618,anxiety disorder,anxiety disorder,8187_2050_5618_5451_5371_100081_5383_1942_1098_3265_11924_12384,anxiety disorder,MONDO_grouped,9734,HDAC9,NCBI,HGNC:14065,HDAC9,histone deacetylase 9,Q9UKV0
MONDO:0005618,anxiety disorder,anxiety disorder,8187_2050_5618_5451_5371_100081_5383_1942_1098_3265_11924_12384,anxiety disorder,MONDO_grouped,3091,HIF1A,NCBI,HGNC:4910,HIF1A,hypoxia inducible factor 1 subunit alpha,Q16665
MONDO:0005618,anxiety disorder,anxiety disorder,8187_2050_5618_5451_5371_100081_5383_1942_1098_3265_11924_12384,anxiety disorder,MONDO_grouped,3131,HLF,NCBI,HGNC:4977,HLF,"HLF transcription factor, PAR bZIP family member",Q16534
MONDO:0005618,anxiety disorder,anxiety disorder,8187_2050_5618_5451_5371_100081_5383_1942_1098_3265_11924_12384,anxiety disorder,MONDO_grouped,9456,HOMER1,NCBI,HGNC:17512,HOMER1,homer scaffold protein 1,Q86YM7
MONDO:0005618,anxiety disorder,anxiety disorder,8187_2050_5618_5451_5371_100081_5383_1942_1098_3265_11924_12384,anxiety disorder,MONDO_grouped,3240,HP,NCBI,HGNC:5141,HP,haptoglobin,P00738
MONDO:0005618,anxiety disorder,anxiety disorder,8187_2050_5618_5451_5371_100081_5383_1942_1098_3265_11924_12384,anxiety disorder,MONDO_grouped,10855,HPSE,NCBI,HGNC:5164,HPSE,heparanase,Q9Y251
MONDO:0005618,anxiety disorder,anxiety disorder,8187_2050_5618_5451_5371_100081_5383_1942_1098_3265_11924_12384,anxiety disorder,MONDO_grouped,3290,HSD11B1,NCBI,HGNC:5208,HSD11B1,hydroxysteroid 11-beta dehydrogenase 1,P28845
MONDO:0005618,anxiety disorder,anxiety disorder,8187_2050_5618_5451_5371_100081_5383_1942_1098_3265_11924_12384,anxiety disorder,MONDO_grouped,3320,HSP90AA1,NCBI,HGNC:5253,HSP90AA1,heat shock protein 90 alpha family class A member 1,P07900
MONDO:0005618,anxiety disorder,anxiety disorder,8187_2050_5618_5451_5371_100081_5383_1942_1098_3265_11924_12384,anxiety disorder,MONDO_grouped,3303,HSPA1A,NCBI,HGNC:5232,HSPA1A,heat shock protein family A (Hsp70) member 1A,P0DMV8
MONDO:0005618,anxiety disorder,anxiety disorder,8187_2050_5618_5451_5371_100081_5383_1942_1098_3265_11924_12384,anxiety disorder,MONDO_grouped,3304,HSPA1B,NCBI,HGNC:5233,HSPA1B,heat shock protein family A (Hsp70) member 1B,P0DMV9
MONDO:0005618,anxiety disorder,anxiety disorder,8187_2050_5618_5451_5371_100081_5383_1942_1098_3265_11924_12384,anxiety disorder,MONDO_grouped,3305,HSPA1L,NCBI,HGNC:5234,HSPA1L,heat shock protein family A (Hsp70) member 1 like,P34931
MONDO:0005618,anxiety disorder,anxiety disorder,8187_2050_5618_5451_5371_100081_5383_1942_1098_3265_11924_12384,anxiety disorder,MONDO_grouped,8988,HSPB3,NCBI,HGNC:5248,HSPB3,heat shock protein family B (small) member 3,Q12988
MONDO:0005618,anxiety disorder,anxiety disorder,8187_2050_5618_5451_5371_100081_5383_1942_1098_3265_11924_12384,anxiety disorder,MONDO_grouped,3350,HTR1A,NCBI,HGNC:5286,HTR1A,5-hydroxytryptamine receptor 1A,P08908
MONDO:0005618,anxiety disorder,anxiety disorder,8187_2050_5618_5451_5371_100081_5383_1942_1098_3265_11924_12384,anxiety disorder,MONDO_grouped,3351,HTR1B,NCBI,HGNC:5287,HTR1B,5-hydroxytryptamine receptor 1B,P28222
MONDO:0005618,anxiety disorder,anxiety disorder,8187_2050_5618_5451_5371_100081_5383_1942_1098_3265_11924_12384,anxiety disorder,MONDO_grouped,3352,HTR1D,NCBI,HGNC:5289,HTR1D,5-hydroxytryptamine receptor 1D,P28221
MONDO:0005618,anxiety disorder,anxiety disorder,8187_2050_5618_5451_5371_100081_5383_1942_1098_3265_11924_12384,anxiety disorder,MONDO_grouped,3356,HTR2A,NCBI,HGNC:5293,HTR2A,5-hydroxytryptamine receptor 2A,P28223
MONDO:0005618,anxiety disorder,anxiety disorder,8187_2050_5618_5451_5371_100081_5383_1942_1098_3265_11924_12384,anxiety disorder,MONDO_grouped,3358,HTR2C,NCBI,HGNC:5295,HTR2C,5-hydroxytryptamine receptor 2C,P28335
MONDO:0005618,anxiety disorder,anxiety disorder,8187_2050_5618_5451_5371_100081_5383_1942_1098_3265_11924_12384,anxiety disorder,MONDO_grouped,3359,HTR3A,NCBI,HGNC:5297,HTR3A,5-hydroxytryptamine receptor 3A,P46098
MONDO:0005618,anxiety disorder,anxiety disorder,8187_2050_5618_5451_5371_100081_5383_1942_1098_3265_11924_12384,anxiety disorder,MONDO_grouped,9177,HTR3B,NCBI,HGNC:5298,HTR3B,5-hydroxytryptamine receptor 3B,O95264
MONDO:0005618,anxiety disorder,anxiety disorder,8187_2050_5618_5451_5371_100081_5383_1942_1098_3265_11924_12384,anxiety disorder,MONDO_grouped,3360,HTR4,NCBI,HGNC:5299,HTR4,5-hydroxytryptamine receptor 4,Q13639
MONDO:0005618,anxiety disorder,anxiety disorder,8187_2050_5618_5451_5371_100081_5383_1942_1098_3265_11924_12384,anxiety disorder,MONDO_grouped,3363,HTR7,NCBI,HGNC:5302,HTR7,5-hydroxytryptamine receptor 7,P34969
MONDO:0005618,anxiety disorder,anxiety disorder,8187_2050_5618_5451_5371_100081_5383_1942_1098_3265_11924_12384,anxiety disorder,MONDO_grouped,3064,HTT,NCBI,HGNC:4851,HTT,huntingtin,P42858
MONDO:0005618,anxiety disorder,anxiety disorder,8187_2050_5618_5451_5371_100081_5383_1942_1098_3265_11924_12384,anxiety disorder,MONDO_grouped,3620,IDO1,NCBI,HGNC:6059,IDO1,"indoleamine 2,3-dioxygenase 1",P14902
MONDO:0005618,anxiety disorder,anxiety disorder,8187_2050_5618_5451_5371_100081_5383_1942_1098_3265_11924_12384,anxiety disorder,MONDO_grouped,10964,IFI44L,NCBI,HGNC:17817,IFI44L,interferon induced protein 44 like,Q53G44
MONDO:0005618,anxiety disorder,anxiety disorder,8187_2050_5618_5451_5371_100081_5383_1942_1098_3265_11924_12384,anxiety disorder,MONDO_grouped,2537,IFI6,NCBI,HGNC:4054,IFI6,interferon alpha inducible protein 6,P09912
MONDO:0005618,anxiety disorder,anxiety disorder,8187_2050_5618_5451_5371_100081_5383_1942_1098_3265_11924_12384,anxiety disorder,MONDO_grouped,3439,IFNA1,NCBI,HGNC:5417,IFNA1,interferon alpha 1,P0DY56
MONDO:0005618,anxiety disorder,anxiety disorder,8187_2050_5618_5451_5371_100081_5383_1942_1098_3265_11924_12384,anxiety disorder,MONDO_grouped,3440,IFNA2,NCBI,HGNC:5423,IFNA2,interferon alpha 2,P01563
MONDO:0005618,anxiety disorder,anxiety disorder,8187_2050_5618_5451_5371_100081_5383_1942_1098_3265_11924_12384,anxiety disorder,MONDO_grouped,3458,IFNG,NCBI,HGNC:5438,IFNG,interferon gamma,P01579
MONDO:0005618,anxiety disorder,anxiety disorder,8187_2050_5618_5451_5371_100081_5383_1942_1098_3265_11924_12384,anxiety disorder,MONDO_grouped,3479,IGF1,NCBI,HGNC:5464,IGF1,insulin like growth factor 1,P05019
MONDO:0005618,anxiety disorder,anxiety disorder,8187_2050_5618_5451_5371_100081_5383_1942_1098_3265_11924_12384,anxiety disorder,MONDO_grouped,9641,IKBKE,NCBI,HGNC:14552,IKBKE,inhibitor of nuclear factor kappa B kinase subunit epsilon,Q14164
MONDO:0005618,anxiety disorder,anxiety disorder,8187_2050_5618_5451_5371_100081_5383_1942_1098_3265_11924_12384,anxiety disorder,MONDO_grouped,3589,IL11,NCBI,HGNC:5966,IL11,interleukin 11,P20809
MONDO:0005618,anxiety disorder,anxiety disorder,8187_2050_5618_5451_5371_100081_5383_1942_1098_3265_11924_12384,anxiety disorder,MONDO_grouped,3606,IL18,NCBI,HGNC:5986,IL18,interleukin 18,Q14116
MONDO:0005618,anxiety disorder,anxiety disorder,8187_2050_5618_5451_5371_100081_5383_1942_1098_3265_11924_12384,anxiety disorder,MONDO_grouped,3552,IL1A,NCBI,HGNC:5991,IL1A,interleukin 1 alpha,P01583
MONDO:0005618,anxiety disorder,anxiety disorder,8187_2050_5618_5451_5371_100081_5383_1942_1098_3265_11924_12384,anxiety disorder,MONDO_grouped,3553,IL1B,NCBI,HGNC:5992,IL1B,interleukin 1 beta,P01584
MONDO:0005618,anxiety disorder,anxiety disorder,8187_2050_5618_5451_5371_100081_5383_1942_1098_3265_11924_12384,anxiety disorder,MONDO_grouped,3558,IL2,NCBI,HGNC:6001,IL2,interleukin 2,P60568
MONDO:0005618,anxiety disorder,anxiety disorder,8187_2050_5618_5451_5371_100081_5383_1942_1098_3265_11924_12384,anxiety disorder,MONDO_grouped,50604,IL20,NCBI,HGNC:6002,IL20,interleukin 20,Q9NYY1
MONDO:0005618,anxiety disorder,anxiety disorder,8187_2050_5618_5451_5371_100081_5383_1942_1098_3265_11924_12384,anxiety disorder,MONDO_grouped,11009,IL24,NCBI,HGNC:11346,IL24,interleukin 24,Q13007
MONDO:0005618,anxiety disorder,anxiety disorder,8187_2050_5618_5451_5371_100081_5383_1942_1098_3265_11924_12384,anxiety disorder,MONDO_grouped,3559,IL2RA,NCBI,HGNC:6008,IL2RA,interleukin 2 receptor subunit alpha,P01589
MONDO:0005618,anxiety disorder,anxiety disorder,8187_2050_5618_5451_5371_100081_5383_1942_1098_3265_11924_12384,anxiety disorder,MONDO_grouped,3569,IL6,NCBI,HGNC:6018,IL6,interleukin 6,P05231
MONDO:0005618,anxiety disorder,anxiety disorder,8187_2050_5618_5451_5371_100081_5383_1942_1098_3265_11924_12384,anxiety disorder,MONDO_grouped,3570,IL6R,NCBI,HGNC:6019,IL6R,interleukin 6 receptor,P08887
MONDO:0005618,anxiety disorder,anxiety disorder,8187_2050_5618_5451_5371_100081_5383_1942_1098_3265_11924_12384,anxiety disorder,MONDO_grouped,3613,IMPA2,NCBI,HGNC:6051,IMPA2,inositol monophosphatase 2,O14732
MONDO:0005618,anxiety disorder,anxiety disorder,8187_2050_5618_5451_5371_100081_5383_1942_1098_3265_11924_12384,anxiety disorder,MONDO_grouped,3630,INS,NCBI,HGNC:6081,INS,insulin,P01308
MONDO:0005618,anxiety disorder,anxiety disorder,8187_2050_5618_5451_5371_100081_5383_1942_1098_3265_11924_12384,anxiety disorder,MONDO_grouped,3665,IRF7,NCBI,HGNC:6122,IRF7,interferon regulatory factor 7,Q92985
MONDO:0005618,anxiety disorder,anxiety disorder,8187_2050_5618_5451_5371_100081_5383_1942_1098_3265_11924_12384,anxiety disorder,MONDO_grouped,9636,ISG15,NCBI,HGNC:4053,ISG15,ISG15 ubiquitin like modifier,P05161
MONDO:0005618,anxiety disorder,anxiety disorder,8187_2050_5618_5451_5371_100081_5383_1942_1098_3265_11924_12384,anxiety disorder,MONDO_grouped,3697,ITIH1,NCBI,HGNC:6166,ITIH1,inter-alpha-trypsin inhibitor heavy chain 1,P19827
MONDO:0005618,anxiety disorder,anxiety disorder,8187_2050_5618_5451_5371_100081_5383_1942_1098_3265_11924_12384,anxiety disorder,MONDO_grouped,8997,KALRN,NCBI,HGNC:4814,KALRN,kalirin RhoGEF kinase,O60229
MONDO:0005618,anxiety disorder,anxiety disorder,8187_2050_5618_5451_5371_100081_5383_1942_1098_3265_11924_12384,anxiety disorder,MONDO_grouped,3763,KCNJ6,NCBI,HGNC:6267,KCNJ6,potassium inwardly rectifying channel subfamily J member 6,P48051
MONDO:0005618,anxiety disorder,anxiety disorder,8187_2050_5618_5451_5371_100081_5383_1942_1098_3265_11924_12384,anxiety disorder,MONDO_grouped,3776,KCNK2,NCBI,HGNC:6277,KCNK2,potassium two pore domain channel subfamily K member 2,O95069
MONDO:0005618,anxiety disorder,anxiety disorder,8187_2050_5618_5451_5371_100081_5383_1942_1098_3265_11924_12384,anxiety disorder,MONDO_grouped,3791,KDR,NCBI,HGNC:6307,KDR,kinase insert domain receptor,P35968
MONDO:0005618,anxiety disorder,anxiety disorder,8187_2050_5618_5451_5371_100081_5383_1942_1098_3265_11924_12384,anxiety disorder,MONDO_grouped,8564,KMO,NCBI,HGNC:6381,KMO,kynurenine 3-monooxygenase,O15229
MONDO:0005618,anxiety disorder,anxiety disorder,8187_2050_5618_5451_5371_100081_5383_1942_1098_3265_11924_12384,anxiety disorder,MONDO_grouped,3839,KPNA3,NCBI,HGNC:6396,KPNA3,karyopherin subunit alpha 3,O00505
MONDO:0005618,anxiety disorder,anxiety disorder,8187_2050_5618_5451_5371_100081_5383_1942_1098_3265_11924_12384,anxiety disorder,MONDO_grouped,56267,KYAT3,NCBI,HGNC:33238,KYAT3,kynurenine aminotransferase 3,Q6YP21
MONDO:0005618,anxiety disorder,anxiety disorder,8187_2050_5618_5451_5371_100081_5383_1942_1098_3265_11924_12384,anxiety disorder,MONDO_grouped,3939,LDHA,NCBI,HGNC:6535,LDHA,lactate dehydrogenase A,P00338
MONDO:0005618,anxiety disorder,anxiety disorder,8187_2050_5618_5451_5371_100081_5383_1942_1098_3265_11924_12384,anxiety disorder,MONDO_grouped,3952,LEP,NCBI,HGNC:6553,LEP,leptin,P41159
MONDO:0005618,anxiety disorder,anxiety disorder,8187_2050_5618_5451_5371_100081_5383_1942_1098_3265_11924_12384,anxiety disorder,MONDO_grouped,9211,LGI1,NCBI,HGNC:6572,LGI1,leucine rich glioma inactivated 1,O95970
MONDO:0005618,anxiety disorder,anxiety disorder,8187_2050_5618_5451_5371_100081_5383_1942_1098_3265_11924_12384,anxiety disorder,MONDO_grouped,64077,LHPP,NCBI,HGNC:30042,LHPP,phospholysine phosphohistidine inorganic pyrophosphate phosphatase,Q9H008
MONDO:0005618,anxiety disorder,anxiety disorder,8187_2050_5618_5451_5371_100081_5383_1942_1098_3265_11924_12384,anxiety disorder,MONDO_grouped,3976,LIF,NCBI,HGNC:6596,LIF,LIF interleukin 6 family cytokine,P15018
MONDO:0005618,anxiety disorder,anxiety disorder,8187_2050_5618_5451_5371_100081_5383_1942_1098_3265_11924_12384,anxiety disorder,MONDO_grouped,4035,LRP1,NCBI,HGNC:6692,LRP1,LDL receptor related protein 1,Q07954
MONDO:0005618,anxiety disorder,anxiety disorder,8187_2050_5618_5451_5371_100081_5383_1942_1098_3265_11924_12384,anxiety disorder,MONDO_grouped,7804,LRP8,NCBI,HGNC:6700,LRP8,LDL receptor related protein 8,Q14114
MONDO:0005618,anxiety disorder,anxiety disorder,8187_2050_5618_5451_5371_100081_5383_1942_1098_3265_11924_12384,anxiety disorder,MONDO_grouped,4045,LSAMP,NCBI,HGNC:6705,LSAMP,limbic system associated membrane protein,Q13449
MONDO:0005618,anxiety disorder,anxiety disorder,8187_2050_5618_5451_5371_100081_5383_1942_1098_3265_11924_12384,anxiety disorder,MONDO_grouped,4048,LTA4H,NCBI,HGNC:6710,LTA4H,leukotriene A4 hydrolase,P09960
MONDO:0005618,anxiety disorder,anxiety disorder,8187_2050_5618_5451_5371_100081_5383_1942_1098_3265_11924_12384,anxiety disorder,MONDO_grouped,4074,M6PR,NCBI,HGNC:6752,M6PR,"mannose-6-phosphate receptor, cation dependent",P20645
MONDO:0005618,anxiety disorder,anxiety disorder,8187_2050_5618_5451_5371_100081_5383_1942_1098_3265_11924_12384,anxiety disorder,MONDO_grouped,9863,MAGI2,NCBI,HGNC:18957,MAGI2,"membrane associated guanylate kinase, WW and PDZ domain containing 2",Q86UL8
MONDO:0005618,anxiety disorder,anxiety disorder,8187_2050_5618_5451_5371_100081_5383_1942_1098_3265_11924_12384,anxiety disorder,MONDO_grouped,4128,MAOA,NCBI,HGNC:6833,MAOA,monoamine oxidase A,P21397
MONDO:0005618,anxiety disorder,anxiety disorder,8187_2050_5618_5451_5371_100081_5383_1942_1098_3265_11924_12384,anxiety disorder,MONDO_grouped,4129,MAOB,NCBI,HGNC:6834,MAOB,monoamine oxidase B,P27338
MONDO:0005618,anxiety disorder,anxiety disorder,8187_2050_5618_5451_5371_100081_5383_1942_1098_3265_11924_12384,anxiety disorder,MONDO_grouped,4133,MAP2,NCBI,HGNC:6839,MAP2,microtubule associated protein 2,P11137
MONDO:0005618,anxiety disorder,anxiety disorder,8187_2050_5618_5451_5371_100081_5383_1942_1098_3265_11924_12384,anxiety disorder,MONDO_grouped,5604,MAP2K1,NCBI,HGNC:6840,MAP2K1,mitogen-activated protein kinase kinase 1,Q02750
MONDO:0005618,anxiety disorder,anxiety disorder,8187_2050_5618_5451_5371_100081_5383_1942_1098_3265_11924_12384,anxiety disorder,MONDO_grouped,5607,MAP2K5,NCBI,HGNC:6845,MAP2K5,mitogen-activated protein kinase kinase 5,Q13163
MONDO:0005618,anxiety disorder,anxiety disorder,8187_2050_5618_5451_5371_100081_5383_1942_1098_3265_11924_12384,anxiety disorder,MONDO_grouped,5595,MAPK3,NCBI,HGNC:6877,MAPK3,mitogen-activated protein kinase 3,P27361
MONDO:0005618,anxiety disorder,anxiety disorder,8187_2050_5618_5451_5371_100081_5383_1942_1098_3265_11924_12384,anxiety disorder,MONDO_grouped,5599,MAPK8,NCBI,HGNC:6881,MAPK8,mitogen-activated protein kinase 8,P45983
MONDO:0005618,anxiety disorder,anxiety disorder,8187_2050_5618_5451_5371_100081_5383_1942_1098_3265_11924_12384,anxiety disorder,MONDO_grouped,4137,MAPT,NCBI,HGNC:6893,MAPT,microtubule associated protein tau,P10636
MONDO:0005618,anxiety disorder,anxiety disorder,8187_2050_5618_5451_5371_100081_5383_1942_1098_3265_11924_12384,anxiety disorder,MONDO_grouped,4157,MC1R,NCBI,HGNC:6929,MC1R,melanocortin 1 receptor,Q01726
MONDO:0005618,anxiety disorder,anxiety disorder,8187_2050_5618_5451_5371_100081_5383_1942_1098_3265_11924_12384,anxiety disorder,MONDO_grouped,4160,MC4R,NCBI,HGNC:6932,MC4R,melanocortin 4 receptor,P32245
MONDO:0005618,anxiety disorder,anxiety disorder,8187_2050_5618_5451_5371_100081_5383_1942_1098_3265_11924_12384,anxiety disorder,MONDO_grouped,2847,MCHR1,NCBI,HGNC:4479,MCHR1,melanin concentrating hormone receptor 1,Q99705
MONDO:0005618,anxiety disorder,anxiety disorder,8187_2050_5618_5451_5371_100081_5383_1942_1098_3265_11924_12384,anxiety disorder,MONDO_grouped,55784,MCTP2,NCBI,HGNC:25636,MCTP2,multiple C2 and transmembrane domain containing 2,Q6DN12
MONDO:0005618,anxiety disorder,anxiety disorder,8187_2050_5618_5451_5371_100081_5383_1942_1098_3265_11924_12384,anxiety disorder,MONDO_grouped,4192,MDK,NCBI,HGNC:6972,MDK,midkine,P21741
MONDO:0005618,anxiety disorder,anxiety disorder,8187_2050_5618_5451_5371_100081_5383_1942_1098_3265_11924_12384,anxiety disorder,MONDO_grouped,4194,MDM4,NCBI,HGNC:6974,MDM4,MDM4 regulator of p53,O15151
MONDO:0005618,anxiety disorder,anxiety disorder,8187_2050_5618_5451_5371_100081_5383_1942_1098_3265_11924_12384,anxiety disorder,MONDO_grouped,4204,MECP2,NCBI,HGNC:6990,MECP2,methyl-CpG binding protein 2,P51608
MONDO:0005618,anxiety disorder,anxiety disorder,8187_2050_5618_5451_5371_100081_5383_1942_1098_3265_11924_12384,anxiety disorder,MONDO_grouped,9968,MED12,NCBI,HGNC:11957,MED12,mediator complex subunit 12,Q93074
MONDO:0005618,anxiety disorder,anxiety disorder,8187_2050_5618_5451_5371_100081_5383_1942_1098_3265_11924_12384,anxiety disorder,MONDO_grouped,4282,MIF,NCBI,HGNC:7097,MIF,macrophage migration inhibitory factor,P14174
MONDO:0005618,anxiety disorder,anxiety disorder,8187_2050_5618_5451_5371_100081_5383_1942_1098_3265_11924_12384,anxiety disorder,MONDO_grouped,326625,MMAB,NCBI,HGNC:19331,MMAB,metabolism of cobalamin associated B,Q96EY8
MONDO:0005618,anxiety disorder,anxiety disorder,8187_2050_5618_5451_5371_100081_5383_1942_1098_3265_11924_12384,anxiety disorder,MONDO_grouped,4317,MMP8,NCBI,HGNC:7175,MMP8,matrix metallopeptidase 8,P22894
MONDO:0005618,anxiety disorder,anxiety disorder,8187_2050_5618_5451_5371_100081_5383_1942_1098_3265_11924_12384,anxiety disorder,MONDO_grouped,27136,MORC1,NCBI,HGNC:7198,MORC1,MORC family CW-type zinc finger 1,Q86VD1
MONDO:0005618,anxiety disorder,anxiety disorder,8187_2050_5618_5451_5371_100081_5383_1942_1098_3265_11924_12384,anxiety disorder,MONDO_grouped,4353,MPO,NCBI,HGNC:7218,MPO,myeloperoxidase,P05164
MONDO:0005618,anxiety disorder,anxiety disorder,8187_2050_5618_5451_5371_100081_5383_1942_1098_3265_11924_12384,anxiety disorder,MONDO_grouped,4502,MT2A,NCBI,HGNC:7406,MT2A,metallothionein 2A,P02795
MONDO:0005618,anxiety disorder,anxiety disorder,8187_2050_5618_5451_5371_100081_5383_1942_1098_3265_11924_12384,anxiety disorder,MONDO_grouped,4524,MTHFR,NCBI,HGNC:7436,MTHFR,methylenetetrahydrofolate reductase,P42898
MONDO:0005618,anxiety disorder,anxiety disorder,8187_2050_5618_5451_5371_100081_5383_1942_1098_3265_11924_12384,anxiety disorder,MONDO_grouped,2475,MTOR,NCBI,HGNC:3942,MTOR,mechanistic target of rapamycin kinase,P42345
MONDO:0005618,anxiety disorder,anxiety disorder,8187_2050_5618_5451_5371_100081_5383_1942_1098_3265_11924_12384,anxiety disorder,MONDO_grouped,4548,MTR,NCBI,HGNC:7468,MTR,5-methyltetrahydrofolate-homocysteine methyltransferase,Q99707
MONDO:0005618,anxiety disorder,anxiety disorder,8187_2050_5618_5451_5371_100081_5383_1942_1098_3265_11924_12384,anxiety disorder,MONDO_grouped,23040,MYT1L,NCBI,HGNC:7623,MYT1L,myelin transcription factor 1 like,Q9UL68
MONDO:0005618,anxiety disorder,anxiety disorder,8187_2050_5618_5451_5371_100081_5383_1942_1098_3265_11924_12384,anxiety disorder,MONDO_grouped,4684,NCAM1,NCBI,HGNC:7656,NCAM1,neural cell adhesion molecule 1,P13591
MONDO:0005618,anxiety disorder,anxiety disorder,8187_2050_5618_5451_5371_100081_5383_1942_1098_3265_11924_12384,anxiety disorder,MONDO_grouped,4723,NDUFV1,NCBI,HGNC:7716,NDUFV1,NADH:ubiquinone oxidoreductase core subunit V1,P49821
MONDO:0005618,anxiety disorder,anxiety disorder,8187_2050_5618_5451_5371_100081_5383_1942_1098_3265_11924_12384,anxiety disorder,MONDO_grouped,4729,NDUFV2,NCBI,HGNC:7717,NDUFV2,NADH:ubiquinone oxidoreductase core subunit V2,P19404
MONDO:0005618,anxiety disorder,anxiety disorder,8187_2050_5618_5451_5371_100081_5383_1942_1098_3265_11924_12384,anxiety disorder,MONDO_grouped,4747,NEFL,NCBI,HGNC:7739,NEFL,neurofilament light chain,P07196
MONDO:0005618,anxiety disorder,anxiety disorder,8187_2050_5618_5451_5371_100081_5383_1942_1098_3265_11924_12384,anxiety disorder,MONDO_grouped,4741,NEFM,NCBI,HGNC:7734,NEFM,neurofilament medium chain,P07197
MONDO:0005618,anxiety disorder,anxiety disorder,8187_2050_5618_5451_5371_100081_5383_1942_1098_3265_11924_12384,anxiety disorder,MONDO_grouped,4745,NELL1,NCBI,HGNC:7750,NELL1,neural EGFL like 1,Q92832
MONDO:0005618,anxiety disorder,anxiety disorder,8187_2050_5618_5451_5371_100081_5383_1942_1098_3265_11924_12384,anxiety disorder,MONDO_grouped,4803,NGF,NCBI,HGNC:7808,NGF,nerve growth factor,P01138
MONDO:0005618,anxiety disorder,anxiety disorder,8187_2050_5618_5451_5371_100081_5383_1942_1098_3265_11924_12384,anxiety disorder,MONDO_grouped,4804,NGFR,NCBI,HGNC:7809,NGFR,nerve growth factor receptor,P08138
MONDO:0005618,anxiety disorder,anxiety disorder,8187_2050_5618_5451_5371_100081_5383_1942_1098_3265_11924_12384,anxiety disorder,MONDO_grouped,4842,NOS1,NCBI,HGNC:7872,NOS1,nitric oxide synthase 1,P29475
MONDO:0005618,anxiety disorder,anxiety disorder,8187_2050_5618_5451_5371_100081_5383_1942_1098_3265_11924_12384,anxiety disorder,MONDO_grouped,4843,NOS2,NCBI,HGNC:7873,NOS2,nitric oxide synthase 2,P35228
MONDO:0005618,anxiety disorder,anxiety disorder,8187_2050_5618_5451_5371_100081_5383_1942_1098_3265_11924_12384,anxiety disorder,MONDO_grouped,4846,NOS3,NCBI,HGNC:7876,NOS3,nitric oxide synthase 3,P29474
MONDO:0005618,anxiety disorder,anxiety disorder,8187_2050_5618_5451_5371_100081_5383_1942_1098_3265_11924_12384,anxiety disorder,MONDO_grouped,4862,NPAS2,NCBI,HGNC:7895,NPAS2,neuronal PAS domain protein 2,Q99743
MONDO:0005618,anxiety disorder,anxiety disorder,8187_2050_5618_5451_5371_100081_5383_1942_1098_3265_11924_12384,anxiety disorder,MONDO_grouped,64067,NPAS3,NCBI,HGNC:19311,NPAS3,neuronal PAS domain protein 3,Q8IXF0
MONDO:0005618,anxiety disorder,anxiety disorder,8187_2050_5618_5451_5371_100081_5383_1942_1098_3265_11924_12384,anxiety disorder,MONDO_grouped,594857,NPS,NCBI,HGNC:33940,NPS,neuropeptide S,P0C0P6
MONDO:0005618,anxiety disorder,anxiety disorder,8187_2050_5618_5451_5371_100081_5383_1942_1098_3265_11924_12384,anxiety disorder,MONDO_grouped,387129,NPSR1,NCBI,HGNC:23631,NPSR1,neuropeptide S receptor 1,Q6W5P4
MONDO:0005618,anxiety disorder,anxiety disorder,8187_2050_5618_5451_5371_100081_5383_1942_1098_3265_11924_12384,anxiety disorder,MONDO_grouped,4852,NPY,NCBI,HGNC:7955,NPY,neuropeptide Y,P01303
MONDO:0005618,anxiety disorder,anxiety disorder,8187_2050_5618_5451_5371_100081_5383_1942_1098_3265_11924_12384,anxiety disorder,MONDO_grouped,4886,NPY1R,NCBI,HGNC:7956,NPY1R,neuropeptide Y receptor Y1,P25929
MONDO:0005618,anxiety disorder,anxiety disorder,8187_2050_5618_5451_5371_100081_5383_1942_1098_3265_11924_12384,anxiety disorder,MONDO_grouped,9572,NR1D1,NCBI,HGNC:7962,NR1D1,nuclear receptor subfamily 1 group D member 1,P20393
MONDO:0005618,anxiety disorder,anxiety disorder,8187_2050_5618_5451_5371_100081_5383_1942_1098_3265_11924_12384,anxiety disorder,MONDO_grouped,2908,NR3C1,NCBI,HGNC:7978,NR3C1,nuclear receptor subfamily 3 group C member 1,P04150
MONDO:0005618,anxiety disorder,anxiety disorder,8187_2050_5618_5451_5371_100081_5383_1942_1098_3265_11924_12384,anxiety disorder,MONDO_grouped,4306,NR3C2,NCBI,HGNC:7979,NR3C2,nuclear receptor subfamily 3 group C member 2,P08235
MONDO:0005618,anxiety disorder,anxiety disorder,8187_2050_5618_5451_5371_100081_5383_1942_1098_3265_11924_12384,anxiety disorder,MONDO_grouped,3164,NR4A1,NCBI,HGNC:7980,NR4A1,nuclear receptor subfamily 4 group A member 1,P22736
MONDO:0005618,anxiety disorder,anxiety disorder,8187_2050_5618_5451_5371_100081_5383_1942_1098_3265_11924_12384,anxiety disorder,MONDO_grouped,4929,NR4A2,NCBI,HGNC:7981,NR4A2,nuclear receptor subfamily 4 group A member 2,P43354
MONDO:0005618,anxiety disorder,anxiety disorder,8187_2050_5618_5451_5371_100081_5383_1942_1098_3265_11924_12384,anxiety disorder,MONDO_grouped,3084,NRG1,NCBI,HGNC:7997,NRG1,neuregulin 1,Q02297
MONDO:0005618,anxiety disorder,anxiety disorder,8187_2050_5618_5451_5371_100081_5383_1942_1098_3265_11924_12384,anxiety disorder,MONDO_grouped,9378,NRXN1,NCBI,HGNC:8008,NRXN1,neurexin 1,P58400
MONDO:0005618,anxiety disorder,anxiety disorder,8187_2050_5618_5451_5371_100081_5383_1942_1098_3265_11924_12384,anxiety disorder,MONDO_grouped,9378,NRXN1,NCBI,HGNC:8008,NRXN1,neurexin 1,Q9ULB1
MONDO:0005618,anxiety disorder,anxiety disorder,8187_2050_5618_5451_5371_100081_5383_1942_1098_3265_11924_12384,anxiety disorder,MONDO_grouped,4908,NTF3,NCBI,HGNC:8023,NTF3,neurotrophin 3,P20783
MONDO:0005618,anxiety disorder,anxiety disorder,8187_2050_5618_5451_5371_100081_5383_1942_1098_3265_11924_12384,anxiety disorder,MONDO_grouped,50863,NTM,NCBI,HGNC:17941,NTM,neurotrimin,Q9P121
MONDO:0005618,anxiety disorder,anxiety disorder,8187_2050_5618_5451_5371_100081_5383_1942_1098_3265_11924_12384,anxiety disorder,MONDO_grouped,4915,NTRK2,NCBI,HGNC:8032,NTRK2,neurotrophic receptor tyrosine kinase 2,Q16620
MONDO:0005618,anxiety disorder,anxiety disorder,8187_2050_5618_5451_5371_100081_5383_1942_1098_3265_11924_12384,anxiety disorder,MONDO_grouped,4916,NTRK3,NCBI,HGNC:8033,NTRK3,neurotrophic receptor tyrosine kinase 3,Q16288
MONDO:0005618,anxiety disorder,anxiety disorder,8187_2050_5618_5451_5371_100081_5383_1942_1098_3265_11924_12384,anxiety disorder,MONDO_grouped,4922,NTS,NCBI,HGNC:8038,NTS,neurotensin,P30990
MONDO:0005618,anxiety disorder,anxiety disorder,8187_2050_5618_5451_5371_100081_5383_1942_1098_3265_11924_12384,anxiety disorder,MONDO_grouped,4939,OAS2,NCBI,HGNC:8087,OAS2,2'-5'-oligoadenylate synthetase 2,P29728
MONDO:0005618,anxiety disorder,anxiety disorder,8187_2050_5618_5451_5371_100081_5383_1942_1098_3265_11924_12384,anxiety disorder,MONDO_grouped,4986,OPRK1,NCBI,HGNC:8154,OPRK1,opioid receptor kappa 1,P41145
MONDO:0005618,anxiety disorder,anxiety disorder,8187_2050_5618_5451_5371_100081_5383_1942_1098_3265_11924_12384,anxiety disorder,MONDO_grouped,4988,OPRM1,NCBI,HGNC:8156,OPRM1,opioid receptor mu 1,P35372
MONDO:0005618,anxiety disorder,anxiety disorder,8187_2050_5618_5451_5371_100081_5383_1942_1098_3265_11924_12384,anxiety disorder,MONDO_grouped,125958,OR7D4,NCBI,HGNC:8380,OR7D4,olfactory receptor family 7 subfamily D member 4,Q8NG98
MONDO:0005618,anxiety disorder,anxiety disorder,8187_2050_5618_5451_5371_100081_5383_1942_1098_3265_11924_12384,anxiety disorder,MONDO_grouped,5020,OXT,NCBI,HGNC:8528,OXT,oxytocin/neurophysin I prepropeptide,P01178
MONDO:0005618,anxiety disorder,anxiety disorder,8187_2050_5618_5451_5371_100081_5383_1942_1098_3265_11924_12384,anxiety disorder,MONDO_grouped,5021,OXTR,NCBI,HGNC:8529,OXTR,oxytocin receptor,P30559
MONDO:0005618,anxiety disorder,anxiety disorder,8187_2050_5618_5451_5371_100081_5383_1942_1098_3265_11924_12384,anxiety disorder,MONDO_grouped,5027,P2RX7,NCBI,HGNC:8537,P2RX7,purinergic receptor P2X 7,Q99572
MONDO:0005618,anxiety disorder,anxiety disorder,8187_2050_5618_5451_5371_100081_5383_1942_1098_3265_11924_12384,anxiety disorder,MONDO_grouped,5066,PAM,NCBI,HGNC:8596,PAM,peptidylglycine alpha-amidating monooxygenase,P19021
MONDO:0005618,anxiety disorder,anxiety disorder,8187_2050_5618_5451_5371_100081_5383_1942_1098_3265_11924_12384,anxiety disorder,MONDO_grouped,5074,PAWR,NCBI,HGNC:8614,PAWR,pro-apoptotic WT1 regulator,Q96IZ0
MONDO:0005618,anxiety disorder,anxiety disorder,8187_2050_5618_5451_5371_100081_5383_1942_1098_3265_11924_12384,anxiety disorder,MONDO_grouped,27445,PCLO,NCBI,HGNC:13406,PCLO,piccolo presynaptic cytomatrix protein,Q9Y6V0
MONDO:0005618,anxiety disorder,anxiety disorder,8187_2050_5618_5451_5371_100081_5383_1942_1098_3265_11924_12384,anxiety disorder,MONDO_grouped,5116,PCNT,NCBI,HGNC:16068,PCNT,pericentrin,O95613
MONDO:0005618,anxiety disorder,anxiety disorder,8187_2050_5618_5451_5371_100081_5383_1942_1098_3265_11924_12384,anxiety disorder,MONDO_grouped,5134,PDCD2,NCBI,HGNC:8762,PDCD2,programmed cell death 2,Q16342
MONDO:0005618,anxiety disorder,anxiety disorder,8187_2050_5618_5451_5371_100081_5383_1942_1098_3265_11924_12384,anxiety disorder,MONDO_grouped,10016,PDCD6,NCBI,HGNC:8765,PDCD6,programmed cell death 6,O75340
MONDO:0005618,anxiety disorder,anxiety disorder,8187_2050_5618_5451_5371_100081_5383_1942_1098_3265_11924_12384,anxiety disorder,MONDO_grouped,50940,PDE11A,NCBI,HGNC:8773,PDE11A,phosphodiesterase 11A,Q9HCR9
MONDO:0005618,anxiety disorder,anxiety disorder,8187_2050_5618_5451_5371_100081_5383_1942_1098_3265_11924_12384,anxiety disorder,MONDO_grouped,5153,PDE1B,NCBI,HGNC:8775,PDE1B,phosphodiesterase 1B,Q01064
MONDO:0005618,anxiety disorder,anxiety disorder,8187_2050_5618_5451_5371_100081_5383_1942_1098_3265_11924_12384,anxiety disorder,MONDO_grouped,5141,PDE4A,NCBI,HGNC:8780,PDE4A,phosphodiesterase 4A,P27815
MONDO:0005618,anxiety disorder,anxiety disorder,8187_2050_5618_5451_5371_100081_5383_1942_1098_3265_11924_12384,anxiety disorder,MONDO_grouped,5142,PDE4B,NCBI,HGNC:8781,PDE4B,phosphodiesterase 4B,Q07343
MONDO:0005618,anxiety disorder,anxiety disorder,8187_2050_5618_5451_5371_100081_5383_1942_1098_3265_11924_12384,anxiety disorder,MONDO_grouped,5144,PDE4D,NCBI,HGNC:8783,PDE4D,phosphodiesterase 4D,Q08499
MONDO:0005618,anxiety disorder,anxiety disorder,8187_2050_5618_5451_5371_100081_5383_1942_1098_3265_11924_12384,anxiety disorder,MONDO_grouped,10611,PDLIM5,NCBI,HGNC:17468,PDLIM5,PDZ and LIM domain 5,Q96HC4
MONDO:0005618,anxiety disorder,anxiety disorder,8187_2050_5618_5451_5371_100081_5383_1942_1098_3265_11924_12384,anxiety disorder,MONDO_grouped,5173,PDYN,NCBI,HGNC:8820,PDYN,prodynorphin,P01213
MONDO:0005618,anxiety disorder,anxiety disorder,8187_2050_5618_5451_5371_100081_5383_1942_1098_3265_11924_12384,anxiety disorder,MONDO_grouped,8682,PEA15,NCBI,HGNC:8822,PEA15,proliferation and apoptosis adaptor protein 15,Q15121
MONDO:0005618,anxiety disorder,anxiety disorder,8187_2050_5618_5451_5371_100081_5383_1942_1098_3265_11924_12384,anxiety disorder,MONDO_grouped,5179,PENK,NCBI,HGNC:8831,PENK,proenkephalin,P01210
MONDO:0005618,anxiety disorder,anxiety disorder,8187_2050_5618_5451_5371_100081_5383_1942_1098_3265_11924_12384,anxiety disorder,MONDO_grouped,8864,PER2,NCBI,HGNC:8846,PER2,period circadian regulator 2,O15055
MONDO:0005618,anxiety disorder,anxiety disorder,8187_2050_5618_5451_5371_100081_5383_1942_1098_3265_11924_12384,anxiety disorder,MONDO_grouped,8863,PER3,NCBI,HGNC:8847,PER3,period circadian regulator 3,P56645
MONDO:0005618,anxiety disorder,anxiety disorder,8187_2050_5618_5451_5371_100081_5383_1942_1098_3265_11924_12384,anxiety disorder,MONDO_grouped,51555,PEX5L,NCBI,HGNC:30024,PEX5L,peroxisomal biogenesis factor 5 like,Q8IYB4
MONDO:0005618,anxiety disorder,anxiety disorder,8187_2050_5618_5451_5371_100081_5383_1942_1098_3265_11924_12384,anxiety disorder,MONDO_grouped,5209,PFKFB3,NCBI,HGNC:8874,PFKFB3,"6-phosphofructo-2-kinase/fructose-2,6-biphosphatase 3",Q16875
MONDO:0005618,anxiety disorder,anxiety disorder,8187_2050_5618_5451_5371_100081_5383_1942_1098_3265_11924_12384,anxiety disorder,MONDO_grouped,65018,PINK1,NCBI,HGNC:14581,PINK1,PTEN induced kinase 1,Q9BXM7
MONDO:0005618,anxiety disorder,anxiety disorder,8187_2050_5618_5451_5371_100081_5383_1942_1098_3265_11924_12384,anxiety disorder,MONDO_grouped,5309,PITX3,NCBI,HGNC:9006,PITX3,paired like homeodomain 3,O75364
MONDO:0005618,anxiety disorder,anxiety disorder,8187_2050_5618_5451_5371_100081_5383_1942_1098_3265_11924_12384,anxiety disorder,MONDO_grouped,5320,PLA2G2A,NCBI,HGNC:9031,PLA2G2A,phospholipase A2 group IIA,P14555
MONDO:0005618,anxiety disorder,anxiety disorder,8187_2050_5618_5451_5371_100081_5383_1942_1098_3265_11924_12384,anxiety disorder,MONDO_grouped,23236,PLCB1,NCBI,HGNC:15917,PLCB1,phospholipase C beta 1,Q9NQ66
MONDO:0005618,anxiety disorder,anxiety disorder,8187_2050_5618_5451_5371_100081_5383_1942_1098_3265_11924_12384,anxiety disorder,MONDO_grouped,5340,PLG,NCBI,HGNC:9071,PLG,plasminogen,P00747
MONDO:0005618,anxiety disorder,anxiety disorder,8187_2050_5618_5451_5371_100081_5383_1942_1098_3265_11924_12384,anxiety disorder,MONDO_grouped,5367,PMCH,NCBI,HGNC:9109,PMCH,pro-melanin concentrating hormone,P20382
MONDO:0005618,anxiety disorder,anxiety disorder,8187_2050_5618_5451_5371_100081_5383_1942_1098_3265_11924_12384,anxiety disorder,MONDO_grouped,5368,PNOC,NCBI,HGNC:9163,PNOC,prepronociceptin,Q13519
MONDO:0005618,anxiety disorder,anxiety disorder,8187_2050_5618_5451_5371_100081_5383_1942_1098_3265_11924_12384,anxiety disorder,MONDO_grouped,5443,POMC,NCBI,HGNC:9201,POMC,proopiomelanocortin,P01189
MONDO:0005618,anxiety disorder,anxiety disorder,8187_2050_5618_5451_5371_100081_5383_1942_1098_3265_11924_12384,anxiety disorder,MONDO_grouped,5444,PON1,NCBI,HGNC:9204,PON1,paraoxonase 1,P27169
MONDO:0005618,anxiety disorder,anxiety disorder,8187_2050_5618_5451_5371_100081_5383_1942_1098_3265_11924_12384,anxiety disorder,MONDO_grouped,84152,PPP1R1B,NCBI,HGNC:9287,PPP1R1B,protein phosphatase 1 regulatory inhibitor subunit 1B,Q9UD71
MONDO:0005618,anxiety disorder,anxiety disorder,8187_2050_5618_5451_5371_100081_5383_1942_1098_3265_11924_12384,anxiety disorder,MONDO_grouped,5533,PPP3CC,NCBI,HGNC:9316,PPP3CC,protein phosphatase 3 catalytic subunit gamma,P48454
MONDO:0005618,anxiety disorder,anxiety disorder,8187_2050_5618_5451_5371_100081_5383_1942_1098_3265_11924_12384,anxiety disorder,MONDO_grouped,145270,PRIMA1,NCBI,HGNC:18319,PRIMA1,proline rich membrane anchor 1,Q86XR5
MONDO:0005618,anxiety disorder,anxiety disorder,8187_2050_5618_5451_5371_100081_5383_1942_1098_3265_11924_12384,anxiety disorder,MONDO_grouped,5579,PRKCB,NCBI,HGNC:9395,PRKCB,protein kinase C beta,P05771
MONDO:0005618,anxiety disorder,anxiety disorder,8187_2050_5618_5451_5371_100081_5383_1942_1098_3265_11924_12384,anxiety disorder,MONDO_grouped,5584,PRKCI,NCBI,HGNC:9404,PRKCI,protein kinase C iota,P41743
MONDO:0005618,anxiety disorder,anxiety disorder,8187_2050_5618_5451_5371_100081_5383_1942_1098_3265_11924_12384,anxiety disorder,MONDO_grouped,5617,PRL,NCBI,HGNC:9445,PRL,prolactin,P01236
MONDO:0005618,anxiety disorder,anxiety disorder,8187_2050_5618_5451_5371_100081_5383_1942_1098_3265_11924_12384,anxiety disorder,MONDO_grouped,5621,PRNP,NCBI,HGNC:9449,PRNP,prion protein (Kanno blood group),F7VJQ1
MONDO:0005618,anxiety disorder,anxiety disorder,8187_2050_5618_5451_5371_100081_5383_1942_1098_3265_11924_12384,anxiety disorder,MONDO_grouped,5621,PRNP,NCBI,HGNC:9449,PRNP,prion protein (Kanno blood group),P04156
MONDO:0005618,anxiety disorder,anxiety disorder,8187_2050_5618_5451_5371_100081_5383_1942_1098_3265_11924_12384,anxiety disorder,MONDO_grouped,60675,PROK2,NCBI,HGNC:18455,PROK2,prokineticin 2,Q9HC23
MONDO:0005618,anxiety disorder,anxiety disorder,8187_2050_5618_5451_5371_100081_5383_1942_1098_3265_11924_12384,anxiety disorder,MONDO_grouped,8842,PROM1,NCBI,HGNC:9454,PROM1,prominin 1,O43490
MONDO:0005618,anxiety disorder,anxiety disorder,8187_2050_5618_5451_5371_100081_5383_1942_1098_3265_11924_12384,anxiety disorder,MONDO_grouped,5663,PSEN1,NCBI,HGNC:9508,PSEN1,presenilin 1,P49768
MONDO:0005618,anxiety disorder,anxiety disorder,8187_2050_5618_5451_5371_100081_5383_1942_1098_3265_11924_12384,anxiety disorder,MONDO_grouped,5692,PSMB4,NCBI,HGNC:9541,PSMB4,proteasome 20S subunit beta 4,P28070
MONDO:0005618,anxiety disorder,anxiety disorder,8187_2050_5618_5451_5371_100081_5383_1942_1098_3265_11924_12384,anxiety disorder,MONDO_grouped,5743,PTGS2,NCBI,HGNC:9605,PTGS2,prostaglandin-endoperoxide synthase 2,P35354
MONDO:0005618,anxiety disorder,anxiety disorder,8187_2050_5618_5451_5371_100081_5383_1942_1098_3265_11924_12384,anxiety disorder,MONDO_grouped,5801,PTPRR,NCBI,HGNC:9680,PTPRR,protein tyrosine phosphatase receptor type R,Q15256
MONDO:0005618,anxiety disorder,anxiety disorder,8187_2050_5618_5451_5371_100081_5383_1942_1098_3265_11924_12384,anxiety disorder,MONDO_grouped,5806,PTX3,NCBI,HGNC:9692,PTX3,pentraxin 3,P26022
MONDO:0005618,anxiety disorder,anxiety disorder,8187_2050_5618_5451_5371_100081_5383_1942_1098_3265_11924_12384,anxiety disorder,MONDO_grouped,5697,PYY,NCBI,HGNC:9748,PYY,peptide YY,P10082
MONDO:0005618,anxiety disorder,anxiety disorder,8187_2050_5618_5451_5371_100081_5383_1942_1098_3265_11924_12384,anxiety disorder,MONDO_grouped,9444,QKI,NCBI,HGNC:21100,QKI,"QKI, KH domain containing RNA binding",Q96PU8
MONDO:0005618,anxiety disorder,anxiety disorder,8187_2050_5618_5451_5371_100081_5383_1942_1098_3265_11924_12384,anxiety disorder,MONDO_grouped,5879,RAC1,NCBI,HGNC:9801,RAC1,Rac family small GTPase 1,P63000
MONDO:0005618,anxiety disorder,anxiety disorder,8187_2050_5618_5451_5371_100081_5383_1942_1098_3265_11924_12384,anxiety disorder,MONDO_grouped,10743,RAI1,NCBI,HGNC:9834,RAI1,retinoic acid induced 1,Q7Z5J4
MONDO:0005618,anxiety disorder,anxiety disorder,8187_2050_5618_5451_5371_100081_5383_1942_1098_3265_11924_12384,anxiety disorder,MONDO_grouped,9771,RAPGEF5,NCBI,HGNC:16862,RAPGEF5,Rap guanine nucleotide exchange factor 5,Q92565
MONDO:0005618,anxiety disorder,anxiety disorder,8187_2050_5618_5451_5371_100081_5383_1942_1098_3265_11924_12384,anxiety disorder,MONDO_grouped,65059,RAPH1,NCBI,HGNC:14436,RAPH1,Ras association (RalGDS/AF-6) and pleckstrin homology domains 1,Q70E73
MONDO:0005618,anxiety disorder,anxiety disorder,8187_2050_5618_5451_5371_100081_5383_1942_1098_3265_11924_12384,anxiety disorder,MONDO_grouped,7905,REEP5,NCBI,HGNC:30077,REEP5,receptor accessory protein 5,Q00765
MONDO:0005618,anxiety disorder,anxiety disorder,8187_2050_5618_5451_5371_100081_5383_1942_1098_3265_11924_12384,anxiety disorder,MONDO_grouped,5649,RELN,NCBI,HGNC:9957,RELN,reelin,P78509
MONDO:0005618,anxiety disorder,anxiety disorder,8187_2050_5618_5451_5371_100081_5383_1942_1098_3265_11924_12384,anxiety disorder,MONDO_grouped,5972,REN,NCBI,HGNC:9958,REN,renin,P00797
MONDO:0005618,anxiety disorder,anxiety disorder,8187_2050_5618_5451_5371_100081_5383_1942_1098_3265_11924_12384,anxiety disorder,MONDO_grouped,5978,REST,NCBI,HGNC:9966,REST,RE1 silencing transcription factor,Q13127
MONDO:0005618,anxiety disorder,anxiety disorder,8187_2050_5618_5451_5371_100081_5383_1942_1098_3265_11924_12384,anxiety disorder,MONDO_grouped,5996,RGS1,NCBI,HGNC:9991,RGS1,regulator of G protein signaling 1,Q08116
MONDO:0005618,anxiety disorder,anxiety disorder,8187_2050_5618_5451_5371_100081_5383_1942_1098_3265_11924_12384,anxiety disorder,MONDO_grouped,63891,RNF123,NCBI,HGNC:21148,RNF123,ring finger protein 123,Q5XPI4
MONDO:0005618,anxiety disorder,anxiety disorder,8187_2050_5618_5451_5371_100081_5383_1942_1098_3265_11924_12384,anxiety disorder,MONDO_grouped,10193,RNF41,NCBI,HGNC:18401,RNF41,ring finger protein 41,Q9H4P4
MONDO:0005618,anxiety disorder,anxiety disorder,8187_2050_5618_5451_5371_100081_5383_1942_1098_3265_11924_12384,anxiety disorder,MONDO_grouped,6095,RORA,NCBI,HGNC:10258,RORA,RAR related orphan receptor A,P35398
MONDO:0005618,anxiety disorder,anxiety disorder,8187_2050_5618_5451_5371_100081_5383_1942_1098_3265_11924_12384,anxiety disorder,MONDO_grouped,6281,S100A10,NCBI,HGNC:10487,S100A10,S100 calcium binding protein A10,P60903
MONDO:0005618,anxiety disorder,anxiety disorder,8187_2050_5618_5451_5371_100081_5383_1942_1098_3265_11924_12384,anxiety disorder,MONDO_grouped,6285,S100B,NCBI,HGNC:10500,S100B,S100 calcium binding protein B,P04271
MONDO:0005618,anxiety disorder,anxiety disorder,8187_2050_5618_5451_5371_100081_5383_1942_1098_3265_11924_12384,anxiety disorder,MONDO_grouped,6303,SAT1,NCBI,HGNC:10540,SAT1,spermidine/spermine N1-acetyltransferase 1,P21673
MONDO:0005618,anxiety disorder,anxiety disorder,8187_2050_5618_5451_5371_100081_5383_1942_1098_3265_11924_12384,anxiety disorder,MONDO_grouped,9632,SEC24C,NCBI,HGNC:10705,SEC24C,"SEC24 homolog C, COPII component",P53992
MONDO:0005618,anxiety disorder,anxiety disorder,8187_2050_5618_5451_5371_100081_5383_1942_1098_3265_11924_12384,anxiety disorder,MONDO_grouped,6403,SELP,NCBI,HGNC:10721,SELP,selectin P,P16109
MONDO:0005618,anxiety disorder,anxiety disorder,8187_2050_5618_5451_5371_100081_5383_1942_1098_3265_11924_12384,anxiety disorder,MONDO_grouped,5265,SERPINA1,NCBI,HGNC:8941,SERPINA1,serpin family A member 1,P01009
MONDO:0005618,anxiety disorder,anxiety disorder,8187_2050_5618_5451_5371_100081_5383_1942_1098_3265_11924_12384,anxiety disorder,MONDO_grouped,866,SERPINA6,NCBI,HGNC:1540,SERPINA6,serpin family A member 6,P08185
MONDO:0005618,anxiety disorder,anxiety disorder,8187_2050_5618_5451_5371_100081_5383_1942_1098_3265_11924_12384,anxiety disorder,MONDO_grouped,5054,SERPINE1,NCBI,HGNC:8583,SERPINE1,serpin family E member 1,P05121
MONDO:0005618,anxiety disorder,anxiety disorder,8187_2050_5618_5451_5371_100081_5383_1942_1098_3265_11924_12384,anxiety disorder,MONDO_grouped,6422,SFRP1,NCBI,HGNC:10776,SFRP1,secreted frizzled related protein 1,Q8N474
MONDO:0005618,anxiety disorder,anxiety disorder,8187_2050_5618_5451_5371_100081_5383_1942_1098_3265_11924_12384,anxiety disorder,MONDO_grouped,8910,SGCE,NCBI,HGNC:10808,SGCE,sarcoglycan epsilon,O43556
MONDO:0005618,anxiety disorder,anxiety disorder,8187_2050_5618_5451_5371_100081_5383_1942_1098_3265_11924_12384,anxiety disorder,MONDO_grouped,6446,SGK1,NCBI,HGNC:10810,SGK1,serum/glucocorticoid regulated kinase 1,O00141
MONDO:0005618,anxiety disorder,anxiety disorder,8187_2050_5618_5451_5371_100081_5383_1942_1098_3265_11924_12384,anxiety disorder,MONDO_grouped,50944,SHANK1,NCBI,HGNC:15474,SHANK1,SH3 and multiple ankyrin repeat domains 1,Q9Y566
MONDO:0005618,anxiety disorder,anxiety disorder,8187_2050_5618_5451_5371_100081_5383_1942_1098_3265_11924_12384,anxiety disorder,MONDO_grouped,57084,SLC17A6,NCBI,HGNC:16703,SLC17A6,solute carrier family 17 member 6,Q9P2U8
MONDO:0005618,anxiety disorder,anxiety disorder,8187_2050_5618_5451_5371_100081_5383_1942_1098_3265_11924_12384,anxiety disorder,MONDO_grouped,6570,SLC18A1,NCBI,HGNC:10934,SLC18A1,solute carrier family 18 member A1,P54219
MONDO:0005618,anxiety disorder,anxiety disorder,8187_2050_5618_5451_5371_100081_5383_1942_1098_3265_11924_12384,anxiety disorder,MONDO_grouped,6571,SLC18A2,NCBI,HGNC:10935,SLC18A2,solute carrier family 18 member A2,Q05940
MONDO:0005618,anxiety disorder,anxiety disorder,8187_2050_5618_5451_5371_100081_5383_1942_1098_3265_11924_12384,anxiety disorder,MONDO_grouped,6505,SLC1A1,NCBI,HGNC:10939,SLC1A1,solute carrier family 1 member 1,P43005
MONDO:0005618,anxiety disorder,anxiety disorder,8187_2050_5618_5451_5371_100081_5383_1942_1098_3265_11924_12384,anxiety disorder,MONDO_grouped,6506,SLC1A2,NCBI,HGNC:10940,SLC1A2,solute carrier family 1 member 2,P43004
MONDO:0005618,anxiety disorder,anxiety disorder,8187_2050_5618_5451_5371_100081_5383_1942_1098_3265_11924_12384,anxiety disorder,MONDO_grouped,6511,SLC1A6,NCBI,HGNC:10944,SLC1A6,solute carrier family 1 member 6,P48664
MONDO:0005618,anxiety disorder,anxiety disorder,8187_2050_5618_5451_5371_100081_5383_1942_1098_3265_11924_12384,anxiety disorder,MONDO_grouped,55315,SLC29A3,NCBI,HGNC:23096,SLC29A3,solute carrier family 29 member 3,Q9BZD2
MONDO:0005618,anxiety disorder,anxiety disorder,8187_2050_5618_5451_5371_100081_5383_1942_1098_3265_11924_12384,anxiety disorder,MONDO_grouped,60482,SLC5A7,NCBI,HGNC:14025,SLC5A7,solute carrier family 5 member 7,Q9GZV3
MONDO:0005618,anxiety disorder,anxiety disorder,8187_2050_5618_5451_5371_100081_5383_1942_1098_3265_11924_12384,anxiety disorder,MONDO_grouped,6529,SLC6A1,NCBI,HGNC:11042,SLC6A1,solute carrier family 6 member 1,P30531
MONDO:0005618,anxiety disorder,anxiety disorder,8187_2050_5618_5451_5371_100081_5383_1942_1098_3265_11924_12384,anxiety disorder,MONDO_grouped,6540,SLC6A13,NCBI,HGNC:11046,SLC6A13,solute carrier family 6 member 13,Q9NSD5
MONDO:0005618,anxiety disorder,anxiety disorder,8187_2050_5618_5451_5371_100081_5383_1942_1098_3265_11924_12384,anxiety disorder,MONDO_grouped,55117,SLC6A15,NCBI,HGNC:13621,SLC6A15,solute carrier family 6 member 15,Q9H2J7
MONDO:0005618,anxiety disorder,anxiety disorder,8187_2050_5618_5451_5371_100081_5383_1942_1098_3265_11924_12384,anxiety disorder,MONDO_grouped,6530,SLC6A2,NCBI,HGNC:11048,SLC6A2,solute carrier family 6 member 2,P23975
MONDO:0005618,anxiety disorder,anxiety disorder,8187_2050_5618_5451_5371_100081_5383_1942_1098_3265_11924_12384,anxiety disorder,MONDO_grouped,6531,SLC6A3,NCBI,HGNC:11049,SLC6A3,solute carrier family 6 member 3,Q01959
MONDO:0005618,anxiety disorder,anxiety disorder,8187_2050_5618_5451_5371_100081_5383_1942_1098_3265_11924_12384,anxiety disorder,MONDO_grouped,6532,SLC6A4,NCBI,HGNC:11050,SLC6A4,solute carrier family 6 member 4,P31645
MONDO:0005618,anxiety disorder,anxiety disorder,8187_2050_5618_5451_5371_100081_5383_1942_1098_3265_11924_12384,anxiety disorder,MONDO_grouped,53919,SLCO1C1,NCBI,HGNC:13819,SLCO1C1,solute carrier organic anion transporter family member 1C1,Q9NYB5
MONDO:0005618,anxiety disorder,anxiety disorder,8187_2050_5618_5451_5371_100081_5383_1942_1098_3265_11924_12384,anxiety disorder,MONDO_grouped,6586,SLIT3,NCBI,HGNC:11087,SLIT3,slit guidance ligand 3,O75094
MONDO:0005618,anxiety disorder,anxiety disorder,8187_2050_5618_5451_5371_100081_5383_1942_1098_3265_11924_12384,anxiety disorder,MONDO_grouped,6616,SNAP25,NCBI,HGNC:11132,SNAP25,synaptosome associated protein 25,P60880
MONDO:0005618,anxiety disorder,anxiety disorder,8187_2050_5618_5451_5371_100081_5383_1942_1098_3265_11924_12384,anxiety disorder,MONDO_grouped,6647,SOD1,NCBI,HGNC:11179,SOD1,superoxide dismutase 1,P00441
MONDO:0005618,anxiety disorder,anxiety disorder,8187_2050_5618_5451_5371_100081_5383_1942_1098_3265_11924_12384,anxiety disorder,MONDO_grouped,6648,SOD2,NCBI,HGNC:11180,SOD2,superoxide dismutase 2,P04179
MONDO:0005618,anxiety disorder,anxiety disorder,8187_2050_5618_5451_5371_100081_5383_1942_1098_3265_11924_12384,anxiety disorder,MONDO_grouped,6662,SOX9,NCBI,HGNC:11204,SOX9,SRY-box transcription factor 9,P48436
MONDO:0005618,anxiety disorder,anxiety disorder,8187_2050_5618_5451_5371_100081_5383_1942_1098_3265_11924_12384,anxiety disorder,MONDO_grouped,6715,SRD5A1,NCBI,HGNC:11284,SRD5A1,steroid 5 alpha-reductase 1,P18405
MONDO:0005618,anxiety disorder,anxiety disorder,8187_2050_5618_5451_5371_100081_5383_1942_1098_3265_11924_12384,anxiety disorder,MONDO_grouped,51593,SRRT,NCBI,HGNC:24101,SRRT,"serrate, RNA effector molecule",Q9BXP5
MONDO:0005618,anxiety disorder,anxiety disorder,8187_2050_5618_5451_5371_100081_5383_1942_1098_3265_11924_12384,anxiety disorder,MONDO_grouped,6750,SST,NCBI,HGNC:11329,SST,somatostatin,P61278
MONDO:0005618,anxiety disorder,anxiety disorder,8187_2050_5618_5451_5371_100081_5383_1942_1098_3265_11924_12384,anxiety disorder,MONDO_grouped,6755,SSTR5,NCBI,HGNC:11334,SSTR5,somatostatin receptor 5,P35346
MONDO:0005618,anxiety disorder,anxiety disorder,8187_2050_5618_5451_5371_100081_5383_1942_1098_3265_11924_12384,anxiety disorder,MONDO_grouped,6774,STAT3,NCBI,HGNC:11364,STAT3,signal transducer and activator of transcription 3,P40763
MONDO:0005618,anxiety disorder,anxiety disorder,8187_2050_5618_5451_5371_100081_5383_1942_1098_3265_11924_12384,anxiety disorder,MONDO_grouped,10963,STIP1,NCBI,HGNC:11387,STIP1,stress induced phosphoprotein 1,P31948
MONDO:0005618,anxiety disorder,anxiety disorder,8187_2050_5618_5451_5371_100081_5383_1942_1098_3265_11924_12384,anxiety disorder,MONDO_grouped,3925,STMN1,NCBI,HGNC:6510,STMN1,stathmin 1,P16949
MONDO:0005618,anxiety disorder,anxiety disorder,8187_2050_5618_5451_5371_100081_5383_1942_1098_3265_11924_12384,anxiety disorder,MONDO_grouped,6853,SYN1,NCBI,HGNC:11494,SYN1,synapsin I,P17600
MONDO:0005618,anxiety disorder,anxiety disorder,8187_2050_5618_5451_5371_100081_5383_1942_1098_3265_11924_12384,anxiety disorder,MONDO_grouped,319100,TAAR6,NCBI,HGNC:20978,TAAR6,trace amine associated receptor 6,Q96RI8
MONDO:0005618,anxiety disorder,anxiety disorder,8187_2050_5618_5451_5371_100081_5383_1942_1098_3265_11924_12384,anxiety disorder,MONDO_grouped,6863,TAC1,NCBI,HGNC:11517,TAC1,tachykinin precursor 1,P20366
MONDO:0005618,anxiety disorder,anxiety disorder,8187_2050_5618_5451_5371_100081_5383_1942_1098_3265_11924_12384,anxiety disorder,MONDO_grouped,6869,TACR1,NCBI,HGNC:11526,TACR1,tachykinin receptor 1,P25103
MONDO:0005618,anxiety disorder,anxiety disorder,8187_2050_5618_5451_5371_100081_5383_1942_1098_3265_11924_12384,anxiety disorder,MONDO_grouped,338811,TAFA2,NCBI,HGNC:21589,TAFA2,TAFA chemokine like family member 2,Q8N3H0
MONDO:0005618,anxiety disorder,anxiety disorder,8187_2050_5618_5451_5371_100081_5383_1942_1098_3265_11924_12384,anxiety disorder,MONDO_grouped,9095,TBX19,NCBI,HGNC:11596,TBX19,T-box transcription factor 19,O60806
MONDO:0005618,anxiety disorder,anxiety disorder,8187_2050_5618_5451_5371_100081_5383_1942_1098_3265_11924_12384,anxiety disorder,MONDO_grouped,30009,TBX21,NCBI,HGNC:11599,TBX21,T-box transcription factor 21,Q9UL17
MONDO:0005618,anxiety disorder,anxiety disorder,8187_2050_5618_5451_5371_100081_5383_1942_1098_3265_11924_12384,anxiety disorder,MONDO_grouped,6999,TDO2,NCBI,HGNC:11708,TDO2,"tryptophan 2,3-dioxygenase",P48775
MONDO:0005618,anxiety disorder,anxiety disorder,8187_2050_5618_5451_5371_100081_5383_1942_1098_3265_11924_12384,anxiety disorder,MONDO_grouped,7008,TEF,NCBI,HGNC:11722,TEF,"TEF transcription factor, PAR bZIP family member",Q10587
MONDO:0005618,anxiety disorder,anxiety disorder,8187_2050_5618_5451_5371_100081_5383_1942_1098_3265_11924_12384,anxiety disorder,MONDO_grouped,7015,TERT,NCBI,HGNC:11730,TERT,telomerase reverse transcriptase,O14746
MONDO:0005618,anxiety disorder,anxiety disorder,8187_2050_5618_5451_5371_100081_5383_1942_1098_3265_11924_12384,anxiety disorder,MONDO_grouped,7024,TFCP2,NCBI,HGNC:11748,TFCP2,transcription factor CP2,Q12800
MONDO:0005618,anxiety disorder,anxiety disorder,8187_2050_5618_5451_5371_100081_5383_1942_1098_3265_11924_12384,anxiety disorder,MONDO_grouped,7038,TG,NCBI,HGNC:11764,TG,thyroglobulin,P01266
MONDO:0005618,anxiety disorder,anxiety disorder,8187_2050_5618_5451_5371_100081_5383_1942_1098_3265_11924_12384,anxiety disorder,MONDO_grouped,7040,TGFB1,NCBI,HGNC:11766,TGFB1,transforming growth factor beta 1,P01137
MONDO:0005618,anxiety disorder,anxiety disorder,8187_2050_5618_5451_5371_100081_5383_1942_1098_3265_11924_12384,anxiety disorder,MONDO_grouped,7054,TH,NCBI,HGNC:11782,TH,tyrosine hydroxylase,P07101
MONDO:0005618,anxiety disorder,anxiety disorder,8187_2050_5618_5451_5371_100081_5383_1942_1098_3265_11924_12384,anxiety disorder,MONDO_grouped,8914,TIMELESS,NCBI,HGNC:11813,TIMELESS,timeless circadian regulator,Q9UNS1
MONDO:0005618,anxiety disorder,anxiety disorder,8187_2050_5618_5451_5371_100081_5383_1942_1098_3265_11924_12384,anxiety disorder,MONDO_grouped,7088,TLE1,NCBI,HGNC:11837,TLE1,"TLE family member 1, transcriptional corepressor",Q04724
MONDO:0005618,anxiety disorder,anxiety disorder,8187_2050_5618_5451_5371_100081_5383_1942_1098_3265_11924_12384,anxiety disorder,MONDO_grouped,51284,TLR7,NCBI,HGNC:15631,TLR7,toll like receptor 7,Q9NYK1
MONDO:0005618,anxiety disorder,anxiety disorder,8187_2050_5618_5451_5371_100081_5383_1942_1098_3265_11924_12384,anxiety disorder,MONDO_grouped,7124,TNF,NCBI,HGNC:11892,TNF,tumor necrosis factor,P01375
MONDO:0005618,anxiety disorder,anxiety disorder,8187_2050_5618_5451_5371_100081_5383_1942_1098_3265_11924_12384,anxiety disorder,MONDO_grouped,7132,TNFRSF1A,NCBI,HGNC:11916,TNFRSF1A,TNF receptor superfamily member 1A,P19438
MONDO:0005618,anxiety disorder,anxiety disorder,8187_2050_5618_5451_5371_100081_5383_1942_1098_3265_11924_12384,anxiety disorder,MONDO_grouped,7133,TNFRSF1B,NCBI,HGNC:11917,TNFRSF1B,TNF receptor superfamily member 1B,P20333
MONDO:0005618,anxiety disorder,anxiety disorder,8187_2050_5618_5451_5371_100081_5383_1942_1098_3265_11924_12384,anxiety disorder,MONDO_grouped,10452,TOMM40,NCBI,HGNC:18001,TOMM40,translocase of outer mitochondrial membrane 40,O96008
MONDO:0005618,anxiety disorder,anxiety disorder,8187_2050_5618_5451_5371_100081_5383_1942_1098_3265_11924_12384,anxiety disorder,MONDO_grouped,7166,TPH1,NCBI,HGNC:12008,TPH1,tryptophan hydroxylase 1,P17752
MONDO:0005618,anxiety disorder,anxiety disorder,8187_2050_5618_5451_5371_100081_5383_1942_1098_3265_11924_12384,anxiety disorder,MONDO_grouped,121278,TPH2,NCBI,HGNC:20692,TPH2,tryptophan hydroxylase 2,Q8IWU9
MONDO:0005618,anxiety disorder,anxiety disorder,8187_2050_5618_5451_5371_100081_5383_1942_1098_3265_11924_12384,anxiety disorder,MONDO_grouped,7200,TRH,NCBI,HGNC:12298,TRH,thyrotropin releasing hormone,P20396
MONDO:0005618,anxiety disorder,anxiety disorder,8187_2050_5618_5451_5371_100081_5383_1942_1098_3265_11924_12384,anxiety disorder,MONDO_grouped,7276,TTR,NCBI,HGNC:12405,TTR,transthyretin,P02766
MONDO:0005618,anxiety disorder,anxiety disorder,8187_2050_5618_5451_5371_100081_5383_1942_1098_3265_11924_12384,anxiety disorder,MONDO_grouped,7297,TYK2,NCBI,HGNC:12440,TYK2,tyrosine kinase 2,P29597
MONDO:0005618,anxiety disorder,anxiety disorder,8187_2050_5618_5451_5371_100081_5383_1942_1098_3265_11924_12384,anxiety disorder,MONDO_grouped,7349,UCN,NCBI,HGNC:12516,UCN,urocortin,P55089
MONDO:0005618,anxiety disorder,anxiety disorder,8187_2050_5618_5451_5371_100081_5383_1942_1098_3265_11924_12384,anxiety disorder,MONDO_grouped,114131,UCN3,NCBI,HGNC:17781,UCN3,urocortin 3,Q969E3
MONDO:0005618,anxiety disorder,anxiety disorder,8187_2050_5618_5451_5371_100081_5383_1942_1098_3265_11924_12384,anxiety disorder,MONDO_grouped,64854,USP46,NCBI,HGNC:20075,USP46,ubiquitin specific peptidase 46,P62068
MONDO:0005618,anxiety disorder,anxiety disorder,8187_2050_5618_5451_5371_100081_5383_1942_1098_3265_11924_12384,anxiety disorder,MONDO_grouped,6844,VAMP2,NCBI,HGNC:12643,VAMP2,vesicle associated membrane protein 2,P63027
MONDO:0005618,anxiety disorder,anxiety disorder,8187_2050_5618_5451_5371_100081_5383_1942_1098_3265_11924_12384,anxiety disorder,MONDO_grouped,7422,VEGFA,NCBI,HGNC:12680,VEGFA,vascular endothelial growth factor A,P15692
MONDO:0005618,anxiety disorder,anxiety disorder,8187_2050_5618_5451_5371_100081_5383_1942_1098_3265_11924_12384,anxiety disorder,MONDO_grouped,7425,VGF,NCBI,HGNC:12684,VGF,VGF nerve growth factor inducible,O15240
MONDO:0005618,anxiety disorder,anxiety disorder,8187_2050_5618_5451_5371_100081_5383_1942_1098_3265_11924_12384,anxiety disorder,MONDO_grouped,7466,WFS1,NCBI,HGNC:12762,WFS1,wolframin ER transmembrane glycoprotein,O76024
MONDO:0005618,anxiety disorder,anxiety disorder,8187_2050_5618_5451_5371_100081_5383_1942_1098_3265_11924_12384,anxiety disorder,MONDO_grouped,23286,WWC1,NCBI,HGNC:29435,WWC1,WW and C2 domain containing 1,Q8IX03
MONDO:0005618,anxiety disorder,anxiety disorder,8187_2050_5618_5451_5371_100081_5383_1942_1098_3265_11924_12384,anxiety disorder,MONDO_grouped,7498,XDH,NCBI,HGNC:12805,XDH,xanthine dehydrogenase,P47989
MONDO:0005618,anxiety disorder,anxiety disorder,8187_2050_5618_5451_5371_100081_5383_1942_1098_3265_11924_12384,anxiety disorder,MONDO_grouped,7704,ZBTB16,NCBI,HGNC:12930,ZBTB16,zinc finger and BTB domain containing 16,Q05516
MONDO:0007743,attention deficit-hyperactivity disorder,attention deficit-hyperactivity disorder,7743,attention deficit-hyperactivity disorder,MONDO,23284,ADGRL3,NCBI,HGNC:20974,ADGRL3,adhesion G protein-coupled receptor L3,Q9HAR2
MONDO:0007743,attention deficit-hyperactivity disorder,attention deficit-hyperactivity disorder,7743,attention deficit-hyperactivity disorder,MONDO,57412,AS3MT,NCBI,HGNC:17452,AS3MT,arsenite methyltransferase,Q9HBK9
MONDO:0007743,attention deficit-hyperactivity disorder,attention deficit-hyperactivity disorder,7743,attention deficit-hyperactivity disorder,MONDO,50632,CALY,NCBI,HGNC:17938,CALY,calcyon neuron specific vesicular protein,Q9NYX4
MONDO:0007743,attention deficit-hyperactivity disorder,attention deficit-hyperactivity disorder,7743,attention deficit-hyperactivity disorder,MONDO,1137,CHRNA4,NCBI,HGNC:1958,CHRNA4,cholinergic receptor nicotinic alpha 4 subunit,P43681
MONDO:0007743,attention deficit-hyperactivity disorder,attention deficit-hyperactivity disorder,7743,attention deficit-hyperactivity disorder,MONDO,1141,CHRNB2,NCBI,HGNC:1962,CHRNB2,cholinergic receptor nicotinic beta 2 subunit,P17787
MONDO:0007743,attention deficit-hyperactivity disorder,attention deficit-hyperactivity disorder,7743,attention deficit-hyperactivity disorder,MONDO,23152,CIC,NCBI,HGNC:14214,CIC,capicua transcriptional repressor,Q96RK0
MONDO:0007743,attention deficit-hyperactivity disorder,attention deficit-hyperactivity disorder,7743,attention deficit-hyperactivity disorder,MONDO,1268,CNR1,NCBI,HGNC:2159,CNR1,cannabinoid receptor 1,P21554
MONDO:0007743,attention deficit-hyperactivity disorder,attention deficit-hyperactivity disorder,7743,attention deficit-hyperactivity disorder,MONDO,1312,COMT,NCBI,HGNC:2228,COMT,catechol-O-methyltransferase,P21964
MONDO:0007743,attention deficit-hyperactivity disorder,attention deficit-hyperactivity disorder,7743,attention deficit-hyperactivity disorder,MONDO,1813,DRD2,NCBI,HGNC:3023,DRD2,dopamine receptor D2,P14416
MONDO:0007743,attention deficit-hyperactivity disorder,attention deficit-hyperactivity disorder,7743,attention deficit-hyperactivity disorder,MONDO,1815,DRD4,NCBI,HGNC:3025,DRD4,dopamine receptor D4,P21917
MONDO:0007743,attention deficit-hyperactivity disorder,attention deficit-hyperactivity disorder,7743,attention deficit-hyperactivity disorder,MONDO,1816,DRD5,NCBI,HGNC:3026,DRD5,dopamine receptor D5,P21918
MONDO:0007743,attention deficit-hyperactivity disorder,attention deficit-hyperactivity disorder,7743,attention deficit-hyperactivity disorder,MONDO,2245,FGD1,NCBI,HGNC:3663,FGD1,"FYVE, RhoGEF and PH domain containing 1",P98174
MONDO:0007743,attention deficit-hyperactivity disorder,attention deficit-hyperactivity disorder,7743,attention deficit-hyperactivity disorder,MONDO,28964,GIT1,NCBI,HGNC:4272,GIT1,GIT ArfGAP 1,Q9Y2X7
MONDO:0007743,attention deficit-hyperactivity disorder,attention deficit-hyperactivity disorder,7743,attention deficit-hyperactivity disorder,MONDO,2911,GRM1,NCBI,HGNC:4593,GRM1,glutamate metabotropic receptor 1,Q13255
MONDO:0007743,attention deficit-hyperactivity disorder,attention deficit-hyperactivity disorder,7743,attention deficit-hyperactivity disorder,MONDO,2915,GRM5,NCBI,HGNC:4597,GRM5,glutamate metabotropic receptor 5,P41594
MONDO:0007743,attention deficit-hyperactivity disorder,attention deficit-hyperactivity disorder,7743,attention deficit-hyperactivity disorder,MONDO,2917,GRM7,NCBI,HGNC:4599,GRM7,glutamate metabotropic receptor 7,Q14831
MONDO:0007743,attention deficit-hyperactivity disorder,attention deficit-hyperactivity disorder,7743,attention deficit-hyperactivity disorder,MONDO,2918,GRM8,NCBI,HGNC:4600,GRM8,glutamate metabotropic receptor 8,O00222
MONDO:0007743,attention deficit-hyperactivity disorder,attention deficit-hyperactivity disorder,7743,attention deficit-hyperactivity disorder,MONDO,9969,MED13,NCBI,HGNC:22474,MED13,mediator complex subunit 13,Q9UHV7
MONDO:0007743,attention deficit-hyperactivity disorder,attention deficit-hyperactivity disorder,7743,attention deficit-hyperactivity disorder,MONDO,5789,PTPRD,NCBI,HGNC:9668,PTPRD,protein tyrosine phosphatase receptor type D,P23468
MONDO:0007743,attention deficit-hyperactivity disorder,attention deficit-hyperactivity disorder,7743,attention deficit-hyperactivity disorder,MONDO,6531,SLC6A3,NCBI,HGNC:11049,SLC6A3,solute carrier family 6 member 3,Q01959
MONDO:0007743,attention deficit-hyperactivity disorder,attention deficit-hyperactivity disorder,7743,attention deficit-hyperactivity disorder,MONDO,412,STS,NCBI,HGNC:11425,STS,steroid sulfatase,P08842
MONDO:0007743,attention deficit-hyperactivity disorder,attention deficit-hyperactivity disorder,7743,attention deficit-hyperactivity disorder,MONDO,6869,TACR1,NCBI,HGNC:11526,TACR1,tachykinin receptor 1,P25103
MONDO:0007743,attention deficit-hyperactivity disorder,attention deficit-hyperactivity disorder,7743,attention deficit-hyperactivity disorder,MONDO,121278,TPH2,NCBI,HGNC:20692,TPH2,tryptophan hydroxylase 2,Q8IWU9
MONDO:0007743,attention deficit-hyperactivity disorder,attention deficit-hyperactivity disorder,7743,attention deficit-hyperactivity disorder,MONDO,23036,ZNF292,NCBI,HGNC:18410,ZNF292,zinc finger protein 292,O60281
MONDO:0004985,bipolar disorder,bipolar disorder,4985_693_24613_1866,bipolar disorder,MONDO_grouped,15,AANAT,NCBI,HGNC:19,AANAT,aralkylamine N-acetyltransferase,Q16613
MONDO:0004985,bipolar disorder,bipolar disorder,4985_693_24613_1866,bipolar disorder,MONDO_grouped,154664,ABCA13,NCBI,HGNC:14638,ABCA13,ATP binding cassette subfamily A member 13,Q86UQ4
MONDO:0004985,bipolar disorder,bipolar disorder,4985_693_24613_1866,bipolar disorder,MONDO_grouped,35,ACADS,NCBI,HGNC:90,ACADS,acyl-CoA dehydrogenase short chain,P16219
MONDO:0004985,bipolar disorder,bipolar disorder,4985_693_24613_1866,bipolar disorder,MONDO_grouped,1636,ACE,NCBI,HGNC:2707,ACE,angiotensin I converting enzyme,P12821
MONDO:0004985,bipolar disorder,bipolar disorder,4985_693_24613_1866,bipolar disorder,MONDO_grouped,60,ACTB,NCBI,HGNC:132,ACTB,actin beta,P60709
MONDO:0004985,bipolar disorder,bipolar disorder,4985_693_24613_1866,bipolar disorder,MONDO_grouped,104,ADARB1,NCBI,HGNC:226,ADARB1,adenosine deaminase RNA specific B1,P78563
MONDO:0004985,bipolar disorder,bipolar disorder,4985_693_24613_1866,bipolar disorder,MONDO_grouped,108,ADCY2,NCBI,HGNC:233,ADCY2,adenylate cyclase 2,Q08462
MONDO:0004985,bipolar disorder,bipolar disorder,4985_693_24613_1866,bipolar disorder,MONDO_grouped,109,ADCY3,NCBI,HGNC:234,ADCY3,adenylate cyclase 3,O60266
MONDO:0004985,bipolar disorder,bipolar disorder,4985_693_24613_1866,bipolar disorder,MONDO_grouped,114,ADCY8,NCBI,HGNC:239,ADCY8,adenylate cyclase 8,P40145
MONDO:0004985,bipolar disorder,bipolar disorder,4985_693_24613_1866,bipolar disorder,MONDO_grouped,116,ADCYAP1,NCBI,HGNC:241,ADCYAP1,adenylate cyclase activating polypeptide 1,P18509
MONDO:0004985,bipolar disorder,bipolar disorder,4985_693_24613_1866,bipolar disorder,MONDO_grouped,120,ADD3,NCBI,HGNC:245,ADD3,adducin 3,Q9UEY8
MONDO:0004985,bipolar disorder,bipolar disorder,4985_693_24613_1866,bipolar disorder,MONDO_grouped,133,ADM,NCBI,HGNC:259,ADM,adrenomedullin,P35318
MONDO:0004985,bipolar disorder,bipolar disorder,4985_693_24613_1866,bipolar disorder,MONDO_grouped,148,ADRA1A,NCBI,HGNC:277,ADRA1A,adrenoceptor alpha 1A,P35348
MONDO:0004985,bipolar disorder,bipolar disorder,4985_693_24613_1866,bipolar disorder,MONDO_grouped,152,ADRA2C,NCBI,HGNC:283,ADRA2C,adrenoceptor alpha 2C,P18825
MONDO:0004985,bipolar disorder,bipolar disorder,4985_693_24613_1866,bipolar disorder,MONDO_grouped,154,ADRB2,NCBI,HGNC:286,ADRB2,adrenoceptor beta 2,P07550
MONDO:0004985,bipolar disorder,bipolar disorder,4985_693_24613_1866,bipolar disorder,MONDO_grouped,246269,AFG1L,NCBI,HGNC:16411,AFG1L,AFG1 like ATPase,Q8WV93
MONDO:0004985,bipolar disorder,bipolar disorder,4985_693_24613_1866,bipolar disorder,MONDO_grouped,183,AGT,NCBI,HGNC:333,AGT,angiotensinogen,P01019
MONDO:0004985,bipolar disorder,bipolar disorder,4985_693_24613_1866,bipolar disorder,MONDO_grouped,11216,AKAP10,NCBI,HGNC:368,AKAP10,A-kinase anchoring protein 10,O43572
MONDO:0004985,bipolar disorder,bipolar disorder,4985_693_24613_1866,bipolar disorder,MONDO_grouped,1109,AKR1C4,NCBI,HGNC:387,AKR1C4,aldo-keto reductase family 1 member C4,P17516
MONDO:0004985,bipolar disorder,bipolar disorder,4985_693_24613_1866,bipolar disorder,MONDO_grouped,207,AKT1,NCBI,HGNC:391,AKT1,AKT serine/threonine kinase 1,P31749
MONDO:0004985,bipolar disorder,bipolar disorder,4985_693_24613_1866,bipolar disorder,MONDO_grouped,208,AKT2,NCBI,HGNC:392,AKT2,AKT serine/threonine kinase 2,P31751
MONDO:0004985,bipolar disorder,bipolar disorder,4985_693_24613_1866,bipolar disorder,MONDO_grouped,217,ALDH2,NCBI,HGNC:404,ALDH2,aldehyde dehydrogenase 2 family member,P05091
MONDO:0004985,bipolar disorder,bipolar disorder,4985_693_24613_1866,bipolar disorder,MONDO_grouped,239,ALOX12,NCBI,HGNC:429,ALOX12,"arachidonate 12-lipoxygenase, 12S type",P18054
MONDO:0004985,bipolar disorder,bipolar disorder,4985_693_24613_1866,bipolar disorder,MONDO_grouped,288,ANK3,NCBI,HGNC:494,ANK3,ankyrin 3,Q12955
MONDO:0004985,bipolar disorder,bipolar disorder,4985_693_24613_1866,bipolar disorder,MONDO_grouped,255239,ANKK1,NCBI,HGNC:21027,ANKK1,ankyrin repeat and kinase domain containing 1,Q8NFD2
MONDO:0004985,bipolar disorder,bipolar disorder,4985_693_24613_1866,bipolar disorder,MONDO_grouped,347,APOD,NCBI,HGNC:612,APOD,apolipoprotein D,P05090
MONDO:0004985,bipolar disorder,bipolar disorder,4985_693_24613_1866,bipolar disorder,MONDO_grouped,348,APOE,NCBI,HGNC:613,APOE,apolipoprotein E,P02649
MONDO:0004985,bipolar disorder,bipolar disorder,4985_693_24613_1866,bipolar disorder,MONDO_grouped,351,APP,NCBI,HGNC:620,APP,amyloid beta precursor protein,P05067
MONDO:0004985,bipolar disorder,bipolar disorder,4985_693_24613_1866,bipolar disorder,MONDO_grouped,9639,ARHGEF10,NCBI,HGNC:14103,ARHGEF10,Rho guanine nucleotide exchange factor 10,O15013
MONDO:0004985,bipolar disorder,bipolar disorder,4985_693_24613_1866,bipolar disorder,MONDO_grouped,406,ARNTL,NCBI,HGNC:701,BMAL1,basic helix-loop-helix ARNT like 1,O00327
MONDO:0004985,bipolar disorder,bipolar disorder,4985_693_24613_1866,bipolar disorder,MONDO_grouped,56938,ARNTL2,NCBI,HGNC:18984,BMAL2,basic helix-loop-helix ARNT like 2,Q8WYA1
MONDO:0004985,bipolar disorder,bipolar disorder,4985_693_24613_1866,bipolar disorder,MONDO_grouped,409,ARRB2,NCBI,HGNC:712,ARRB2,arrestin beta 2,P32121
MONDO:0004985,bipolar disorder,bipolar disorder,4985_693_24613_1866,bipolar disorder,MONDO_grouped,438,ASMT,NCBI,HGNC:750,ASMT,acetylserotonin O-methyltransferase,P46597
MONDO:0004985,bipolar disorder,bipolar disorder,4985_693_24613_1866,bipolar disorder,MONDO_grouped,23245,ASTN2,NCBI,HGNC:17021,ASTN2,astrotactin 2,O75129
MONDO:0004985,bipolar disorder,bipolar disorder,4985_693_24613_1866,bipolar disorder,MONDO_grouped,468,ATF4,NCBI,HGNC:786,ATF4,activating transcription factor 4,P18848
MONDO:0004985,bipolar disorder,bipolar disorder,4985_693_24613_1866,bipolar disorder,MONDO_grouped,22809,ATF5,NCBI,HGNC:790,ATF5,activating transcription factor 5,Q9Y2D1
MONDO:0004985,bipolar disorder,bipolar disorder,4985_693_24613_1866,bipolar disorder,MONDO_grouped,476,ATP1A1,NCBI,HGNC:799,ATP1A1,ATPase Na+/K+ transporting subunit alpha 1,P05023
MONDO:0004985,bipolar disorder,bipolar disorder,4985_693_24613_1866,bipolar disorder,MONDO_grouped,477,ATP1A2,NCBI,HGNC:800,ATP1A2,ATPase Na+/K+ transporting subunit alpha 2,P50993
MONDO:0004985,bipolar disorder,bipolar disorder,4985_693_24613_1866,bipolar disorder,MONDO_grouped,478,ATP1A3,NCBI,HGNC:801,ATP1A3,ATPase Na+/K+ transporting subunit alpha 3,P13637
MONDO:0004985,bipolar disorder,bipolar disorder,4985_693_24613_1866,bipolar disorder,MONDO_grouped,551,AVP,NCBI,HGNC:894,AVP,arginine vasopressin,P01185
MONDO:0004985,bipolar disorder,bipolar disorder,4985_693_24613_1866,bipolar disorder,MONDO_grouped,553,AVPR1B,NCBI,HGNC:896,AVPR1B,arginine vasopressin receptor 1B,P47901
MONDO:0004985,bipolar disorder,bipolar disorder,4985_693_24613_1866,bipolar disorder,MONDO_grouped,573,BAG1,NCBI,HGNC:937,BAG1,BAG cochaperone 1,Q99933
MONDO:0004985,bipolar disorder,bipolar disorder,4985_693_24613_1866,bipolar disorder,MONDO_grouped,590,BCHE,NCBI,HGNC:983,BCHE,butyrylcholinesterase,P06276
MONDO:0004985,bipolar disorder,bipolar disorder,4985_693_24613_1866,bipolar disorder,MONDO_grouped,596,BCL2,NCBI,HGNC:990,BCL2,BCL2 apoptosis regulator,P10415
MONDO:0004985,bipolar disorder,bipolar disorder,4985_693_24613_1866,bipolar disorder,MONDO_grouped,607,BCL9,NCBI,HGNC:1008,BCL9,BCL9 transcription coactivator,O00512
MONDO:0004985,bipolar disorder,bipolar disorder,4985_693_24613_1866,bipolar disorder,MONDO_grouped,613,BCR,NCBI,HGNC:1014,BCR,BCR activator of RhoGEF and GTPase,P11274
MONDO:0004985,bipolar disorder,bipolar disorder,4985_693_24613_1866,bipolar disorder,MONDO_grouped,624,BDKRB2,NCBI,HGNC:1030,BDKRB2,bradykinin receptor B2,P30411
MONDO:0004985,bipolar disorder,bipolar disorder,4985_693_24613_1866,bipolar disorder,MONDO_grouped,627,BDNF,NCBI,HGNC:1033,BDNF,brain derived neurotrophic factor,P23560
MONDO:0004985,bipolar disorder,bipolar disorder,4985_693_24613_1866,bipolar disorder,MONDO_grouped,8553,BHLHE40,NCBI,HGNC:1046,BHLHE40,basic helix-loop-helix family member e40,O14503
MONDO:0004985,bipolar disorder,bipolar disorder,4985_693_24613_1866,bipolar disorder,MONDO_grouped,79365,BHLHE41,NCBI,HGNC:16617,BHLHE41,basic helix-loop-helix family member e41,Q9C0J9
MONDO:0004985,bipolar disorder,bipolar disorder,4985_693_24613_1866,bipolar disorder,MONDO_grouped,637,BID,NCBI,HGNC:1050,BID,BH3 interacting domain death agonist,P55957
MONDO:0004985,bipolar disorder,bipolar disorder,4985_693_24613_1866,bipolar disorder,MONDO_grouped,675,BRCA2,NCBI,HGNC:1101,BRCA2,BRCA2 DNA repair associated,P51587
MONDO:0004985,bipolar disorder,bipolar disorder,4985_693_24613_1866,bipolar disorder,MONDO_grouped,23774,BRD1,NCBI,HGNC:1102,BRD1,bromodomain containing 1,O95696
MONDO:0004985,bipolar disorder,bipolar disorder,4985_693_24613_1866,bipolar disorder,MONDO_grouped,122525,C14orf28,NCBI,HGNC:19834,DORIP1,dopamine receptor interacting protein 1,Q4W4Y0
MONDO:0004985,bipolar disorder,bipolar disorder,4985_693_24613_1866,bipolar disorder,MONDO_grouped,773,CACNA1A,NCBI,HGNC:1388,CACNA1A,calcium voltage-gated channel subunit alpha1 A,O00555
MONDO:0004985,bipolar disorder,bipolar disorder,4985_693_24613_1866,bipolar disorder,MONDO_grouped,774,CACNA1B,NCBI,HGNC:1389,CACNA1B,calcium voltage-gated channel subunit alpha1 B,Q00975
MONDO:0004985,bipolar disorder,bipolar disorder,4985_693_24613_1866,bipolar disorder,MONDO_grouped,775,CACNA1C,NCBI,HGNC:1390,CACNA1C,calcium voltage-gated channel subunit alpha1 C,Q13936
MONDO:0004985,bipolar disorder,bipolar disorder,4985_693_24613_1866,bipolar disorder,MONDO_grouped,776,CACNA1D,NCBI,HGNC:1391,CACNA1D,calcium voltage-gated channel subunit alpha1 D,Q01668
MONDO:0004985,bipolar disorder,bipolar disorder,4985_693_24613_1866,bipolar disorder,MONDO_grouped,783,CACNB2,NCBI,HGNC:1402,CACNB2,calcium voltage-gated channel auxiliary subunit beta 2,Q08289
MONDO:0004985,bipolar disorder,bipolar disorder,4985_693_24613_1866,bipolar disorder,MONDO_grouped,27091,CACNG5,NCBI,HGNC:1409,CACNG5,calcium voltage-gated channel auxiliary subunit gamma 5,Q9UF02
MONDO:0004985,bipolar disorder,bipolar disorder,4985_693_24613_1866,bipolar disorder,MONDO_grouped,805,CALM2,NCBI,HGNC:1445,CALM2,calmodulin 2,P0DP24
MONDO:0004985,bipolar disorder,bipolar disorder,4985_693_24613_1866,bipolar disorder,MONDO_grouped,811,CALR,NCBI,HGNC:1455,CALR,calreticulin,P27797
MONDO:0004985,bipolar disorder,bipolar disorder,4985_693_24613_1866,bipolar disorder,MONDO_grouped,815,CAMK2A,NCBI,HGNC:1460,CAMK2A,calcium/calmodulin dependent protein kinase II alpha,Q9UQM7
MONDO:0004985,bipolar disorder,bipolar disorder,4985_693_24613_1866,bipolar disorder,MONDO_grouped,841,CASP8,NCBI,HGNC:1509,CASP8,caspase 8,Q14790
MONDO:0004985,bipolar disorder,bipolar disorder,4985_693_24613_1866,bipolar disorder,MONDO_grouped,847,CAT,NCBI,HGNC:1516,CAT,catalase,P04040
MONDO:0004985,bipolar disorder,bipolar disorder,4985_693_24613_1866,bipolar disorder,MONDO_grouped,2694,CBLIF,NCBI,HGNC:4268,CBLIF,cobalamin binding intrinsic factor,P27352
MONDO:0004985,bipolar disorder,bipolar disorder,4985_693_24613_1866,bipolar disorder,MONDO_grouped,875,CBS,NCBI,HGNC:1550,CBS,cystathionine beta-synthase,P35520
MONDO:0004985,bipolar disorder,bipolar disorder,4985_693_24613_1866,bipolar disorder,MONDO_grouped,886,CCKAR,NCBI,HGNC:1570,CCKAR,cholecystokinin A receptor,P32238
MONDO:0004985,bipolar disorder,bipolar disorder,4985_693_24613_1866,bipolar disorder,MONDO_grouped,961,CD47,NCBI,HGNC:1682,CD47,CD47 molecule,Q08722
MONDO:0004985,bipolar disorder,bipolar disorder,4985_693_24613_1866,bipolar disorder,MONDO_grouped,1015,CDH17,NCBI,HGNC:1756,CDH17,cadherin 17,Q12864
MONDO:0004985,bipolar disorder,bipolar disorder,4985_693_24613_1866,bipolar disorder,MONDO_grouped,1005,CDH7,NCBI,HGNC:1766,CDH7,cadherin 7,Q9ULB5
MONDO:0004985,bipolar disorder,bipolar disorder,4985_693_24613_1866,bipolar disorder,MONDO_grouped,57132,CHMP1B,NCBI,HGNC:24287,CHMP1B,charged multivesicular body protein 1B,Q7LBR1
MONDO:0004985,bipolar disorder,bipolar disorder,4985_693_24613_1866,bipolar disorder,MONDO_grouped,89832,CHRFAM7A,NCBI,HGNC:15781,CHRFAM7A,CHRNA7 (exons 5-10) and FAM7A (exons A-E) fusion,Q494W8
MONDO:0004985,bipolar disorder,bipolar disorder,4985_693_24613_1866,bipolar disorder,MONDO_grouped,1129,CHRM2,NCBI,HGNC:1951,CHRM2,cholinergic receptor muscarinic 2,P08172
MONDO:0004985,bipolar disorder,bipolar disorder,4985_693_24613_1866,bipolar disorder,MONDO_grouped,1135,CHRNA2,NCBI,HGNC:1956,CHRNA2,cholinergic receptor nicotinic alpha 2 subunit,Q15822
MONDO:0004985,bipolar disorder,bipolar disorder,4985_693_24613_1866,bipolar disorder,MONDO_grouped,8973,CHRNA6,NCBI,HGNC:15963,CHRNA6,cholinergic receptor nicotinic alpha 6 subunit,Q15825
MONDO:0004985,bipolar disorder,bipolar disorder,4985_693_24613_1866,bipolar disorder,MONDO_grouped,1139,CHRNA7,NCBI,HGNC:1960,CHRNA7,cholinergic receptor nicotinic alpha 7 subunit,P36544
MONDO:0004985,bipolar disorder,bipolar disorder,4985_693_24613_1866,bipolar disorder,MONDO_grouped,1142,CHRNB3,NCBI,HGNC:1963,CHRNB3,cholinergic receptor nicotinic beta 3 subunit,Q05901
MONDO:0004985,bipolar disorder,bipolar disorder,4985_693_24613_1866,bipolar disorder,MONDO_grouped,10462,CLEC10A,NCBI,HGNC:16916,CLEC10A,C-type lectin domain containing 10A,Q8IUN9
MONDO:0004985,bipolar disorder,bipolar disorder,4985_693_24613_1866,bipolar disorder,MONDO_grouped,9575,CLOCK,NCBI,HGNC:2082,CLOCK,clock circadian regulator,O15516
MONDO:0004985,bipolar disorder,bipolar disorder,4985_693_24613_1866,bipolar disorder,MONDO_grouped,1268,CNR1,NCBI,HGNC:2159,CNR1,cannabinoid receptor 1,P21554
MONDO:0004985,bipolar disorder,bipolar disorder,4985_693_24613_1866,bipolar disorder,MONDO_grouped,1269,CNR2,NCBI,HGNC:2160,CNR2,cannabinoid receptor 2,P34972
MONDO:0004985,bipolar disorder,bipolar disorder,4985_693_24613_1866,bipolar disorder,MONDO_grouped,152330,CNTN4,NCBI,HGNC:2174,CNTN4,contactin 4,Q8IWV2
MONDO:0004985,bipolar disorder,bipolar disorder,4985_693_24613_1866,bipolar disorder,MONDO_grouped,27255,CNTN6,NCBI,HGNC:2176,CNTN6,contactin 6,Q9UQ52
MONDO:0004985,bipolar disorder,bipolar disorder,4985_693_24613_1866,bipolar disorder,MONDO_grouped,26047,CNTNAP2,NCBI,HGNC:13830,CNTNAP2,contactin associated protein 2,Q9UHC6
MONDO:0004985,bipolar disorder,bipolar disorder,4985_693_24613_1866,bipolar disorder,MONDO_grouped,1312,COMT,NCBI,HGNC:2228,COMT,catechol-O-methyltransferase,P21964
MONDO:0004985,bipolar disorder,bipolar disorder,4985_693_24613_1866,bipolar disorder,MONDO_grouped,10815,CPLX1,NCBI,HGNC:2309,CPLX1,complexin 1,O14810
MONDO:0004985,bipolar disorder,bipolar disorder,4985_693_24613_1866,bipolar disorder,MONDO_grouped,10814,CPLX2,NCBI,HGNC:2310,CPLX2,complexin 2,Q6PUV4
MONDO:0004985,bipolar disorder,bipolar disorder,4985_693_24613_1866,bipolar disorder,MONDO_grouped,1385,CREB1,NCBI,HGNC:2345,CREB1,cAMP responsive element binding protein 1,P16220
MONDO:0004985,bipolar disorder,bipolar disorder,4985_693_24613_1866,bipolar disorder,MONDO_grouped,1392,CRH,NCBI,HGNC:2355,CRH,corticotropin releasing hormone,P06850
MONDO:0004985,bipolar disorder,bipolar disorder,4985_693_24613_1866,bipolar disorder,MONDO_grouped,1394,CRHR1,NCBI,HGNC:2357,CRHR1,corticotropin releasing hormone receptor 1,P34998
MONDO:0004985,bipolar disorder,bipolar disorder,4985_693_24613_1866,bipolar disorder,MONDO_grouped,1395,CRHR2,NCBI,HGNC:2358,CRHR2,corticotropin releasing hormone receptor 2,Q13324
MONDO:0004985,bipolar disorder,bipolar disorder,4985_693_24613_1866,bipolar disorder,MONDO_grouped,1407,CRY1,NCBI,HGNC:2384,CRY1,cryptochrome circadian regulator 1,Q16526
MONDO:0004985,bipolar disorder,bipolar disorder,4985_693_24613_1866,bipolar disorder,MONDO_grouped,1408,CRY2,NCBI,HGNC:2385,CRY2,cryptochrome circadian regulator 2,Q49AN0
MONDO:0004985,bipolar disorder,bipolar disorder,4985_693_24613_1866,bipolar disorder,MONDO_grouped,64478,CSMD1,NCBI,HGNC:14026,CSMD1,CUB and Sushi multiple domains 1,Q96PZ7
MONDO:0004985,bipolar disorder,bipolar disorder,4985_693_24613_1866,bipolar disorder,MONDO_grouped,1454,CSNK1E,NCBI,HGNC:2453,CSNK1E,casein kinase 1 epsilon,P49674
MONDO:0004985,bipolar disorder,bipolar disorder,4985_693_24613_1866,bipolar disorder,MONDO_grouped,1465,CSRP1,NCBI,HGNC:2469,CSRP1,cysteine and glycine rich protein 1,P21291
MONDO:0004985,bipolar disorder,bipolar disorder,4985_693_24613_1866,bipolar disorder,MONDO_grouped,1493,CTLA4,NCBI,HGNC:2505,CTLA4,cytotoxic T-lymphocyte associated protein 4,P16410
MONDO:0004985,bipolar disorder,bipolar disorder,4985_693_24613_1866,bipolar disorder,MONDO_grouped,23316,CUX2,NCBI,HGNC:19347,CUX2,cut like homeobox 2,O14529
MONDO:0004985,bipolar disorder,bipolar disorder,4985_693_24613_1866,bipolar disorder,MONDO_grouped,3576,CXCL8,NCBI,HGNC:6025,CXCL8,C-X-C motif chemokine ligand 8,P10145
MONDO:0004985,bipolar disorder,bipolar disorder,4985_693_24613_1866,bipolar disorder,MONDO_grouped,1610,DAO,NCBI,HGNC:2671,DAO,D-amino acid oxidase,P14920
MONDO:0004985,bipolar disorder,bipolar disorder,4985_693_24613_1866,bipolar disorder,MONDO_grouped,267012,DAOA,NCBI,HGNC:21191,DAOA,D-amino acid oxidase activator,P59103
MONDO:0004985,bipolar disorder,bipolar disorder,4985_693_24613_1866,bipolar disorder,MONDO_grouped,26528,DAZAP1,NCBI,HGNC:2683,DAZAP1,DAZ associated protein 1,Q96EP5
MONDO:0004985,bipolar disorder,bipolar disorder,4985_693_24613_1866,bipolar disorder,MONDO_grouped,1621,DBH,NCBI,HGNC:2689,DBH,dopamine beta-hydroxylase,P09172
MONDO:0004985,bipolar disorder,bipolar disorder,4985_693_24613_1866,bipolar disorder,MONDO_grouped,1627,DBN1,NCBI,HGNC:2695,DBN1,drebrin 1,Q16643
MONDO:0004985,bipolar disorder,bipolar disorder,4985_693_24613_1866,bipolar disorder,MONDO_grouped,28988,DBNL,NCBI,HGNC:2696,DBNL,drebrin like,Q9UJU6
MONDO:0004985,bipolar disorder,bipolar disorder,4985_693_24613_1866,bipolar disorder,MONDO_grouped,9201,DCLK1,NCBI,HGNC:2700,DCLK1,doublecortin like kinase 1,O15075
MONDO:0004985,bipolar disorder,bipolar disorder,4985_693_24613_1866,bipolar disorder,MONDO_grouped,84516,DCTN5,NCBI,HGNC:24594,DCTN5,dynactin subunit 5,Q9BTE1
MONDO:0004985,bipolar disorder,bipolar disorder,4985_693_24613_1866,bipolar disorder,MONDO_grouped,1644,DDC,NCBI,HGNC:2719,DDC,dopa decarboxylase,P20711
MONDO:0004985,bipolar disorder,bipolar disorder,4985_693_24613_1866,bipolar disorder,MONDO_grouped,1607,DGKB,NCBI,HGNC:2850,DGKB,diacylglycerol kinase beta,Q9Y6T7
MONDO:0004985,bipolar disorder,bipolar disorder,4985_693_24613_1866,bipolar disorder,MONDO_grouped,160851,DGKH,NCBI,HGNC:2854,DGKH,diacylglycerol kinase eta,Q86XP1
MONDO:0004985,bipolar disorder,bipolar disorder,4985_693_24613_1866,bipolar disorder,MONDO_grouped,1734,DIO2,NCBI,HGNC:2884,DIO2,iodothyronine deiodinase 2,Q92813
MONDO:0004985,bipolar disorder,bipolar disorder,4985_693_24613_1866,bipolar disorder,MONDO_grouped,27185,DISC1,NCBI,HGNC:2888,DISC1,DISC1 scaffold protein,Q9NRI5
MONDO:0004985,bipolar disorder,bipolar disorder,4985_693_24613_1866,bipolar disorder,MONDO_grouped,85458,DIXDC1,NCBI,HGNC:23695,DIXDC1,DIX domain containing 1,Q155Q3
MONDO:0004985,bipolar disorder,bipolar disorder,4985_693_24613_1866,bipolar disorder,MONDO_grouped,27121,DKK4,NCBI,HGNC:2894,DKK4,dickkopf Wnt signaling pathway inhibitor 4,Q9UBT3
MONDO:0004985,bipolar disorder,bipolar disorder,4985_693_24613_1866,bipolar disorder,MONDO_grouped,1740,DLG2,NCBI,HGNC:2901,DLG2,discs large MAGUK scaffold protein 2,Q15700
MONDO:0004985,bipolar disorder,bipolar disorder,4985_693_24613_1866,bipolar disorder,MONDO_grouped,1741,DLG3,NCBI,HGNC:2902,DLG3,discs large MAGUK scaffold protein 3,Q92796
MONDO:0004985,bipolar disorder,bipolar disorder,4985_693_24613_1866,bipolar disorder,MONDO_grouped,1742,DLG4,NCBI,HGNC:2903,DLG4,discs large MAGUK scaffold protein 4,P78352
MONDO:0004985,bipolar disorder,bipolar disorder,4985_693_24613_1866,bipolar disorder,MONDO_grouped,1745,DLX1,NCBI,HGNC:2914,DLX1,distal-less homeobox 1,P56177
MONDO:0004985,bipolar disorder,bipolar disorder,4985_693_24613_1866,bipolar disorder,MONDO_grouped,1769,DNAH8,NCBI,HGNC:2952,DNAH8,dynein axonemal heavy chain 8,Q96JB1
MONDO:0004985,bipolar disorder,bipolar disorder,4985_693_24613_1866,bipolar disorder,MONDO_grouped,3337,DNAJB1,NCBI,HGNC:5270,DNAJB1,DnaJ heat shock protein family (Hsp40) member B1,P25685
MONDO:0004985,bipolar disorder,bipolar disorder,4985_693_24613_1866,bipolar disorder,MONDO_grouped,1786,DNMT1,NCBI,HGNC:2976,DNMT1,DNA methyltransferase 1,P26358
MONDO:0004985,bipolar disorder,bipolar disorder,4985_693_24613_1866,bipolar disorder,MONDO_grouped,23348,DOCK9,NCBI,HGNC:14132,DOCK9,dedicator of cytokinesis 9,Q9BZ29
MONDO:0004985,bipolar disorder,bipolar disorder,4985_693_24613_1866,bipolar disorder,MONDO_grouped,55816,DOK5,NCBI,HGNC:16173,DOK5,docking protein 5,Q9P104
MONDO:0004985,bipolar disorder,bipolar disorder,4985_693_24613_1866,bipolar disorder,MONDO_grouped,1808,DPYSL2,NCBI,HGNC:3014,DPYSL2,dihydropyrimidinase like 2,Q16555
MONDO:0004985,bipolar disorder,bipolar disorder,4985_693_24613_1866,bipolar disorder,MONDO_grouped,1812,DRD1,NCBI,HGNC:3020,DRD1,dopamine receptor D1,P21728
MONDO:0004985,bipolar disorder,bipolar disorder,4985_693_24613_1866,bipolar disorder,MONDO_grouped,1813,DRD2,NCBI,HGNC:3023,DRD2,dopamine receptor D2,P14416
MONDO:0004985,bipolar disorder,bipolar disorder,4985_693_24613_1866,bipolar disorder,MONDO_grouped,1814,DRD3,NCBI,HGNC:3024,DRD3,dopamine receptor D3,P35462
MONDO:0004985,bipolar disorder,bipolar disorder,4985_693_24613_1866,bipolar disorder,MONDO_grouped,1815,DRD4,NCBI,HGNC:3025,DRD4,dopamine receptor D4,P21917
MONDO:0004985,bipolar disorder,bipolar disorder,4985_693_24613_1866,bipolar disorder,MONDO_grouped,1816,DRD5,NCBI,HGNC:3026,DRD5,dopamine receptor D5,P21918
MONDO:0004985,bipolar disorder,bipolar disorder,4985_693_24613_1866,bipolar disorder,MONDO_grouped,1826,DSCAM,NCBI,HGNC:3039,DSCAM,DS cell adhesion molecule,O60469
MONDO:0004985,bipolar disorder,bipolar disorder,4985_693_24613_1866,bipolar disorder,MONDO_grouped,84062,DTNBP1,NCBI,HGNC:17328,DTNBP1,dystrobrevin binding protein 1,Q96EV8
MONDO:0004985,bipolar disorder,bipolar disorder,4985_693_24613_1866,bipolar disorder,MONDO_grouped,1848,DUSP6,NCBI,HGNC:3072,DUSP6,dual specificity phosphatase 6,Q16828
MONDO:0004985,bipolar disorder,bipolar disorder,4985_693_24613_1866,bipolar disorder,MONDO_grouped,1906,EDN1,NCBI,HGNC:3176,EDN1,endothelin 1,P05305
MONDO:0004985,bipolar disorder,bipolar disorder,4985_693_24613_1866,bipolar disorder,MONDO_grouped,1959,EGR2,NCBI,HGNC:3239,EGR2,early growth response 2,P11161
MONDO:0004985,bipolar disorder,bipolar disorder,4985_693_24613_1866,bipolar disorder,MONDO_grouped,1960,EGR3,NCBI,HGNC:3240,EGR3,early growth response 3,Q06889
MONDO:0004985,bipolar disorder,bipolar disorder,4985_693_24613_1866,bipolar disorder,MONDO_grouped,1962,EHHADH,NCBI,HGNC:3247,EHHADH,enoyl-CoA hydratase and 3-hydroxyacyl CoA dehydrogenase,Q08426
MONDO:0004985,bipolar disorder,bipolar disorder,4985_693_24613_1866,bipolar disorder,MONDO_grouped,2065,ERBB3,NCBI,HGNC:3431,ERBB3,erb-b2 receptor tyrosine kinase 3,P21860
MONDO:0004985,bipolar disorder,bipolar disorder,4985_693_24613_1866,bipolar disorder,MONDO_grouped,2066,ERBB4,NCBI,HGNC:3432,ERBB4,erb-b2 receptor tyrosine kinase 4,Q15303
MONDO:0004985,bipolar disorder,bipolar disorder,4985_693_24613_1866,bipolar disorder,MONDO_grouped,30816,ERVW-1,NCBI,HGNC:13525,ERVW-1,"endogenous retrovirus group W member 1, envelope",Q9UQF0
MONDO:0004985,bipolar disorder,bipolar disorder,4985_693_24613_1866,bipolar disorder,MONDO_grouped,2099,ESR1,NCBI,HGNC:3467,ESR1,estrogen receptor 1,P03372
MONDO:0004985,bipolar disorder,bipolar disorder,4985_693_24613_1866,bipolar disorder,MONDO_grouped,2158,F9,NCBI,HGNC:3551,F9,coagulation factor IX,P00740
MONDO:0004985,bipolar disorder,bipolar disorder,4985_693_24613_1866,bipolar disorder,MONDO_grouped,2173,FABP7,NCBI,HGNC:3562,FABP7,fatty acid binding protein 7,O15540
MONDO:0004985,bipolar disorder,bipolar disorder,4985_693_24613_1866,bipolar disorder,MONDO_grouped,9415,FADS2,NCBI,HGNC:3575,FADS2,fatty acid desaturase 2,O95864
MONDO:0004985,bipolar disorder,bipolar disorder,4985_693_24613_1866,bipolar disorder,MONDO_grouped,26224,FBXL3,NCBI,HGNC:13599,FBXL3,F-box and leucine rich repeat protein 3,Q9UKT7
MONDO:0004985,bipolar disorder,bipolar disorder,4985_693_24613_1866,bipolar disorder,MONDO_grouped,8822,FGF17,NCBI,HGNC:3673,FGF17,fibroblast growth factor 17,O60258
MONDO:0004985,bipolar disorder,bipolar disorder,4985_693_24613_1866,bipolar disorder,MONDO_grouped,26281,FGF20,NCBI,HGNC:3677,FGF20,fibroblast growth factor 20,Q9NP95
MONDO:0004985,bipolar disorder,bipolar disorder,4985_693_24613_1866,bipolar disorder,MONDO_grouped,2260,FGFR1,NCBI,HGNC:3688,FGFR1,fibroblast growth factor receptor 1,P11362
MONDO:0004985,bipolar disorder,bipolar disorder,4985_693_24613_1866,bipolar disorder,MONDO_grouped,2263,FGFR2,NCBI,HGNC:3689,FGFR2,fibroblast growth factor receptor 2,P21802
MONDO:0004985,bipolar disorder,bipolar disorder,4985_693_24613_1866,bipolar disorder,MONDO_grouped,2289,FKBP5,NCBI,HGNC:3721,FKBP5,FKBP prolyl isomerase 5,Q13451
MONDO:0004985,bipolar disorder,bipolar disorder,4985_693_24613_1866,bipolar disorder,MONDO_grouped,50943,FOXP3,NCBI,HGNC:6106,FOXP3,forkhead box P3,Q9BZS1
MONDO:0004985,bipolar disorder,bipolar disorder,4985_693_24613_1866,bipolar disorder,MONDO_grouped,166752,FREM3,NCBI,HGNC:25172,FREM3,FRAS1 related extracellular matrix 3,P0C091
MONDO:0004985,bipolar disorder,bipolar disorder,4985_693_24613_1866,bipolar disorder,MONDO_grouped,56884,FSTL5,NCBI,HGNC:21386,FSTL5,follistatin like 5,Q8N475
MONDO:0004985,bipolar disorder,bipolar disorder,4985_693_24613_1866,bipolar disorder,MONDO_grouped,2534,FYN,NCBI,HGNC:4037,FYN,"FYN proto-oncogene, Src family tyrosine kinase",P06241
MONDO:0004985,bipolar disorder,bipolar disorder,4985_693_24613_1866,bipolar disorder,MONDO_grouped,8322,FZD4,NCBI,HGNC:4042,FZD4,frizzled class receptor 4,Q9ULV1
MONDO:0004985,bipolar disorder,bipolar disorder,4985_693_24613_1866,bipolar disorder,MONDO_grouped,2539,G6PD,NCBI,HGNC:4057,G6PD,glucose-6-phosphate dehydrogenase,P11413
MONDO:0004985,bipolar disorder,bipolar disorder,4985_693_24613_1866,bipolar disorder,MONDO_grouped,2554,GABRA1,NCBI,HGNC:4075,GABRA1,gamma-aminobutyric acid type A receptor subunit alpha1,P14867
MONDO:0004985,bipolar disorder,bipolar disorder,4985_693_24613_1866,bipolar disorder,MONDO_grouped,2556,GABRA3,NCBI,HGNC:4077,GABRA3,gamma-aminobutyric acid type A receptor subunit alpha3,P34903
MONDO:0004985,bipolar disorder,bipolar disorder,4985_693_24613_1866,bipolar disorder,MONDO_grouped,2558,GABRA5,NCBI,HGNC:4079,GABRA5,gamma-aminobutyric acid type A receptor subunit alpha5,P31644
MONDO:0004985,bipolar disorder,bipolar disorder,4985_693_24613_1866,bipolar disorder,MONDO_grouped,2560,GABRB1,NCBI,HGNC:4081,GABRB1,gamma-aminobutyric acid type A receptor subunit beta1,P18505
MONDO:0004985,bipolar disorder,bipolar disorder,4985_693_24613_1866,bipolar disorder,MONDO_grouped,2561,GABRB2,NCBI,HGNC:4082,GABRB2,gamma-aminobutyric acid type A receptor subunit beta2,P47870
MONDO:0004985,bipolar disorder,bipolar disorder,4985_693_24613_1866,bipolar disorder,MONDO_grouped,2562,GABRB3,NCBI,HGNC:4083,GABRB3,gamma-aminobutyric acid type A receptor subunit beta3,P28472
MONDO:0004985,bipolar disorder,bipolar disorder,4985_693_24613_1866,bipolar disorder,MONDO_grouped,2565,GABRG1,NCBI,HGNC:4086,GABRG1,gamma-aminobutyric acid type A receptor subunit gamma1,Q8N1C3
MONDO:0004985,bipolar disorder,bipolar disorder,4985_693_24613_1866,bipolar disorder,MONDO_grouped,2569,GABRR1,NCBI,HGNC:4090,GABRR1,gamma-aminobutyric acid type A receptor subunit rho1,P24046
MONDO:0004985,bipolar disorder,bipolar disorder,4985_693_24613_1866,bipolar disorder,MONDO_grouped,2570,GABRR2,NCBI,HGNC:4091,GABRR2,gamma-aminobutyric acid type A receptor subunit rho2,P28476
MONDO:0004985,bipolar disorder,bipolar disorder,4985_693_24613_1866,bipolar disorder,MONDO_grouped,2571,GAD1,NCBI,HGNC:4092,GAD1,glutamate decarboxylase 1,Q99259
MONDO:0004985,bipolar disorder,bipolar disorder,4985_693_24613_1866,bipolar disorder,MONDO_grouped,2572,GAD2,NCBI,HGNC:4093,GAD2,glutamate decarboxylase 2,Q05329
MONDO:0004985,bipolar disorder,bipolar disorder,4985_693_24613_1866,bipolar disorder,MONDO_grouped,339896,GADL1,NCBI,HGNC:27949,GADL1,GAD like acidic amino acid decarboxylase 1,Q6ZQY3
MONDO:0004985,bipolar disorder,bipolar disorder,4985_693_24613_1866,bipolar disorder,MONDO_grouped,51083,GAL,NCBI,HGNC:4114,GAL,galanin and GMAP prepropeptide,P22466
MONDO:0004985,bipolar disorder,bipolar disorder,4985_693_24613_1866,bipolar disorder,MONDO_grouped,2587,GALR1,NCBI,HGNC:4132,GALR1,galanin receptor 1,P47211
MONDO:0004985,bipolar disorder,bipolar disorder,4985_693_24613_1866,bipolar disorder,MONDO_grouped,8811,GALR2,NCBI,HGNC:4133,GALR2,galanin receptor 2,O43603
MONDO:0004985,bipolar disorder,bipolar disorder,4985_693_24613_1866,bipolar disorder,MONDO_grouped,8484,GALR3,NCBI,HGNC:4134,GALR3,galanin receptor 3,O60755
MONDO:0004985,bipolar disorder,bipolar disorder,4985_693_24613_1866,bipolar disorder,MONDO_grouped,2596,GAP43,NCBI,HGNC:4140,GAP43,growth associated protein 43,P17677
MONDO:0004985,bipolar disorder,bipolar disorder,4985_693_24613_1866,bipolar disorder,MONDO_grouped,2668,GDNF,NCBI,HGNC:4232,GDNF,glial cell derived neurotrophic factor,P39905
MONDO:0004985,bipolar disorder,bipolar disorder,4985_693_24613_1866,bipolar disorder,MONDO_grouped,2670,GFAP,NCBI,HGNC:4235,GFAP,glial fibrillary acidic protein,P14136
MONDO:0004985,bipolar disorder,bipolar disorder,4985_693_24613_1866,bipolar disorder,MONDO_grouped,2739,GLO1,NCBI,HGNC:4323,GLO1,glyoxalase I,Q04760
MONDO:0004985,bipolar disorder,bipolar disorder,4985_693_24613_1866,bipolar disorder,MONDO_grouped,10249,GLYAT,NCBI,HGNC:13734,GLYAT,glycine-N-acyltransferase,Q6IB77
MONDO:0004985,bipolar disorder,bipolar disorder,4985_693_24613_1866,bipolar disorder,MONDO_grouped,2774,GNAL,NCBI,HGNC:4388,GNAL,G protein subunit alpha L,P38405
MONDO:0004985,bipolar disorder,bipolar disorder,4985_693_24613_1866,bipolar disorder,MONDO_grouped,54584,GNB1L,NCBI,HGNC:4397,GNB1L,G protein subunit beta 1 like,Q9BYB4
MONDO:0004985,bipolar disorder,bipolar disorder,4985_693_24613_1866,bipolar disorder,MONDO_grouped,2784,GNB3,NCBI,HGNC:4400,GNB3,G protein subunit beta 3,P16520
MONDO:0004985,bipolar disorder,bipolar disorder,4985_693_24613_1866,bipolar disorder,MONDO_grouped,9248,GPR50,NCBI,HGNC:4506,GPR50,G protein-coupled receptor 50,Q13585
MONDO:0004985,bipolar disorder,bipolar disorder,4985_693_24613_1866,bipolar disorder,MONDO_grouped,27201,GPR78,NCBI,HGNC:4528,GPR78,G protein-coupled receptor 78,Q96P69
MONDO:0004985,bipolar disorder,bipolar disorder,4985_693_24613_1866,bipolar disorder,MONDO_grouped,55507,GPRC5D,NCBI,HGNC:13310,GPRC5D,G protein-coupled receptor class C group 5 member D,Q9NZD1
MONDO:0004985,bipolar disorder,bipolar disorder,4985_693_24613_1866,bipolar disorder,MONDO_grouped,2890,GRIA1,NCBI,HGNC:4571,GRIA1,glutamate ionotropic receptor AMPA type subunit 1,P42261
MONDO:0004985,bipolar disorder,bipolar disorder,4985_693_24613_1866,bipolar disorder,MONDO_grouped,2891,GRIA2,NCBI,HGNC:4572,GRIA2,glutamate ionotropic receptor AMPA type subunit 2,P42262
MONDO:0004985,bipolar disorder,bipolar disorder,4985_693_24613_1866,bipolar disorder,MONDO_grouped,2892,GRIA3,NCBI,HGNC:4573,GRIA3,glutamate ionotropic receptor AMPA type subunit 3,P42263
MONDO:0004985,bipolar disorder,bipolar disorder,4985_693_24613_1866,bipolar disorder,MONDO_grouped,2894,GRID1,NCBI,HGNC:4575,GRID1,glutamate ionotropic receptor delta type subunit 1,Q9ULK0
MONDO:0004985,bipolar disorder,bipolar disorder,4985_693_24613_1866,bipolar disorder,MONDO_grouped,2897,GRIK1,NCBI,HGNC:4579,GRIK1,glutamate ionotropic receptor kainate type subunit 1,P39086
MONDO:0004985,bipolar disorder,bipolar disorder,4985_693_24613_1866,bipolar disorder,MONDO_grouped,2898,GRIK2,NCBI,HGNC:4580,GRIK2,glutamate ionotropic receptor kainate type subunit 2,Q13002
MONDO:0004985,bipolar disorder,bipolar disorder,4985_693_24613_1866,bipolar disorder,MONDO_grouped,2900,GRIK4,NCBI,HGNC:4582,GRIK4,glutamate ionotropic receptor kainate type subunit 4,Q16099
MONDO:0004985,bipolar disorder,bipolar disorder,4985_693_24613_1866,bipolar disorder,MONDO_grouped,2901,GRIK5,NCBI,HGNC:4583,GRIK5,glutamate ionotropic receptor kainate type subunit 5,Q16478
MONDO:0004985,bipolar disorder,bipolar disorder,4985_693_24613_1866,bipolar disorder,MONDO_grouped,2902,GRIN1,NCBI,HGNC:4584,GRIN1,glutamate ionotropic receptor NMDA type subunit 1,Q05586
MONDO:0004985,bipolar disorder,bipolar disorder,4985_693_24613_1866,bipolar disorder,MONDO_grouped,2903,GRIN2A,NCBI,HGNC:4585,GRIN2A,glutamate ionotropic receptor NMDA type subunit 2A,Q12879
MONDO:0004985,bipolar disorder,bipolar disorder,4985_693_24613_1866,bipolar disorder,MONDO_grouped,2904,GRIN2B,NCBI,HGNC:4586,GRIN2B,glutamate ionotropic receptor NMDA type subunit 2B,Q13224
MONDO:0004985,bipolar disorder,bipolar disorder,4985_693_24613_1866,bipolar disorder,MONDO_grouped,116443,GRIN3A,NCBI,HGNC:16767,GRIN3A,glutamate ionotropic receptor NMDA type subunit 3A,Q8TCU5
MONDO:0004985,bipolar disorder,bipolar disorder,4985_693_24613_1866,bipolar disorder,MONDO_grouped,157,GRK3,NCBI,HGNC:290,GRK3,G protein-coupled receptor kinase 3,P35626
MONDO:0004985,bipolar disorder,bipolar disorder,4985_693_24613_1866,bipolar disorder,MONDO_grouped,2913,GRM3,NCBI,HGNC:4595,GRM3,glutamate metabotropic receptor 3,Q14832
MONDO:0004985,bipolar disorder,bipolar disorder,4985_693_24613_1866,bipolar disorder,MONDO_grouped,2914,GRM4,NCBI,HGNC:4596,GRM4,glutamate metabotropic receptor 4,Q14833
MONDO:0004985,bipolar disorder,bipolar disorder,4985_693_24613_1866,bipolar disorder,MONDO_grouped,2915,GRM5,NCBI,HGNC:4597,GRM5,glutamate metabotropic receptor 5,P41594
MONDO:0004985,bipolar disorder,bipolar disorder,4985_693_24613_1866,bipolar disorder,MONDO_grouped,2917,GRM7,NCBI,HGNC:4599,GRM7,glutamate metabotropic receptor 7,Q14831
MONDO:0004985,bipolar disorder,bipolar disorder,4985_693_24613_1866,bipolar disorder,MONDO_grouped,2896,GRN,NCBI,HGNC:4601,GRN,granulin precursor,P28799
MONDO:0004985,bipolar disorder,bipolar disorder,4985_693_24613_1866,bipolar disorder,MONDO_grouped,2931,GSK3A,NCBI,HGNC:4616,GSK3A,glycogen synthase kinase 3 alpha,P49840
MONDO:0004985,bipolar disorder,bipolar disorder,4985_693_24613_1866,bipolar disorder,MONDO_grouped,2932,GSK3B,NCBI,HGNC:4617,GSK3B,glycogen synthase kinase 3 beta,P49841
MONDO:0004985,bipolar disorder,bipolar disorder,4985_693_24613_1866,bipolar disorder,MONDO_grouped,2944,GSTM1,NCBI,HGNC:4632,GSTM1,glutathione S-transferase mu 1,P09488
MONDO:0004985,bipolar disorder,bipolar disorder,4985_693_24613_1866,bipolar disorder,MONDO_grouped,2952,GSTT1,NCBI,HGNC:4641,GSTT1,glutathione S-transferase theta 1,P30711
MONDO:0004985,bipolar disorder,bipolar disorder,4985_693_24613_1866,bipolar disorder,MONDO_grouped,2954,GSTZ1,NCBI,HGNC:4643,GSTZ1,glutathione S-transferase zeta 1,O43708
MONDO:0004985,bipolar disorder,bipolar disorder,4985_693_24613_1866,bipolar disorder,MONDO_grouped,8843,HCAR3,NCBI,HGNC:16824,HCAR3,hydroxycarboxylic acid receptor 3,P49019
MONDO:0004985,bipolar disorder,bipolar disorder,4985_693_24613_1866,bipolar disorder,MONDO_grouped,10014,HDAC5,NCBI,HGNC:14068,HDAC5,histone deacetylase 5,Q9UQL6
MONDO:0004985,bipolar disorder,bipolar disorder,4985_693_24613_1866,bipolar disorder,MONDO_grouped,3091,HIF1A,NCBI,HGNC:4910,HIF1A,hypoxia inducible factor 1 subunit alpha,Q16665
MONDO:0004985,bipolar disorder,bipolar disorder,4985_693_24613_1866,bipolar disorder,MONDO_grouped,3094,HINT1,NCBI,HGNC:4912,HINT1,histidine triad nucleotide binding protein 1,P49773
MONDO:0004985,bipolar disorder,bipolar disorder,4985_693_24613_1866,bipolar disorder,MONDO_grouped,9026,HIP1R,NCBI,HGNC:18415,HIP1R,huntingtin interacting protein 1 related,O75146
MONDO:0004985,bipolar disorder,bipolar disorder,4985_693_24613_1866,bipolar disorder,MONDO_grouped,3123,HLA-DRB1,NCBI,HGNC:4948,HLA-DRB1,"major histocompatibility complex, class II, DR beta 1",P01911
MONDO:0004985,bipolar disorder,bipolar disorder,4985_693_24613_1866,bipolar disorder,MONDO_grouped,3126,HLA-DRB4,NCBI,HGNC:4952,HLA-DRB4,"major histocompatibility complex, class II, DR beta 4",P13762
MONDO:0004985,bipolar disorder,bipolar disorder,4985_693_24613_1866,bipolar disorder,MONDO_grouped,3133,HLA-E,NCBI,HGNC:4962,HLA-E,"major histocompatibility complex, class I, E",P13747
MONDO:0004985,bipolar disorder,bipolar disorder,4985_693_24613_1866,bipolar disorder,MONDO_grouped,3135,HLA-G,NCBI,HGNC:4964,HLA-G,"major histocompatibility complex, class I, G",P17693
MONDO:0004985,bipolar disorder,bipolar disorder,4985_693_24613_1866,bipolar disorder,MONDO_grouped,10042,HMGXB4,NCBI,HGNC:5003,HMGXB4,HMG-box containing 4,Q9UGU5
MONDO:0004985,bipolar disorder,bipolar disorder,4985_693_24613_1866,bipolar disorder,MONDO_grouped,27306,HPGDS,NCBI,HGNC:17890,HPGDS,hematopoietic prostaglandin D synthase,O60760
MONDO:0004985,bipolar disorder,bipolar disorder,4985_693_24613_1866,bipolar disorder,MONDO_grouped,7184,HSP90B1,NCBI,HGNC:12028,HSP90B1,heat shock protein 90 beta family member 1,P14625
MONDO:0004985,bipolar disorder,bipolar disorder,4985_693_24613_1866,bipolar disorder,MONDO_grouped,3308,HSPA4,NCBI,HGNC:5237,HSPA4,heat shock protein family A (Hsp70) member 4,P34932
MONDO:0004985,bipolar disorder,bipolar disorder,4985_693_24613_1866,bipolar disorder,MONDO_grouped,3309,HSPA5,NCBI,HGNC:5238,HSPA5,heat shock protein family A (Hsp70) member 5,P11021
MONDO:0004985,bipolar disorder,bipolar disorder,4985_693_24613_1866,bipolar disorder,MONDO_grouped,3350,HTR1A,NCBI,HGNC:5286,HTR1A,5-hydroxytryptamine receptor 1A,P08908
MONDO:0004985,bipolar disorder,bipolar disorder,4985_693_24613_1866,bipolar disorder,MONDO_grouped,3351,HTR1B,NCBI,HGNC:5287,HTR1B,5-hydroxytryptamine receptor 1B,P28222
MONDO:0004985,bipolar disorder,bipolar disorder,4985_693_24613_1866,bipolar disorder,MONDO_grouped,3356,HTR2A,NCBI,HGNC:5293,HTR2A,5-hydroxytryptamine receptor 2A,P28223
MONDO:0004985,bipolar disorder,bipolar disorder,4985_693_24613_1866,bipolar disorder,MONDO_grouped,3358,HTR2C,NCBI,HGNC:5295,HTR2C,5-hydroxytryptamine receptor 2C,P28335
MONDO:0004985,bipolar disorder,bipolar disorder,4985_693_24613_1866,bipolar disorder,MONDO_grouped,3359,HTR3A,NCBI,HGNC:5297,HTR3A,5-hydroxytryptamine receptor 3A,P46098
MONDO:0004985,bipolar disorder,bipolar disorder,4985_693_24613_1866,bipolar disorder,MONDO_grouped,9177,HTR3B,NCBI,HGNC:5298,HTR3B,5-hydroxytryptamine receptor 3B,O95264
MONDO:0004985,bipolar disorder,bipolar disorder,4985_693_24613_1866,bipolar disorder,MONDO_grouped,3360,HTR4,NCBI,HGNC:5299,HTR4,5-hydroxytryptamine receptor 4,Q13639
MONDO:0004985,bipolar disorder,bipolar disorder,4985_693_24613_1866,bipolar disorder,MONDO_grouped,3361,HTR5A,NCBI,HGNC:5300,HTR5A,5-hydroxytryptamine receptor 5A,P47898
MONDO:0004985,bipolar disorder,bipolar disorder,4985_693_24613_1866,bipolar disorder,MONDO_grouped,10964,IFI44L,NCBI,HGNC:17817,IFI44L,interferon induced protein 44 like,Q53G44
MONDO:0004985,bipolar disorder,bipolar disorder,4985_693_24613_1866,bipolar disorder,MONDO_grouped,2537,IFI6,NCBI,HGNC:4054,IFI6,interferon alpha inducible protein 6,P09912
MONDO:0004985,bipolar disorder,bipolar disorder,4985_693_24613_1866,bipolar disorder,MONDO_grouped,3439,IFNA1,NCBI,HGNC:5417,IFNA1,interferon alpha 1,P0DY56
MONDO:0004985,bipolar disorder,bipolar disorder,4985_693_24613_1866,bipolar disorder,MONDO_grouped,3458,IFNG,NCBI,HGNC:5438,IFNG,interferon gamma,P01579
MONDO:0004985,bipolar disorder,bipolar disorder,4985_693_24613_1866,bipolar disorder,MONDO_grouped,11020,IFT27,NCBI,HGNC:18626,IFT27,intraflagellar transport 27,Q9BW83
MONDO:0004985,bipolar disorder,bipolar disorder,4985_693_24613_1866,bipolar disorder,MONDO_grouped,3479,IGF1,NCBI,HGNC:5464,IGF1,insulin like growth factor 1,P05019
MONDO:0004985,bipolar disorder,bipolar disorder,4985_693_24613_1866,bipolar disorder,MONDO_grouped,3485,IGFBP2,NCBI,HGNC:5471,IGFBP2,insulin like growth factor binding protein 2,P18065
MONDO:0004985,bipolar disorder,bipolar disorder,4985_693_24613_1866,bipolar disorder,MONDO_grouped,3553,IL1B,NCBI,HGNC:5992,IL1B,interleukin 1 beta,P01584
MONDO:0004985,bipolar disorder,bipolar disorder,4985_693_24613_1866,bipolar disorder,MONDO_grouped,3557,IL1RN,NCBI,HGNC:6000,IL1RN,interleukin 1 receptor antagonist,P18510
MONDO:0004985,bipolar disorder,bipolar disorder,4985_693_24613_1866,bipolar disorder,MONDO_grouped,3558,IL2,NCBI,HGNC:6001,IL2,interleukin 2,P60568
MONDO:0004985,bipolar disorder,bipolar disorder,4985_693_24613_1866,bipolar disorder,MONDO_grouped,3560,IL2RB,NCBI,HGNC:6009,IL2RB,interleukin 2 receptor subunit beta,P14784
MONDO:0004985,bipolar disorder,bipolar disorder,4985_693_24613_1866,bipolar disorder,MONDO_grouped,3569,IL6,NCBI,HGNC:6018,IL6,interleukin 6,P05231
MONDO:0004985,bipolar disorder,bipolar disorder,4985_693_24613_1866,bipolar disorder,MONDO_grouped,3612,IMPA1,NCBI,HGNC:6050,IMPA1,inositol monophosphatase 1,P29218
MONDO:0004985,bipolar disorder,bipolar disorder,4985_693_24613_1866,bipolar disorder,MONDO_grouped,3613,IMPA2,NCBI,HGNC:6051,IMPA2,inositol monophosphatase 2,O14732
MONDO:0004985,bipolar disorder,bipolar disorder,4985_693_24613_1866,bipolar disorder,MONDO_grouped,55364,IMPACT,NCBI,HGNC:20387,IMPACT,impact RWD domain protein,Q9P2X3
MONDO:0004985,bipolar disorder,bipolar disorder,4985_693_24613_1866,bipolar disorder,MONDO_grouped,3628,INPP1,NCBI,HGNC:6071,INPP1,inositol polyphosphate-1-phosphatase,P49441
MONDO:0004985,bipolar disorder,bipolar disorder,4985_693_24613_1866,bipolar disorder,MONDO_grouped,3630,INS,NCBI,HGNC:6081,INS,insulin,P01308
MONDO:0004985,bipolar disorder,bipolar disorder,4985_693_24613_1866,bipolar disorder,MONDO_grouped,9636,ISG15,NCBI,HGNC:4053,ISG15,ISG15 ubiquitin like modifier,P05161
MONDO:0004985,bipolar disorder,bipolar disorder,4985_693_24613_1866,bipolar disorder,MONDO_grouped,3680,ITGA9,NCBI,HGNC:6145,ITGA9,integrin subunit alpha 9,Q13797
MONDO:0004985,bipolar disorder,bipolar disorder,4985_693_24613_1866,bipolar disorder,MONDO_grouped,3684,ITGAM,NCBI,HGNC:6149,ITGAM,integrin subunit alpha M,P11215
MONDO:0004985,bipolar disorder,bipolar disorder,4985_693_24613_1866,bipolar disorder,MONDO_grouped,3697,ITIH1,NCBI,HGNC:6166,ITIH1,inter-alpha-trypsin inhibitor heavy chain 1,P19827
MONDO:0004985,bipolar disorder,bipolar disorder,4985_693_24613_1866,bipolar disorder,MONDO_grouped,3699,ITIH3,NCBI,HGNC:6168,ITIH3,inter-alpha-trypsin inhibitor heavy chain 3,Q06033
MONDO:0004985,bipolar disorder,bipolar disorder,4985_693_24613_1866,bipolar disorder,MONDO_grouped,3700,ITIH4,NCBI,HGNC:6169,ITIH4,inter-alpha-trypsin inhibitor heavy chain 4,Q14624
MONDO:0004985,bipolar disorder,bipolar disorder,4985_693_24613_1866,bipolar disorder,MONDO_grouped,3708,ITPR1,NCBI,HGNC:6180,ITPR1,"inositol 1,4,5-trisphosphate receptor type 1",Q14643
MONDO:0004985,bipolar disorder,bipolar disorder,4985_693_24613_1866,bipolar disorder,MONDO_grouped,23522,KAT6B,NCBI,HGNC:17582,KAT6B,lysine acetyltransferase 6B,Q8WYB5
MONDO:0004985,bipolar disorder,bipolar disorder,4985_693_24613_1866,bipolar disorder,MONDO_grouped,3782,KCNN3,NCBI,HGNC:6292,KCNN3,potassium calcium-activated channel subfamily N member 3,Q9UGI6
MONDO:0004985,bipolar disorder,bipolar disorder,4985_693_24613_1866,bipolar disorder,MONDO_grouped,3785,KCNQ2,NCBI,HGNC:6296,KCNQ2,potassium voltage-gated channel subfamily Q member 2,O43526
MONDO:0004985,bipolar disorder,bipolar disorder,4985_693_24613_1866,bipolar disorder,MONDO_grouped,3786,KCNQ3,NCBI,HGNC:6297,KCNQ3,potassium voltage-gated channel subfamily Q member 3,O43525
MONDO:0004985,bipolar disorder,bipolar disorder,4985_693_24613_1866,bipolar disorder,MONDO_grouped,115207,KCTD12,NCBI,HGNC:14678,KCTD12,potassium channel tetramerization domain containing 12,Q96CX2
MONDO:0004985,bipolar disorder,bipolar disorder,4985_693_24613_1866,bipolar disorder,MONDO_grouped,11202,KLK8,NCBI,HGNC:6369,KLK8,kallikrein related peptidase 8,O60259
MONDO:0004985,bipolar disorder,bipolar disorder,4985_693_24613_1866,bipolar disorder,MONDO_grouped,8564,KMO,NCBI,HGNC:6381,KMO,kynurenine 3-monooxygenase,O15229
MONDO:0004985,bipolar disorder,bipolar disorder,4985_693_24613_1866,bipolar disorder,MONDO_grouped,23395,LARS2,NCBI,HGNC:17095,LARS2,"leucyl-tRNA synthetase 2, mitochondrial",Q15031
MONDO:0004985,bipolar disorder,bipolar disorder,4985_693_24613_1866,bipolar disorder,MONDO_grouped,10660,LBX1,NCBI,HGNC:16960,LBX1,ladybird homeobox 1,P52954
MONDO:0004985,bipolar disorder,bipolar disorder,4985_693_24613_1866,bipolar disorder,MONDO_grouped,3939,LDHA,NCBI,HGNC:6535,LDHA,lactate dehydrogenase A,P00338
MONDO:0004985,bipolar disorder,bipolar disorder,4985_693_24613_1866,bipolar disorder,MONDO_grouped,64211,LHX5,NCBI,HGNC:14216,LHX5,LIM homeobox 5,Q9H2C1
MONDO:0004985,bipolar disorder,bipolar disorder,4985_693_24613_1866,bipolar disorder,MONDO_grouped,81562,LMAN2L,NCBI,HGNC:19263,LMAN2L,"lectin, mannose binding 2 like",Q9H0V9
MONDO:0004985,bipolar disorder,bipolar disorder,4985_693_24613_1866,bipolar disorder,MONDO_grouped,9223,MAGI1,NCBI,HGNC:946,MAGI1,"membrane associated guanylate kinase, WW and PDZ domain containing 1",Q96QZ7
MONDO:0004985,bipolar disorder,bipolar disorder,4985_693_24613_1866,bipolar disorder,MONDO_grouped,9863,MAGI2,NCBI,HGNC:18957,MAGI2,"membrane associated guanylate kinase, WW and PDZ domain containing 2",Q86UL8
MONDO:0004985,bipolar disorder,bipolar disorder,4985_693_24613_1866,bipolar disorder,MONDO_grouped,4128,MAOA,NCBI,HGNC:6833,MAOA,monoamine oxidase A,P21397
MONDO:0004985,bipolar disorder,bipolar disorder,4985_693_24613_1866,bipolar disorder,MONDO_grouped,4129,MAOB,NCBI,HGNC:6834,MAOB,monoamine oxidase B,P27338
MONDO:0004985,bipolar disorder,bipolar disorder,4985_693_24613_1866,bipolar disorder,MONDO_grouped,4133,MAP2,NCBI,HGNC:6839,MAP2,microtubule associated protein 2,P11137
MONDO:0004985,bipolar disorder,bipolar disorder,4985_693_24613_1866,bipolar disorder,MONDO_grouped,5594,MAPK1,NCBI,HGNC:6871,MAPK1,mitogen-activated protein kinase 1,P28482
MONDO:0004985,bipolar disorder,bipolar disorder,4985_693_24613_1866,bipolar disorder,MONDO_grouped,55777,MBD5,NCBI,HGNC:20444,MBD5,methyl-CpG binding domain protein 5,Q9P267
MONDO:0004985,bipolar disorder,bipolar disorder,4985_693_24613_1866,bipolar disorder,MONDO_grouped,4153,MBL2,NCBI,HGNC:6922,MBL2,mannose binding lectin 2,P11226
MONDO:0004985,bipolar disorder,bipolar disorder,4985_693_24613_1866,bipolar disorder,MONDO_grouped,4158,MC2R,NCBI,HGNC:6930,MC2R,melanocortin 2 receptor,Q01718
MONDO:0004985,bipolar disorder,bipolar disorder,4985_693_24613_1866,bipolar disorder,MONDO_grouped,2847,MCHR1,NCBI,HGNC:4479,MCHR1,melanin concentrating hormone receptor 1,Q99705
MONDO:0004985,bipolar disorder,bipolar disorder,4985_693_24613_1866,bipolar disorder,MONDO_grouped,84539,MCHR2,NCBI,HGNC:20867,MCHR2,melanin concentrating hormone receptor 2,Q969V1
MONDO:0004985,bipolar disorder,bipolar disorder,4985_693_24613_1866,bipolar disorder,MONDO_grouped,266727,MDGA1,NCBI,HGNC:19267,MDGA1,MAM domain containing glycosylphosphatidylinositol anchor 1,Q8NFP4
MONDO:0004985,bipolar disorder,bipolar disorder,4985_693_24613_1866,bipolar disorder,MONDO_grouped,4200,ME2,NCBI,HGNC:6984,ME2,malic enzyme 2,P23368
MONDO:0004985,bipolar disorder,bipolar disorder,4985_693_24613_1866,bipolar disorder,MONDO_grouped,4240,MFGE8,NCBI,HGNC:7036,MFGE8,milk fat globule EGF and factor V/VIII domain containing,Q08431
MONDO:0004985,bipolar disorder,bipolar disorder,4985_693_24613_1866,bipolar disorder,MONDO_grouped,23209,MLC1,NCBI,HGNC:17082,MLC1,modulator of VRAC current 1,Q15049
MONDO:0004985,bipolar disorder,bipolar disorder,4985_693_24613_1866,bipolar disorder,MONDO_grouped,4300,MLLT3,NCBI,HGNC:7136,MLLT3,MLLT3 super elongation complex subunit,P42568
MONDO:0004985,bipolar disorder,bipolar disorder,4985_693_24613_1866,bipolar disorder,MONDO_grouped,4319,MMP10,NCBI,HGNC:7156,MMP10,matrix metallopeptidase 10,P09238
MONDO:0004985,bipolar disorder,bipolar disorder,4985_693_24613_1866,bipolar disorder,MONDO_grouped,4318,MMP9,NCBI,HGNC:7176,MMP9,matrix metallopeptidase 9,P14780
MONDO:0004985,bipolar disorder,bipolar disorder,4985_693_24613_1866,bipolar disorder,MONDO_grouped,4353,MPO,NCBI,HGNC:7218,MPO,myeloperoxidase,P05164
MONDO:0004985,bipolar disorder,bipolar disorder,4985_693_24613_1866,bipolar disorder,MONDO_grouped,65258,MPPE1,NCBI,HGNC:15988,MPPE1,metallophosphoesterase 1,Q53F39
MONDO:0004985,bipolar disorder,bipolar disorder,4985_693_24613_1866,bipolar disorder,MONDO_grouped,51650,MRPS33,NCBI,HGNC:16634,MRPS33,mitochondrial ribosomal protein S33,Q9Y291
MONDO:0004985,bipolar disorder,bipolar disorder,4985_693_24613_1866,bipolar disorder,MONDO_grouped,4522,MTHFD1,NCBI,HGNC:7432,MTHFD1,"methylenetetrahydrofolate dehydrogenase, cyclohydrolase and formyltetrahydrofolate synthetase 1",P11586
MONDO:0004985,bipolar disorder,bipolar disorder,4985_693_24613_1866,bipolar disorder,MONDO_grouped,4524,MTHFR,NCBI,HGNC:7436,MTHFR,methylenetetrahydrofolate reductase,P42898
MONDO:0004985,bipolar disorder,bipolar disorder,4985_693_24613_1866,bipolar disorder,MONDO_grouped,4548,MTR,NCBI,HGNC:7468,MTR,5-methyltetrahydrofolate-homocysteine methyltransferase,Q99707
MONDO:0004985,bipolar disorder,bipolar disorder,4985_693_24613_1866,bipolar disorder,MONDO_grouped,8774,NAPG,NCBI,HGNC:7642,NAPG,NSF attachment protein gamma,Q99747
MONDO:0004985,bipolar disorder,bipolar disorder,4985_693_24613_1866,bipolar disorder,MONDO_grouped,4684,NCAM1,NCBI,HGNC:7656,NCAM1,neural cell adhesion molecule 1,P13591
MONDO:0004985,bipolar disorder,bipolar disorder,4985_693_24613_1866,bipolar disorder,MONDO_grouped,1463,NCAN,NCBI,HGNC:2465,NCAN,neurocan,O14594
MONDO:0004985,bipolar disorder,bipolar disorder,4985_693_24613_1866,bipolar disorder,MONDO_grouped,23413,NCS1,NCBI,HGNC:3953,NCS1,neuronal calcium sensor 1,P62166
MONDO:0004985,bipolar disorder,bipolar disorder,4985_693_24613_1866,bipolar disorder,MONDO_grouped,4535,ND1,NCBI,HGNC:7455,MT-ND1,mitochondrially encoded NADH:ubiquinone oxidoreductase core subunit 1,P03886
MONDO:0004985,bipolar disorder,bipolar disorder,4985_693_24613_1866,bipolar disorder,MONDO_grouped,9348,NDST3,NCBI,HGNC:7682,NDST3,N-deacetylase and N-sulfotransferase 3,O95803
MONDO:0004985,bipolar disorder,bipolar disorder,4985_693_24613_1866,bipolar disorder,MONDO_grouped,4723,NDUFV1,NCBI,HGNC:7716,NDUFV1,NADH:ubiquinone oxidoreductase core subunit V1,P49821
MONDO:0004985,bipolar disorder,bipolar disorder,4985_693_24613_1866,bipolar disorder,MONDO_grouped,4729,NDUFV2,NCBI,HGNC:7717,NDUFV2,NADH:ubiquinone oxidoreductase core subunit V2,P19404
MONDO:0004985,bipolar disorder,bipolar disorder,4985_693_24613_1866,bipolar disorder,MONDO_grouped,4731,NDUFV3,NCBI,HGNC:7719,NDUFV3,NADH:ubiquinone oxidoreductase subunit V3,P56181
MONDO:0004985,bipolar disorder,bipolar disorder,4985_693_24613_1866,bipolar disorder,MONDO_grouped,4734,NEDD4,NCBI,HGNC:7727,NEDD4,NEDD4 E3 ubiquitin protein ligase,P46934
MONDO:0004985,bipolar disorder,bipolar disorder,4985_693_24613_1866,bipolar disorder,MONDO_grouped,4747,NEFL,NCBI,HGNC:7739,NEFL,neurofilament light chain,P07196
MONDO:0004985,bipolar disorder,bipolar disorder,4985_693_24613_1866,bipolar disorder,MONDO_grouped,4741,NEFM,NCBI,HGNC:7734,NEFM,neurofilament medium chain,P07197
MONDO:0004985,bipolar disorder,bipolar disorder,4985_693_24613_1866,bipolar disorder,MONDO_grouped,6787,NEK4,NCBI,HGNC:11399,NEK4,NIMA related kinase 4,P51957
MONDO:0004985,bipolar disorder,bipolar disorder,4985_693_24613_1866,bipolar disorder,MONDO_grouped,4784,NFIX,NCBI,HGNC:7788,NFIX,nuclear factor I X,Q14938
MONDO:0004985,bipolar disorder,bipolar disorder,4985_693_24613_1866,bipolar disorder,MONDO_grouped,22871,NLGN1,NCBI,HGNC:14291,NLGN1,neuroligin 1,Q8N2Q7
MONDO:0004985,bipolar disorder,bipolar disorder,4985_693_24613_1866,bipolar disorder,MONDO_grouped,4837,NNMT,NCBI,HGNC:7861,NNMT,nicotinamide N-methyltransferase,P40261
MONDO:0004985,bipolar disorder,bipolar disorder,4985_693_24613_1866,bipolar disorder,MONDO_grouped,64127,NOD2,NCBI,HGNC:5331,NOD2,nucleotide binding oligomerization domain containing 2,Q9HC29
MONDO:0004985,bipolar disorder,bipolar disorder,4985_693_24613_1866,bipolar disorder,MONDO_grouped,4846,NOS3,NCBI,HGNC:7876,NOS3,nitric oxide synthase 3,P29474
MONDO:0004985,bipolar disorder,bipolar disorder,4985_693_24613_1866,bipolar disorder,MONDO_grouped,4855,NOTCH4,NCBI,HGNC:7884,NOTCH4,notch receptor 4,Q99466
MONDO:0004985,bipolar disorder,bipolar disorder,4985_693_24613_1866,bipolar disorder,MONDO_grouped,4862,NPAS2,NCBI,HGNC:7895,NPAS2,neuronal PAS domain protein 2,Q99743
MONDO:0004985,bipolar disorder,bipolar disorder,4985_693_24613_1866,bipolar disorder,MONDO_grouped,64067,NPAS3,NCBI,HGNC:19311,NPAS3,neuronal PAS domain protein 3,Q8IXF0
MONDO:0004985,bipolar disorder,bipolar disorder,4985_693_24613_1866,bipolar disorder,MONDO_grouped,266743,NPAS4,NCBI,HGNC:18983,NPAS4,neuronal PAS domain protein 4,Q8IUM7
MONDO:0004985,bipolar disorder,bipolar disorder,4985_693_24613_1866,bipolar disorder,MONDO_grouped,9572,NR1D1,NCBI,HGNC:7962,NR1D1,nuclear receptor subfamily 1 group D member 1,P20393
MONDO:0004985,bipolar disorder,bipolar disorder,4985_693_24613_1866,bipolar disorder,MONDO_grouped,7101,NR2E1,NCBI,HGNC:7973,NR2E1,nuclear receptor subfamily 2 group E member 1,Q9Y466
MONDO:0004985,bipolar disorder,bipolar disorder,4985_693_24613_1866,bipolar disorder,MONDO_grouped,2908,NR3C1,NCBI,HGNC:7978,NR3C1,nuclear receptor subfamily 3 group C member 1,P04150
MONDO:0004985,bipolar disorder,bipolar disorder,4985_693_24613_1866,bipolar disorder,MONDO_grouped,3164,NR4A1,NCBI,HGNC:7980,NR4A1,nuclear receptor subfamily 4 group A member 1,P22736
MONDO:0004985,bipolar disorder,bipolar disorder,4985_693_24613_1866,bipolar disorder,MONDO_grouped,4929,NR4A2,NCBI,HGNC:7981,NR4A2,nuclear receptor subfamily 4 group A member 2,P43354
MONDO:0004985,bipolar disorder,bipolar disorder,4985_693_24613_1866,bipolar disorder,MONDO_grouped,3084,NRG1,NCBI,HGNC:7997,NRG1,neuregulin 1,Q02297
MONDO:0004985,bipolar disorder,bipolar disorder,4985_693_24613_1866,bipolar disorder,MONDO_grouped,10718,NRG3,NCBI,HGNC:7999,NRG3,neuregulin 3,P56975
MONDO:0004985,bipolar disorder,bipolar disorder,4985_693_24613_1866,bipolar disorder,MONDO_grouped,4900,NRGN,NCBI,HGNC:8000,NRGN,neurogranin,Q92686
MONDO:0004985,bipolar disorder,bipolar disorder,4985_693_24613_1866,bipolar disorder,MONDO_grouped,9378,NRXN1,NCBI,HGNC:8008,NRXN1,neurexin 1,P58400
MONDO:0004985,bipolar disorder,bipolar disorder,4985_693_24613_1866,bipolar disorder,MONDO_grouped,9378,NRXN1,NCBI,HGNC:8008,NRXN1,neurexin 1,Q9ULB1
MONDO:0004985,bipolar disorder,bipolar disorder,4985_693_24613_1866,bipolar disorder,MONDO_grouped,9369,NRXN3,NCBI,HGNC:8010,NRXN3,neurexin 3,Q9HDB5
MONDO:0004985,bipolar disorder,bipolar disorder,4985_693_24613_1866,bipolar disorder,MONDO_grouped,9369,NRXN3,NCBI,HGNC:8010,NRXN3,neurexin 3,Q9Y4C0
MONDO:0004985,bipolar disorder,bipolar disorder,4985_693_24613_1866,bipolar disorder,MONDO_grouped,22854,NTNG1,NCBI,HGNC:23319,NTNG1,netrin G1,Q9Y2I2
MONDO:0004985,bipolar disorder,bipolar disorder,4985_693_24613_1866,bipolar disorder,MONDO_grouped,84628,NTNG2,NCBI,HGNC:14288,NTNG2,netrin G2,Q96CW9
MONDO:0004985,bipolar disorder,bipolar disorder,4985_693_24613_1866,bipolar disorder,MONDO_grouped,4914,NTRK1,NCBI,HGNC:8031,NTRK1,neurotrophic receptor tyrosine kinase 1,P04629
MONDO:0004985,bipolar disorder,bipolar disorder,4985_693_24613_1866,bipolar disorder,MONDO_grouped,4915,NTRK2,NCBI,HGNC:8032,NTRK2,neurotrophic receptor tyrosine kinase 2,Q16620
MONDO:0004985,bipolar disorder,bipolar disorder,4985_693_24613_1866,bipolar disorder,MONDO_grouped,5015,OTX2,NCBI,HGNC:8522,OTX2,orthodenticle homeobox 2,P32243
MONDO:0004985,bipolar disorder,bipolar disorder,4985_693_24613_1866,bipolar disorder,MONDO_grouped,5027,P2RX7,NCBI,HGNC:8537,P2RX7,purinergic receptor P2X 7,Q99572
MONDO:0004985,bipolar disorder,bipolar disorder,4985_693_24613_1866,bipolar disorder,MONDO_grouped,55690,PACS1,NCBI,HGNC:30032,PACS1,phosphofurin acidic cluster sorting protein 1,Q6VY07
MONDO:0004985,bipolar disorder,bipolar disorder,4985_693_24613_1866,bipolar disorder,MONDO_grouped,79728,PALB2,NCBI,HGNC:26144,PALB2,partner and localizer of BRCA2,Q86YC2
MONDO:0004985,bipolar disorder,bipolar disorder,4985_693_24613_1866,bipolar disorder,MONDO_grouped,55193,PBRM1,NCBI,HGNC:30064,PBRM1,polybromo 1,Q86U86
MONDO:0004985,bipolar disorder,bipolar disorder,4985_693_24613_1866,bipolar disorder,MONDO_grouped,5091,PC,NCBI,HGNC:8636,PC,pyruvate carboxylase,P11498
MONDO:0004985,bipolar disorder,bipolar disorder,4985_693_24613_1866,bipolar disorder,MONDO_grouped,27445,PCLO,NCBI,HGNC:13406,PCLO,piccolo presynaptic cytomatrix protein,Q9Y6V0
MONDO:0004985,bipolar disorder,bipolar disorder,4985_693_24613_1866,bipolar disorder,MONDO_grouped,5116,PCNT,NCBI,HGNC:16068,PCNT,pericentrin,O95613
MONDO:0004985,bipolar disorder,bipolar disorder,4985_693_24613_1866,bipolar disorder,MONDO_grouped,10846,PDE10A,NCBI,HGNC:8772,PDE10A,phosphodiesterase 10A,Q9Y233
MONDO:0004985,bipolar disorder,bipolar disorder,4985_693_24613_1866,bipolar disorder,MONDO_grouped,5141,PDE4A,NCBI,HGNC:8780,PDE4A,phosphodiesterase 4A,P27815
MONDO:0004985,bipolar disorder,bipolar disorder,4985_693_24613_1866,bipolar disorder,MONDO_grouped,5142,PDE4B,NCBI,HGNC:8781,PDE4B,phosphodiesterase 4B,Q07343
MONDO:0004985,bipolar disorder,bipolar disorder,4985_693_24613_1866,bipolar disorder,MONDO_grouped,5152,PDE9A,NCBI,HGNC:8795,PDE9A,phosphodiesterase 9A,O76083
MONDO:0004985,bipolar disorder,bipolar disorder,4985_693_24613_1866,bipolar disorder,MONDO_grouped,10611,PDLIM5,NCBI,HGNC:17468,PDLIM5,PDZ and LIM domain 5,Q96HC4
MONDO:0004985,bipolar disorder,bipolar disorder,4985_693_24613_1866,bipolar disorder,MONDO_grouped,5173,PDYN,NCBI,HGNC:8820,PDYN,prodynorphin,P01213
MONDO:0004985,bipolar disorder,bipolar disorder,4985_693_24613_1866,bipolar disorder,MONDO_grouped,8864,PER2,NCBI,HGNC:8846,PER2,period circadian regulator 2,O15055
MONDO:0004985,bipolar disorder,bipolar disorder,4985_693_24613_1866,bipolar disorder,MONDO_grouped,8863,PER3,NCBI,HGNC:8847,PER3,period circadian regulator 3,P56645
MONDO:0004985,bipolar disorder,bipolar disorder,4985_693_24613_1866,bipolar disorder,MONDO_grouped,5209,PFKFB3,NCBI,HGNC:8874,PFKFB3,"6-phosphofructo-2-kinase/fructose-2,6-biphosphatase 3",Q16875
MONDO:0004985,bipolar disorder,bipolar disorder,4985_693_24613_1866,bipolar disorder,MONDO_grouped,5211,PFKL,NCBI,HGNC:8876,PFKL,"phosphofructokinase, liver type",P17858
MONDO:0004985,bipolar disorder,bipolar disorder,4985_693_24613_1866,bipolar disorder,MONDO_grouped,5223,PGAM1,NCBI,HGNC:8888,PGAM1,phosphoglycerate mutase 1,P18669
MONDO:0004985,bipolar disorder,bipolar disorder,4985_693_24613_1866,bipolar disorder,MONDO_grouped,283871,PGP,NCBI,HGNC:8909,PGP,phosphoglycolate phosphatase,A6NDG6
MONDO:0004985,bipolar disorder,bipolar disorder,4985_693_24613_1866,bipolar disorder,MONDO_grouped,144717,PHETA1,NCBI,HGNC:26509,PHETA1,PH domain containing endocytic trafficking adaptor 1,Q8N4B1
MONDO:0004985,bipolar disorder,bipolar disorder,4985_693_24613_1866,bipolar disorder,MONDO_grouped,5289,PIK3C3,NCBI,HGNC:8974,PIK3C3,phosphatidylinositol 3-kinase catalytic subunit type 3,Q8NEB9
MONDO:0004985,bipolar disorder,bipolar disorder,4985_693_24613_1866,bipolar disorder,MONDO_grouped,5305,PIP4K2A,NCBI,HGNC:8997,PIP4K2A,phosphatidylinositol-5-phosphate 4-kinase type 2 alpha,P48426
MONDO:0004985,bipolar disorder,bipolar disorder,4985_693_24613_1866,bipolar disorder,MONDO_grouped,79837,PIP4K2C,NCBI,HGNC:23786,PIP4K2C,phosphatidylinositol-5-phosphate 4-kinase type 2 gamma,Q8TBX8
MONDO:0004985,bipolar disorder,bipolar disorder,4985_693_24613_1866,bipolar disorder,MONDO_grouped,5319,PLA2G1B,NCBI,HGNC:9030,PLA2G1B,phospholipase A2 group IB,P04054
MONDO:0004985,bipolar disorder,bipolar disorder,4985_693_24613_1866,bipolar disorder,MONDO_grouped,5320,PLA2G2A,NCBI,HGNC:9031,PLA2G2A,phospholipase A2 group IIA,P14555
MONDO:0004985,bipolar disorder,bipolar disorder,4985_693_24613_1866,bipolar disorder,MONDO_grouped,5321,PLA2G4A,NCBI,HGNC:9035,PLA2G4A,phospholipase A2 group IVA,P47712
MONDO:0004985,bipolar disorder,bipolar disorder,4985_693_24613_1866,bipolar disorder,MONDO_grouped,8398,PLA2G6,NCBI,HGNC:9039,PLA2G6,phospholipase A2 group VI,O60733
MONDO:0004985,bipolar disorder,bipolar disorder,4985_693_24613_1866,bipolar disorder,MONDO_grouped,23236,PLCB1,NCBI,HGNC:15917,PLCB1,phospholipase C beta 1,Q9NQ66
MONDO:0004985,bipolar disorder,bipolar disorder,4985_693_24613_1866,bipolar disorder,MONDO_grouped,5335,PLCG1,NCBI,HGNC:9065,PLCG1,phospholipase C gamma 1,P19174
MONDO:0004985,bipolar disorder,bipolar disorder,4985_693_24613_1866,bipolar disorder,MONDO_grouped,345557,PLCXD3,NCBI,HGNC:31822,PLCXD3,phosphatidylinositol specific phospholipase C X domain containing 3,Q63HM9
MONDO:0004985,bipolar disorder,bipolar disorder,4985_693_24613_1866,bipolar disorder,MONDO_grouped,51177,PLEKHO1,NCBI,HGNC:24310,PLEKHO1,pleckstrin homology domain containing O1,Q53GL0
MONDO:0004985,bipolar disorder,bipolar disorder,4985_693_24613_1866,bipolar disorder,MONDO_grouped,5367,PMCH,NCBI,HGNC:9109,PMCH,pro-melanin concentrating hormone,P20382
MONDO:0004985,bipolar disorder,bipolar disorder,4985_693_24613_1866,bipolar disorder,MONDO_grouped,5428,POLG,NCBI,HGNC:9179,POLG,"DNA polymerase gamma, catalytic subunit",P54098
MONDO:0004985,bipolar disorder,bipolar disorder,4985_693_24613_1866,bipolar disorder,MONDO_grouped,5443,POMC,NCBI,HGNC:9201,POMC,proopiomelanocortin,P01189
MONDO:0004985,bipolar disorder,bipolar disorder,4985_693_24613_1866,bipolar disorder,MONDO_grouped,5444,PON1,NCBI,HGNC:9204,PON1,paraoxonase 1,P27169
MONDO:0004985,bipolar disorder,bipolar disorder,4985_693_24613_1866,bipolar disorder,MONDO_grouped,5454,POU3F2,NCBI,HGNC:9215,POU3F2,POU class 3 homeobox 2,P20265
MONDO:0004985,bipolar disorder,bipolar disorder,4985_693_24613_1866,bipolar disorder,MONDO_grouped,5467,PPARD,NCBI,HGNC:9235,PPARD,peroxisome proliferator activated receptor delta,Q03181
MONDO:0004985,bipolar disorder,bipolar disorder,4985_693_24613_1866,bipolar disorder,MONDO_grouped,5481,PPID,NCBI,HGNC:9257,PPID,peptidylprolyl isomerase D,Q08752
MONDO:0004985,bipolar disorder,bipolar disorder,4985_693_24613_1866,bipolar disorder,MONDO_grouped,84152,PPP1R1B,NCBI,HGNC:9287,PPP1R1B,protein phosphatase 1 regulatory inhibitor subunit 1B,Q9UD71
MONDO:0004985,bipolar disorder,bipolar disorder,4985_693_24613_1866,bipolar disorder,MONDO_grouped,5522,PPP2R2C,NCBI,HGNC:9306,PPP2R2C,protein phosphatase 2 regulatory subunit Bgamma,Q9Y2T4
MONDO:0004985,bipolar disorder,bipolar disorder,4985_693_24613_1866,bipolar disorder,MONDO_grouped,5533,PPP3CC,NCBI,HGNC:9316,PPP3CC,protein phosphatase 3 catalytic subunit gamma,P48454
MONDO:0004985,bipolar disorder,bipolar disorder,4985_693_24613_1866,bipolar disorder,MONDO_grouped,5584,PRKCI,NCBI,HGNC:9404,PRKCI,protein kinase C iota,P41743
MONDO:0004985,bipolar disorder,bipolar disorder,4985_693_24613_1866,bipolar disorder,MONDO_grouped,5590,PRKCZ,NCBI,HGNC:9412,PRKCZ,protein kinase C zeta,Q05513
MONDO:0004985,bipolar disorder,bipolar disorder,4985_693_24613_1866,bipolar disorder,MONDO_grouped,5625,PRODH,NCBI,HGNC:9453,PRODH,proline dehydrogenase 1,O43272
MONDO:0004985,bipolar disorder,bipolar disorder,4985_693_24613_1866,bipolar disorder,MONDO_grouped,128674,PROKR2,NCBI,HGNC:15836,PROKR2,prokineticin receptor 2,Q8NFJ6
MONDO:0004985,bipolar disorder,bipolar disorder,4985_693_24613_1866,bipolar disorder,MONDO_grouped,5664,PSEN2,NCBI,HGNC:9509,PSEN2,presenilin 2,P49810
MONDO:0004985,bipolar disorder,bipolar disorder,4985_693_24613_1866,bipolar disorder,MONDO_grouped,5730,PTGDS,NCBI,HGNC:9592,PTGDS,prostaglandin D2 synthase,P41222
MONDO:0004985,bipolar disorder,bipolar disorder,4985_693_24613_1866,bipolar disorder,MONDO_grouped,5524,PTPA,NCBI,HGNC:9308,PTPA,protein phosphatase 2 phosphatase activator,Q15257
MONDO:0004985,bipolar disorder,bipolar disorder,4985_693_24613_1866,bipolar disorder,MONDO_grouped,5816,PVALB,NCBI,HGNC:9704,PVALB,parvalbumin,P20472
MONDO:0004985,bipolar disorder,bipolar disorder,4985_693_24613_1866,bipolar disorder,MONDO_grouped,10399,RACK1,NCBI,HGNC:4399,RACK1,receptor for activated C kinase 1,P63244
MONDO:0004985,bipolar disorder,bipolar disorder,4985_693_24613_1866,bipolar disorder,MONDO_grouped,9771,RAPGEF5,NCBI,HGNC:16862,RAPGEF5,Rap guanine nucleotide exchange factor 5,Q92565
MONDO:0004985,bipolar disorder,bipolar disorder,4985_693_24613_1866,bipolar disorder,MONDO_grouped,5923,RASGRF1,NCBI,HGNC:9875,RASGRF1,Ras protein specific guanine nucleotide releasing factor 1,Q13972
MONDO:0004985,bipolar disorder,bipolar disorder,4985_693_24613_1866,bipolar disorder,MONDO_grouped,10125,RASGRP1,NCBI,HGNC:9878,RASGRP1,RAS guanyl releasing protein 1,O95267
MONDO:0004985,bipolar disorder,bipolar disorder,4985_693_24613_1866,bipolar disorder,MONDO_grouped,5649,RELN,NCBI,HGNC:9957,RELN,reelin,P78509
MONDO:0004985,bipolar disorder,bipolar disorder,4985_693_24613_1866,bipolar disorder,MONDO_grouped,5972,REN,NCBI,HGNC:9958,REN,renin,P00797
MONDO:0004985,bipolar disorder,bipolar disorder,4985_693_24613_1866,bipolar disorder,MONDO_grouped,5992,RFX4,NCBI,HGNC:9985,RFX4,regulatory factor X4,Q33E94
MONDO:0004985,bipolar disorder,bipolar disorder,4985_693_24613_1866,bipolar disorder,MONDO_grouped,5999,RGS4,NCBI,HGNC:10000,RGS4,regulator of G protein signaling 4,P49798
MONDO:0004985,bipolar disorder,bipolar disorder,4985_693_24613_1866,bipolar disorder,MONDO_grouped,22999,RIMS1,NCBI,HGNC:17282,RIMS1,regulating synaptic membrane exocytosis 1,Q86UR5
MONDO:0004985,bipolar disorder,bipolar disorder,4985_693_24613_1866,bipolar disorder,MONDO_grouped,10193,RNF41,NCBI,HGNC:18401,RNF41,ring finger protein 41,Q9H4P4
MONDO:0004985,bipolar disorder,bipolar disorder,4985_693_24613_1866,bipolar disorder,MONDO_grouped,4919,ROR1,NCBI,HGNC:10256,ROR1,ROR family WNT receptor 1,Q01973
MONDO:0004985,bipolar disorder,bipolar disorder,4985_693_24613_1866,bipolar disorder,MONDO_grouped,6095,RORA,NCBI,HGNC:10258,RORA,RAR related orphan receptor A,P35398
MONDO:0004985,bipolar disorder,bipolar disorder,4985_693_24613_1866,bipolar disorder,MONDO_grouped,6196,RPS6KA2,NCBI,HGNC:10431,RPS6KA2,ribosomal protein S6 kinase A2,Q15349
MONDO:0004985,bipolar disorder,bipolar disorder,4985_693_24613_1866,bipolar disorder,MONDO_grouped,6281,S100A10,NCBI,HGNC:10487,S100A10,S100 calcium binding protein A10,P60903
MONDO:0004985,bipolar disorder,bipolar disorder,4985_693_24613_1866,bipolar disorder,MONDO_grouped,6285,S100B,NCBI,HGNC:10500,S100B,S100 calcium binding protein B,P04271
MONDO:0004985,bipolar disorder,bipolar disorder,4985_693_24613_1866,bipolar disorder,MONDO_grouped,1901,S1PR1,NCBI,HGNC:3165,S1PR1,sphingosine-1-phosphate receptor 1,P21453
MONDO:0004985,bipolar disorder,bipolar disorder,4985_693_24613_1866,bipolar disorder,MONDO_grouped,6303,SAT1,NCBI,HGNC:10540,SAT1,spermidine/spermine N1-acetyltransferase 1,P21673
MONDO:0004985,bipolar disorder,bipolar disorder,4985_693_24613_1866,bipolar disorder,MONDO_grouped,6326,SCN2A,NCBI,HGNC:10588,SCN2A,sodium voltage-gated channel alpha subunit 2,Q99250
MONDO:0004985,bipolar disorder,bipolar disorder,4985_693_24613_1866,bipolar disorder,MONDO_grouped,6334,SCN8A,NCBI,HGNC:10596,SCN8A,sodium voltage-gated channel alpha subunit 8,Q9UQD0
MONDO:0004985,bipolar disorder,bipolar disorder,4985_693_24613_1866,bipolar disorder,MONDO_grouped,9632,SEC24C,NCBI,HGNC:10705,SEC24C,"SEC24 homolog C, COPII component",P53992
MONDO:0004985,bipolar disorder,bipolar disorder,4985_693_24613_1866,bipolar disorder,MONDO_grouped,55752,SEPTIN11,NCBI,HGNC:25589,SEPTIN11,septin 11,Q9NVA2
MONDO:0004985,bipolar disorder,bipolar disorder,4985_693_24613_1866,bipolar disorder,MONDO_grouped,5265,SERPINA1,NCBI,HGNC:8941,SERPINA1,serpin family A member 1,P01009
MONDO:0004985,bipolar disorder,bipolar disorder,4985_693_24613_1866,bipolar disorder,MONDO_grouped,23544,SEZ6L,NCBI,HGNC:10763,SEZ6L,seizure related 6 homolog like,Q9BYH1
MONDO:0004985,bipolar disorder,bipolar disorder,4985_693_24613_1866,bipolar disorder,MONDO_grouped,6422,SFRP1,NCBI,HGNC:10776,SFRP1,secreted frizzled related protein 1,Q8N474
MONDO:0004985,bipolar disorder,bipolar disorder,4985_693_24613_1866,bipolar disorder,MONDO_grouped,22941,SHANK2,NCBI,HGNC:14295,SHANK2,SH3 and multiple ankyrin repeat domains 2,Q9UPX8
MONDO:0004985,bipolar disorder,bipolar disorder,4985_693_24613_1866,bipolar disorder,MONDO_grouped,23411,SIRT1,NCBI,HGNC:14929,SIRT1,sirtuin 1,Q96EB6
MONDO:0004985,bipolar disorder,bipolar disorder,4985_693_24613_1866,bipolar disorder,MONDO_grouped,9990,SLC12A6,NCBI,HGNC:10914,SLC12A6,solute carrier family 12 member 6,Q9UHW9
MONDO:0004985,bipolar disorder,bipolar disorder,4985_693_24613_1866,bipolar disorder,MONDO_grouped,57084,SLC17A6,NCBI,HGNC:16703,SLC17A6,solute carrier family 17 member 6,Q9P2U8
MONDO:0004985,bipolar disorder,bipolar disorder,4985_693_24613_1866,bipolar disorder,MONDO_grouped,57030,SLC17A7,NCBI,HGNC:16704,SLC17A7,solute carrier family 17 member 7,Q9P2U7
MONDO:0004985,bipolar disorder,bipolar disorder,4985_693_24613_1866,bipolar disorder,MONDO_grouped,6570,SLC18A1,NCBI,HGNC:10934,SLC18A1,solute carrier family 18 member A1,P54219
MONDO:0004985,bipolar disorder,bipolar disorder,4985_693_24613_1866,bipolar disorder,MONDO_grouped,6571,SLC18A2,NCBI,HGNC:10935,SLC18A2,solute carrier family 18 member A2,Q05940
MONDO:0004985,bipolar disorder,bipolar disorder,4985_693_24613_1866,bipolar disorder,MONDO_grouped,6505,SLC1A1,NCBI,HGNC:10939,SLC1A1,solute carrier family 1 member 1,P43005
MONDO:0004985,bipolar disorder,bipolar disorder,4985_693_24613_1866,bipolar disorder,MONDO_grouped,6506,SLC1A2,NCBI,HGNC:10940,SLC1A2,solute carrier family 1 member 2,P43004
MONDO:0004985,bipolar disorder,bipolar disorder,4985_693_24613_1866,bipolar disorder,MONDO_grouped,6507,SLC1A3,NCBI,HGNC:10941,SLC1A3,solute carrier family 1 member 3,P43003
MONDO:0004985,bipolar disorder,bipolar disorder,4985_693_24613_1866,bipolar disorder,MONDO_grouped,6511,SLC1A6,NCBI,HGNC:10944,SLC1A6,solute carrier family 1 member 6,P48664
MONDO:0004985,bipolar disorder,bipolar disorder,4985_693_24613_1866,bipolar disorder,MONDO_grouped,85413,SLC22A16,NCBI,HGNC:20302,SLC22A16,solute carrier family 22 member 16,Q86VW1
MONDO:0004985,bipolar disorder,bipolar disorder,4985_693_24613_1866,bipolar disorder,MONDO_grouped,291,SLC25A4,NCBI,HGNC:10990,SLC25A4,solute carrier family 25 member 4,P12235
MONDO:0004985,bipolar disorder,bipolar disorder,4985_693_24613_1866,bipolar disorder,MONDO_grouped,29985,SLC39A3,NCBI,HGNC:17128,SLC39A3,solute carrier family 39 member 3,Q9BRY0
MONDO:0004985,bipolar disorder,bipolar disorder,4985_693_24613_1866,bipolar disorder,MONDO_grouped,6526,SLC5A3,NCBI,HGNC:11038,SLC5A3,solute carrier family 5 member 3,P53794
MONDO:0004985,bipolar disorder,bipolar disorder,4985_693_24613_1866,bipolar disorder,MONDO_grouped,6540,SLC6A13,NCBI,HGNC:11046,SLC6A13,solute carrier family 6 member 13,Q9NSD5
MONDO:0004985,bipolar disorder,bipolar disorder,4985_693_24613_1866,bipolar disorder,MONDO_grouped,6530,SLC6A2,NCBI,HGNC:11048,SLC6A2,solute carrier family 6 member 2,P23975
MONDO:0004985,bipolar disorder,bipolar disorder,4985_693_24613_1866,bipolar disorder,MONDO_grouped,6531,SLC6A3,NCBI,HGNC:11049,SLC6A3,solute carrier family 6 member 3,Q01959
MONDO:0004985,bipolar disorder,bipolar disorder,4985_693_24613_1866,bipolar disorder,MONDO_grouped,6532,SLC6A4,NCBI,HGNC:11050,SLC6A4,solute carrier family 6 member 4,P31645
MONDO:0004985,bipolar disorder,bipolar disorder,4985_693_24613_1866,bipolar disorder,MONDO_grouped,6611,SMS,NCBI,HGNC:11123,SMS,spermine synthase,P52788
MONDO:0004985,bipolar disorder,bipolar disorder,4985_693_24613_1866,bipolar disorder,MONDO_grouped,6616,SNAP25,NCBI,HGNC:11132,SNAP25,synaptosome associated protein 25,P60880
MONDO:0004985,bipolar disorder,bipolar disorder,4985_693_24613_1866,bipolar disorder,MONDO_grouped,6648,SOD2,NCBI,HGNC:11180,SOD2,superoxide dismutase 2,P04179
MONDO:0004985,bipolar disorder,bipolar disorder,4985_693_24613_1866,bipolar disorder,MONDO_grouped,57537,SORCS2,NCBI,HGNC:16698,SORCS2,sortilin related VPS10 domain containing receptor 2,Q96PQ0
MONDO:0004985,bipolar disorder,bipolar disorder,4985_693_24613_1866,bipolar disorder,MONDO_grouped,6671,SP4,NCBI,HGNC:11209,SP4,Sp4 transcription factor,Q02446
MONDO:0004985,bipolar disorder,bipolar disorder,4985_693_24613_1866,bipolar disorder,MONDO_grouped,221833,SP8,NCBI,HGNC:19196,SP8,Sp8 transcription factor,Q8IXZ3
MONDO:0004985,bipolar disorder,bipolar disorder,4985_693_24613_1866,bipolar disorder,MONDO_grouped,6697,SPR,NCBI,HGNC:11257,SPR,sepiapterin reductase,P35270
MONDO:0004985,bipolar disorder,bipolar disorder,4985_693_24613_1866,bipolar disorder,MONDO_grouped,6733,SRPK2,NCBI,HGNC:11306,SRPK2,SRSF protein kinase 2,P78362
MONDO:0004985,bipolar disorder,bipolar disorder,4985_693_24613_1866,bipolar disorder,MONDO_grouped,51593,SRRT,NCBI,HGNC:24101,SRRT,"serrate, RNA effector molecule",Q9BXP5
MONDO:0004985,bipolar disorder,bipolar disorder,4985_693_24613_1866,bipolar disorder,MONDO_grouped,6428,SRSF3,NCBI,HGNC:10785,SRSF3,serine and arginine rich splicing factor 3,P84103
MONDO:0004985,bipolar disorder,bipolar disorder,4985_693_24613_1866,bipolar disorder,MONDO_grouped,23635,SSBP2,NCBI,HGNC:15831,SSBP2,single stranded DNA binding protein 2,P81877
MONDO:0004985,bipolar disorder,bipolar disorder,4985_693_24613_1866,bipolar disorder,MONDO_grouped,6750,SST,NCBI,HGNC:11329,SST,somatostatin,P61278
MONDO:0004985,bipolar disorder,bipolar disorder,4985_693_24613_1866,bipolar disorder,MONDO_grouped,6755,SSTR5,NCBI,HGNC:11334,SSTR5,somatostatin receptor 5,P35346
MONDO:0004985,bipolar disorder,bipolar disorder,4985_693_24613_1866,bipolar disorder,MONDO_grouped,6482,ST3GAL1,NCBI,HGNC:10862,ST3GAL1,"ST3 beta-galactoside alpha-2,3-sialyltransferase 1",Q11201
MONDO:0004985,bipolar disorder,bipolar disorder,4985_693_24613_1866,bipolar disorder,MONDO_grouped,8128,ST8SIA2,NCBI,HGNC:10870,ST8SIA2,"ST8 alpha-N-acetyl-neuraminide alpha-2,8-sialyltransferase 2",Q92186
MONDO:0004985,bipolar disorder,bipolar disorder,4985_693_24613_1866,bipolar disorder,MONDO_grouped,23166,STAB1,NCBI,HGNC:18628,STAB1,stabilin 1,Q9NY15
MONDO:0004985,bipolar disorder,bipolar disorder,4985_693_24613_1866,bipolar disorder,MONDO_grouped,57519,STARD9,NCBI,HGNC:19162,STARD9,StAR related lipid transfer domain containing 9,Q9P2P6
MONDO:0004985,bipolar disorder,bipolar disorder,4985_693_24613_1866,bipolar disorder,MONDO_grouped,6789,STK4,NCBI,HGNC:11408,STK4,serine/threonine kinase 4,Q13043
MONDO:0004985,bipolar disorder,bipolar disorder,4985_693_24613_1866,bipolar disorder,MONDO_grouped,8224,SYN3,NCBI,HGNC:11496,SYN3,synapsin III,O14994
MONDO:0004985,bipolar disorder,bipolar disorder,4985_693_24613_1866,bipolar disorder,MONDO_grouped,23345,SYNE1,NCBI,HGNC:17089,SYNE1,spectrin repeat containing nuclear envelope protein 1,Q8NF91
MONDO:0004985,bipolar disorder,bipolar disorder,4985_693_24613_1866,bipolar disorder,MONDO_grouped,9145,SYNGR1,NCBI,HGNC:11498,SYNGR1,synaptogyrin 1,O43759
MONDO:0004985,bipolar disorder,bipolar disorder,4985_693_24613_1866,bipolar disorder,MONDO_grouped,319100,TAAR6,NCBI,HGNC:20978,TAAR6,trace amine associated receptor 6,Q96RI8
MONDO:0004985,bipolar disorder,bipolar disorder,4985_693_24613_1866,bipolar disorder,MONDO_grouped,6863,TAC1,NCBI,HGNC:11517,TAC1,tachykinin precursor 1,P20366
MONDO:0004985,bipolar disorder,bipolar disorder,4985_693_24613_1866,bipolar disorder,MONDO_grouped,6869,TACR1,NCBI,HGNC:11526,TACR1,tachykinin receptor 1,P25103
MONDO:0004985,bipolar disorder,bipolar disorder,4985_693_24613_1866,bipolar disorder,MONDO_grouped,6925,TCF4,NCBI,HGNC:11634,TCF4,transcription factor 4,P15884
MONDO:0004985,bipolar disorder,bipolar disorder,4985_693_24613_1866,bipolar disorder,MONDO_grouped,6934,TCF7L2,NCBI,HGNC:11641,TCF7L2,transcription factor 7 like 2,Q9NQB0
MONDO:0004985,bipolar disorder,bipolar disorder,4985_693_24613_1866,bipolar disorder,MONDO_grouped,6999,TDO2,NCBI,HGNC:11708,TDO2,"tryptophan 2,3-dioxygenase",P48775
MONDO:0004985,bipolar disorder,bipolar disorder,4985_693_24613_1866,bipolar disorder,MONDO_grouped,26011,TENM4,NCBI,HGNC:29945,TENM4,teneurin transmembrane protein 4,Q6N022
MONDO:0004985,bipolar disorder,bipolar disorder,4985_693_24613_1866,bipolar disorder,MONDO_grouped,7040,TGFB1,NCBI,HGNC:11766,TGFB1,transforming growth factor beta 1,P01137
MONDO:0004985,bipolar disorder,bipolar disorder,4985_693_24613_1866,bipolar disorder,MONDO_grouped,7052,TGM2,NCBI,HGNC:11778,TGM2,transglutaminase 2,P21980
MONDO:0004985,bipolar disorder,bipolar disorder,4985_693_24613_1866,bipolar disorder,MONDO_grouped,7054,TH,NCBI,HGNC:11782,TH,tyrosine hydroxylase,P07101
MONDO:0004985,bipolar disorder,bipolar disorder,4985_693_24613_1866,bipolar disorder,MONDO_grouped,221981,THSD7A,NCBI,HGNC:22207,THSD7A,thrombospondin type 1 domain containing 7A,Q9UPZ6
MONDO:0004985,bipolar disorder,bipolar disorder,4985_693_24613_1866,bipolar disorder,MONDO_grouped,8914,TIMELESS,NCBI,HGNC:11813,TIMELESS,timeless circadian regulator,Q9UNS1
MONDO:0004985,bipolar disorder,bipolar disorder,4985_693_24613_1866,bipolar disorder,MONDO_grouped,7093,TLL2,NCBI,HGNC:11844,TLL2,tolloid like 2,Q9Y6L7
MONDO:0004985,bipolar disorder,bipolar disorder,4985_693_24613_1866,bipolar disorder,MONDO_grouped,7097,TLR2,NCBI,HGNC:11848,TLR2,toll like receptor 2,O60603
MONDO:0004985,bipolar disorder,bipolar disorder,4985_693_24613_1866,bipolar disorder,MONDO_grouped,7099,TLR4,NCBI,HGNC:11850,TLR4,toll like receptor 4,O00206
MONDO:0004985,bipolar disorder,bipolar disorder,4985_693_24613_1866,bipolar disorder,MONDO_grouped,9168,TMSB10,NCBI,HGNC:11879,TMSB10,thymosin beta 10,P63313
MONDO:0004985,bipolar disorder,bipolar disorder,4985_693_24613_1866,bipolar disorder,MONDO_grouped,7124,TNF,NCBI,HGNC:11892,TNF,tumor necrosis factor,P01375
MONDO:0004985,bipolar disorder,bipolar disorder,4985_693_24613_1866,bipolar disorder,MONDO_grouped,10043,TOM1,NCBI,HGNC:11982,TOM1,target of myb1 membrane trafficking protein,O60784
MONDO:0004985,bipolar disorder,bipolar disorder,4985_693_24613_1866,bipolar disorder,MONDO_grouped,7166,TPH1,NCBI,HGNC:12008,TPH1,tryptophan hydroxylase 1,P17752
MONDO:0004985,bipolar disorder,bipolar disorder,4985_693_24613_1866,bipolar disorder,MONDO_grouped,121278,TPH2,NCBI,HGNC:20692,TPH2,tryptophan hydroxylase 2,Q8IWU9
MONDO:0004985,bipolar disorder,bipolar disorder,4985_693_24613_1866,bipolar disorder,MONDO_grouped,7173,TPO,NCBI,HGNC:12015,TPO,thyroid peroxidase,P07202
MONDO:0004985,bipolar disorder,bipolar disorder,4985_693_24613_1866,bipolar disorder,MONDO_grouped,9881,TRANK1,NCBI,HGNC:29011,TRANK1,tetratricopeptide repeat and ankyrin repeat containing 1,O15050
MONDO:0004985,bipolar disorder,bipolar disorder,4985_693_24613_1866,bipolar disorder,MONDO_grouped,7222,TRPC3,NCBI,HGNC:12335,TRPC3,transient receptor potential cation channel subfamily C member 3,Q13507
MONDO:0004985,bipolar disorder,bipolar disorder,4985_693_24613_1866,bipolar disorder,MONDO_grouped,57113,TRPC7,NCBI,HGNC:20754,TRPC7,transient receptor potential cation channel subfamily C member 7,Q9HCX4
MONDO:0004985,bipolar disorder,bipolar disorder,4985_693_24613_1866,bipolar disorder,MONDO_grouped,7226,TRPM2,NCBI,HGNC:12339,TRPM2,transient receptor potential cation channel subfamily M member 2,O94759
MONDO:0004985,bipolar disorder,bipolar disorder,4985_693_24613_1866,bipolar disorder,MONDO_grouped,7252,TSHB,NCBI,HGNC:12372,TSHB,thyroid stimulating hormone subunit beta,P01222
MONDO:0004985,bipolar disorder,bipolar disorder,4985_693_24613_1866,bipolar disorder,MONDO_grouped,7257,TSNAX,NCBI,HGNC:12380,TSNAX,translin associated factor X,Q99598
MONDO:0004985,bipolar disorder,bipolar disorder,4985_693_24613_1866,bipolar disorder,MONDO_grouped,7103,TSPAN8,NCBI,HGNC:11855,TSPAN8,tetraspanin 8,P19075
MONDO:0004985,bipolar disorder,bipolar disorder,4985_693_24613_1866,bipolar disorder,MONDO_grouped,706,TSPO,NCBI,HGNC:1158,TSPO,translocator protein,B1AH88
MONDO:0004985,bipolar disorder,bipolar disorder,4985_693_24613_1866,bipolar disorder,MONDO_grouped,706,TSPO,NCBI,HGNC:1158,TSPO,translocator protein,P30536
MONDO:0004985,bipolar disorder,bipolar disorder,4985_693_24613_1866,bipolar disorder,MONDO_grouped,51807,TUBA8,NCBI,HGNC:12410,TUBA8,tubulin alpha 8,Q9NY65
MONDO:0004985,bipolar disorder,bipolar disorder,4985_693_24613_1866,bipolar disorder,MONDO_grouped,7351,UCP2,NCBI,HGNC:12518,UCP2,uncoupling protein 2,P55851
MONDO:0004985,bipolar disorder,bipolar disorder,4985_693_24613_1866,bipolar disorder,MONDO_grouped,54986,ULK4,NCBI,HGNC:15784,ULK4,unc-51 like kinase 4,Q96C45
MONDO:0004985,bipolar disorder,bipolar disorder,4985_693_24613_1866,bipolar disorder,MONDO_grouped,64854,USP46,NCBI,HGNC:20075,USP46,ubiquitin specific peptidase 46,P62068
MONDO:0004985,bipolar disorder,bipolar disorder,4985_693_24613_1866,bipolar disorder,MONDO_grouped,9218,VAPA,NCBI,HGNC:12648,VAPA,VAMP associated protein A,Q9P0L0
MONDO:0004985,bipolar disorder,bipolar disorder,4985_693_24613_1866,bipolar disorder,MONDO_grouped,7421,VDR,NCBI,HGNC:12679,VDR,vitamin D receptor,P11473
MONDO:0004985,bipolar disorder,bipolar disorder,4985_693_24613_1866,bipolar disorder,MONDO_grouped,7422,VEGFA,NCBI,HGNC:12680,VEGFA,vascular endothelial growth factor A,P15692
MONDO:0004985,bipolar disorder,bipolar disorder,4985_693_24613_1866,bipolar disorder,MONDO_grouped,7425,VGF,NCBI,HGNC:12684,VGF,VGF nerve growth factor inducible,O15240
MONDO:0004985,bipolar disorder,bipolar disorder,4985_693_24613_1866,bipolar disorder,MONDO_grouped,7432,VIP,NCBI,HGNC:12693,VIP,vasoactive intestinal peptide,P01282
MONDO:0004985,bipolar disorder,bipolar disorder,4985_693_24613_1866,bipolar disorder,MONDO_grouped,7434,VIPR2,NCBI,HGNC:12695,VIPR2,vasoactive intestinal peptide receptor 2,P41587
MONDO:0004985,bipolar disorder,bipolar disorder,4985_693_24613_1866,bipolar disorder,MONDO_grouped,7466,WFS1,NCBI,HGNC:12762,WFS1,wolframin ER transmembrane glycoprotein,O76024
MONDO:0004985,bipolar disorder,bipolar disorder,4985_693_24613_1866,bipolar disorder,MONDO_grouped,25861,WHRN,NCBI,HGNC:16361,WHRN,whirlin,Q9P202
MONDO:0004985,bipolar disorder,bipolar disorder,4985_693_24613_1866,bipolar disorder,MONDO_grouped,7494,XBP1,NCBI,HGNC:12801,XBP1,X-box binding protein 1,P17861
MONDO:0004985,bipolar disorder,bipolar disorder,4985_693_24613_1866,bipolar disorder,MONDO_grouped,7498,XDH,NCBI,HGNC:12805,XDH,xanthine dehydrogenase,P47989
MONDO:0004985,bipolar disorder,bipolar disorder,4985_693_24613_1866,bipolar disorder,MONDO_grouped,7531,YWHAE,NCBI,HGNC:12851,YWHAE,tyrosine 3-monooxygenase/tryptophan 5-monooxygenase activation protein epsilon,P62258
MONDO:0004985,bipolar disorder,bipolar disorder,4985_693_24613_1866,bipolar disorder,MONDO_grouped,7533,YWHAH,NCBI,HGNC:12853,YWHAH,tyrosine 3-monooxygenase/tryptophan 5-monooxygenase activation protein eta,Q04917
MONDO:0004985,bipolar disorder,bipolar disorder,4985_693_24613_1866,bipolar disorder,MONDO_grouped,7534,YWHAZ,NCBI,HGNC:12855,YWHAZ,tyrosine 3-monooxygenase/tryptophan 5-monooxygenase activation protein zeta,P63104
MONDO:0004985,bipolar disorder,bipolar disorder,4985_693_24613_1866,bipolar disorder,MONDO_grouped,54877,ZCCHC2,NCBI,HGNC:22916,ZCCHC2,zinc finger CCHC-type containing 2,Q9C0B9
MONDO:0004985,bipolar disorder,bipolar disorder,4985_693_24613_1866,bipolar disorder,MONDO_grouped,9640,ZNF592,NCBI,HGNC:28986,ZNF592,zinc finger protein 592,Q92610
MONDO:0004985,bipolar disorder,bipolar disorder,4985_693_24613_1866,bipolar disorder,MONDO_grouped,91752,ZNF804A,NCBI,HGNC:21711,ZNF804A,zinc finger protein 804A,Q7Z570
MONDO:0001627,dementia,dementia,1627,dementia (disease),MONDO,351,APP,NCBI,HGNC:620,APP,amyloid beta precursor protein,P05067
MONDO:0001627,dementia,dementia,1627,dementia (disease),MONDO,1282,COL4A1,NCBI,HGNC:2202,COL4A1,collagen type IV alpha 1 chain,P02462
MONDO:0001627,dementia,dementia,1627,dementia (disease),MONDO,1356,CP,NCBI,HGNC:2295,CP,ceruloplasmin,P00450
MONDO:0001627,dementia,dementia,1627,dementia (disease),MONDO,1436,CSF1R,NCBI,HGNC:2433,CSF1R,colony stimulating factor 1 receptor,P07333
MONDO:0001627,dementia,dementia,1627,dementia (disease),MONDO,1471,CST3,NCBI,HGNC:2475,CST3,cystatin C,P01034
MONDO:0001627,dementia,dementia,1627,dementia (disease),MONDO,1786,DNMT1,NCBI,HGNC:2976,DNMT1,DNA methyltransferase 1,P26358
MONDO:0001627,dementia,dementia,1627,dementia (disease),MONDO,2521,FUS,NCBI,HGNC:4010,FUS,FUS RNA binding protein,P35637
MONDO:0001627,dementia,dementia,1627,dementia (disease),MONDO,2896,GRN,NCBI,HGNC:4601,GRN,granulin precursor,P28799
MONDO:0001627,dementia,dementia,1627,dementia (disease),MONDO,5654,HTRA1,NCBI,HGNC:9476,HTRA1,HtrA serine peptidase 1,Q92743
MONDO:0001627,dementia,dementia,1627,dementia (disease),MONDO,4137,MAPT,NCBI,HGNC:6893,MAPT,microtubule associated protein tau,P10636
MONDO:0001627,dementia,dementia,1627,dementia (disease),MONDO,4854,NOTCH3,NCBI,HGNC:7883,NOTCH3,notch receptor 3,Q9UM47
MONDO:0001627,dementia,dementia,1627,dementia (disease),MONDO,5621,PRNP,NCBI,HGNC:9449,PRNP,prion protein (Kanno blood group),F7VJQ1
MONDO:0001627,dementia,dementia,1627,dementia (disease),MONDO,5621,PRNP,NCBI,HGNC:9449,PRNP,prion protein (Kanno blood group),P04156
MONDO:0001627,dementia,dementia,1627,dementia (disease),MONDO,5664,PSEN2,NCBI,HGNC:9509,PSEN2,presenilin 2,P49810
MONDO:0001627,dementia,dementia,1627,dementia (disease),MONDO,6531,SLC6A3,NCBI,HGNC:11049,SLC6A3,solute carrier family 6 member 3,Q01959
MONDO:0001627,dementia,dementia,1627,dementia (disease),MONDO,23315,SLC9A8,NCBI,HGNC:20728,SLC9A8,solute carrier family 9 member A8,Q9Y2E8
MONDO:0001627,dementia,dementia,1627,dementia (disease),MONDO,54209,TREM2,NCBI,HGNC:17761,TREM2,triggering receptor expressed on myeloid cells 2,Q9NZC2
MONDO:0001627,dementia,dementia,1627,dementia (disease),MONDO,7305,TYROBP,NCBI,HGNC:12449,TYROBP,transmembrane immune signaling adaptor TYROBP,O43914
MONDO:0005027,epilepsy,epilepsy,5027,epilepsy,MONDO,18,ABAT,NCBI,HGNC:23,ABAT,4-aminobutyrate aminotransferase,P80404
MONDO:0005027,epilepsy,epilepsy,5027,epilepsy,MONDO,5243,ABCB1,NCBI,HGNC:40,ABCB1,ATP binding cassette subfamily B member 1,P08183
MONDO:0005027,epilepsy,epilepsy,5027,epilepsy,MONDO,1244,ABCC2,NCBI,HGNC:53,ABCC2,ATP binding cassette subfamily C member 2,Q92887
MONDO:0005027,epilepsy,epilepsy,5027,epilepsy,MONDO,38,ACAT1,NCBI,HGNC:93,ACAT1,acetyl-CoA acetyltransferase 1,P24752
MONDO:0005027,epilepsy,epilepsy,5027,epilepsy,MONDO,43,ACHE,NCBI,HGNC:108,ACHE,acetylcholinesterase (Yt blood group),P22303
MONDO:0005027,epilepsy,epilepsy,5027,epilepsy,MONDO,71,ACTG1,NCBI,HGNC:144,ACTG1,actin gamma 1,P63261
MONDO:0005027,epilepsy,epilepsy,5027,epilepsy,MONDO,116,ADCYAP1,NCBI,HGNC:241,ADCYAP1,adenylate cyclase activating polypeptide 1,P18509
MONDO:0005027,epilepsy,epilepsy,5027,epilepsy,MONDO,135,ADORA2A,NCBI,HGNC:263,ADORA2A,adenosine A2a receptor,P29274
MONDO:0005027,epilepsy,epilepsy,5027,epilepsy,MONDO,147,ADRA1B,NCBI,HGNC:278,ADRA1B,adrenoceptor alpha 1B,P35368
MONDO:0005027,epilepsy,epilepsy,5027,epilepsy,MONDO,150,ADRA2A,NCBI,HGNC:281,ADRA2A,adrenoceptor alpha 2A,P08913
MONDO:0005027,epilepsy,epilepsy,5027,epilepsy,MONDO,392636,AGMO,NCBI,HGNC:33784,AGMO,alkylglycerol monooxygenase,Q6ZNB7
MONDO:0005027,epilepsy,epilepsy,5027,epilepsy,MONDO,183,AGT,NCBI,HGNC:333,AGT,angiotensinogen,P01019
MONDO:0005027,epilepsy,epilepsy,5027,epilepsy,MONDO,207,AKT1,NCBI,HGNC:391,AKT1,AKT serine/threonine kinase 1,P31749
MONDO:0005027,epilepsy,epilepsy,5027,epilepsy,MONDO,210,ALAD,NCBI,HGNC:395,ALAD,aminolevulinate dehydratase,P13716
MONDO:0005027,epilepsy,epilepsy,5027,epilepsy,MONDO,213,ALB,NCBI,HGNC:399,ALB,albumin,P02768
MONDO:0005027,epilepsy,epilepsy,5027,epilepsy,MONDO,79868,ALG13,NCBI,HGNC:30881,ALG13,ALG13 UDP-N-acetylglucosaminyltransferase subunit,Q9NP73
MONDO:0005027,epilepsy,epilepsy,5027,epilepsy,MONDO,249,ALPL,NCBI,HGNC:438,ALPL,"alkaline phosphatase, biomineralization associated",P05186
MONDO:0005027,epilepsy,epilepsy,5027,epilepsy,MONDO,29123,ANKRD11,NCBI,HGNC:21316,ANKRD11,ankyrin repeat domain 11,Q6UB99
MONDO:0005027,epilepsy,epilepsy,5027,epilepsy,MONDO,328,APEX1,NCBI,HGNC:587,APEX1,apurinic/apyrimidinic endodeoxyribonuclease 1,P27695
MONDO:0005027,epilepsy,epilepsy,5027,epilepsy,MONDO,348,APOE,NCBI,HGNC:613,APOE,apolipoprotein E,P02649
MONDO:0005027,epilepsy,epilepsy,5027,epilepsy,MONDO,57492,ARID1B,NCBI,HGNC:18040,ARID1B,AT-rich interaction domain 1B,Q8NFD5
MONDO:0005027,epilepsy,epilepsy,5027,epilepsy,MONDO,460,ASTN1,NCBI,HGNC:773,ASTN1,astrotactin 1,O14525
MONDO:0005027,epilepsy,epilepsy,5027,epilepsy,MONDO,80816,ASXL3,NCBI,HGNC:29357,ASXL3,ASXL transcriptional regulator 3,Q9C0F0
MONDO:0005027,epilepsy,epilepsy,5027,epilepsy,MONDO,538,ATP7A,NCBI,HGNC:869,ATP7A,ATPase copper transporting alpha,Q04656
MONDO:0005027,epilepsy,epilepsy,5027,epilepsy,MONDO,26053,AUTS2,NCBI,HGNC:14262,AUTS2,activator of transcription and developmental regulator AUTS2,Q8WXX7
MONDO:0005027,epilepsy,epilepsy,5027,epilepsy,MONDO,590,BCHE,NCBI,HGNC:983,BCHE,butyrylcholinesterase,P06276
MONDO:0005027,epilepsy,epilepsy,5027,epilepsy,MONDO,627,BDNF,NCBI,HGNC:1033,BDNF,brain derived neurotrophic factor,P23560
MONDO:0005027,epilepsy,epilepsy,5027,epilepsy,MONDO,9254,CACNA2D2,NCBI,HGNC:1400,CACNA2D2,calcium voltage-gated channel auxiliary subunit alpha2delta 2,Q9NY47
MONDO:0005027,epilepsy,epilepsy,5027,epilepsy,MONDO,785,CACNB4,NCBI,HGNC:1404,CACNB4,calcium voltage-gated channel auxiliary subunit beta 4,O00305
MONDO:0005027,epilepsy,epilepsy,5027,epilepsy,MONDO,847,CAT,NCBI,HGNC:1516,CAT,catalase,P04040
MONDO:0005027,epilepsy,epilepsy,5027,epilepsy,MONDO,885,CCK,NCBI,HGNC:1569,CCK,cholecystokinin,P06307
MONDO:0005027,epilepsy,epilepsy,5027,epilepsy,MONDO,6792,CDKL5,NCBI,HGNC:11411,CDKL5,cyclin dependent kinase like 5,O76039
MONDO:0005027,epilepsy,epilepsy,5027,epilepsy,MONDO,10087,CERT1,NCBI,HGNC:2205,CERT1,ceramide transporter 1,Q9Y5P4
MONDO:0005027,epilepsy,epilepsy,5027,epilepsy,MONDO,1103,CHAT,NCBI,HGNC:1912,CHAT,choline O-acetyltransferase,P28329
MONDO:0005027,epilepsy,epilepsy,5027,epilepsy,MONDO,1106,CHD2,NCBI,HGNC:1917,CHD2,chromodomain helicase DNA binding protein 2,O14647
MONDO:0005027,epilepsy,epilepsy,5027,epilepsy,MONDO,1128,CHRM1,NCBI,HGNC:1950,CHRM1,cholinergic receptor muscarinic 1,P11229
MONDO:0005027,epilepsy,epilepsy,5027,epilepsy,MONDO,1129,CHRM2,NCBI,HGNC:1951,CHRM2,cholinergic receptor muscarinic 2,P08172
MONDO:0005027,epilepsy,epilepsy,5027,epilepsy,MONDO,1136,CHRNA3,NCBI,HGNC:1957,CHRNA3,cholinergic receptor nicotinic alpha 3 subunit,P32297
MONDO:0005027,epilepsy,epilepsy,5027,epilepsy,MONDO,1137,CHRNA4,NCBI,HGNC:1958,CHRNA4,cholinergic receptor nicotinic alpha 4 subunit,P43681
MONDO:0005027,epilepsy,epilepsy,5027,epilepsy,MONDO,1138,CHRNA5,NCBI,HGNC:1959,CHRNA5,cholinergic receptor nicotinic alpha 5 subunit,P30532
MONDO:0005027,epilepsy,epilepsy,5027,epilepsy,MONDO,1139,CHRNA7,NCBI,HGNC:1960,CHRNA7,cholinergic receptor nicotinic alpha 7 subunit,P36544
MONDO:0005027,epilepsy,epilepsy,5027,epilepsy,MONDO,1143,CHRNB4,NCBI,HGNC:1964,CHRNB4,cholinergic receptor nicotinic beta 4 subunit,P30926
MONDO:0005027,epilepsy,epilepsy,5027,epilepsy,MONDO,1191,CLU,NCBI,HGNC:2095,CLU,clusterin,P10909
MONDO:0005027,epilepsy,epilepsy,5027,epilepsy,MONDO,54805,CNNM2,NCBI,HGNC:103,CNNM2,cyclin and CBS domain divalent metal cation transport mediator 2,Q9H8M5
MONDO:0005027,epilepsy,epilepsy,5027,epilepsy,MONDO,1268,CNR1,NCBI,HGNC:2159,CNR1,cannabinoid receptor 1,P21554
MONDO:0005027,epilepsy,epilepsy,5027,epilepsy,MONDO,26047,CNTNAP2,NCBI,HGNC:13830,CNTNAP2,contactin associated protein 2,Q9UHC6
MONDO:0005027,epilepsy,epilepsy,5027,epilepsy,MONDO,1392,CRH,NCBI,HGNC:2355,CRH,corticotropin releasing hormone,P06850
MONDO:0005027,epilepsy,epilepsy,5027,epilepsy,MONDO,1583,CYP11A1,NCBI,HGNC:2590,CYP11A1,cytochrome P450 family 11 subfamily A member 1,P05108
MONDO:0005027,epilepsy,epilepsy,5027,epilepsy,MONDO,1654,DDX3X,NCBI,HGNC:2745,DDX3X,DEAD-box helicase 3 X-linked,O00571
MONDO:0005027,epilepsy,epilepsy,5027,epilepsy,MONDO,1759,DNM1,NCBI,HGNC:2972,DNM1,dynamin 1,Q05193
MONDO:0005027,epilepsy,epilepsy,5027,epilepsy,MONDO,1812,DRD1,NCBI,HGNC:3020,DRD1,dopamine receptor D1,P21728
MONDO:0005027,epilepsy,epilepsy,5027,epilepsy,MONDO,1813,DRD2,NCBI,HGNC:3023,DRD2,dopamine receptor D2,P14416
MONDO:0005027,epilepsy,epilepsy,5027,epilepsy,MONDO,1814,DRD3,NCBI,HGNC:3024,DRD3,dopamine receptor D3,P35462
MONDO:0005027,epilepsy,epilepsy,5027,epilepsy,MONDO,1859,DYRK1A,NCBI,HGNC:3091,DYRK1A,dual specificity tyrosine phosphorylation regulated kinase 1A,Q13627
MONDO:0005027,epilepsy,epilepsy,5027,epilepsy,MONDO,124454,EARS2,NCBI,HGNC:29419,EARS2,"glutamyl-tRNA synthetase 2, mitochondrial",Q5JPH6
MONDO:0005027,epilepsy,epilepsy,5027,epilepsy,MONDO,1917,EEF1A2,NCBI,HGNC:3192,EEF1A2,eukaryotic translation elongation factor 1 alpha 2,Q05639
MONDO:0005027,epilepsy,epilepsy,5027,epilepsy,MONDO,83939,EIF2A,NCBI,HGNC:3254,EIF2A,eukaryotic translation initiation factor 2A,Q9BY44
MONDO:0005027,epilepsy,epilepsy,5027,epilepsy,MONDO,1968,EIF2S3,NCBI,HGNC:3267,EIF2S3,eukaryotic translation initiation factor 2 subunit gamma,P41091
MONDO:0005027,epilepsy,epilepsy,5027,epilepsy,MONDO,2081,ERN1,NCBI,HGNC:3449,ERN1,endoplasmic reticulum to nucleus signaling 1,O75460
MONDO:0005027,epilepsy,epilepsy,5027,epilepsy,MONDO,2166,FAAH,NCBI,HGNC:3553,FAAH,fatty acid amide hydrolase,O00519
MONDO:0005027,epilepsy,epilepsy,5027,epilepsy,MONDO,2247,FGF2,NCBI,HGNC:3676,FGF2,fibroblast growth factor 2,P09038
MONDO:0005027,epilepsy,epilepsy,5027,epilepsy,MONDO,2261,FGFR3,NCBI,HGNC:3690,FGFR3,fibroblast growth factor receptor 3,P22607
MONDO:0005027,epilepsy,epilepsy,5027,epilepsy,MONDO,2316,FLNA,NCBI,HGNC:3754,FLNA,filamin A,P21333
MONDO:0005027,epilepsy,epilepsy,5027,epilepsy,MONDO,2348,FOLR1,NCBI,HGNC:3791,FOLR1,folate receptor alpha,P15328
MONDO:0005027,epilepsy,epilepsy,5027,epilepsy,MONDO,2353,FOS,NCBI,HGNC:3796,FOS,"Fos proto-oncogene, AP-1 transcription factor subunit",P01100
MONDO:0005027,epilepsy,epilepsy,5027,epilepsy,MONDO,2354,FOSB,NCBI,HGNC:3797,FOSB,"FosB proto-oncogene, AP-1 transcription factor subunit",P53539
MONDO:0005027,epilepsy,epilepsy,5027,epilepsy,MONDO,2290,FOXG1,NCBI,HGNC:3811,FOXG1,forkhead box G1,P55316
MONDO:0005027,epilepsy,epilepsy,5027,epilepsy,MONDO,2558,GABRA5,NCBI,HGNC:4079,GABRA5,gamma-aminobutyric acid type A receptor subunit alpha5,P31644
MONDO:0005027,epilepsy,epilepsy,5027,epilepsy,MONDO,2561,GABRB2,NCBI,HGNC:4082,GABRB2,gamma-aminobutyric acid type A receptor subunit beta2,P47870
MONDO:0005027,epilepsy,epilepsy,5027,epilepsy,MONDO,2562,GABRB3,NCBI,HGNC:4083,GABRB3,gamma-aminobutyric acid type A receptor subunit beta3,P28472
MONDO:0005027,epilepsy,epilepsy,5027,epilepsy,MONDO,2566,GABRG2,NCBI,HGNC:4087,GABRG2,gamma-aminobutyric acid type A receptor subunit gamma2,P18507
MONDO:0005027,epilepsy,epilepsy,5027,epilepsy,MONDO,2572,GAD2,NCBI,HGNC:4093,GAD2,glutamate decarboxylase 2,Q05329
MONDO:0005027,epilepsy,epilepsy,5027,epilepsy,MONDO,2593,GAMT,NCBI,HGNC:4136,GAMT,guanidinoacetate N-methyltransferase,Q14353
MONDO:0005027,epilepsy,epilepsy,5027,epilepsy,MONDO,2670,GFAP,NCBI,HGNC:4235,GFAP,glial fibrillary acidic protein,P14136
MONDO:0005027,epilepsy,epilepsy,5027,epilepsy,MONDO,51738,GHRL,NCBI,HGNC:18129,GHRL,ghrelin and obestatin prepropeptide,Q9UBU3
MONDO:0005027,epilepsy,epilepsy,5027,epilepsy,MONDO,2746,GLUD1,NCBI,HGNC:4335,GLUD1,glutamate dehydrogenase 1,P00367
MONDO:0005027,epilepsy,epilepsy,5027,epilepsy,MONDO,2775,GNAO1,NCBI,HGNC:4389,GNAO1,G protein subunit alpha o1,P09471
MONDO:0005027,epilepsy,epilepsy,5027,epilepsy,MONDO,2784,GNB3,NCBI,HGNC:4400,GNB3,G protein subunit beta 3,P16520
MONDO:0005027,epilepsy,epilepsy,5027,epilepsy,MONDO,2876,GPX1,NCBI,HGNC:4553,GPX1,glutathione peroxidase 1,P07203
MONDO:0005027,epilepsy,epilepsy,5027,epilepsy,MONDO,2897,GRIK1,NCBI,HGNC:4579,GRIK1,glutamate ionotropic receptor kainate type subunit 1,P39086
MONDO:0005027,epilepsy,epilepsy,5027,epilepsy,MONDO,2903,GRIN2A,NCBI,HGNC:4585,GRIN2A,glutamate ionotropic receptor NMDA type subunit 2A,Q12879
MONDO:0005027,epilepsy,epilepsy,5027,epilepsy,MONDO,2904,GRIN2B,NCBI,HGNC:4586,GRIN2B,glutamate ionotropic receptor NMDA type subunit 2B,Q13224
MONDO:0005027,epilepsy,epilepsy,5027,epilepsy,MONDO,2911,GRM1,NCBI,HGNC:4593,GRM1,glutamate metabotropic receptor 1,Q13255
MONDO:0005027,epilepsy,epilepsy,5027,epilepsy,MONDO,348980,HCN1,NCBI,HGNC:4845,HCN1,hyperpolarization activated cyclic nucleotide gated potassium channel 1,O60741
MONDO:0005027,epilepsy,epilepsy,5027,epilepsy,MONDO,3192,HNRNPU,NCBI,HGNC:5048,HNRNPU,heterogeneous nuclear ribonucleoprotein U,Q00839
MONDO:0005027,epilepsy,epilepsy,5027,epilepsy,MONDO,3350,HTR1A,NCBI,HGNC:5286,HTR1A,5-hydroxytryptamine receptor 1A,P08908
MONDO:0005027,epilepsy,epilepsy,5027,epilepsy,MONDO,3351,HTR1B,NCBI,HGNC:5287,HTR1B,5-hydroxytryptamine receptor 1B,P28222
MONDO:0005027,epilepsy,epilepsy,5027,epilepsy,MONDO,3418,IDH2,NCBI,HGNC:5383,IDH2,isocitrate dehydrogenase (NADP(+)) 2,P48735
MONDO:0005027,epilepsy,epilepsy,5027,epilepsy,MONDO,3456,IFNB1,NCBI,HGNC:5434,IFNB1,interferon beta 1,P01574
MONDO:0005027,epilepsy,epilepsy,5027,epilepsy,MONDO,3553,IL1B,NCBI,HGNC:5992,IL1B,interleukin 1 beta,P01584
MONDO:0005027,epilepsy,epilepsy,5027,epilepsy,MONDO,3569,IL6,NCBI,HGNC:6018,IL6,interleukin 6,P05231
MONDO:0005027,epilepsy,epilepsy,5027,epilepsy,MONDO,3611,ILK,NCBI,HGNC:6040,ILK,integrin linked kinase,Q13418
MONDO:0005027,epilepsy,epilepsy,5027,epilepsy,MONDO,3612,IMPA1,NCBI,HGNC:6050,IMPA1,inositol monophosphatase 1,P29218
MONDO:0005027,epilepsy,epilepsy,5027,epilepsy,MONDO,3630,INS,NCBI,HGNC:6081,INS,insulin,P01308
MONDO:0005027,epilepsy,epilepsy,5027,epilepsy,MONDO,23096,IQSEC2,NCBI,HGNC:29059,IQSEC2,IQ motif and Sec7 domain ArfGEF 2,Q5JU85
MONDO:0005027,epilepsy,epilepsy,5027,epilepsy,MONDO,3737,KCNA2,NCBI,HGNC:6220,KCNA2,potassium voltage-gated channel subfamily A member 2,P16389
MONDO:0005027,epilepsy,epilepsy,5027,epilepsy,MONDO,8514,KCNAB2,NCBI,HGNC:6229,KCNAB2,potassium voltage-gated channel subfamily A regulatory beta subunit 2,Q13303
MONDO:0005027,epilepsy,epilepsy,5027,epilepsy,MONDO,3751,KCND2,NCBI,HGNC:6238,KCND2,potassium voltage-gated channel subfamily D member 2,Q9NZV8
MONDO:0005027,epilepsy,epilepsy,5027,epilepsy,MONDO,3756,KCNH1,NCBI,HGNC:6250,KCNH1,potassium voltage-gated channel subfamily H member 1,O95259
MONDO:0005027,epilepsy,epilepsy,5027,epilepsy,MONDO,27133,KCNH5,NCBI,HGNC:6254,KCNH5,potassium voltage-gated channel subfamily H member 5,Q8NCM2
MONDO:0005027,epilepsy,epilepsy,5027,epilepsy,MONDO,3767,KCNJ11,NCBI,HGNC:6257,KCNJ11,potassium inwardly rectifying channel subfamily J member 11,Q14654
MONDO:0005027,epilepsy,epilepsy,5027,epilepsy,MONDO,3785,KCNQ2,NCBI,HGNC:6296,KCNQ2,potassium voltage-gated channel subfamily Q member 2,O43526
MONDO:0005027,epilepsy,epilepsy,5027,epilepsy,MONDO,343450,KCNT2,NCBI,HGNC:18866,KCNT2,potassium sodium-activated channel subfamily T member 2,Q6UVM3
MONDO:0005027,epilepsy,epilepsy,5027,epilepsy,MONDO,8242,KDM5C,NCBI,HGNC:11114,KDM5C,lysine demethylase 5C,P41229
MONDO:0005027,epilepsy,epilepsy,5027,epilepsy,MONDO,79944,L2HGDH,NCBI,HGNC:20499,L2HGDH,L-2-hydroxyglutarate dehydrogenase,Q9H9P8
MONDO:0005027,epilepsy,epilepsy,5027,epilepsy,MONDO,3952,LEP,NCBI,HGNC:6553,LEP,leptin,P41159
MONDO:0005027,epilepsy,epilepsy,5027,epilepsy,MONDO,3954,LETM1,NCBI,HGNC:6556,LETM1,leucine zipper and EF-hand containing transmembrane protein 1,O95202
MONDO:0005027,epilepsy,epilepsy,5027,epilepsy,MONDO,81562,LMAN2L,NCBI,HGNC:19263,LMAN2L,"lectin, mannose binding 2 like",Q9H0V9
MONDO:0005027,epilepsy,epilepsy,5027,epilepsy,MONDO,4204,MECP2,NCBI,HGNC:6990,MECP2,methyl-CpG binding protein 2,P51608
MONDO:0005027,epilepsy,epilepsy,5027,epilepsy,MONDO,4208,MEF2C,NCBI,HGNC:6996,MEF2C,myocyte enhancer factor 2C,Q06413
MONDO:0005027,epilepsy,epilepsy,5027,epilepsy,MONDO,57534,MIB1,NCBI,HGNC:21086,MIB1,MIB E3 ubiquitin protein ligase 1,Q86YT6
MONDO:0005027,epilepsy,epilepsy,5027,epilepsy,MONDO,8777,MPDZ,NCBI,HGNC:7208,MPDZ,multiple PDZ domain crumbs cell polarity complex component,O75970
MONDO:0005027,epilepsy,epilepsy,5027,epilepsy,MONDO,4504,MT3,NCBI,HGNC:7408,MT3,metallothionein 3,P25713
MONDO:0005027,epilepsy,epilepsy,5027,epilepsy,MONDO,340533,NEXMIF,NCBI,HGNC:29433,NEXMIF,neurite extension and migration factor,Q5QGS0
MONDO:0005027,epilepsy,epilepsy,5027,epilepsy,MONDO,4803,NGF,NCBI,HGNC:7808,NGF,nerve growth factor,P01138
MONDO:0005027,epilepsy,epilepsy,5027,epilepsy,MONDO,4804,NGFR,NCBI,HGNC:7809,NGFR,nerve growth factor receptor,P08138
MONDO:0005027,epilepsy,epilepsy,5027,epilepsy,MONDO,4842,NOS1,NCBI,HGNC:7872,NOS1,nitric oxide synthase 1,P29475
MONDO:0005027,epilepsy,epilepsy,5027,epilepsy,MONDO,4843,NOS2,NCBI,HGNC:7873,NOS2,nitric oxide synthase 2,P35228
MONDO:0005027,epilepsy,epilepsy,5027,epilepsy,MONDO,4852,NPY,NCBI,HGNC:7955,NPY,neuropeptide Y,P01303
MONDO:0005027,epilepsy,epilepsy,5027,epilepsy,MONDO,4887,NPY2R,NCBI,HGNC:7957,NPY2R,neuropeptide Y receptor Y2,P49146
MONDO:0005027,epilepsy,epilepsy,5027,epilepsy,MONDO,8828,NRP2,NCBI,HGNC:8005,NRP2,neuropilin 2,O60462
MONDO:0005027,epilepsy,epilepsy,5027,epilepsy,MONDO,4985,OPRD1,NCBI,HGNC:8153,OPRD1,opioid receptor delta 1,P41143
MONDO:0005027,epilepsy,epilepsy,5027,epilepsy,MONDO,4986,OPRK1,NCBI,HGNC:8154,OPRK1,opioid receptor kappa 1,P41145
MONDO:0005027,epilepsy,epilepsy,5027,epilepsy,MONDO,4988,OPRM1,NCBI,HGNC:8156,OPRM1,opioid receptor mu 1,P35372
MONDO:0005027,epilepsy,epilepsy,5027,epilepsy,MONDO,5020,OXT,NCBI,HGNC:8528,OXT,oxytocin/neurophysin I prepropeptide,P01178
MONDO:0005027,epilepsy,epilepsy,5027,epilepsy,MONDO,22953,P2RX2,NCBI,HGNC:15459,P2RX2,purinergic receptor P2X 2,Q9UBL9
MONDO:0005027,epilepsy,epilepsy,5027,epilepsy,MONDO,5025,P2RX4,NCBI,HGNC:8535,P2RX4,purinergic receptor P2X 4,Q99571
MONDO:0005027,epilepsy,epilepsy,5027,epilepsy,MONDO,5066,PAM,NCBI,HGNC:8596,PAM,peptidylglycine alpha-amidating monooxygenase,P19021
MONDO:0005027,epilepsy,epilepsy,5027,epilepsy,MONDO,51294,PCDH12,NCBI,HGNC:8657,PCDH12,protocadherin 12,Q9NPG4
MONDO:0005027,epilepsy,epilepsy,5027,epilepsy,MONDO,57526,PCDH19,NCBI,HGNC:14270,PCDH19,protocadherin 19,Q8TAB3
MONDO:0005027,epilepsy,epilepsy,5027,epilepsy,MONDO,5173,PDYN,NCBI,HGNC:8820,PDYN,prodynorphin,P01213
MONDO:0005027,epilepsy,epilepsy,5027,epilepsy,MONDO,5283,PIGH,NCBI,HGNC:8964,PIGH,phosphatidylinositol glycan anchor biosynthesis class H,Q14442
MONDO:0005027,epilepsy,epilepsy,5027,epilepsy,MONDO,93183,PIGM,NCBI,HGNC:18858,PIGM,phosphatidylinositol glycan anchor biosynthesis class M,Q9H3S5
MONDO:0005027,epilepsy,epilepsy,5027,epilepsy,MONDO,9091,PIGQ,NCBI,HGNC:14135,PIGQ,phosphatidylinositol glycan anchor biosynthesis class Q,Q9BRB3
MONDO:0005027,epilepsy,epilepsy,5027,epilepsy,MONDO,54886,PLPPR1,NCBI,HGNC:25993,PLPPR1,phospholipid phosphatase related 1,Q8TBJ4
MONDO:0005027,epilepsy,epilepsy,5027,epilepsy,MONDO,11284,PNKP,NCBI,HGNC:9154,PNKP,polynucleotide kinase 3'-phosphatase,Q96T60
MONDO:0005027,epilepsy,epilepsy,5027,epilepsy,MONDO,5428,POLG,NCBI,HGNC:9179,POLG,"DNA polymerase gamma, catalytic subunit",P54098
MONDO:0005027,epilepsy,epilepsy,5027,epilepsy,MONDO,5443,POMC,NCBI,HGNC:9201,POMC,proopiomelanocortin,P01189
MONDO:0005027,epilepsy,epilepsy,5027,epilepsy,MONDO,5580,PRKCD,NCBI,HGNC:9399,PRKCD,protein kinase C delta,Q05655
MONDO:0005027,epilepsy,epilepsy,5027,epilepsy,MONDO,112476,PRRT2,NCBI,HGNC:30500,PRRT2,proline rich transmembrane protein 2,Q7Z6L0
MONDO:0005027,epilepsy,epilepsy,5027,epilepsy,MONDO,5743,PTGS2,NCBI,HGNC:9605,PTGS2,prostaglandin-endoperoxide synthase 2,P35354
MONDO:0005027,epilepsy,epilepsy,5027,epilepsy,MONDO,5813,PURA,NCBI,HGNC:9701,PURA,purine rich element binding protein A,Q00577
MONDO:0005027,epilepsy,epilepsy,5027,epilepsy,MONDO,5816,PVALB,NCBI,HGNC:9704,PVALB,parvalbumin,P20472
MONDO:0005027,epilepsy,epilepsy,5027,epilepsy,MONDO,116442,RAB39B,NCBI,HGNC:16499,RAB39B,"RAB39B, member RAS oncogene family",Q96DA2
MONDO:0005027,epilepsy,epilepsy,5027,epilepsy,MONDO,57038,RARS2,NCBI,HGNC:21406,RARS2,"arginyl-tRNA synthetase 2, mitochondrial",Q5T160
MONDO:0005027,epilepsy,epilepsy,5027,epilepsy,MONDO,54715,RBFOX1,NCBI,HGNC:18222,RBFOX1,RNA binding fox-1 homolog 1,Q9NWB1
MONDO:0005027,epilepsy,epilepsy,5027,epilepsy,MONDO,5978,REST,NCBI,HGNC:9966,REST,RE1 silencing transcription factor,Q13127
MONDO:0005027,epilepsy,epilepsy,5027,epilepsy,MONDO,6323,SCN1A,NCBI,HGNC:10585,SCN1A,sodium voltage-gated channel alpha subunit 1,P35498
MONDO:0005027,epilepsy,epilepsy,5027,epilepsy,MONDO,6326,SCN2A,NCBI,HGNC:10588,SCN2A,sodium voltage-gated channel alpha subunit 2,Q99250
MONDO:0005027,epilepsy,epilepsy,5027,epilepsy,MONDO,6334,SCN8A,NCBI,HGNC:10596,SCN8A,sodium voltage-gated channel alpha subunit 8,Q9UQD0
MONDO:0005027,epilepsy,epilepsy,5027,epilepsy,MONDO,6335,SCN9A,NCBI,HGNC:10597,SCN9A,sodium voltage-gated channel alpha subunit 9,Q15858
MONDO:0005027,epilepsy,epilepsy,5027,epilepsy,MONDO,6415,SELENOW,NCBI,HGNC:10752,SELENOW,selenoprotein W,P63302
MONDO:0005027,epilepsy,epilepsy,5027,epilepsy,MONDO,9739,SETD1A,NCBI,HGNC:29010,SETD1A,"SET domain containing 1A, histone lysine methyltransferase",O15047
MONDO:0005027,epilepsy,epilepsy,5027,epilepsy,MONDO,10280,SIGMAR1,NCBI,HGNC:8157,SIGMAR1,sigma receptor chaperone 1,Q99720
MONDO:0005027,epilepsy,epilepsy,5027,epilepsy,MONDO,6558,SLC12A2,NCBI,HGNC:10911,SLC12A2,solute carrier family 12 member 2,P55011
MONDO:0005027,epilepsy,epilepsy,5027,epilepsy,MONDO,57468,SLC12A5,NCBI,HGNC:13818,SLC12A5,solute carrier family 12 member 5,Q9H2X9
MONDO:0005027,epilepsy,epilepsy,5027,epilepsy,MONDO,57030,SLC17A7,NCBI,HGNC:16704,SLC17A7,solute carrier family 17 member 7,Q9P2U7
MONDO:0005027,epilepsy,epilepsy,5027,epilepsy,MONDO,6505,SLC1A1,NCBI,HGNC:10939,SLC1A1,solute carrier family 1 member 1,P43005
MONDO:0005027,epilepsy,epilepsy,5027,epilepsy,MONDO,6506,SLC1A2,NCBI,HGNC:10940,SLC1A2,solute carrier family 1 member 2,P43004
MONDO:0005027,epilepsy,epilepsy,5027,epilepsy,MONDO,6507,SLC1A3,NCBI,HGNC:10941,SLC1A3,solute carrier family 1 member 3,P43003
MONDO:0005027,epilepsy,epilepsy,5027,epilepsy,MONDO,6513,SLC2A1,NCBI,HGNC:11005,SLC2A1,solute carrier family 2 member 1,P11166
MONDO:0005027,epilepsy,epilepsy,5027,epilepsy,MONDO,7779,SLC30A1,NCBI,HGNC:11012,SLC30A1,solute carrier family 30 member 1,Q9Y6M5
MONDO:0005027,epilepsy,epilepsy,5027,epilepsy,MONDO,7355,SLC35A2,NCBI,HGNC:11022,SLC35A2,solute carrier family 35 member A2,P78381
MONDO:0005027,epilepsy,epilepsy,5027,epilepsy,MONDO,57282,SLC4A10,NCBI,HGNC:13811,SLC4A10,solute carrier family 4 member 10,Q6U841
MONDO:0005027,epilepsy,epilepsy,5027,epilepsy,MONDO,8884,SLC5A6,NCBI,HGNC:11041,SLC5A6,solute carrier family 5 member 6,Q9Y289
MONDO:0005027,epilepsy,epilepsy,5027,epilepsy,MONDO,6529,SLC6A1,NCBI,HGNC:11042,SLC6A1,solute carrier family 6 member 1,P30531
MONDO:0005027,epilepsy,epilepsy,5027,epilepsy,MONDO,6530,SLC6A2,NCBI,HGNC:11048,SLC6A2,solute carrier family 6 member 2,P23975
MONDO:0005027,epilepsy,epilepsy,5027,epilepsy,MONDO,6546,SLC8A1,NCBI,HGNC:11068,SLC8A1,solute carrier family 8 member A1,P32418
MONDO:0005027,epilepsy,epilepsy,5027,epilepsy,MONDO,6547,SLC8A3,NCBI,HGNC:11070,SLC8A3,solute carrier family 8 member A3,P57103
MONDO:0005027,epilepsy,epilepsy,5027,epilepsy,MONDO,8243,SMC1A,NCBI,HGNC:11111,SMC1A,structural maintenance of chromosomes 1A,Q14683
MONDO:0005027,epilepsy,epilepsy,5027,epilepsy,MONDO,6616,SNAP25,NCBI,HGNC:11132,SNAP25,synaptosome associated protein 25,P60880
MONDO:0005027,epilepsy,epilepsy,5027,epilepsy,MONDO,6648,SOD2,NCBI,HGNC:11180,SOD2,superoxide dismutase 2,P04179
MONDO:0005027,epilepsy,epilepsy,5027,epilepsy,MONDO,8404,SPARCL1,NCBI,HGNC:11220,SPARCL1,SPARC like 1,Q14515
MONDO:0005027,epilepsy,epilepsy,5027,epilepsy,MONDO,6750,SST,NCBI,HGNC:11329,SST,somatostatin,P61278
MONDO:0005027,epilepsy,epilepsy,5027,epilepsy,MONDO,6752,SSTR2,NCBI,HGNC:11331,SSTR2,somatostatin receptor 2,P30874
MONDO:0005027,epilepsy,epilepsy,5027,epilepsy,MONDO,10617,STAMBP,NCBI,HGNC:16950,STAMBP,STAM binding protein,O95630
MONDO:0005027,epilepsy,epilepsy,5027,epilepsy,MONDO,112755,STX1B,NCBI,HGNC:18539,STX1B,syntaxin 1B,P61266
MONDO:0005027,epilepsy,epilepsy,5027,epilepsy,MONDO,6812,STXBP1,NCBI,HGNC:11444,STXBP1,syntaxin binding protein 1,P61764
MONDO:0005027,epilepsy,epilepsy,5027,epilepsy,MONDO,6854,SYN2,NCBI,HGNC:11495,SYN2,synapsin II,Q92777
MONDO:0005027,epilepsy,epilepsy,5027,epilepsy,MONDO,8831,SYNGAP1,NCBI,HGNC:11497,SYNGAP1,synaptic Ras GTPase activating protein 1,Q96PV0
MONDO:0005027,epilepsy,epilepsy,5027,epilepsy,MONDO,26115,TANC2,NCBI,HGNC:30212,TANC2,"tetratricopeptide repeat, ankyrin repeat and coiled-coil containing 2",Q9HCD6
MONDO:0005027,epilepsy,epilepsy,5027,epilepsy,MONDO,6904,TBCD,NCBI,HGNC:11581,TBCD,tubulin folding cofactor D,Q9BTW9
MONDO:0005027,epilepsy,epilepsy,5027,epilepsy,MONDO,6925,TCF4,NCBI,HGNC:11634,TCF4,transcription factor 4,P15884
MONDO:0005027,epilepsy,epilepsy,5027,epilepsy,MONDO,7040,TGFB1,NCBI,HGNC:11766,TGFB1,transforming growth factor beta 1,P01137
MONDO:0005027,epilepsy,epilepsy,5027,epilepsy,MONDO,7200,TRH,NCBI,HGNC:12298,TRH,thyrotropin releasing hormone,P20396
MONDO:0005027,epilepsy,epilepsy,5027,epilepsy,MONDO,7248,TSC1,NCBI,HGNC:12362,TSC1,TSC complex subunit 1,Q92574
MONDO:0005027,epilepsy,epilepsy,5027,epilepsy,MONDO,7249,TSC2,NCBI,HGNC:12363,TSC2,TSC complex subunit 2,P49815
MONDO:0005027,epilepsy,epilepsy,5027,epilepsy,MONDO,7296,TXNRD1,NCBI,HGNC:12437,TXNRD1,thioredoxin reductase 1,Q16881
MONDO:0005027,epilepsy,epilepsy,5027,epilepsy,MONDO,7337,UBE3A,NCBI,HGNC:12496,UBE3A,ubiquitin protein ligase E3A,Q05086
MONDO:0005027,epilepsy,epilepsy,5027,epilepsy,MONDO,7416,VDAC1,NCBI,HGNC:12669,VDAC1,voltage dependent anion channel 1,P21796
MONDO:0005027,epilepsy,epilepsy,5027,epilepsy,MONDO,7417,VDAC2,NCBI,HGNC:12672,VDAC2,voltage dependent anion channel 2,P45880
MONDO:0005027,epilepsy,epilepsy,5027,epilepsy,MONDO,11152,WDR45,NCBI,HGNC:28912,WDR45,WD repeat domain 45,Q9Y484
MONDO:0005027,epilepsy,epilepsy,5027,epilepsy,MONDO,51114,ZDHHC9,NCBI,HGNC:18475,ZDHHC9,zDHHC palmitoyltransferase 9,Q9Y397
MONDO:0002009,major depressive disorder,major depressive disorder,2009_12050_12100,major depressive disorder,MONDO_grouped,5243,ABCB1,NCBI,HGNC:40,ABCB1,ATP binding cassette subfamily B member 1,P08183
MONDO:0002009,major depressive disorder,major depressive disorder,2009_12050_12100,major depressive disorder,MONDO_grouped,25890,ABI3BP,NCBI,HGNC:17265,ABI3BP,ABI family member 3 binding protein,Q7Z7G0
MONDO:0002009,major depressive disorder,major depressive disorder,2009_12050_12100,major depressive disorder,MONDO_grouped,1636,ACE,NCBI,HGNC:2707,ACE,angiotensin I converting enzyme,P12821
MONDO:0002009,major depressive disorder,major depressive disorder,2009_12050_12100,major depressive disorder,MONDO_grouped,52,ACP1,NCBI,HGNC:122,ACP1,acid phosphatase 1,P24666
MONDO:0002009,major depressive disorder,major depressive disorder,2009_12050_12100,major depressive disorder,MONDO_grouped,2182,ACSL4,NCBI,HGNC:3571,ACSL4,acyl-CoA synthetase long chain family member 4,O60488
MONDO:0002009,major depressive disorder,major depressive disorder,2009_12050_12100,major depressive disorder,MONDO_grouped,116285,ACSM1,NCBI,HGNC:18049,ACSM1,acyl-CoA synthetase medium chain family member 1,Q08AH1
MONDO:0002009,major depressive disorder,major depressive disorder,2009_12050_12100,major depressive disorder,MONDO_grouped,111,ADCY5,NCBI,HGNC:236,ADCY5,adenylate cyclase 5,O95622
MONDO:0002009,major depressive disorder,major depressive disorder,2009_12050_12100,major depressive disorder,MONDO_grouped,113,ADCY7,NCBI,HGNC:238,ADCY7,adenylate cyclase 7,P51828
MONDO:0002009,major depressive disorder,major depressive disorder,2009_12050_12100,major depressive disorder,MONDO_grouped,135,ADORA2A,NCBI,HGNC:263,ADORA2A,adenosine A2a receptor,P29274
MONDO:0002009,major depressive disorder,major depressive disorder,2009_12050_12100,major depressive disorder,MONDO_grouped,148,ADRA1A,NCBI,HGNC:277,ADRA1A,adrenoceptor alpha 1A,P35348
MONDO:0002009,major depressive disorder,major depressive disorder,2009_12050_12100,major depressive disorder,MONDO_grouped,10270,AKAP8,NCBI,HGNC:378,AKAP8,A-kinase anchoring protein 8,O43823
MONDO:0002009,major depressive disorder,major depressive disorder,2009_12050_12100,major depressive disorder,MONDO_grouped,213,ALB,NCBI,HGNC:399,ALB,albumin,P02768
MONDO:0002009,major depressive disorder,major depressive disorder,2009_12050_12100,major depressive disorder,MONDO_grouped,290,ANPEP,NCBI,HGNC:500,ANPEP,"alanyl aminopeptidase, membrane",P15144
MONDO:0002009,major depressive disorder,major depressive disorder,2009_12050_12100,major depressive disorder,MONDO_grouped,317,APAF1,NCBI,HGNC:576,APAF1,apoptotic peptidase activating factor 1,O14727
MONDO:0002009,major depressive disorder,major depressive disorder,2009_12050_12100,major depressive disorder,MONDO_grouped,351,APP,NCBI,HGNC:620,APP,amyloid beta precursor protein,P05067
MONDO:0002009,major depressive disorder,major depressive disorder,2009_12050_12100,major depressive disorder,MONDO_grouped,353,APRT,NCBI,HGNC:626,APRT,adenine phosphoribosyltransferase,P07741
MONDO:0002009,major depressive disorder,major depressive disorder,2009_12050_12100,major depressive disorder,MONDO_grouped,408,ARRB1,NCBI,HGNC:711,ARRB1,arrestin beta 1,P49407
MONDO:0002009,major depressive disorder,major depressive disorder,2009_12050_12100,major depressive disorder,MONDO_grouped,410,ARSA,NCBI,HGNC:713,ARSA,arylsulfatase A,P15289
MONDO:0002009,major depressive disorder,major depressive disorder,2009_12050_12100,major depressive disorder,MONDO_grouped,9048,ARTN,NCBI,HGNC:727,ARTN,artemin,Q5T4W7
MONDO:0002009,major depressive disorder,major depressive disorder,2009_12050_12100,major depressive disorder,MONDO_grouped,540,ATP7B,NCBI,HGNC:870,ATP7B,ATPase copper transporting beta,P35670
MONDO:0002009,major depressive disorder,major depressive disorder,2009_12050_12100,major depressive disorder,MONDO_grouped,551,AVP,NCBI,HGNC:894,AVP,arginine vasopressin,P01185
MONDO:0002009,major depressive disorder,major depressive disorder,2009_12050_12100,major depressive disorder,MONDO_grouped,607,BCL9,NCBI,HGNC:1008,BCL9,BCL9 transcription coactivator,O00512
MONDO:0002009,major depressive disorder,major depressive disorder,2009_12050_12100,major depressive disorder,MONDO_grouped,613,BCR,NCBI,HGNC:1014,BCR,BCR activator of RhoGEF and GTPase,P11274
MONDO:0002009,major depressive disorder,major depressive disorder,2009_12050_12100,major depressive disorder,MONDO_grouped,624,BDKRB2,NCBI,HGNC:1030,BDKRB2,bradykinin receptor B2,P30411
MONDO:0002009,major depressive disorder,major depressive disorder,2009_12050_12100,major depressive disorder,MONDO_grouped,627,BDNF,NCBI,HGNC:1033,BDNF,brain derived neurotrophic factor,P23560
MONDO:0002009,major depressive disorder,major depressive disorder,2009_12050_12100,major depressive disorder,MONDO_grouped,655,BMP7,NCBI,HGNC:1074,BMP7,bone morphogenetic protein 7,P18075
MONDO:0002009,major depressive disorder,major depressive disorder,2009_12050_12100,major depressive disorder,MONDO_grouped,775,CACNA1C,NCBI,HGNC:1390,CACNA1C,calcium voltage-gated channel subunit alpha1 C,Q13936
MONDO:0002009,major depressive disorder,major depressive disorder,2009_12050_12100,major depressive disorder,MONDO_grouped,23705,CADM1,NCBI,HGNC:5951,CADM1,cell adhesion molecule 1,Q9BY67
MONDO:0002009,major depressive disorder,major depressive disorder,2009_12050_12100,major depressive disorder,MONDO_grouped,815,CAMK2A,NCBI,HGNC:1460,CAMK2A,calcium/calmodulin dependent protein kinase II alpha,Q9UQM7
MONDO:0002009,major depressive disorder,major depressive disorder,2009_12050_12100,major depressive disorder,MONDO_grouped,847,CAT,NCBI,HGNC:1516,CAT,catalase,P04040
MONDO:0002009,major depressive disorder,major depressive disorder,2009_12050_12100,major depressive disorder,MONDO_grouped,54862,CC2D1A,NCBI,HGNC:30237,CC2D1A,coiled-coil and C2 domain containing 1A,Q6P1N0
MONDO:0002009,major depressive disorder,major depressive disorder,2009_12050_12100,major depressive disorder,MONDO_grouped,886,CCKAR,NCBI,HGNC:1570,CCKAR,cholecystokinin A receptor,P32238
MONDO:0002009,major depressive disorder,major depressive disorder,2009_12050_12100,major depressive disorder,MONDO_grouped,6347,CCL2,NCBI,HGNC:10618,CCL2,C-C motif chemokine ligand 2,P13500
MONDO:0002009,major depressive disorder,major depressive disorder,2009_12050_12100,major depressive disorder,MONDO_grouped,6369,CCL24,NCBI,HGNC:10623,CCL24,C-C motif chemokine ligand 24,O00175
MONDO:0002009,major depressive disorder,major depressive disorder,2009_12050_12100,major depressive disorder,MONDO_grouped,595,CCND1,NCBI,HGNC:1582,CCND1,cyclin D1,P24385
MONDO:0002009,major depressive disorder,major depressive disorder,2009_12050_12100,major depressive disorder,MONDO_grouped,947,CD34,NCBI,HGNC:1662,CD34,CD34 molecule,P28906
MONDO:0002009,major depressive disorder,major depressive disorder,2009_12050_12100,major depressive disorder,MONDO_grouped,1005,CDH7,NCBI,HGNC:1766,CDH7,cadherin 7,Q9ULB5
MONDO:0002009,major depressive disorder,major depressive disorder,2009_12050_12100,major depressive disorder,MONDO_grouped,1029,CDKN2A,NCBI,HGNC:1787,CDKN2A,cyclin dependent kinase inhibitor 2A,P42771
MONDO:0002009,major depressive disorder,major depressive disorder,2009_12050_12100,major depressive disorder,MONDO_grouped,1029,CDKN2A,NCBI,HGNC:1787,CDKN2A,cyclin dependent kinase inhibitor 2A,Q8N726
MONDO:0002009,major depressive disorder,major depressive disorder,2009_12050_12100,major depressive disorder,MONDO_grouped,9575,CLOCK,NCBI,HGNC:2082,CLOCK,clock circadian regulator,O15516
MONDO:0002009,major depressive disorder,major depressive disorder,2009_12050_12100,major depressive disorder,MONDO_grouped,202333,CMYA5,NCBI,HGNC:14305,CMYA5,cardiomyopathy associated 5,Q8N3K9
MONDO:0002009,major depressive disorder,major depressive disorder,2009_12050_12100,major depressive disorder,MONDO_grouped,1267,CNP,NCBI,HGNC:2158,CNP,"2',3'-cyclic nucleotide 3' phosphodiesterase",P09543
MONDO:0002009,major depressive disorder,major depressive disorder,2009_12050_12100,major depressive disorder,MONDO_grouped,1268,CNR1,NCBI,HGNC:2159,CNR1,cannabinoid receptor 1,P21554
MONDO:0002009,major depressive disorder,major depressive disorder,2009_12050_12100,major depressive disorder,MONDO_grouped,1269,CNR2,NCBI,HGNC:2160,CNR2,cannabinoid receptor 2,P34972
MONDO:0002009,major depressive disorder,major depressive disorder,2009_12050_12100,major depressive disorder,MONDO_grouped,26047,CNTNAP2,NCBI,HGNC:13830,CNTNAP2,contactin associated protein 2,Q9UHC6
MONDO:0002009,major depressive disorder,major depressive disorder,2009_12050_12100,major depressive disorder,MONDO_grouped,1312,COMT,NCBI,HGNC:2228,COMT,catechol-O-methyltransferase,P21964
MONDO:0002009,major depressive disorder,major depressive disorder,2009_12050_12100,major depressive disorder,MONDO_grouped,1385,CREB1,NCBI,HGNC:2345,CREB1,cAMP responsive element binding protein 1,P16220
MONDO:0002009,major depressive disorder,major depressive disorder,2009_12050_12100,major depressive disorder,MONDO_grouped,1387,CREBBP,NCBI,HGNC:2348,CREBBP,CREB binding lysine acetyltransferase ,Q92793
MONDO:0002009,major depressive disorder,major depressive disorder,2009_12050_12100,major depressive disorder,MONDO_grouped,1392,CRH,NCBI,HGNC:2355,CRH,corticotropin releasing hormone,P06850
MONDO:0002009,major depressive disorder,major depressive disorder,2009_12050_12100,major depressive disorder,MONDO_grouped,1393,CRHBP,NCBI,HGNC:2356,CRHBP,corticotropin releasing hormone binding protein,P24387
MONDO:0002009,major depressive disorder,major depressive disorder,2009_12050_12100,major depressive disorder,MONDO_grouped,1394,CRHR1,NCBI,HGNC:2357,CRHR1,corticotropin releasing hormone receptor 1,P34998
MONDO:0002009,major depressive disorder,major depressive disorder,2009_12050_12100,major depressive disorder,MONDO_grouped,1401,CRP,NCBI,HGNC:2367,CRP,C-reactive protein,P02741
MONDO:0002009,major depressive disorder,major depressive disorder,2009_12050_12100,major depressive disorder,MONDO_grouped,1439,CSF2RB,NCBI,HGNC:2436,CSF2RB,colony stimulating factor 2 receptor subunit beta,P32927
MONDO:0002009,major depressive disorder,major depressive disorder,2009_12050_12100,major depressive disorder,MONDO_grouped,1440,CSF3,NCBI,HGNC:2438,CSF3,colony stimulating factor 3,P09919
MONDO:0002009,major depressive disorder,major depressive disorder,2009_12050_12100,major depressive disorder,MONDO_grouped,1493,CTLA4,NCBI,HGNC:2505,CTLA4,cytotoxic T-lymphocyte associated protein 4,P16410
MONDO:0002009,major depressive disorder,major depressive disorder,2009_12050_12100,major depressive disorder,MONDO_grouped,1501,CTNND2,NCBI,HGNC:2516,CTNND2,catenin delta 2,Q9UQB3
MONDO:0002009,major depressive disorder,major depressive disorder,2009_12050_12100,major depressive disorder,MONDO_grouped,1523,CUX1,NCBI,HGNC:2557,CUX1,cut like homeobox 1,P39880
MONDO:0002009,major depressive disorder,major depressive disorder,2009_12050_12100,major depressive disorder,MONDO_grouped,1523,CUX1,NCBI,HGNC:2557,CUX1,cut like homeobox 1,Q13948
MONDO:0002009,major depressive disorder,major depressive disorder,2009_12050_12100,major depressive disorder,MONDO_grouped,3627,CXCL10,NCBI,HGNC:10637,CXCL10,C-X-C motif chemokine ligand 10,P02778
MONDO:0002009,major depressive disorder,major depressive disorder,2009_12050_12100,major depressive disorder,MONDO_grouped,1557,CYP2C19,NCBI,HGNC:2621,CYP2C19,cytochrome P450 family 2 subfamily C member 19,P33261
MONDO:0002009,major depressive disorder,major depressive disorder,2009_12050_12100,major depressive disorder,MONDO_grouped,1559,CYP2C9,NCBI,HGNC:2623,CYP2C9,cytochrome P450 family 2 subfamily C member 9,P11712
MONDO:0002009,major depressive disorder,major depressive disorder,2009_12050_12100,major depressive disorder,MONDO_grouped,1565,CYP2D6,NCBI,HGNC:2625,CYP2D6,cytochrome P450 family 2 subfamily D member 6 (gene/pseudogene),P10635
MONDO:0002009,major depressive disorder,major depressive disorder,2009_12050_12100,major depressive disorder,MONDO_grouped,267012,DAOA,NCBI,HGNC:21191,DAOA,D-amino acid oxidase activator,P59103
MONDO:0002009,major depressive disorder,major depressive disorder,2009_12050_12100,major depressive disorder,MONDO_grouped,1621,DBH,NCBI,HGNC:2689,DBH,dopamine beta-hydroxylase,P09172
MONDO:0002009,major depressive disorder,major depressive disorder,2009_12050_12100,major depressive disorder,MONDO_grouped,140947,DCANP1,NCBI,HGNC:24459,DCANP1,dendritic cell associated nuclear protein 1,Q8TF63
MONDO:0002009,major depressive disorder,major depressive disorder,2009_12050_12100,major depressive disorder,MONDO_grouped,1644,DDC,NCBI,HGNC:2719,DDC,dopa decarboxylase,P20711
MONDO:0002009,major depressive disorder,major depressive disorder,2009_12050_12100,major depressive disorder,MONDO_grouped,54541,DDIT4,NCBI,HGNC:24944,DDIT4,DNA damage inducible transcript 4,Q9NX09
MONDO:0002009,major depressive disorder,major depressive disorder,2009_12050_12100,major depressive disorder,MONDO_grouped,10522,DEAF1,NCBI,HGNC:14677,DEAF1,DEAF1 transcription factor,O75398
MONDO:0002009,major depressive disorder,major depressive disorder,2009_12050_12100,major depressive disorder,MONDO_grouped,27185,DISC1,NCBI,HGNC:2888,DISC1,DISC1 scaffold protein,Q9NRI5
MONDO:0002009,major depressive disorder,major depressive disorder,2009_12050_12100,major depressive disorder,MONDO_grouped,85458,DIXDC1,NCBI,HGNC:23695,DIXDC1,DIX domain containing 1,Q155Q3
MONDO:0002009,major depressive disorder,major depressive disorder,2009_12050_12100,major depressive disorder,MONDO_grouped,1740,DLG2,NCBI,HGNC:2901,DLG2,discs large MAGUK scaffold protein 2,Q15700
MONDO:0002009,major depressive disorder,major depressive disorder,2009_12050_12100,major depressive disorder,MONDO_grouped,1741,DLG3,NCBI,HGNC:2902,DLG3,discs large MAGUK scaffold protein 3,Q92796
MONDO:0002009,major depressive disorder,major depressive disorder,2009_12050_12100,major depressive disorder,MONDO_grouped,1742,DLG4,NCBI,HGNC:2903,DLG4,discs large MAGUK scaffold protein 4,P78352
MONDO:0002009,major depressive disorder,major depressive disorder,2009_12050_12100,major depressive disorder,MONDO_grouped,1813,DRD2,NCBI,HGNC:3023,DRD2,dopamine receptor D2,P14416
MONDO:0002009,major depressive disorder,major depressive disorder,2009_12050_12100,major depressive disorder,MONDO_grouped,1814,DRD3,NCBI,HGNC:3024,DRD3,dopamine receptor D3,P35462
MONDO:0002009,major depressive disorder,major depressive disorder,2009_12050_12100,major depressive disorder,MONDO_grouped,1815,DRD4,NCBI,HGNC:3025,DRD4,dopamine receptor D4,P21917
MONDO:0002009,major depressive disorder,major depressive disorder,2009_12050_12100,major depressive disorder,MONDO_grouped,1816,DRD5,NCBI,HGNC:3026,DRD5,dopamine receptor D5,P21918
MONDO:0002009,major depressive disorder,major depressive disorder,2009_12050_12100,major depressive disorder,MONDO_grouped,84062,DTNBP1,NCBI,HGNC:17328,DTNBP1,dystrobrevin binding protein 1,Q96EV8
MONDO:0002009,major depressive disorder,major depressive disorder,2009_12050_12100,major depressive disorder,MONDO_grouped,9695,EDEM1,NCBI,HGNC:18967,EDEM1,ER degradation enhancing alpha-mannosidase like protein 1,Q92611
MONDO:0002009,major depressive disorder,major depressive disorder,2009_12050_12100,major depressive disorder,MONDO_grouped,1906,EDN1,NCBI,HGNC:3176,EDN1,endothelin 1,P05305
MONDO:0002009,major depressive disorder,major depressive disorder,2009_12050_12100,major depressive disorder,MONDO_grouped,1950,EGF,NCBI,HGNC:3229,EGF,epidermal growth factor,P01133
MONDO:0002009,major depressive disorder,major depressive disorder,2009_12050_12100,major depressive disorder,MONDO_grouped,1956,EGFR,NCBI,HGNC:3236,EGFR,epidermal growth factor receptor,P00533
MONDO:0002009,major depressive disorder,major depressive disorder,2009_12050_12100,major depressive disorder,MONDO_grouped,30845,EHD3,NCBI,HGNC:3244,EHD3,EH domain containing 3,Q9NZN3
MONDO:0002009,major depressive disorder,major depressive disorder,2009_12050_12100,major depressive disorder,MONDO_grouped,1975,EIF4B,NCBI,HGNC:3285,EIF4B,eukaryotic translation initiation factor 4B,P23588
MONDO:0002009,major depressive disorder,major depressive disorder,2009_12050_12100,major depressive disorder,MONDO_grouped,2012,EMP1,NCBI,HGNC:3333,EMP1,epithelial membrane protein 1,P54849
MONDO:0002009,major depressive disorder,major depressive disorder,2009_12050_12100,major depressive disorder,MONDO_grouped,2028,ENPEP,NCBI,HGNC:3355,ENPEP,glutamyl aminopeptidase,Q07075
MONDO:0002009,major depressive disorder,major depressive disorder,2009_12050_12100,major depressive disorder,MONDO_grouped,2065,ERBB3,NCBI,HGNC:3431,ERBB3,erb-b2 receptor tyrosine kinase 3,P21860
MONDO:0002009,major depressive disorder,major depressive disorder,2009_12050_12100,major depressive disorder,MONDO_grouped,2100,ESR2,NCBI,HGNC:3468,ESR2,estrogen receptor 2,Q92731
MONDO:0002009,major depressive disorder,major depressive disorder,2009_12050_12100,major depressive disorder,MONDO_grouped,2247,FGF2,NCBI,HGNC:3676,FGF2,fibroblast growth factor 2,P09038
MONDO:0002009,major depressive disorder,major depressive disorder,2009_12050_12100,major depressive disorder,MONDO_grouped,2260,FGFR1,NCBI,HGNC:3688,FGFR1,fibroblast growth factor receptor 1,P11362
MONDO:0002009,major depressive disorder,major depressive disorder,2009_12050_12100,major depressive disorder,MONDO_grouped,2288,FKBP4,NCBI,HGNC:3720,FKBP4,FKBP prolyl isomerase 4,Q02790
MONDO:0002009,major depressive disorder,major depressive disorder,2009_12050_12100,major depressive disorder,MONDO_grouped,2289,FKBP5,NCBI,HGNC:3721,FKBP5,FKBP prolyl isomerase 5,Q13451
MONDO:0002009,major depressive disorder,major depressive disorder,2009_12050_12100,major depressive disorder,MONDO_grouped,2332,FMR1,NCBI,HGNC:3775,FMR1,fragile X messenger ribonucleoprotein 1,Q06787
MONDO:0002009,major depressive disorder,major depressive disorder,2009_12050_12100,major depressive disorder,MONDO_grouped,27022,FOXD3,NCBI,HGNC:3804,FOXD3,forkhead box D3,Q9UJU5
MONDO:0002009,major depressive disorder,major depressive disorder,2009_12050_12100,major depressive disorder,MONDO_grouped,93986,FOXP2,NCBI,HGNC:13875,FOXP2,forkhead box P2,O15409
MONDO:0002009,major depressive disorder,major depressive disorder,2009_12050_12100,major depressive disorder,MONDO_grouped,166752,FREM3,NCBI,HGNC:25172,FREM3,FRAS1 related extracellular matrix 3,P0C091
MONDO:0002009,major depressive disorder,major depressive disorder,2009_12050_12100,major depressive disorder,MONDO_grouped,2495,FTH1,NCBI,HGNC:3976,FTH1,ferritin heavy chain 1,P02794
MONDO:0002009,major depressive disorder,major depressive disorder,2009_12050_12100,major depressive disorder,MONDO_grouped,2512,FTL,NCBI,HGNC:3999,FTL,ferritin light chain,P02792
MONDO:0002009,major depressive disorder,major depressive disorder,2009_12050_12100,major depressive disorder,MONDO_grouped,9568,GABBR2,NCBI,HGNC:4507,GABBR2,gamma-aminobutyric acid type B receptor subunit 2,O75899
MONDO:0002009,major depressive disorder,major depressive disorder,2009_12050_12100,major depressive disorder,MONDO_grouped,2571,GAD1,NCBI,HGNC:4092,GAD1,glutamate decarboxylase 1,Q99259
MONDO:0002009,major depressive disorder,major depressive disorder,2009_12050_12100,major depressive disorder,MONDO_grouped,2572,GAD2,NCBI,HGNC:4093,GAD2,glutamate decarboxylase 2,Q05329
MONDO:0002009,major depressive disorder,major depressive disorder,2009_12050_12100,major depressive disorder,MONDO_grouped,51083,GAL,NCBI,HGNC:4114,GAL,galanin and GMAP prepropeptide,P22466
MONDO:0002009,major depressive disorder,major depressive disorder,2009_12050_12100,major depressive disorder,MONDO_grouped,2587,GALR1,NCBI,HGNC:4132,GALR1,galanin receptor 1,P47211
MONDO:0002009,major depressive disorder,major depressive disorder,2009_12050_12100,major depressive disorder,MONDO_grouped,8811,GALR2,NCBI,HGNC:4133,GALR2,galanin receptor 2,O43603
MONDO:0002009,major depressive disorder,major depressive disorder,2009_12050_12100,major depressive disorder,MONDO_grouped,8484,GALR3,NCBI,HGNC:4134,GALR3,galanin receptor 3,O60755
MONDO:0002009,major depressive disorder,major depressive disorder,2009_12050_12100,major depressive disorder,MONDO_grouped,51573,GDE1,NCBI,HGNC:29644,GDE1,glycerophosphodiester phosphodiesterase 1,Q9NZC3
MONDO:0002009,major depressive disorder,major depressive disorder,2009_12050_12100,major depressive disorder,MONDO_grouped,2668,GDNF,NCBI,HGNC:4232,GDNF,glial cell derived neurotrophic factor,P39905
MONDO:0002009,major depressive disorder,major depressive disorder,2009_12050_12100,major depressive disorder,MONDO_grouped,2670,GFAP,NCBI,HGNC:4235,GFAP,glial fibrillary acidic protein,P14136
MONDO:0002009,major depressive disorder,major depressive disorder,2009_12050_12100,major depressive disorder,MONDO_grouped,51738,GHRL,NCBI,HGNC:18129,GHRL,ghrelin and obestatin prepropeptide,Q9UBU3
MONDO:0002009,major depressive disorder,major depressive disorder,2009_12050_12100,major depressive disorder,MONDO_grouped,2697,GJA1,NCBI,HGNC:4274,GJA1,gap junction protein alpha 1,P17302
MONDO:0002009,major depressive disorder,major depressive disorder,2009_12050_12100,major depressive disorder,MONDO_grouped,2739,GLO1,NCBI,HGNC:4323,GLO1,glyoxalase I,Q04760
MONDO:0002009,major depressive disorder,major depressive disorder,2009_12050_12100,major depressive disorder,MONDO_grouped,55830,GLT8D1,NCBI,HGNC:24870,GLT8D1,glycosyltransferase 8 domain containing 1,Q68CQ7
MONDO:0002009,major depressive disorder,major depressive disorder,2009_12050_12100,major depressive disorder,MONDO_grouped,51291,GMIP,NCBI,HGNC:24852,GMIP,GEM interacting protein,Q9P107
MONDO:0002009,major depressive disorder,major depressive disorder,2009_12050_12100,major depressive disorder,MONDO_grouped,2778,GNAS,NCBI,HGNC:4392,GNAS,GNAS complex locus,O95467
MONDO:0002009,major depressive disorder,major depressive disorder,2009_12050_12100,major depressive disorder,MONDO_grouped,2778,GNAS,NCBI,HGNC:4392,GNAS,GNAS complex locus,P63092
MONDO:0002009,major depressive disorder,major depressive disorder,2009_12050_12100,major depressive disorder,MONDO_grouped,2778,GNAS,NCBI,HGNC:4392,GNAS,GNAS complex locus,P84996
MONDO:0002009,major depressive disorder,major depressive disorder,2009_12050_12100,major depressive disorder,MONDO_grouped,2778,GNAS,NCBI,HGNC:4392,GNAS,GNAS complex locus,Q5JWF2
MONDO:0002009,major depressive disorder,major depressive disorder,2009_12050_12100,major depressive disorder,MONDO_grouped,2782,GNB1,NCBI,HGNC:4396,GNB1,G protein subunit beta 1,P62873
MONDO:0002009,major depressive disorder,major depressive disorder,2009_12050_12100,major depressive disorder,MONDO_grouped,2784,GNB3,NCBI,HGNC:4400,GNB3,G protein subunit beta 3,P16520
MONDO:0002009,major depressive disorder,major depressive disorder,2009_12050_12100,major depressive disorder,MONDO_grouped,2891,GRIA2,NCBI,HGNC:4572,GRIA2,glutamate ionotropic receptor AMPA type subunit 2,P42262
MONDO:0002009,major depressive disorder,major depressive disorder,2009_12050_12100,major depressive disorder,MONDO_grouped,2900,GRIK4,NCBI,HGNC:4582,GRIK4,glutamate ionotropic receptor kainate type subunit 4,Q16099
MONDO:0002009,major depressive disorder,major depressive disorder,2009_12050_12100,major depressive disorder,MONDO_grouped,2915,GRM5,NCBI,HGNC:4597,GRM5,glutamate metabotropic receptor 5,P41594
MONDO:0002009,major depressive disorder,major depressive disorder,2009_12050_12100,major depressive disorder,MONDO_grouped,2917,GRM7,NCBI,HGNC:4599,GRM7,glutamate metabotropic receptor 7,Q14831
MONDO:0002009,major depressive disorder,major depressive disorder,2009_12050_12100,major depressive disorder,MONDO_grouped,2931,GSK3A,NCBI,HGNC:4616,GSK3A,glycogen synthase kinase 3 alpha,P49840
MONDO:0002009,major depressive disorder,major depressive disorder,2009_12050_12100,major depressive disorder,MONDO_grouped,2932,GSK3B,NCBI,HGNC:4617,GSK3B,glycogen synthase kinase 3 beta,P49841
MONDO:0002009,major depressive disorder,major depressive disorder,2009_12050_12100,major depressive disorder,MONDO_grouped,10014,HDAC5,NCBI,HGNC:14068,HDAC5,histone deacetylase 5,Q9UQL6
MONDO:0002009,major depressive disorder,major depressive disorder,2009_12050_12100,major depressive disorder,MONDO_grouped,3091,HIF1A,NCBI,HGNC:4910,HIF1A,hypoxia inducible factor 1 subunit alpha,Q16665
MONDO:0002009,major depressive disorder,major depressive disorder,2009_12050_12100,major depressive disorder,MONDO_grouped,3131,HLF,NCBI,HGNC:4977,HLF,"HLF transcription factor, PAR bZIP family member",Q16534
MONDO:0002009,major depressive disorder,major depressive disorder,2009_12050_12100,major depressive disorder,MONDO_grouped,9456,HOMER1,NCBI,HGNC:17512,HOMER1,homer scaffold protein 1,Q86YM7
MONDO:0002009,major depressive disorder,major depressive disorder,2009_12050_12100,major depressive disorder,MONDO_grouped,3240,HP,NCBI,HGNC:5141,HP,haptoglobin,P00738
MONDO:0002009,major depressive disorder,major depressive disorder,2009_12050_12100,major depressive disorder,MONDO_grouped,10855,HPSE,NCBI,HGNC:5164,HPSE,heparanase,Q9Y251
MONDO:0002009,major depressive disorder,major depressive disorder,2009_12050_12100,major depressive disorder,MONDO_grouped,3320,HSP90AA1,NCBI,HGNC:5253,HSP90AA1,heat shock protein 90 alpha family class A member 1,P07900
MONDO:0002009,major depressive disorder,major depressive disorder,2009_12050_12100,major depressive disorder,MONDO_grouped,3303,HSPA1A,NCBI,HGNC:5232,HSPA1A,heat shock protein family A (Hsp70) member 1A,P0DMV8
MONDO:0002009,major depressive disorder,major depressive disorder,2009_12050_12100,major depressive disorder,MONDO_grouped,3304,HSPA1B,NCBI,HGNC:5233,HSPA1B,heat shock protein family A (Hsp70) member 1B,P0DMV9
MONDO:0002009,major depressive disorder,major depressive disorder,2009_12050_12100,major depressive disorder,MONDO_grouped,3305,HSPA1L,NCBI,HGNC:5234,HSPA1L,heat shock protein family A (Hsp70) member 1 like,P34931
MONDO:0002009,major depressive disorder,major depressive disorder,2009_12050_12100,major depressive disorder,MONDO_grouped,3350,HTR1A,NCBI,HGNC:5286,HTR1A,5-hydroxytryptamine receptor 1A,P08908
MONDO:0002009,major depressive disorder,major depressive disorder,2009_12050_12100,major depressive disorder,MONDO_grouped,3351,HTR1B,NCBI,HGNC:5287,HTR1B,5-hydroxytryptamine receptor 1B,P28222
MONDO:0002009,major depressive disorder,major depressive disorder,2009_12050_12100,major depressive disorder,MONDO_grouped,3356,HTR2A,NCBI,HGNC:5293,HTR2A,5-hydroxytryptamine receptor 2A,P28223
MONDO:0002009,major depressive disorder,major depressive disorder,2009_12050_12100,major depressive disorder,MONDO_grouped,3358,HTR2C,NCBI,HGNC:5295,HTR2C,5-hydroxytryptamine receptor 2C,P28335
MONDO:0002009,major depressive disorder,major depressive disorder,2009_12050_12100,major depressive disorder,MONDO_grouped,3359,HTR3A,NCBI,HGNC:5297,HTR3A,5-hydroxytryptamine receptor 3A,P46098
MONDO:0002009,major depressive disorder,major depressive disorder,2009_12050_12100,major depressive disorder,MONDO_grouped,9177,HTR3B,NCBI,HGNC:5298,HTR3B,5-hydroxytryptamine receptor 3B,O95264
MONDO:0002009,major depressive disorder,major depressive disorder,2009_12050_12100,major depressive disorder,MONDO_grouped,3363,HTR7,NCBI,HGNC:5302,HTR7,5-hydroxytryptamine receptor 7,P34969
MONDO:0002009,major depressive disorder,major depressive disorder,2009_12050_12100,major depressive disorder,MONDO_grouped,10964,IFI44L,NCBI,HGNC:17817,IFI44L,interferon induced protein 44 like,Q53G44
MONDO:0002009,major depressive disorder,major depressive disorder,2009_12050_12100,major depressive disorder,MONDO_grouped,2537,IFI6,NCBI,HGNC:4054,IFI6,interferon alpha inducible protein 6,P09912
MONDO:0002009,major depressive disorder,major depressive disorder,2009_12050_12100,major depressive disorder,MONDO_grouped,3439,IFNA1,NCBI,HGNC:5417,IFNA1,interferon alpha 1,P0DY56
MONDO:0002009,major depressive disorder,major depressive disorder,2009_12050_12100,major depressive disorder,MONDO_grouped,3440,IFNA2,NCBI,HGNC:5423,IFNA2,interferon alpha 2,P01563
MONDO:0002009,major depressive disorder,major depressive disorder,2009_12050_12100,major depressive disorder,MONDO_grouped,3458,IFNG,NCBI,HGNC:5438,IFNG,interferon gamma,P01579
MONDO:0002009,major depressive disorder,major depressive disorder,2009_12050_12100,major depressive disorder,MONDO_grouped,9641,IKBKE,NCBI,HGNC:14552,IKBKE,inhibitor of nuclear factor kappa B kinase subunit epsilon,Q14164
MONDO:0002009,major depressive disorder,major depressive disorder,2009_12050_12100,major depressive disorder,MONDO_grouped,3589,IL11,NCBI,HGNC:5966,IL11,interleukin 11,P20809
MONDO:0002009,major depressive disorder,major depressive disorder,2009_12050_12100,major depressive disorder,MONDO_grouped,3553,IL1B,NCBI,HGNC:5992,IL1B,interleukin 1 beta,P01584
MONDO:0002009,major depressive disorder,major depressive disorder,2009_12050_12100,major depressive disorder,MONDO_grouped,3558,IL2,NCBI,HGNC:6001,IL2,interleukin 2,P60568
MONDO:0002009,major depressive disorder,major depressive disorder,2009_12050_12100,major depressive disorder,MONDO_grouped,50604,IL20,NCBI,HGNC:6002,IL20,interleukin 20,Q9NYY1
MONDO:0002009,major depressive disorder,major depressive disorder,2009_12050_12100,major depressive disorder,MONDO_grouped,11009,IL24,NCBI,HGNC:11346,IL24,interleukin 24,Q13007
MONDO:0002009,major depressive disorder,major depressive disorder,2009_12050_12100,major depressive disorder,MONDO_grouped,3559,IL2RA,NCBI,HGNC:6008,IL2RA,interleukin 2 receptor subunit alpha,P01589
MONDO:0002009,major depressive disorder,major depressive disorder,2009_12050_12100,major depressive disorder,MONDO_grouped,3569,IL6,NCBI,HGNC:6018,IL6,interleukin 6,P05231
MONDO:0002009,major depressive disorder,major depressive disorder,2009_12050_12100,major depressive disorder,MONDO_grouped,3665,IRF7,NCBI,HGNC:6122,IRF7,interferon regulatory factor 7,Q92985
MONDO:0002009,major depressive disorder,major depressive disorder,2009_12050_12100,major depressive disorder,MONDO_grouped,9636,ISG15,NCBI,HGNC:4053,ISG15,ISG15 ubiquitin like modifier,P05161
MONDO:0002009,major depressive disorder,major depressive disorder,2009_12050_12100,major depressive disorder,MONDO_grouped,3697,ITIH1,NCBI,HGNC:6166,ITIH1,inter-alpha-trypsin inhibitor heavy chain 1,P19827
MONDO:0002009,major depressive disorder,major depressive disorder,2009_12050_12100,major depressive disorder,MONDO_grouped,8997,KALRN,NCBI,HGNC:4814,KALRN,kalirin RhoGEF kinase,O60229
MONDO:0002009,major depressive disorder,major depressive disorder,2009_12050_12100,major depressive disorder,MONDO_grouped,3776,KCNK2,NCBI,HGNC:6277,KCNK2,potassium two pore domain channel subfamily K member 2,O95069
MONDO:0002009,major depressive disorder,major depressive disorder,2009_12050_12100,major depressive disorder,MONDO_grouped,3791,KDR,NCBI,HGNC:6307,KDR,kinase insert domain receptor,P35968
MONDO:0002009,major depressive disorder,major depressive disorder,2009_12050_12100,major depressive disorder,MONDO_grouped,8564,KMO,NCBI,HGNC:6381,KMO,kynurenine 3-monooxygenase,O15229
MONDO:0002009,major depressive disorder,major depressive disorder,2009_12050_12100,major depressive disorder,MONDO_grouped,3839,KPNA3,NCBI,HGNC:6396,KPNA3,karyopherin subunit alpha 3,O00505
MONDO:0002009,major depressive disorder,major depressive disorder,2009_12050_12100,major depressive disorder,MONDO_grouped,56267,KYAT3,NCBI,HGNC:33238,KYAT3,kynurenine aminotransferase 3,Q6YP21
MONDO:0002009,major depressive disorder,major depressive disorder,2009_12050_12100,major depressive disorder,MONDO_grouped,3939,LDHA,NCBI,HGNC:6535,LDHA,lactate dehydrogenase A,P00338
MONDO:0002009,major depressive disorder,major depressive disorder,2009_12050_12100,major depressive disorder,MONDO_grouped,3952,LEP,NCBI,HGNC:6553,LEP,leptin,P41159
MONDO:0002009,major depressive disorder,major depressive disorder,2009_12050_12100,major depressive disorder,MONDO_grouped,64077,LHPP,NCBI,HGNC:30042,LHPP,phospholysine phosphohistidine inorganic pyrophosphate phosphatase,Q9H008
MONDO:0002009,major depressive disorder,major depressive disorder,2009_12050_12100,major depressive disorder,MONDO_grouped,4035,LRP1,NCBI,HGNC:6692,LRP1,LDL receptor related protein 1,Q07954
MONDO:0002009,major depressive disorder,major depressive disorder,2009_12050_12100,major depressive disorder,MONDO_grouped,7804,LRP8,NCBI,HGNC:6700,LRP8,LDL receptor related protein 8,Q14114
MONDO:0002009,major depressive disorder,major depressive disorder,2009_12050_12100,major depressive disorder,MONDO_grouped,4045,LSAMP,NCBI,HGNC:6705,LSAMP,limbic system associated membrane protein,Q13449
MONDO:0002009,major depressive disorder,major depressive disorder,2009_12050_12100,major depressive disorder,MONDO_grouped,4074,M6PR,NCBI,HGNC:6752,M6PR,"mannose-6-phosphate receptor, cation dependent",P20645
MONDO:0002009,major depressive disorder,major depressive disorder,2009_12050_12100,major depressive disorder,MONDO_grouped,4128,MAOA,NCBI,HGNC:6833,MAOA,monoamine oxidase A,P21397
MONDO:0002009,major depressive disorder,major depressive disorder,2009_12050_12100,major depressive disorder,MONDO_grouped,4129,MAOB,NCBI,HGNC:6834,MAOB,monoamine oxidase B,P27338
MONDO:0002009,major depressive disorder,major depressive disorder,2009_12050_12100,major depressive disorder,MONDO_grouped,4133,MAP2,NCBI,HGNC:6839,MAP2,microtubule associated protein 2,P11137
MONDO:0002009,major depressive disorder,major depressive disorder,2009_12050_12100,major depressive disorder,MONDO_grouped,5604,MAP2K1,NCBI,HGNC:6840,MAP2K1,mitogen-activated protein kinase kinase 1,Q02750
MONDO:0002009,major depressive disorder,major depressive disorder,2009_12050_12100,major depressive disorder,MONDO_grouped,55784,MCTP2,NCBI,HGNC:25636,MCTP2,multiple C2 and transmembrane domain containing 2,Q6DN12
MONDO:0002009,major depressive disorder,major depressive disorder,2009_12050_12100,major depressive disorder,MONDO_grouped,4194,MDM4,NCBI,HGNC:6974,MDM4,MDM4 regulator of p53,O15151
MONDO:0002009,major depressive disorder,major depressive disorder,2009_12050_12100,major depressive disorder,MONDO_grouped,9968,MED12,NCBI,HGNC:11957,MED12,mediator complex subunit 12,Q93074
MONDO:0002009,major depressive disorder,major depressive disorder,2009_12050_12100,major depressive disorder,MONDO_grouped,4282,MIF,NCBI,HGNC:7097,MIF,macrophage migration inhibitory factor,P14174
MONDO:0002009,major depressive disorder,major depressive disorder,2009_12050_12100,major depressive disorder,MONDO_grouped,4317,MMP8,NCBI,HGNC:7175,MMP8,matrix metallopeptidase 8,P22894
MONDO:0002009,major depressive disorder,major depressive disorder,2009_12050_12100,major depressive disorder,MONDO_grouped,27136,MORC1,NCBI,HGNC:7198,MORC1,MORC family CW-type zinc finger 1,Q86VD1
MONDO:0002009,major depressive disorder,major depressive disorder,2009_12050_12100,major depressive disorder,MONDO_grouped,4353,MPO,NCBI,HGNC:7218,MPO,myeloperoxidase,P05164
MONDO:0002009,major depressive disorder,major depressive disorder,2009_12050_12100,major depressive disorder,MONDO_grouped,4502,MT2A,NCBI,HGNC:7406,MT2A,metallothionein 2A,P02795
MONDO:0002009,major depressive disorder,major depressive disorder,2009_12050_12100,major depressive disorder,MONDO_grouped,4524,MTHFR,NCBI,HGNC:7436,MTHFR,methylenetetrahydrofolate reductase,P42898
MONDO:0002009,major depressive disorder,major depressive disorder,2009_12050_12100,major depressive disorder,MONDO_grouped,2475,MTOR,NCBI,HGNC:3942,MTOR,mechanistic target of rapamycin kinase,P42345
MONDO:0002009,major depressive disorder,major depressive disorder,2009_12050_12100,major depressive disorder,MONDO_grouped,23040,MYT1L,NCBI,HGNC:7623,MYT1L,myelin transcription factor 1 like,Q9UL68
MONDO:0002009,major depressive disorder,major depressive disorder,2009_12050_12100,major depressive disorder,MONDO_grouped,4684,NCAM1,NCBI,HGNC:7656,NCAM1,neural cell adhesion molecule 1,P13591
MONDO:0002009,major depressive disorder,major depressive disorder,2009_12050_12100,major depressive disorder,MONDO_grouped,4723,NDUFV1,NCBI,HGNC:7716,NDUFV1,NADH:ubiquinone oxidoreductase core subunit V1,P49821
MONDO:0002009,major depressive disorder,major depressive disorder,2009_12050_12100,major depressive disorder,MONDO_grouped,4729,NDUFV2,NCBI,HGNC:7717,NDUFV2,NADH:ubiquinone oxidoreductase core subunit V2,P19404
MONDO:0002009,major depressive disorder,major depressive disorder,2009_12050_12100,major depressive disorder,MONDO_grouped,4747,NEFL,NCBI,HGNC:7739,NEFL,neurofilament light chain,P07196
MONDO:0002009,major depressive disorder,major depressive disorder,2009_12050_12100,major depressive disorder,MONDO_grouped,4745,NELL1,NCBI,HGNC:7750,NELL1,neural EGFL like 1,Q92832
MONDO:0002009,major depressive disorder,major depressive disorder,2009_12050_12100,major depressive disorder,MONDO_grouped,4842,NOS1,NCBI,HGNC:7872,NOS1,nitric oxide synthase 1,P29475
MONDO:0002009,major depressive disorder,major depressive disorder,2009_12050_12100,major depressive disorder,MONDO_grouped,64067,NPAS3,NCBI,HGNC:19311,NPAS3,neuronal PAS domain protein 3,Q8IXF0
MONDO:0002009,major depressive disorder,major depressive disorder,2009_12050_12100,major depressive disorder,MONDO_grouped,4852,NPY,NCBI,HGNC:7955,NPY,neuropeptide Y,P01303
MONDO:0002009,major depressive disorder,major depressive disorder,2009_12050_12100,major depressive disorder,MONDO_grouped,4886,NPY1R,NCBI,HGNC:7956,NPY1R,neuropeptide Y receptor Y1,P25929
MONDO:0002009,major depressive disorder,major depressive disorder,2009_12050_12100,major depressive disorder,MONDO_grouped,2908,NR3C1,NCBI,HGNC:7978,NR3C1,nuclear receptor subfamily 3 group C member 1,P04150
MONDO:0002009,major depressive disorder,major depressive disorder,2009_12050_12100,major depressive disorder,MONDO_grouped,4306,NR3C2,NCBI,HGNC:7979,NR3C2,nuclear receptor subfamily 3 group C member 2,P08235
MONDO:0002009,major depressive disorder,major depressive disorder,2009_12050_12100,major depressive disorder,MONDO_grouped,3164,NR4A1,NCBI,HGNC:7980,NR4A1,nuclear receptor subfamily 4 group A member 1,P22736
MONDO:0002009,major depressive disorder,major depressive disorder,2009_12050_12100,major depressive disorder,MONDO_grouped,4929,NR4A2,NCBI,HGNC:7981,NR4A2,nuclear receptor subfamily 4 group A member 2,P43354
MONDO:0002009,major depressive disorder,major depressive disorder,2009_12050_12100,major depressive disorder,MONDO_grouped,4908,NTF3,NCBI,HGNC:8023,NTF3,neurotrophin 3,P20783
MONDO:0002009,major depressive disorder,major depressive disorder,2009_12050_12100,major depressive disorder,MONDO_grouped,50863,NTM,NCBI,HGNC:17941,NTM,neurotrimin,Q9P121
MONDO:0002009,major depressive disorder,major depressive disorder,2009_12050_12100,major depressive disorder,MONDO_grouped,4915,NTRK2,NCBI,HGNC:8032,NTRK2,neurotrophic receptor tyrosine kinase 2,Q16620
MONDO:0002009,major depressive disorder,major depressive disorder,2009_12050_12100,major depressive disorder,MONDO_grouped,4916,NTRK3,NCBI,HGNC:8033,NTRK3,neurotrophic receptor tyrosine kinase 3,Q16288
MONDO:0002009,major depressive disorder,major depressive disorder,2009_12050_12100,major depressive disorder,MONDO_grouped,4939,OAS2,NCBI,HGNC:8087,OAS2,2'-5'-oligoadenylate synthetase 2,P29728
MONDO:0002009,major depressive disorder,major depressive disorder,2009_12050_12100,major depressive disorder,MONDO_grouped,5020,OXT,NCBI,HGNC:8528,OXT,oxytocin/neurophysin I prepropeptide,P01178
MONDO:0002009,major depressive disorder,major depressive disorder,2009_12050_12100,major depressive disorder,MONDO_grouped,5021,OXTR,NCBI,HGNC:8529,OXTR,oxytocin receptor,P30559
MONDO:0002009,major depressive disorder,major depressive disorder,2009_12050_12100,major depressive disorder,MONDO_grouped,5074,PAWR,NCBI,HGNC:8614,PAWR,pro-apoptotic WT1 regulator,Q96IZ0
MONDO:0002009,major depressive disorder,major depressive disorder,2009_12050_12100,major depressive disorder,MONDO_grouped,27445,PCLO,NCBI,HGNC:13406,PCLO,piccolo presynaptic cytomatrix protein,Q9Y6V0
MONDO:0002009,major depressive disorder,major depressive disorder,2009_12050_12100,major depressive disorder,MONDO_grouped,5116,PCNT,NCBI,HGNC:16068,PCNT,pericentrin,O95613
MONDO:0002009,major depressive disorder,major depressive disorder,2009_12050_12100,major depressive disorder,MONDO_grouped,5134,PDCD2,NCBI,HGNC:8762,PDCD2,programmed cell death 2,Q16342
MONDO:0002009,major depressive disorder,major depressive disorder,2009_12050_12100,major depressive disorder,MONDO_grouped,10016,PDCD6,NCBI,HGNC:8765,PDCD6,programmed cell death 6,O75340
MONDO:0002009,major depressive disorder,major depressive disorder,2009_12050_12100,major depressive disorder,MONDO_grouped,50940,PDE11A,NCBI,HGNC:8773,PDE11A,phosphodiesterase 11A,Q9HCR9
MONDO:0002009,major depressive disorder,major depressive disorder,2009_12050_12100,major depressive disorder,MONDO_grouped,10611,PDLIM5,NCBI,HGNC:17468,PDLIM5,PDZ and LIM domain 5,Q96HC4
MONDO:0002009,major depressive disorder,major depressive disorder,2009_12050_12100,major depressive disorder,MONDO_grouped,5173,PDYN,NCBI,HGNC:8820,PDYN,prodynorphin,P01213
MONDO:0002009,major depressive disorder,major depressive disorder,2009_12050_12100,major depressive disorder,MONDO_grouped,8682,PEA15,NCBI,HGNC:8822,PEA15,proliferation and apoptosis adaptor protein 15,Q15121
MONDO:0002009,major depressive disorder,major depressive disorder,2009_12050_12100,major depressive disorder,MONDO_grouped,5209,PFKFB3,NCBI,HGNC:8874,PFKFB3,"6-phosphofructo-2-kinase/fructose-2,6-biphosphatase 3",Q16875
MONDO:0002009,major depressive disorder,major depressive disorder,2009_12050_12100,major depressive disorder,MONDO_grouped,65018,PINK1,NCBI,HGNC:14581,PINK1,PTEN induced kinase 1,Q9BXM7
MONDO:0002009,major depressive disorder,major depressive disorder,2009_12050_12100,major depressive disorder,MONDO_grouped,5320,PLA2G2A,NCBI,HGNC:9031,PLA2G2A,phospholipase A2 group IIA,P14555
MONDO:0002009,major depressive disorder,major depressive disorder,2009_12050_12100,major depressive disorder,MONDO_grouped,23236,PLCB1,NCBI,HGNC:15917,PLCB1,phospholipase C beta 1,Q9NQ66
MONDO:0002009,major depressive disorder,major depressive disorder,2009_12050_12100,major depressive disorder,MONDO_grouped,5340,PLG,NCBI,HGNC:9071,PLG,plasminogen,P00747
MONDO:0002009,major depressive disorder,major depressive disorder,2009_12050_12100,major depressive disorder,MONDO_grouped,5443,POMC,NCBI,HGNC:9201,POMC,proopiomelanocortin,P01189
MONDO:0002009,major depressive disorder,major depressive disorder,2009_12050_12100,major depressive disorder,MONDO_grouped,5444,PON1,NCBI,HGNC:9204,PON1,paraoxonase 1,P27169
MONDO:0002009,major depressive disorder,major depressive disorder,2009_12050_12100,major depressive disorder,MONDO_grouped,145270,PRIMA1,NCBI,HGNC:18319,PRIMA1,proline rich membrane anchor 1,Q86XR5
MONDO:0002009,major depressive disorder,major depressive disorder,2009_12050_12100,major depressive disorder,MONDO_grouped,5579,PRKCB,NCBI,HGNC:9395,PRKCB,protein kinase C beta,P05771
MONDO:0002009,major depressive disorder,major depressive disorder,2009_12050_12100,major depressive disorder,MONDO_grouped,60675,PROK2,NCBI,HGNC:18455,PROK2,prokineticin 2,Q9HC23
MONDO:0002009,major depressive disorder,major depressive disorder,2009_12050_12100,major depressive disorder,MONDO_grouped,8842,PROM1,NCBI,HGNC:9454,PROM1,prominin 1,O43490
MONDO:0002009,major depressive disorder,major depressive disorder,2009_12050_12100,major depressive disorder,MONDO_grouped,5692,PSMB4,NCBI,HGNC:9541,PSMB4,proteasome 20S subunit beta 4,P28070
MONDO:0002009,major depressive disorder,major depressive disorder,2009_12050_12100,major depressive disorder,MONDO_grouped,5743,PTGS2,NCBI,HGNC:9605,PTGS2,prostaglandin-endoperoxide synthase 2,P35354
MONDO:0002009,major depressive disorder,major depressive disorder,2009_12050_12100,major depressive disorder,MONDO_grouped,5801,PTPRR,NCBI,HGNC:9680,PTPRR,protein tyrosine phosphatase receptor type R,Q15256
MONDO:0002009,major depressive disorder,major depressive disorder,2009_12050_12100,major depressive disorder,MONDO_grouped,5806,PTX3,NCBI,HGNC:9692,PTX3,pentraxin 3,P26022
MONDO:0002009,major depressive disorder,major depressive disorder,2009_12050_12100,major depressive disorder,MONDO_grouped,9444,QKI,NCBI,HGNC:21100,QKI,"QKI, KH domain containing RNA binding",Q96PU8
MONDO:0002009,major depressive disorder,major depressive disorder,2009_12050_12100,major depressive disorder,MONDO_grouped,9771,RAPGEF5,NCBI,HGNC:16862,RAPGEF5,Rap guanine nucleotide exchange factor 5,Q92565
MONDO:0002009,major depressive disorder,major depressive disorder,2009_12050_12100,major depressive disorder,MONDO_grouped,65059,RAPH1,NCBI,HGNC:14436,RAPH1,Ras association (RalGDS/AF-6) and pleckstrin homology domains 1,Q70E73
MONDO:0002009,major depressive disorder,major depressive disorder,2009_12050_12100,major depressive disorder,MONDO_grouped,7905,REEP5,NCBI,HGNC:30077,REEP5,receptor accessory protein 5,Q00765
MONDO:0002009,major depressive disorder,major depressive disorder,2009_12050_12100,major depressive disorder,MONDO_grouped,5649,RELN,NCBI,HGNC:9957,RELN,reelin,P78509
MONDO:0002009,major depressive disorder,major depressive disorder,2009_12050_12100,major depressive disorder,MONDO_grouped,5978,REST,NCBI,HGNC:9966,REST,RE1 silencing transcription factor,Q13127
MONDO:0002009,major depressive disorder,major depressive disorder,2009_12050_12100,major depressive disorder,MONDO_grouped,10193,RNF41,NCBI,HGNC:18401,RNF41,ring finger protein 41,Q9H4P4
MONDO:0002009,major depressive disorder,major depressive disorder,2009_12050_12100,major depressive disorder,MONDO_grouped,6281,S100A10,NCBI,HGNC:10487,S100A10,S100 calcium binding protein A10,P60903
MONDO:0002009,major depressive disorder,major depressive disorder,2009_12050_12100,major depressive disorder,MONDO_grouped,6285,S100B,NCBI,HGNC:10500,S100B,S100 calcium binding protein B,P04271
MONDO:0002009,major depressive disorder,major depressive disorder,2009_12050_12100,major depressive disorder,MONDO_grouped,6303,SAT1,NCBI,HGNC:10540,SAT1,spermidine/spermine N1-acetyltransferase 1,P21673
MONDO:0002009,major depressive disorder,major depressive disorder,2009_12050_12100,major depressive disorder,MONDO_grouped,9632,SEC24C,NCBI,HGNC:10705,SEC24C,"SEC24 homolog C, COPII component",P53992
MONDO:0002009,major depressive disorder,major depressive disorder,2009_12050_12100,major depressive disorder,MONDO_grouped,6403,SELP,NCBI,HGNC:10721,SELP,selectin P,P16109
MONDO:0002009,major depressive disorder,major depressive disorder,2009_12050_12100,major depressive disorder,MONDO_grouped,5054,SERPINE1,NCBI,HGNC:8583,SERPINE1,serpin family E member 1,P05121
MONDO:0002009,major depressive disorder,major depressive disorder,2009_12050_12100,major depressive disorder,MONDO_grouped,6446,SGK1,NCBI,HGNC:10810,SGK1,serum/glucocorticoid regulated kinase 1,O00141
MONDO:0002009,major depressive disorder,major depressive disorder,2009_12050_12100,major depressive disorder,MONDO_grouped,57084,SLC17A6,NCBI,HGNC:16703,SLC17A6,solute carrier family 17 member 6,Q9P2U8
MONDO:0002009,major depressive disorder,major depressive disorder,2009_12050_12100,major depressive disorder,MONDO_grouped,6511,SLC1A6,NCBI,HGNC:10944,SLC1A6,solute carrier family 1 member 6,P48664
MONDO:0002009,major depressive disorder,major depressive disorder,2009_12050_12100,major depressive disorder,MONDO_grouped,60482,SLC5A7,NCBI,HGNC:14025,SLC5A7,solute carrier family 5 member 7,Q9GZV3
MONDO:0002009,major depressive disorder,major depressive disorder,2009_12050_12100,major depressive disorder,MONDO_grouped,6540,SLC6A13,NCBI,HGNC:11046,SLC6A13,solute carrier family 6 member 13,Q9NSD5
MONDO:0002009,major depressive disorder,major depressive disorder,2009_12050_12100,major depressive disorder,MONDO_grouped,55117,SLC6A15,NCBI,HGNC:13621,SLC6A15,solute carrier family 6 member 15,Q9H2J7
MONDO:0002009,major depressive disorder,major depressive disorder,2009_12050_12100,major depressive disorder,MONDO_grouped,6530,SLC6A2,NCBI,HGNC:11048,SLC6A2,solute carrier family 6 member 2,P23975
MONDO:0002009,major depressive disorder,major depressive disorder,2009_12050_12100,major depressive disorder,MONDO_grouped,6532,SLC6A4,NCBI,HGNC:11050,SLC6A4,solute carrier family 6 member 4,P31645
MONDO:0002009,major depressive disorder,major depressive disorder,2009_12050_12100,major depressive disorder,MONDO_grouped,6586,SLIT3,NCBI,HGNC:11087,SLIT3,slit guidance ligand 3,O75094
MONDO:0002009,major depressive disorder,major depressive disorder,2009_12050_12100,major depressive disorder,MONDO_grouped,6616,SNAP25,NCBI,HGNC:11132,SNAP25,synaptosome associated protein 25,P60880
MONDO:0002009,major depressive disorder,major depressive disorder,2009_12050_12100,major depressive disorder,MONDO_grouped,6647,SOD1,NCBI,HGNC:11179,SOD1,superoxide dismutase 1,P00441
MONDO:0002009,major depressive disorder,major depressive disorder,2009_12050_12100,major depressive disorder,MONDO_grouped,6648,SOD2,NCBI,HGNC:11180,SOD2,superoxide dismutase 2,P04179
MONDO:0002009,major depressive disorder,major depressive disorder,2009_12050_12100,major depressive disorder,MONDO_grouped,6662,SOX9,NCBI,HGNC:11204,SOX9,SRY-box transcription factor 9,P48436
MONDO:0002009,major depressive disorder,major depressive disorder,2009_12050_12100,major depressive disorder,MONDO_grouped,51593,SRRT,NCBI,HGNC:24101,SRRT,"serrate, RNA effector molecule",Q9BXP5
MONDO:0002009,major depressive disorder,major depressive disorder,2009_12050_12100,major depressive disorder,MONDO_grouped,6750,SST,NCBI,HGNC:11329,SST,somatostatin,P61278
MONDO:0002009,major depressive disorder,major depressive disorder,2009_12050_12100,major depressive disorder,MONDO_grouped,6755,SSTR5,NCBI,HGNC:11334,SSTR5,somatostatin receptor 5,P35346
MONDO:0002009,major depressive disorder,major depressive disorder,2009_12050_12100,major depressive disorder,MONDO_grouped,23345,SYNE1,NCBI,HGNC:17089,SYNE1,spectrin repeat containing nuclear envelope protein 1,Q8NF91
MONDO:0002009,major depressive disorder,major depressive disorder,2009_12050_12100,major depressive disorder,MONDO_grouped,6863,TAC1,NCBI,HGNC:11517,TAC1,tachykinin precursor 1,P20366
MONDO:0002009,major depressive disorder,major depressive disorder,2009_12050_12100,major depressive disorder,MONDO_grouped,30009,TBX21,NCBI,HGNC:11599,TBX21,T-box transcription factor 21,Q9UL17
MONDO:0002009,major depressive disorder,major depressive disorder,2009_12050_12100,major depressive disorder,MONDO_grouped,6999,TDO2,NCBI,HGNC:11708,TDO2,"tryptophan 2,3-dioxygenase",P48775
MONDO:0002009,major depressive disorder,major depressive disorder,2009_12050_12100,major depressive disorder,MONDO_grouped,7008,TEF,NCBI,HGNC:11722,TEF,"TEF transcription factor, PAR bZIP family member",Q10587
MONDO:0002009,major depressive disorder,major depressive disorder,2009_12050_12100,major depressive disorder,MONDO_grouped,7015,TERT,NCBI,HGNC:11730,TERT,telomerase reverse transcriptase,O14746
MONDO:0002009,major depressive disorder,major depressive disorder,2009_12050_12100,major depressive disorder,MONDO_grouped,7024,TFCP2,NCBI,HGNC:11748,TFCP2,transcription factor CP2,Q12800
MONDO:0002009,major depressive disorder,major depressive disorder,2009_12050_12100,major depressive disorder,MONDO_grouped,7038,TG,NCBI,HGNC:11764,TG,thyroglobulin,P01266
MONDO:0002009,major depressive disorder,major depressive disorder,2009_12050_12100,major depressive disorder,MONDO_grouped,7054,TH,NCBI,HGNC:11782,TH,tyrosine hydroxylase,P07101
MONDO:0002009,major depressive disorder,major depressive disorder,2009_12050_12100,major depressive disorder,MONDO_grouped,51284,TLR7,NCBI,HGNC:15631,TLR7,toll like receptor 7,Q9NYK1
MONDO:0002009,major depressive disorder,major depressive disorder,2009_12050_12100,major depressive disorder,MONDO_grouped,7124,TNF,NCBI,HGNC:11892,TNF,tumor necrosis factor,P01375
MONDO:0002009,major depressive disorder,major depressive disorder,2009_12050_12100,major depressive disorder,MONDO_grouped,10452,TOMM40,NCBI,HGNC:18001,TOMM40,translocase of outer mitochondrial membrane 40,O96008
MONDO:0002009,major depressive disorder,major depressive disorder,2009_12050_12100,major depressive disorder,MONDO_grouped,7166,TPH1,NCBI,HGNC:12008,TPH1,tryptophan hydroxylase 1,P17752
MONDO:0002009,major depressive disorder,major depressive disorder,2009_12050_12100,major depressive disorder,MONDO_grouped,121278,TPH2,NCBI,HGNC:20692,TPH2,tryptophan hydroxylase 2,Q8IWU9
MONDO:0002009,major depressive disorder,major depressive disorder,2009_12050_12100,major depressive disorder,MONDO_grouped,7297,TYK2,NCBI,HGNC:12440,TYK2,tyrosine kinase 2,P29597
MONDO:0002009,major depressive disorder,major depressive disorder,2009_12050_12100,major depressive disorder,MONDO_grouped,114131,UCN3,NCBI,HGNC:17781,UCN3,urocortin 3,Q969E3
MONDO:0002009,major depressive disorder,major depressive disorder,2009_12050_12100,major depressive disorder,MONDO_grouped,64854,USP46,NCBI,HGNC:20075,USP46,ubiquitin specific peptidase 46,P62068
MONDO:0002009,major depressive disorder,major depressive disorder,2009_12050_12100,major depressive disorder,MONDO_grouped,6844,VAMP2,NCBI,HGNC:12643,VAMP2,vesicle associated membrane protein 2,P63027
MONDO:0002009,major depressive disorder,major depressive disorder,2009_12050_12100,major depressive disorder,MONDO_grouped,7422,VEGFA,NCBI,HGNC:12680,VEGFA,vascular endothelial growth factor A,P15692
MONDO:0002009,major depressive disorder,major depressive disorder,2009_12050_12100,major depressive disorder,MONDO_grouped,7498,XDH,NCBI,HGNC:12805,XDH,xanthine dehydrogenase,P47989
MONDO:0002009,major depressive disorder,major depressive disorder,2009_12050_12100,major depressive disorder,MONDO_grouped,7704,ZBTB16,NCBI,HGNC:12930,ZBTB16,zinc finger and BTB domain containing 16,Q05516
MONDO:0005277,migraine disorder,migraine disorder,5277,migraine disorder,MONDO,796,CALCA,NCBI,HGNC:1437,CALCA,calcitonin related polypeptide alpha,P01258
MONDO:0005277,migraine disorder,migraine disorder,5277,migraine disorder,MONDO,796,CALCA,NCBI,HGNC:1437,CALCA,calcitonin related polypeptide alpha,P06881
MONDO:0005277,migraine disorder,migraine disorder,5277,migraine disorder,MONDO,2099,ESR1,NCBI,HGNC:3467,ESR1,estrogen receptor 1,P03372
MONDO:0005277,migraine disorder,migraine disorder,5277,migraine disorder,MONDO,9457,FHL5,NCBI,HGNC:17371,FHL5,four and a half LIM domains 5,Q5TD97
MONDO:0005277,migraine disorder,migraine disorder,5277,migraine disorder,MONDO,3356,HTR2A,NCBI,HGNC:5293,HTR2A,5-hydroxytryptamine receptor 2A,P28223
MONDO:0005277,migraine disorder,migraine disorder,5277,migraine disorder,MONDO,4035,LRP1,NCBI,HGNC:6692,LRP1,LDL receptor related protein 1,Q07954
MONDO:0005277,migraine disorder,migraine disorder,5277,migraine disorder,MONDO,63976,PRDM16,NCBI,HGNC:14000,PRDM16,PR/SET domain 16,Q9HAZ2
MONDO:0005277,migraine disorder,migraine disorder,5277,migraine disorder,MONDO,79783,SUGCT,NCBI,HGNC:16001,SUGCT,succinyl-CoA:glutarate-CoA transferase,Q9HAC7
MONDO:0005277,migraine disorder,migraine disorder,5277,migraine disorder,MONDO,7048,TGFBR2,NCBI,HGNC:11773,TGFBR2,transforming growth factor beta receptor 2,P37173
MONDO:0005277,migraine disorder,migraine disorder,5277,migraine disorder,MONDO,79054,TRPM8,NCBI,HGNC:17961,TRPM8,transient receptor potential cation channel subfamily M member 8,Q7Z2W7
MONDO:0005301,multiple sclerosis,multiple sclerosis,5301,multiple sclerosis,MONDO,348,APOE,NCBI,HGNC:613,APOE,apolipoprotein E,P02649
MONDO:0005301,multiple sclerosis,multiple sclerosis,5301,multiple sclerosis,MONDO,590,BCHE,NCBI,HGNC:983,BCHE,butyrylcholinesterase,P06276
MONDO:0005301,multiple sclerosis,multiple sclerosis,5301,multiple sclerosis,MONDO,834,CASP1,NCBI,HGNC:1499,CASP1,caspase 1,P29466
MONDO:0005301,multiple sclerosis,multiple sclerosis,5301,multiple sclerosis,MONDO,868,CBLB,NCBI,HGNC:1542,CBLB,Cbl proto-oncogene B,Q13191
MONDO:0005301,multiple sclerosis,multiple sclerosis,5301,multiple sclerosis,MONDO,958,CD40,NCBI,HGNC:11919,CD40,CD40 molecule,P25942
MONDO:0005301,multiple sclerosis,multiple sclerosis,5301,multiple sclerosis,MONDO,965,CD58,NCBI,HGNC:1688,CD58,CD58 molecule,P19256
MONDO:0005301,multiple sclerosis,multiple sclerosis,5301,multiple sclerosis,MONDO,923,CD6,NCBI,HGNC:1691,CD6,CD6 molecule,P30203
MONDO:0005301,multiple sclerosis,multiple sclerosis,5301,multiple sclerosis,MONDO,5010,CLDN11,NCBI,HGNC:8514,CLDN11,claudin 11,O75508
MONDO:0005301,multiple sclerosis,multiple sclerosis,5301,multiple sclerosis,MONDO,23274,CLEC16A,NCBI,HGNC:29013,CLEC16A,C-type lectin domain containing 16A,Q2KHT3
MONDO:0005301,multiple sclerosis,multiple sclerosis,5301,multiple sclerosis,MONDO,1268,CNR1,NCBI,HGNC:2159,CNR1,cannabinoid receptor 1,P21554
MONDO:0005301,multiple sclerosis,multiple sclerosis,5301,multiple sclerosis,MONDO,2638,GC,NCBI,HGNC:4187,GC,GC vitamin D binding protein,P02774
MONDO:0005301,multiple sclerosis,multiple sclerosis,5301,multiple sclerosis,MONDO,3115,HLA-DPB1,NCBI,HGNC:4940,HLA-DPB1,"major histocompatibility complex, class II, DP beta 1",P04440
MONDO:0005301,multiple sclerosis,multiple sclerosis,5301,multiple sclerosis,MONDO,3119,HLA-DQB1,NCBI,HGNC:4944,HLA-DQB1,"major histocompatibility complex, class II, DQ beta 1",P01920
MONDO:0005301,multiple sclerosis,multiple sclerosis,5301,multiple sclerosis,MONDO,3122,HLA-DRA,NCBI,HGNC:4947,HLA-DRA,"major histocompatibility complex, class II, DR alpha",P01903
MONDO:0005301,multiple sclerosis,multiple sclerosis,5301,multiple sclerosis,MONDO,3123,HLA-DRB1,NCBI,HGNC:4948,HLA-DRB1,"major histocompatibility complex, class II, DR beta 1",P01911
MONDO:0005301,multiple sclerosis,multiple sclerosis,5301,multiple sclerosis,MONDO,3383,ICAM1,NCBI,HGNC:5344,ICAM1,intercellular adhesion molecule 1,P05362
MONDO:0005301,multiple sclerosis,multiple sclerosis,5301,multiple sclerosis,MONDO,3456,IFNB1,NCBI,HGNC:5434,IFNB1,interferon beta 1,P01574
MONDO:0005301,multiple sclerosis,multiple sclerosis,5301,multiple sclerosis,MONDO,3458,IFNG,NCBI,HGNC:5438,IFNG,interferon gamma,P01579
MONDO:0005301,multiple sclerosis,multiple sclerosis,5301,multiple sclerosis,MONDO,3586,IL10,NCBI,HGNC:5962,IL10,interleukin 10,P22301
MONDO:0005301,multiple sclerosis,multiple sclerosis,5301,multiple sclerosis,MONDO,3592,IL12A,NCBI,HGNC:5969,IL12A,interleukin 12A,P29459
MONDO:0005301,multiple sclerosis,multiple sclerosis,5301,multiple sclerosis,MONDO,3605,IL17A,NCBI,HGNC:5981,IL17A,interleukin 17A,Q16552
MONDO:0005301,multiple sclerosis,multiple sclerosis,5301,multiple sclerosis,MONDO,3553,IL1B,NCBI,HGNC:5992,IL1B,interleukin 1 beta,P01584
MONDO:0005301,multiple sclerosis,multiple sclerosis,5301,multiple sclerosis,MONDO,3557,IL1RN,NCBI,HGNC:6000,IL1RN,interleukin 1 receptor antagonist,P18510
MONDO:0005301,multiple sclerosis,multiple sclerosis,5301,multiple sclerosis,MONDO,3559,IL2RA,NCBI,HGNC:6008,IL2RA,interleukin 2 receptor subunit alpha,P01589
MONDO:0005301,multiple sclerosis,multiple sclerosis,5301,multiple sclerosis,MONDO,3574,IL7,NCBI,HGNC:6023,IL7,interleukin 7,P13232
MONDO:0005301,multiple sclerosis,multiple sclerosis,5301,multiple sclerosis,MONDO,3575,IL7R,NCBI,HGNC:6024,IL7R,interleukin 7 receptor,P16871
MONDO:0005301,multiple sclerosis,multiple sclerosis,5301,multiple sclerosis,MONDO,3394,IRF8,NCBI,HGNC:5358,IRF8,interferon regulatory factor 8,Q02556
MONDO:0005301,multiple sclerosis,multiple sclerosis,5301,multiple sclerosis,MONDO,3766,KCNJ10,NCBI,HGNC:6256,KCNJ10,potassium inwardly rectifying channel subfamily J member 10,P78508
MONDO:0005301,multiple sclerosis,multiple sclerosis,5301,multiple sclerosis,MONDO,23095,KIF1B,NCBI,HGNC:16636,KIF1B,kinesin family member 1B,O60333
MONDO:0005301,multiple sclerosis,multiple sclerosis,5301,multiple sclerosis,MONDO,4162,MCAM,NCBI,HGNC:6934,MCAM,melanoma cell adhesion molecule,P43121
MONDO:0005301,multiple sclerosis,multiple sclerosis,5301,multiple sclerosis,MONDO,5819,NECTIN2,NCBI,HGNC:9707,NECTIN2,nectin cell adhesion molecule 2,Q92692
MONDO:0005301,multiple sclerosis,multiple sclerosis,5301,multiple sclerosis,MONDO,114548,NLRP3,NCBI,HGNC:16400,NLRP3,NLR family pyrin domain containing 3,Q96P20
MONDO:0005301,multiple sclerosis,multiple sclerosis,5301,multiple sclerosis,MONDO,5027,P2RX7,NCBI,HGNC:8537,P2RX7,purinergic receptor P2X 7,Q99572
MONDO:0005301,multiple sclerosis,multiple sclerosis,5301,multiple sclerosis,MONDO,5133,PDCD1,NCBI,HGNC:8760,PDCD1,programmed cell death 1,Q15116
MONDO:0005301,multiple sclerosis,multiple sclerosis,5301,multiple sclerosis,MONDO,5443,POMC,NCBI,HGNC:9201,POMC,proopiomelanocortin,P01189
MONDO:0005301,multiple sclerosis,multiple sclerosis,5301,multiple sclerosis,MONDO,3516,RBPJ,NCBI,HGNC:5724,RBPJ,recombination signal binding protein for immunoglobulin kappa J region,Q06330
MONDO:0005301,multiple sclerosis,multiple sclerosis,5301,multiple sclerosis,MONDO,6401,SELE,NCBI,HGNC:10718,SELE,selectin E,P16581
MONDO:0005301,multiple sclerosis,multiple sclerosis,5301,multiple sclerosis,MONDO,6556,SLC11A1,NCBI,HGNC:10907,SLC11A1,solute carrier family 11 member 1,P49279
MONDO:0005301,multiple sclerosis,multiple sclerosis,5301,multiple sclerosis,MONDO,6775,STAT4,NCBI,HGNC:11365,STAT4,signal transducer and activator of transcription 4,Q14765
MONDO:0005301,multiple sclerosis,multiple sclerosis,5301,multiple sclerosis,MONDO,7128,TNFAIP3,NCBI,HGNC:11896,TNFAIP3,TNF alpha induced protein 3,P21580
MONDO:0005301,multiple sclerosis,multiple sclerosis,5301,multiple sclerosis,MONDO,7132,TNFRSF1A,NCBI,HGNC:11916,TNFRSF1A,TNF receptor superfamily member 1A,P19438
MONDO:0005301,multiple sclerosis,multiple sclerosis,5301,multiple sclerosis,MONDO,8740,TNFSF14,NCBI,HGNC:11930,TNFSF14,TNF superfamily member 14,O43557
MONDO:0005301,multiple sclerosis,multiple sclerosis,5301,multiple sclerosis,MONDO,7297,TYK2,NCBI,HGNC:12440,TYK2,tyrosine kinase 2,P29597
MONDO:0005301,multiple sclerosis,multiple sclerosis,5301,multiple sclerosis,MONDO,7412,VCAM1,NCBI,HGNC:12663,VCAM1,vascular cell adhesion molecule 1,P19320
MONDO:0005301,multiple sclerosis,multiple sclerosis,5301,multiple sclerosis,MONDO,7421,VDR,NCBI,HGNC:12679,VDR,vitamin D receptor,P11473
MONDO:0005090,schizophrenia,schizophrenia,5090_13498_8414_10897_33312_10943_11552_14092_12054_11960_11280_11294_11295_11298_11307_11498_12879_13089_13506,schizophrenia,MONDO_grouped,1,A1BG,NCBI,HGNC:5,A1BG,alpha-1-B glycoprotein,P04217
MONDO:0005090,schizophrenia,schizophrenia,5090_13498_8414_10897_33312_10943_11552_14092_12054_11960_11280_11294_11295_11298_11307_11498_12879_13089_13506,schizophrenia,MONDO_grouped,19,ABCA1,NCBI,HGNC:29,ABCA1,ATP binding cassette subfamily A member 1,O95477
MONDO:0005090,schizophrenia,schizophrenia,5090_13498_8414_10897_33312_10943_11552_14092_12054_11960_11280_11294_11295_11298_11307_11498_12879_13089_13506,schizophrenia,MONDO_grouped,154664,ABCA13,NCBI,HGNC:14638,ABCA13,ATP binding cassette subfamily A member 13,Q86UQ4
MONDO:0005090,schizophrenia,schizophrenia,5090_13498_8414_10897_33312_10943_11552_14092_12054_11960_11280_11294_11295_11298_11307_11498_12879_13089_13506,schizophrenia,MONDO_grouped,5243,ABCB1,NCBI,HGNC:40,ABCB1,ATP binding cassette subfamily B member 1,P08183
MONDO:0005090,schizophrenia,schizophrenia,5090_13498_8414_10897_33312_10943_11552_14092_12054_11960_11280_11294_11295_11298_11307_11498_12879_13089_13506,schizophrenia,MONDO_grouped,1636,ACE,NCBI,HGNC:2707,ACE,angiotensin I converting enzyme,P12821
MONDO:0005090,schizophrenia,schizophrenia,5090_13498_8414_10897_33312_10943_11552_14092_12054_11960_11280_11294_11295_11298_11307_11498_12879_13089_13506,schizophrenia,MONDO_grouped,43,ACHE,NCBI,HGNC:108,ACHE,acetylcholinesterase (Yt blood group),P22303
MONDO:0005090,schizophrenia,schizophrenia,5090_13498_8414_10897_33312_10943_11552_14092_12054_11960_11280_11294_11295_11298_11307_11498_12879_13089_13506,schizophrenia,MONDO_grouped,641372,ACOT6,NCBI,HGNC:33159,ACOT6,acyl-CoA thioesterase 6,Q3I5F7
MONDO:0005090,schizophrenia,schizophrenia,5090_13498_8414_10897_33312_10943_11552_14092_12054_11960_11280_11294_11295_11298_11307_11498_12879_13089_13506,schizophrenia,MONDO_grouped,52,ACP1,NCBI,HGNC:122,ACP1,acid phosphatase 1,P24666
MONDO:0005090,schizophrenia,schizophrenia,5090_13498_8414_10897_33312_10943_11552_14092_12054_11960_11280_11294_11295_11298_11307_11498_12879_13089_13506,schizophrenia,MONDO_grouped,23305,ACSL6,NCBI,HGNC:16496,ACSL6,acyl-CoA synthetase long chain family member 6,Q9UKU0
MONDO:0005090,schizophrenia,schizophrenia,5090_13498_8414_10897_33312_10943_11552_14092_12054_11960_11280_11294_11295_11298_11307_11498_12879_13089_13506,schizophrenia,MONDO_grouped,116285,ACSM1,NCBI,HGNC:18049,ACSM1,acyl-CoA synthetase medium chain family member 1,Q08AH1
MONDO:0005090,schizophrenia,schizophrenia,5090_13498_8414_10897_33312_10943_11552_14092_12054_11960_11280_11294_11295_11298_11307_11498_12879_13089_13506,schizophrenia,MONDO_grouped,60,ACTB,NCBI,HGNC:132,ACTB,actin beta,P60709
MONDO:0005090,schizophrenia,schizophrenia,5090_13498_8414_10897_33312_10943_11552_14092_12054_11960_11280_11294_11295_11298_11307_11498_12879_13089_13506,schizophrenia,MONDO_grouped,10097,ACTR2,NCBI,HGNC:169,ACTR2,actin related protein 2,P61160
MONDO:0005090,schizophrenia,schizophrenia,5090_13498_8414_10897_33312_10943_11552_14092_12054_11960_11280_11294_11295_11298_11307_11498_12879_13089_13506,schizophrenia,MONDO_grouped,8038,ADAM12,NCBI,HGNC:190,ADAM12,ADAM metallopeptidase domain 12,O43184
MONDO:0005090,schizophrenia,schizophrenia,5090_13498_8414_10897_33312_10943_11552_14092_12054_11960_11280_11294_11295_11298_11307_11498_12879_13089_13506,schizophrenia,MONDO_grouped,81792,ADAMTS12,NCBI,HGNC:14605,ADAMTS12,ADAM metallopeptidase with thrombospondin type 1 motif 12,P58397
MONDO:0005090,schizophrenia,schizophrenia,5090_13498_8414_10897_33312_10943_11552_14092_12054_11960_11280_11294_11295_11298_11307_11498_12879_13089_13506,schizophrenia,MONDO_grouped,9508,ADAMTS3,NCBI,HGNC:219,ADAMTS3,ADAM metallopeptidase with thrombospondin type 1 motif 3,O15072
MONDO:0005090,schizophrenia,schizophrenia,5090_13498_8414_10897_33312_10943_11552_14092_12054_11960_11280_11294_11295_11298_11307_11498_12879_13089_13506,schizophrenia,MONDO_grouped,57188,ADAMTSL3,NCBI,HGNC:14633,ADAMTSL3,ADAMTS like 3,P82987
MONDO:0005090,schizophrenia,schizophrenia,5090_13498_8414_10897_33312_10943_11552_14092_12054_11960_11280_11294_11295_11298_11307_11498_12879_13089_13506,schizophrenia,MONDO_grouped,104,ADARB1,NCBI,HGNC:226,ADARB1,adenosine deaminase RNA specific B1,P78563
MONDO:0005090,schizophrenia,schizophrenia,5090_13498_8414_10897_33312_10943_11552_14092_12054_11960_11280_11294_11295_11298_11307_11498_12879_13089_13506,schizophrenia,MONDO_grouped,113,ADCY7,NCBI,HGNC:238,ADCY7,adenylate cyclase 7,P51828
MONDO:0005090,schizophrenia,schizophrenia,5090_13498_8414_10897_33312_10943_11552_14092_12054_11960_11280_11294_11295_11298_11307_11498_12879_13089_13506,schizophrenia,MONDO_grouped,116,ADCYAP1,NCBI,HGNC:241,ADCYAP1,adenylate cyclase activating polypeptide 1,P18509
MONDO:0005090,schizophrenia,schizophrenia,5090_13498_8414_10897_33312_10943_11552_14092_12054_11960_11280_11294_11295_11298_11307_11498_12879_13089_13506,schizophrenia,MONDO_grouped,117,ADCYAP1R1,NCBI,HGNC:242,ADCYAP1R1,ADCYAP receptor type I,P41586
MONDO:0005090,schizophrenia,schizophrenia,5090_13498_8414_10897_33312_10943_11552_14092_12054_11960_11280_11294_11295_11298_11307_11498_12879_13089_13506,schizophrenia,MONDO_grouped,221393,ADGRF4,NCBI,HGNC:19011,ADGRF4,adhesion G protein-coupled receptor F4,Q8IZF3
MONDO:0005090,schizophrenia,schizophrenia,5090_13498_8414_10897_33312_10943_11552_14092_12054_11960_11280_11294_11295_11298_11307_11498_12879_13089_13506,schizophrenia,MONDO_grouped,132,ADK,NCBI,HGNC:257,ADK,adenosine kinase,P55263
MONDO:0005090,schizophrenia,schizophrenia,5090_13498_8414_10897_33312_10943_11552_14092_12054_11960_11280_11294_11295_11298_11307_11498_12879_13089_13506,schizophrenia,MONDO_grouped,133,ADM,NCBI,HGNC:259,ADM,adrenomedullin,P35318
MONDO:0005090,schizophrenia,schizophrenia,5090_13498_8414_10897_33312_10943_11552_14092_12054_11960_11280_11294_11295_11298_11307_11498_12879_13089_13506,schizophrenia,MONDO_grouped,23394,ADNP,NCBI,HGNC:15766,ADNP,activity dependent neuroprotector homeobox,Q9H2P0
MONDO:0005090,schizophrenia,schizophrenia,5090_13498_8414_10897_33312_10943_11552_14092_12054_11960_11280_11294_11295_11298_11307_11498_12879_13089_13506,schizophrenia,MONDO_grouped,22850,ADNP2,NCBI,HGNC:23803,ADNP2,ADNP homeobox 2,Q6IQ32
MONDO:0005090,schizophrenia,schizophrenia,5090_13498_8414_10897_33312_10943_11552_14092_12054_11960_11280_11294_11295_11298_11307_11498_12879_13089_13506,schizophrenia,MONDO_grouped,134,ADORA1,NCBI,HGNC:262,ADORA1,adenosine A1 receptor,P30542
MONDO:0005090,schizophrenia,schizophrenia,5090_13498_8414_10897_33312_10943_11552_14092_12054_11960_11280_11294_11295_11298_11307_11498_12879_13089_13506,schizophrenia,MONDO_grouped,135,ADORA2A,NCBI,HGNC:263,ADORA2A,adenosine A2a receptor,P29274
MONDO:0005090,schizophrenia,schizophrenia,5090_13498_8414_10897_33312_10943_11552_14092_12054_11960_11280_11294_11295_11298_11307_11498_12879_13089_13506,schizophrenia,MONDO_grouped,148,ADRA1A,NCBI,HGNC:277,ADRA1A,adrenoceptor alpha 1A,P35348
MONDO:0005090,schizophrenia,schizophrenia,5090_13498_8414_10897_33312_10943_11552_14092_12054_11960_11280_11294_11295_11298_11307_11498_12879_13089_13506,schizophrenia,MONDO_grouped,150,ADRA2A,NCBI,HGNC:281,ADRA2A,adrenoceptor alpha 2A,P08913
MONDO:0005090,schizophrenia,schizophrenia,5090_13498_8414_10897_33312_10943_11552_14092_12054_11960_11280_11294_11295_11298_11307_11498_12879_13089_13506,schizophrenia,MONDO_grouped,159,ADSS2,NCBI,HGNC:292,ADSS2,adenylosuccinate synthase 2,P30520
MONDO:0005090,schizophrenia,schizophrenia,5090_13498_8414_10897_33312_10943_11552_14092_12054_11960_11280_11294_11295_11298_11307_11498_12879_13089_13506,schizophrenia,MONDO_grouped,175,AGA,NCBI,HGNC:318,AGA,aspartylglucosaminidase,P20933
MONDO:0005090,schizophrenia,schizophrenia,5090_13498_8414_10897_33312_10943_11552_14092_12054_11960_11280_11294_11295_11298_11307_11498_12879_13089_13506,schizophrenia,MONDO_grouped,177,AGER,NCBI,HGNC:320,AGER,advanced glycosylation end-product specific receptor,Q15109
MONDO:0005090,schizophrenia,schizophrenia,5090_13498_8414_10897_33312_10943_11552_14092_12054_11960_11280_11294_11295_11298_11307_11498_12879_13089_13506,schizophrenia,MONDO_grouped,54806,AHI1,NCBI,HGNC:21575,AHI1,Abelson helper integration site 1,Q8N157
MONDO:0005090,schizophrenia,schizophrenia,5090_13498_8414_10897_33312_10943_11552_14092_12054_11960_11280_11294_11295_11298_11307_11498_12879_13089_13506,schizophrenia,MONDO_grouped,10327,AKR1A1,NCBI,HGNC:380,AKR1A1,aldo-keto reductase family 1 member A1,P14550
MONDO:0005090,schizophrenia,schizophrenia,5090_13498_8414_10897_33312_10943_11552_14092_12054_11960_11280_11294_11295_11298_11307_11498_12879_13089_13506,schizophrenia,MONDO_grouped,207,AKT1,NCBI,HGNC:391,AKT1,AKT serine/threonine kinase 1,P31749
MONDO:0005090,schizophrenia,schizophrenia,5090_13498_8414_10897_33312_10943_11552_14092_12054_11960_11280_11294_11295_11298_11307_11498_12879_13089_13506,schizophrenia,MONDO_grouped,216,ALDH1A1,NCBI,HGNC:402,ALDH1A1,aldehyde dehydrogenase 1 family member A1,P00352
MONDO:0005090,schizophrenia,schizophrenia,5090_13498_8414_10897_33312_10943_11552_14092_12054_11960_11280_11294_11295_11298_11307_11498_12879_13089_13506,schizophrenia,MONDO_grouped,8854,ALDH1A2,NCBI,HGNC:15472,ALDH1A2,aldehyde dehydrogenase 1 family member A2,O94788
MONDO:0005090,schizophrenia,schizophrenia,5090_13498_8414_10897_33312_10943_11552_14092_12054_11960_11280_11294_11295_11298_11307_11498_12879_13089_13506,schizophrenia,MONDO_grouped,218,ALDH3A1,NCBI,HGNC:405,ALDH3A1,aldehyde dehydrogenase 3 family member A1,P30838
MONDO:0005090,schizophrenia,schizophrenia,5090_13498_8414_10897_33312_10943_11552_14092_12054_11960_11280_11294_11295_11298_11307_11498_12879_13089_13506,schizophrenia,MONDO_grouped,221,ALDH3B1,NCBI,HGNC:410,ALDH3B1,aldehyde dehydrogenase 3 family member B1,P43353
MONDO:0005090,schizophrenia,schizophrenia,5090_13498_8414_10897_33312_10943_11552_14092_12054_11960_11280_11294_11295_11298_11307_11498_12879_13089_13506,schizophrenia,MONDO_grouped,238,ALK,NCBI,HGNC:427,ALK,ALK receptor tyrosine kinase,Q9UM73
MONDO:0005090,schizophrenia,schizophrenia,5090_13498_8414_10897_33312_10943_11552_14092_12054_11960_11280_11294_11295_11298_11307_11498_12879_13089_13506,schizophrenia,MONDO_grouped,239,ALOX12,NCBI,HGNC:429,ALOX12,"arachidonate 12-lipoxygenase, 12S type",P18054
MONDO:0005090,schizophrenia,schizophrenia,5090_13498_8414_10897_33312_10943_11552_14092_12054_11960_11280_11294_11295_11298_11307_11498_12879_13089_13506,schizophrenia,MONDO_grouped,259173,ALS2CL,NCBI,HGNC:20605,ALS2CL,ALS2 C-terminal like,Q60I27
MONDO:0005090,schizophrenia,schizophrenia,5090_13498_8414_10897_33312_10943_11552_14092_12054_11960_11280_11294_11295_11298_11307_11498_12879_13089_13506,schizophrenia,MONDO_grouped,23600,AMACR,NCBI,HGNC:451,AMACR,alpha-methylacyl-CoA racemase,Q9UHK6
MONDO:0005090,schizophrenia,schizophrenia,5090_13498_8414_10897_33312_10943_11552_14092_12054_11960_11280_11294_11295_11298_11307_11498_12879_13089_13506,schizophrenia,MONDO_grouped,55626,AMBRA1,NCBI,HGNC:25990,AMBRA1,autophagy and beclin 1 regulator 1,Q9C0C7
MONDO:0005090,schizophrenia,schizophrenia,5090_13498_8414_10897_33312_10943_11552_14092_12054_11960_11280_11294_11295_11298_11307_11498_12879_13089_13506,schizophrenia,MONDO_grouped,288,ANK3,NCBI,HGNC:494,ANK3,ankyrin 3,Q12955
MONDO:0005090,schizophrenia,schizophrenia,5090_13498_8414_10897_33312_10943_11552_14092_12054_11960_11280_11294_11295_11298_11307_11498_12879_13089_13506,schizophrenia,MONDO_grouped,255239,ANKK1,NCBI,HGNC:21027,ANKK1,ankyrin repeat and kinase domain containing 1,Q8NFD2
MONDO:0005090,schizophrenia,schizophrenia,5090_13498_8414_10897_33312_10943_11552_14092_12054_11960_11280_11294_11295_11298_11307_11498_12879_13089_13506,schizophrenia,MONDO_grouped,321,APBA2,NCBI,HGNC:579,APBA2,amyloid beta precursor protein binding family A member 2,Q99767
MONDO:0005090,schizophrenia,schizophrenia,5090_13498_8414_10897_33312_10943_11552_14092_12054_11960_11280_11294_11295_11298_11307_11498_12879_13089_13506,schizophrenia,MONDO_grouped,324,APC,NCBI,HGNC:583,APC,APC regulator of Wnt signaling pathway,P25054
MONDO:0005090,schizophrenia,schizophrenia,5090_13498_8414_10897_33312_10943_11552_14092_12054_11960_11280_11294_11295_11298_11307_11498_12879_13089_13506,schizophrenia,MONDO_grouped,337,APOA4,NCBI,HGNC:602,APOA4,apolipoprotein A4,P06727
MONDO:0005090,schizophrenia,schizophrenia,5090_13498_8414_10897_33312_10943_11552_14092_12054_11960_11280_11294_11295_11298_11307_11498_12879_13089_13506,schizophrenia,MONDO_grouped,347,APOD,NCBI,HGNC:612,APOD,apolipoprotein D,P05090
MONDO:0005090,schizophrenia,schizophrenia,5090_13498_8414_10897_33312_10943_11552_14092_12054_11960_11280_11294_11295_11298_11307_11498_12879_13089_13506,schizophrenia,MONDO_grouped,348,APOE,NCBI,HGNC:613,APOE,apolipoprotein E,P02649
MONDO:0005090,schizophrenia,schizophrenia,5090_13498_8414_10897_33312_10943_11552_14092_12054_11960_11280_11294_11295_11298_11307_11498_12879_13089_13506,schizophrenia,MONDO_grouped,350,APOH,NCBI,HGNC:616,APOH,apolipoprotein H,P02749
MONDO:0005090,schizophrenia,schizophrenia,5090_13498_8414_10897_33312_10943_11552_14092_12054_11960_11280_11294_11295_11298_11307_11498_12879_13089_13506,schizophrenia,MONDO_grouped,23780,APOL2,NCBI,HGNC:619,APOL2,apolipoprotein L2,Q9BQE5
MONDO:0005090,schizophrenia,schizophrenia,5090_13498_8414_10897_33312_10943_11552_14092_12054_11960_11280_11294_11295_11298_11307_11498_12879_13089_13506,schizophrenia,MONDO_grouped,80832,APOL4,NCBI,HGNC:14867,APOL4,apolipoprotein L4,Q9BPW4
MONDO:0005090,schizophrenia,schizophrenia,5090_13498_8414_10897_33312_10943_11552_14092_12054_11960_11280_11294_11295_11298_11307_11498_12879_13089_13506,schizophrenia,MONDO_grouped,361,AQP4,NCBI,HGNC:637,AQP4,aquaporin 4,P55087
MONDO:0005090,schizophrenia,schizophrenia,5090_13498_8414_10897_33312_10943_11552_14092_12054_11960_11280_11294_11295_11298_11307_11498_12879_13089_13506,schizophrenia,MONDO_grouped,23237,ARC,NCBI,HGNC:648,ARC,activity regulated cytoskeleton associated protein,Q7LC44
MONDO:0005090,schizophrenia,schizophrenia,5090_13498_8414_10897_33312_10943_11552_14092_12054_11960_11280_11294_11295_11298_11307_11498_12879_13089_13506,schizophrenia,MONDO_grouped,392,ARHGAP1,NCBI,HGNC:673,ARHGAP1,Rho GTPase activating protein 1,Q07960
MONDO:0005090,schizophrenia,schizophrenia,5090_13498_8414_10897_33312_10943_11552_14092_12054_11960_11280_11294_11295_11298_11307_11498_12879_13089_13506,schizophrenia,MONDO_grouped,93663,ARHGAP18,NCBI,HGNC:21035,ARHGAP18,Rho GTPase activating protein 18,Q8N392
MONDO:0005090,schizophrenia,schizophrenia,5090_13498_8414_10897_33312_10943_11552_14092_12054_11960_11280_11294_11295_11298_11307_11498_12879_13089_13506,schizophrenia,MONDO_grouped,9743,ARHGAP32,NCBI,HGNC:17399,ARHGAP32,Rho GTPase activating protein 32,A7KAX9
MONDO:0005090,schizophrenia,schizophrenia,5090_13498_8414_10897_33312_10943_11552_14092_12054_11960_11280_11294_11295_11298_11307_11498_12879_13089_13506,schizophrenia,MONDO_grouped,9826,ARHGEF11,NCBI,HGNC:14580,ARHGEF11,Rho guanine nucleotide exchange factor 11,O15085
MONDO:0005090,schizophrenia,schizophrenia,5090_13498_8414_10897_33312_10943_11552_14092_12054_11960_11280_11294_11295_11298_11307_11498_12879_13089_13506,schizophrenia,MONDO_grouped,421,ARVCF,NCBI,HGNC:728,ARVCF,ARVCF delta catenin family member,O00192
MONDO:0005090,schizophrenia,schizophrenia,5090_13498_8414_10897_33312_10943_11552_14092_12054_11960_11280_11294_11295_11298_11307_11498_12879_13089_13506,schizophrenia,MONDO_grouped,427,ASAH1,NCBI,HGNC:735,ASAH1,N-acylsphingosine amidohydrolase 1,Q13510
MONDO:0005090,schizophrenia,schizophrenia,5090_13498_8414_10897_33312_10943_11552_14092_12054_11960_11280_11294_11295_11298_11307_11498_12879_13089_13506,schizophrenia,MONDO_grouped,23245,ASTN2,NCBI,HGNC:17021,ASTN2,astrotactin 2,O75129
MONDO:0005090,schizophrenia,schizophrenia,5090_13498_8414_10897_33312_10943_11552_14092_12054_11960_11280_11294_11295_11298_11307_11498_12879_13089_13506,schizophrenia,MONDO_grouped,468,ATF4,NCBI,HGNC:786,ATF4,activating transcription factor 4,P18848
MONDO:0005090,schizophrenia,schizophrenia,5090_13498_8414_10897_33312_10943_11552_14092_12054_11960_11280_11294_11295_11298_11307_11498_12879_13089_13506,schizophrenia,MONDO_grouped,472,ATM,NCBI,HGNC:795,ATM,ATM serine/threonine kinase,Q13315
MONDO:0005090,schizophrenia,schizophrenia,5090_13498_8414_10897_33312_10943_11552_14092_12054_11960_11280_11294_11295_11298_11307_11498_12879_13089_13506,schizophrenia,MONDO_grouped,488,ATP2A2,NCBI,HGNC:812,ATP2A2,ATPase sarcoplasmic/endoplasmic reticulum Ca2+ transporting 2,P16615
MONDO:0005090,schizophrenia,schizophrenia,5090_13498_8414_10897_33312_10943_11552_14092_12054_11960_11280_11294_11295_11298_11307_11498_12879_13089_13506,schizophrenia,MONDO_grouped,6311,ATXN2,NCBI,HGNC:10555,ATXN2,ataxin 2,Q99700
MONDO:0005090,schizophrenia,schizophrenia,5090_13498_8414_10897_33312_10943_11552_14092_12054_11960_11280_11294_11295_11298_11307_11498_12879_13089_13506,schizophrenia,MONDO_grouped,26053,AUTS2,NCBI,HGNC:14262,AUTS2,activator of transcription and developmental regulator AUTS2,Q8WXX7
MONDO:0005090,schizophrenia,schizophrenia,5090_13498_8414_10897_33312_10943_11552_14092_12054_11960_11280_11294_11295_11298_11307_11498_12879_13089_13506,schizophrenia,MONDO_grouped,551,AVP,NCBI,HGNC:894,AVP,arginine vasopressin,P01185
MONDO:0005090,schizophrenia,schizophrenia,5090_13498_8414_10897_33312_10943_11552_14092_12054_11960_11280_11294_11295_11298_11307_11498_12879_13089_13506,schizophrenia,MONDO_grouped,552,AVPR1A,NCBI,HGNC:895,AVPR1A,arginine vasopressin receptor 1A,P37288
MONDO:0005090,schizophrenia,schizophrenia,5090_13498_8414_10897_33312_10943_11552_14092_12054_11960_11280_11294_11295_11298_11307_11498_12879_13089_13506,schizophrenia,MONDO_grouped,27087,B3GAT1,NCBI,HGNC:921,B3GAT1,"beta-1,3-glucuronyltransferase 1",Q9P2W7
MONDO:0005090,schizophrenia,schizophrenia,5090_13498_8414_10897_33312_10943_11552_14092_12054_11960_11280_11294_11295_11298_11307_11498_12879_13089_13506,schizophrenia,MONDO_grouped,135152,B3GAT2,NCBI,HGNC:922,B3GAT2,"beta-1,3-glucuronyltransferase 2",Q9NPZ5
MONDO:0005090,schizophrenia,schizophrenia,5090_13498_8414_10897_33312_10943_11552_14092_12054_11960_11280_11294_11295_11298_11307_11498_12879_13089_13506,schizophrenia,MONDO_grouped,10678,B3GNT2,NCBI,HGNC:15629,B3GNT2,"UDP-GlcNAc:betaGal beta-1,3-N-acetylglucosaminyltransferase 2",Q9NY97
MONDO:0005090,schizophrenia,schizophrenia,5090_13498_8414_10897_33312_10943_11552_14092_12054_11960_11280_11294_11295_11298_11307_11498_12879_13089_13506,schizophrenia,MONDO_grouped,23621,BACE1,NCBI,HGNC:933,BACE1,beta-secretase 1,P56817
MONDO:0005090,schizophrenia,schizophrenia,5090_13498_8414_10897_33312_10943_11552_14092_12054_11960_11280_11294_11295_11298_11307_11498_12879_13089_13506,schizophrenia,MONDO_grouped,573,BAG1,NCBI,HGNC:937,BAG1,BAG cochaperone 1,Q99933
MONDO:0005090,schizophrenia,schizophrenia,5090_13498_8414_10897_33312_10943_11552_14092_12054_11960_11280_11294_11295_11298_11307_11498_12879_13089_13506,schizophrenia,MONDO_grouped,53335,BCL11A,NCBI,HGNC:13221,BCL11A,BCL11 transcription factor A,Q9H165
MONDO:0005090,schizophrenia,schizophrenia,5090_13498_8414_10897_33312_10943_11552_14092_12054_11960_11280_11294_11295_11298_11307_11498_12879_13089_13506,schizophrenia,MONDO_grouped,596,BCL2,NCBI,HGNC:990,BCL2,BCL2 apoptosis regulator,P10415
MONDO:0005090,schizophrenia,schizophrenia,5090_13498_8414_10897_33312_10943_11552_14092_12054_11960_11280_11294_11295_11298_11307_11498_12879_13089_13506,schizophrenia,MONDO_grouped,607,BCL9,NCBI,HGNC:1008,BCL9,BCL9 transcription coactivator,O00512
MONDO:0005090,schizophrenia,schizophrenia,5090_13498_8414_10897_33312_10943_11552_14092_12054_11960_11280_11294_11295_11298_11307_11498_12879_13089_13506,schizophrenia,MONDO_grouped,627,BDNF,NCBI,HGNC:1033,BDNF,brain derived neurotrophic factor,P23560
MONDO:0005090,schizophrenia,schizophrenia,5090_13498_8414_10897_33312_10943_11552_14092_12054_11960_11280_11294_11295_11298_11307_11498_12879_13089_13506,schizophrenia,MONDO_grouped,8678,BECN1,NCBI,HGNC:1034,BECN1,beclin 1,Q14457
MONDO:0005090,schizophrenia,schizophrenia,5090_13498_8414_10897_33312_10943_11552_14092_12054_11960_11280_11294_11295_11298_11307_11498_12879_13089_13506,schizophrenia,MONDO_grouped,8553,BHLHE40,NCBI,HGNC:1046,BHLHE40,basic helix-loop-helix family member e40,O14503
MONDO:0005090,schizophrenia,schizophrenia,5090_13498_8414_10897_33312_10943_11552_14092_12054_11960_11280_11294_11295_11298_11307_11498_12879_13089_13506,schizophrenia,MONDO_grouped,637,BID,NCBI,HGNC:1050,BID,BH3 interacting domain death agonist,P55957
MONDO:0005090,schizophrenia,schizophrenia,5090_13498_8414_10897_33312_10943_11552_14092_12054_11960_11280_11294_11295_11298_11307_11498_12879_13089_13506,schizophrenia,MONDO_grouped,2647,BLOC1S1,NCBI,HGNC:4200,BLOC1S1,biogenesis of lysosomal organelles complex 1 subunit 1,P78537
MONDO:0005090,schizophrenia,schizophrenia,5090_13498_8414_10897_33312_10943_11552_14092_12054_11960_11280_11294_11295_11298_11307_11498_12879_13089_13506,schizophrenia,MONDO_grouped,388552,BLOC1S3,NCBI,HGNC:20914,BLOC1S3,biogenesis of lysosomal organelles complex 1 subunit 3,Q6QNY0
MONDO:0005090,schizophrenia,schizophrenia,5090_13498_8414_10897_33312_10943_11552_14092_12054_11960_11280_11294_11295_11298_11307_11498_12879_13089_13506,schizophrenia,MONDO_grouped,8315,BRAP,NCBI,HGNC:1099,BRAP,BRCA1 associated protein,Q7Z569
MONDO:0005090,schizophrenia,schizophrenia,5090_13498_8414_10897_33312_10943_11552_14092_12054_11960_11280_11294_11295_11298_11307_11498_12879_13089_13506,schizophrenia,MONDO_grouped,672,BRCA1,NCBI,HGNC:1100,BRCA1,BRCA1 DNA repair associated,P38398
MONDO:0005090,schizophrenia,schizophrenia,5090_13498_8414_10897_33312_10943_11552_14092_12054_11960_11280_11294_11295_11298_11307_11498_12879_13089_13506,schizophrenia,MONDO_grouped,23774,BRD1,NCBI,HGNC:1102,BRD1,bromodomain containing 1,O95696
MONDO:0005090,schizophrenia,schizophrenia,5090_13498_8414_10897_33312_10943_11552_14092_12054_11960_11280_11294_11295_11298_11307_11498_12879_13089_13506,schizophrenia,MONDO_grouped,114781,BTBD9,NCBI,HGNC:21228,BTBD9,BTB domain containing 9,Q96Q07
MONDO:0005090,schizophrenia,schizophrenia,5090_13498_8414_10897_33312_10943_11552_14092_12054_11960_11280_11294_11295_11298_11307_11498_12879_13089_13506,schizophrenia,MONDO_grouped,685,BTC,NCBI,HGNC:1121,BTC,betacellulin,P35070
MONDO:0005090,schizophrenia,schizophrenia,5090_13498_8414_10897_33312_10943_11552_14092_12054_11960_11280_11294_11295_11298_11307_11498_12879_13089_13506,schizophrenia,MONDO_grouped,694,BTG1,NCBI,HGNC:1130,BTG1,BTG anti-proliferation factor 1,P62324
MONDO:0005090,schizophrenia,schizophrenia,5090_13498_8414_10897_33312_10943_11552_14092_12054_11960_11280_11294_11295_11298_11307_11498_12879_13089_13506,schizophrenia,MONDO_grouped,713,C1QB,NCBI,HGNC:1242,C1QB,complement C1q B chain,P02746
MONDO:0005090,schizophrenia,schizophrenia,5090_13498_8414_10897_33312_10943_11552_14092_12054_11960_11280_11294_11295_11298_11307_11498_12879_13089_13506,schizophrenia,MONDO_grouped,203228,C9orf72,NCBI,HGNC:28337,C9orf72,C9orf72-SMCR8 complex subunit,Q96LT7
MONDO:0005090,schizophrenia,schizophrenia,5090_13498_8414_10897_33312_10943_11552_14092_12054_11960_11280_11294_11295_11298_11307_11498_12879_13089_13506,schizophrenia,MONDO_grouped,774,CACNA1B,NCBI,HGNC:1389,CACNA1B,calcium voltage-gated channel subunit alpha1 B,Q00975
MONDO:0005090,schizophrenia,schizophrenia,5090_13498_8414_10897_33312_10943_11552_14092_12054_11960_11280_11294_11295_11298_11307_11498_12879_13089_13506,schizophrenia,MONDO_grouped,775,CACNA1C,NCBI,HGNC:1390,CACNA1C,calcium voltage-gated channel subunit alpha1 C,Q13936
MONDO:0005090,schizophrenia,schizophrenia,5090_13498_8414_10897_33312_10943_11552_14092_12054_11960_11280_11294_11295_11298_11307_11498_12879_13089_13506,schizophrenia,MONDO_grouped,778,CACNA1F,NCBI,HGNC:1393,CACNA1F,calcium voltage-gated channel subunit alpha1 F,O60840
MONDO:0005090,schizophrenia,schizophrenia,5090_13498_8414_10897_33312_10943_11552_14092_12054_11960_11280_11294_11295_11298_11307_11498_12879_13089_13506,schizophrenia,MONDO_grouped,783,CACNB2,NCBI,HGNC:1402,CACNB2,calcium voltage-gated channel auxiliary subunit beta 2,Q08289
MONDO:0005090,schizophrenia,schizophrenia,5090_13498_8414_10897_33312_10943_11552_14092_12054_11960_11280_11294_11295_11298_11307_11498_12879_13089_13506,schizophrenia,MONDO_grouped,10369,CACNG2,NCBI,HGNC:1406,CACNG2,calcium voltage-gated channel auxiliary subunit gamma 2,Q9Y698
MONDO:0005090,schizophrenia,schizophrenia,5090_13498_8414_10897_33312_10943_11552_14092_12054_11960_11280_11294_11295_11298_11307_11498_12879_13089_13506,schizophrenia,MONDO_grouped,27091,CACNG5,NCBI,HGNC:1409,CACNG5,calcium voltage-gated channel auxiliary subunit gamma 5,Q9UF02
MONDO:0005090,schizophrenia,schizophrenia,5090_13498_8414_10897_33312_10943_11552_14092_12054_11960_11280_11294_11295_11298_11307_11498_12879_13089_13506,schizophrenia,MONDO_grouped,59283,CACNG8,NCBI,HGNC:13628,CACNG8,calcium voltage-gated channel auxiliary subunit gamma 8,Q8WXS5
MONDO:0005090,schizophrenia,schizophrenia,5090_13498_8414_10897_33312_10943_11552_14092_12054_11960_11280_11294_11295_11298_11307_11498_12879_13089_13506,schizophrenia,MONDO_grouped,93664,CADPS2,NCBI,HGNC:16018,CADPS2,calcium dependent secretion activator 2,Q86UW7
MONDO:0005090,schizophrenia,schizophrenia,5090_13498_8414_10897_33312_10943_11552_14092_12054_11960_11280_11294_11295_11298_11307_11498_12879_13089_13506,schizophrenia,MONDO_grouped,793,CALB1,NCBI,HGNC:1434,CALB1,calbindin 1,P05937
MONDO:0005090,schizophrenia,schizophrenia,5090_13498_8414_10897_33312_10943_11552_14092_12054_11960_11280_11294_11295_11298_11307_11498_12879_13089_13506,schizophrenia,MONDO_grouped,811,CALR,NCBI,HGNC:1455,CALR,calreticulin,P27797
MONDO:0005090,schizophrenia,schizophrenia,5090_13498_8414_10897_33312_10943_11552_14092_12054_11960_11280_11294_11295_11298_11307_11498_12879_13089_13506,schizophrenia,MONDO_grouped,50632,CALY,NCBI,HGNC:17938,CALY,calcyon neuron specific vesicular protein,Q9NYX4
MONDO:0005090,schizophrenia,schizophrenia,5090_13498_8414_10897_33312_10943_11552_14092_12054_11960_11280_11294_11295_11298_11307_11498_12879_13089_13506,schizophrenia,MONDO_grouped,816,CAMK2B,NCBI,HGNC:1461,CAMK2B,calcium/calmodulin dependent protein kinase II beta,Q13554
MONDO:0005090,schizophrenia,schizophrenia,5090_13498_8414_10897_33312_10943_11552_14092_12054_11960_11280_11294_11295_11298_11307_11498_12879_13089_13506,schizophrenia,MONDO_grouped,10645,CAMKK2,NCBI,HGNC:1470,CAMKK2,calcium/calmodulin dependent protein kinase kinase 2,Q96RR4
MONDO:0005090,schizophrenia,schizophrenia,5090_13498_8414_10897_33312_10943_11552_14092_12054_11960_11280_11294_11295_11298_11307_11498_12879_13089_13506,schizophrenia,MONDO_grouped,836,CASP3,NCBI,HGNC:1504,CASP3,caspase 3,P42574
MONDO:0005090,schizophrenia,schizophrenia,5090_13498_8414_10897_33312_10943_11552_14092_12054_11960_11280_11294_11295_11298_11307_11498_12879_13089_13506,schizophrenia,MONDO_grouped,837,CASP4,NCBI,HGNC:1505,CASP4,caspase 4,P49662
MONDO:0005090,schizophrenia,schizophrenia,5090_13498_8414_10897_33312_10943_11552_14092_12054_11960_11280_11294_11295_11298_11307_11498_12879_13089_13506,schizophrenia,MONDO_grouped,857,CAV1,NCBI,HGNC:1527,CAV1,caveolin 1,Q03135
MONDO:0005090,schizophrenia,schizophrenia,5090_13498_8414_10897_33312_10943_11552_14092_12054_11960_11280_11294_11295_11298_11307_11498_12879_13089_13506,schizophrenia,MONDO_grouped,2694,CBLIF,NCBI,HGNC:4268,CBLIF,cobalamin binding intrinsic factor,P27352
MONDO:0005090,schizophrenia,schizophrenia,5090_13498_8414_10897_33312_10943_11552_14092_12054_11960_11280_11294_11295_11298_11307_11498_12879_13089_13506,schizophrenia,MONDO_grouped,875,CBS,NCBI,HGNC:1550,CBS,cystathionine beta-synthase,P35520
MONDO:0005090,schizophrenia,schizophrenia,5090_13498_8414_10897_33312_10943_11552_14092_12054_11960_11280_11294_11295_11298_11307_11498_12879_13089_13506,schizophrenia,MONDO_grouped,339230,CCDC137,NCBI,HGNC:33451,CCDC137,coiled-coil domain containing 137,Q6PK04
MONDO:0005090,schizophrenia,schizophrenia,5090_13498_8414_10897_33312_10943_11552_14092_12054_11960_11280_11294_11295_11298_11307_11498_12879_13089_13506,schizophrenia,MONDO_grouped,80323,CCDC68,NCBI,HGNC:24350,CCDC68,coiled-coil domain containing 68,Q9H2F9
MONDO:0005090,schizophrenia,schizophrenia,5090_13498_8414_10897_33312_10943_11552_14092_12054_11960_11280_11294_11295_11298_11307_11498_12879_13089_13506,schizophrenia,MONDO_grouped,79080,CCDC86,NCBI,HGNC:28359,CCDC86,coiled-coil domain containing 86,Q9H6F5
MONDO:0005090,schizophrenia,schizophrenia,5090_13498_8414_10897_33312_10943_11552_14092_12054_11960_11280_11294_11295_11298_11307_11498_12879_13089_13506,schizophrenia,MONDO_grouped,885,CCK,NCBI,HGNC:1569,CCK,cholecystokinin,P06307
MONDO:0005090,schizophrenia,schizophrenia,5090_13498_8414_10897_33312_10943_11552_14092_12054_11960_11280_11294_11295_11298_11307_11498_12879_13089_13506,schizophrenia,MONDO_grouped,886,CCKAR,NCBI,HGNC:1570,CCKAR,cholecystokinin A receptor,P32238
MONDO:0005090,schizophrenia,schizophrenia,5090_13498_8414_10897_33312_10943_11552_14092_12054_11960_11280_11294_11295_11298_11307_11498_12879_13089_13506,schizophrenia,MONDO_grouped,6347,CCL2,NCBI,HGNC:10618,CCL2,C-C motif chemokine ligand 2,P13500
MONDO:0005090,schizophrenia,schizophrenia,5090_13498_8414_10897_33312_10943_11552_14092_12054_11960_11280_11294_11295_11298_11307_11498_12879_13089_13506,schizophrenia,MONDO_grouped,890,CCNA2,NCBI,HGNC:1578,CCNA2,cyclin A2,P20248
MONDO:0005090,schizophrenia,schizophrenia,5090_13498_8414_10897_33312_10943_11552_14092_12054_11960_11280_11294_11295_11298_11307_11498_12879_13089_13506,schizophrenia,MONDO_grouped,595,CCND1,NCBI,HGNC:1582,CCND1,cyclin D1,P24385
MONDO:0005090,schizophrenia,schizophrenia,5090_13498_8414_10897_33312_10943_11552_14092_12054_11960_11280_11294_11295_11298_11307_11498_12879_13089_13506,schizophrenia,MONDO_grouped,894,CCND2,NCBI,HGNC:1583,CCND2,cyclin D2,P30279
MONDO:0005090,schizophrenia,schizophrenia,5090_13498_8414_10897_33312_10943_11552_14092_12054_11960_11280_11294_11295_11298_11307_11498_12879_13089_13506,schizophrenia,MONDO_grouped,1234,CCR5,NCBI,HGNC:1606,CCR5,C-C motif chemokine receptor 5,P51681
MONDO:0005090,schizophrenia,schizophrenia,5090_13498_8414_10897_33312_10943_11552_14092_12054_11960_11280_11294_11295_11298_11307_11498_12879_13089_13506,schizophrenia,MONDO_grouped,9332,CD163,NCBI,HGNC:1631,CD163,CD163 molecule,Q86VB7
MONDO:0005090,schizophrenia,schizophrenia,5090_13498_8414_10897_33312_10943_11552_14092_12054_11960_11280_11294_11295_11298_11307_11498_12879_13089_13506,schizophrenia,MONDO_grouped,995,CDC25C,NCBI,HGNC:1727,CDC25C,cell division cycle 25C,P30307
MONDO:0005090,schizophrenia,schizophrenia,5090_13498_8414_10897_33312_10943_11552_14092_12054_11960_11280_11294_11295_11298_11307_11498_12879_13089_13506,schizophrenia,MONDO_grouped,998,CDC42,NCBI,HGNC:1736,CDC42,cell division cycle 42,P60953
MONDO:0005090,schizophrenia,schizophrenia,5090_13498_8414_10897_33312_10943_11552_14092_12054_11960_11280_11294_11295_11298_11307_11498_12879_13089_13506,schizophrenia,MONDO_grouped,10602,CDC42EP3,NCBI,HGNC:16943,CDC42EP3,CDC42 effector protein 3,Q9UKI2
MONDO:0005090,schizophrenia,schizophrenia,5090_13498_8414_10897_33312_10943_11552_14092_12054_11960_11280_11294_11295_11298_11307_11498_12879_13089_13506,schizophrenia,MONDO_grouped,56990,CDC42SE2,NCBI,HGNC:18547,CDC42SE2,CDC42 small effector 2,Q9NRR3
MONDO:0005090,schizophrenia,schizophrenia,5090_13498_8414_10897_33312_10943_11552_14092_12054_11960_11280_11294_11295_11298_11307_11498_12879_13089_13506,schizophrenia,MONDO_grouped,5127,CDK16,NCBI,HGNC:8749,CDK16,cyclin dependent kinase 16,Q00536
MONDO:0005090,schizophrenia,schizophrenia,5090_13498_8414_10897_33312_10943_11552_14092_12054_11960_11280_11294_11295_11298_11307_11498_12879_13089_13506,schizophrenia,MONDO_grouped,1020,CDK5,NCBI,HGNC:1774,CDK5,cyclin dependent kinase 5,Q00535
MONDO:0005090,schizophrenia,schizophrenia,5090_13498_8414_10897_33312_10943_11552_14092_12054_11960_11280_11294_11295_11298_11307_11498_12879_13089_13506,schizophrenia,MONDO_grouped,8851,CDK5R1,NCBI,HGNC:1775,CDK5R1,cyclin dependent kinase 5 regulatory subunit 1,Q15078
MONDO:0005090,schizophrenia,schizophrenia,5090_13498_8414_10897_33312_10943_11552_14092_12054_11960_11280_11294_11295_11298_11307_11498_12879_13089_13506,schizophrenia,MONDO_grouped,1028,CDKN1C,NCBI,HGNC:1786,CDKN1C,cyclin dependent kinase inhibitor 1C,P49918
MONDO:0005090,schizophrenia,schizophrenia,5090_13498_8414_10897_33312_10943_11552_14092_12054_11960_11280_11294_11295_11298_11307_11498_12879_13089_13506,schizophrenia,MONDO_grouped,90273,CEACAM21,NCBI,HGNC:28834,CEACAM21,CEA cell adhesion molecule 21,Q3KPI0
MONDO:0005090,schizophrenia,schizophrenia,5090_13498_8414_10897_33312_10943_11552_14092_12054_11960_11280_11294_11295_11298_11307_11498_12879_13089_13506,schizophrenia,MONDO_grouped,10659,CELF2,NCBI,HGNC:2550,CELF2,CUGBP Elav-like family member 2,O95319
MONDO:0005090,schizophrenia,schizophrenia,5090_13498_8414_10897_33312_10943_11552_14092_12054_11960_11280_11294_11295_11298_11307_11498_12879_13089_13506,schizophrenia,MONDO_grouped,1068,CETN1,NCBI,HGNC:1866,CETN1,centrin 1,Q12798
MONDO:0005090,schizophrenia,schizophrenia,5090_13498_8414_10897_33312_10943_11552_14092_12054_11960_11280_11294_11295_11298_11307_11498_12879_13089_13506,schizophrenia,MONDO_grouped,255101,CFAP65,NCBI,HGNC:25325,CFAP65,cilia and flagella associated protein 65,Q6ZU64
MONDO:0005090,schizophrenia,schizophrenia,5090_13498_8414_10897_33312_10943_11552_14092_12054_11960_11280_11294_11295_11298_11307_11498_12879_13089_13506,schizophrenia,MONDO_grouped,84952,CGNL1,NCBI,HGNC:25931,CGNL1,cingulin like 1,Q0VF96
MONDO:0005090,schizophrenia,schizophrenia,5090_13498_8414_10897_33312_10943_11552_14092_12054_11960_11280_11294_11295_11298_11307_11498_12879_13089_13506,schizophrenia,MONDO_grouped,1103,CHAT,NCBI,HGNC:1912,CHAT,choline O-acetyltransferase,P28329
MONDO:0005090,schizophrenia,schizophrenia,5090_13498_8414_10897_33312_10943_11552_14092_12054_11960_11280_11294_11295_11298_11307_11498_12879_13089_13506,schizophrenia,MONDO_grouped,1108,CHD4,NCBI,HGNC:1919,CHD4,chromodomain helicase DNA binding protein 4,Q14839
MONDO:0005090,schizophrenia,schizophrenia,5090_13498_8414_10897_33312_10943_11552_14092_12054_11960_11280_11294_11295_11298_11307_11498_12879_13089_13506,schizophrenia,MONDO_grouped,1111,CHEK1,NCBI,HGNC:1925,CHEK1,checkpoint kinase 1,O14757
MONDO:0005090,schizophrenia,schizophrenia,5090_13498_8414_10897_33312_10943_11552_14092_12054_11960_11280_11294_11295_11298_11307_11498_12879_13089_13506,schizophrenia,MONDO_grouped,1113,CHGA,NCBI,HGNC:1929,CHGA,chromogranin A,P10645
MONDO:0005090,schizophrenia,schizophrenia,5090_13498_8414_10897_33312_10943_11552_14092_12054_11960_11280_11294_11295_11298_11307_11498_12879_13089_13506,schizophrenia,MONDO_grouped,1114,CHGB,NCBI,HGNC:1930,CHGB,chromogranin B,P05060
MONDO:0005090,schizophrenia,schizophrenia,5090_13498_8414_10897_33312_10943_11552_14092_12054_11960_11280_11294_11295_11298_11307_11498_12879_13089_13506,schizophrenia,MONDO_grouped,1116,CHI3L1,NCBI,HGNC:1932,CHI3L1,chitinase 3 like 1,P36222
MONDO:0005090,schizophrenia,schizophrenia,5090_13498_8414_10897_33312_10943_11552_14092_12054_11960_11280_11294_11295_11298_11307_11498_12879_13089_13506,schizophrenia,MONDO_grouped,10752,CHL1,NCBI,HGNC:1939,CHL1,cell adhesion molecule L1 like,O00533
MONDO:0005090,schizophrenia,schizophrenia,5090_13498_8414_10897_33312_10943_11552_14092_12054_11960_11280_11294_11295_11298_11307_11498_12879_13089_13506,schizophrenia,MONDO_grouped,89832,CHRFAM7A,NCBI,HGNC:15781,CHRFAM7A,CHRNA7 (exons 5-10) and FAM7A (exons A-E) fusion,Q494W8
MONDO:0005090,schizophrenia,schizophrenia,5090_13498_8414_10897_33312_10943_11552_14092_12054_11960_11280_11294_11295_11298_11307_11498_12879_13089_13506,schizophrenia,MONDO_grouped,1128,CHRM1,NCBI,HGNC:1950,CHRM1,cholinergic receptor muscarinic 1,P11229
MONDO:0005090,schizophrenia,schizophrenia,5090_13498_8414_10897_33312_10943_11552_14092_12054_11960_11280_11294_11295_11298_11307_11498_12879_13089_13506,schizophrenia,MONDO_grouped,1129,CHRM2,NCBI,HGNC:1951,CHRM2,cholinergic receptor muscarinic 2,P08172
MONDO:0005090,schizophrenia,schizophrenia,5090_13498_8414_10897_33312_10943_11552_14092_12054_11960_11280_11294_11295_11298_11307_11498_12879_13089_13506,schizophrenia,MONDO_grouped,1132,CHRM4,NCBI,HGNC:1953,CHRM4,cholinergic receptor muscarinic 4,P08173
MONDO:0005090,schizophrenia,schizophrenia,5090_13498_8414_10897_33312_10943_11552_14092_12054_11960_11280_11294_11295_11298_11307_11498_12879_13089_13506,schizophrenia,MONDO_grouped,1133,CHRM5,NCBI,HGNC:1954,CHRM5,cholinergic receptor muscarinic 5,P08912
MONDO:0005090,schizophrenia,schizophrenia,5090_13498_8414_10897_33312_10943_11552_14092_12054_11960_11280_11294_11295_11298_11307_11498_12879_13089_13506,schizophrenia,MONDO_grouped,1136,CHRNA3,NCBI,HGNC:1957,CHRNA3,cholinergic receptor nicotinic alpha 3 subunit,P32297
MONDO:0005090,schizophrenia,schizophrenia,5090_13498_8414_10897_33312_10943_11552_14092_12054_11960_11280_11294_11295_11298_11307_11498_12879_13089_13506,schizophrenia,MONDO_grouped,1137,CHRNA4,NCBI,HGNC:1958,CHRNA4,cholinergic receptor nicotinic alpha 4 subunit,P43681
MONDO:0005090,schizophrenia,schizophrenia,5090_13498_8414_10897_33312_10943_11552_14092_12054_11960_11280_11294_11295_11298_11307_11498_12879_13089_13506,schizophrenia,MONDO_grouped,1138,CHRNA5,NCBI,HGNC:1959,CHRNA5,cholinergic receptor nicotinic alpha 5 subunit,P30532
MONDO:0005090,schizophrenia,schizophrenia,5090_13498_8414_10897_33312_10943_11552_14092_12054_11960_11280_11294_11295_11298_11307_11498_12879_13089_13506,schizophrenia,MONDO_grouped,1139,CHRNA7,NCBI,HGNC:1960,CHRNA7,cholinergic receptor nicotinic alpha 7 subunit,P36544
MONDO:0005090,schizophrenia,schizophrenia,5090_13498_8414_10897_33312_10943_11552_14092_12054_11960_11280_11294_11295_11298_11307_11498_12879_13089_13506,schizophrenia,MONDO_grouped,1141,CHRNB2,NCBI,HGNC:1962,CHRNB2,cholinergic receptor nicotinic beta 2 subunit,P17787
MONDO:0005090,schizophrenia,schizophrenia,5090_13498_8414_10897_33312_10943_11552_14092_12054_11960_11280_11294_11295_11298_11307_11498_12879_13089_13506,schizophrenia,MONDO_grouped,1152,CKB,NCBI,HGNC:1991,CKB,creatine kinase B,P12277
MONDO:0005090,schizophrenia,schizophrenia,5090_13498_8414_10897_33312_10943_11552_14092_12054_11960_11280_11294_11295_11298_11307_11498_12879_13089_13506,schizophrenia,MONDO_grouped,7122,CLDN5,NCBI,HGNC:2047,CLDN5,claudin 5,O00501
MONDO:0005090,schizophrenia,schizophrenia,5090_13498_8414_10897_33312_10943_11552_14092_12054_11960_11280_11294_11295_11298_11307_11498_12879_13089_13506,schizophrenia,MONDO_grouped,9575,CLOCK,NCBI,HGNC:2082,CLOCK,clock circadian regulator,O15516
MONDO:0005090,schizophrenia,schizophrenia,5090_13498_8414_10897_33312_10943_11552_14092_12054_11960_11280_11294_11295_11298_11307_11498_12879_13089_13506,schizophrenia,MONDO_grouped,1191,CLU,NCBI,HGNC:2095,CLU,clusterin,P10909
MONDO:0005090,schizophrenia,schizophrenia,5090_13498_8414_10897_33312_10943_11552_14092_12054_11960_11280_11294_11295_11298_11307_11498_12879_13089_13506,schizophrenia,MONDO_grouped,134829,CLVS2,NCBI,HGNC:23046,CLVS2,clavesin 2,Q5SYC1
MONDO:0005090,schizophrenia,schizophrenia,5090_13498_8414_10897_33312_10943_11552_14092_12054_11960_11280_11294_11295_11298_11307_11498_12879_13089_13506,schizophrenia,MONDO_grouped,202333,CMYA5,NCBI,HGNC:14305,CMYA5,cardiomyopathy associated 5,Q8N3K9
MONDO:0005090,schizophrenia,schizophrenia,5090_13498_8414_10897_33312_10943_11552_14092_12054_11960_11280_11294_11295_11298_11307_11498_12879_13089_13506,schizophrenia,MONDO_grouped,149111,CNIH3,NCBI,HGNC:26802,CNIH3,cornichon family AMPA receptor auxiliary protein 3,Q8TBE1
MONDO:0005090,schizophrenia,schizophrenia,5090_13498_8414_10897_33312_10943_11552_14092_12054_11960_11280_11294_11295_11298_11307_11498_12879_13089_13506,schizophrenia,MONDO_grouped,54805,CNNM2,NCBI,HGNC:103,CNNM2,cyclin and CBS domain divalent metal cation transport mediator 2,Q9H8M5
MONDO:0005090,schizophrenia,schizophrenia,5090_13498_8414_10897_33312_10943_11552_14092_12054_11960_11280_11294_11295_11298_11307_11498_12879_13089_13506,schizophrenia,MONDO_grouped,1267,CNP,NCBI,HGNC:2158,CNP,"2',3'-cyclic nucleotide 3' phosphodiesterase",P09543
MONDO:0005090,schizophrenia,schizophrenia,5090_13498_8414_10897_33312_10943_11552_14092_12054_11960_11280_11294_11295_11298_11307_11498_12879_13089_13506,schizophrenia,MONDO_grouped,27013,CNPPD1,NCBI,HGNC:25220,CNPPD1,cyclin Pas1/PHO80 domain containing 1,Q9BV87
MONDO:0005090,schizophrenia,schizophrenia,5090_13498_8414_10897_33312_10943_11552_14092_12054_11960_11280_11294_11295_11298_11307_11498_12879_13089_13506,schizophrenia,MONDO_grouped,1268,CNR1,NCBI,HGNC:2159,CNR1,cannabinoid receptor 1,P21554
MONDO:0005090,schizophrenia,schizophrenia,5090_13498_8414_10897_33312_10943_11552_14092_12054_11960_11280_11294_11295_11298_11307_11498_12879_13089_13506,schizophrenia,MONDO_grouped,1269,CNR2,NCBI,HGNC:2160,CNR2,cannabinoid receptor 2,P34972
MONDO:0005090,schizophrenia,schizophrenia,5090_13498_8414_10897_33312_10943_11552_14092_12054_11960_11280_11294_11295_11298_11307_11498_12879_13089_13506,schizophrenia,MONDO_grouped,1270,CNTF,NCBI,HGNC:2169,CNTF,ciliary neurotrophic factor,P26441
MONDO:0005090,schizophrenia,schizophrenia,5090_13498_8414_10897_33312_10943_11552_14092_12054_11960_11280_11294_11295_11298_11307_11498_12879_13089_13506,schizophrenia,MONDO_grouped,26047,CNTNAP2,NCBI,HGNC:13830,CNTNAP2,contactin associated protein 2,Q9UHC6
MONDO:0005090,schizophrenia,schizophrenia,5090_13498_8414_10897_33312_10943_11552_14092_12054_11960_11280_11294_11295_11298_11307_11498_12879_13089_13506,schizophrenia,MONDO_grouped,1281,COL3A1,NCBI,HGNC:2201,COL3A1,collagen type III alpha 1 chain,P02461
MONDO:0005090,schizophrenia,schizophrenia,5090_13498_8414_10897_33312_10943_11552_14092_12054_11960_11280_11294_11295_11298_11307_11498_12879_13089_13506,schizophrenia,MONDO_grouped,1312,COMT,NCBI,HGNC:2228,COMT,catechol-O-methyltransferase,P21964
MONDO:0005090,schizophrenia,schizophrenia,5090_13498_8414_10897_33312_10943_11552_14092_12054_11960_11280_11294_11295_11298_11307_11498_12879_13089_13506,schizophrenia,MONDO_grouped,1356,CP,NCBI,HGNC:2295,CP,ceruloplasmin,P00450
MONDO:0005090,schizophrenia,schizophrenia,5090_13498_8414_10897_33312_10943_11552_14092_12054_11960_11280_11294_11295_11298_11307_11498_12879_13089_13506,schizophrenia,MONDO_grouped,10815,CPLX1,NCBI,HGNC:2309,CPLX1,complexin 1,O14810
MONDO:0005090,schizophrenia,schizophrenia,5090_13498_8414_10897_33312_10943_11552_14092_12054_11960_11280_11294_11295_11298_11307_11498_12879_13089_13506,schizophrenia,MONDO_grouped,10814,CPLX2,NCBI,HGNC:2310,CPLX2,complexin 2,Q6PUV4
MONDO:0005090,schizophrenia,schizophrenia,5090_13498_8414_10897_33312_10943_11552_14092_12054_11960_11280_11294_11295_11298_11307_11498_12879_13089_13506,schizophrenia,MONDO_grouped,1385,CREB1,NCBI,HGNC:2345,CREB1,cAMP responsive element binding protein 1,P16220
MONDO:0005090,schizophrenia,schizophrenia,5090_13498_8414_10897_33312_10943_11552_14092_12054_11960_11280_11294_11295_11298_11307_11498_12879_13089_13506,schizophrenia,MONDO_grouped,1392,CRH,NCBI,HGNC:2355,CRH,corticotropin releasing hormone,P06850
MONDO:0005090,schizophrenia,schizophrenia,5090_13498_8414_10897_33312_10943_11552_14092_12054_11960_11280_11294_11295_11298_11307_11498_12879_13089_13506,schizophrenia,MONDO_grouped,1400,CRMP1,NCBI,HGNC:2365,CRMP1,collapsin response mediator protein 1,Q14194
MONDO:0005090,schizophrenia,schizophrenia,5090_13498_8414_10897_33312_10943_11552_14092_12054_11960_11280_11294_11295_11298_11307_11498_12879_13089_13506,schizophrenia,MONDO_grouped,1401,CRP,NCBI,HGNC:2367,CRP,C-reactive protein,P02741
MONDO:0005090,schizophrenia,schizophrenia,5090_13498_8414_10897_33312_10943_11552_14092_12054_11960_11280_11294_11295_11298_11307_11498_12879_13089_13506,schizophrenia,MONDO_grouped,1437,CSF2,NCBI,HGNC:2434,CSF2,colony stimulating factor 2,P04141
MONDO:0005090,schizophrenia,schizophrenia,5090_13498_8414_10897_33312_10943_11552_14092_12054_11960_11280_11294_11295_11298_11307_11498_12879_13089_13506,schizophrenia,MONDO_grouped,1438,CSF2RA,NCBI,HGNC:2435,CSF2RA,colony stimulating factor 2 receptor subunit alpha,P15509
MONDO:0005090,schizophrenia,schizophrenia,5090_13498_8414_10897_33312_10943_11552_14092_12054_11960_11280_11294_11295_11298_11307_11498_12879_13089_13506,schizophrenia,MONDO_grouped,1439,CSF2RB,NCBI,HGNC:2436,CSF2RB,colony stimulating factor 2 receptor subunit beta,P32927
MONDO:0005090,schizophrenia,schizophrenia,5090_13498_8414_10897_33312_10943_11552_14092_12054_11960_11280_11294_11295_11298_11307_11498_12879_13089_13506,schizophrenia,MONDO_grouped,64478,CSMD1,NCBI,HGNC:14026,CSMD1,CUB and Sushi multiple domains 1,Q96PZ7
MONDO:0005090,schizophrenia,schizophrenia,5090_13498_8414_10897_33312_10943_11552_14092_12054_11960_11280_11294_11295_11298_11307_11498_12879_13089_13506,schizophrenia,MONDO_grouped,114784,CSMD2,NCBI,HGNC:19290,CSMD2,CUB and Sushi multiple domains 2,Q7Z408
MONDO:0005090,schizophrenia,schizophrenia,5090_13498_8414_10897_33312_10943_11552_14092_12054_11960_11280_11294_11295_11298_11307_11498_12879_13089_13506,schizophrenia,MONDO_grouped,1454,CSNK1E,NCBI,HGNC:2453,CSNK1E,casein kinase 1 epsilon,P49674
MONDO:0005090,schizophrenia,schizophrenia,5090_13498_8414_10897_33312_10943_11552_14092_12054_11960_11280_11294_11295_11298_11307_11498_12879_13089_13506,schizophrenia,MONDO_grouped,10675,CSPG5,NCBI,HGNC:2467,CSPG5,chondroitin sulfate proteoglycan 5,O95196
MONDO:0005090,schizophrenia,schizophrenia,5090_13498_8414_10897_33312_10943_11552_14092_12054_11960_11280_11294_11295_11298_11307_11498_12879_13089_13506,schizophrenia,MONDO_grouped,10664,CTCF,NCBI,HGNC:13723,CTCF,CCCTC-binding factor,P49711
MONDO:0005090,schizophrenia,schizophrenia,5090_13498_8414_10897_33312_10943_11552_14092_12054_11960_11280_11294_11295_11298_11307_11498_12879_13089_13506,schizophrenia,MONDO_grouped,1493,CTLA4,NCBI,HGNC:2505,CTLA4,cytotoxic T-lymphocyte associated protein 4,P16410
MONDO:0005090,schizophrenia,schizophrenia,5090_13498_8414_10897_33312_10943_11552_14092_12054_11960_11280_11294_11295_11298_11307_11498_12879_13089_13506,schizophrenia,MONDO_grouped,1496,CTNNA2,NCBI,HGNC:2510,CTNNA2,catenin alpha 2,P26232
MONDO:0005090,schizophrenia,schizophrenia,5090_13498_8414_10897_33312_10943_11552_14092_12054_11960_11280_11294_11295_11298_11307_11498_12879_13089_13506,schizophrenia,MONDO_grouped,1499,CTNNB1,NCBI,HGNC:2514,CTNNB1,catenin beta 1,P35222
MONDO:0005090,schizophrenia,schizophrenia,5090_13498_8414_10897_33312_10943_11552_14092_12054_11960_11280_11294_11295_11298_11307_11498_12879_13089_13506,schizophrenia,MONDO_grouped,1501,CTNND2,NCBI,HGNC:2516,CTNND2,catenin delta 2,Q9UQB3
MONDO:0005090,schizophrenia,schizophrenia,5090_13498_8414_10897_33312_10943_11552_14092_12054_11960_11280_11294_11295_11298_11307_11498_12879_13089_13506,schizophrenia,MONDO_grouped,1506,CTRL,NCBI,HGNC:2524,CTRL,chymotrypsin like,P40313
MONDO:0005090,schizophrenia,schizophrenia,5090_13498_8414_10897_33312_10943_11552_14092_12054_11960_11280_11294_11295_11298_11307_11498_12879_13089_13506,schizophrenia,MONDO_grouped,1513,CTSK,NCBI,HGNC:2536,CTSK,cathepsin K,P43235
MONDO:0005090,schizophrenia,schizophrenia,5090_13498_8414_10897_33312_10943_11552_14092_12054_11960_11280_11294_11295_11298_11307_11498_12879_13089_13506,schizophrenia,MONDO_grouped,613212,CTXN3,NCBI,HGNC:31110,CTXN3,cortexin 3,Q4LDR2
MONDO:0005090,schizophrenia,schizophrenia,5090_13498_8414_10897_33312_10943_11552_14092_12054_11960_11280_11294_11295_11298_11307_11498_12879_13089_13506,schizophrenia,MONDO_grouped,23191,CYFIP1,NCBI,HGNC:13759,CYFIP1,cytoplasmic FMR1 interacting protein 1,Q7L576
MONDO:0005090,schizophrenia,schizophrenia,5090_13498_8414_10897_33312_10943_11552_14092_12054_11960_11280_11294_11295_11298_11307_11498_12879_13089_13506,schizophrenia,MONDO_grouped,1544,CYP1A2,NCBI,HGNC:2596,CYP1A2,cytochrome P450 family 1 subfamily A member 2,P05177
MONDO:0005090,schizophrenia,schizophrenia,5090_13498_8414_10897_33312_10943_11552_14092_12054_11960_11280_11294_11295_11298_11307_11498_12879_13089_13506,schizophrenia,MONDO_grouped,1565,CYP2D6,NCBI,HGNC:2625,CYP2D6,cytochrome P450 family 2 subfamily D member 6 (gene/pseudogene),P10635
MONDO:0005090,schizophrenia,schizophrenia,5090_13498_8414_10897_33312_10943_11552_14092_12054_11960_11280_11294_11295_11298_11307_11498_12879_13089_13506,schizophrenia,MONDO_grouped,1571,CYP2E1,NCBI,HGNC:2631,CYP2E1,cytochrome P450 family 2 subfamily E member 1,P05181
MONDO:0005090,schizophrenia,schizophrenia,5090_13498_8414_10897_33312_10943_11552_14092_12054_11960_11280_11294_11295_11298_11307_11498_12879_13089_13506,schizophrenia,MONDO_grouped,1576,CYP3A4,NCBI,HGNC:2637,CYP3A4,cytochrome P450 family 3 subfamily A member 4,P08684
MONDO:0005090,schizophrenia,schizophrenia,5090_13498_8414_10897_33312_10943_11552_14092_12054_11960_11280_11294_11295_11298_11307_11498_12879_13089_13506,schizophrenia,MONDO_grouped,1577,CYP3A5,NCBI,HGNC:2638,CYP3A5,cytochrome P450 family 3 subfamily A member 5,P20815
MONDO:0005090,schizophrenia,schizophrenia,5090_13498_8414_10897_33312_10943_11552_14092_12054_11960_11280_11294_11295_11298_11307_11498_12879_13089_13506,schizophrenia,MONDO_grouped,23500,DAAM2,NCBI,HGNC:18143,DAAM2,dishevelled associated activator of morphogenesis 2,Q86T65
MONDO:0005090,schizophrenia,schizophrenia,5090_13498_8414_10897_33312_10943_11552_14092_12054_11960_11280_11294_11295_11298_11307_11498_12879_13089_13506,schizophrenia,MONDO_grouped,1610,DAO,NCBI,HGNC:2671,DAO,D-amino acid oxidase,P14920
MONDO:0005090,schizophrenia,schizophrenia,5090_13498_8414_10897_33312_10943_11552_14092_12054_11960_11280_11294_11295_11298_11307_11498_12879_13089_13506,schizophrenia,MONDO_grouped,267012,DAOA,NCBI,HGNC:21191,DAOA,D-amino acid oxidase activator,P59103
MONDO:0005090,schizophrenia,schizophrenia,5090_13498_8414_10897_33312_10943_11552_14092_12054_11960_11280_11294_11295_11298_11307_11498_12879_13089_13506,schizophrenia,MONDO_grouped,26528,DAZAP1,NCBI,HGNC:2683,DAZAP1,DAZ associated protein 1,Q96EP5
MONDO:0005090,schizophrenia,schizophrenia,5090_13498_8414_10897_33312_10943_11552_14092_12054_11960_11280_11294_11295_11298_11307_11498_12879_13089_13506,schizophrenia,MONDO_grouped,1627,DBN1,NCBI,HGNC:2695,DBN1,drebrin 1,Q16643
MONDO:0005090,schizophrenia,schizophrenia,5090_13498_8414_10897_33312_10943_11552_14092_12054_11960_11280_11294_11295_11298_11307_11498_12879_13089_13506,schizophrenia,MONDO_grouped,1630,DCC,NCBI,HGNC:2701,DCC,DCC netrin 1 receptor,P43146
MONDO:0005090,schizophrenia,schizophrenia,5090_13498_8414_10897_33312_10943_11552_14092_12054_11960_11280_11294_11295_11298_11307_11498_12879_13089_13506,schizophrenia,MONDO_grouped,51473,DCDC2,NCBI,HGNC:18141,DCDC2,doublecortin domain containing 2,Q9UHG0
MONDO:0005090,schizophrenia,schizophrenia,5090_13498_8414_10897_33312_10943_11552_14092_12054_11960_11280_11294_11295_11298_11307_11498_12879_13089_13506,schizophrenia,MONDO_grouped,9201,DCLK1,NCBI,HGNC:2700,DCLK1,doublecortin like kinase 1,O15075
MONDO:0005090,schizophrenia,schizophrenia,5090_13498_8414_10897_33312_10943_11552_14092_12054_11960_11280_11294_11295_11298_11307_11498_12879_13089_13506,schizophrenia,MONDO_grouped,8528,DDO,NCBI,HGNC:2727,DDO,D-aspartate oxidase,Q99489
MONDO:0005090,schizophrenia,schizophrenia,5090_13498_8414_10897_33312_10943_11552_14092_12054_11960_11280_11294_11295_11298_11307_11498_12879_13089_13506,schizophrenia,MONDO_grouped,780,DDR1,NCBI,HGNC:2730,DDR1,discoidin domain receptor tyrosine kinase 1,Q08345
MONDO:0005090,schizophrenia,schizophrenia,5090_13498_8414_10897_33312_10943_11552_14092_12054_11960_11280_11294_11295_11298_11307_11498_12879_13089_13506,schizophrenia,MONDO_grouped,9993,DGCR2,NCBI,HGNC:2845,DGCR2,DiGeorge syndrome critical region gene 2,P98153
MONDO:0005090,schizophrenia,schizophrenia,5090_13498_8414_10897_33312_10943_11552_14092_12054_11960_11280_11294_11295_11298_11307_11498_12879_13089_13506,schizophrenia,MONDO_grouped,8214,DGCR6,NCBI,HGNC:2846,DGCR6,DiGeorge syndrome critical region gene 6,Q14129
MONDO:0005090,schizophrenia,schizophrenia,5090_13498_8414_10897_33312_10943_11552_14092_12054_11960_11280_11294_11295_11298_11307_11498_12879_13089_13506,schizophrenia,MONDO_grouped,54487,DGCR8,NCBI,HGNC:2847,DGCR8,DGCR8 microprocessor complex subunit,Q8WYQ5
MONDO:0005090,schizophrenia,schizophrenia,5090_13498_8414_10897_33312_10943_11552_14092_12054_11960_11280_11294_11295_11298_11307_11498_12879_13089_13506,schizophrenia,MONDO_grouped,23405,DICER1,NCBI,HGNC:17098,DICER1,"dicer 1, ribonuclease III",Q9UPY3
MONDO:0005090,schizophrenia,schizophrenia,5090_13498_8414_10897_33312_10943_11552_14092_12054_11960_11280_11294_11295_11298_11307_11498_12879_13089_13506,schizophrenia,MONDO_grouped,1735,DIO3,NCBI,HGNC:2885,DIO3,iodothyronine deiodinase 3,P55073
MONDO:0005090,schizophrenia,schizophrenia,5090_13498_8414_10897_33312_10943_11552_14092_12054_11960_11280_11294_11295_11298_11307_11498_12879_13089_13506,schizophrenia,MONDO_grouped,27185,DISC1,NCBI,HGNC:2888,DISC1,DISC1 scaffold protein,Q9NRI5
MONDO:0005090,schizophrenia,schizophrenia,5090_13498_8414_10897_33312_10943_11552_14092_12054_11960_11280_11294_11295_11298_11307_11498_12879_13089_13506,schizophrenia,MONDO_grouped,85458,DIXDC1,NCBI,HGNC:23695,DIXDC1,DIX domain containing 1,Q155Q3
MONDO:0005090,schizophrenia,schizophrenia,5090_13498_8414_10897_33312_10943_11552_14092_12054_11960_11280_11294_11295_11298_11307_11498_12879_13089_13506,schizophrenia,MONDO_grouped,27122,DKK3,NCBI,HGNC:2893,DKK3,dickkopf Wnt signaling pathway inhibitor 3,Q9UBP4
MONDO:0005090,schizophrenia,schizophrenia,5090_13498_8414_10897_33312_10943_11552_14092_12054_11960_11280_11294_11295_11298_11307_11498_12879_13089_13506,schizophrenia,MONDO_grouped,27121,DKK4,NCBI,HGNC:2894,DKK4,dickkopf Wnt signaling pathway inhibitor 4,Q9UBT3
MONDO:0005090,schizophrenia,schizophrenia,5090_13498_8414_10897_33312_10943_11552_14092_12054_11960_11280_11294_11295_11298_11307_11498_12879_13089_13506,schizophrenia,MONDO_grouped,1739,DLG1,NCBI,HGNC:2900,DLG1,discs large MAGUK scaffold protein 1,Q12959
MONDO:0005090,schizophrenia,schizophrenia,5090_13498_8414_10897_33312_10943_11552_14092_12054_11960_11280_11294_11295_11298_11307_11498_12879_13089_13506,schizophrenia,MONDO_grouped,1740,DLG2,NCBI,HGNC:2901,DLG2,discs large MAGUK scaffold protein 2,Q15700
MONDO:0005090,schizophrenia,schizophrenia,5090_13498_8414_10897_33312_10943_11552_14092_12054_11960_11280_11294_11295_11298_11307_11498_12879_13089_13506,schizophrenia,MONDO_grouped,1741,DLG3,NCBI,HGNC:2902,DLG3,discs large MAGUK scaffold protein 3,Q92796
MONDO:0005090,schizophrenia,schizophrenia,5090_13498_8414_10897_33312_10943_11552_14092_12054_11960_11280_11294_11295_11298_11307_11498_12879_13089_13506,schizophrenia,MONDO_grouped,1742,DLG4,NCBI,HGNC:2903,DLG4,discs large MAGUK scaffold protein 4,P78352
MONDO:0005090,schizophrenia,schizophrenia,5090_13498_8414_10897_33312_10943_11552_14092_12054_11960_11280_11294_11295_11298_11307_11498_12879_13089_13506,schizophrenia,MONDO_grouped,9229,DLGAP1,NCBI,HGNC:2905,DLGAP1,DLG associated protein 1,O14490
MONDO:0005090,schizophrenia,schizophrenia,5090_13498_8414_10897_33312_10943_11552_14092_12054_11960_11280_11294_11295_11298_11307_11498_12879_13089_13506,schizophrenia,MONDO_grouped,9228,DLGAP2,NCBI,HGNC:2906,DLGAP2,DLG associated protein 2,Q9P1A6
MONDO:0005090,schizophrenia,schizophrenia,5090_13498_8414_10897_33312_10943_11552_14092_12054_11960_11280_11294_11295_11298_11307_11498_12879_13089_13506,schizophrenia,MONDO_grouped,1745,DLX1,NCBI,HGNC:2914,DLX1,distal-less homeobox 1,P56177
MONDO:0005090,schizophrenia,schizophrenia,5090_13498_8414_10897_33312_10943_11552_14092_12054_11960_11280_11294_11295_11298_11307_11498_12879_13089_13506,schizophrenia,MONDO_grouped,1759,DNM1,NCBI,HGNC:2972,DNM1,dynamin 1,Q05193
MONDO:0005090,schizophrenia,schizophrenia,5090_13498_8414_10897_33312_10943_11552_14092_12054_11960_11280_11294_11295_11298_11307_11498_12879_13089_13506,schizophrenia,MONDO_grouped,1786,DNMT1,NCBI,HGNC:2976,DNMT1,DNA methyltransferase 1,P26358
MONDO:0005090,schizophrenia,schizophrenia,5090_13498_8414_10897_33312_10943_11552_14092_12054_11960_11280_11294_11295_11298_11307_11498_12879_13089_13506,schizophrenia,MONDO_grouped,1789,DNMT3B,NCBI,HGNC:2979,DNMT3B,DNA methyltransferase 3 beta,Q9UBC3
MONDO:0005090,schizophrenia,schizophrenia,5090_13498_8414_10897_33312_10943_11552_14092_12054_11960_11280_11294_11295_11298_11307_11498_12879_13089_13506,schizophrenia,MONDO_grouped,29947,DNMT3L,NCBI,HGNC:2980,DNMT3L,DNA methyltransferase 3 like,Q9UJW3
MONDO:0005090,schizophrenia,schizophrenia,5090_13498_8414_10897_33312_10943_11552_14092_12054_11960_11280_11294_11295_11298_11307_11498_12879_13089_13506,schizophrenia,MONDO_grouped,9732,DOCK4,NCBI,HGNC:19192,DOCK4,dedicator of cytokinesis 4,Q8N1I0
MONDO:0005090,schizophrenia,schizophrenia,5090_13498_8414_10897_33312_10943_11552_14092_12054_11960_11280_11294_11295_11298_11307_11498_12879_13089_13506,schizophrenia,MONDO_grouped,1806,DPYD,NCBI,HGNC:3012,DPYD,dihydropyrimidine dehydrogenase,Q12882
MONDO:0005090,schizophrenia,schizophrenia,5090_13498_8414_10897_33312_10943_11552_14092_12054_11960_11280_11294_11295_11298_11307_11498_12879_13089_13506,schizophrenia,MONDO_grouped,1812,DRD1,NCBI,HGNC:3020,DRD1,dopamine receptor D1,P21728
MONDO:0005090,schizophrenia,schizophrenia,5090_13498_8414_10897_33312_10943_11552_14092_12054_11960_11280_11294_11295_11298_11307_11498_12879_13089_13506,schizophrenia,MONDO_grouped,1813,DRD2,NCBI,HGNC:3023,DRD2,dopamine receptor D2,P14416
MONDO:0005090,schizophrenia,schizophrenia,5090_13498_8414_10897_33312_10943_11552_14092_12054_11960_11280_11294_11295_11298_11307_11498_12879_13089_13506,schizophrenia,MONDO_grouped,1814,DRD3,NCBI,HGNC:3024,DRD3,dopamine receptor D3,P35462
MONDO:0005090,schizophrenia,schizophrenia,5090_13498_8414_10897_33312_10943_11552_14092_12054_11960_11280_11294_11295_11298_11307_11498_12879_13089_13506,schizophrenia,MONDO_grouped,1815,DRD4,NCBI,HGNC:3025,DRD4,dopamine receptor D4,P21917
MONDO:0005090,schizophrenia,schizophrenia,5090_13498_8414_10897_33312_10943_11552_14092_12054_11960_11280_11294_11295_11298_11307_11498_12879_13089_13506,schizophrenia,MONDO_grouped,1816,DRD5,NCBI,HGNC:3026,DRD5,dopamine receptor D5,P21918
MONDO:0005090,schizophrenia,schizophrenia,5090_13498_8414_10897_33312_10943_11552_14092_12054_11960_11280_11294_11295_11298_11307_11498_12879_13089_13506,schizophrenia,MONDO_grouped,84062,DTNBP1,NCBI,HGNC:17328,DTNBP1,dystrobrevin binding protein 1,Q96EV8
MONDO:0005090,schizophrenia,schizophrenia,5090_13498_8414_10897_33312_10943_11552_14092_12054_11960_11280_11294_11295_11298_11307_11498_12879_13089_13506,schizophrenia,MONDO_grouped,54808,DYM,NCBI,HGNC:21317,DYM,dymeclin,Q7RTS9
MONDO:0005090,schizophrenia,schizophrenia,5090_13498_8414_10897_33312_10943_11552_14092_12054_11960_11280_11294_11295_11298_11307_11498_12879_13089_13506,schizophrenia,MONDO_grouped,55741,EDEM2,NCBI,HGNC:15877,EDEM2,ER degradation enhancing alpha-mannosidase like protein 2,Q9BV94
MONDO:0005090,schizophrenia,schizophrenia,5090_13498_8414_10897_33312_10943_11552_14092_12054_11960_11280_11294_11295_11298_11307_11498_12879_13089_13506,schizophrenia,MONDO_grouped,90141,EFCAB11,NCBI,HGNC:20357,EFCAB11,EF-hand calcium binding domain 11,Q9BUY7
MONDO:0005090,schizophrenia,schizophrenia,5090_13498_8414_10897_33312_10943_11552_14092_12054_11960_11280_11294_11295_11298_11307_11498_12879_13089_13506,schizophrenia,MONDO_grouped,1948,EFNB2,NCBI,HGNC:3227,EFNB2,ephrin B2,P52799
MONDO:0005090,schizophrenia,schizophrenia,5090_13498_8414_10897_33312_10943_11552_14092_12054_11960_11280_11294_11295_11298_11307_11498_12879_13089_13506,schizophrenia,MONDO_grouped,1959,EGR2,NCBI,HGNC:3239,EGR2,early growth response 2,P11161
MONDO:0005090,schizophrenia,schizophrenia,5090_13498_8414_10897_33312_10943_11552_14092_12054_11960_11280_11294_11295_11298_11307_11498_12879_13089_13506,schizophrenia,MONDO_grouped,1960,EGR3,NCBI,HGNC:3240,EGR3,early growth response 3,Q06889
MONDO:0005090,schizophrenia,schizophrenia,5090_13498_8414_10897_33312_10943_11552_14092_12054_11960_11280_11294_11295_11298_11307_11498_12879_13089_13506,schizophrenia,MONDO_grouped,1961,EGR4,NCBI,HGNC:3241,EGR4,early growth response 4,Q05215
MONDO:0005090,schizophrenia,schizophrenia,5090_13498_8414_10897_33312_10943_11552_14092_12054_11960_11280_11294_11295_11298_11307_11498_12879_13089_13506,schizophrenia,MONDO_grouped,1965,EIF2S1,NCBI,HGNC:3265,EIF2S1,eukaryotic translation initiation factor 2 subunit alpha,P05198
MONDO:0005090,schizophrenia,schizophrenia,5090_13498_8414_10897_33312_10943_11552_14092_12054_11960_11280_11294_11295_11298_11307_11498_12879_13089_13506,schizophrenia,MONDO_grouped,1983,EIF5,NCBI,HGNC:3299,EIF5,eukaryotic translation initiation factor 5,P55010
MONDO:0005090,schizophrenia,schizophrenia,5090_13498_8414_10897_33312_10943_11552_14092_12054_11960_11280_11294_11295_11298_11307_11498_12879_13089_13506,schizophrenia,MONDO_grouped,1993,ELAVL2,NCBI,HGNC:3313,ELAVL2,ELAV like RNA binding protein 2,Q12926
MONDO:0005090,schizophrenia,schizophrenia,5090_13498_8414_10897_33312_10943_11552_14092_12054_11960_11280_11294_11295_11298_11307_11498_12879_13089_13506,schizophrenia,MONDO_grouped,161436,EML5,NCBI,HGNC:18197,EML5,EMAP like 5,Q05BV3
MONDO:0005090,schizophrenia,schizophrenia,5090_13498_8414_10897_33312_10943_11552_14092_12054_11960_11280_11294_11295_11298_11307_11498_12879_13089_13506,schizophrenia,MONDO_grouped,2018,EMX2,NCBI,HGNC:3341,EMX2,empty spiracles homeobox 2,Q04743
MONDO:0005090,schizophrenia,schizophrenia,5090_13498_8414_10897_33312_10943_11552_14092_12054_11960_11280_11294_11295_11298_11307_11498_12879_13089_13506,schizophrenia,MONDO_grouped,2019,EN1,NCBI,HGNC:3342,EN1,engrailed homeobox 1,Q05925
MONDO:0005090,schizophrenia,schizophrenia,5090_13498_8414_10897_33312_10943_11552_14092_12054_11960_11280_11294_11295_11298_11307_11498_12879_13089_13506,schizophrenia,MONDO_grouped,2020,EN2,NCBI,HGNC:3343,EN2,engrailed homeobox 2,P19622
MONDO:0005090,schizophrenia,schizophrenia,5090_13498_8414_10897_33312_10943_11552_14092_12054_11960_11280_11294_11295_11298_11307_11498_12879_13089_13506,schizophrenia,MONDO_grouped,2026,ENO2,NCBI,HGNC:3353,ENO2,enolase 2,P09104
MONDO:0005090,schizophrenia,schizophrenia,5090_13498_8414_10897_33312_10943_11552_14092_12054_11960_11280_11294_11295_11298_11307_11498_12879_13089_13506,schizophrenia,MONDO_grouped,2053,EPHX2,NCBI,HGNC:3402,EPHX2,epoxide hydrolase 2,P34913
MONDO:0005090,schizophrenia,schizophrenia,5090_13498_8414_10897_33312_10943_11552_14092_12054_11960_11280_11294_11295_11298_11307_11498_12879_13089_13506,schizophrenia,MONDO_grouped,2065,ERBB3,NCBI,HGNC:3431,ERBB3,erb-b2 receptor tyrosine kinase 3,P21860
MONDO:0005090,schizophrenia,schizophrenia,5090_13498_8414_10897_33312_10943_11552_14092_12054_11960_11280_11294_11295_11298_11307_11498_12879_13089_13506,schizophrenia,MONDO_grouped,2066,ERBB4,NCBI,HGNC:3432,ERBB4,erb-b2 receptor tyrosine kinase 4,Q15303
MONDO:0005090,schizophrenia,schizophrenia,5090_13498_8414_10897_33312_10943_11552_14092_12054_11960_11280_11294_11295_11298_11307_11498_12879_13089_13506,schizophrenia,MONDO_grouped,30816,ERVW-1,NCBI,HGNC:13525,ERVW-1,"endogenous retrovirus group W member 1, envelope",Q9UQF0
MONDO:0005090,schizophrenia,schizophrenia,5090_13498_8414_10897_33312_10943_11552_14092_12054_11960_11280_11294_11295_11298_11307_11498_12879_13089_13506,schizophrenia,MONDO_grouped,90952,ESAM,NCBI,HGNC:17474,ESAM,endothelial cell adhesion molecule,Q96AP7
MONDO:0005090,schizophrenia,schizophrenia,5090_13498_8414_10897_33312_10943_11552_14092_12054_11960_11280_11294_11295_11298_11307_11498_12879_13089_13506,schizophrenia,MONDO_grouped,2099,ESR1,NCBI,HGNC:3467,ESR1,estrogen receptor 1,P03372
MONDO:0005090,schizophrenia,schizophrenia,5090_13498_8414_10897_33312_10943_11552_14092_12054_11960_11280_11294_11295_11298_11307_11498_12879_13089_13506,schizophrenia,MONDO_grouped,2100,ESR2,NCBI,HGNC:3468,ESR2,estrogen receptor 2,Q92731
MONDO:0005090,schizophrenia,schizophrenia,5090_13498_8414_10897_33312_10943_11552_14092_12054_11960_11280_11294_11295_11298_11307_11498_12879_13089_13506,schizophrenia,MONDO_grouped,8220,ESS2,NCBI,HGNC:16817,ESS2,ess-2 spliceosome associated protein,Q96DF8
MONDO:0005090,schizophrenia,schizophrenia,5090_13498_8414_10897_33312_10943_11552_14092_12054_11960_11280_11294_11295_11298_11307_11498_12879_13089_13506,schizophrenia,MONDO_grouped,64850,ETNPPL,NCBI,HGNC:14404,ETNPPL,ethanolamine-phosphate phospho-lyase,Q8TBG4
MONDO:0005090,schizophrenia,schizophrenia,5090_13498_8414_10897_33312_10943_11552_14092_12054_11960_11280_11294_11295_11298_11307_11498_12879_13089_13506,schizophrenia,MONDO_grouped,2147,F2,NCBI,HGNC:3535,F2,"coagulation factor II, thrombin",P00734
MONDO:0005090,schizophrenia,schizophrenia,5090_13498_8414_10897_33312_10943_11552_14092_12054_11960_11280_11294_11295_11298_11307_11498_12879_13089_13506,schizophrenia,MONDO_grouped,2171,FABP5,NCBI,HGNC:3560,FABP5,fatty acid binding protein 5,Q01469
MONDO:0005090,schizophrenia,schizophrenia,5090_13498_8414_10897_33312_10943_11552_14092_12054_11960_11280_11294_11295_11298_11307_11498_12879_13089_13506,schizophrenia,MONDO_grouped,2173,FABP7,NCBI,HGNC:3562,FABP7,fatty acid binding protein 7,O15540
MONDO:0005090,schizophrenia,schizophrenia,5090_13498_8414_10897_33312_10943_11552_14092_12054_11960_11280_11294_11295_11298_11307_11498_12879_13089_13506,schizophrenia,MONDO_grouped,9415,FADS2,NCBI,HGNC:3575,FADS2,fatty acid desaturase 2,O95864
MONDO:0005090,schizophrenia,schizophrenia,5090_13498_8414_10897_33312_10943_11552_14092_12054_11960_11280_11294_11295_11298_11307_11498_12879_13089_13506,schizophrenia,MONDO_grouped,131177,FAM3D,NCBI,HGNC:18665,FAM3D,FAM3 metabolism regulating signaling molecule D,Q96BQ1
MONDO:0005090,schizophrenia,schizophrenia,5090_13498_8414_10897_33312_10943_11552_14092_12054_11960_11280_11294_11295_11298_11307_11498_12879_13089_13506,schizophrenia,MONDO_grouped,355,FAS,NCBI,HGNC:11920,FAS,Fas cell surface death receptor,P25445
MONDO:0005090,schizophrenia,schizophrenia,5090_13498_8414_10897_33312_10943_11552_14092_12054_11960_11280_11294_11295_11298_11307_11498_12879_13089_13506,schizophrenia,MONDO_grouped,60493,FASTKD5,NCBI,HGNC:25790,FASTKD5,FASTK mitochondrial RNA regulator 5,Q7L8L6
MONDO:0005090,schizophrenia,schizophrenia,5090_13498_8414_10897_33312_10943_11552_14092_12054_11960_11280_11294_11295_11298_11307_11498_12879_13089_13506,schizophrenia,MONDO_grouped,2203,FBP1,NCBI,HGNC:3606,FBP1,fructose-bisphosphatase 1,P09467
MONDO:0005090,schizophrenia,schizophrenia,5090_13498_8414_10897_33312_10943_11552_14092_12054_11960_11280_11294_11295_11298_11307_11498_12879_13089_13506,schizophrenia,MONDO_grouped,200933,FBXO45,NCBI,HGNC:29148,FBXO45,F-box protein 45,P0C2W1
MONDO:0005090,schizophrenia,schizophrenia,5090_13498_8414_10897_33312_10943_11552_14092_12054_11960_11280_11294_11295_11298_11307_11498_12879_13089_13506,schizophrenia,MONDO_grouped,9638,FEZ1,NCBI,HGNC:3659,FEZ1,fasciculation and elongation protein zeta 1,Q99689
MONDO:0005090,schizophrenia,schizophrenia,5090_13498_8414_10897_33312_10943_11552_14092_12054_11960_11280_11294_11295_11298_11307_11498_12879_13089_13506,schizophrenia,MONDO_grouped,2247,FGF2,NCBI,HGNC:3676,FGF2,fibroblast growth factor 2,P09038
MONDO:0005090,schizophrenia,schizophrenia,5090_13498_8414_10897_33312_10943_11552_14092_12054_11960_11280_11294_11295_11298_11307_11498_12879_13089_13506,schizophrenia,MONDO_grouped,2260,FGFR1,NCBI,HGNC:3688,FGFR1,fibroblast growth factor receptor 1,P11362
MONDO:0005090,schizophrenia,schizophrenia,5090_13498_8414_10897_33312_10943_11552_14092_12054_11960_11280_11294_11295_11298_11307_11498_12879_13089_13506,schizophrenia,MONDO_grouped,2263,FGFR2,NCBI,HGNC:3689,FGFR2,fibroblast growth factor receptor 2,P21802
MONDO:0005090,schizophrenia,schizophrenia,5090_13498_8414_10897_33312_10943_11552_14092_12054_11960_11280_11294_11295_11298_11307_11498_12879_13089_13506,schizophrenia,MONDO_grouped,2332,FMR1,NCBI,HGNC:3775,FMR1,fragile X messenger ribonucleoprotein 1,Q06787
MONDO:0005090,schizophrenia,schizophrenia,5090_13498_8414_10897_33312_10943_11552_14092_12054_11960_11280_11294_11295_11298_11307_11498_12879_13089_13506,schizophrenia,MONDO_grouped,2346,FOLH1,NCBI,HGNC:3788,FOLH1,folate hydrolase 1,Q04609
MONDO:0005090,schizophrenia,schizophrenia,5090_13498_8414_10897_33312_10943_11552_14092_12054_11960_11280_11294_11295_11298_11307_11498_12879_13089_13506,schizophrenia,MONDO_grouped,93986,FOXP2,NCBI,HGNC:13875,FOXP2,forkhead box P2,O15409
MONDO:0005090,schizophrenia,schizophrenia,5090_13498_8414_10897_33312_10943_11552_14092_12054_11960_11280_11294_11295_11298_11307_11498_12879_13089_13506,schizophrenia,MONDO_grouped,11167,FSTL1,NCBI,HGNC:3972,FSTL1,follistatin like 1,Q12841
MONDO:0005090,schizophrenia,schizophrenia,5090_13498_8414_10897_33312_10943_11552_14092_12054_11960_11280_11294_11295_11298_11307_11498_12879_13089_13506,schizophrenia,MONDO_grouped,2530,FUT8,NCBI,HGNC:4019,FUT8,fucosyltransferase 8,Q9BYC5
MONDO:0005090,schizophrenia,schizophrenia,5090_13498_8414_10897_33312_10943_11552_14092_12054_11960_11280_11294_11295_11298_11307_11498_12879_13089_13506,schizophrenia,MONDO_grouped,5348,FXYD1,NCBI,HGNC:4025,FXYD1,FXYD domain containing ion transport regulator 1,O00168
MONDO:0005090,schizophrenia,schizophrenia,5090_13498_8414_10897_33312_10943_11552_14092_12054_11960_11280_11294_11295_11298_11307_11498_12879_13089_13506,schizophrenia,MONDO_grouped,53826,FXYD6,NCBI,HGNC:4030,FXYD6,FXYD domain containing ion transport regulator 6,Q9H0Q3
MONDO:0005090,schizophrenia,schizophrenia,5090_13498_8414_10897_33312_10943_11552_14092_12054_11960_11280_11294_11295_11298_11307_11498_12879_13089_13506,schizophrenia,MONDO_grouped,2534,FYN,NCBI,HGNC:4037,FYN,"FYN proto-oncogene, Src family tyrosine kinase",P06241
MONDO:0005090,schizophrenia,schizophrenia,5090_13498_8414_10897_33312_10943_11552_14092_12054_11960_11280_11294_11295_11298_11307_11498_12879_13089_13506,schizophrenia,MONDO_grouped,7976,FZD3,NCBI,HGNC:4041,FZD3,frizzled class receptor 3,Q9NPG1
MONDO:0005090,schizophrenia,schizophrenia,5090_13498_8414_10897_33312_10943_11552_14092_12054_11960_11280_11294_11295_11298_11307_11498_12879_13089_13506,schizophrenia,MONDO_grouped,11337,GABARAP,NCBI,HGNC:4067,GABARAP,GABA type A receptor-associated protein,O95166
MONDO:0005090,schizophrenia,schizophrenia,5090_13498_8414_10897_33312_10943_11552_14092_12054_11960_11280_11294_11295_11298_11307_11498_12879_13089_13506,schizophrenia,MONDO_grouped,2550,GABBR1,NCBI,HGNC:4070,GABBR1,gamma-aminobutyric acid type B receptor subunit 1,Q9UBS5
MONDO:0005090,schizophrenia,schizophrenia,5090_13498_8414_10897_33312_10943_11552_14092_12054_11960_11280_11294_11295_11298_11307_11498_12879_13089_13506,schizophrenia,MONDO_grouped,2554,GABRA1,NCBI,HGNC:4075,GABRA1,gamma-aminobutyric acid type A receptor subunit alpha1,P14867
MONDO:0005090,schizophrenia,schizophrenia,5090_13498_8414_10897_33312_10943_11552_14092_12054_11960_11280_11294_11295_11298_11307_11498_12879_13089_13506,schizophrenia,MONDO_grouped,2557,GABRA4,NCBI,HGNC:4078,GABRA4,gamma-aminobutyric acid type A receptor subunit alpha4,P48169
MONDO:0005090,schizophrenia,schizophrenia,5090_13498_8414_10897_33312_10943_11552_14092_12054_11960_11280_11294_11295_11298_11307_11498_12879_13089_13506,schizophrenia,MONDO_grouped,2558,GABRA5,NCBI,HGNC:4079,GABRA5,gamma-aminobutyric acid type A receptor subunit alpha5,P31644
MONDO:0005090,schizophrenia,schizophrenia,5090_13498_8414_10897_33312_10943_11552_14092_12054_11960_11280_11294_11295_11298_11307_11498_12879_13089_13506,schizophrenia,MONDO_grouped,2559,GABRA6,NCBI,HGNC:4080,GABRA6,gamma-aminobutyric acid type A receptor subunit alpha6,Q16445
MONDO:0005090,schizophrenia,schizophrenia,5090_13498_8414_10897_33312_10943_11552_14092_12054_11960_11280_11294_11295_11298_11307_11498_12879_13089_13506,schizophrenia,MONDO_grouped,2560,GABRB1,NCBI,HGNC:4081,GABRB1,gamma-aminobutyric acid type A receptor subunit beta1,P18505
MONDO:0005090,schizophrenia,schizophrenia,5090_13498_8414_10897_33312_10943_11552_14092_12054_11960_11280_11294_11295_11298_11307_11498_12879_13089_13506,schizophrenia,MONDO_grouped,2561,GABRB2,NCBI,HGNC:4082,GABRB2,gamma-aminobutyric acid type A receptor subunit beta2,P47870
MONDO:0005090,schizophrenia,schizophrenia,5090_13498_8414_10897_33312_10943_11552_14092_12054_11960_11280_11294_11295_11298_11307_11498_12879_13089_13506,schizophrenia,MONDO_grouped,2562,GABRB3,NCBI,HGNC:4083,GABRB3,gamma-aminobutyric acid type A receptor subunit beta3,P28472
MONDO:0005090,schizophrenia,schizophrenia,5090_13498_8414_10897_33312_10943_11552_14092_12054_11960_11280_11294_11295_11298_11307_11498_12879_13089_13506,schizophrenia,MONDO_grouped,2563,GABRD,NCBI,HGNC:4084,GABRD,gamma-aminobutyric acid type A receptor subunit delta,O14764
MONDO:0005090,schizophrenia,schizophrenia,5090_13498_8414_10897_33312_10943_11552_14092_12054_11960_11280_11294_11295_11298_11307_11498_12879_13089_13506,schizophrenia,MONDO_grouped,2566,GABRG2,NCBI,HGNC:4087,GABRG2,gamma-aminobutyric acid type A receptor subunit gamma2,P18507
MONDO:0005090,schizophrenia,schizophrenia,5090_13498_8414_10897_33312_10943_11552_14092_12054_11960_11280_11294_11295_11298_11307_11498_12879_13089_13506,schizophrenia,MONDO_grouped,55879,GABRQ,NCBI,HGNC:14454,GABRQ,gamma-aminobutyric acid type A receptor subunit theta,Q9UN88
MONDO:0005090,schizophrenia,schizophrenia,5090_13498_8414_10897_33312_10943_11552_14092_12054_11960_11280_11294_11295_11298_11307_11498_12879_13089_13506,schizophrenia,MONDO_grouped,2569,GABRR1,NCBI,HGNC:4090,GABRR1,gamma-aminobutyric acid type A receptor subunit rho1,P24046
MONDO:0005090,schizophrenia,schizophrenia,5090_13498_8414_10897_33312_10943_11552_14092_12054_11960_11280_11294_11295_11298_11307_11498_12879_13089_13506,schizophrenia,MONDO_grouped,2571,GAD1,NCBI,HGNC:4092,GAD1,glutamate decarboxylase 1,Q99259
MONDO:0005090,schizophrenia,schizophrenia,5090_13498_8414_10897_33312_10943_11552_14092_12054_11960_11280_11294_11295_11298_11307_11498_12879_13089_13506,schizophrenia,MONDO_grouped,2572,GAD2,NCBI,HGNC:4093,GAD2,glutamate decarboxylase 2,Q05329
MONDO:0005090,schizophrenia,schizophrenia,5090_13498_8414_10897_33312_10943_11552_14092_12054_11960_11280_11294_11295_11298_11307_11498_12879_13089_13506,schizophrenia,MONDO_grouped,2596,GAP43,NCBI,HGNC:4140,GAP43,growth associated protein 43,P17677
MONDO:0005090,schizophrenia,schizophrenia,5090_13498_8414_10897_33312_10943_11552_14092_12054_11960_11280_11294_11295_11298_11307_11498_12879_13089_13506,schizophrenia,MONDO_grouped,2638,GC,NCBI,HGNC:4187,GC,GC vitamin D binding protein,P02774
MONDO:0005090,schizophrenia,schizophrenia,5090_13498_8414_10897_33312_10943_11552_14092_12054_11960_11280_11294_11295_11298_11307_11498_12879_13089_13506,schizophrenia,MONDO_grouped,2643,GCH1,NCBI,HGNC:4193,GCH1,GTP cyclohydrolase 1,P30793
MONDO:0005090,schizophrenia,schizophrenia,5090_13498_8414_10897_33312_10943_11552_14092_12054_11960_11280_11294_11295_11298_11307_11498_12879_13089_13506,schizophrenia,MONDO_grouped,2729,GCLC,NCBI,HGNC:4311,GCLC,glutamate-cysteine ligase catalytic subunit,P48506
MONDO:0005090,schizophrenia,schizophrenia,5090_13498_8414_10897_33312_10943_11552_14092_12054_11960_11280_11294_11295_11298_11307_11498_12879_13089_13506,schizophrenia,MONDO_grouped,2668,GDNF,NCBI,HGNC:4232,GDNF,glial cell derived neurotrophic factor,P39905
MONDO:0005090,schizophrenia,schizophrenia,5090_13498_8414_10897_33312_10943_11552_14092_12054_11960_11280_11294_11295_11298_11307_11498_12879_13089_13506,schizophrenia,MONDO_grouped,2670,GFAP,NCBI,HGNC:4235,GFAP,glial fibrillary acidic protein,P14136
MONDO:0005090,schizophrenia,schizophrenia,5090_13498_8414_10897_33312_10943_11552_14092_12054_11960_11280_11294_11295_11298_11307_11498_12879_13089_13506,schizophrenia,MONDO_grouped,2674,GFRA1,NCBI,HGNC:4243,GFRA1,GDNF family receptor alpha 1,P56159
MONDO:0005090,schizophrenia,schizophrenia,5090_13498_8414_10897_33312_10943_11552_14092_12054_11960_11280_11294_11295_11298_11307_11498_12879_13089_13506,schizophrenia,MONDO_grouped,2676,GFRA3,NCBI,HGNC:4245,GFRA3,GDNF family receptor alpha 3,O60609
MONDO:0005090,schizophrenia,schizophrenia,5090_13498_8414_10897_33312_10943_11552_14092_12054_11960_11280_11294_11295_11298_11307_11498_12879_13089_13506,schizophrenia,MONDO_grouped,2703,GJA8,NCBI,HGNC:4281,GJA8,gap junction protein alpha 8,P48165
MONDO:0005090,schizophrenia,schizophrenia,5090_13498_8414_10897_33312_10943_11552_14092_12054_11960_11280_11294_11295_11298_11307_11498_12879_13089_13506,schizophrenia,MONDO_grouped,2739,GLO1,NCBI,HGNC:4323,GLO1,glyoxalase I,Q04760
MONDO:0005090,schizophrenia,schizophrenia,5090_13498_8414_10897_33312_10943_11552_14092_12054_11960_11280_11294_11295_11298_11307_11498_12879_13089_13506,schizophrenia,MONDO_grouped,2752,GLUL,NCBI,HGNC:4341,GLUL,glutamate-ammonia ligase,P15104
MONDO:0005090,schizophrenia,schizophrenia,5090_13498_8414_10897_33312_10943_11552_14092_12054_11960_11280_11294_11295_11298_11307_11498_12879_13089_13506,schizophrenia,MONDO_grouped,2774,GNAL,NCBI,HGNC:4388,GNAL,G protein subunit alpha L,P38405
MONDO:0005090,schizophrenia,schizophrenia,5090_13498_8414_10897_33312_10943_11552_14092_12054_11960_11280_11294_11295_11298_11307_11498_12879_13089_13506,schizophrenia,MONDO_grouped,2775,GNAO1,NCBI,HGNC:4389,GNAO1,G protein subunit alpha o1,P09471
MONDO:0005090,schizophrenia,schizophrenia,5090_13498_8414_10897_33312_10943_11552_14092_12054_11960_11280_11294_11295_11298_11307_11498_12879_13089_13506,schizophrenia,MONDO_grouped,2778,GNAS,NCBI,HGNC:4392,GNAS,GNAS complex locus,O95467
MONDO:0005090,schizophrenia,schizophrenia,5090_13498_8414_10897_33312_10943_11552_14092_12054_11960_11280_11294_11295_11298_11307_11498_12879_13089_13506,schizophrenia,MONDO_grouped,2778,GNAS,NCBI,HGNC:4392,GNAS,GNAS complex locus,P63092
MONDO:0005090,schizophrenia,schizophrenia,5090_13498_8414_10897_33312_10943_11552_14092_12054_11960_11280_11294_11295_11298_11307_11498_12879_13089_13506,schizophrenia,MONDO_grouped,2778,GNAS,NCBI,HGNC:4392,GNAS,GNAS complex locus,P84996
MONDO:0005090,schizophrenia,schizophrenia,5090_13498_8414_10897_33312_10943_11552_14092_12054_11960_11280_11294_11295_11298_11307_11498_12879_13089_13506,schizophrenia,MONDO_grouped,2778,GNAS,NCBI,HGNC:4392,GNAS,GNAS complex locus,Q5JWF2
MONDO:0005090,schizophrenia,schizophrenia,5090_13498_8414_10897_33312_10943_11552_14092_12054_11960_11280_11294_11295_11298_11307_11498_12879_13089_13506,schizophrenia,MONDO_grouped,54584,GNB1L,NCBI,HGNC:4397,GNB1L,G protein subunit beta 1 like,Q9BYB4
MONDO:0005090,schizophrenia,schizophrenia,5090_13498_8414_10897_33312_10943_11552_14092_12054_11960_11280_11294_11295_11298_11307_11498_12879_13089_13506,schizophrenia,MONDO_grouped,2784,GNB3,NCBI,HGNC:4400,GNB3,G protein subunit beta 3,P16520
MONDO:0005090,schizophrenia,schizophrenia,5090_13498_8414_10897_33312_10943_11552_14092_12054_11960_11280_11294_11295_11298_11307_11498_12879_13089_13506,schizophrenia,MONDO_grouped,8443,GNPAT,NCBI,HGNC:4416,GNPAT,glyceronephosphate O-acyltransferase,O15228
MONDO:0005090,schizophrenia,schizophrenia,5090_13498_8414_10897_33312_10943_11552_14092_12054_11960_11280_11294_11295_11298_11307_11498_12879_13089_13506,schizophrenia,MONDO_grouped,2823,GPM6A,NCBI,HGNC:4460,GPM6A,glycoprotein M6A,P51674
MONDO:0005090,schizophrenia,schizophrenia,5090_13498_8414_10897_33312_10943_11552_14092_12054_11960_11280_11294_11295_11298_11307_11498_12879_13089_13506,schizophrenia,MONDO_grouped,387509,GPR153,NCBI,HGNC:23618,GPR153,G protein-coupled receptor 153,Q6NV75
MONDO:0005090,schizophrenia,schizophrenia,5090_13498_8414_10897_33312_10943_11552_14092_12054_11960_11280_11294_11295_11298_11307_11498_12879_13089_13506,schizophrenia,MONDO_grouped,9248,GPR50,NCBI,HGNC:4506,GPR50,G protein-coupled receptor 50,Q13585
MONDO:0005090,schizophrenia,schizophrenia,5090_13498_8414_10897_33312_10943_11552_14092_12054_11960_11280_11294_11295_11298_11307_11498_12879_13089_13506,schizophrenia,MONDO_grouped,27201,GPR78,NCBI,HGNC:4528,GPR78,G protein-coupled receptor 78,Q96P69
MONDO:0005090,schizophrenia,schizophrenia,5090_13498_8414_10897_33312_10943_11552_14092_12054_11960_11280_11294_11295_11298_11307_11498_12879_13089_13506,schizophrenia,MONDO_grouped,2873,GPS1,NCBI,HGNC:4549,GPS1,G protein pathway suppressor 1,Q13098
MONDO:0005090,schizophrenia,schizophrenia,5090_13498_8414_10897_33312_10943_11552_14092_12054_11960_11280_11294_11295_11298_11307_11498_12879_13089_13506,schizophrenia,MONDO_grouped,2887,GRB10,NCBI,HGNC:4564,GRB10,growth factor receptor bound protein 10,Q13322
MONDO:0005090,schizophrenia,schizophrenia,5090_13498_8414_10897_33312_10943_11552_14092_12054_11960_11280_11294_11295_11298_11307_11498_12879_13089_13506,schizophrenia,MONDO_grouped,2885,GRB2,NCBI,HGNC:4566,GRB2,growth factor receptor bound protein 2,P62993
MONDO:0005090,schizophrenia,schizophrenia,5090_13498_8414_10897_33312_10943_11552_14092_12054_11960_11280_11294_11295_11298_11307_11498_12879_13089_13506,schizophrenia,MONDO_grouped,2890,GRIA1,NCBI,HGNC:4571,GRIA1,glutamate ionotropic receptor AMPA type subunit 1,P42261
MONDO:0005090,schizophrenia,schizophrenia,5090_13498_8414_10897_33312_10943_11552_14092_12054_11960_11280_11294_11295_11298_11307_11498_12879_13089_13506,schizophrenia,MONDO_grouped,2891,GRIA2,NCBI,HGNC:4572,GRIA2,glutamate ionotropic receptor AMPA type subunit 2,P42262
MONDO:0005090,schizophrenia,schizophrenia,5090_13498_8414_10897_33312_10943_11552_14092_12054_11960_11280_11294_11295_11298_11307_11498_12879_13089_13506,schizophrenia,MONDO_grouped,2892,GRIA3,NCBI,HGNC:4573,GRIA3,glutamate ionotropic receptor AMPA type subunit 3,P42263
MONDO:0005090,schizophrenia,schizophrenia,5090_13498_8414_10897_33312_10943_11552_14092_12054_11960_11280_11294_11295_11298_11307_11498_12879_13089_13506,schizophrenia,MONDO_grouped,2893,GRIA4,NCBI,HGNC:4574,GRIA4,glutamate ionotropic receptor AMPA type subunit 4,P48058
MONDO:0005090,schizophrenia,schizophrenia,5090_13498_8414_10897_33312_10943_11552_14092_12054_11960_11280_11294_11295_11298_11307_11498_12879_13089_13506,schizophrenia,MONDO_grouped,2894,GRID1,NCBI,HGNC:4575,GRID1,glutamate ionotropic receptor delta type subunit 1,Q9ULK0
MONDO:0005090,schizophrenia,schizophrenia,5090_13498_8414_10897_33312_10943_11552_14092_12054_11960_11280_11294_11295_11298_11307_11498_12879_13089_13506,schizophrenia,MONDO_grouped,2897,GRIK1,NCBI,HGNC:4579,GRIK1,glutamate ionotropic receptor kainate type subunit 1,P39086
MONDO:0005090,schizophrenia,schizophrenia,5090_13498_8414_10897_33312_10943_11552_14092_12054_11960_11280_11294_11295_11298_11307_11498_12879_13089_13506,schizophrenia,MONDO_grouped,2898,GRIK2,NCBI,HGNC:4580,GRIK2,glutamate ionotropic receptor kainate type subunit 2,Q13002
MONDO:0005090,schizophrenia,schizophrenia,5090_13498_8414_10897_33312_10943_11552_14092_12054_11960_11280_11294_11295_11298_11307_11498_12879_13089_13506,schizophrenia,MONDO_grouped,2899,GRIK3,NCBI,HGNC:4581,GRIK3,glutamate ionotropic receptor kainate type subunit 3,Q13003
MONDO:0005090,schizophrenia,schizophrenia,5090_13498_8414_10897_33312_10943_11552_14092_12054_11960_11280_11294_11295_11298_11307_11498_12879_13089_13506,schizophrenia,MONDO_grouped,2900,GRIK4,NCBI,HGNC:4582,GRIK4,glutamate ionotropic receptor kainate type subunit 4,Q16099
MONDO:0005090,schizophrenia,schizophrenia,5090_13498_8414_10897_33312_10943_11552_14092_12054_11960_11280_11294_11295_11298_11307_11498_12879_13089_13506,schizophrenia,MONDO_grouped,2901,GRIK5,NCBI,HGNC:4583,GRIK5,glutamate ionotropic receptor kainate type subunit 5,Q16478
MONDO:0005090,schizophrenia,schizophrenia,5090_13498_8414_10897_33312_10943_11552_14092_12054_11960_11280_11294_11295_11298_11307_11498_12879_13089_13506,schizophrenia,MONDO_grouped,2902,GRIN1,NCBI,HGNC:4584,GRIN1,glutamate ionotropic receptor NMDA type subunit 1,Q05586
MONDO:0005090,schizophrenia,schizophrenia,5090_13498_8414_10897_33312_10943_11552_14092_12054_11960_11280_11294_11295_11298_11307_11498_12879_13089_13506,schizophrenia,MONDO_grouped,2903,GRIN2A,NCBI,HGNC:4585,GRIN2A,glutamate ionotropic receptor NMDA type subunit 2A,Q12879
MONDO:0005090,schizophrenia,schizophrenia,5090_13498_8414_10897_33312_10943_11552_14092_12054_11960_11280_11294_11295_11298_11307_11498_12879_13089_13506,schizophrenia,MONDO_grouped,2904,GRIN2B,NCBI,HGNC:4586,GRIN2B,glutamate ionotropic receptor NMDA type subunit 2B,Q13224
MONDO:0005090,schizophrenia,schizophrenia,5090_13498_8414_10897_33312_10943_11552_14092_12054_11960_11280_11294_11295_11298_11307_11498_12879_13089_13506,schizophrenia,MONDO_grouped,2905,GRIN2C,NCBI,HGNC:4587,GRIN2C,glutamate ionotropic receptor NMDA type subunit 2C,Q14957
MONDO:0005090,schizophrenia,schizophrenia,5090_13498_8414_10897_33312_10943_11552_14092_12054_11960_11280_11294_11295_11298_11307_11498_12879_13089_13506,schizophrenia,MONDO_grouped,2906,GRIN2D,NCBI,HGNC:4588,GRIN2D,glutamate ionotropic receptor NMDA type subunit 2D,O15399
MONDO:0005090,schizophrenia,schizophrenia,5090_13498_8414_10897_33312_10943_11552_14092_12054_11960_11280_11294_11295_11298_11307_11498_12879_13089_13506,schizophrenia,MONDO_grouped,116443,GRIN3A,NCBI,HGNC:16767,GRIN3A,glutamate ionotropic receptor NMDA type subunit 3A,Q8TCU5
MONDO:0005090,schizophrenia,schizophrenia,5090_13498_8414_10897_33312_10943_11552_14092_12054_11960_11280_11294_11295_11298_11307_11498_12879_13089_13506,schizophrenia,MONDO_grouped,2870,GRK6,NCBI,HGNC:4545,GRK6,G protein-coupled receptor kinase 6,P43250
MONDO:0005090,schizophrenia,schizophrenia,5090_13498_8414_10897_33312_10943_11552_14092_12054_11960_11280_11294_11295_11298_11307_11498_12879_13089_13506,schizophrenia,MONDO_grouped,2911,GRM1,NCBI,HGNC:4593,GRM1,glutamate metabotropic receptor 1,Q13255
MONDO:0005090,schizophrenia,schizophrenia,5090_13498_8414_10897_33312_10943_11552_14092_12054_11960_11280_11294_11295_11298_11307_11498_12879_13089_13506,schizophrenia,MONDO_grouped,2912,GRM2,NCBI,HGNC:4594,GRM2,glutamate metabotropic receptor 2,Q14416
MONDO:0005090,schizophrenia,schizophrenia,5090_13498_8414_10897_33312_10943_11552_14092_12054_11960_11280_11294_11295_11298_11307_11498_12879_13089_13506,schizophrenia,MONDO_grouped,2913,GRM3,NCBI,HGNC:4595,GRM3,glutamate metabotropic receptor 3,Q14832
MONDO:0005090,schizophrenia,schizophrenia,5090_13498_8414_10897_33312_10943_11552_14092_12054_11960_11280_11294_11295_11298_11307_11498_12879_13089_13506,schizophrenia,MONDO_grouped,2914,GRM4,NCBI,HGNC:4596,GRM4,glutamate metabotropic receptor 4,Q14833
MONDO:0005090,schizophrenia,schizophrenia,5090_13498_8414_10897_33312_10943_11552_14092_12054_11960_11280_11294_11295_11298_11307_11498_12879_13089_13506,schizophrenia,MONDO_grouped,2915,GRM5,NCBI,HGNC:4597,GRM5,glutamate metabotropic receptor 5,P41594
MONDO:0005090,schizophrenia,schizophrenia,5090_13498_8414_10897_33312_10943_11552_14092_12054_11960_11280_11294_11295_11298_11307_11498_12879_13089_13506,schizophrenia,MONDO_grouped,2917,GRM7,NCBI,HGNC:4599,GRM7,glutamate metabotropic receptor 7,Q14831
MONDO:0005090,schizophrenia,schizophrenia,5090_13498_8414_10897_33312_10943_11552_14092_12054_11960_11280_11294_11295_11298_11307_11498_12879_13089_13506,schizophrenia,MONDO_grouped,2918,GRM8,NCBI,HGNC:4600,GRM8,glutamate metabotropic receptor 8,O00222
MONDO:0005090,schizophrenia,schizophrenia,5090_13498_8414_10897_33312_10943_11552_14092_12054_11960_11280_11294_11295_11298_11307_11498_12879_13089_13506,schizophrenia,MONDO_grouped,2896,GRN,NCBI,HGNC:4601,GRN,granulin precursor,P28799
MONDO:0005090,schizophrenia,schizophrenia,5090_13498_8414_10897_33312_10943_11552_14092_12054_11960_11280_11294_11295_11298_11307_11498_12879_13089_13506,schizophrenia,MONDO_grouped,2931,GSK3A,NCBI,HGNC:4616,GSK3A,glycogen synthase kinase 3 alpha,P49840
MONDO:0005090,schizophrenia,schizophrenia,5090_13498_8414_10897_33312_10943_11552_14092_12054_11960_11280_11294_11295_11298_11307_11498_12879_13089_13506,schizophrenia,MONDO_grouped,2932,GSK3B,NCBI,HGNC:4617,GSK3B,glycogen synthase kinase 3 beta,P49841
MONDO:0005090,schizophrenia,schizophrenia,5090_13498_8414_10897_33312_10943_11552_14092_12054_11960_11280_11294_11295_11298_11307_11498_12879_13089_13506,schizophrenia,MONDO_grouped,2934,GSN,NCBI,HGNC:4620,GSN,gelsolin,P06396
MONDO:0005090,schizophrenia,schizophrenia,5090_13498_8414_10897_33312_10943_11552_14092_12054_11960_11280_11294_11295_11298_11307_11498_12879_13089_13506,schizophrenia,MONDO_grouped,2938,GSTA1,NCBI,HGNC:4626,GSTA1,glutathione S-transferase alpha 1,P08263
MONDO:0005090,schizophrenia,schizophrenia,5090_13498_8414_10897_33312_10943_11552_14092_12054_11960_11280_11294_11295_11298_11307_11498_12879_13089_13506,schizophrenia,MONDO_grouped,2944,GSTM1,NCBI,HGNC:4632,GSTM1,glutathione S-transferase mu 1,P09488
MONDO:0005090,schizophrenia,schizophrenia,5090_13498_8414_10897_33312_10943_11552_14092_12054_11960_11280_11294_11295_11298_11307_11498_12879_13089_13506,schizophrenia,MONDO_grouped,2946,GSTM2,NCBI,HGNC:4634,GSTM2,glutathione S-transferase mu 2,P28161
MONDO:0005090,schizophrenia,schizophrenia,5090_13498_8414_10897_33312_10943_11552_14092_12054_11960_11280_11294_11295_11298_11307_11498_12879_13089_13506,schizophrenia,MONDO_grouped,2950,GSTP1,NCBI,HGNC:4638,GSTP1,glutathione S-transferase pi 1,P09211
MONDO:0005090,schizophrenia,schizophrenia,5090_13498_8414_10897_33312_10943_11552_14092_12054_11960_11280_11294_11295_11298_11307_11498_12879_13089_13506,schizophrenia,MONDO_grouped,2952,GSTT1,NCBI,HGNC:4641,GSTT1,glutathione S-transferase theta 1,P30711
MONDO:0005090,schizophrenia,schizophrenia,5090_13498_8414_10897_33312_10943_11552_14092_12054_11960_11280_11294_11295_11298_11307_11498_12879_13089_13506,schizophrenia,MONDO_grouped,2953,GSTT2,NCBI,HGNC:4642,GSTT2,glutathione S-transferase theta 2 (gene/pseudogene),P0CG29
MONDO:0005090,schizophrenia,schizophrenia,5090_13498_8414_10897_33312_10943_11552_14092_12054_11960_11280_11294_11295_11298_11307_11498_12879_13089_13506,schizophrenia,MONDO_grouped,3008,H1-4,NCBI,HGNC:4718,H1-4,"H1.4 linker histone, cluster member",P10412
MONDO:0005090,schizophrenia,schizophrenia,5090_13498_8414_10897_33312_10943_11552_14092_12054_11960_11280_11294_11295_11298_11307_11498_12879_13089_13506,schizophrenia,MONDO_grouped,3009,H1-5,NCBI,HGNC:4719,H1-5,"H1.5 linker histone, cluster member",P16401
MONDO:0005090,schizophrenia,schizophrenia,5090_13498_8414_10897_33312_10943_11552_14092_12054_11960_11280_11294_11295_11298_11307_11498_12879_13089_13506,schizophrenia,MONDO_grouped,3014,H2AX,NCBI,HGNC:4739,H2AX,H2A.X variant histone,P16104
MONDO:0005090,schizophrenia,schizophrenia,5090_13498_8414_10897_33312_10943_11552_14092_12054_11960_11280_11294_11295_11298_11307_11498_12879_13089_13506,schizophrenia,MONDO_grouped,3029,HAGH,NCBI,HGNC:4805,HAGH,hydroxyacylglutathione hydrolase,Q16775
MONDO:0005090,schizophrenia,schizophrenia,5090_13498_8414_10897_33312_10943_11552_14092_12054_11960_11280_11294_11295_11298_11307_11498_12879_13089_13506,schizophrenia,MONDO_grouped,338442,HCAR2,NCBI,HGNC:24827,HCAR2,hydroxycarboxylic acid receptor 2,Q8TDS4
MONDO:0005090,schizophrenia,schizophrenia,5090_13498_8414_10897_33312_10943_11552_14092_12054_11960_11280_11294_11295_11298_11307_11498_12879_13089_13506,schizophrenia,MONDO_grouped,8843,HCAR3,NCBI,HGNC:16824,HCAR3,hydroxycarboxylic acid receptor 3,P49019
MONDO:0005090,schizophrenia,schizophrenia,5090_13498_8414_10897_33312_10943_11552_14092_12054_11960_11280_11294_11295_11298_11307_11498_12879_13089_13506,schizophrenia,MONDO_grouped,3061,HCRTR1,NCBI,HGNC:4848,HCRTR1,hypocretin receptor 1,O43613
MONDO:0005090,schizophrenia,schizophrenia,5090_13498_8414_10897_33312_10943_11552_14092_12054_11960_11280_11294_11295_11298_11307_11498_12879_13089_13506,schizophrenia,MONDO_grouped,3065,HDAC1,NCBI,HGNC:4852,HDAC1,histone deacetylase 1,Q13547
MONDO:0005090,schizophrenia,schizophrenia,5090_13498_8414_10897_33312_10943_11552_14092_12054_11960_11280_11294_11295_11298_11307_11498_12879_13089_13506,schizophrenia,MONDO_grouped,3066,HDAC2,NCBI,HGNC:4853,HDAC2,histone deacetylase 2,Q92769
MONDO:0005090,schizophrenia,schizophrenia,5090_13498_8414_10897_33312_10943_11552_14092_12054_11960_11280_11294_11295_11298_11307_11498_12879_13089_13506,schizophrenia,MONDO_grouped,8841,HDAC3,NCBI,HGNC:4854,HDAC3,histone deacetylase 3,O15379
MONDO:0005090,schizophrenia,schizophrenia,5090_13498_8414_10897_33312_10943_11552_14092_12054_11960_11280_11294_11295_11298_11307_11498_12879_13089_13506,schizophrenia,MONDO_grouped,9759,HDAC4,NCBI,HGNC:14063,HDAC4,histone deacetylase 4,P56524
MONDO:0005090,schizophrenia,schizophrenia,5090_13498_8414_10897_33312_10943_11552_14092_12054_11960_11280_11294_11295_11298_11307_11498_12879_13089_13506,schizophrenia,MONDO_grouped,9734,HDAC9,NCBI,HGNC:14065,HDAC9,histone deacetylase 9,Q9UKV0
MONDO:0005090,schizophrenia,schizophrenia,5090_13498_8414_10897_33312_10943_11552_14092_12054_11960_11280_11294_11295_11298_11307_11498_12879_13089_13506,schizophrenia,MONDO_grouped,55733,HHAT,NCBI,HGNC:18270,HHAT,hedgehog acyltransferase,Q5VTY9
MONDO:0005090,schizophrenia,schizophrenia,5090_13498_8414_10897_33312_10943_11552_14092_12054_11960_11280_11294_11295_11298_11307_11498_12879_13089_13506,schizophrenia,MONDO_grouped,3094,HINT1,NCBI,HGNC:4912,HINT1,histidine triad nucleotide binding protein 1,P49773
MONDO:0005090,schizophrenia,schizophrenia,5090_13498_8414_10897_33312_10943_11552_14092_12054_11960_11280_11294_11295_11298_11307_11498_12879_13089_13506,schizophrenia,MONDO_grouped,3098,HK1,NCBI,HGNC:4922,HK1,hexokinase 1,P19367
MONDO:0005090,schizophrenia,schizophrenia,5090_13498_8414_10897_33312_10943_11552_14092_12054_11960_11280_11294_11295_11298_11307_11498_12879_13089_13506,schizophrenia,MONDO_grouped,3105,HLA-A,NCBI,HGNC:4931,HLA-A,"major histocompatibility complex, class I, A",P04439
MONDO:0005090,schizophrenia,schizophrenia,5090_13498_8414_10897_33312_10943_11552_14092_12054_11960_11280_11294_11295_11298_11307_11498_12879_13089_13506,schizophrenia,MONDO_grouped,3106,HLA-B,NCBI,HGNC:4932,HLA-B,"major histocompatibility complex, class I, B",P01889
MONDO:0005090,schizophrenia,schizophrenia,5090_13498_8414_10897_33312_10943_11552_14092_12054_11960_11280_11294_11295_11298_11307_11498_12879_13089_13506,schizophrenia,MONDO_grouped,3107,HLA-C,NCBI,HGNC:4933,HLA-C,"major histocompatibility complex, class I, C",P10321
MONDO:0005090,schizophrenia,schizophrenia,5090_13498_8414_10897_33312_10943_11552_14092_12054_11960_11280_11294_11295_11298_11307_11498_12879_13089_13506,schizophrenia,MONDO_grouped,3119,HLA-DQB1,NCBI,HGNC:4944,HLA-DQB1,"major histocompatibility complex, class II, DQ beta 1",P01920
MONDO:0005090,schizophrenia,schizophrenia,5090_13498_8414_10897_33312_10943_11552_14092_12054_11960_11280_11294_11295_11298_11307_11498_12879_13089_13506,schizophrenia,MONDO_grouped,3123,HLA-DRB1,NCBI,HGNC:4948,HLA-DRB1,"major histocompatibility complex, class II, DR beta 1",P01911
MONDO:0005090,schizophrenia,schizophrenia,5090_13498_8414_10897_33312_10943_11552_14092_12054_11960_11280_11294_11295_11298_11307_11498_12879_13089_13506,schizophrenia,MONDO_grouped,3133,HLA-E,NCBI,HGNC:4962,HLA-E,"major histocompatibility complex, class I, E",P13747
MONDO:0005090,schizophrenia,schizophrenia,5090_13498_8414_10897_33312_10943_11552_14092_12054_11960_11280_11294_11295_11298_11307_11498_12879_13089_13506,schizophrenia,MONDO_grouped,3159,HMGA1,NCBI,HGNC:5010,HMGA1,high mobility group AT-hook 1,P17096
MONDO:0005090,schizophrenia,schizophrenia,5090_13498_8414_10897_33312_10943_11552_14092_12054_11960_11280_11294_11295_11298_11307_11498_12879_13089_13506,schizophrenia,MONDO_grouped,3162,HMOX1,NCBI,HGNC:5013,HMOX1,heme oxygenase 1,P09601
MONDO:0005090,schizophrenia,schizophrenia,5090_13498_8414_10897_33312_10943_11552_14092_12054_11960_11280_11294_11295_11298_11307_11498_12879_13089_13506,schizophrenia,MONDO_grouped,220988,HNRNPA3,NCBI,HGNC:24941,HNRNPA3,heterogeneous nuclear ribonucleoprotein A3,P51991
MONDO:0005090,schizophrenia,schizophrenia,5090_13498_8414_10897_33312_10943_11552_14092_12054_11960_11280_11294_11295_11298_11307_11498_12879_13089_13506,schizophrenia,MONDO_grouped,9456,HOMER1,NCBI,HGNC:17512,HOMER1,homer scaffold protein 1,Q86YM7
MONDO:0005090,schizophrenia,schizophrenia,5090_13498_8414_10897_33312_10943_11552_14092_12054_11960_11280_11294_11295_11298_11307_11498_12879_13089_13506,schizophrenia,MONDO_grouped,9455,HOMER2,NCBI,HGNC:17513,HOMER2,homer scaffold protein 2,Q9NSB8
MONDO:0005090,schizophrenia,schizophrenia,5090_13498_8414_10897_33312_10943_11552_14092_12054_11960_11280_11294_11295_11298_11307_11498_12879_13089_13506,schizophrenia,MONDO_grouped,3240,HP,NCBI,HGNC:5141,HP,haptoglobin,P00738
MONDO:0005090,schizophrenia,schizophrenia,5090_13498_8414_10897_33312_10943_11552_14092_12054_11960_11280_11294_11295_11298_11307_11498_12879_13089_13506,schizophrenia,MONDO_grouped,27306,HPGDS,NCBI,HGNC:17890,HPGDS,hematopoietic prostaglandin D synthase,O60760
MONDO:0005090,schizophrenia,schizophrenia,5090_13498_8414_10897_33312_10943_11552_14092_12054_11960_11280_11294_11295_11298_11307_11498_12879_13089_13506,schizophrenia,MONDO_grouped,89781,HPS4,NCBI,HGNC:15844,HPS4,HPS4 biogenesis of lysosomal organelles complex 3 subunit 2,Q9NQG7
MONDO:0005090,schizophrenia,schizophrenia,5090_13498_8414_10897_33312_10943_11552_14092_12054_11960_11280_11294_11295_11298_11307_11498_12879_13089_13506,schizophrenia,MONDO_grouped,3269,HRH1,NCBI,HGNC:5182,HRH1,histamine receptor H1,P35367
MONDO:0005090,schizophrenia,schizophrenia,5090_13498_8414_10897_33312_10943_11552_14092_12054_11960_11280_11294_11295_11298_11307_11498_12879_13089_13506,schizophrenia,MONDO_grouped,259217,HSPA12A,NCBI,HGNC:19022,HSPA12A,heat shock protein family A (Hsp70) member 12A,O43301
MONDO:0005090,schizophrenia,schizophrenia,5090_13498_8414_10897_33312_10943_11552_14092_12054_11960_11280_11294_11295_11298_11307_11498_12879_13089_13506,schizophrenia,MONDO_grouped,3303,HSPA1A,NCBI,HGNC:5232,HSPA1A,heat shock protein family A (Hsp70) member 1A,P0DMV8
MONDO:0005090,schizophrenia,schizophrenia,5090_13498_8414_10897_33312_10943_11552_14092_12054_11960_11280_11294_11295_11298_11307_11498_12879_13089_13506,schizophrenia,MONDO_grouped,3304,HSPA1B,NCBI,HGNC:5233,HSPA1B,heat shock protein family A (Hsp70) member 1B,P0DMV9
MONDO:0005090,schizophrenia,schizophrenia,5090_13498_8414_10897_33312_10943_11552_14092_12054_11960_11280_11294_11295_11298_11307_11498_12879_13089_13506,schizophrenia,MONDO_grouped,3305,HSPA1L,NCBI,HGNC:5234,HSPA1L,heat shock protein family A (Hsp70) member 1 like,P34931
MONDO:0005090,schizophrenia,schizophrenia,5090_13498_8414_10897_33312_10943_11552_14092_12054_11960_11280_11294_11295_11298_11307_11498_12879_13089_13506,schizophrenia,MONDO_grouped,3313,HSPA9,NCBI,HGNC:5244,HSPA9,heat shock protein family A (Hsp70) member 9,P38646
MONDO:0005090,schizophrenia,schizophrenia,5090_13498_8414_10897_33312_10943_11552_14092_12054_11960_11280_11294_11295_11298_11307_11498_12879_13089_13506,schizophrenia,MONDO_grouped,3350,HTR1A,NCBI,HGNC:5286,HTR1A,5-hydroxytryptamine receptor 1A,P08908
MONDO:0005090,schizophrenia,schizophrenia,5090_13498_8414_10897_33312_10943_11552_14092_12054_11960_11280_11294_11295_11298_11307_11498_12879_13089_13506,schizophrenia,MONDO_grouped,3351,HTR1B,NCBI,HGNC:5287,HTR1B,5-hydroxytryptamine receptor 1B,P28222
MONDO:0005090,schizophrenia,schizophrenia,5090_13498_8414_10897_33312_10943_11552_14092_12054_11960_11280_11294_11295_11298_11307_11498_12879_13089_13506,schizophrenia,MONDO_grouped,3355,HTR1F,NCBI,HGNC:5292,HTR1F,5-hydroxytryptamine receptor 1F,P30939
MONDO:0005090,schizophrenia,schizophrenia,5090_13498_8414_10897_33312_10943_11552_14092_12054_11960_11280_11294_11295_11298_11307_11498_12879_13089_13506,schizophrenia,MONDO_grouped,3356,HTR2A,NCBI,HGNC:5293,HTR2A,5-hydroxytryptamine receptor 2A,P28223
MONDO:0005090,schizophrenia,schizophrenia,5090_13498_8414_10897_33312_10943_11552_14092_12054_11960_11280_11294_11295_11298_11307_11498_12879_13089_13506,schizophrenia,MONDO_grouped,3358,HTR2C,NCBI,HGNC:5295,HTR2C,5-hydroxytryptamine receptor 2C,P28335
MONDO:0005090,schizophrenia,schizophrenia,5090_13498_8414_10897_33312_10943_11552_14092_12054_11960_11280_11294_11295_11298_11307_11498_12879_13089_13506,schizophrenia,MONDO_grouped,3359,HTR3A,NCBI,HGNC:5297,HTR3A,5-hydroxytryptamine receptor 3A,P46098
MONDO:0005090,schizophrenia,schizophrenia,5090_13498_8414_10897_33312_10943_11552_14092_12054_11960_11280_11294_11295_11298_11307_11498_12879_13089_13506,schizophrenia,MONDO_grouped,9177,HTR3B,NCBI,HGNC:5298,HTR3B,5-hydroxytryptamine receptor 3B,O95264
MONDO:0005090,schizophrenia,schizophrenia,5090_13498_8414_10897_33312_10943_11552_14092_12054_11960_11280_11294_11295_11298_11307_11498_12879_13089_13506,schizophrenia,MONDO_grouped,200909,HTR3D,NCBI,HGNC:24004,HTR3D,5-hydroxytryptamine receptor 3D,Q70Z44
MONDO:0005090,schizophrenia,schizophrenia,5090_13498_8414_10897_33312_10943_11552_14092_12054_11960_11280_11294_11295_11298_11307_11498_12879_13089_13506,schizophrenia,MONDO_grouped,285242,HTR3E,NCBI,HGNC:24005,HTR3E,5-hydroxytryptamine receptor 3E,A5X5Y0
MONDO:0005090,schizophrenia,schizophrenia,5090_13498_8414_10897_33312_10943_11552_14092_12054_11960_11280_11294_11295_11298_11307_11498_12879_13089_13506,schizophrenia,MONDO_grouped,3360,HTR4,NCBI,HGNC:5299,HTR4,5-hydroxytryptamine receptor 4,Q13639
MONDO:0005090,schizophrenia,schizophrenia,5090_13498_8414_10897_33312_10943_11552_14092_12054_11960_11280_11294_11295_11298_11307_11498_12879_13089_13506,schizophrenia,MONDO_grouped,3361,HTR5A,NCBI,HGNC:5300,HTR5A,5-hydroxytryptamine receptor 5A,P47898
MONDO:0005090,schizophrenia,schizophrenia,5090_13498_8414_10897_33312_10943_11552_14092_12054_11960_11280_11294_11295_11298_11307_11498_12879_13089_13506,schizophrenia,MONDO_grouped,3362,HTR6,NCBI,HGNC:5301,HTR6,5-hydroxytryptamine receptor 6,P50406
MONDO:0005090,schizophrenia,schizophrenia,5090_13498_8414_10897_33312_10943_11552_14092_12054_11960_11280_11294_11295_11298_11307_11498_12879_13089_13506,schizophrenia,MONDO_grouped,3363,HTR7,NCBI,HGNC:5302,HTR7,5-hydroxytryptamine receptor 7,P34969
MONDO:0005090,schizophrenia,schizophrenia,5090_13498_8414_10897_33312_10943_11552_14092_12054_11960_11280_11294_11295_11298_11307_11498_12879_13089_13506,schizophrenia,MONDO_grouped,3383,ICAM1,NCBI,HGNC:5344,ICAM1,intercellular adhesion molecule 1,P05362
MONDO:0005090,schizophrenia,schizophrenia,5090_13498_8414_10897_33312_10943_11552_14092_12054_11960_11280_11294_11295_11298_11307_11498_12879_13089_13506,schizophrenia,MONDO_grouped,3416,IDE,NCBI,HGNC:5381,IDE,insulin degrading enzyme,P14735
MONDO:0005090,schizophrenia,schizophrenia,5090_13498_8414_10897_33312_10943_11552_14092_12054_11960_11280_11294_11295_11298_11307_11498_12879_13089_13506,schizophrenia,MONDO_grouped,3458,IFNG,NCBI,HGNC:5438,IFNG,interferon gamma,P01579
MONDO:0005090,schizophrenia,schizophrenia,5090_13498_8414_10897_33312_10943_11552_14092_12054_11960_11280_11294_11295_11298_11307_11498_12879_13089_13506,schizophrenia,MONDO_grouped,282617,IFNL3,NCBI,HGNC:18365,IFNL3,interferon lambda 3,Q8IZI9
MONDO:0005090,schizophrenia,schizophrenia,5090_13498_8414_10897_33312_10943_11552_14092_12054_11960_11280_11294_11295_11298_11307_11498_12879_13089_13506,schizophrenia,MONDO_grouped,3481,IGF2,NCBI,HGNC:5466,IGF2,insulin like growth factor 2,P01344
MONDO:0005090,schizophrenia,schizophrenia,5090_13498_8414_10897_33312_10943_11552_14092_12054_11960_11280_11294_11295_11298_11307_11498_12879_13089_13506,schizophrenia,MONDO_grouped,10644,IGF2BP2,NCBI,HGNC:28867,IGF2BP2,insulin like growth factor 2 mRNA binding protein 2,Q9Y6M1
MONDO:0005090,schizophrenia,schizophrenia,5090_13498_8414_10897_33312_10943_11552_14092_12054_11960_11280_11294_11295_11298_11307_11498_12879_13089_13506,schizophrenia,MONDO_grouped,3586,IL10,NCBI,HGNC:5962,IL10,interleukin 10,P22301
MONDO:0005090,schizophrenia,schizophrenia,5090_13498_8414_10897_33312_10943_11552_14092_12054_11960_11280_11294_11295_11298_11307_11498_12879_13089_13506,schizophrenia,MONDO_grouped,3587,IL10RA,NCBI,HGNC:5964,IL10RA,interleukin 10 receptor subunit alpha,Q13651
MONDO:0005090,schizophrenia,schizophrenia,5090_13498_8414_10897_33312_10943_11552_14092_12054_11960_11280_11294_11295_11298_11307_11498_12879_13089_13506,schizophrenia,MONDO_grouped,3593,IL12B,NCBI,HGNC:5970,IL12B,interleukin 12B,P29460
MONDO:0005090,schizophrenia,schizophrenia,5090_13498_8414_10897_33312_10943_11552_14092_12054_11960_11280_11294_11295_11298_11307_11498_12879_13089_13506,schizophrenia,MONDO_grouped,27189,IL17C,NCBI,HGNC:5983,IL17C,interleukin 17C,Q9P0M4
MONDO:0005090,schizophrenia,schizophrenia,5090_13498_8414_10897_33312_10943_11552_14092_12054_11960_11280_11294_11295_11298_11307_11498_12879_13089_13506,schizophrenia,MONDO_grouped,3606,IL18,NCBI,HGNC:5986,IL18,interleukin 18,Q14116
MONDO:0005090,schizophrenia,schizophrenia,5090_13498_8414_10897_33312_10943_11552_14092_12054_11960_11280_11294_11295_11298_11307_11498_12879_13089_13506,schizophrenia,MONDO_grouped,8809,IL18R1,NCBI,HGNC:5988,IL18R1,interleukin 18 receptor 1,Q13478
MONDO:0005090,schizophrenia,schizophrenia,5090_13498_8414_10897_33312_10943_11552_14092_12054_11960_11280_11294_11295_11298_11307_11498_12879_13089_13506,schizophrenia,MONDO_grouped,29949,IL19,NCBI,HGNC:5990,IL19,interleukin 19,Q9UHD0
MONDO:0005090,schizophrenia,schizophrenia,5090_13498_8414_10897_33312_10943_11552_14092_12054_11960_11280_11294_11295_11298_11307_11498_12879_13089_13506,schizophrenia,MONDO_grouped,3553,IL1B,NCBI,HGNC:5992,IL1B,interleukin 1 beta,P01584
MONDO:0005090,schizophrenia,schizophrenia,5090_13498_8414_10897_33312_10943_11552_14092_12054_11960_11280_11294_11295_11298_11307_11498_12879_13089_13506,schizophrenia,MONDO_grouped,3558,IL2,NCBI,HGNC:6001,IL2,interleukin 2,P60568
MONDO:0005090,schizophrenia,schizophrenia,5090_13498_8414_10897_33312_10943_11552_14092_12054_11960_11280_11294_11295_11298_11307_11498_12879_13089_13506,schizophrenia,MONDO_grouped,3559,IL2RA,NCBI,HGNC:6008,IL2RA,interleukin 2 receptor subunit alpha,P01589
MONDO:0005090,schizophrenia,schizophrenia,5090_13498_8414_10897_33312_10943_11552_14092_12054_11960_11280_11294_11295_11298_11307_11498_12879_13089_13506,schizophrenia,MONDO_grouped,3561,IL2RG,NCBI,HGNC:6010,IL2RG,interleukin 2 receptor subunit gamma,P31785
MONDO:0005090,schizophrenia,schizophrenia,5090_13498_8414_10897_33312_10943_11552_14092_12054_11960_11280_11294_11295_11298_11307_11498_12879_13089_13506,schizophrenia,MONDO_grouped,3562,IL3,NCBI,HGNC:6011,IL3,interleukin 3,P08700
MONDO:0005090,schizophrenia,schizophrenia,5090_13498_8414_10897_33312_10943_11552_14092_12054_11960_11280_11294_11295_11298_11307_11498_12879_13089_13506,schizophrenia,MONDO_grouped,3563,IL3RA,NCBI,HGNC:6012,IL3RA,interleukin 3 receptor subunit alpha,P26951
MONDO:0005090,schizophrenia,schizophrenia,5090_13498_8414_10897_33312_10943_11552_14092_12054_11960_11280_11294_11295_11298_11307_11498_12879_13089_13506,schizophrenia,MONDO_grouped,3565,IL4,NCBI,HGNC:6014,IL4,interleukin 4,P05112
MONDO:0005090,schizophrenia,schizophrenia,5090_13498_8414_10897_33312_10943_11552_14092_12054_11960_11280_11294_11295_11298_11307_11498_12879_13089_13506,schizophrenia,MONDO_grouped,3569,IL6,NCBI,HGNC:6018,IL6,interleukin 6,P05231
MONDO:0005090,schizophrenia,schizophrenia,5090_13498_8414_10897_33312_10943_11552_14092_12054_11960_11280_11294_11295_11298_11307_11498_12879_13089_13506,schizophrenia,MONDO_grouped,3570,IL6R,NCBI,HGNC:6019,IL6R,interleukin 6 receptor,P08887
MONDO:0005090,schizophrenia,schizophrenia,5090_13498_8414_10897_33312_10943_11552_14092_12054_11960_11280_11294_11295_11298_11307_11498_12879_13089_13506,schizophrenia,MONDO_grouped,3613,IMPA2,NCBI,HGNC:6051,IMPA2,inositol monophosphatase 2,O14732
MONDO:0005090,schizophrenia,schizophrenia,5090_13498_8414_10897_33312_10943_11552_14092_12054_11960_11280_11294_11295_11298_11307_11498_12879_13089_13506,schizophrenia,MONDO_grouped,3632,INPP5A,NCBI,HGNC:6076,INPP5A,inositol polyphosphate-5-phosphatase A,Q14642
MONDO:0005090,schizophrenia,schizophrenia,5090_13498_8414_10897_33312_10943_11552_14092_12054_11960_11280_11294_11295_11298_11307_11498_12879_13089_13506,schizophrenia,MONDO_grouped,3843,IPO5,NCBI,HGNC:6402,IPO5,importin 5,O00410
MONDO:0005090,schizophrenia,schizophrenia,5090_13498_8414_10897_33312_10943_11552_14092_12054_11960_11280_11294_11295_11298_11307_11498_12879_13089_13506,schizophrenia,MONDO_grouped,8516,ITGA8,NCBI,HGNC:6144,ITGA8,integrin subunit alpha 8,P53708
MONDO:0005090,schizophrenia,schizophrenia,5090_13498_8414_10897_33312_10943_11552_14092_12054_11960_11280_11294_11295_11298_11307_11498_12879_13089_13506,schizophrenia,MONDO_grouped,3684,ITGAM,NCBI,HGNC:6149,ITGAM,integrin subunit alpha M,P11215
MONDO:0005090,schizophrenia,schizophrenia,5090_13498_8414_10897_33312_10943_11552_14092_12054_11960_11280_11294_11295_11298_11307_11498_12879_13089_13506,schizophrenia,MONDO_grouped,3690,ITGB3,NCBI,HGNC:6156,ITGB3,integrin subunit beta 3,P05106
MONDO:0005090,schizophrenia,schizophrenia,5090_13498_8414_10897_33312_10943_11552_14092_12054_11960_11280_11294_11295_11298_11307_11498_12879_13089_13506,schizophrenia,MONDO_grouped,3697,ITIH1,NCBI,HGNC:6166,ITIH1,inter-alpha-trypsin inhibitor heavy chain 1,P19827
MONDO:0005090,schizophrenia,schizophrenia,5090_13498_8414_10897_33312_10943_11552_14092_12054_11960_11280_11294_11295_11298_11307_11498_12879_13089_13506,schizophrenia,MONDO_grouped,3699,ITIH3,NCBI,HGNC:6168,ITIH3,inter-alpha-trypsin inhibitor heavy chain 3,Q06033
MONDO:0005090,schizophrenia,schizophrenia,5090_13498_8414_10897_33312_10943_11552_14092_12054_11960_11280_11294_11295_11298_11307_11498_12879_13089_13506,schizophrenia,MONDO_grouped,182,JAG1,NCBI,HGNC:6188,JAG1,jagged canonical Notch ligand 1,P78504
MONDO:0005090,schizophrenia,schizophrenia,5090_13498_8414_10897_33312_10943_11552_14092_12054_11960_11280_11294_11295_11298_11307_11498_12879_13089_13506,schizophrenia,MONDO_grouped,3714,JAG2,NCBI,HGNC:6189,JAG2,jagged canonical Notch ligand 2,Q9Y219
MONDO:0005090,schizophrenia,schizophrenia,5090_13498_8414_10897_33312_10943_11552_14092_12054_11960_11280_11294_11295_11298_11307_11498_12879_13089_13506,schizophrenia,MONDO_grouped,3720,JARID2,NCBI,HGNC:6196,JARID2,jumonji and AT-rich interaction domain containing 2,Q92833
MONDO:0005090,schizophrenia,schizophrenia,5090_13498_8414_10897_33312_10943_11552_14092_12054_11960_11280_11294_11295_11298_11307_11498_12879_13089_13506,schizophrenia,MONDO_grouped,3725,JUN,NCBI,HGNC:6204,JUN,"Jun proto-oncogene, AP-1 transcription factor subunit",P05412
MONDO:0005090,schizophrenia,schizophrenia,5090_13498_8414_10897_33312_10943_11552_14092_12054_11960_11280_11294_11295_11298_11307_11498_12879_13089_13506,schizophrenia,MONDO_grouped,84148,KAT8,NCBI,HGNC:17933,KAT8,lysine acetyltransferase 8,Q9H7Z6
MONDO:0005090,schizophrenia,schizophrenia,5090_13498_8414_10897_33312_10943_11552_14092_12054_11960_11280_11294_11295_11298_11307_11498_12879_13089_13506,schizophrenia,MONDO_grouped,3745,KCNB1,NCBI,HGNC:6231,KCNB1,potassium voltage-gated channel subfamily B member 1,Q14721
MONDO:0005090,schizophrenia,schizophrenia,5090_13498_8414_10897_33312_10943_11552_14092_12054_11960_11280_11294_11295_11298_11307_11498_12879_13089_13506,schizophrenia,MONDO_grouped,3757,KCNH2,NCBI,HGNC:6251,KCNH2,potassium voltage-gated channel subfamily H member 2,Q12809
MONDO:0005090,schizophrenia,schizophrenia,5090_13498_8414_10897_33312_10943_11552_14092_12054_11960_11280_11294_11295_11298_11307_11498_12879_13089_13506,schizophrenia,MONDO_grouped,81033,KCNH6,NCBI,HGNC:18862,KCNH6,potassium voltage-gated channel subfamily H member 6,Q9H252
MONDO:0005090,schizophrenia,schizophrenia,5090_13498_8414_10897_33312_10943_11552_14092_12054_11960_11280_11294_11295_11298_11307_11498_12879_13089_13506,schizophrenia,MONDO_grouped,3760,KCNJ3,NCBI,HGNC:6264,KCNJ3,potassium inwardly rectifying channel subfamily J member 3,P48549
MONDO:0005090,schizophrenia,schizophrenia,5090_13498_8414_10897_33312_10943_11552_14092_12054_11960_11280_11294_11295_11298_11307_11498_12879_13089_13506,schizophrenia,MONDO_grouped,3782,KCNN3,NCBI,HGNC:6292,KCNN3,potassium calcium-activated channel subfamily N member 3,Q9UGI6
MONDO:0005090,schizophrenia,schizophrenia,5090_13498_8414_10897_33312_10943_11552_14092_12054_11960_11280_11294_11295_11298_11307_11498_12879_13089_13506,schizophrenia,MONDO_grouped,3785,KCNQ2,NCBI,HGNC:6296,KCNQ2,potassium voltage-gated channel subfamily Q member 2,O43526
MONDO:0005090,schizophrenia,schizophrenia,5090_13498_8414_10897_33312_10943_11552_14092_12054_11960_11280_11294_11295_11298_11307_11498_12879_13089_13506,schizophrenia,MONDO_grouped,3786,KCNQ3,NCBI,HGNC:6297,KCNQ3,potassium voltage-gated channel subfamily Q member 3,O43525
MONDO:0005090,schizophrenia,schizophrenia,5090_13498_8414_10897_33312_10943_11552_14092_12054_11960_11280_11294_11295_11298_11307_11498_12879_13089_13506,schizophrenia,MONDO_grouped,3790,KCNS3,NCBI,HGNC:6302,KCNS3,potassium voltage-gated channel modifier subfamily S member 3,Q9BQ31
MONDO:0005090,schizophrenia,schizophrenia,5090_13498_8414_10897_33312_10943_11552_14092_12054_11960_11280_11294_11295_11298_11307_11498_12879_13089_13506,schizophrenia,MONDO_grouped,115207,KCTD12,NCBI,HGNC:14678,KCTD12,potassium channel tetramerization domain containing 12,Q96CX2
MONDO:0005090,schizophrenia,schizophrenia,5090_13498_8414_10897_33312_10943_11552_14092_12054_11960_11280_11294_11295_11298_11307_11498_12879_13089_13506,schizophrenia,MONDO_grouped,84678,KDM2B,NCBI,HGNC:13610,KDM2B,lysine demethylase 2B,Q8NHM5
MONDO:0005090,schizophrenia,schizophrenia,5090_13498_8414_10897_33312_10943_11552_14092_12054_11960_11280_11294_11295_11298_11307_11498_12879_13089_13506,schizophrenia,MONDO_grouped,3791,KDR,NCBI,HGNC:6307,KDR,kinase insert domain receptor,P35968
MONDO:0005090,schizophrenia,schizophrenia,5090_13498_8414_10897_33312_10943_11552_14092_12054_11960_11280_11294_11295_11298_11307_11498_12879_13089_13506,schizophrenia,MONDO_grouped,57576,KIF17,NCBI,HGNC:19167,KIF17,kinesin family member 17,Q9P2E2
MONDO:0005090,schizophrenia,schizophrenia,5090_13498_8414_10897_33312_10943_11552_14092_12054_11960_11280_11294_11295_11298_11307_11498_12879_13089_13506,schizophrenia,MONDO_grouped,3796,KIF2A,NCBI,HGNC:6318,KIF2A,kinesin family member 2A,O00139
MONDO:0005090,schizophrenia,schizophrenia,5090_13498_8414_10897_33312_10943_11552_14092_12054_11960_11280_11294_11295_11298_11307_11498_12879_13089_13506,schizophrenia,MONDO_grouped,11278,KLF12,NCBI,HGNC:6346,KLF12,KLF transcription factor 12,Q9Y4X4
MONDO:0005090,schizophrenia,schizophrenia,5090_13498_8414_10897_33312_10943_11552_14092_12054_11960_11280_11294_11295_11298_11307_11498_12879_13089_13506,schizophrenia,MONDO_grouped,688,KLF5,NCBI,HGNC:6349,KLF5,KLF transcription factor 5,Q13887
MONDO:0005090,schizophrenia,schizophrenia,5090_13498_8414_10897_33312_10943_11552_14092_12054_11960_11280_11294_11295_11298_11307_11498_12879_13089_13506,schizophrenia,MONDO_grouped,8564,KMO,NCBI,HGNC:6381,KMO,kynurenine 3-monooxygenase,O15229
MONDO:0005090,schizophrenia,schizophrenia,5090_13498_8414_10897_33312_10943_11552_14092_12054_11960_11280_11294_11295_11298_11307_11498_12879_13089_13506,schizophrenia,MONDO_grouped,4297,KMT2A,NCBI,HGNC:7132,KMT2A,lysine methyltransferase 2A,Q03164
MONDO:0005090,schizophrenia,schizophrenia,5090_13498_8414_10897_33312_10943_11552_14092_12054_11960_11280_11294_11295_11298_11307_11498_12879_13089_13506,schizophrenia,MONDO_grouped,3836,KPNA1,NCBI,HGNC:6394,KPNA1,karyopherin subunit alpha 1,P52294
MONDO:0005090,schizophrenia,schizophrenia,5090_13498_8414_10897_33312_10943_11552_14092_12054_11960_11280_11294_11295_11298_11307_11498_12879_13089_13506,schizophrenia,MONDO_grouped,3839,KPNA3,NCBI,HGNC:6396,KPNA3,karyopherin subunit alpha 3,O00505
MONDO:0005090,schizophrenia,schizophrenia,5090_13498_8414_10897_33312_10943_11552_14092_12054_11960_11280_11294_11295_11298_11307_11498_12879_13089_13506,schizophrenia,MONDO_grouped,83999,KREMEN1,NCBI,HGNC:17550,KREMEN1,kringle containing transmembrane protein 1,Q96MU8
MONDO:0005090,schizophrenia,schizophrenia,5090_13498_8414_10897_33312_10943_11552_14092_12054_11960_11280_11294_11295_11298_11307_11498_12879_13089_13506,schizophrenia,MONDO_grouped,284217,LAMA1,NCBI,HGNC:6481,LAMA1,laminin subunit alpha 1,P25391
MONDO:0005090,schizophrenia,schizophrenia,5090_13498_8414_10897_33312_10943_11552_14092_12054_11960_11280_11294_11295_11298_11307_11498_12879_13089_13506,schizophrenia,MONDO_grouped,3908,LAMA2,NCBI,HGNC:6482,LAMA2,laminin subunit alpha 2,P24043
MONDO:0005090,schizophrenia,schizophrenia,5090_13498_8414_10897_33312_10943_11552_14092_12054_11960_11280_11294_11295_11298_11307_11498_12879_13089_13506,schizophrenia,MONDO_grouped,23395,LARS2,NCBI,HGNC:17095,LARS2,"leucyl-tRNA synthetase 2, mitochondrial",Q15031
MONDO:0005090,schizophrenia,schizophrenia,5090_13498_8414_10897_33312_10943_11552_14092_12054_11960_11280_11294_11295_11298_11307_11498_12879_13089_13506,schizophrenia,MONDO_grouped,3927,LASP1,NCBI,HGNC:6513,LASP1,LIM and SH3 protein 1,Q14847
MONDO:0005090,schizophrenia,schizophrenia,5090_13498_8414_10897_33312_10943_11552_14092_12054_11960_11280_11294_11295_11298_11307_11498_12879_13089_13506,schizophrenia,MONDO_grouped,3934,LCN2,NCBI,HGNC:6526,LCN2,lipocalin 2,P80188
MONDO:0005090,schizophrenia,schizophrenia,5090_13498_8414_10897_33312_10943_11552_14092_12054_11960_11280_11294_11295_11298_11307_11498_12879_13089_13506,schizophrenia,MONDO_grouped,3952,LEP,NCBI,HGNC:6553,LEP,leptin,P41159
MONDO:0005090,schizophrenia,schizophrenia,5090_13498_8414_10897_33312_10943_11552_14092_12054_11960_11280_11294_11295_11298_11307_11498_12879_13089_13506,schizophrenia,MONDO_grouped,26468,LHX6,NCBI,HGNC:21735,LHX6,LIM homeobox 6,Q9UPM6
MONDO:0005090,schizophrenia,schizophrenia,5090_13498_8414_10897_33312_10943_11552_14092_12054_11960_11280_11294_11295_11298_11307_11498_12879_13089_13506,schizophrenia,MONDO_grouped,3977,LIFR,NCBI,HGNC:6597,LIFR,LIF receptor subunit alpha,P42702
MONDO:0005090,schizophrenia,schizophrenia,5090_13498_8414_10897_33312_10943_11552_14092_12054_11960_11280_11294_11295_11298_11307_11498_12879_13089_13506,schizophrenia,MONDO_grouped,10859,LILRB1,NCBI,HGNC:6605,LILRB1,leukocyte immunoglobulin like receptor B1,Q8NHL6
MONDO:0005090,schizophrenia,schizophrenia,5090_13498_8414_10897_33312_10943_11552_14092_12054_11960_11280_11294_11295_11298_11307_11498_12879_13089_13506,schizophrenia,MONDO_grouped,81562,LMAN2L,NCBI,HGNC:19263,LMAN2L,"lectin, mannose binding 2 like",Q9H0V9
MONDO:0005090,schizophrenia,schizophrenia,5090_13498_8414_10897_33312_10943_11552_14092_12054_11960_11280_11294_11295_11298_11307_11498_12879_13089_13506,schizophrenia,MONDO_grouped,442721,LMOD2,NCBI,HGNC:6648,LMOD2,leiomodin 2,Q6P5Q4
MONDO:0005090,schizophrenia,schizophrenia,5090_13498_8414_10897_33312_10943_11552_14092_12054_11960_11280_11294_11295_11298_11307_11498_12879_13089_13506,schizophrenia,MONDO_grouped,4009,LMX1A,NCBI,HGNC:6653,LMX1A,LIM homeobox transcription factor 1 alpha,Q8TE12
MONDO:0005090,schizophrenia,schizophrenia,5090_13498_8414_10897_33312_10943_11552_14092_12054_11960_11280_11294_11295_11298_11307_11498_12879_13089_13506,schizophrenia,MONDO_grouped,4010,LMX1B,NCBI,HGNC:6654,LMX1B,LIM homeobox transcription factor 1 beta,O60663
MONDO:0005090,schizophrenia,schizophrenia,5090_13498_8414_10897_33312_10943_11552_14092_12054_11960_11280_11294_11295_11298_11307_11498_12879_13089_13506,schizophrenia,MONDO_grouped,1902,LPAR1,NCBI,HGNC:3166,LPAR1,lysophosphatidic acid receptor 1,Q92633
MONDO:0005090,schizophrenia,schizophrenia,5090_13498_8414_10897_33312_10943_11552_14092_12054_11960_11280_11294_11295_11298_11307_11498_12879_13089_13506,schizophrenia,MONDO_grouped,4023,LPL,NCBI,HGNC:6677,LPL,lipoprotein lipase,P06858
MONDO:0005090,schizophrenia,schizophrenia,5090_13498_8414_10897_33312_10943_11552_14092_12054_11960_11280_11294_11295_11298_11307_11498_12879_13089_13506,schizophrenia,MONDO_grouped,4035,LRP1,NCBI,HGNC:6692,LRP1,LDL receptor related protein 1,Q07954
MONDO:0005090,schizophrenia,schizophrenia,5090_13498_8414_10897_33312_10943_11552_14092_12054_11960_11280_11294_11295_11298_11307_11498_12879_13089_13506,schizophrenia,MONDO_grouped,4036,LRP2,NCBI,HGNC:6694,LRP2,LDL receptor related protein 2,P98164
MONDO:0005090,schizophrenia,schizophrenia,5090_13498_8414_10897_33312_10943_11552_14092_12054_11960_11280_11294_11295_11298_11307_11498_12879_13089_13506,schizophrenia,MONDO_grouped,7804,LRP8,NCBI,HGNC:6700,LRP8,LDL receptor related protein 8,Q14114
MONDO:0005090,schizophrenia,schizophrenia,5090_13498_8414_10897_33312_10943_11552_14092_12054_11960_11280_11294_11295_11298_11307_11498_12879_13089_13506,schizophrenia,MONDO_grouped,347730,LRRTM1,NCBI,HGNC:19408,LRRTM1,leucine rich repeat transmembrane neuronal 1,Q86UE6
MONDO:0005090,schizophrenia,schizophrenia,5090_13498_8414_10897_33312_10943_11552_14092_12054_11960_11280_11294_11295_11298_11307_11498_12879_13089_13506,schizophrenia,MONDO_grouped,4045,LSAMP,NCBI,HGNC:6705,LSAMP,limbic system associated membrane protein,Q13449
MONDO:0005090,schizophrenia,schizophrenia,5090_13498_8414_10897_33312_10943_11552_14092_12054_11960_11280_11294_11295_11298_11307_11498_12879_13089_13506,schizophrenia,MONDO_grouped,4049,LTA,NCBI,HGNC:6709,LTA,lymphotoxin alpha,P01374
MONDO:0005090,schizophrenia,schizophrenia,5090_13498_8414_10897_33312_10943_11552_14092_12054_11960_11280_11294_11295_11298_11307_11498_12879_13089_13506,schizophrenia,MONDO_grouped,57128,LYRM4,NCBI,HGNC:21365,LYRM4,LYR motif containing 4,Q9HD34
MONDO:0005090,schizophrenia,schizophrenia,5090_13498_8414_10897_33312_10943_11552_14092_12054_11960_11280_11294_11295_11298_11307_11498_12879_13089_13506,schizophrenia,MONDO_grouped,8379,MAD1L1,NCBI,HGNC:6762,MAD1L1,mitotic arrest deficient 1 like 1,Q9Y6D9
MONDO:0005090,schizophrenia,schizophrenia,5090_13498_8414_10897_33312_10943_11552_14092_12054_11960_11280_11294_11295_11298_11307_11498_12879_13089_13506,schizophrenia,MONDO_grouped,4099,MAG,NCBI,HGNC:6783,MAG,myelin associated glycoprotein,P20916
MONDO:0005090,schizophrenia,schizophrenia,5090_13498_8414_10897_33312_10943_11552_14092_12054_11960_11280_11294_11295_11298_11307_11498_12879_13089_13506,schizophrenia,MONDO_grouped,9947,MAGEC1,NCBI,HGNC:6812,MAGEC1,MAGE family member C1,O60732
MONDO:0005090,schizophrenia,schizophrenia,5090_13498_8414_10897_33312_10943_11552_14092_12054_11960_11280_11294_11295_11298_11307_11498_12879_13089_13506,schizophrenia,MONDO_grouped,9223,MAGI1,NCBI,HGNC:946,MAGI1,"membrane associated guanylate kinase, WW and PDZ domain containing 1",Q96QZ7
MONDO:0005090,schizophrenia,schizophrenia,5090_13498_8414_10897_33312_10943_11552_14092_12054_11960_11280_11294_11295_11298_11307_11498_12879_13089_13506,schizophrenia,MONDO_grouped,9863,MAGI2,NCBI,HGNC:18957,MAGI2,"membrane associated guanylate kinase, WW and PDZ domain containing 2",Q86UL8
MONDO:0005090,schizophrenia,schizophrenia,5090_13498_8414_10897_33312_10943_11552_14092_12054_11960_11280_11294_11295_11298_11307_11498_12879_13089_13506,schizophrenia,MONDO_grouped,4128,MAOA,NCBI,HGNC:6833,MAOA,monoamine oxidase A,P21397
MONDO:0005090,schizophrenia,schizophrenia,5090_13498_8414_10897_33312_10943_11552_14092_12054_11960_11280_11294_11295_11298_11307_11498_12879_13089_13506,schizophrenia,MONDO_grouped,4129,MAOB,NCBI,HGNC:6834,MAOB,monoamine oxidase B,P27338
MONDO:0005090,schizophrenia,schizophrenia,5090_13498_8414_10897_33312_10943_11552_14092_12054_11960_11280_11294_11295_11298_11307_11498_12879_13089_13506,schizophrenia,MONDO_grouped,5609,MAP2K7,NCBI,HGNC:6847,MAP2K7,mitogen-activated protein kinase kinase 7,O14733
MONDO:0005090,schizophrenia,schizophrenia,5090_13498_8414_10897_33312_10943_11552_14092_12054_11960_11280_11294_11295_11298_11307_11498_12879_13089_13506,schizophrenia,MONDO_grouped,4135,MAP6,NCBI,HGNC:6868,MAP6,microtubule associated protein 6,Q96JE9
MONDO:0005090,schizophrenia,schizophrenia,5090_13498_8414_10897_33312_10943_11552_14092_12054_11960_11280_11294_11295_11298_11307_11498_12879_13089_13506,schizophrenia,MONDO_grouped,5594,MAPK1,NCBI,HGNC:6871,MAPK1,mitogen-activated protein kinase 1,P28482
MONDO:0005090,schizophrenia,schizophrenia,5090_13498_8414_10897_33312_10943_11552_14092_12054_11960_11280_11294_11295_11298_11307_11498_12879_13089_13506,schizophrenia,MONDO_grouped,1432,MAPK14,NCBI,HGNC:6876,MAPK14,mitogen-activated protein kinase 14,Q16539
MONDO:0005090,schizophrenia,schizophrenia,5090_13498_8414_10897_33312_10943_11552_14092_12054_11960_11280_11294_11295_11298_11307_11498_12879_13089_13506,schizophrenia,MONDO_grouped,5595,MAPK3,NCBI,HGNC:6877,MAPK3,mitogen-activated protein kinase 3,P27361
MONDO:0005090,schizophrenia,schizophrenia,5090_13498_8414_10897_33312_10943_11552_14092_12054_11960_11280_11294_11295_11298_11307_11498_12879_13089_13506,schizophrenia,MONDO_grouped,5599,MAPK8,NCBI,HGNC:6881,MAPK8,mitogen-activated protein kinase 8,P45983
MONDO:0005090,schizophrenia,schizophrenia,5090_13498_8414_10897_33312_10943_11552_14092_12054_11960_11280_11294_11295_11298_11307_11498_12879_13089_13506,schizophrenia,MONDO_grouped,2011,MARK2,NCBI,HGNC:3332,MARK2,microtubule affinity regulating kinase 2,Q7KZI7
MONDO:0005090,schizophrenia,schizophrenia,5090_13498_8414_10897_33312_10943_11552_14092_12054_11960_11280_11294_11295_11298_11307_11498_12879_13089_13506,schizophrenia,MONDO_grouped,8932,MBD2,NCBI,HGNC:6917,MBD2,methyl-CpG binding domain protein 2,Q9UBB5
MONDO:0005090,schizophrenia,schizophrenia,5090_13498_8414_10897_33312_10943_11552_14092_12054_11960_11280_11294_11295_11298_11307_11498_12879_13089_13506,schizophrenia,MONDO_grouped,4154,MBNL1,NCBI,HGNC:6923,MBNL1,muscleblind like splicing regulator 1,Q9NR56
MONDO:0005090,schizophrenia,schizophrenia,5090_13498_8414_10897_33312_10943_11552_14092_12054_11960_11280_11294_11295_11298_11307_11498_12879_13089_13506,schizophrenia,MONDO_grouped,4155,MBP,NCBI,HGNC:6925,MBP,myelin basic protein,P02686
MONDO:0005090,schizophrenia,schizophrenia,5090_13498_8414_10897_33312_10943_11552_14092_12054_11960_11280_11294_11295_11298_11307_11498_12879_13089_13506,schizophrenia,MONDO_grouped,4161,MC5R,NCBI,HGNC:6933,MC5R,melanocortin 5 receptor,P33032
MONDO:0005090,schizophrenia,schizophrenia,5090_13498_8414_10897_33312_10943_11552_14092_12054_11960_11280_11294_11295_11298_11307_11498_12879_13089_13506,schizophrenia,MONDO_grouped,27349,MCAT,NCBI,HGNC:29622,MCAT,malonyl-CoA-acyl carrier protein transacylase,Q8IVS2
MONDO:0005090,schizophrenia,schizophrenia,5090_13498_8414_10897_33312_10943_11552_14092_12054_11960_11280_11294_11295_11298_11307_11498_12879_13089_13506,schizophrenia,MONDO_grouped,2847,MCHR1,NCBI,HGNC:4479,MCHR1,melanin concentrating hormone receptor 1,Q99705
MONDO:0005090,schizophrenia,schizophrenia,5090_13498_8414_10897_33312_10943_11552_14092_12054_11960_11280_11294_11295_11298_11307_11498_12879_13089_13506,schizophrenia,MONDO_grouped,84539,MCHR2,NCBI,HGNC:20867,MCHR2,melanin concentrating hormone receptor 2,Q969V1
MONDO:0005090,schizophrenia,schizophrenia,5090_13498_8414_10897_33312_10943_11552_14092_12054_11960_11280_11294_11295_11298_11307_11498_12879_13089_13506,schizophrenia,MONDO_grouped,55784,MCTP2,NCBI,HGNC:25636,MCTP2,multiple C2 and transmembrane domain containing 2,Q6DN12
MONDO:0005090,schizophrenia,schizophrenia,5090_13498_8414_10897_33312_10943_11552_14092_12054_11960_11280_11294_11295_11298_11307_11498_12879_13089_13506,schizophrenia,MONDO_grouped,266727,MDGA1,NCBI,HGNC:19267,MDGA1,MAM domain containing glycosylphosphatidylinositol anchor 1,Q8NFP4
MONDO:0005090,schizophrenia,schizophrenia,5090_13498_8414_10897_33312_10943_11552_14092_12054_11960_11280_11294_11295_11298_11307_11498_12879_13089_13506,schizophrenia,MONDO_grouped,4190,MDH1,NCBI,HGNC:6970,MDH1,malate dehydrogenase 1,P40925
MONDO:0005090,schizophrenia,schizophrenia,5090_13498_8414_10897_33312_10943_11552_14092_12054_11960_11280_11294_11295_11298_11307_11498_12879_13089_13506,schizophrenia,MONDO_grouped,4192,MDK,NCBI,HGNC:6972,MDK,midkine,P21741
MONDO:0005090,schizophrenia,schizophrenia,5090_13498_8414_10897_33312_10943_11552_14092_12054_11960_11280_11294_11295_11298_11307_11498_12879_13089_13506,schizophrenia,MONDO_grouped,4200,ME2,NCBI,HGNC:6984,ME2,malic enzyme 2,P23368
MONDO:0005090,schizophrenia,schizophrenia,5090_13498_8414_10897_33312_10943_11552_14092_12054_11960_11280_11294_11295_11298_11307_11498_12879_13089_13506,schizophrenia,MONDO_grouped,9968,MED12,NCBI,HGNC:11957,MED12,mediator complex subunit 12,Q93074
MONDO:0005090,schizophrenia,schizophrenia,5090_13498_8414_10897_33312_10943_11552_14092_12054_11960_11280_11294_11295_11298_11307_11498_12879_13089_13506,schizophrenia,MONDO_grouped,51586,MED15,NCBI,HGNC:14248,MED15,mediator complex subunit 15,Q96RN5
MONDO:0005090,schizophrenia,schizophrenia,5090_13498_8414_10897_33312_10943_11552_14092_12054_11960_11280_11294_11295_11298_11307_11498_12879_13089_13506,schizophrenia,MONDO_grouped,84466,MEGF10,NCBI,HGNC:29634,MEGF10,multiple EGF like domains 10,Q96KG7
MONDO:0005090,schizophrenia,schizophrenia,5090_13498_8414_10897_33312_10943_11552_14092_12054_11960_11280_11294_11295_11298_11307_11498_12879_13089_13506,schizophrenia,MONDO_grouped,4233,MET,NCBI,HGNC:7029,MET,"MET proto-oncogene, receptor tyrosine kinase",P08581
MONDO:0005090,schizophrenia,schizophrenia,5090_13498_8414_10897_33312_10943_11552_14092_12054_11960_11280_11294_11295_11298_11307_11498_12879_13089_13506,schizophrenia,MONDO_grouped,4277,MICB,NCBI,HGNC:7091,MICB,MHC class I polypeptide-related sequence B,Q29980
MONDO:0005090,schizophrenia,schizophrenia,5090_13498_8414_10897_33312_10943_11552_14092_12054_11960_11280_11294_11295_11298_11307_11498_12879_13089_13506,schizophrenia,MONDO_grouped,23209,MLC1,NCBI,HGNC:17082,MLC1,modulator of VRAC current 1,Q15049
MONDO:0005090,schizophrenia,schizophrenia,5090_13498_8414_10897_33312_10943_11552_14092_12054_11960_11280_11294_11295_11298_11307_11498_12879_13089_13506,schizophrenia,MONDO_grouped,4314,MMP3,NCBI,HGNC:7173,MMP3,matrix metallopeptidase 3,P08254
MONDO:0005090,schizophrenia,schizophrenia,5090_13498_8414_10897_33312_10943_11552_14092_12054_11960_11280_11294_11295_11298_11307_11498_12879_13089_13506,schizophrenia,MONDO_grouped,4318,MMP9,NCBI,HGNC:7176,MMP9,matrix metallopeptidase 9,P14780
MONDO:0005090,schizophrenia,schizophrenia,5090_13498_8414_10897_33312_10943_11552_14092_12054_11960_11280_11294_11295_11298_11307_11498_12879_13089_13506,schizophrenia,MONDO_grouped,4340,MOG,NCBI,HGNC:7197,MOG,myelin oligodendrocyte glycoprotein,Q16653
MONDO:0005090,schizophrenia,schizophrenia,5090_13498_8414_10897_33312_10943_11552_14092_12054_11960_11280_11294_11295_11298_11307_11498_12879_13089_13506,schizophrenia,MONDO_grouped,9019,MPZL1,NCBI,HGNC:7226,MPZL1,myelin protein zero like 1,O95297
MONDO:0005090,schizophrenia,schizophrenia,5090_13498_8414_10897_33312_10943_11552_14092_12054_11960_11280_11294_11295_11298_11307_11498_12879_13089_13506,schizophrenia,MONDO_grouped,4482,MSRA,NCBI,HGNC:7377,MSRA,methionine sulfoxide reductase A,Q9UJ68
MONDO:0005090,schizophrenia,schizophrenia,5090_13498_8414_10897_33312_10943_11552_14092_12054_11960_11280_11294_11295_11298_11307_11498_12879_13089_13506,schizophrenia,MONDO_grouped,51734,MSRB1,NCBI,HGNC:14133,MSRB1,methionine sulfoxide reductase B1,Q9NZV6
MONDO:0005090,schizophrenia,schizophrenia,5090_13498_8414_10897_33312_10943_11552_14092_12054_11960_11280_11294_11295_11298_11307_11498_12879_13089_13506,schizophrenia,MONDO_grouped,118490,MSS51,NCBI,HGNC:21000,MSS51,MSS51 mitochondrial translational activator,Q4VC12
MONDO:0005090,schizophrenia,schizophrenia,5090_13498_8414_10897_33312_10943_11552_14092_12054_11960_11280_11294_11295_11298_11307_11498_12879_13089_13506,schizophrenia,MONDO_grouped,4522,MTHFD1,NCBI,HGNC:7432,MTHFD1,"methylenetetrahydrofolate dehydrogenase, cyclohydrolase and formyltetrahydrofolate synthetase 1",P11586
MONDO:0005090,schizophrenia,schizophrenia,5090_13498_8414_10897_33312_10943_11552_14092_12054_11960_11280_11294_11295_11298_11307_11498_12879_13089_13506,schizophrenia,MONDO_grouped,4524,MTHFR,NCBI,HGNC:7436,MTHFR,methylenetetrahydrofolate reductase,P42898
MONDO:0005090,schizophrenia,schizophrenia,5090_13498_8414_10897_33312_10943_11552_14092_12054_11960_11280_11294_11295_11298_11307_11498_12879_13089_13506,schizophrenia,MONDO_grouped,4543,MTNR1A,NCBI,HGNC:7463,MTNR1A,melatonin receptor 1A,P48039
MONDO:0005090,schizophrenia,schizophrenia,5090_13498_8414_10897_33312_10943_11552_14092_12054_11960_11280_11294_11295_11298_11307_11498_12879_13089_13506,schizophrenia,MONDO_grouped,2475,MTOR,NCBI,HGNC:3942,MTOR,mechanistic target of rapamycin kinase,P42345
MONDO:0005090,schizophrenia,schizophrenia,5090_13498_8414_10897_33312_10943_11552_14092_12054_11960_11280_11294_11295_11298_11307_11498_12879_13089_13506,schizophrenia,MONDO_grouped,4548,MTR,NCBI,HGNC:7468,MTR,5-methyltetrahydrofolate-homocysteine methyltransferase,Q99707
MONDO:0005090,schizophrenia,schizophrenia,5090_13498_8414_10897_33312_10943_11552_14092_12054_11960_11280_11294_11295_11298_11307_11498_12879_13089_13506,schizophrenia,MONDO_grouped,23026,MYO16,NCBI,HGNC:29822,MYO16,myosin XVI,Q9Y6X6
MONDO:0005090,schizophrenia,schizophrenia,5090_13498_8414_10897_33312_10943_11552_14092_12054_11960_11280_11294_11295_11298_11307_11498_12879_13089_13506,schizophrenia,MONDO_grouped,4645,MYO5B,NCBI,HGNC:7603,MYO5B,myosin VB,Q9ULV0
MONDO:0005090,schizophrenia,schizophrenia,5090_13498_8414_10897_33312_10943_11552_14092_12054_11960_11280_11294_11295_11298_11307_11498_12879_13089_13506,schizophrenia,MONDO_grouped,4650,MYO9B,NCBI,HGNC:7609,MYO9B,myosin IXB,Q13459
MONDO:0005090,schizophrenia,schizophrenia,5090_13498_8414_10897_33312_10943_11552_14092_12054_11960_11280_11294_11295_11298_11307_11498_12879_13089_13506,schizophrenia,MONDO_grouped,23040,MYT1L,NCBI,HGNC:7623,MYT1L,myelin transcription factor 1 like,Q9UL68
MONDO:0005090,schizophrenia,schizophrenia,5090_13498_8414_10897_33312_10943_11552_14092_12054_11960_11280_11294_11295_11298_11307_11498_12879_13089_13506,schizophrenia,MONDO_grouped,89796,NAV1,NCBI,HGNC:15989,NAV1,neuron navigator 1,Q8NEY1
MONDO:0005090,schizophrenia,schizophrenia,5090_13498_8414_10897_33312_10943_11552_14092_12054_11960_11280_11294_11295_11298_11307_11498_12879_13089_13506,schizophrenia,MONDO_grouped,4684,NCAM1,NCBI,HGNC:7656,NCAM1,neural cell adhesion molecule 1,P13591
MONDO:0005090,schizophrenia,schizophrenia,5090_13498_8414_10897_33312_10943_11552_14092_12054_11960_11280_11294_11295_11298_11307_11498_12879_13089_13506,schizophrenia,MONDO_grouped,1463,NCAN,NCBI,HGNC:2465,NCAN,neurocan,O14594
MONDO:0005090,schizophrenia,schizophrenia,5090_13498_8414_10897_33312_10943_11552_14092_12054_11960_11280_11294_11295_11298_11307_11498_12879_13089_13506,schizophrenia,MONDO_grouped,23413,NCS1,NCBI,HGNC:3953,NCS1,neuronal calcium sensor 1,P62166
MONDO:0005090,schizophrenia,schizophrenia,5090_13498_8414_10897_33312_10943_11552_14092_12054_11960_11280_11294_11295_11298_11307_11498_12879_13089_13506,schizophrenia,MONDO_grouped,4538,ND4,NCBI,HGNC:7459,MT-ND4,mitochondrially encoded NADH:ubiquinone oxidoreductase core subunit 4,C0HME5
MONDO:0005090,schizophrenia,schizophrenia,5090_13498_8414_10897_33312_10943_11552_14092_12054_11960_11280_11294_11295_11298_11307_11498_12879_13089_13506,schizophrenia,MONDO_grouped,4538,ND4,NCBI,HGNC:7459,MT-ND4,mitochondrially encoded NADH:ubiquinone oxidoreductase core subunit 4,P03905
MONDO:0005090,schizophrenia,schizophrenia,5090_13498_8414_10897_33312_10943_11552_14092_12054_11960_11280_11294_11295_11298_11307_11498_12879_13089_13506,schizophrenia,MONDO_grouped,54820,NDE1,NCBI,HGNC:17619,NDE1,nudE neurodevelopment protein 1,Q9NXR1
MONDO:0005090,schizophrenia,schizophrenia,5090_13498_8414_10897_33312_10943_11552_14092_12054_11960_11280_11294_11295_11298_11307_11498_12879_13089_13506,schizophrenia,MONDO_grouped,81565,NDEL1,NCBI,HGNC:17620,NDEL1,nudE neurodevelopment protein 1 like 1,Q9GZM8
MONDO:0005090,schizophrenia,schizophrenia,5090_13498_8414_10897_33312_10943_11552_14092_12054_11960_11280_11294_11295_11298_11307_11498_12879_13089_13506,schizophrenia,MONDO_grouped,4693,NDP,NCBI,HGNC:7678,NDP,norrin cystine knot growth factor NDP,Q00604
MONDO:0005090,schizophrenia,schizophrenia,5090_13498_8414_10897_33312_10943_11552_14092_12054_11960_11280_11294_11295_11298_11307_11498_12879_13089_13506,schizophrenia,MONDO_grouped,9348,NDST3,NCBI,HGNC:7682,NDST3,N-deacetylase and N-sulfotransferase 3,O95803
MONDO:0005090,schizophrenia,schizophrenia,5090_13498_8414_10897_33312_10943_11552_14092_12054_11960_11280_11294_11295_11298_11307_11498_12879_13089_13506,schizophrenia,MONDO_grouped,4719,NDUFS1,NCBI,HGNC:7707,NDUFS1,NADH:ubiquinone oxidoreductase core subunit S1,P28331
MONDO:0005090,schizophrenia,schizophrenia,5090_13498_8414_10897_33312_10943_11552_14092_12054_11960_11280_11294_11295_11298_11307_11498_12879_13089_13506,schizophrenia,MONDO_grouped,4723,NDUFV1,NCBI,HGNC:7716,NDUFV1,NADH:ubiquinone oxidoreductase core subunit V1,P49821
MONDO:0005090,schizophrenia,schizophrenia,5090_13498_8414_10897_33312_10943_11552_14092_12054_11960_11280_11294_11295_11298_11307_11498_12879_13089_13506,schizophrenia,MONDO_grouped,4729,NDUFV2,NCBI,HGNC:7717,NDUFV2,NADH:ubiquinone oxidoreductase core subunit V2,P19404
MONDO:0005090,schizophrenia,schizophrenia,5090_13498_8414_10897_33312_10943_11552_14092_12054_11960_11280_11294_11295_11298_11307_11498_12879_13089_13506,schizophrenia,MONDO_grouped,4747,NEFL,NCBI,HGNC:7739,NEFL,neurofilament light chain,P07196
MONDO:0005090,schizophrenia,schizophrenia,5090_13498_8414_10897_33312_10943_11552_14092_12054_11960_11280_11294_11295_11298_11307_11498_12879_13089_13506,schizophrenia,MONDO_grouped,4762,NEUROG1,NCBI,HGNC:7764,NEUROG1,neurogenin 1,Q92886
MONDO:0005090,schizophrenia,schizophrenia,5090_13498_8414_10897_33312_10943_11552_14092_12054_11960_11280_11294_11295_11298_11307_11498_12879_13089_13506,schizophrenia,MONDO_grouped,23114,NFASC,NCBI,HGNC:29866,NFASC,neurofascin,O94856
MONDO:0005090,schizophrenia,schizophrenia,5090_13498_8414_10897_33312_10943_11552_14092_12054_11960_11280_11294_11295_11298_11307_11498_12879_13089_13506,schizophrenia,MONDO_grouped,4804,NGFR,NCBI,HGNC:7809,NGFR,nerve growth factor receptor,P08138
MONDO:0005090,schizophrenia,schizophrenia,5090_13498_8414_10897_33312_10943_11552_14092_12054_11960_11280_11294_11295_11298_11307_11498_12879_13089_13506,schizophrenia,MONDO_grouped,222698,NKAPL,NCBI,HGNC:21584,NKAPL,NFKB activating protein like,Q5M9Q1
MONDO:0005090,schizophrenia,schizophrenia,5090_13498_8414_10897_33312_10943_11552_14092_12054_11960_11280_11294_11295_11298_11307_11498_12879_13089_13506,schizophrenia,MONDO_grouped,22871,NLGN1,NCBI,HGNC:14291,NLGN1,neuroligin 1,Q8N2Q7
MONDO:0005090,schizophrenia,schizophrenia,5090_13498_8414_10897_33312_10943_11552_14092_12054_11960_11280_11294_11295_11298_11307_11498_12879_13089_13506,schizophrenia,MONDO_grouped,57555,NLGN2,NCBI,HGNC:14290,NLGN2,neuroligin 2,Q8NFZ4
MONDO:0005090,schizophrenia,schizophrenia,5090_13498_8414_10897_33312_10943_11552_14092_12054_11960_11280_11294_11295_11298_11307_11498_12879_13089_13506,schizophrenia,MONDO_grouped,4837,NNMT,NCBI,HGNC:7861,NNMT,nicotinamide N-methyltransferase,P40261
MONDO:0005090,schizophrenia,schizophrenia,5090_13498_8414_10897_33312_10943_11552_14092_12054_11960_11280_11294_11295_11298_11307_11498_12879_13089_13506,schizophrenia,MONDO_grouped,4842,NOS1,NCBI,HGNC:7872,NOS1,nitric oxide synthase 1,P29475
MONDO:0005090,schizophrenia,schizophrenia,5090_13498_8414_10897_33312_10943_11552_14092_12054_11960_11280_11294_11295_11298_11307_11498_12879_13089_13506,schizophrenia,MONDO_grouped,9722,NOS1AP,NCBI,HGNC:16859,NOS1AP,nitric oxide synthase 1 adaptor protein,O75052
MONDO:0005090,schizophrenia,schizophrenia,5090_13498_8414_10897_33312_10943_11552_14092_12054_11960_11280_11294_11295_11298_11307_11498_12879_13089_13506,schizophrenia,MONDO_grouped,4855,NOTCH4,NCBI,HGNC:7884,NOTCH4,notch receptor 4,Q99466
MONDO:0005090,schizophrenia,schizophrenia,5090_13498_8414_10897_33312_10943_11552_14092_12054_11960_11280_11294_11295_11298_11307_11498_12879_13089_13506,schizophrenia,MONDO_grouped,4861,NPAS1,NCBI,HGNC:7894,NPAS1,neuronal PAS domain protein 1,Q99742
MONDO:0005090,schizophrenia,schizophrenia,5090_13498_8414_10897_33312_10943_11552_14092_12054_11960_11280_11294_11295_11298_11307_11498_12879_13089_13506,schizophrenia,MONDO_grouped,4862,NPAS2,NCBI,HGNC:7895,NPAS2,neuronal PAS domain protein 2,Q99743
MONDO:0005090,schizophrenia,schizophrenia,5090_13498_8414_10897_33312_10943_11552_14092_12054_11960_11280_11294_11295_11298_11307_11498_12879_13089_13506,schizophrenia,MONDO_grouped,64067,NPAS3,NCBI,HGNC:19311,NPAS3,neuronal PAS domain protein 3,Q8IXF0
MONDO:0005090,schizophrenia,schizophrenia,5090_13498_8414_10897_33312_10943_11552_14092_12054_11960_11280_11294_11295_11298_11307_11498_12879_13089_13506,schizophrenia,MONDO_grouped,266743,NPAS4,NCBI,HGNC:18983,NPAS4,neuronal PAS domain protein 4,Q8IUM7
MONDO:0005090,schizophrenia,schizophrenia,5090_13498_8414_10897_33312_10943_11552_14092_12054_11960_11280_11294_11295_11298_11307_11498_12879_13089_13506,schizophrenia,MONDO_grouped,10641,NPRL2,NCBI,HGNC:24969,NPRL2,"NPR2 like, GATOR1 complex subunit",Q8WTW4
MONDO:0005090,schizophrenia,schizophrenia,5090_13498_8414_10897_33312_10943_11552_14092_12054_11960_11280_11294_11295_11298_11307_11498_12879_13089_13506,schizophrenia,MONDO_grouped,594857,NPS,NCBI,HGNC:33940,NPS,neuropeptide S,P0C0P6
MONDO:0005090,schizophrenia,schizophrenia,5090_13498_8414_10897_33312_10943_11552_14092_12054_11960_11280_11294_11295_11298_11307_11498_12879_13089_13506,schizophrenia,MONDO_grouped,387129,NPSR1,NCBI,HGNC:23631,NPSR1,neuropeptide S receptor 1,Q6W5P4
MONDO:0005090,schizophrenia,schizophrenia,5090_13498_8414_10897_33312_10943_11552_14092_12054_11960_11280_11294_11295_11298_11307_11498_12879_13089_13506,schizophrenia,MONDO_grouped,27020,NPTN,NCBI,HGNC:17867,NPTN,neuroplastin,Q9Y639
MONDO:0005090,schizophrenia,schizophrenia,5090_13498_8414_10897_33312_10943_11552_14092_12054_11960_11280_11294_11295_11298_11307_11498_12879_13089_13506,schizophrenia,MONDO_grouped,4852,NPY,NCBI,HGNC:7955,NPY,neuropeptide Y,P01303
MONDO:0005090,schizophrenia,schizophrenia,5090_13498_8414_10897_33312_10943_11552_14092_12054_11960_11280_11294_11295_11298_11307_11498_12879_13089_13506,schizophrenia,MONDO_grouped,4886,NPY1R,NCBI,HGNC:7956,NPY1R,neuropeptide Y receptor Y1,P25929
MONDO:0005090,schizophrenia,schizophrenia,5090_13498_8414_10897_33312_10943_11552_14092_12054_11960_11280_11294_11295_11298_11307_11498_12879_13089_13506,schizophrenia,MONDO_grouped,4835,NQO2,NCBI,HGNC:7856,NQO2,N-ribosyldihydronicotinamide:quinone dehydrogenase 2,P16083
MONDO:0005090,schizophrenia,schizophrenia,5090_13498_8414_10897_33312_10943_11552_14092_12054_11960_11280_11294_11295_11298_11307_11498_12879_13089_13506,schizophrenia,MONDO_grouped,7101,NR2E1,NCBI,HGNC:7973,NR2E1,nuclear receptor subfamily 2 group E member 1,Q9Y466
MONDO:0005090,schizophrenia,schizophrenia,5090_13498_8414_10897_33312_10943_11552_14092_12054_11960_11280_11294_11295_11298_11307_11498_12879_13089_13506,schizophrenia,MONDO_grouped,2908,NR3C1,NCBI,HGNC:7978,NR3C1,nuclear receptor subfamily 3 group C member 1,P04150
MONDO:0005090,schizophrenia,schizophrenia,5090_13498_8414_10897_33312_10943_11552_14092_12054_11960_11280_11294_11295_11298_11307_11498_12879_13089_13506,schizophrenia,MONDO_grouped,4929,NR4A2,NCBI,HGNC:7981,NR4A2,nuclear receptor subfamily 4 group A member 2,P43354
MONDO:0005090,schizophrenia,schizophrenia,5090_13498_8414_10897_33312_10943_11552_14092_12054_11960_11280_11294_11295_11298_11307_11498_12879_13089_13506,schizophrenia,MONDO_grouped,3084,NRG1,NCBI,HGNC:7997,NRG1,neuregulin 1,Q02297
MONDO:0005090,schizophrenia,schizophrenia,5090_13498_8414_10897_33312_10943_11552_14092_12054_11960_11280_11294_11295_11298_11307_11498_12879_13089_13506,schizophrenia,MONDO_grouped,10718,NRG3,NCBI,HGNC:7999,NRG3,neuregulin 3,P56975
MONDO:0005090,schizophrenia,schizophrenia,5090_13498_8414_10897_33312_10943_11552_14092_12054_11960_11280_11294_11295_11298_11307_11498_12879_13089_13506,schizophrenia,MONDO_grouped,4900,NRGN,NCBI,HGNC:8000,NRGN,neurogranin,Q92686
MONDO:0005090,schizophrenia,schizophrenia,5090_13498_8414_10897_33312_10943_11552_14092_12054_11960_11280_11294_11295_11298_11307_11498_12879_13089_13506,schizophrenia,MONDO_grouped,8204,NRIP1,NCBI,HGNC:8001,NRIP1,nuclear receptor interacting protein 1,P48552
MONDO:0005090,schizophrenia,schizophrenia,5090_13498_8414_10897_33312_10943_11552_14092_12054_11960_11280_11294_11295_11298_11307_11498_12879_13089_13506,schizophrenia,MONDO_grouped,51299,NRN1,NCBI,HGNC:17972,NRN1,neuritin 1,Q9NPD7
MONDO:0005090,schizophrenia,schizophrenia,5090_13498_8414_10897_33312_10943_11552_14092_12054_11960_11280_11294_11295_11298_11307_11498_12879_13089_13506,schizophrenia,MONDO_grouped,9378,NRXN1,NCBI,HGNC:8008,NRXN1,neurexin 1,P58400
MONDO:0005090,schizophrenia,schizophrenia,5090_13498_8414_10897_33312_10943_11552_14092_12054_11960_11280_11294_11295_11298_11307_11498_12879_13089_13506,schizophrenia,MONDO_grouped,9378,NRXN1,NCBI,HGNC:8008,NRXN1,neurexin 1,Q9ULB1
MONDO:0005090,schizophrenia,schizophrenia,5090_13498_8414_10897_33312_10943_11552_14092_12054_11960_11280_11294_11295_11298_11307_11498_12879_13089_13506,schizophrenia,MONDO_grouped,9379,NRXN2,NCBI,HGNC:8009,NRXN2,neurexin 2,P58401
MONDO:0005090,schizophrenia,schizophrenia,5090_13498_8414_10897_33312_10943_11552_14092_12054_11960_11280_11294_11295_11298_11307_11498_12879_13089_13506,schizophrenia,MONDO_grouped,9379,NRXN2,NCBI,HGNC:8009,NRXN2,neurexin 2,Q9P2S2
MONDO:0005090,schizophrenia,schizophrenia,5090_13498_8414_10897_33312_10943_11552_14092_12054_11960_11280_11294_11295_11298_11307_11498_12879_13089_13506,schizophrenia,MONDO_grouped,9369,NRXN3,NCBI,HGNC:8010,NRXN3,neurexin 3,Q9HDB5
MONDO:0005090,schizophrenia,schizophrenia,5090_13498_8414_10897_33312_10943_11552_14092_12054_11960_11280_11294_11295_11298_11307_11498_12879_13089_13506,schizophrenia,MONDO_grouped,9369,NRXN3,NCBI,HGNC:8010,NRXN3,neurexin 3,Q9Y4C0
MONDO:0005090,schizophrenia,schizophrenia,5090_13498_8414_10897_33312_10943_11552_14092_12054_11960_11280_11294_11295_11298_11307_11498_12879_13089_13506,schizophrenia,MONDO_grouped,4908,NTF3,NCBI,HGNC:8023,NTF3,neurotrophin 3,P20783
MONDO:0005090,schizophrenia,schizophrenia,5090_13498_8414_10897_33312_10943_11552_14092_12054_11960_11280_11294_11295_11298_11307_11498_12879_13089_13506,schizophrenia,MONDO_grouped,22854,NTNG1,NCBI,HGNC:23319,NTNG1,netrin G1,Q9Y2I2
MONDO:0005090,schizophrenia,schizophrenia,5090_13498_8414_10897_33312_10943_11552_14092_12054_11960_11280_11294_11295_11298_11307_11498_12879_13089_13506,schizophrenia,MONDO_grouped,84628,NTNG2,NCBI,HGNC:14288,NTNG2,netrin G2,Q96CW9
MONDO:0005090,schizophrenia,schizophrenia,5090_13498_8414_10897_33312_10943_11552_14092_12054_11960_11280_11294_11295_11298_11307_11498_12879_13089_13506,schizophrenia,MONDO_grouped,4914,NTRK1,NCBI,HGNC:8031,NTRK1,neurotrophic receptor tyrosine kinase 1,P04629
MONDO:0005090,schizophrenia,schizophrenia,5090_13498_8414_10897_33312_10943_11552_14092_12054_11960_11280_11294_11295_11298_11307_11498_12879_13089_13506,schizophrenia,MONDO_grouped,4915,NTRK2,NCBI,HGNC:8032,NTRK2,neurotrophic receptor tyrosine kinase 2,Q16620
MONDO:0005090,schizophrenia,schizophrenia,5090_13498_8414_10897_33312_10943_11552_14092_12054_11960_11280_11294_11295_11298_11307_11498_12879_13089_13506,schizophrenia,MONDO_grouped,4916,NTRK3,NCBI,HGNC:8033,NTRK3,neurotrophic receptor tyrosine kinase 3,Q16288
MONDO:0005090,schizophrenia,schizophrenia,5090_13498_8414_10897_33312_10943_11552_14092_12054_11960_11280_11294_11295_11298_11307_11498_12879_13089_13506,schizophrenia,MONDO_grouped,4922,NTS,NCBI,HGNC:8038,NTS,neurotensin,P30990
MONDO:0005090,schizophrenia,schizophrenia,5090_13498_8414_10897_33312_10943_11552_14092_12054_11960_11280_11294_11295_11298_11307_11498_12879_13089_13506,schizophrenia,MONDO_grouped,4923,NTSR1,NCBI,HGNC:8039,NTSR1,neurotensin receptor 1,P30989
MONDO:0005090,schizophrenia,schizophrenia,5090_13498_8414_10897_33312_10943_11552_14092_12054_11960_11280_11294_11295_11298_11307_11498_12879_13089_13506,schizophrenia,MONDO_grouped,57532,NUFIP2,NCBI,HGNC:17634,NUFIP2,nuclear FMR1 interacting protein 2,Q7Z417
MONDO:0005090,schizophrenia,schizophrenia,5090_13498_8414_10897_33312_10943_11552_14092_12054_11960_11280_11294_11295_11298_11307_11498_12879_13089_13506,schizophrenia,MONDO_grouped,9253,NUMBL,NCBI,HGNC:8061,NUMBL,NUMB like endocytic adaptor protein,Q9Y6R0
MONDO:0005090,schizophrenia,schizophrenia,5090_13498_8414_10897_33312_10943_11552_14092_12054_11960_11280_11294_11295_11298_11307_11498_12879_13089_13506,schizophrenia,MONDO_grouped,10215,OLIG2,NCBI,HGNC:9398,OLIG2,oligodendrocyte transcription factor 2,Q13516
MONDO:0005090,schizophrenia,schizophrenia,5090_13498_8414_10897_33312_10943_11552_14092_12054_11960_11280_11294_11295_11298_11307_11498_12879_13089_13506,schizophrenia,MONDO_grouped,4976,OPA1,NCBI,HGNC:8140,OPA1,OPA1 mitochondrial dynamin like GTPase,O60313
MONDO:0005090,schizophrenia,schizophrenia,5090_13498_8414_10897_33312_10943_11552_14092_12054_11960_11280_11294_11295_11298_11307_11498_12879_13089_13506,schizophrenia,MONDO_grouped,4978,OPCML,NCBI,HGNC:8143,OPCML,opioid binding protein/cell adhesion molecule like,Q14982
MONDO:0005090,schizophrenia,schizophrenia,5090_13498_8414_10897_33312_10943_11552_14092_12054_11960_11280_11294_11295_11298_11307_11498_12879_13089_13506,schizophrenia,MONDO_grouped,4988,OPRM1,NCBI,HGNC:8156,OPRM1,opioid receptor mu 1,P35372
MONDO:0005090,schizophrenia,schizophrenia,5090_13498_8414_10897_33312_10943_11552_14092_12054_11960_11280_11294_11295_11298_11307_11498_12879_13089_13506,schizophrenia,MONDO_grouped,119749,OR4C46,NCBI,HGNC:31271,OR4C46,olfactory receptor family 4 subfamily C member 46,A6NHA9
MONDO:0005090,schizophrenia,schizophrenia,5090_13498_8414_10897_33312_10943_11552_14092_12054_11960_11280_11294_11295_11298_11307_11498_12879_13089_13506,schizophrenia,MONDO_grouped,9943,OXSR1,NCBI,HGNC:8508,OXSR1,oxidative stress responsive kinase 1,O95747
MONDO:0005090,schizophrenia,schizophrenia,5090_13498_8414_10897_33312_10943_11552_14092_12054_11960_11280_11294_11295_11298_11307_11498_12879_13089_13506,schizophrenia,MONDO_grouped,5020,OXT,NCBI,HGNC:8528,OXT,oxytocin/neurophysin I prepropeptide,P01178
MONDO:0005090,schizophrenia,schizophrenia,5090_13498_8414_10897_33312_10943_11552_14092_12054_11960_11280_11294_11295_11298_11307_11498_12879_13089_13506,schizophrenia,MONDO_grouped,5021,OXTR,NCBI,HGNC:8529,OXTR,oxytocin receptor,P30559
MONDO:0005090,schizophrenia,schizophrenia,5090_13498_8414_10897_33312_10943_11552_14092_12054_11960_11280_11294_11295_11298_11307_11498_12879_13089_13506,schizophrenia,MONDO_grouped,5048,PAFAH1B1,NCBI,HGNC:8574,PAFAH1B1,platelet activating factor acetylhydrolase 1b regulatory subunit 1,P43034
MONDO:0005090,schizophrenia,schizophrenia,5090_13498_8414_10897_33312_10943_11552_14092_12054_11960_11280_11294_11295_11298_11307_11498_12879_13089_13506,schizophrenia,MONDO_grouped,55824,PAG1,NCBI,HGNC:30043,PAG1,phosphoprotein membrane anchor with glycosphingolipid microdomains 1,Q9NWQ8
MONDO:0005090,schizophrenia,schizophrenia,5090_13498_8414_10897_33312_10943_11552_14092_12054_11960_11280_11294_11295_11298_11307_11498_12879_13089_13506,schizophrenia,MONDO_grouped,5053,PAH,NCBI,HGNC:8582,PAH,phenylalanine hydroxylase,P00439
MONDO:0005090,schizophrenia,schizophrenia,5090_13498_8414_10897_33312_10943_11552_14092_12054_11960_11280_11294_11295_11298_11307_11498_12879_13089_13506,schizophrenia,MONDO_grouped,5062,PAK2,NCBI,HGNC:8591,PAK2,p21 (RAC1) activated kinase 2,Q13177
MONDO:0005090,schizophrenia,schizophrenia,5090_13498_8414_10897_33312_10943_11552_14092_12054_11960_11280_11294_11295_11298_11307_11498_12879_13089_13506,schizophrenia,MONDO_grouped,80025,PANK2,NCBI,HGNC:15894,PANK2,pantothenate kinase 2,Q9BZ23
MONDO:0005090,schizophrenia,schizophrenia,5090_13498_8414_10897_33312_10943_11552_14092_12054_11960_11280_11294_11295_11298_11307_11498_12879_13089_13506,schizophrenia,MONDO_grouped,5074,PAWR,NCBI,HGNC:8614,PAWR,pro-apoptotic WT1 regulator,Q96IZ0
MONDO:0005090,schizophrenia,schizophrenia,5090_13498_8414_10897_33312_10943_11552_14092_12054_11960_11280_11294_11295_11298_11307_11498_12879_13089_13506,schizophrenia,MONDO_grouped,5080,PAX6,NCBI,HGNC:8620,PAX6,paired box 6,P26367
MONDO:0005090,schizophrenia,schizophrenia,5090_13498_8414_10897_33312_10943_11552_14092_12054_11960_11280_11294_11295_11298_11307_11498_12879_13089_13506,schizophrenia,MONDO_grouped,55193,PBRM1,NCBI,HGNC:30064,PBRM1,polybromo 1,Q86U86
MONDO:0005090,schizophrenia,schizophrenia,5090_13498_8414_10897_33312_10943_11552_14092_12054_11960_11280_11294_11295_11298_11307_11498_12879_13089_13506,schizophrenia,MONDO_grouped,27253,PCDH17,NCBI,HGNC:14267,PCDH17,protocadherin 17,O14917
MONDO:0005090,schizophrenia,schizophrenia,5090_13498_8414_10897_33312_10943_11552_14092_12054_11960_11280_11294_11295_11298_11307_11498_12879_13089_13506,schizophrenia,MONDO_grouped,5100,PCDH8,NCBI,HGNC:8660,PCDH8,protocadherin 8,O95206
MONDO:0005090,schizophrenia,schizophrenia,5090_13498_8414_10897_33312_10943_11552_14092_12054_11960_11280_11294_11295_11298_11307_11498_12879_13089_13506,schizophrenia,MONDO_grouped,5105,PCK1,NCBI,HGNC:8724,PCK1,phosphoenolpyruvate carboxykinase 1,P35558
MONDO:0005090,schizophrenia,schizophrenia,5090_13498_8414_10897_33312_10943_11552_14092_12054_11960_11280_11294_11295_11298_11307_11498_12879_13089_13506,schizophrenia,MONDO_grouped,5108,PCM1,NCBI,HGNC:8727,PCM1,pericentriolar material 1,Q15154
MONDO:0005090,schizophrenia,schizophrenia,5090_13498_8414_10897_33312_10943_11552_14092_12054_11960_11280_11294_11295_11298_11307_11498_12879_13089_13506,schizophrenia,MONDO_grouped,5116,PCNT,NCBI,HGNC:16068,PCNT,pericentrin,O95613
MONDO:0005090,schizophrenia,schizophrenia,5090_13498_8414_10897_33312_10943_11552_14092_12054_11960_11280_11294_11295_11298_11307_11498_12879_13089_13506,schizophrenia,MONDO_grouped,5141,PDE4A,NCBI,HGNC:8780,PDE4A,phosphodiesterase 4A,P27815
MONDO:0005090,schizophrenia,schizophrenia,5090_13498_8414_10897_33312_10943_11552_14092_12054_11960_11280_11294_11295_11298_11307_11498_12879_13089_13506,schizophrenia,MONDO_grouped,5142,PDE4B,NCBI,HGNC:8781,PDE4B,phosphodiesterase 4B,Q07343
MONDO:0005090,schizophrenia,schizophrenia,5090_13498_8414_10897_33312_10943_11552_14092_12054_11960_11280_11294_11295_11298_11307_11498_12879_13089_13506,schizophrenia,MONDO_grouped,5144,PDE4D,NCBI,HGNC:8783,PDE4D,phosphodiesterase 4D,Q08499
MONDO:0005090,schizophrenia,schizophrenia,5090_13498_8414_10897_33312_10943_11552_14092_12054_11960_11280_11294_11295_11298_11307_11498_12879_13089_13506,schizophrenia,MONDO_grouped,27115,PDE7B,NCBI,HGNC:8792,PDE7B,phosphodiesterase 7B,Q9NP56
MONDO:0005090,schizophrenia,schizophrenia,5090_13498_8414_10897_33312_10943_11552_14092_12054_11960_11280_11294_11295_11298_11307_11498_12879_13089_13506,schizophrenia,MONDO_grouped,5159,PDGFRB,NCBI,HGNC:8804,PDGFRB,platelet derived growth factor receptor beta,P09619
MONDO:0005090,schizophrenia,schizophrenia,5090_13498_8414_10897_33312_10943_11552_14092_12054_11960_11280_11294_11295_11298_11307_11498_12879_13089_13506,schizophrenia,MONDO_grouped,149420,PDIK1L,NCBI,HGNC:18981,PDIK1L,PDLIM1 interacting kinase 1 like,Q8N165
MONDO:0005090,schizophrenia,schizophrenia,5090_13498_8414_10897_33312_10943_11552_14092_12054_11960_11280_11294_11295_11298_11307_11498_12879_13089_13506,schizophrenia,MONDO_grouped,10611,PDLIM5,NCBI,HGNC:17468,PDLIM5,PDZ and LIM domain 5,Q96HC4
MONDO:0005090,schizophrenia,schizophrenia,5090_13498_8414_10897_33312_10943_11552_14092_12054_11960_11280_11294_11295_11298_11307_11498_12879_13089_13506,schizophrenia,MONDO_grouped,5173,PDYN,NCBI,HGNC:8820,PDYN,prodynorphin,P01213
MONDO:0005090,schizophrenia,schizophrenia,5090_13498_8414_10897_33312_10943_11552_14092_12054_11960_11280_11294_11295_11298_11307_11498_12879_13089_13506,schizophrenia,MONDO_grouped,5174,PDZK1,NCBI,HGNC:8821,PDZK1,PDZ domain containing 1,Q5T2W1
MONDO:0005090,schizophrenia,schizophrenia,5090_13498_8414_10897_33312_10943_11552_14092_12054_11960_11280_11294_11295_11298_11307_11498_12879_13089_13506,schizophrenia,MONDO_grouped,10400,PEMT,NCBI,HGNC:8830,PEMT,phosphatidylethanolamine N-methyltransferase,Q9UBM1
MONDO:0005090,schizophrenia,schizophrenia,5090_13498_8414_10897_33312_10943_11552_14092_12054_11960_11280_11294_11295_11298_11307_11498_12879_13089_13506,schizophrenia,MONDO_grouped,84547,PGBD1,NCBI,HGNC:19398,PGBD1,piggyBac transposable element derived 1,Q96JS3
MONDO:0005090,schizophrenia,schizophrenia,5090_13498_8414_10897_33312_10943_11552_14092_12054_11960_11280_11294_11295_11298_11307_11498_12879_13089_13506,schizophrenia,MONDO_grouped,5245,PHB,NCBI,HGNC:8912,PHB1,prohibitin 1,P35232
MONDO:0005090,schizophrenia,schizophrenia,5090_13498_8414_10897_33312_10943_11552_14092_12054_11960_11280_11294_11295_11298_11307_11498_12879_13089_13506,schizophrenia,MONDO_grouped,8929,PHOX2B,NCBI,HGNC:9143,PHOX2B,paired like homeobox 2B,Q99453
MONDO:0005090,schizophrenia,schizophrenia,5090_13498_8414_10897_33312_10943_11552_14092_12054_11960_11280_11294_11295_11298_11307_11498_12879_13089_13506,schizophrenia,MONDO_grouped,55300,PI4K2B,NCBI,HGNC:18215,PI4K2B,phosphatidylinositol 4-kinase type 2 beta,Q8TCG2
MONDO:0005090,schizophrenia,schizophrenia,5090_13498_8414_10897_33312_10943_11552_14092_12054_11960_11280_11294_11295_11298_11307_11498_12879_13089_13506,schizophrenia,MONDO_grouped,5297,PI4KA,NCBI,HGNC:8983,PI4KA,phosphatidylinositol 4-kinase alpha,P42356
MONDO:0005090,schizophrenia,schizophrenia,5090_13498_8414_10897_33312_10943_11552_14092_12054_11960_11280_11294_11295_11298_11307_11498_12879_13089_13506,schizophrenia,MONDO_grouped,9463,PICK1,NCBI,HGNC:9394,PICK1,protein interacting with PRKCA 1,Q9NRD5
MONDO:0005090,schizophrenia,schizophrenia,5090_13498_8414_10897_33312_10943_11552_14092_12054_11960_11280_11294_11295_11298_11307_11498_12879_13089_13506,schizophrenia,MONDO_grouped,5289,PIK3C3,NCBI,HGNC:8974,PIK3C3,phosphatidylinositol 3-kinase catalytic subunit type 3,Q8NEB9
MONDO:0005090,schizophrenia,schizophrenia,5090_13498_8414_10897_33312_10943_11552_14092_12054_11960_11280_11294_11295_11298_11307_11498_12879_13089_13506,schizophrenia,MONDO_grouped,5290,PIK3CA,NCBI,HGNC:8975,PIK3CA,"phosphatidylinositol-4,5-bisphosphate 3-kinase catalytic subunit alpha",P42336
MONDO:0005090,schizophrenia,schizophrenia,5090_13498_8414_10897_33312_10943_11552_14092_12054_11960_11280_11294_11295_11298_11307_11498_12879_13089_13506,schizophrenia,MONDO_grouped,5291,PIK3CB,NCBI,HGNC:8976,PIK3CB,"phosphatidylinositol-4,5-bisphosphate 3-kinase catalytic subunit beta",P42338
MONDO:0005090,schizophrenia,schizophrenia,5090_13498_8414_10897_33312_10943_11552_14092_12054_11960_11280_11294_11295_11298_11307_11498_12879_13089_13506,schizophrenia,MONDO_grouped,65018,PINK1,NCBI,HGNC:14581,PINK1,PTEN induced kinase 1,Q9BXM7
MONDO:0005090,schizophrenia,schizophrenia,5090_13498_8414_10897_33312_10943_11552_14092_12054_11960_11280_11294_11295_11298_11307_11498_12879_13089_13506,schizophrenia,MONDO_grouped,5305,PIP4K2A,NCBI,HGNC:8997,PIP4K2A,phosphatidylinositol-5-phosphate 4-kinase type 2 alpha,P48426
MONDO:0005090,schizophrenia,schizophrenia,5090_13498_8414_10897_33312_10943_11552_14092_12054_11960_11280_11294_11295_11298_11307_11498_12879_13089_13506,schizophrenia,MONDO_grouped,79837,PIP4K2C,NCBI,HGNC:23786,PIP4K2C,phosphatidylinositol-5-phosphate 4-kinase type 2 gamma,Q8TBX8
MONDO:0005090,schizophrenia,schizophrenia,5090_13498_8414_10897_33312_10943_11552_14092_12054_11960_11280_11294_11295_11298_11307_11498_12879_13089_13506,schizophrenia,MONDO_grouped,9600,PITPNM1,NCBI,HGNC:9003,PITPNM1,phosphatidylinositol transfer protein membrane associated 1,O00562
MONDO:0005090,schizophrenia,schizophrenia,5090_13498_8414_10897_33312_10943_11552_14092_12054_11960_11280_11294_11295_11298_11307_11498_12879_13089_13506,schizophrenia,MONDO_grouped,5309,PITX3,NCBI,HGNC:9006,PITX3,paired like homeodomain 3,O75364
MONDO:0005090,schizophrenia,schizophrenia,5090_13498_8414_10897_33312_10943_11552_14092_12054_11960_11280_11294_11295_11298_11307_11498_12879_13089_13506,schizophrenia,MONDO_grouped,63876,PKNOX2,NCBI,HGNC:16714,PKNOX2,PBX/knotted 1 homeobox 2,Q96KN3
MONDO:0005090,schizophrenia,schizophrenia,5090_13498_8414_10897_33312_10943_11552_14092_12054_11960_11280_11294_11295_11298_11307_11498_12879_13089_13506,schizophrenia,MONDO_grouped,5319,PLA2G1B,NCBI,HGNC:9030,PLA2G1B,phospholipase A2 group IB,P04054
MONDO:0005090,schizophrenia,schizophrenia,5090_13498_8414_10897_33312_10943_11552_14092_12054_11960_11280_11294_11295_11298_11307_11498_12879_13089_13506,schizophrenia,MONDO_grouped,5321,PLA2G4A,NCBI,HGNC:9035,PLA2G4A,phospholipase A2 group IVA,P47712
MONDO:0005090,schizophrenia,schizophrenia,5090_13498_8414_10897_33312_10943_11552_14092_12054_11960_11280_11294_11295_11298_11307_11498_12879_13089_13506,schizophrenia,MONDO_grouped,100137049,PLA2G4B,NCBI,HGNC:9036,PLA2G4B,phospholipase A2 group IVB,P0C869
MONDO:0005090,schizophrenia,schizophrenia,5090_13498_8414_10897_33312_10943_11552_14092_12054_11960_11280_11294_11295_11298_11307_11498_12879_13089_13506,schizophrenia,MONDO_grouped,8605,PLA2G4C,NCBI,HGNC:9037,PLA2G4C,phospholipase A2 group IVC,Q9UP65
MONDO:0005090,schizophrenia,schizophrenia,5090_13498_8414_10897_33312_10943_11552_14092_12054_11960_11280_11294_11295_11298_11307_11498_12879_13089_13506,schizophrenia,MONDO_grouped,8398,PLA2G6,NCBI,HGNC:9039,PLA2G6,phospholipase A2 group VI,O60733
MONDO:0005090,schizophrenia,schizophrenia,5090_13498_8414_10897_33312_10943_11552_14092_12054_11960_11280_11294_11295_11298_11307_11498_12879_13089_13506,schizophrenia,MONDO_grouped,9373,PLAA,NCBI,HGNC:9043,PLAA,phospholipase A2 activating protein,Q9Y263
MONDO:0005090,schizophrenia,schizophrenia,5090_13498_8414_10897_33312_10943_11552_14092_12054_11960_11280_11294_11295_11298_11307_11498_12879_13089_13506,schizophrenia,MONDO_grouped,5327,PLAT,NCBI,HGNC:9051,PLAT,"plasminogen activator, tissue type",P00750
MONDO:0005090,schizophrenia,schizophrenia,5090_13498_8414_10897_33312_10943_11552_14092_12054_11960_11280_11294_11295_11298_11307_11498_12879_13089_13506,schizophrenia,MONDO_grouped,23236,PLCB1,NCBI,HGNC:15917,PLCB1,phospholipase C beta 1,Q9NQ66
MONDO:0005090,schizophrenia,schizophrenia,5090_13498_8414_10897_33312_10943_11552_14092_12054_11960_11280_11294_11295_11298_11307_11498_12879_13089_13506,schizophrenia,MONDO_grouped,23228,PLCL2,NCBI,HGNC:9064,PLCL2,phospholipase C like 2,Q9UPR0
MONDO:0005090,schizophrenia,schizophrenia,5090_13498_8414_10897_33312_10943_11552_14092_12054_11960_11280_11294_11295_11298_11307_11498_12879_13089_13506,schizophrenia,MONDO_grouped,22874,PLEKHA6,NCBI,HGNC:17053,PLEKHA6,pleckstrin homology domain containing A6,Q9Y2H5
MONDO:0005090,schizophrenia,schizophrenia,5090_13498_8414_10897_33312_10943_11552_14092_12054_11960_11280_11294_11295_11298_11307_11498_12879_13089_13506,schizophrenia,MONDO_grouped,5340,PLG,NCBI,HGNC:9071,PLG,plasminogen,P00747
MONDO:0005090,schizophrenia,schizophrenia,5090_13498_8414_10897_33312_10943_11552_14092_12054_11960_11280_11294_11295_11298_11307_11498_12879_13089_13506,schizophrenia,MONDO_grouped,51090,PLLP,NCBI,HGNC:18553,PLLP,plasmolipin,Q9Y342
MONDO:0005090,schizophrenia,schizophrenia,5090_13498_8414_10897_33312_10943_11552_14092_12054_11960_11280_11294_11295_11298_11307_11498_12879_13089_13506,schizophrenia,MONDO_grouped,5354,PLP1,NCBI,HGNC:9086,PLP1,proteolipid protein 1,P60201
MONDO:0005090,schizophrenia,schizophrenia,5090_13498_8414_10897_33312_10943_11552_14092_12054_11960_11280_11294_11295_11298_11307_11498_12879_13089_13506,schizophrenia,MONDO_grouped,57088,PLSCR4,NCBI,HGNC:16497,PLSCR4,phospholipid scramblase 4,Q9NRQ2
MONDO:0005090,schizophrenia,schizophrenia,5090_13498_8414_10897_33312_10943_11552_14092_12054_11960_11280_11294_11295_11298_11307_11498_12879_13089_13506,schizophrenia,MONDO_grouped,5362,PLXNA2,NCBI,HGNC:9100,PLXNA2,plexin A2,O75051
MONDO:0005090,schizophrenia,schizophrenia,5090_13498_8414_10897_33312_10943_11552_14092_12054_11960_11280_11294_11295_11298_11307_11498_12879_13089_13506,schizophrenia,MONDO_grouped,5371,PML,NCBI,HGNC:9113,PML,PML nuclear body scaffold,P29590
MONDO:0005090,schizophrenia,schizophrenia,5090_13498_8414_10897_33312_10943_11552_14092_12054_11960_11280_11294_11295_11298_11307_11498_12879_13089_13506,schizophrenia,MONDO_grouped,5375,PMP2,NCBI,HGNC:9117,PMP2,peripheral myelin protein 2,P02689
MONDO:0005090,schizophrenia,schizophrenia,5090_13498_8414_10897_33312_10943_11552_14092_12054_11960_11280_11294_11295_11298_11307_11498_12879_13089_13506,schizophrenia,MONDO_grouped,55163,PNPO,NCBI,HGNC:30260,PNPO,pyridoxamine 5'-phosphate oxidase,Q9NVS9
MONDO:0005090,schizophrenia,schizophrenia,5090_13498_8414_10897_33312_10943_11552_14092_12054_11960_11280_11294_11295_11298_11307_11498_12879_13089_13506,schizophrenia,MONDO_grouped,5444,PON1,NCBI,HGNC:9204,PON1,paraoxonase 1,P27169
MONDO:0005090,schizophrenia,schizophrenia,5090_13498_8414_10897_33312_10943_11552_14092_12054_11960_11280_11294_11295_11298_11307_11498_12879_13089_13506,schizophrenia,MONDO_grouped,5465,PPARA,NCBI,HGNC:9232,PPARA,peroxisome proliferator activated receptor alpha,Q07869
MONDO:0005090,schizophrenia,schizophrenia,5090_13498_8414_10897_33312_10943_11552_14092_12054_11960_11280_11294_11295_11298_11307_11498_12879_13089_13506,schizophrenia,MONDO_grouped,10891,PPARGC1A,NCBI,HGNC:9237,PPARGC1A,PPARG coactivator 1 alpha,Q9UBK2
MONDO:0005090,schizophrenia,schizophrenia,5090_13498_8414_10897_33312_10943_11552_14092_12054_11960_11280_11294_11295_11298_11307_11498_12879_13089_13506,schizophrenia,MONDO_grouped,5478,PPIA,NCBI,HGNC:9253,PPIA,peptidylprolyl isomerase A,P62937
MONDO:0005090,schizophrenia,schizophrenia,5090_13498_8414_10897_33312_10943_11552_14092_12054_11960_11280_11294_11295_11298_11307_11498_12879_13089_13506,schizophrenia,MONDO_grouped,84152,PPP1R1B,NCBI,HGNC:9287,PPP1R1B,protein phosphatase 1 regulatory inhibitor subunit 1B,Q9UD71
MONDO:0005090,schizophrenia,schizophrenia,5090_13498_8414_10897_33312_10943_11552_14092_12054_11960_11280_11294_11295_11298_11307_11498_12879_13089_13506,schizophrenia,MONDO_grouped,84687,PPP1R9B,NCBI,HGNC:9298,PPP1R9B,protein phosphatase 1 regulatory subunit 9B,Q96SB3
MONDO:0005090,schizophrenia,schizophrenia,5090_13498_8414_10897_33312_10943_11552_14092_12054_11960_11280_11294_11295_11298_11307_11498_12879_13089_13506,schizophrenia,MONDO_grouped,5533,PPP3CC,NCBI,HGNC:9316,PPP3CC,protein phosphatase 3 catalytic subunit gamma,P48454
MONDO:0005090,schizophrenia,schizophrenia,5090_13498_8414_10897_33312_10943_11552_14092_12054_11960_11280_11294_11295_11298_11307_11498_12879_13089_13506,schizophrenia,MONDO_grouped,5534,PPP3R1,NCBI,HGNC:9317,PPP3R1,"protein phosphatase 3 regulatory subunit B, alpha",P63098
MONDO:0005090,schizophrenia,schizophrenia,5090_13498_8414_10897_33312_10943_11552_14092_12054_11960_11280_11294_11295_11298_11307_11498_12879_13089_13506,schizophrenia,MONDO_grouped,9588,PRDX6,NCBI,HGNC:16753,PRDX6,peroxiredoxin 6,P30041
MONDO:0005090,schizophrenia,schizophrenia,5090_13498_8414_10897_33312_10943_11552_14092_12054_11960_11280_11294_11295_11298_11307_11498_12879_13089_13506,schizophrenia,MONDO_grouped,5578,PRKCA,NCBI,HGNC:9393,PRKCA,protein kinase C alpha,P17252
MONDO:0005090,schizophrenia,schizophrenia,5090_13498_8414_10897_33312_10943_11552_14092_12054_11960_11280_11294_11295_11298_11307_11498_12879_13089_13506,schizophrenia,MONDO_grouped,5617,PRL,NCBI,HGNC:9445,PRL,prolactin,P01236
MONDO:0005090,schizophrenia,schizophrenia,5090_13498_8414_10897_33312_10943_11552_14092_12054_11960_11280_11294_11295_11298_11307_11498_12879_13089_13506,schizophrenia,MONDO_grouped,5625,PRODH,NCBI,HGNC:9453,PRODH,proline dehydrogenase 1,O43272
MONDO:0005090,schizophrenia,schizophrenia,5090_13498_8414_10897_33312_10943_11552_14092_12054_11960_11280_11294_11295_11298_11307_11498_12879_13089_13506,schizophrenia,MONDO_grouped,58510,PRODH2,NCBI,HGNC:17325,PRODH2,proline dehydrogenase 2,Q9UF12
MONDO:0005090,schizophrenia,schizophrenia,5090_13498_8414_10897_33312_10943_11552_14092_12054_11960_11280_11294_11295_11298_11307_11498_12879_13089_13506,schizophrenia,MONDO_grouped,10279,PRSS16,NCBI,HGNC:9480,PRSS16,serine protease 16,Q9NQE7
MONDO:0005090,schizophrenia,schizophrenia,5090_13498_8414_10897_33312_10943_11552_14092_12054_11960_11280_11294_11295_11298_11307_11498_12879_13089_13506,schizophrenia,MONDO_grouped,29968,PSAT1,NCBI,HGNC:19129,PSAT1,phosphoserine aminotransferase 1,Q9Y617
MONDO:0005090,schizophrenia,schizophrenia,5090_13498_8414_10897_33312_10943_11552_14092_12054_11960_11280_11294_11295_11298_11307_11498_12879_13089_13506,schizophrenia,MONDO_grouped,5662,PSD,NCBI,HGNC:9507,PSD,pleckstrin and Sec7 domain containing,A5PKW4
MONDO:0005090,schizophrenia,schizophrenia,5090_13498_8414_10897_33312_10943_11552_14092_12054_11960_11280_11294_11295_11298_11307_11498_12879_13089_13506,schizophrenia,MONDO_grouped,23362,PSD3,NCBI,HGNC:19093,PSD3,pleckstrin and Sec7 domain containing 3,Q9NYI0
MONDO:0005090,schizophrenia,schizophrenia,5090_13498_8414_10897_33312_10943_11552_14092_12054_11960_11280_11294_11295_11298_11307_11498_12879_13089_13506,schizophrenia,MONDO_grouped,5664,PSEN2,NCBI,HGNC:9509,PSEN2,presenilin 2,P49810
MONDO:0005090,schizophrenia,schizophrenia,5090_13498_8414_10897_33312_10943_11552_14092_12054_11960_11280_11294_11295_11298_11307_11498_12879_13089_13506,schizophrenia,MONDO_grouped,5733,PTGER3,NCBI,HGNC:9595,PTGER3,prostaglandin E receptor 3,P43115
MONDO:0005090,schizophrenia,schizophrenia,5090_13498_8414_10897_33312_10943_11552_14092_12054_11960_11280_11294_11295_11298_11307_11498_12879_13089_13506,schizophrenia,MONDO_grouped,5742,PTGS1,NCBI,HGNC:9604,PTGS1,prostaglandin-endoperoxide synthase 1,P23219
MONDO:0005090,schizophrenia,schizophrenia,5090_13498_8414_10897_33312_10943_11552_14092_12054_11960_11280_11294_11295_11298_11307_11498_12879_13089_13506,schizophrenia,MONDO_grouped,5743,PTGS2,NCBI,HGNC:9605,PTGS2,prostaglandin-endoperoxide synthase 2,P35354
MONDO:0005090,schizophrenia,schizophrenia,5090_13498_8414_10897_33312_10943_11552_14092_12054_11960_11280_11294_11295_11298_11307_11498_12879_13089_13506,schizophrenia,MONDO_grouped,5770,PTPN1,NCBI,HGNC:9642,PTPN1,protein tyrosine phosphatase non-receptor type 1,P18031
MONDO:0005090,schizophrenia,schizophrenia,5090_13498_8414_10897_33312_10943_11552_14092_12054_11960_11280_11294_11295_11298_11307_11498_12879_13089_13506,schizophrenia,MONDO_grouped,11099,PTPN21,NCBI,HGNC:9651,PTPN21,protein tyrosine phosphatase non-receptor type 21,Q16825
MONDO:0005090,schizophrenia,schizophrenia,5090_13498_8414_10897_33312_10943_11552_14092_12054_11960_11280_11294_11295_11298_11307_11498_12879_13089_13506,schizophrenia,MONDO_grouped,84867,PTPN5,NCBI,HGNC:9657,PTPN5,protein tyrosine phosphatase non-receptor type 5,P54829
MONDO:0005090,schizophrenia,schizophrenia,5090_13498_8414_10897_33312_10943_11552_14092_12054_11960_11280_11294_11295_11298_11307_11498_12879_13089_13506,schizophrenia,MONDO_grouped,5777,PTPN6,NCBI,HGNC:9658,PTPN6,protein tyrosine phosphatase non-receptor type 6,P29350
MONDO:0005090,schizophrenia,schizophrenia,5090_13498_8414_10897_33312_10943_11552_14092_12054_11960_11280_11294_11295_11298_11307_11498_12879_13089_13506,schizophrenia,MONDO_grouped,5786,PTPRA,NCBI,HGNC:9664,PTPRA,protein tyrosine phosphatase receptor type A,P18433
MONDO:0005090,schizophrenia,schizophrenia,5090_13498_8414_10897_33312_10943_11552_14092_12054_11960_11280_11294_11295_11298_11307_11498_12879_13089_13506,schizophrenia,MONDO_grouped,5803,PTPRZ1,NCBI,HGNC:9685,PTPRZ1,protein tyrosine phosphatase receptor type Z1,P23471
MONDO:0005090,schizophrenia,schizophrenia,5090_13498_8414_10897_33312_10943_11552_14092_12054_11960_11280_11294_11295_11298_11307_11498_12879_13089_13506,schizophrenia,MONDO_grouped,5816,PVALB,NCBI,HGNC:9704,PVALB,parvalbumin,P20472
MONDO:0005090,schizophrenia,schizophrenia,5090_13498_8414_10897_33312_10943_11552_14092_12054_11960_11280_11294_11295_11298_11307_11498_12879_13089_13506,schizophrenia,MONDO_grouped,9444,QKI,NCBI,HGNC:21100,QKI,"QKI, KH domain containing RNA binding",Q96PU8
MONDO:0005090,schizophrenia,schizophrenia,5090_13498_8414_10897_33312_10943_11552_14092_12054_11960_11280_11294_11295_11298_11307_11498_12879_13089_13506,schizophrenia,MONDO_grouped,140902,R3HDML,NCBI,HGNC:16249,R3HDML,R3H domain containing like,Q9H3Y0
MONDO:0005090,schizophrenia,schizophrenia,5090_13498_8414_10897_33312_10943_11552_14092_12054_11960_11280_11294_11295_11298_11307_11498_12879_13089_13506,schizophrenia,MONDO_grouped,10743,RAI1,NCBI,HGNC:9834,RAI1,retinoic acid induced 1,Q7Z5J4
MONDO:0005090,schizophrenia,schizophrenia,5090_13498_8414_10897_33312_10943_11552_14092_12054_11960_11280_11294_11295_11298_11307_11498_12879_13089_13506,schizophrenia,MONDO_grouped,10048,RANBP9,NCBI,HGNC:13727,RANBP9,RAN binding protein 9,Q96S59
MONDO:0005090,schizophrenia,schizophrenia,5090_13498_8414_10897_33312_10943_11552_14092_12054_11960_11280_11294_11295_11298_11307_11498_12879_13089_13506,schizophrenia,MONDO_grouped,51735,RAPGEF6,NCBI,HGNC:20655,RAPGEF6,Rap guanine nucleotide exchange factor 6,Q8TEU7
MONDO:0005090,schizophrenia,schizophrenia,5090_13498_8414_10897_33312_10943_11552_14092_12054_11960_11280_11294_11295_11298_11307_11498_12879_13089_13506,schizophrenia,MONDO_grouped,5914,RARA,NCBI,HGNC:9864,RARA,retinoic acid receptor alpha,P10276
MONDO:0005090,schizophrenia,schizophrenia,5090_13498_8414_10897_33312_10943_11552_14092_12054_11960_11280_11294_11295_11298_11307_11498_12879_13089_13506,schizophrenia,MONDO_grouped,23551,RASD2,NCBI,HGNC:18229,RASD2,RASD family member 2,Q96D21
MONDO:0005090,schizophrenia,schizophrenia,5090_13498_8414_10897_33312_10943_11552_14092_12054_11960_11280_11294_11295_11298_11307_11498_12879_13089_13506,schizophrenia,MONDO_grouped,9821,RB1CC1,NCBI,HGNC:15574,RB1CC1,RB1 inducible coiled-coil 1,Q8TDY2
MONDO:0005090,schizophrenia,schizophrenia,5090_13498_8414_10897_33312_10943_11552_14092_12054_11960_11280_11294_11295_11298_11307_11498_12879_13089_13506,schizophrenia,MONDO_grouped,10137,RBM12,NCBI,HGNC:9898,RBM12,RNA binding motif protein 12,Q9NTZ6
MONDO:0005090,schizophrenia,schizophrenia,5090_13498_8414_10897_33312_10943_11552_14092_12054_11960_11280_11294_11295_11298_11307_11498_12879_13089_13506,schizophrenia,MONDO_grouped,5947,RBP1,NCBI,HGNC:9919,RBP1,retinol binding protein 1,P09455
MONDO:0005090,schizophrenia,schizophrenia,5090_13498_8414_10897_33312_10943_11552_14092_12054_11960_11280_11294_11295_11298_11307_11498_12879_13089_13506,schizophrenia,MONDO_grouped,55213,RCBTB1,NCBI,HGNC:18243,RCBTB1,RCC1 and BTB domain containing protein 1,Q8NDN9
MONDO:0005090,schizophrenia,schizophrenia,5090_13498_8414_10897_33312_10943_11552_14092_12054_11960_11280_11294_11295_11298_11307_11498_12879_13089_13506,schizophrenia,MONDO_grouped,5970,RELA,NCBI,HGNC:9955,RELA,"RELA proto-oncogene, NF-kB subunit",Q04206
MONDO:0005090,schizophrenia,schizophrenia,5090_13498_8414_10897_33312_10943_11552_14092_12054_11960_11280_11294_11295_11298_11307_11498_12879_13089_13506,schizophrenia,MONDO_grouped,5649,RELN,NCBI,HGNC:9957,RELN,reelin,P78509
MONDO:0005090,schizophrenia,schizophrenia,5090_13498_8414_10897_33312_10943_11552_14092_12054_11960_11280_11294_11295_11298_11307_11498_12879_13089_13506,schizophrenia,MONDO_grouped,5978,REST,NCBI,HGNC:9966,REST,RE1 silencing transcription factor,Q13127
MONDO:0005090,schizophrenia,schizophrenia,5090_13498_8414_10897_33312_10943_11552_14092_12054_11960_11280_11294_11295_11298_11307_11498_12879_13089_13506,schizophrenia,MONDO_grouped,79137,RETREG2,NCBI,HGNC:28450,RETREG2,reticulophagy regulator family member 2,Q8NC44
MONDO:0005090,schizophrenia,schizophrenia,5090_13498_8414_10897_33312_10943_11552_14092_12054_11960_11280_11294_11295_11298_11307_11498_12879_13089_13506,schizophrenia,MONDO_grouped,6002,RGS12,NCBI,HGNC:9994,RGS12,regulator of G protein signaling 12,O14924
MONDO:0005090,schizophrenia,schizophrenia,5090_13498_8414_10897_33312_10943_11552_14092_12054_11960_11280_11294_11295_11298_11307_11498_12879_13089_13506,schizophrenia,MONDO_grouped,5997,RGS2,NCBI,HGNC:9998,RGS2,regulator of G protein signaling 2,P41220
MONDO:0005090,schizophrenia,schizophrenia,5090_13498_8414_10897_33312_10943_11552_14092_12054_11960_11280_11294_11295_11298_11307_11498_12879_13089_13506,schizophrenia,MONDO_grouped,8490,RGS5,NCBI,HGNC:10001,RGS5,regulator of G protein signaling 5,O15539
MONDO:0005090,schizophrenia,schizophrenia,5090_13498_8414_10897_33312_10943_11552_14092_12054_11960_11280_11294_11295_11298_11307_11498_12879_13089_13506,schizophrenia,MONDO_grouped,8787,RGS9,NCBI,HGNC:10004,RGS9,regulator of G protein signaling 9,O75916
MONDO:0005090,schizophrenia,schizophrenia,5090_13498_8414_10897_33312_10943_11552_14092_12054_11960_11280_11294_11295_11298_11307_11498_12879_13089_13506,schizophrenia,MONDO_grouped,6007,RHD,NCBI,HGNC:10009,RHD,Rh blood group D antigen,Q02161
MONDO:0005090,schizophrenia,schizophrenia,5090_13498_8414_10897_33312_10943_11552_14092_12054_11960_11280_11294_11295_11298_11307_11498_12879_13089_13506,schizophrenia,MONDO_grouped,9699,RIMS2,NCBI,HGNC:17283,RIMS2,regulating synaptic membrane exocytosis 2,Q9UQ26
MONDO:0005090,schizophrenia,schizophrenia,5090_13498_8414_10897_33312_10943_11552_14092_12054_11960_11280_11294_11295_11298_11307_11498_12879_13089_13506,schizophrenia,MONDO_grouped,9783,RIMS3,NCBI,HGNC:21292,RIMS3,regulating synaptic membrane exocytosis 3,Q9UJD0
MONDO:0005090,schizophrenia,schizophrenia,5090_13498_8414_10897_33312_10943_11552_14092_12054_11960_11280_11294_11295_11298_11307_11498_12879_13089_13506,schizophrenia,MONDO_grouped,219790,RTKN2,NCBI,HGNC:19364,RTKN2,rhotekin 2,Q8IZC4
MONDO:0005090,schizophrenia,schizophrenia,5090_13498_8414_10897_33312_10943_11552_14092_12054_11960_11280_11294_11295_11298_11307_11498_12879_13089_13506,schizophrenia,MONDO_grouped,57142,RTN4,NCBI,HGNC:14085,RTN4,reticulon 4,Q9NQC3
MONDO:0005090,schizophrenia,schizophrenia,5090_13498_8414_10897_33312_10943_11552_14092_12054_11960_11280_11294_11295_11298_11307_11498_12879_13089_13506,schizophrenia,MONDO_grouped,65078,RTN4R,NCBI,HGNC:18601,RTN4R,reticulon 4 receptor,Q9BZR6
MONDO:0005090,schizophrenia,schizophrenia,5090_13498_8414_10897_33312_10943_11552_14092_12054_11960_11280_11294_11295_11298_11307_11498_12879_13089_13506,schizophrenia,MONDO_grouped,6280,S100A9,NCBI,HGNC:10499,S100A9,S100 calcium binding protein A9,P06702
MONDO:0005090,schizophrenia,schizophrenia,5090_13498_8414_10897_33312_10943_11552_14092_12054_11960_11280_11294_11295_11298_11307_11498_12879_13089_13506,schizophrenia,MONDO_grouped,6285,S100B,NCBI,HGNC:10500,S100B,S100 calcium binding protein B,P04271
MONDO:0005090,schizophrenia,schizophrenia,5090_13498_8414_10897_33312_10943_11552_14092_12054_11960_11280_11294_11295_11298_11307_11498_12879_13089_13506,schizophrenia,MONDO_grouped,29115,SAP30BP,NCBI,HGNC:30785,SAP30BP,SAP30 binding protein,Q9UHR5
MONDO:0005090,schizophrenia,schizophrenia,5090_13498_8414_10897_33312_10943_11552_14092_12054_11960_11280_11294_11295_11298_11307_11498_12879_13089_13506,schizophrenia,MONDO_grouped,6303,SAT1,NCBI,HGNC:10540,SAT1,spermidine/spermine N1-acetyltransferase 1,P21673
MONDO:0005090,schizophrenia,schizophrenia,5090_13498_8414_10897_33312_10943_11552_14092_12054_11960_11280_11294_11295_11298_11307_11498_12879_13089_13506,schizophrenia,MONDO_grouped,55206,SBNO1,NCBI,HGNC:22973,SBNO1,strawberry notch homolog 1,A3KN83
MONDO:0005090,schizophrenia,schizophrenia,5090_13498_8414_10897_33312_10943_11552_14092_12054_11960_11280_11294_11295_11298_11307_11498_12879_13089_13506,schizophrenia,MONDO_grouped,22904,SBNO2,NCBI,HGNC:29158,SBNO2,strawberry notch homolog 2,Q9Y2G9
MONDO:0005090,schizophrenia,schizophrenia,5090_13498_8414_10897_33312_10943_11552_14092_12054_11960_11280_11294_11295_11298_11307_11498_12879_13089_13506,schizophrenia,MONDO_grouped,10806,SDCCAG8,NCBI,HGNC:10671,SDCCAG8,SHH signaling and ciliogenesis regulator SDCCAG8,Q86SQ7
MONDO:0005090,schizophrenia,schizophrenia,5090_13498_8414_10897_33312_10943_11552_14092_12054_11960_11280_11294_11295_11298_11307_11498_12879_13089_13506,schizophrenia,MONDO_grouped,51150,SDF4,NCBI,HGNC:24188,SDF4,stromal cell derived factor 4,Q9BRK5
MONDO:0005090,schizophrenia,schizophrenia,5090_13498_8414_10897_33312_10943_11552_14092_12054_11960_11280_11294_11295_11298_11307_11498_12879_13089_13506,schizophrenia,MONDO_grouped,6389,SDHA,NCBI,HGNC:10680,SDHA,succinate dehydrogenase complex flavoprotein subunit A,P31040
MONDO:0005090,schizophrenia,schizophrenia,5090_13498_8414_10897_33312_10943_11552_14092_12054_11960_11280_11294_11295_11298_11307_11498_12879_13089_13506,schizophrenia,MONDO_grouped,8991,SELENBP1,NCBI,HGNC:10719,SELENBP1,selenium binding protein 1,Q13228
MONDO:0005090,schizophrenia,schizophrenia,5090_13498_8414_10897_33312_10943_11552_14092_12054_11960_11280_11294_11295_11298_11307_11498_12879_13089_13506,schizophrenia,MONDO_grouped,10371,SEMA3A,NCBI,HGNC:10723,SEMA3A,semaphorin 3A,Q14563
MONDO:0005090,schizophrenia,schizophrenia,5090_13498_8414_10897_33312_10943_11552_14092_12054_11960_11280_11294_11295_11298_11307_11498_12879_13089_13506,schizophrenia,MONDO_grouped,223117,SEMA3D,NCBI,HGNC:10726,SEMA3D,semaphorin 3D,O95025
MONDO:0005090,schizophrenia,schizophrenia,5090_13498_8414_10897_33312_10943_11552_14092_12054_11960_11280_11294_11295_11298_11307_11498_12879_13089_13506,schizophrenia,MONDO_grouped,55752,SEPTIN11,NCBI,HGNC:25589,SEPTIN11,septin 11,Q9NVA2
MONDO:0005090,schizophrenia,schizophrenia,5090_13498_8414_10897_33312_10943_11552_14092_12054_11960_11280_11294_11295_11298_11307_11498_12879_13089_13506,schizophrenia,MONDO_grouped,989,SEPTIN7,NCBI,HGNC:1717,SEPTIN7,septin 7,Q16181
MONDO:0005090,schizophrenia,schizophrenia,5090_13498_8414_10897_33312_10943_11552_14092_12054_11960_11280_11294_11295_11298_11307_11498_12879_13089_13506,schizophrenia,MONDO_grouped,5274,SERPINI1,NCBI,HGNC:8943,SERPINI1,serpin family I member 1,Q99574
MONDO:0005090,schizophrenia,schizophrenia,5090_13498_8414_10897_33312_10943_11552_14092_12054_11960_11280_11294_11295_11298_11307_11498_12879_13089_13506,schizophrenia,MONDO_grouped,9739,SETD1A,NCBI,HGNC:29010,SETD1A,"SET domain containing 1A, histone lysine methyltransferase",O15047
MONDO:0005090,schizophrenia,schizophrenia,5090_13498_8414_10897_33312_10943_11552_14092_12054_11960_11280_11294_11295_11298_11307_11498_12879_13089_13506,schizophrenia,MONDO_grouped,9869,SETDB1,NCBI,HGNC:10761,SETDB1,SET domain bifurcated histone lysine methyltransferase 1,Q15047
MONDO:0005090,schizophrenia,schizophrenia,5090_13498_8414_10897_33312_10943_11552_14092_12054_11960_11280_11294_11295_11298_11307_11498_12879_13089_13506,schizophrenia,MONDO_grouped,9644,SH3PXD2A,NCBI,HGNC:23664,SH3PXD2A,SH3 and PX domains 2A,Q5TCZ1
MONDO:0005090,schizophrenia,schizophrenia,5090_13498_8414_10897_33312_10943_11552_14092_12054_11960_11280_11294_11295_11298_11307_11498_12879_13089_13506,schizophrenia,MONDO_grouped,50944,SHANK1,NCBI,HGNC:15474,SHANK1,SH3 and multiple ankyrin repeat domains 1,Q9Y566
MONDO:0005090,schizophrenia,schizophrenia,5090_13498_8414_10897_33312_10943_11552_14092_12054_11960_11280_11294_11295_11298_11307_11498_12879_13089_13506,schizophrenia,MONDO_grouped,85358,SHANK3,NCBI,HGNC:14294,SHANK3,SH3 and multiple ankyrin repeat domains 3,Q9BYB0
MONDO:0005090,schizophrenia,schizophrenia,5090_13498_8414_10897_33312_10943_11552_14092_12054_11960_11280_11294_11295_11298_11307_11498_12879_13089_13506,schizophrenia,MONDO_grouped,6470,SHMT1,NCBI,HGNC:10850,SHMT1,serine hydroxymethyltransferase 1,P34896
MONDO:0005090,schizophrenia,schizophrenia,5090_13498_8414_10897_33312_10943_11552_14092_12054_11960_11280_11294_11295_11298_11307_11498_12879_13089_13506,schizophrenia,MONDO_grouped,10280,SIGMAR1,NCBI,HGNC:8157,SIGMAR1,sigma receptor chaperone 1,Q99720
MONDO:0005090,schizophrenia,schizophrenia,5090_13498_8414_10897_33312_10943_11552_14092_12054_11960_11280_11294_11295_11298_11307_11498_12879_13089_13506,schizophrenia,MONDO_grouped,10326,SIRPB1,NCBI,HGNC:15928,SIRPB1,signal regulatory protein beta 1,O00241
MONDO:0005090,schizophrenia,schizophrenia,5090_13498_8414_10897_33312_10943_11552_14092_12054_11960_11280_11294_11295_11298_11307_11498_12879_13089_13506,schizophrenia,MONDO_grouped,10326,SIRPB1,NCBI,HGNC:15928,SIRPB1,signal regulatory protein beta 1,Q5TFQ8
MONDO:0005090,schizophrenia,schizophrenia,5090_13498_8414_10897_33312_10943_11552_14092_12054_11960_11280_11294_11295_11298_11307_11498_12879_13089_13506,schizophrenia,MONDO_grouped,23411,SIRT1,NCBI,HGNC:14929,SIRT1,sirtuin 1,Q96EB6
MONDO:0005090,schizophrenia,schizophrenia,5090_13498_8414_10897_33312_10943_11552_14092_12054_11960_11280_11294_11295_11298_11307_11498_12879_13089_13506,schizophrenia,MONDO_grouped,6558,SLC12A2,NCBI,HGNC:10911,SLC12A2,solute carrier family 12 member 2,P55011
MONDO:0005090,schizophrenia,schizophrenia,5090_13498_8414_10897_33312_10943_11552_14092_12054_11960_11280_11294_11295_11298_11307_11498_12879_13089_13506,schizophrenia,MONDO_grouped,57468,SLC12A5,NCBI,HGNC:13818,SLC12A5,solute carrier family 12 member 5,Q9H2X9
MONDO:0005090,schizophrenia,schizophrenia,5090_13498_8414_10897_33312_10943_11552_14092_12054_11960_11280_11294_11295_11298_11307_11498_12879_13089_13506,schizophrenia,MONDO_grouped,57084,SLC17A6,NCBI,HGNC:16703,SLC17A6,solute carrier family 17 member 6,Q9P2U8
MONDO:0005090,schizophrenia,schizophrenia,5090_13498_8414_10897_33312_10943_11552_14092_12054_11960_11280_11294_11295_11298_11307_11498_12879_13089_13506,schizophrenia,MONDO_grouped,57030,SLC17A7,NCBI,HGNC:16704,SLC17A7,solute carrier family 17 member 7,Q9P2U7
MONDO:0005090,schizophrenia,schizophrenia,5090_13498_8414_10897_33312_10943_11552_14092_12054_11960_11280_11294_11295_11298_11307_11498_12879_13089_13506,schizophrenia,MONDO_grouped,6570,SLC18A1,NCBI,HGNC:10934,SLC18A1,solute carrier family 18 member A1,P54219
MONDO:0005090,schizophrenia,schizophrenia,5090_13498_8414_10897_33312_10943_11552_14092_12054_11960_11280_11294_11295_11298_11307_11498_12879_13089_13506,schizophrenia,MONDO_grouped,6571,SLC18A2,NCBI,HGNC:10935,SLC18A2,solute carrier family 18 member A2,Q05940
MONDO:0005090,schizophrenia,schizophrenia,5090_13498_8414_10897_33312_10943_11552_14092_12054_11960_11280_11294_11295_11298_11307_11498_12879_13089_13506,schizophrenia,MONDO_grouped,6505,SLC1A1,NCBI,HGNC:10939,SLC1A1,solute carrier family 1 member 1,P43005
MONDO:0005090,schizophrenia,schizophrenia,5090_13498_8414_10897_33312_10943_11552_14092_12054_11960_11280_11294_11295_11298_11307_11498_12879_13089_13506,schizophrenia,MONDO_grouped,6506,SLC1A2,NCBI,HGNC:10940,SLC1A2,solute carrier family 1 member 2,P43004
MONDO:0005090,schizophrenia,schizophrenia,5090_13498_8414_10897_33312_10943_11552_14092_12054_11960_11280_11294_11295_11298_11307_11498_12879_13089_13506,schizophrenia,MONDO_grouped,6507,SLC1A3,NCBI,HGNC:10941,SLC1A3,solute carrier family 1 member 3,P43003
MONDO:0005090,schizophrenia,schizophrenia,5090_13498_8414_10897_33312_10943_11552_14092_12054_11960_11280_11294_11295_11298_11307_11498_12879_13089_13506,schizophrenia,MONDO_grouped,6511,SLC1A6,NCBI,HGNC:10944,SLC1A6,solute carrier family 1 member 6,P48664
MONDO:0005090,schizophrenia,schizophrenia,5090_13498_8414_10897_33312_10943_11552_14092_12054_11960_11280_11294_11295_11298_11307_11498_12879_13089_13506,schizophrenia,MONDO_grouped,151295,SLC23A3,NCBI,HGNC:20601,SLC23A3,solute carrier family 23 member 3,Q6PIS1
MONDO:0005090,schizophrenia,schizophrenia,5090_13498_8414_10897_33312_10943_11552_14092_12054_11960_11280_11294_11295_11298_11307_11498_12879_13089_13506,schizophrenia,MONDO_grouped,9481,SLC25A27,NCBI,HGNC:21065,SLC25A27,solute carrier family 25 member 27,O95847
MONDO:0005090,schizophrenia,schizophrenia,5090_13498_8414_10897_33312_10943_11552_14092_12054_11960_11280_11294_11295_11298_11307_11498_12879_13089_13506,schizophrenia,MONDO_grouped,115111,SLC26A7,NCBI,HGNC:14467,SLC26A7,solute carrier family 26 member 7,Q8TE54
MONDO:0005090,schizophrenia,schizophrenia,5090_13498_8414_10897_33312_10943_11552_14092_12054_11960_11280_11294_11295_11298_11307_11498_12879_13089_13506,schizophrenia,MONDO_grouped,116369,SLC26A8,NCBI,HGNC:14468,SLC26A8,solute carrier family 26 member 8,Q96RN1
MONDO:0005090,schizophrenia,schizophrenia,5090_13498_8414_10897_33312_10943_11552_14092_12054_11960_11280_11294_11295_11298_11307_11498_12879_13089_13506,schizophrenia,MONDO_grouped,7781,SLC30A3,NCBI,HGNC:11014,SLC30A3,solute carrier family 30 member 3,Q99726
MONDO:0005090,schizophrenia,schizophrenia,5090_13498_8414_10897_33312_10943_11552_14092_12054_11960_11280_11294_11295_11298_11307_11498_12879_13089_13506,schizophrenia,MONDO_grouped,54407,SLC38A2,NCBI,HGNC:13448,SLC38A2,solute carrier family 38 member 2,Q96QD8
MONDO:0005090,schizophrenia,schizophrenia,5090_13498_8414_10897_33312_10943_11552_14092_12054_11960_11280_11294_11295_11298_11307_11498_12879_13089_13506,schizophrenia,MONDO_grouped,6529,SLC6A1,NCBI,HGNC:11042,SLC6A1,solute carrier family 6 member 1,P30531
MONDO:0005090,schizophrenia,schizophrenia,5090_13498_8414_10897_33312_10943_11552_14092_12054_11960_11280_11294_11295_11298_11307_11498_12879_13089_13506,schizophrenia,MONDO_grouped,6538,SLC6A11,NCBI,HGNC:11044,SLC6A11,solute carrier family 6 member 11,P48066
MONDO:0005090,schizophrenia,schizophrenia,5090_13498_8414_10897_33312_10943_11552_14092_12054_11960_11280_11294_11295_11298_11307_11498_12879_13089_13506,schizophrenia,MONDO_grouped,6539,SLC6A12,NCBI,HGNC:11045,SLC6A12,solute carrier family 6 member 12,P48065
MONDO:0005090,schizophrenia,schizophrenia,5090_13498_8414_10897_33312_10943_11552_14092_12054_11960_11280_11294_11295_11298_11307_11498_12879_13089_13506,schizophrenia,MONDO_grouped,6530,SLC6A2,NCBI,HGNC:11048,SLC6A2,solute carrier family 6 member 2,P23975
MONDO:0005090,schizophrenia,schizophrenia,5090_13498_8414_10897_33312_10943_11552_14092_12054_11960_11280_11294_11295_11298_11307_11498_12879_13089_13506,schizophrenia,MONDO_grouped,6531,SLC6A3,NCBI,HGNC:11049,SLC6A3,solute carrier family 6 member 3,Q01959
MONDO:0005090,schizophrenia,schizophrenia,5090_13498_8414_10897_33312_10943_11552_14092_12054_11960_11280_11294_11295_11298_11307_11498_12879_13089_13506,schizophrenia,MONDO_grouped,6532,SLC6A4,NCBI,HGNC:11050,SLC6A4,solute carrier family 6 member 4,P31645
MONDO:0005090,schizophrenia,schizophrenia,5090_13498_8414_10897_33312_10943_11552_14092_12054_11960_11280_11294_11295_11298_11307_11498_12879_13089_13506,schizophrenia,MONDO_grouped,9152,SLC6A5,NCBI,HGNC:11051,SLC6A5,solute carrier family 6 member 5,Q9Y345
MONDO:0005090,schizophrenia,schizophrenia,5090_13498_8414_10897_33312_10943_11552_14092_12054_11960_11280_11294_11295_11298_11307_11498_12879_13089_13506,schizophrenia,MONDO_grouped,6536,SLC6A9,NCBI,HGNC:11056,SLC6A9,solute carrier family 6 member 9,P48067
MONDO:0005090,schizophrenia,schizophrenia,5090_13498_8414_10897_33312_10943_11552_14092_12054_11960_11280_11294_11295_11298_11307_11498_12879_13089_13506,schizophrenia,MONDO_grouped,56301,SLC7A10,NCBI,HGNC:11058,SLC7A10,solute carrier family 7 member 10,Q9NS82
MONDO:0005090,schizophrenia,schizophrenia,5090_13498_8414_10897_33312_10943_11552_14092_12054_11960_11280_11294_11295_11298_11307_11498_12879_13089_13506,schizophrenia,MONDO_grouped,6586,SLIT3,NCBI,HGNC:11087,SLIT3,slit guidance ligand 3,O75094
MONDO:0005090,schizophrenia,schizophrenia,5090_13498_8414_10897_33312_10943_11552_14092_12054_11960_11280_11294_11295_11298_11307_11498_12879_13089_13506,schizophrenia,MONDO_grouped,4090,SMAD5,NCBI,HGNC:6771,SMAD5,SMAD family member 5,Q99717
MONDO:0005090,schizophrenia,schizophrenia,5090_13498_8414_10897_33312_10943_11552_14092_12054_11960_11280_11294_11295_11298_11307_11498_12879_13089_13506,schizophrenia,MONDO_grouped,6595,SMARCA2,NCBI,HGNC:11098,SMARCA2,SWI/SNF related BAF chromatin remodeling complex subunit ATPase 2,P51531
MONDO:0005090,schizophrenia,schizophrenia,5090_13498_8414_10897_33312_10943_11552_14092_12054_11960_11280_11294_11295_11298_11307_11498_12879_13089_13506,schizophrenia,MONDO_grouped,6616,SNAP25,NCBI,HGNC:11132,SNAP25,synaptosome associated protein 25,P60880
MONDO:0005090,schizophrenia,schizophrenia,5090_13498_8414_10897_33312_10943_11552_14092_12054_11960_11280_11294_11295_11298_11307_11498_12879_13089_13506,schizophrenia,MONDO_grouped,9342,SNAP29,NCBI,HGNC:11133,SNAP29,synaptosome associated protein 29,O95721
MONDO:0005090,schizophrenia,schizophrenia,5090_13498_8414_10897_33312_10943_11552_14092_12054_11960_11280_11294_11295_11298_11307_11498_12879_13089_13506,schizophrenia,MONDO_grouped,6620,SNCB,NCBI,HGNC:11140,SNCB,synuclein beta,Q16143
MONDO:0005090,schizophrenia,schizophrenia,5090_13498_8414_10897_33312_10943_11552_14092_12054_11960_11280_11294_11295_11298_11307_11498_12879_13089_13506,schizophrenia,MONDO_grouped,169166,SNX31,NCBI,HGNC:28605,SNX31,sorting nexin 31,Q8N9S9
MONDO:0005090,schizophrenia,schizophrenia,5090_13498_8414_10897_33312_10943_11552_14092_12054_11960_11280_11294_11295_11298_11307_11498_12879_13089_13506,schizophrenia,MONDO_grouped,8835,SOCS2,NCBI,HGNC:19382,SOCS2,suppressor of cytokine signaling 2,O14508
MONDO:0005090,schizophrenia,schizophrenia,5090_13498_8414_10897_33312_10943_11552_14092_12054_11960_11280_11294_11295_11298_11307_11498_12879_13089_13506,schizophrenia,MONDO_grouped,6648,SOD2,NCBI,HGNC:11180,SOD2,superoxide dismutase 2,P04179
MONDO:0005090,schizophrenia,schizophrenia,5090_13498_8414_10897_33312_10943_11552_14092_12054_11960_11280_11294_11295_11298_11307_11498_12879_13089_13506,schizophrenia,MONDO_grouped,6663,SOX10,NCBI,HGNC:11190,SOX10,SRY-box transcription factor 10,P56693
MONDO:0005090,schizophrenia,schizophrenia,5090_13498_8414_10897_33312_10943_11552_14092_12054_11960_11280_11294_11295_11298_11307_11498_12879_13089_13506,schizophrenia,MONDO_grouped,6660,SOX5,NCBI,HGNC:11201,SOX5,SRY-box transcription factor 5,P35711
MONDO:0005090,schizophrenia,schizophrenia,5090_13498_8414_10897_33312_10943_11552_14092_12054_11960_11280_11294_11295_11298_11307_11498_12879_13089_13506,schizophrenia,MONDO_grouped,6667,SP1,NCBI,HGNC:11205,SP1,Sp1 transcription factor,P08047
MONDO:0005090,schizophrenia,schizophrenia,5090_13498_8414_10897_33312_10943_11552_14092_12054_11960_11280_11294_11295_11298_11307_11498_12879_13089_13506,schizophrenia,MONDO_grouped,6671,SP4,NCBI,HGNC:11209,SP4,Sp4 transcription factor,Q02446
MONDO:0005090,schizophrenia,schizophrenia,5090_13498_8414_10897_33312_10943_11552_14092_12054_11960_11280_11294_11295_11298_11307_11498_12879_13089_13506,schizophrenia,MONDO_grouped,166378,SPATA5,NCBI,HGNC:18119,AFG2A,AAA ATPase AFG2A,Q8NB90
MONDO:0005090,schizophrenia,schizophrenia,5090_13498_8414_10897_33312_10943_11552_14092_12054_11960_11280_11294_11295_11298_11307_11498_12879_13089_13506,schizophrenia,MONDO_grouped,6712,SPTBN2,NCBI,HGNC:11276,SPTBN2,"spectrin beta, non-erythrocytic 2",O15020
MONDO:0005090,schizophrenia,schizophrenia,5090_13498_8414_10897_33312_10943_11552_14092_12054_11960_11280_11294_11295_11298_11307_11498_12879_13089_13506,schizophrenia,MONDO_grouped,6716,SRD5A2,NCBI,HGNC:11285,SRD5A2,steroid 5 alpha-reductase 2,P31213
MONDO:0005090,schizophrenia,schizophrenia,5090_13498_8414_10897_33312_10943_11552_14092_12054_11960_11280_11294_11295_11298_11307_11498_12879_13089_13506,schizophrenia,MONDO_grouped,6720,SREBF1,NCBI,HGNC:11289,SREBF1,sterol regulatory element binding transcription factor 1,P36956
MONDO:0005090,schizophrenia,schizophrenia,5090_13498_8414_10897_33312_10943_11552_14092_12054_11960_11280_11294_11295_11298_11307_11498_12879_13089_13506,schizophrenia,MONDO_grouped,6721,SREBF2,NCBI,HGNC:11290,SREBF2,sterol regulatory element binding transcription factor 2,Q12772
MONDO:0005090,schizophrenia,schizophrenia,5090_13498_8414_10897_33312_10943_11552_14092_12054_11960_11280_11294_11295_11298_11307_11498_12879_13089_13506,schizophrenia,MONDO_grouped,9901,SRGAP3,NCBI,HGNC:19744,SRGAP3,SLIT-ROBO Rho GTPase activating protein 3,O43295
MONDO:0005090,schizophrenia,schizophrenia,5090_13498_8414_10897_33312_10943_11552_14092_12054_11960_11280_11294_11295_11298_11307_11498_12879_13089_13506,schizophrenia,MONDO_grouped,63826,SRR,NCBI,HGNC:14398,SRR,serine racemase,Q9GZT4
MONDO:0005090,schizophrenia,schizophrenia,5090_13498_8414_10897_33312_10943_11552_14092_12054_11960_11280_11294_11295_11298_11307_11498_12879_13089_13506,schizophrenia,MONDO_grouped,6426,SRSF1,NCBI,HGNC:10780,SRSF1,serine and arginine rich splicing factor 1,Q07955
MONDO:0005090,schizophrenia,schizophrenia,5090_13498_8414_10897_33312_10943_11552_14092_12054_11960_11280_11294_11295_11298_11307_11498_12879_13089_13506,schizophrenia,MONDO_grouped,10772,SRSF10,NCBI,HGNC:16713,SRSF10,serine and arginine rich splicing factor 10,O75494
MONDO:0005090,schizophrenia,schizophrenia,5090_13498_8414_10897_33312_10943_11552_14092_12054_11960_11280_11294_11295_11298_11307_11498_12879_13089_13506,schizophrenia,MONDO_grouped,6750,SST,NCBI,HGNC:11329,SST,somatostatin,P61278
MONDO:0005090,schizophrenia,schizophrenia,5090_13498_8414_10897_33312_10943_11552_14092_12054_11960_11280_11294_11295_11298_11307_11498_12879_13089_13506,schizophrenia,MONDO_grouped,6482,ST3GAL1,NCBI,HGNC:10862,ST3GAL1,"ST3 beta-galactoside alpha-2,3-sialyltransferase 1",Q11201
MONDO:0005090,schizophrenia,schizophrenia,5090_13498_8414_10897_33312_10943_11552_14092_12054_11960_11280_11294_11295_11298_11307_11498_12879_13089_13506,schizophrenia,MONDO_grouped,55808,ST6GALNAC1,NCBI,HGNC:23614,ST6GALNAC1,"ST6 N-acetylgalactosaminide alpha-2,6-sialyltransferase 1",Q9NSC7
MONDO:0005090,schizophrenia,schizophrenia,5090_13498_8414_10897_33312_10943_11552_14092_12054_11960_11280_11294_11295_11298_11307_11498_12879_13089_13506,schizophrenia,MONDO_grouped,8128,ST8SIA2,NCBI,HGNC:10870,ST8SIA2,"ST8 alpha-N-acetyl-neuraminide alpha-2,8-sialyltransferase 2",Q92186
MONDO:0005090,schizophrenia,schizophrenia,5090_13498_8414_10897_33312_10943_11552_14092_12054_11960_11280_11294_11295_11298_11307_11498_12879_13089_13506,schizophrenia,MONDO_grouped,246744,STH,NCBI,HGNC:18839,STH,saitohin,Q8IWL8
MONDO:0005090,schizophrenia,schizophrenia,5090_13498_8414_10897_33312_10943_11552_14092_12054_11960_11280_11294_11295_11298_11307_11498_12879_13089_13506,schizophrenia,MONDO_grouped,85439,STON2,NCBI,HGNC:30652,STON2,stonin 2,Q8WXE9
MONDO:0005090,schizophrenia,schizophrenia,5090_13498_8414_10897_33312_10943_11552_14092_12054_11960_11280_11294_11295_11298_11307_11498_12879_13089_13506,schizophrenia,MONDO_grouped,6804,STX1A,NCBI,HGNC:11433,STX1A,syntaxin 1A,Q16623
MONDO:0005090,schizophrenia,schizophrenia,5090_13498_8414_10897_33312_10943_11552_14092_12054_11960_11280_11294_11295_11298_11307_11498_12879_13089_13506,schizophrenia,MONDO_grouped,6812,STXBP1,NCBI,HGNC:11444,STXBP1,syntaxin binding protein 1,P61764
MONDO:0005090,schizophrenia,schizophrenia,5090_13498_8414_10897_33312_10943_11552_14092_12054_11960_11280_11294_11295_11298_11307_11498_12879_13089_13506,schizophrenia,MONDO_grouped,25830,SULT4A1,NCBI,HGNC:14903,SULT4A1,sulfotransferase family 4A member 1,Q9BR01
MONDO:0005090,schizophrenia,schizophrenia,5090_13498_8414_10897_33312_10943_11552_14092_12054_11960_11280_11294_11295_11298_11307_11498_12879_13089_13506,schizophrenia,MONDO_grouped,9900,SV2A,NCBI,HGNC:20566,SV2A,synaptic vesicle glycoprotein 2A,Q7L0J3
MONDO:0005090,schizophrenia,schizophrenia,5090_13498_8414_10897_33312_10943_11552_14092_12054_11960_11280_11294_11295_11298_11307_11498_12879_13089_13506,schizophrenia,MONDO_grouped,6853,SYN1,NCBI,HGNC:11494,SYN1,synapsin I,P17600
MONDO:0005090,schizophrenia,schizophrenia,5090_13498_8414_10897_33312_10943_11552_14092_12054_11960_11280_11294_11295_11298_11307_11498_12879_13089_13506,schizophrenia,MONDO_grouped,6854,SYN2,NCBI,HGNC:11495,SYN2,synapsin II,Q92777
MONDO:0005090,schizophrenia,schizophrenia,5090_13498_8414_10897_33312_10943_11552_14092_12054_11960_11280_11294_11295_11298_11307_11498_12879_13089_13506,schizophrenia,MONDO_grouped,8224,SYN3,NCBI,HGNC:11496,SYN3,synapsin III,O14994
MONDO:0005090,schizophrenia,schizophrenia,5090_13498_8414_10897_33312_10943_11552_14092_12054_11960_11280_11294_11295_11298_11307_11498_12879_13089_13506,schizophrenia,MONDO_grouped,8831,SYNGAP1,NCBI,HGNC:11497,SYNGAP1,synaptic Ras GTPase activating protein 1,Q96PV0
MONDO:0005090,schizophrenia,schizophrenia,5090_13498_8414_10897_33312_10943_11552_14092_12054_11960_11280_11294_11295_11298_11307_11498_12879_13089_13506,schizophrenia,MONDO_grouped,9145,SYNGR1,NCBI,HGNC:11498,SYNGR1,synaptogyrin 1,O43759
MONDO:0005090,schizophrenia,schizophrenia,5090_13498_8414_10897_33312_10943_11552_14092_12054_11960_11280_11294_11295_11298_11307_11498_12879_13089_13506,schizophrenia,MONDO_grouped,6855,SYP,NCBI,HGNC:11506,SYP,synaptophysin,P08247
MONDO:0005090,schizophrenia,schizophrenia,5090_13498_8414_10897_33312_10943_11552_14092_12054_11960_11280_11294_11295_11298_11307_11498_12879_13089_13506,schizophrenia,MONDO_grouped,23208,SYT11,NCBI,HGNC:19239,SYT11,synaptotagmin 11,Q9BT88
MONDO:0005090,schizophrenia,schizophrenia,5090_13498_8414_10897_33312_10943_11552_14092_12054_11960_11280_11294_11295_11298_11307_11498_12879_13089_13506,schizophrenia,MONDO_grouped,134864,TAAR1,NCBI,HGNC:17734,TAAR1,trace amine associated receptor 1,Q96RJ0
MONDO:0005090,schizophrenia,schizophrenia,5090_13498_8414_10897_33312_10943_11552_14092_12054_11960_11280_11294_11295_11298_11307_11498_12879_13089_13506,schizophrenia,MONDO_grouped,6863,TAC1,NCBI,HGNC:11517,TAC1,tachykinin precursor 1,P20366
MONDO:0005090,schizophrenia,schizophrenia,5090_13498_8414_10897_33312_10943_11552_14092_12054_11960_11280_11294_11295_11298_11307_11498_12879_13089_13506,schizophrenia,MONDO_grouped,6870,TACR3,NCBI,HGNC:11528,TACR3,tachykinin receptor 3,P29371
MONDO:0005090,schizophrenia,schizophrenia,5090_13498_8414_10897_33312_10943_11552_14092_12054_11960_11280_11294_11295_11298_11307_11498_12879_13089_13506,schizophrenia,MONDO_grouped,6890,TAP1,NCBI,HGNC:43,TAP1,"transporter 1, ATP binding cassette subfamily B member",Q03518
MONDO:0005090,schizophrenia,schizophrenia,5090_13498_8414_10897_33312_10943_11552_14092_12054_11960_11280_11294_11295_11298_11307_11498_12879_13089_13506,schizophrenia,MONDO_grouped,6891,TAP2,NCBI,HGNC:44,TAP2,"transporter 2, ATP binding cassette subfamily B member",Q03519
MONDO:0005090,schizophrenia,schizophrenia,5090_13498_8414_10897_33312_10943_11552_14092_12054_11960_11280_11294_11295_11298_11307_11498_12879_13089_13506,schizophrenia,MONDO_grouped,6892,TAPBP,NCBI,HGNC:11566,TAPBP,TAP binding protein,O15533
MONDO:0005090,schizophrenia,schizophrenia,5090_13498_8414_10897_33312_10943_11552_14092_12054_11960_11280_11294_11295_11298_11307_11498_12879_13089_13506,schizophrenia,MONDO_grouped,6908,TBP,NCBI,HGNC:11588,TBP,TATA-box binding protein,P20226
MONDO:0005090,schizophrenia,schizophrenia,5090_13498_8414_10897_33312_10943_11552_14092_12054_11960_11280_11294_11295_11298_11307_11498_12879_13089_13506,schizophrenia,MONDO_grouped,6899,TBX1,NCBI,HGNC:11592,TBX1,T-box transcription factor 1,O43435
MONDO:0005090,schizophrenia,schizophrenia,5090_13498_8414_10897_33312_10943_11552_14092_12054_11960_11280_11294_11295_11298_11307_11498_12879_13089_13506,schizophrenia,MONDO_grouped,6925,TCF4,NCBI,HGNC:11634,TCF4,transcription factor 4,P15884
MONDO:0005090,schizophrenia,schizophrenia,5090_13498_8414_10897_33312_10943_11552_14092_12054_11960_11280_11294_11295_11298_11307_11498_12879_13089_13506,schizophrenia,MONDO_grouped,6934,TCF7L2,NCBI,HGNC:11641,TCF7L2,transcription factor 7 like 2,Q9NQB0
MONDO:0005090,schizophrenia,schizophrenia,5090_13498_8414_10897_33312_10943_11552_14092_12054_11960_11280_11294_11295_11298_11307_11498_12879_13089_13506,schizophrenia,MONDO_grouped,6999,TDO2,NCBI,HGNC:11708,TDO2,"tryptophan 2,3-dioxygenase",P48775
MONDO:0005090,schizophrenia,schizophrenia,5090_13498_8414_10897_33312_10943_11552_14092_12054_11960_11280_11294_11295_11298_11307_11498_12879_13089_13506,schizophrenia,MONDO_grouped,146279,TEKT5,NCBI,HGNC:26554,TEKT5,tektin 5,Q96M29
MONDO:0005090,schizophrenia,schizophrenia,5090_13498_8414_10897_33312_10943_11552_14092_12054_11960_11280_11294_11295_11298_11307_11498_12879_13089_13506,schizophrenia,MONDO_grouped,26011,TENM4,NCBI,HGNC:29945,TENM4,teneurin transmembrane protein 4,Q6N022
MONDO:0005090,schizophrenia,schizophrenia,5090_13498_8414_10897_33312_10943_11552_14092_12054_11960_11280_11294_11295_11298_11307_11498_12879_13089_13506,schizophrenia,MONDO_grouped,80312,TET1,NCBI,HGNC:29484,TET1,tet methylcytosine dioxygenase 1,Q8NFU7
MONDO:0005090,schizophrenia,schizophrenia,5090_13498_8414_10897_33312_10943_11552_14092_12054_11960_11280_11294_11295_11298_11307_11498_12879_13089_13506,schizophrenia,MONDO_grouped,7018,TF,NCBI,HGNC:11740,TF,transferrin,P02787
MONDO:0005090,schizophrenia,schizophrenia,5090_13498_8414_10897_33312_10943_11552_14092_12054_11960_11280_11294_11295_11298_11307_11498_12879_13089_13506,schizophrenia,MONDO_grouped,7040,TGFB1,NCBI,HGNC:11766,TGFB1,transforming growth factor beta 1,P01137
MONDO:0005090,schizophrenia,schizophrenia,5090_13498_8414_10897_33312_10943_11552_14092_12054_11960_11280_11294_11295_11298_11307_11498_12879_13089_13506,schizophrenia,MONDO_grouped,7052,TGM2,NCBI,HGNC:11778,TGM2,transglutaminase 2,P21980
MONDO:0005090,schizophrenia,schizophrenia,5090_13498_8414_10897_33312_10943_11552_14092_12054_11960_11280_11294_11295_11298_11307_11498_12879_13089_13506,schizophrenia,MONDO_grouped,7057,THBS1,NCBI,HGNC:11785,THBS1,thrombospondin 1,P07996
MONDO:0005090,schizophrenia,schizophrenia,5090_13498_8414_10897_33312_10943_11552_14092_12054_11960_11280_11294_11295_11298_11307_11498_12879_13089_13506,schizophrenia,MONDO_grouped,7097,TLR2,NCBI,HGNC:11848,TLR2,toll like receptor 2,O60603
MONDO:0005090,schizophrenia,schizophrenia,5090_13498_8414_10897_33312_10943_11552_14092_12054_11960_11280_11294_11295_11298_11307_11498_12879_13089_13506,schizophrenia,MONDO_grouped,7098,TLR3,NCBI,HGNC:11849,TLR3,toll like receptor 3,O15455
MONDO:0005090,schizophrenia,schizophrenia,5090_13498_8414_10897_33312_10943_11552_14092_12054_11960_11280_11294_11295_11298_11307_11498_12879_13089_13506,schizophrenia,MONDO_grouped,7099,TLR4,NCBI,HGNC:11850,TLR4,toll like receptor 4,O00206
MONDO:0005090,schizophrenia,schizophrenia,5090_13498_8414_10897_33312_10943_11552_14092_12054_11960_11280_11294_11295_11298_11307_11498_12879_13089_13506,schizophrenia,MONDO_grouped,23731,TMEM245,NCBI,HGNC:1363,TMEM245,transmembrane protein 245,Q9H330
MONDO:0005090,schizophrenia,schizophrenia,5090_13498_8414_10897_33312_10943_11552_14092_12054_11960_11280_11294_11295_11298_11307_11498_12879_13089_13506,schizophrenia,MONDO_grouped,9168,TMSB10,NCBI,HGNC:11879,TMSB10,thymosin beta 10,P63313
MONDO:0005090,schizophrenia,schizophrenia,5090_13498_8414_10897_33312_10943_11552_14092_12054_11960_11280_11294_11295_11298_11307_11498_12879_13089_13506,schizophrenia,MONDO_grouped,7124,TNF,NCBI,HGNC:11892,TNF,tumor necrosis factor,P01375
MONDO:0005090,schizophrenia,schizophrenia,5090_13498_8414_10897_33312_10943_11552_14092_12054_11960_11280_11294_11295_11298_11307_11498_12879_13089_13506,schizophrenia,MONDO_grouped,7132,TNFRSF1A,NCBI,HGNC:11916,TNFRSF1A,TNF receptor superfamily member 1A,P19438
MONDO:0005090,schizophrenia,schizophrenia,5090_13498_8414_10897_33312_10943_11552_14092_12054_11960_11280_11294_11295_11298_11307_11498_12879_13089_13506,schizophrenia,MONDO_grouped,7133,TNFRSF1B,NCBI,HGNC:11917,TNFRSF1B,TNF receptor superfamily member 1B,P20333
MONDO:0005090,schizophrenia,schizophrenia,5090_13498_8414_10897_33312_10943_11552_14092_12054_11960_11280_11294_11295_11298_11307_11498_12879_13089_13506,schizophrenia,MONDO_grouped,8741,TNFSF13,NCBI,HGNC:11928,TNFSF13,TNF superfamily member 13,O75888
MONDO:0005090,schizophrenia,schizophrenia,5090_13498_8414_10897_33312_10943_11552_14092_12054_11960_11280_11294_11295_11298_11307_11498_12879_13089_13506,schizophrenia,MONDO_grouped,23043,TNIK,NCBI,HGNC:30765,TNIK,TRAF2 and NCK interacting kinase,Q9UKE5
MONDO:0005090,schizophrenia,schizophrenia,5090_13498_8414_10897_33312_10943_11552_14092_12054_11960_11280_11294_11295_11298_11307_11498_12879_13089_13506,schizophrenia,MONDO_grouped,7148,TNXB,NCBI,HGNC:11976,TNXB,tenascin XB,P22105
MONDO:0005090,schizophrenia,schizophrenia,5090_13498_8414_10897_33312_10943_11552_14092_12054_11960_11280_11294_11295_11298_11307_11498_12879_13089_13506,schizophrenia,MONDO_grouped,8940,TOP3B,NCBI,HGNC:11993,TOP3B,DNA topoisomerase III beta,O95985
MONDO:0005090,schizophrenia,schizophrenia,5090_13498_8414_10897_33312_10943_11552_14092_12054_11960_11280_11294_11295_11298_11307_11498_12879_13089_13506,schizophrenia,MONDO_grouped,7157,TP53,NCBI,HGNC:11998,TP53,tumor protein p53,P04637
MONDO:0005090,schizophrenia,schizophrenia,5090_13498_8414_10897_33312_10943_11552_14092_12054_11960_11280_11294_11295_11298_11307_11498_12879_13089_13506,schizophrenia,MONDO_grouped,7166,TPH1,NCBI,HGNC:12008,TPH1,tryptophan hydroxylase 1,P17752
MONDO:0005090,schizophrenia,schizophrenia,5090_13498_8414_10897_33312_10943_11552_14092_12054_11960_11280_11294_11295_11298_11307_11498_12879_13089_13506,schizophrenia,MONDO_grouped,121278,TPH2,NCBI,HGNC:20692,TPH2,tryptophan hydroxylase 2,Q8IWU9
MONDO:0005090,schizophrenia,schizophrenia,5090_13498_8414_10897_33312_10943_11552_14092_12054_11960_11280_11294_11295_11298_11307_11498_12879_13089_13506,schizophrenia,MONDO_grouped,7167,TPI1,NCBI,HGNC:12009,TPI1,triosephosphate isomerase 1,P60174
MONDO:0005090,schizophrenia,schizophrenia,5090_13498_8414_10897_33312_10943_11552_14092_12054_11960_11280_11294_11295_11298_11307_11498_12879_13089_13506,schizophrenia,MONDO_grouped,7178,TPT1,NCBI,HGNC:12022,TPT1,"tumor protein, translationally-controlled 1",P13693
MONDO:0005090,schizophrenia,schizophrenia,5090_13498_8414_10897_33312_10943_11552_14092_12054_11960_11280_11294_11295_11298_11307_11498_12879_13089_13506,schizophrenia,MONDO_grouped,22906,TRAK1,NCBI,HGNC:29947,TRAK1,trafficking kinesin protein 1,Q9UPV9
MONDO:0005090,schizophrenia,schizophrenia,5090_13498_8414_10897_33312_10943_11552_14092_12054_11960_11280_11294_11295_11298_11307_11498_12879_13089_13506,schizophrenia,MONDO_grouped,54210,TREM1,NCBI,HGNC:17760,TREM1,triggering receptor expressed on myeloid cells 1,Q9NP99
MONDO:0005090,schizophrenia,schizophrenia,5090_13498_8414_10897_33312_10943_11552_14092_12054_11960_11280_11294_11295_11298_11307_11498_12879_13089_13506,schizophrenia,MONDO_grouped,27037,TRMT2A,NCBI,HGNC:24974,TRMT2A,tRNA methyltransferase 2A,Q8IZ69
MONDO:0005090,schizophrenia,schizophrenia,5090_13498_8414_10897_33312_10943_11552_14092_12054_11960_11280_11294_11295_11298_11307_11498_12879_13089_13506,schizophrenia,MONDO_grouped,4308,TRPM1,NCBI,HGNC:7146,TRPM1,transient receptor potential cation channel subfamily M member 1,Q7Z4N2
MONDO:0005090,schizophrenia,schizophrenia,5090_13498_8414_10897_33312_10943_11552_14092_12054_11960_11280_11294_11295_11298_11307_11498_12879_13089_13506,schizophrenia,MONDO_grouped,8295,TRRAP,NCBI,HGNC:12347,TRRAP,transformation/transcription domain associated protein,Q9Y4A5
MONDO:0005090,schizophrenia,schizophrenia,5090_13498_8414_10897_33312_10943_11552_14092_12054_11960_11280_11294_11295_11298_11307_11498_12879_13089_13506,schizophrenia,MONDO_grouped,203062,TSNARE1,NCBI,HGNC:26437,TSNARE1,t-SNARE domain containing 1,Q96NA8
MONDO:0005090,schizophrenia,schizophrenia,5090_13498_8414_10897_33312_10943_11552_14092_12054_11960_11280_11294_11295_11298_11307_11498_12879_13089_13506,schizophrenia,MONDO_grouped,90139,TSPAN18,NCBI,HGNC:20660,TSPAN18,tetraspanin 18,Q96SJ8
MONDO:0005090,schizophrenia,schizophrenia,5090_13498_8414_10897_33312_10943_11552_14092_12054_11960_11280_11294_11295_11298_11307_11498_12879_13089_13506,schizophrenia,MONDO_grouped,7103,TSPAN8,NCBI,HGNC:11855,TSPAN8,tetraspanin 8,P19075
MONDO:0005090,schizophrenia,schizophrenia,5090_13498_8414_10897_33312_10943_11552_14092_12054_11960_11280_11294_11295_11298_11307_11498_12879_13089_13506,schizophrenia,MONDO_grouped,81567,TXNDC5,NCBI,HGNC:21073,TXNDC5,thioredoxin domain containing 5,Q8NBS9
MONDO:0005090,schizophrenia,schizophrenia,5090_13498_8414_10897_33312_10943_11552_14092_12054_11960_11280_11294_11295_11298_11307_11498_12879_13089_13506,schizophrenia,MONDO_grouped,7299,TYR,NCBI,HGNC:12442,TYR,tyrosinase,P14679
MONDO:0005090,schizophrenia,schizophrenia,5090_13498_8414_10897_33312_10943_11552_14092_12054_11960_11280_11294_11295_11298_11307_11498_12879_13089_13506,schizophrenia,MONDO_grouped,7351,UCP2,NCBI,HGNC:12518,UCP2,uncoupling protein 2,P55851
MONDO:0005090,schizophrenia,schizophrenia,5090_13498_8414_10897_33312_10943_11552_14092_12054_11960_11280_11294_11295_11298_11307_11498_12879_13089_13506,schizophrenia,MONDO_grouped,7353,UFD1,NCBI,HGNC:12520,UFD1,ubiquitin recognition factor in ER associated degradation 1,Q92890
MONDO:0005090,schizophrenia,schizophrenia,5090_13498_8414_10897_33312_10943_11552_14092_12054_11960_11280_11294_11295_11298_11307_11498_12879_13089_13506,schizophrenia,MONDO_grouped,127933,UHMK1,NCBI,HGNC:19683,UHMK1,U2AF homology motif kinase 1,Q8TAS1
MONDO:0005090,schizophrenia,schizophrenia,5090_13498_8414_10897_33312_10943_11552_14092_12054_11960_11280_11294_11295_11298_11307_11498_12879_13089_13506,schizophrenia,MONDO_grouped,54986,ULK4,NCBI,HGNC:15784,ULK4,unc-51 like kinase 4,Q96C45
MONDO:0005090,schizophrenia,schizophrenia,5090_13498_8414_10897_33312_10943_11552_14092_12054_11960_11280_11294_11295_11298_11307_11498_12879_13089_13506,schizophrenia,MONDO_grouped,8633,UNC5C,NCBI,HGNC:12569,UNC5C,unc-5 netrin receptor C,O95185
MONDO:0005090,schizophrenia,schizophrenia,5090_13498_8414_10897_33312_10943_11552_14092_12054_11960_11280_11294_11295_11298_11307_11498_12879_13089_13506,schizophrenia,MONDO_grouped,7432,VIP,NCBI,HGNC:12693,VIP,vasoactive intestinal peptide,P01282
MONDO:0005090,schizophrenia,schizophrenia,5090_13498_8414_10897_33312_10943_11552_14092_12054_11960_11280_11294_11295_11298_11307_11498_12879_13089_13506,schizophrenia,MONDO_grouped,7434,VIPR2,NCBI,HGNC:12695,VIPR2,vasoactive intestinal peptide receptor 2,P41587
MONDO:0005090,schizophrenia,schizophrenia,5090_13498_8414_10897_33312_10943_11552_14092_12054_11960_11280_11294_11295_11298_11307_11498_12879_13089_13506,schizophrenia,MONDO_grouped,7436,VLDLR,NCBI,HGNC:12698,VLDLR,very low density lipoprotein receptor,P98155
MONDO:0005090,schizophrenia,schizophrenia,5090_13498_8414_10897_33312_10943_11552_14092_12054_11960_11280_11294_11295_11298_11307_11498_12879_13089_13506,schizophrenia,MONDO_grouped,55737,VPS35,NCBI,HGNC:13487,VPS35,VPS35 retromer complex component,Q96QK1
MONDO:0005090,schizophrenia,schizophrenia,5090_13498_8414_10897_33312_10943_11552_14092_12054_11960_11280_11294_11295_11298_11307_11498_12879_13089_13506,schizophrenia,MONDO_grouped,23339,VPS39,NCBI,HGNC:20593,VPS39,VPS39 subunit of HOPS complex,Q96JC1
MONDO:0005090,schizophrenia,schizophrenia,5090_13498_8414_10897_33312_10943_11552_14092_12054_11960_11280_11294_11295_11298_11307_11498_12879_13089_13506,schizophrenia,MONDO_grouped,7444,VRK2,NCBI,HGNC:12719,VRK2,VRK serine/threonine kinase 2,Q86Y07
MONDO:0005090,schizophrenia,schizophrenia,5090_13498_8414_10897_33312_10943_11552_14092_12054_11960_11280_11294_11295_11298_11307_11498_12879_13089_13506,schizophrenia,MONDO_grouped,7447,VSNL1,NCBI,HGNC:12722,VSNL1,visinin like 1,P62760
MONDO:0005090,schizophrenia,schizophrenia,5090_13498_8414_10897_33312_10943_11552_14092_12054_11960_11280_11294_11295_11298_11307_11498_12879_13089_13506,schizophrenia,MONDO_grouped,55717,WDR11,NCBI,HGNC:13831,WDR11,WD repeat domain 11,Q9BZH6
MONDO:0005090,schizophrenia,schizophrenia,5090_13498_8414_10897_33312_10943_11552_14092_12054_11960_11280_11294_11295_11298_11307_11498_12879_13089_13506,schizophrenia,MONDO_grouped,65267,WNK3,NCBI,HGNC:14543,WNK3,WNK lysine deficient protein kinase 3,Q9BYP7
MONDO:0005090,schizophrenia,schizophrenia,5090_13498_8414_10897_33312_10943_11552_14092_12054_11960_11280_11294_11295_11298_11307_11498_12879_13089_13506,schizophrenia,MONDO_grouped,7494,XBP1,NCBI,HGNC:12801,XBP1,X-box binding protein 1,P17861
MONDO:0005090,schizophrenia,schizophrenia,5090_13498_8414_10897_33312_10943_11552_14092_12054_11960_11280_11294_11295_11298_11307_11498_12879_13089_13506,schizophrenia,MONDO_grouped,7515,XRCC1,NCBI,HGNC:12828,XRCC1,X-ray repair cross complementing 1,P18887
MONDO:0005090,schizophrenia,schizophrenia,5090_13498_8414_10897_33312_10943_11552_14092_12054_11960_11280_11294_11295_11298_11307_11498_12879_13089_13506,schizophrenia,MONDO_grouped,7518,XRCC4,NCBI,HGNC:12831,XRCC4,X-ray repair cross complementing 4,Q13426
MONDO:0005090,schizophrenia,schizophrenia,5090_13498_8414_10897_33312_10943_11552_14092_12054_11960_11280_11294_11295_11298_11307_11498_12879_13089_13506,schizophrenia,MONDO_grouped,7531,YWHAE,NCBI,HGNC:12851,YWHAE,tyrosine 3-monooxygenase/tryptophan 5-monooxygenase activation protein epsilon,P62258
MONDO:0005090,schizophrenia,schizophrenia,5090_13498_8414_10897_33312_10943_11552_14092_12054_11960_11280_11294_11295_11298_11307_11498_12879_13089_13506,schizophrenia,MONDO_grouped,29801,ZDHHC8,NCBI,HGNC:18474,ZDHHC8,zDHHC palmitoyltransferase 8,Q9ULC8
MONDO:0005090,schizophrenia,schizophrenia,5090_13498_8414_10897_33312_10943_11552_14092_12054_11960_11280_11294_11295_11298_11307_11498_12879_13089_13506,schizophrenia,MONDO_grouped,7546,ZIC2,NCBI,HGNC:12873,ZIC2,Zic family zinc finger 2,O95409
MONDO:0005090,schizophrenia,schizophrenia,5090_13498_8414_10897_33312_10943_11552_14092_12054_11960_11280_11294_11295_11298_11307_11498_12879_13089_13506,schizophrenia,MONDO_grouped,387032,ZKSCAN4,NCBI,HGNC:13854,ZKSCAN4,zinc finger with KRAB and SCAN domains 4,Q969J2
MONDO:0005090,schizophrenia,schizophrenia,5090_13498_8414_10897_33312_10943_11552_14092_12054_11960_11280_11294_11295_11298_11307_11498_12879_13089_13506,schizophrenia,MONDO_grouped,147657,ZNF480,NCBI,HGNC:23305,ZNF480,zinc finger protein 480,Q8WV37
MONDO:0005090,schizophrenia,schizophrenia,5090_13498_8414_10897_33312_10943_11552_14092_12054_11960_11280_11294_11295_11298_11307_11498_12879_13089_13506,schizophrenia,MONDO_grouped,348327,ZNF530,NCBI,HGNC:29297,ZNF530,zinc finger protein 530,Q6P9A1
MONDO:0005090,schizophrenia,schizophrenia,5090_13498_8414_10897_33312_10943_11552_14092_12054_11960_11280_11294_11295_11298_11307_11498_12879_13089_13506,schizophrenia,MONDO_grouped,147929,ZNF565,NCBI,HGNC:26726,ZNF565,zinc finger protein 565,Q8N9K5
MONDO:0005090,schizophrenia,schizophrenia,5090_13498_8414_10897_33312_10943_11552_14092_12054_11960_11280_11294_11295_11298_11307_11498_12879_13089_13506,schizophrenia,MONDO_grouped,7625,ZNF74,NCBI,HGNC:13144,ZNF74,zinc finger protein 74,Q16587
MONDO:0005090,schizophrenia,schizophrenia,5090_13498_8414_10897_33312_10943_11552_14092_12054_11960_11280_11294_11295_11298_11307_11498_12879_13089_13506,schizophrenia,MONDO_grouped,91752,ZNF804A,NCBI,HGNC:21711,ZNF804A,zinc finger protein 804A,Q7Z570
MONDO:0005090,schizophrenia,schizophrenia,5090_13498_8414_10897_33312_10943_11552_14092_12054_11960_11280_11294_11295_11298_11307_11498_12879_13089_13506,schizophrenia,MONDO_grouped,64288,ZSCAN31,NCBI,HGNC:14097,ZSCAN31,zinc finger and SCAN domain containing 31,Q96LW9
MONDO:0005098,stroke disorder,stroke disorder,5098,stroke disorder,MONDO,28,ABO,NCBI,HGNC:79,ABO,"ABO, alpha 1-3-N-acetylgalactosaminyltransferase and alpha 1-3-galactosyltransferase",P16442
MONDO:0005098,stroke disorder,stroke disorder,5098,stroke disorder,MONDO,1636,ACE,NCBI,HGNC:2707,ACE,angiotensin I converting enzyme,P12821
MONDO:0005098,stroke disorder,stroke disorder,5098,stroke disorder,MONDO,213,ALB,NCBI,HGNC:399,ALB,albumin,P02768
MONDO:0005098,stroke disorder,stroke disorder,5098,stroke disorder,MONDO,287,ANK2,NCBI,HGNC:493,ANK2,ankyrin 2,Q01484
MONDO:0005098,stroke disorder,stroke disorder,5098,stroke disorder,MONDO,335,APOA1,NCBI,HGNC:600,APOA1,apolipoprotein A1,P02647
MONDO:0005098,stroke disorder,stroke disorder,5098,stroke disorder,MONDO,351,APP,NCBI,HGNC:620,APP,amyloid beta precursor protein,P05067
MONDO:0005098,stroke disorder,stroke disorder,5098,stroke disorder,MONDO,54897,CASZ1,NCBI,HGNC:26002,CASZ1,castor zinc finger 1,Q86V15
MONDO:0005098,stroke disorder,stroke disorder,5098,stroke disorder,MONDO,1021,CDK6,NCBI,HGNC:1777,CDK6,cyclin dependent kinase 6,Q00534
MONDO:0005098,stroke disorder,stroke disorder,5098,stroke disorder,MONDO,1281,COL3A1,NCBI,HGNC:2201,COL3A1,collagen type III alpha 1 chain,P02461
MONDO:0005098,stroke disorder,stroke disorder,5098,stroke disorder,MONDO,2833,CXCR3,NCBI,HGNC:4540,CXCR3,C-X-C motif chemokine receptor 3,P49682
MONDO:0005098,stroke disorder,stroke disorder,5098,stroke disorder,MONDO,1906,EDN1,NCBI,HGNC:3176,EDN1,endothelin 1,P05305
MONDO:0005098,stroke disorder,stroke disorder,5098,stroke disorder,MONDO,1909,EDNRA,NCBI,HGNC:3179,EDNRA,endothelin receptor type A,P25101
MONDO:0005098,stroke disorder,stroke disorder,5098,stroke disorder,MONDO,2147,F2,NCBI,HGNC:3535,F2,"coagulation factor II, thrombin",P00734
MONDO:0005098,stroke disorder,stroke disorder,5098,stroke disorder,MONDO,2153,F5,NCBI,HGNC:3542,F5,coagulation factor V,P12259
MONDO:0005098,stroke disorder,stroke disorder,5098,stroke disorder,MONDO,2243,FGA,NCBI,HGNC:3661,FGA,fibrinogen alpha chain,P02671
MONDO:0005098,stroke disorder,stroke disorder,5098,stroke disorder,MONDO,2295,FOXF2,NCBI,HGNC:3810,FOXF2,forkhead box F2,Q12947
MONDO:0005098,stroke disorder,stroke disorder,5098,stroke disorder,MONDO,2717,GLA,NCBI,HGNC:4296,GLA,galactosidase alpha,P06280
MONDO:0005098,stroke disorder,stroke disorder,5098,stroke disorder,MONDO,9734,HDAC9,NCBI,HGNC:14065,HDAC9,histone deacetylase 9,Q9UKV0
MONDO:0005098,stroke disorder,stroke disorder,5098,stroke disorder,MONDO,3360,HTR4,NCBI,HGNC:5299,HTR4,5-hydroxytryptamine receptor 4,Q13639
MONDO:0005098,stroke disorder,stroke disorder,5098,stroke disorder,MONDO,3383,ICAM1,NCBI,HGNC:5344,ICAM1,intercellular adhesion molecule 1,P05362
MONDO:0005098,stroke disorder,stroke disorder,5098,stroke disorder,MONDO,3553,IL1B,NCBI,HGNC:5992,IL1B,interleukin 1 beta,P01584
MONDO:0005098,stroke disorder,stroke disorder,5098,stroke disorder,MONDO,3557,IL1RN,NCBI,HGNC:6000,IL1RN,interleukin 1 receptor antagonist,P18510
MONDO:0005098,stroke disorder,stroke disorder,5098,stroke disorder,MONDO,3569,IL6,NCBI,HGNC:6018,IL6,interleukin 6,P05231
MONDO:0005098,stroke disorder,stroke disorder,5098,stroke disorder,MONDO,3659,IRF1,NCBI,HGNC:6116,IRF1,interferon regulatory factor 1,P10914
MONDO:0005098,stroke disorder,stroke disorder,5098,stroke disorder,MONDO,3674,ITGA2B,NCBI,HGNC:6138,ITGA2B,integrin subunit alpha 2b,P08514
MONDO:0005098,stroke disorder,stroke disorder,5098,stroke disorder,MONDO,3685,ITGAV,NCBI,HGNC:6150,ITGAV,integrin subunit alpha V,P06756
MONDO:0005098,stroke disorder,stroke disorder,5098,stroke disorder,MONDO,3690,ITGB3,NCBI,HGNC:6156,ITGB3,integrin subunit beta 3,P05106
MONDO:0005098,stroke disorder,stroke disorder,5098,stroke disorder,MONDO,9445,ITM2B,NCBI,HGNC:6174,ITM2B,integral membrane protein 2B,Q9Y287
MONDO:0005098,stroke disorder,stroke disorder,5098,stroke disorder,MONDO,3777,KCNK3,NCBI,HGNC:6278,KCNK3,potassium two pore domain channel subfamily K member 3,O14649
MONDO:0005098,stroke disorder,stroke disorder,5098,stroke disorder,MONDO,4018,LPA,NCBI,HGNC:6667,LPA,lipoprotein(a),P08519
MONDO:0005098,stroke disorder,stroke disorder,5098,stroke disorder,MONDO,23143,LRCH1,NCBI,HGNC:20309,LRCH1,leucine rich repeats and calponin homology domain containing 1,Q9Y2L9
MONDO:0005098,stroke disorder,stroke disorder,5098,stroke disorder,MONDO,4321,MMP12,NCBI,HGNC:7158,MMP12,matrix metallopeptidase 12,P39900
MONDO:0005098,stroke disorder,stroke disorder,5098,stroke disorder,MONDO,4524,MTHFR,NCBI,HGNC:7436,MTHFR,methylenetetrahydrofolate reductase,P42898
MONDO:0005098,stroke disorder,stroke disorder,5098,stroke disorder,MONDO,1482,NKX2-5,NCBI,HGNC:2488,NKX2-5,NK2 homeobox 5,P52952
MONDO:0005098,stroke disorder,stroke disorder,5098,stroke disorder,MONDO,4843,NOS2,NCBI,HGNC:7873,NOS2,nitric oxide synthase 2,P35228
MONDO:0005098,stroke disorder,stroke disorder,5098,stroke disorder,MONDO,196743,PAOX,NCBI,HGNC:20837,PAOX,polyamine oxidase,Q6QHF9
MONDO:0005098,stroke disorder,stroke disorder,5098,stroke disorder,MONDO,5139,PDE3A,NCBI,HGNC:8778,PDE3A,phosphodiesterase 3A,Q14432
MONDO:0005098,stroke disorder,stroke disorder,5098,stroke disorder,MONDO,5308,PITX2,NCBI,HGNC:9005,PITX2,paired like homeodomain 2,Q99697
MONDO:0005098,stroke disorder,stroke disorder,5098,stroke disorder,MONDO,7941,PLA2G7,NCBI,HGNC:9040,PLA2G7,phospholipase A2 group VII,Q13093
MONDO:0005098,stroke disorder,stroke disorder,5098,stroke disorder,MONDO,5327,PLAT,NCBI,HGNC:9051,PLAT,"plasminogen activator, tissue type",P00750
MONDO:0005098,stroke disorder,stroke disorder,5098,stroke disorder,MONDO,5328,PLAU,NCBI,HGNC:9052,PLAU,"plasminogen activator, urokinase",P00749
MONDO:0005098,stroke disorder,stroke disorder,5098,stroke disorder,MONDO,5563,PRKAA2,NCBI,HGNC:9377,PRKAA2,protein kinase AMP-activated catalytic subunit alpha 2,P54646
MONDO:0005098,stroke disorder,stroke disorder,5098,stroke disorder,MONDO,10594,PRPF8,NCBI,HGNC:17340,PRPF8,pre-mRNA processing factor 8,Q6P2Q9
MONDO:0005098,stroke disorder,stroke disorder,5098,stroke disorder,MONDO,5743,PTGS2,NCBI,HGNC:9605,PTGS2,prostaglandin-endoperoxide synthase 2,P35354
MONDO:0005098,stroke disorder,stroke disorder,5098,stroke disorder,MONDO,6000,RGS7,NCBI,HGNC:10003,RGS7,regulator of G protein signaling 7,P49802
MONDO:0005098,stroke disorder,stroke disorder,5098,stroke disorder,MONDO,10019,SH2B3,NCBI,HGNC:29605,SH2B3,SH2B adaptor protein 3,Q9UQQ2
MONDO:0005098,stroke disorder,stroke disorder,5098,stroke disorder,MONDO,9644,SH3PXD2A,NCBI,HGNC:23664,SH3PXD2A,SH3 and PX domains 2A,Q5TCZ1
MONDO:0005098,stroke disorder,stroke disorder,5098,stroke disorder,MONDO,54498,SMOX,NCBI,HGNC:15862,SMOX,spermine oxidase,Q9NWM0
MONDO:0005098,stroke disorder,stroke disorder,5098,stroke disorder,MONDO,6647,SOD1,NCBI,HGNC:11179,SOD1,superoxide dismutase 1,P00441
MONDO:0005098,stroke disorder,stroke disorder,5098,stroke disorder,MONDO,6926,TBX3,NCBI,HGNC:11602,TBX3,T-box transcription factor 3,O15119
MONDO:0005098,stroke disorder,stroke disorder,5098,stroke disorder,MONDO,7040,TGFB1,NCBI,HGNC:11766,TGFB1,transforming growth factor beta 1,P01137
MONDO:0005098,stroke disorder,stroke disorder,5098,stroke disorder,MONDO,7124,TNF,NCBI,HGNC:11892,TNF,tumor necrosis factor,P01375
MONDO:0005098,stroke disorder,stroke disorder,5098,stroke disorder,MONDO,10100,TSPAN2,NCBI,HGNC:20659,TSPAN2,tetraspanin 2,O60636
MONDO:0005098,stroke disorder,stroke disorder,5098,stroke disorder,MONDO,7351,UCP2,NCBI,HGNC:12518,UCP2,uncoupling protein 2,P55851
MONDO:0005098,stroke disorder,stroke disorder,5098,stroke disorder,MONDO,79001,VKORC1,NCBI,HGNC:23663,VKORC1,vitamin K epoxide reductase complex subunit 1,Q9BQB6
MONDO:0005098,stroke disorder,stroke disorder,5098,stroke disorder,MONDO,7482,WNT2B,NCBI,HGNC:12781,WNT2B,Wnt family member 2B,Q93097
MONDO:0005098,stroke disorder,stroke disorder,5098,stroke disorder,MONDO,23174,ZCCHC14,NCBI,HGNC:24134,ZCCHC14,zinc finger CCHC-type containing 14,Q8WYQ9
MONDO:0005098,stroke disorder,stroke disorder,5098,stroke disorder,MONDO,463,ZFHX3,NCBI,HGNC:777,ZFHX3,zinc finger homeobox 3,Q15911
