chembl_id,mondo_id,relation,chembl_pref_name,drugbank_id,drug_name,mondo_name,disease_name,primekg_disease_id,disease_source,mapping_status,mapping_reason
CHEMBL100116,MONDO:0004975,contraindication,PENTAZOCINE,DB00652,Pentazocine,Alzheimer disease,Alzheimer disease,11913_7088_11743_12153_7089_11194_12321_15140_4975_11561_11647_11777_12344_12609_12630_12631_14265_10422_14036_14316_100088,MONDO_grouped,validated,previous_mapping
CHEMBL1085,MONDO:0004975,contraindication,ACETOPHENAZINE,DB01063,Acetophenazine,Alzheimer disease,Alzheimer disease,11913_7088_11743_12153_7089_11194_12321_15140_4975_11561_11647_11777_12344_12609_12630_12631_14265_10422_14036_14316_100088,MONDO_grouped,validated,previous_mapping
CHEMBL1112,MONDO:0004975,contraindication,ARIPIPRAZOLE,DB01238,Aripiprazole,Alzheimer disease,Alzheimer disease,11913_7088_11743_12153_7089_11194_12321_15140_4975_11561_11647_11777_12344_12609_12630_12631_14265_10422_14036_14316_100088,MONDO_grouped,validated,previous_mapping
CHEMBL113,MONDO:0004975,contraindication,CAFFEINE,DB00201,Caffeine,Alzheimer disease,Alzheimer disease,11913_7088_11743_12153_7089_11194_12321_15140_4975_11561_11647_11777_12344_12609_12630_12631_14265_10422_14036_14316_100088,MONDO_grouped,validated,previous_mapping
CHEMBL1144,MONDO:0004975,contraindication,PRAVASTATIN,DB00175,Pravastatin,Alzheimer disease,Alzheimer disease,11913_7088_11743_12153_7089_11194_12321_15140_4975_11561_11647_11777_12344_12609_12630_12631_14265_10422_14036_14316_100088,MONDO_grouped,validated,previous_mapping
CHEMBL1193,MONDO:0004975,contraindication,PHENIRAMINE,DB01620,Pheniramine,Alzheimer disease,Alzheimer disease,11913_7088_11743_12153_7089_11194_12321_15140_4975_11561_11647_11777_12344_12609_12630_12631_14265_10422_14036_14316_100088,MONDO_grouped,validated,previous_mapping
CHEMBL1201,MONDO:0004975,contraindication,THIOTHIXENE,DB01623,Thiothixene,Alzheimer disease,Alzheimer disease,11913_7088_11743_12153_7089_11194_12321_15140_4975_11561_11647_11777_12344_12609_12630_12631_14265_10422_14036_14316_100088,MONDO_grouped,validated,previous_mapping
CHEMBL1201117,MONDO:0004975,contraindication,METHOCARBAMOL,DB00423,Methocarbamol,Alzheimer disease,Alzheimer disease,11913_7088_11743_12153_7089_11194_12321_15140_4975_11561_11647_11777_12344_12609_12630_12631_14265_10422_14036_14316_100088,MONDO_grouped,validated,previous_mapping
CHEMBL1201210,MONDO:0004975,contraindication,PROPIOMAZINE,DB00777,Propiomazine,Alzheimer disease,Alzheimer disease,11913_7088_11743_12153_7089_11194_12321_15140_4975_11561_11647_11777_12344_12609_12630_12631_14265_10422_14036_14316_100088,MONDO_grouped,validated,previous_mapping
CHEMBL1201232,MONDO:0004975,contraindication,ISOPROPAMIDE,DB01625,Isopropamide,Alzheimer disease,Alzheimer disease,11913_7088_11743_12153_7089_11194_12321_15140_4975_11561_11647_11777_12344_12609_12630_12631_14265_10422_14036_14316_100088,MONDO_grouped,validated,previous_mapping
CHEMBL1213351,MONDO:0004975,contraindication,PROPOXYPHENE,DB00647,Dextropropoxyphene,Alzheimer disease,Alzheimer disease,11913_7088_11743_12153_7089_11194_12321_15140_4975_11561_11647_11777_12344_12609_12630_12631_14265_10422_14036_14316_100088,MONDO_grouped,validated,parent_compound
CHEMBL1215,MONDO:0004975,contraindication,PHENYLEPHRINE,DB00388,Phenylephrine,Alzheimer disease,Alzheimer disease,11913_7088_11743_12153_7089_11194_12321_15140_4975_11561_11647_11777_12344_12609_12630_12631_14265_10422_14036_14316_100088,MONDO_grouped,validated,previous_mapping
CHEMBL1233,MONDO:0004975,contraindication,CARISOPRODOL,DB00395,Carisoprodol,Alzheimer disease,Alzheimer disease,11913_7088_11743_12153_7089_11194_12321_15140_4975_11561_11647_11777_12344_12609_12630_12631_14265_10422_14036_14316_100088,MONDO_grouped,validated,previous_mapping
CHEMBL1261,MONDO:0004975,contraindication,CITRIC ACID,DB04272,Citric acid,Alzheimer disease,Alzheimer disease,11913_7088_11743_12153_7089_11194_12321_15140_4975_11561_11647_11777_12344_12609_12630_12631_14265_10422_14036_14316_100088,MONDO_grouped,validated,previous_mapping
CHEMBL1423,MONDO:0004975,contraindication,PIMOZIDE,DB01100,Pimozide,Alzheimer disease,Alzheimer disease,11913_7088_11743_12153_7089_11194_12321_15140_4975_11561_11647_11777_12344_12609_12630_12631_14265_10422_14036_14316_100088,MONDO_grouped,validated,previous_mapping
CHEMBL14376,MONDO:0004975,contraindication,ILOPERIDONE,DB04946,Iloperidone,Alzheimer disease,Alzheimer disease,11913_7088_11743_12153_7089_11194_12321_15140_4975_11561_11647_11777_12344_12609_12630_12631_14265_10422_14036_14316_100088,MONDO_grouped,validated,previous_mapping
CHEMBL1457,MONDO:0004975,contraindication,HYDROCODONE,DB00956,Hydrocodone,Alzheimer disease,Alzheimer disease,11913_7088_11743_12153_7089_11194_12321_15140_4975_11561_11647_11777_12344_12609_12630_12631_14265_10422_14036_14316_100088,MONDO_grouped,validated,previous_mapping
CHEMBL1595,MONDO:0004975,contraindication,DIHYDROCODEINE,DB01551,Dihydrocodeine,Alzheimer disease,Alzheimer disease,11913_7088_11743_12153_7089_11194_12321_15140_4975_11561_11647_11777_12344_12609_12630_12631_14265_10422_14036_14316_100088,MONDO_grouped,validated,previous_mapping
CHEMBL16073,MONDO:0004975,contraindication,PHENACETIN,DB03783,Phenacetin,Alzheimer disease,Alzheimer disease,11913_7088_11743_12153_7089_11194_12321_15140_4975_11561_11647_11777_12344_12609_12630_12631_14265_10422_14036_14316_100088,MONDO_grouped,validated,previous_mapping
CHEMBL1621,MONDO:0004975,contraindication,PALIPERIDONE,DB01267,Paliperidone,Alzheimer disease,Alzheimer disease,11913_7088_11743_12153_7089_11194_12321_15140_4975_11561_11647_11777_12344_12609_12630_12631_14265_10422_14036_14316_100088,MONDO_grouped,validated,previous_mapping
CHEMBL1697766,MONDO:0004975,contraindication,PERAZINE,DB12710,Perazine,Alzheimer disease,Alzheimer disease,11913_7088_11743_12153_7089_11194_12321_15140_4975_11561_11647_11777_12344_12609_12630_12631_14265_10422_14036_14316_100088,MONDO_grouped,validated,previous_mapping
CHEMBL1764,MONDO:0004975,contraindication,LEVOMEPROMAZINE,DB01403,Methotrimeprazine,Alzheimer disease,Alzheimer disease,11913_7088_11743_12153_7089_11194_12321_15140_4975_11561_11647_11777_12344_12609_12630_12631_14265_10422_14036_14316_100088,MONDO_grouped,validated,synonym_match
CHEMBL186720,MONDO:0004975,contraindication,PHENYLTOLOXAMINE,DB11160,Phenyltoloxamine,Alzheimer disease,Alzheimer disease,11913_7088_11743_12153_7089_11194_12321_15140_4975_11561_11647_11777_12344_12609_12630_12631_14265_10422_14036_14316_100088,MONDO_grouped,validated,previous_mapping
CHEMBL2106119,MONDO:0004975,contraindication,CALCIUM GLUCONATE,DB11126,Calcium gluconate,Alzheimer disease,Alzheimer disease,11913_7088_11743_12153_7089_11194_12321_15140_4975_11561_11647_11777_12344_12609_12630_12631_14265_10422_14036_14316_100088,MONDO_grouped,validated,previous_mapping
CHEMBL2111164,MONDO:0004975,contraindication,TROLNITRATE,DB13719,Trolnitrate,Alzheimer disease,Alzheimer disease,11913_7088_11743_12153_7089_11194_12321_15140_4975_11561_11647_11777_12344_12609_12630_12631_14265_10422_14036_14316_100088,MONDO_grouped,validated,previous_mapping
CHEMBL27577,MONDO:0004975,contraindication,SALICYLAMIDE,DB08797,Salicylamide,Alzheimer disease,Alzheimer disease,11913_7088_11743_12153_7089_11194_12321_15140_4975_11561_11647_11777_12344_12609_12630_12631_14265_10422_14036_14316_100088,MONDO_grouped,validated,previous_mapping
CHEMBL3187365,MONDO:0004975,contraindication,ASENAPINE,DB06216,Asenapine,Alzheimer disease,Alzheimer disease,11913_7088_11743_12153_7089_11194_12321_15140_4975_11561_11647_11777_12344_12609_12630_12631_14265_10422_14036_14316_100088,MONDO_grouped,validated,previous_mapping
CHEMBL40,MONDO:0004975,contraindication,PHENOBARBITAL,DB01174,Phenobarbital,Alzheimer disease,Alzheimer disease,11913_7088_11743_12153_7089_11194_12321_15140_4975_11561_11647_11777_12344_12609_12630_12631_14265_10422_14036_14316_100088,MONDO_grouped,validated,previous_mapping
CHEMBL41,MONDO:0004975,contraindication,FLUOXETINE,DB00472,Fluoxetine,Alzheimer disease,Alzheimer disease,11913_7088_11743_12153_7089_11194_12321_15140_4975_11561_11647_11777_12344_12609_12630_12631_14265_10422_14036_14316_100088,MONDO_grouped,validated,previous_mapping
CHEMBL42,MONDO:0004975,contraindication,CLOZAPINE,DB00363,Clozapine,Alzheimer disease,Alzheimer disease,11913_7088_11743_12153_7089_11194_12321_15140_4975_11561_11647_11777_12344_12609_12630_12631_14265_10422_14036_14316_100088,MONDO_grouped,validated,previous_mapping
CHEMBL422,MONDO:0004975,contraindication,TRIFLUOPERAZINE,DB00831,Trifluoperazine,Alzheimer disease,Alzheimer disease,11913_7088_11743_12153_7089_11194_12321_15140_4975_11561_11647_11777_12344_12609_12630_12631_14265_10422_14036_14316_100088,MONDO_grouped,validated,previous_mapping
CHEMBL454,MONDO:0004975,contraindication,BUTALBITAL,DB00241,Butalbital,Alzheimer disease,Alzheimer disease,11913_7088_11743_12153_7089_11194_12321_15140_4975_11561_11647_11777_12344_12609_12630_12631_14265_10422_14036_14316_100088,MONDO_grouped,validated,previous_mapping
CHEMBL460,MONDO:0004975,contraindication,MOLINDONE,DB01618,Molindone,Alzheimer disease,Alzheimer disease,11913_7088_11743_12153_7089_11194_12321_15140_4975_11561_11647_11777_12344_12609_12630_12631_14265_10422_14036_14316_100088,MONDO_grouped,validated,previous_mapping
CHEMBL479,MONDO:0004975,contraindication,THIORIDAZINE,DB00679,Thioridazine,Alzheimer disease,Alzheimer disease,11913_7088_11743_12153_7089_11194_12321_15140_4975_11561_11647_11777_12344_12609_12630_12631_14265_10422_14036_14316_100088,MONDO_grouped,validated,previous_mapping
CHEMBL485,MONDO:0004975,contraindication,CODEINE,DB00318,Codeine,Alzheimer disease,Alzheimer disease,11913_7088_11743_12153_7089_11194_12321_15140_4975_11561_11647_11777_12344_12609_12630_12631_14265_10422_14036_14316_100088,MONDO_grouped,validated,previous_mapping
CHEMBL505,MONDO:0004975,contraindication,CHLORPHENIRAMINE,DB01114,Chlorpheniramine,Alzheimer disease,Alzheimer disease,11913_7088_11743_12153_7089_11194_12321_15140_4975_11561_11647_11777_12344_12609_12630_12631_14265_10422_14036_14316_100088,MONDO_grouped,validated,previous_mapping
CHEMBL54,MONDO:0004975,contraindication,HALOPERIDOL,DB00502,Haloperidol,Alzheimer disease,Alzheimer disease,11913_7088_11743_12153_7089_11194_12321_15140_4975_11561_11647_11777_12344_12609_12630_12631_14265_10422_14036_14316_100088,MONDO_grouped,validated,previous_mapping
CHEMBL564,MONDO:0004975,contraindication,PROMAZINE,DB00420,Promazine,Alzheimer disease,Alzheimer disease,11913_7088_11743_12153_7089_11194_12321_15140_4975_11561_11647_11777_12344_12609_12630_12631_14265_10422_14036_14316_100088,MONDO_grouped,validated,previous_mapping
CHEMBL567,MONDO:0004975,contraindication,PERPHENAZINE,DB00850,Perphenazine,Alzheimer disease,Alzheimer disease,11913_7088_11743_12153_7089_11194_12321_15140_4975_11561_11647_11777_12344_12609_12630_12631_14265_10422_14036_14316_100088,MONDO_grouped,validated,previous_mapping
CHEMBL570,MONDO:0004975,contraindication,TRIFLUPROMAZINE,DB00508,Triflupromazine,Alzheimer disease,Alzheimer disease,11913_7088_11743_12153_7089_11194_12321_15140_4975_11561_11647_11777_12344_12609_12630_12631_14265_10422_14036_14316_100088,MONDO_grouped,validated,previous_mapping
CHEMBL61006,MONDO:0004975,contraindication,PHENYLPROPANOLAMINE,DB00397,Phenylpropanolamine,Alzheimer disease,Alzheimer disease,11913_7088_11743_12153_7089_11194_12321_15140_4975_11561_11647_11777_12344_12609_12630_12631_14265_10422_14036_14316_100088,MONDO_grouped,validated,previous_mapping
CHEMBL629,MONDO:0004975,contraindication,AMITRIPTYLINE,DB00321,Amitriptyline,Alzheimer disease,Alzheimer disease,11913_7088_11743_12153_7089_11194_12321_15140_4975_11561_11647_11777_12344_12609_12630_12631_14265_10422_14036_14316_100088,MONDO_grouped,validated,previous_mapping
CHEMBL656,MONDO:0004975,contraindication,OXYCODONE,DB00497,Oxycodone,Alzheimer disease,Alzheimer disease,11913_7088_11743_12153_7089_11194_12321_15140_4975_11561_11647_11777_12344_12609_12630_12631_14265_10422_14036_14316_100088,MONDO_grouped,validated,previous_mapping
CHEMBL708,MONDO:0004975,contraindication,ZIPRASIDONE,DB00246,Ziprasidone,Alzheimer disease,Alzheimer disease,11913_7088_11743_12153_7089_11194_12321_15140_4975_11561_11647_11777_12344_12609_12630_12631_14265_10422_14036_14316_100088,MONDO_grouped,validated,previous_mapping
CHEMBL71,MONDO:0004975,contraindication,CHLORPROMAZINE,DB00477,Chlorpromazine,Alzheimer disease,Alzheimer disease,11913_7088_11743_12153_7089_11194_12321_15140_4975_11561_11647_11777_12344_12609_12630_12631_14265_10422_14036_14316_100088,MONDO_grouped,validated,previous_mapping
CHEMBL715,MONDO:0004975,contraindication,OLANZAPINE,DB00334,Olanzapine,Alzheimer disease,Alzheimer disease,11913_7088_11743_12153_7089_11194_12321_15140_4975_11561_11647_11777_12344_12609_12630_12631_14265_10422_14036_14316_100088,MONDO_grouped,validated,previous_mapping
CHEMBL716,MONDO:0004975,contraindication,QUETIAPINE,DB01224,Quetiapine,Alzheimer disease,Alzheimer disease,11913_7088_11743_12153_7089_11194_12321_15140_4975_11561_11647_11777_12344_12609_12630_12631_14265_10422_14036_14316_100088,MONDO_grouped,validated,previous_mapping
CHEMBL726,MONDO:0004975,contraindication,FLUPHENAZINE,DB00623,Fluphenazine,Alzheimer disease,Alzheimer disease,11913_7088_11743_12153_7089_11194_12321_15140_4975_11561_11647_11777_12344_12609_12630_12631_14265_10422_14036_14316_100088,MONDO_grouped,validated,previous_mapping
CHEMBL728,MONDO:0004975,contraindication,PROCHLORPERAZINE,DB00433,Prochlorperazine,Alzheimer disease,Alzheimer disease,11913_7088_11743_12153_7089_11194_12321_15140_4975_11561_11647_11777_12344_12609_12630_12631_14265_10422_14036_14316_100088,MONDO_grouped,validated,previous_mapping
CHEMBL829,MONDO:0004975,contraindication,METHYLPROMAZINE,DB01246,Alimemazine,Alzheimer disease,Alzheimer disease,11913_7088_11743_12153_7089_11194_12321_15140_4975_11561_11647_11777_12344_12609_12630_12631_14265_10422_14036_14316_100088,MONDO_grouped,validated,synonym_match
CHEMBL831,MONDO:0004975,contraindication,LOXAPINE,DB00408,Loxapine,Alzheimer disease,Alzheimer disease,11913_7088_11743_12153_7089_11194_12321_15140_4975_11561_11647_11777_12344_12609_12630_12631_14265_10422_14036_14316_100088,MONDO_grouped,validated,previous_mapping
CHEMBL85,MONDO:0004975,contraindication,RISPERIDONE,DB00734,Risperidone,Alzheimer disease,Alzheimer disease,11913_7088_11743_12153_7089_11194_12321_15140_4975_11561_11647_11777_12344_12609_12630_12631_14265_10422_14036_14316_100088,MONDO_grouped,validated,previous_mapping
CHEMBL900,MONDO:0004975,contraindication,ORPHENADRINE,DB01173,Orphenadrine,Alzheimer disease,Alzheimer disease,11913_7088_11743_12153_7089_11194_12321_15140_4975_11561_11647_11777_12344_12609_12630_12631_14265_10422_14036_14316_100088,MONDO_grouped,validated,previous_mapping
CHEMBL908,MONDO:0004975,contraindication,CHLORPROTHIXENE,DB01239,Chlorprothixene,Alzheimer disease,Alzheimer disease,11913_7088_11743_12153_7089_11194_12321_15140_4975_11561_11647_11777_12344_12609_12630_12631_14265_10422_14036_14316_100088,MONDO_grouped,validated,previous_mapping
CHEMBL932,MONDO:0004975,contraindication,DIPYRIDAMOLE,DB00975,Dipyridamole,Alzheimer disease,Alzheimer disease,11913_7088_11743_12153_7089_11194_12321_15140_4975_11561_11647_11777_12344_12609_12630_12631_14265_10422_14036_14316_100088,MONDO_grouped,validated,previous_mapping
CHEMBL979,MONDO:0004975,contraindication,MEPROBAMATE,DB00371,Meprobamate,Alzheimer disease,Alzheimer disease,11913_7088_11743_12153_7089_11194_12321_15140_4975_11561_11647_11777_12344_12609_12630_12631_14265_10422_14036_14316_100088,MONDO_grouped,validated,previous_mapping
CHEMBL130880,MONDO:0004975,indication,IPIDACRINE,DB13668,Ipidacrine,Alzheimer disease,Alzheimer disease,11913_7088_11743_12153_7089_11194_12321_15140_4975_11561_11647_11777_12344_12609_12630_12631_14265_10422_14036_14316_100088,MONDO_grouped,validated,previous_mapping
CHEMBL159776,MONDO:0004975,indication,PRAMIRACETAM,DB13247,Pramiracetam,Alzheimer disease,Alzheimer disease,11913_7088_11743_12153_7089_11194_12321_15140_4975_11561_11647_11777_12344_12609_12630_12631_14265_10422_14036_14316_100088,MONDO_grouped,validated,previous_mapping
CHEMBL1697733,MONDO:0004975,indication,ACETYLCARNITINE,DB08842,Acetylcarnitine,Alzheimer disease,Alzheimer disease,11913_7088_11743_12153_7089_11194_12321_15140_4975_11561_11647_11777_12344_12609_12630_12631_14265_10422_14036_14316_100088,MONDO_grouped,validated,previous_mapping
CHEMBL2106411,MONDO:0004975,indication,EPICRIPTINE,DB11275,Epicriptine,Alzheimer disease,Alzheimer disease,11913_7088_11743_12153_7089_11194_12321_15140_4975_11561_11647_11777_12344_12609_12630_12631_14265_10422_14036_14316_100088,MONDO_grouped,validated,previous_mapping
CHEMBL502,MONDO:0004975,indication,DONEPEZIL,DB00843,Donepezil,Alzheimer disease,Alzheimer disease,11913_7088_11743_12153_7089_11194_12321_15140_4975_11561_11647_11777_12344_12609_12630_12631_14265_10422_14036_14316_100088,MONDO_grouped,validated,previous_mapping
CHEMBL636,MONDO:0004975,indication,RIVASTIGMINE,DB00989,Rivastigmine,Alzheimer disease,Alzheimer disease,11913_7088_11743_12153_7089_11194_12321_15140_4975_11561_11647_11777_12344_12609_12630_12631_14265_10422_14036_14316_100088,MONDO_grouped,validated,previous_mapping
CHEMBL659,MONDO:0004975,indication,GALANTAMINE,DB00674,Galantamine,Alzheimer disease,Alzheimer disease,11913_7088_11743_12153_7089_11194_12321_15140_4975_11561_11647_11777_12344_12609_12630_12631_14265_10422_14036_14316_100088,MONDO_grouped,validated,previous_mapping
CHEMBL95,MONDO:0004975,indication,TACRINE,DB00382,Tacrine,Alzheimer disease,Alzheimer disease,11913_7088_11743_12153_7089_11194_12321_15140_4975_11561_11647_11777_12344_12609_12630_12631_14265_10422_14036_14316_100088,MONDO_grouped,validated,previous_mapping
CHEMBL1085,MONDO:0005180,contraindication,ACETOPHENAZINE,DB01063,Acetophenazine,Parkinson disease,Parkinson disease,11764_11658_13625_8199_14604_11613_14233_11562_8200_14796_17279_5180_6966_828_10796_10360_11737_13167,MONDO_grouped,validated,previous_mapping
CHEMBL1093,MONDO:0005180,contraindication,ARTICAINE,DB09009,Articaine,Parkinson disease,Parkinson disease,11764_11658_13625_8199_14604_11613_14233_11562_8200_14796_17279_5180_6966_828_10796_10360_11737_13167,MONDO_grouped,validated,previous_mapping
CHEMBL1098,MONDO:0005180,contraindication,BUPIVACAINE,DB00297,Bupivacaine,Parkinson disease,Parkinson disease,11764_11658_13625_8199_14604_11613_14233_11562_8200_14796_17279_5180_6966_828_10796_10360_11737_13167,MONDO_grouped,validated,previous_mapping
CHEMBL117785,MONDO:0005180,contraindication,TETRABENAZINE,DB04844,Tetrabenazine,Parkinson disease,Parkinson disease,11764_11658_13625_8199_14604_11613_14233_11562_8200_14796_17279_5180_6966_828_10796_10360_11737_13167,MONDO_grouped,validated,previous_mapping
CHEMBL1194,MONDO:0005180,contraindication,PRILOCAINE,DB00750,Prilocaine,Parkinson disease,Parkinson disease,11764_11658_13625_8199_14604_11613_14233_11562_8200_14796_17279_5180_6966_828_10796_10360_11737_13167,MONDO_grouped,validated,previous_mapping
CHEMBL1200862,MONDO:0005180,contraindication,METYROSINE,DB00765,Metyrosine,Parkinson disease,Parkinson disease,11764_11658_13625_8199_14604_11613_14233_11562_8200_14796_17279_5180_6966_828_10796_10360_11737_13167,MONDO_grouped,validated,previous_mapping
CHEMBL1201,MONDO:0005180,contraindication,THIOTHIXENE,DB01623,Thiothixene,Parkinson disease,Parkinson disease,11764_11658_13625_8199_14604_11613_14233_11562_8200_14796_17279_5180_6966_828_10796_10360_11737_13167,MONDO_grouped,validated,previous_mapping
CHEMBL1201210,MONDO:0005180,contraindication,PROPIOMAZINE,DB00777,Propiomazine,Parkinson disease,Parkinson disease,11764_11658_13625_8199_14604_11613_14233_11562_8200_14796_17279_5180_6966_828_10796_10360_11737_13167,MONDO_grouped,validated,previous_mapping
CHEMBL1201232,MONDO:0005180,contraindication,ISOPROPAMIDE,DB01625,Isopropamide,Parkinson disease,Parkinson disease,11764_11658_13625_8199_14604_11613_14233_11562_8200_14796_17279_5180_6966_828_10796_10360_11737_13167,MONDO_grouped,validated,previous_mapping
CHEMBL1201341,MONDO:0005180,contraindication,ECHOTHIOPHATE,DB01057,Echothiophate,Parkinson disease,Parkinson disease,11764_11658_13625_8199_14604_11613_14233_11562_8200_14796_17279_5180_6966_828_10796_10360_11737_13167,MONDO_grouped,validated,previous_mapping
CHEMBL1384,MONDO:0005180,contraindication,KANAMYCIN,DB01172,Kanamycin,Parkinson disease,Parkinson disease,11764_11658_13625_8199_14604_11613_14233_11562_8200_14796_17279_5180_6966_828_10796_10360_11737_13167,MONDO_grouped,validated,previous_mapping
CHEMBL1423,MONDO:0005180,contraindication,PIMOZIDE,DB01100,Pimozide,Parkinson disease,Parkinson disease,11764_11658_13625_8199_14604_11613_14233_11562_8200_14796_17279_5180_6966_828_10796_10360_11737_13167,MONDO_grouped,validated,previous_mapping
CHEMBL1482,MONDO:0005180,contraindication,BETHANECHOL,DB01019,Bethanechol,Parkinson disease,Parkinson disease,11764_11658_13625_8199_14604_11613_14233_11562_8200_14796_17279_5180_6966_828_10796_10360_11737_13167,MONDO_grouped,validated,previous_mapping
CHEMBL1572,MONDO:0005180,contraindication,NETILMICIN,DB00955,Netilmicin,Parkinson disease,Parkinson disease,11764_11658_13625_8199_14604_11613_14233_11562_8200_14796_17279_5180_6966_828_10796_10360_11737_13167,MONDO_grouped,validated,previous_mapping
CHEMBL1621,MONDO:0005180,contraindication,PALIPERIDONE,DB01267,Paliperidone,Parkinson disease,Parkinson disease,11764_11658_13625_8199_14604_11613_14233_11562_8200_14796_17279_5180_6966_828_10796_10360_11737_13167,MONDO_grouped,validated,previous_mapping
CHEMBL1652,MONDO:0005180,contraindication,AMBENONIUM,DB01122,Ambenonium,Parkinson disease,Parkinson disease,11764_11658_13625_8199_14604_11613_14233_11562_8200_14796_17279_5180_6966_828_10796_10360_11737_13167,MONDO_grouped,validated,previous_mapping
CHEMBL1697766,MONDO:0005180,contraindication,PERAZINE,DB12710,Perazine,Parkinson disease,Parkinson disease,11764_11658_13625_8199_14604_11613_14233_11562_8200_14796_17279_5180_6966_828_10796_10360_11737_13167,MONDO_grouped,validated,previous_mapping
CHEMBL1747,MONDO:0005180,contraindication,TOBRAMYCIN,DB00684,Tobramycin,Parkinson disease,Parkinson disease,11764_11658_13625_8199_14604_11613_14233_11562_8200_14796_17279_5180_6966_828_10796_10360_11737_13167,MONDO_grouped,validated,previous_mapping
CHEMBL1764,MONDO:0005180,contraindication,LEVOMEPROMAZINE,DB01403,Methotrimeprazine,Parkinson disease,Parkinson disease,11764_11658_13625_8199_14604_11613_14233_11562_8200_14796_17279_5180_6966_828_10796_10360_11737_13167,MONDO_grouped,validated,synonym_match
CHEMBL177,MONDO:0005180,contraindication,AMIKACIN,DB00479,Amikacin,Parkinson disease,Parkinson disease,11764_11658_13625_8199_14604_11613_14233_11562_8200_14796_17279_5180_6966_828_10796_10360_11737_13167,MONDO_grouped,validated,previous_mapping
CHEMBL372795,MONDO:0005180,contraindication,STREPTOMYCIN,DB01082,Streptomycin,Parkinson disease,Parkinson disease,11764_11658_13625_8199_14604_11613_14233_11562_8200_14796_17279_5180_6966_828_10796_10360_11737_13167,MONDO_grouped,validated,previous_mapping
CHEMBL374975,MONDO:0005180,contraindication,FUSIDIC ACID,DB02703,Fusidic acid,Parkinson disease,Parkinson disease,11764_11658_13625_8199_14604_11613_14233_11562_8200_14796_17279_5180_6966_828_10796_10360_11737_13167,MONDO_grouped,validated,previous_mapping
CHEMBL435,MONDO:0005180,contraindication,HYDROCHLOROTHIAZIDE,DB00999,Hydrochlorothiazide,Parkinson disease,Parkinson disease,11764_11658_13625_8199_14604_11613_14233_11562_8200_14796_17279_5180_6966_828_10796_10360_11737_13167,MONDO_grouped,validated,previous_mapping
CHEMBL459,MONDO:0005180,contraindication,METHYLDOPA,DB00968,Methyldopa,Parkinson disease,Parkinson disease,11764_11658_13625_8199_14604_11613_14233_11562_8200_14796_17279_5180_6966_828_10796_10360_11737_13167,MONDO_grouped,validated,previous_mapping
CHEMBL460,MONDO:0005180,contraindication,MOLINDONE,DB01618,Molindone,Parkinson disease,Parkinson disease,11764_11658_13625_8199_14604_11613_14233_11562_8200_14796_17279_5180_6966_828_10796_10360_11737_13167,MONDO_grouped,validated,previous_mapping
CHEMBL492,MONDO:0005180,contraindication,ETIDOCAINE,DB08987,Etidocaine,Parkinson disease,Parkinson disease,11764_11658_13625_8199_14604_11613_14233_11562_8200_14796_17279_5180_6966_828_10796_10360_11737_13167,MONDO_grouped,validated,previous_mapping
CHEMBL54,MONDO:0005180,contraindication,HALOPERIDOL,DB00502,Haloperidol,Parkinson disease,Parkinson disease,11764_11658_13625_8199_14604_11613_14233_11562_8200_14796_17279_5180_6966_828_10796_10360_11737_13167,MONDO_grouped,validated,previous_mapping
CHEMBL564,MONDO:0005180,contraindication,PROMAZINE,DB00420,Promazine,Parkinson disease,Parkinson disease,11764_11658_13625_8199_14604_11613_14233_11562_8200_14796_17279_5180_6966_828_10796_10360_11737_13167,MONDO_grouped,validated,previous_mapping
CHEMBL567,MONDO:0005180,contraindication,PERPHENAZINE,DB00850,Perphenazine,Parkinson disease,Parkinson disease,11764_11658_13625_8199_14604_11613_14233_11562_8200_14796_17279_5180_6966_828_10796_10360_11737_13167,MONDO_grouped,validated,previous_mapping
CHEMBL570,MONDO:0005180,contraindication,TRIFLUPROMAZINE,DB00508,Triflupromazine,Parkinson disease,Parkinson disease,11764_11658_13625_8199_14604_11613_14233_11562_8200_14796_17279_5180_6966_828_10796_10360_11737_13167,MONDO_grouped,validated,previous_mapping
CHEMBL6,MONDO:0005180,contraindication,INDOMETHACIN,DB00328,Indomethacin,Parkinson disease,Parkinson disease,11764_11658_13625_8199_14604_11613_14233_11562_8200_14796_17279_5180_6966_828_10796_10360_11737_13167,MONDO_grouped,validated,previous_mapping
CHEMBL629,MONDO:0005180,contraindication,AMITRIPTYLINE,DB00321,Amitriptyline,Parkinson disease,Parkinson disease,11764_11658_13625_8199_14604_11613_14233_11562_8200_14796_17279_5180_6966_828_10796_10360_11737_13167,MONDO_grouped,validated,previous_mapping
CHEMBL636,MONDO:0005180,contraindication,RIVASTIGMINE,DB00989,Rivastigmine,Parkinson disease,Parkinson disease,11764_11658_13625_8199_14604_11613_14233_11562_8200_14796_17279_5180_6966_828_10796_10360_11737_13167,MONDO_grouped,validated,previous_mapping
CHEMBL679,MONDO:0005180,contraindication,EPINEPHRINE,DB00668,Epinephrine,Parkinson disease,Parkinson disease,11764_11658_13625_8199_14604_11613_14233_11562_8200_14796_17279_5180_6966_828_10796_10360_11737_13167,MONDO_grouped,validated,previous_mapping
CHEMBL71,MONDO:0005180,contraindication,CHLORPROMAZINE,DB00477,Chlorpromazine,Parkinson disease,Parkinson disease,11764_11658_13625_8199_14604_11613_14233_11562_8200_14796_17279_5180_6966_828_10796_10360_11737_13167,MONDO_grouped,validated,previous_mapping
CHEMBL726,MONDO:0005180,contraindication,FLUPHENAZINE,DB00623,Fluphenazine,Parkinson disease,Parkinson disease,11764_11658_13625_8199_14604_11613_14233_11562_8200_14796_17279_5180_6966_828_10796_10360_11737_13167,MONDO_grouped,validated,previous_mapping
CHEMBL728,MONDO:0005180,contraindication,PROCHLORPERAZINE,DB00433,Prochlorperazine,Parkinson disease,Parkinson disease,11764_11658_13625_8199_14604_11613_14233_11562_8200_14796_17279_5180_6966_828_10796_10360_11737_13167,MONDO_grouped,validated,previous_mapping
CHEMBL79,MONDO:0005180,contraindication,LIDOCAINE,DB00281,Lidocaine,Parkinson disease,Parkinson disease,11764_11658_13625_8199_14604_11613_14233_11562_8200_14796_17279_5180_6966_828_10796_10360_11737_13167,MONDO_grouped,validated,previous_mapping
CHEMBL829,MONDO:0005180,contraindication,METHYLPROMAZINE,DB01246,Alimemazine,Parkinson disease,Parkinson disease,11764_11658_13625_8199_14604_11613_14233_11562_8200_14796_17279_5180_6966_828_10796_10360_11737_13167,MONDO_grouped,validated,synonym_match
CHEMBL842,MONDO:0005180,contraindication,CHLOROTHIAZIDE,DB00880,Chlorothiazide,Parkinson disease,Parkinson disease,11764_11658_13625_8199_14604_11613_14233_11562_8200_14796_17279_5180_6966_828_10796_10360_11737_13167,MONDO_grouped,validated,previous_mapping
CHEMBL85,MONDO:0005180,contraindication,RISPERIDONE,DB00734,Risperidone,Parkinson disease,Parkinson disease,11764_11658_13625_8199_14604_11613_14233_11562_8200_14796_17279_5180_6966_828_10796_10360_11737_13167,MONDO_grouped,validated,previous_mapping
CHEMBL86,MONDO:0005180,contraindication,METOCLOPRAMIDE,DB01233,Metoclopramide,Parkinson disease,Parkinson disease,11764_11658_13625_8199_14604_11613_14233_11562_8200_14796_17279_5180_6966_828_10796_10360_11737_13167,MONDO_grouped,validated,previous_mapping
CHEMBL908,MONDO:0005180,contraindication,CHLORPROTHIXENE,DB01239,Chlorprothixene,Parkinson disease,Parkinson disease,11764_11658_13625_8199_14604_11613_14233_11562_8200_14796_17279_5180_6966_828_10796_10360_11737_13167,MONDO_grouped,validated,previous_mapping
CHEMBL94,MONDO:0005180,contraindication,PHYSOSTIGMINE,DB00981,Physostigmine,Parkinson disease,Parkinson disease,11764_11658_13625_8199_14604_11613_14233_11562_8200_14796_17279_5180_6966_828_10796_10360_11737_13167,MONDO_grouped,validated,previous_mapping
CHEMBL95,MONDO:0005180,contraindication,TACRINE,DB00382,Tacrine,Parkinson disease,Parkinson disease,11764_11658_13625_8199_14604_11613_14233_11562_8200_14796_17279_5180_6966_828_10796_10360_11737_13167,MONDO_grouped,validated,previous_mapping
CHEMBL1009,MONDO:0005180,indication,LEVODOPA,DB01235,Levodopa,Parkinson disease,Parkinson disease,11764_11658_13625_8199_14604_11613_14233_11562_8200_14796_17279_5180_6966_828_10796_10360_11737_13167,MONDO_grouped,validated,previous_mapping
CHEMBL1089318,MONDO:0005180,indication,OPICAPONE,DB11632,Opicapone,Parkinson disease,Parkinson disease,11764_11658_13625_8199_14604_11613_14233_11562_8200_14796_17279_5180_6966_828_10796_10360_11737_13167,MONDO_grouped,validated,previous_mapping
CHEMBL1101,MONDO:0005180,indication,BIPERIDEN,DB00810,Biperiden,Parkinson disease,Parkinson disease,11764_11658_13625_8199_14604_11613_14233_11562_8200_14796_17279_5180_6966_828_10796_10360_11737_13167,MONDO_grouped,validated,previous_mapping
CHEMBL1200748,MONDO:0005180,indication,CARBIDOPA,DB00190,Carbidopa,Parkinson disease,Parkinson disease,11764_11658_13625_8199_14604_11613_14233_11562_8200_14796_17279_5180_6966_828_10796_10360_11737_13167,MONDO_grouped,validated,previous_mapping
CHEMBL1201203,MONDO:0005180,indication,BENZTROPINE,DB00245,Benzatropine,Parkinson disease,Parkinson disease,11764_11658_13625_8199_14604_11613_14233_11562_8200_14796_17279_5180_6966_828_10796_10360_11737_13167,MONDO_grouped,validated,synonym_match
CHEMBL1201227,MONDO:0005180,indication,CYCRIMINE,DB00942,Cycrimine,Parkinson disease,Parkinson disease,11764_11658_13625_8199_14604_11613_14233_11562_8200_14796_17279_5180_6966_828_10796_10360_11737_13167,MONDO_grouped,validated,previous_mapping
CHEMBL1201342,MONDO:0005180,indication,METHIXENE,DB00340,Metixene,Parkinson disease,Parkinson disease,11764_11658_13625_8199_14604_11613_14233_11562_8200_14796_17279_5180_6966_828_10796_10360_11737_13167,MONDO_grouped,validated,synonym_match
CHEMBL1303,MONDO:0005180,indication,ROTIGOTINE,DB05271,Rotigotine,Parkinson disease,Parkinson disease,11764_11658_13625_8199_14604_11613_14233_11562_8200_14796_17279_5180_6966_828_10796_10360_11737_13167,MONDO_grouped,validated,previous_mapping
CHEMBL1324,MONDO:0005180,indication,TOLCAPONE,DB00323,Tolcapone,Parkinson disease,Parkinson disease,11764_11658_13625_8199_14604_11613_14233_11562_8200_14796_17279_5180_6966_828_10796_10360_11737_13167,MONDO_grouped,validated,previous_mapping
CHEMBL1328898,MONDO:0005180,indication,MELEVODOPA,DB13313,Melevodopa,Parkinson disease,Parkinson disease,11764_11658_13625_8199_14604_11613_14233_11562_8200_14796_17279_5180_6966_828_10796_10360_11737_13167,MONDO_grouped,validated,previous_mapping
CHEMBL1371770,MONDO:0005180,indication,PIRIBEDIL,DB12478,Piribedil,Parkinson disease,Parkinson disease,11764_11658_13625_8199_14604_11613_14233_11562_8200_14796_17279_5180_6966_828_10796_10360_11737_13167,MONDO_grouped,validated,preferred_name_match
CHEMBL1490,MONDO:0005180,indication,TRIHEXYPHENIDYL,DB00376,Trihexyphenidyl,Parkinson disease,Parkinson disease,11764_11658_13625_8199_14604_11613_14233_11562_8200_14796_17279_5180_6966_828_10796_10360_11737_13167,MONDO_grouped,validated,previous_mapping
CHEMBL2103827,MONDO:0005180,indication,DROXIDOPA,DB06262,Droxidopa,Parkinson disease,Parkinson disease,11764_11658_13625_8199_14604_11613_14233_11562_8200_14796_17279_5180_6966_828_10796_10360_11737_13167,MONDO_grouped,validated,previous_mapping
CHEMBL2111101,MONDO:0005180,indication,PIMAVANSERIN,DB05316,Pimavanserin,Parkinson disease,Parkinson disease,11764_11658_13625_8199_14604_11613_14233_11562_8200_14796_17279_5180_6966_828_10796_10360_11737_13167,MONDO_grouped,validated,previous_mapping
CHEMBL301265,MONDO:0005180,indication,PRAMIPEXOLE,DB00413,Pramipexole,Parkinson disease,Parkinson disease,11764_11658_13625_8199_14604_11613_14233_11562_8200_14796_17279_5180_6966_828_10796_10360_11737_13167,MONDO_grouped,validated,previous_mapping
CHEMBL396778,MONDO:0005180,indication,SAFINAMIDE,DB06654,Safinamide,Parkinson disease,Parkinson disease,11764_11658_13625_8199_14604_11613_14233_11562_8200_14796_17279_5180_6966_828_10796_10360_11737_13167,MONDO_grouped,validated,previous_mapping
CHEMBL431770,MONDO:0005180,indication,ISTRADEFYLLINE,DB11757,Istradefylline,Parkinson disease,Parkinson disease,11764_11658_13625_8199_14604_11613_14233_11562_8200_14796_17279_5180_6966_828_10796_10360_11737_13167,MONDO_grouped,validated,previous_mapping
CHEMBL493,MONDO:0005180,indication,BROMOCRIPTINE,DB01200,Bromocriptine,Parkinson disease,Parkinson disease,11764_11658_13625_8199_14604_11613_14233_11562_8200_14796_17279_5180_6966_828_10796_10360_11737_13167,MONDO_grouped,validated,previous_mapping
CHEMBL53,MONDO:0005180,indication,APOMORPHINE,DB00714,Apomorphine,Parkinson disease,Parkinson disease,11764_11658_13625_8199_14604_11613_14233_11562_8200_14796_17279_5180_6966_828_10796_10360_11737_13167,MONDO_grouped,validated,previous_mapping
CHEMBL531,MONDO:0005180,indication,PERGOLIDE,DB01186,Pergolide,Parkinson disease,Parkinson disease,11764_11658_13625_8199_14604_11613_14233_11562_8200_14796_17279_5180_6966_828_10796_10360_11737_13167,MONDO_grouped,validated,previous_mapping
CHEMBL589,MONDO:0005180,indication,ROPINIROLE,DB00268,Ropinirole,Parkinson disease,Parkinson disease,11764_11658_13625_8199_14604_11613_14233_11562_8200_14796_17279_5180_6966_828_10796_10360_11737_13167,MONDO_grouped,validated,previous_mapping
CHEMBL660,MONDO:0005180,indication,AMANTADINE,DB00915,Amantadine,Parkinson disease,Parkinson disease,11764_11658_13625_8199_14604_11613_14233_11562_8200_14796_17279_5180_6966_828_10796_10360_11737_13167,MONDO_grouped,validated,previous_mapping
CHEMBL86715,MONDO:0005180,indication,PROCYCLIDINE,DB00387,Procyclidine,Parkinson disease,Parkinson disease,11764_11658_13625_8199_14604_11613_14233_11562_8200_14796_17279_5180_6966_828_10796_10360_11737_13167,MONDO_grouped,validated,previous_mapping
CHEMBL887,MONDO:0005180,indication,RASAGILINE,DB01367,Rasagiline,Parkinson disease,Parkinson disease,11764_11658_13625_8199_14604_11613_14233_11562_8200_14796_17279_5180_6966_828_10796_10360_11737_13167,MONDO_grouped,validated,previous_mapping
CHEMBL900,MONDO:0005180,indication,ORPHENADRINE,DB01173,Orphenadrine,Parkinson disease,Parkinson disease,11764_11658_13625_8199_14604_11613_14233_11562_8200_14796_17279_5180_6966_828_10796_10360_11737_13167,MONDO_grouped,validated,previous_mapping
CHEMBL953,MONDO:0005180,indication,ENTACAPONE,DB00494,Entacapone,Parkinson disease,Parkinson disease,11764_11658_13625_8199_14604_11613_14233_11562_8200_14796_17279_5180_6966_828_10796_10360_11737_13167,MONDO_grouped,validated,previous_mapping
CHEMBL972,MONDO:0005180,indication,SELEGILINE,DB01037,Selegiline,Parkinson disease,Parkinson disease,11764_11658_13625_8199_14604_11613_14233_11562_8200_14796_17279_5180_6966_828_10796_10360_11737_13167,MONDO_grouped,validated,previous_mapping
CHEMBL1009,MONDO:0005618,contraindication,LEVODOPA,DB01235,Levodopa,anxiety disorder,anxiety disorder,8187_2050_5618_5451_5371_100081_5383_1942_1098_3265_11924_12384,MONDO_grouped,validated,previous_mapping
CHEMBL1027,MONDO:0005618,contraindication,TIAGABINE,DB00906,Tiagabine,anxiety disorder,anxiety disorder,8187_2050_5618_5451_5371_100081_5383_1942_1098_3265_11924_12384,MONDO_grouped,validated,previous_mapping
CHEMBL103,MONDO:0005618,contraindication,PROGESTERONE,DB00396,Progesterone,anxiety disorder,anxiety disorder,8187_2050_5618_5451_5371_100081_5383_1942_1098_3265_11924_12384,MONDO_grouped,validated,previous_mapping
CHEMBL1054,MONDO:0005618,contraindication,TRICHLORMETHIAZIDE,DB01021,Trichlormethiazide,anxiety disorder,anxiety disorder,8187_2050_5618_5451_5371_100081_5383_1942_1098_3265_11924_12384,MONDO_grouped,validated,previous_mapping
CHEMBL1055,MONDO:0005618,contraindication,CHLORTHALIDONE,DB00310,Chlorthalidone,anxiety disorder,anxiety disorder,8187_2050_5618_5451_5371_100081_5383_1942_1098_3265_11924_12384,MONDO_grouped,validated,previous_mapping
CHEMBL1059,MONDO:0005618,contraindication,PREGABALIN,DB00230,Pregabalin,anxiety disorder,anxiety disorder,8187_2050_5618_5451_5371_100081_5383_1942_1098_3265_11924_12384,MONDO_grouped,validated,previous_mapping
CHEMBL1068,MONDO:0005618,contraindication,OXCARBAZEPINE,DB00776,Oxcarbazepine,anxiety disorder,anxiety disorder,8187_2050_5618_5451_5371_100081_5383_1942_1098_3265_11924_12384,MONDO_grouped,validated,previous_mapping
CHEMBL1076903,MONDO:0005618,contraindication,VARENICLINE,DB01273,Varenicline,anxiety disorder,anxiety disorder,8187_2050_5618_5451_5371_100081_5383_1942_1098_3265_11924_12384,MONDO_grouped,validated,previous_mapping
CHEMBL108,MONDO:0005618,contraindication,CARBAMAZEPINE,DB00564,Carbamazepine,anxiety disorder,anxiety disorder,8187_2050_5618_5451_5371_100081_5383_1942_1098_3265_11924_12384,MONDO_grouped,validated,previous_mapping
CHEMBL109,MONDO:0005618,contraindication,VALPROIC ACID,DB00313,Valproic acid,anxiety disorder,anxiety disorder,8187_2050_5618_5451_5371_100081_5383_1942_1098_3265_11924_12384,MONDO_grouped,validated,previous_mapping
CHEMBL1094,MONDO:0005618,contraindication,FELBAMATE,DB00949,Felbamate,anxiety disorder,anxiety disorder,8187_2050_5618_5451_5371_100081_5383_1942_1098_3265_11924_12384,MONDO_grouped,validated,previous_mapping
CHEMBL1095,MONDO:0005618,contraindication,ETHOTOIN,DB00754,Ethotoin,anxiety disorder,anxiety disorder,8187_2050_5618_5451_5371_100081_5383_1942_1098_3265_11924_12384,MONDO_grouped,validated,previous_mapping
CHEMBL1108,MONDO:0005618,contraindication,DROPERIDOL,DB00450,Droperidol,anxiety disorder,anxiety disorder,8187_2050_5618_5451_5371_100081_5383_1942_1098_3265_11924_12384,MONDO_grouped,validated,previous_mapping
CHEMBL1123,MONDO:0005618,contraindication,DICYCLOMINE,DB00804,Dicyclomine,anxiety disorder,anxiety disorder,8187_2050_5618_5451_5371_100081_5383_1942_1098_3265_11924_12384,MONDO_grouped,validated,previous_mapping
CHEMBL11298,MONDO:0005618,contraindication,SERINE,DB00133,Serine,anxiety disorder,anxiety disorder,8187_2050_5618_5451_5371_100081_5383_1942_1098_3265_11924_12384,MONDO_grouped,validated,previous_mapping
CHEMBL113,MONDO:0005618,contraindication,CAFFEINE,DB00201,Caffeine,anxiety disorder,anxiety disorder,8187_2050_5618_5451_5371_100081_5383_1942_1098_3265_11924_12384,MONDO_grouped,validated,previous_mapping
CHEMBL1131,MONDO:0005618,contraindication,ACITRETIN,DB00459,Acitretin,anxiety disorder,anxiety disorder,8187_2050_5618_5451_5371_100081_5383_1942_1098_3265_11924_12384,MONDO_grouped,validated,previous_mapping
CHEMBL1141,MONDO:0005618,contraindication,POTASSIUM IODIDE,DB06715,Potassium Iodide,anxiety disorder,anxiety disorder,8187_2050_5618_5451_5371_100081_5383_1942_1098_3265_11924_12384,MONDO_grouped,validated,previous_mapping
CHEMBL1162,MONDO:0005618,contraindication,NORETHINDRONE,DB00717,Norethisterone,anxiety disorder,anxiety disorder,8187_2050_5618_5451_5371_100081_5383_1942_1098_3265_11924_12384,MONDO_grouped,validated,synonym_match
CHEMBL117785,MONDO:0005618,contraindication,TETRABENAZINE,DB04844,Tetrabenazine,anxiety disorder,anxiety disorder,8187_2050_5618_5451_5371_100081_5383_1942_1098_3265_11924_12384,MONDO_grouped,validated,previous_mapping
CHEMBL1193,MONDO:0005618,contraindication,PHENIRAMINE,DB01620,Pheniramine,anxiety disorder,anxiety disorder,8187_2050_5618_5451_5371_100081_5383_1942_1098_3265_11924_12384,MONDO_grouped,validated,previous_mapping
CHEMBL12,MONDO:0005618,contraindication,DIAZEPAM,DB00829,Diazepam,anxiety disorder,anxiety disorder,8187_2050_5618_5451_5371_100081_5383_1942_1098_3265_11924_12384,MONDO_grouped,validated,previous_mapping
CHEMBL1200472,MONDO:0005618,contraindication,QUAZEPAM,DB01589,Quazepam,anxiety disorder,anxiety disorder,8187_2050_5618_5451_5371_100081_5383_1942_1098_3265_11924_12384,MONDO_grouped,validated,previous_mapping
CHEMBL1200624,MONDO:0005618,contraindication,ETHYNODIOL DIACETATE,DB00823,Ethynodiol diacetate,anxiety disorder,anxiety disorder,8187_2050_5618_5451_5371_100081_5383_1942_1098_3265_11924_12384,MONDO_grouped,validated,previous_mapping
CHEMBL1200640,MONDO:0005618,contraindication,FERROUS FUMARATE,DB14491,Ferrous fumarate,anxiety disorder,anxiety disorder,8187_2050_5618_5451_5371_100081_5383_1942_1098_3265_11924_12384,MONDO_grouped,validated,previous_mapping
CHEMBL1200682,MONDO:0005618,contraindication,SODIUM OXYBATE,DB09072,Sodium oxybate,anxiety disorder,anxiety disorder,8187_2050_5618_5451_5371_100081_5383_1942_1098_3265_11924_12384,MONDO_grouped,validated,previous_mapping
CHEMBL1200736,MONDO:0005618,contraindication,MAGNESIUM CARBONATE,DB09481,Magnesium carbonate,anxiety disorder,anxiety disorder,8187_2050_5618_5451_5371_100081_5383_1942_1098_3265_11924_12384,MONDO_grouped,validated,previous_mapping
CHEMBL1200748,MONDO:0005618,contraindication,CARBIDOPA,DB00190,Carbidopa,anxiety disorder,anxiety disorder,8187_2050_5618_5451_5371_100081_5383_1942_1098_3265_11924_12384,MONDO_grouped,validated,previous_mapping
CHEMBL1200807,MONDO:0005618,contraindication,NORELGESTROMIN,DB06713,Norelgestromin,anxiety disorder,anxiety disorder,8187_2050_5618_5451_5371_100081_5383_1942_1098_3265_11924_12384,MONDO_grouped,validated,previous_mapping
CHEMBL1200848,MONDO:0005618,contraindication,HYDROXYPROGESTERONE CAPROATE,DB06789,Hydroxyprogesterone caproate,anxiety disorder,anxiety disorder,8187_2050_5618_5451_5371_100081_5383_1942_1098_3265_11924_12384,MONDO_grouped,validated,previous_mapping
CHEMBL1200862,MONDO:0005618,contraindication,METYROSINE,DB00765,Metyrosine,anxiety disorder,anxiety disorder,8187_2050_5618_5451_5371_100081_5383_1942_1098_3265_11924_12384,MONDO_grouped,validated,previous_mapping
CHEMBL1200929,MONDO:0005618,contraindication,ZINC SULFATE,DB09322,Zinc sulfate,anxiety disorder,anxiety disorder,8187_2050_5618_5451_5371_100081_5383_1942_1098_3265_11924_12384,MONDO_grouped,validated,previous_mapping
CHEMBL1200934,MONDO:0005618,contraindication,NORGESTIMATE,DB00957,Norgestimate,anxiety disorder,anxiety disorder,8187_2050_5618_5451_5371_100081_5383_1942_1098_3265_11924_12384,MONDO_grouped,validated,previous_mapping
CHEMBL1200939,MONDO:0005618,contraindication,AMMONIUM CHLORIDE,DB06767,Ammonium chloride,anxiety disorder,anxiety disorder,8187_2050_5618_5451_5371_100081_5383_1942_1098_3265_11924_12384,MONDO_grouped,validated,previous_mapping
CHEMBL1200973,MONDO:0005618,contraindication,ESTRADIOL CYPIONATE,DB13954,Estradiol cypionate,anxiety disorder,anxiety disorder,8187_2050_5618_5451_5371_100081_5383_1942_1098_3265_11924_12384,MONDO_grouped,validated,previous_mapping
CHEMBL1201039,MONDO:0005618,contraindication,BENZTHIAZIDE,DB00562,Benzthiazide,anxiety disorder,anxiety disorder,8187_2050_5618_5451_5371_100081_5383_1942_1098_3265_11924_12384,MONDO_grouped,validated,previous_mapping
CHEMBL1201151,MONDO:0005618,contraindication,MESTRANOL,DB01357,Mestranol,anxiety disorder,anxiety disorder,8187_2050_5618_5451_5371_100081_5383_1942_1098_3265_11924_12384,MONDO_grouped,validated,previous_mapping
CHEMBL1201192,MONDO:0005618,contraindication,ARMODAFINIL,DB06413,Armodafinil,anxiety disorder,anxiety disorder,8187_2050_5618_5451_5371_100081_5383_1942_1098_3265_11924_12384,MONDO_grouped,validated,previous_mapping
CHEMBL1201201,MONDO:0005618,contraindication,METHAMPHETAMINE,DB01577,Metamfetamine,anxiety disorder,anxiety disorder,8187_2050_5618_5451_5371_100081_5383_1942_1098_3265_11924_12384,MONDO_grouped,validated,synonym_match
CHEMBL1201754,MONDO:0005618,contraindication,RUFINAMIDE,DB06201,Rufinamide,anxiety disorder,anxiety disorder,8187_2050_5618_5451_5371_100081_5383_1942_1098_3265_11924_12384,MONDO_grouped,validated,previous_mapping
CHEMBL1201864,MONDO:0005618,contraindication,DIENOGEST,DB09123,Dienogest,anxiety disorder,anxiety disorder,8187_2050_5618_5451_5371_100081_5383_1942_1098_3265_11924_12384,MONDO_grouped,validated,previous_mapping
CHEMBL1213351,MONDO:0005618,contraindication,PROPOXYPHENE,DB00647,Dextropropoxyphene,anxiety disorder,anxiety disorder,8187_2050_5618_5451_5371_100081_5383_1942_1098_3265_11924_12384,MONDO_grouped,validated,parent_compound
CHEMBL1215,MONDO:0005618,contraindication,PHENYLEPHRINE,DB00388,Phenylephrine,anxiety disorder,anxiety disorder,8187_2050_5618_5451_5371_100081_5383_1942_1098_3265_11924_12384,MONDO_grouped,validated,previous_mapping
CHEMBL1218,MONDO:0005618,contraindication,RAMELTEON,DB00980,Ramelteon,anxiety disorder,anxiety disorder,8187_2050_5618_5451_5371_100081_5383_1942_1098_3265_11924_12384,MONDO_grouped,validated,previous_mapping
CHEMBL1231574,MONDO:0005618,contraindication,LEVOMEFOLIC ACID,DB11256,Levomefolic acid,anxiety disorder,anxiety disorder,8187_2050_5618_5451_5371_100081_5383_1942_1098_3265_11924_12384,MONDO_grouped,validated,previous_mapping
CHEMBL1237044,MONDO:0005618,contraindication,TRAMADOL,DB00193,Tramadol,anxiety disorder,anxiety disorder,8187_2050_5618_5451_5371_100081_5383_1942_1098_3265_11924_12384,MONDO_grouped,validated,previous_mapping
CHEMBL1242,MONDO:0005618,contraindication,PHENAZOPYRIDINE,DB01438,Phenazopyridine,anxiety disorder,anxiety disorder,8187_2050_5618_5451_5371_100081_5383_1942_1098_3265_11924_12384,MONDO_grouped,validated,previous_mapping
CHEMBL1286,MONDO:0005618,contraindication,LEVETIRACETAM,DB01202,Levetiracetam,anxiety disorder,anxiety disorder,8187_2050_5618_5451_5371_100081_5383_1942_1098_3265_11924_12384,MONDO_grouped,validated,previous_mapping
CHEMBL1290,MONDO:0005618,contraindication,PENBUTOLOL,DB01359,Penbutolol,anxiety disorder,anxiety disorder,8187_2050_5618_5451_5371_100081_5383_1942_1098_3265_11924_12384,MONDO_grouped,validated,previous_mapping
CHEMBL13,MONDO:0005618,contraindication,METOPROLOL,DB00264,Metoprolol,anxiety disorder,anxiety disorder,8187_2050_5618_5451_5371_100081_5383_1942_1098_3265_11924_12384,MONDO_grouped,validated,previous_mapping
CHEMBL1331216,MONDO:0005618,contraindication,HYOSCYAMINE,DB00424,Hyoscyamine,anxiety disorder,anxiety disorder,8187_2050_5618_5451_5371_100081_5383_1942_1098_3265_11924_12384,MONDO_grouped,validated,previous_mapping
CHEMBL1336,MONDO:0005618,contraindication,SORAFENIB,DB00398,Sorafenib,anxiety disorder,anxiety disorder,8187_2050_5618_5451_5371_100081_5383_1942_1098_3265_11924_12384,MONDO_grouped,validated,previous_mapping
CHEMBL134,MONDO:0005618,contraindication,CLONIDINE,DB00575,Clonidine,anxiety disorder,anxiety disorder,8187_2050_5618_5451_5371_100081_5383_1942_1098_3265_11924_12384,MONDO_grouped,validated,previous_mapping
CHEMBL135,MONDO:0005618,contraindication,ESTRADIOL,DB00783,Estradiol,anxiety disorder,anxiety disorder,8187_2050_5618_5451_5371_100081_5383_1942_1098_3265_11924_12384,MONDO_grouped,validated,verified_external_cross_reference
CHEMBL135400,MONDO:0005618,contraindication,ZOPICLONE,DB01198,Zopiclone,anxiety disorder,anxiety disorder,8187_2050_5618_5451_5371_100081_5383_1942_1098_3265_11924_12384,MONDO_grouped,validated,previous_mapping
CHEMBL1355736,MONDO:0005618,contraindication,THEOPHYLLINE,DB00277,Theophylline,anxiety disorder,anxiety disorder,8187_2050_5618_5451_5371_100081_5383_1942_1098_3265_11924_12384,MONDO_grouped,validated,previous_mapping
CHEMBL1364,MONDO:0005618,contraindication,PYRIDOXINE,DB00165,Pyridoxine,anxiety disorder,anxiety disorder,8187_2050_5618_5451_5371_100081_5383_1942_1098_3265_11924_12384,MONDO_grouped,validated,previous_mapping
CHEMBL1373,MONDO:0005618,contraindication,MODAFINIL,DB00745,Modafinil,anxiety disorder,anxiety disorder,8187_2050_5618_5451_5371_100081_5383_1942_1098_3265_11924_12384,MONDO_grouped,validated,previous_mapping
CHEMBL1389,MONDO:0005618,contraindication,LEVONORGESTREL,DB00367,Levonorgestrel,anxiety disorder,anxiety disorder,8187_2050_5618_5451_5371_100081_5383_1942_1098_3265_11924_12384,MONDO_grouped,validated,previous_mapping
CHEMBL1405,MONDO:0005618,contraindication,ESTRONE,DB00655,Estrone,anxiety disorder,anxiety disorder,8187_2050_5618_5451_5371_100081_5383_1942_1098_3265_11924_12384,MONDO_grouped,validated,previous_mapping
CHEMBL1495,MONDO:0005618,contraindication,OXYPHENCYCLIMINE,DB00383,Oxyphencyclimine,anxiety disorder,anxiety disorder,8187_2050_5618_5451_5371_100081_5383_1942_1098_3265_11924_12384,MONDO_grouped,validated,previous_mapping
CHEMBL1509,MONDO:0005618,contraindication,DROSPIRENONE,DB01395,Drospirenone,anxiety disorder,anxiety disorder,8187_2050_5618_5451_5371_100081_5383_1942_1098_3265_11924_12384,MONDO_grouped,validated,previous_mapping
CHEMBL1511,MONDO:0005618,contraindication,ESTRADIOL VALERATE,DB13956,Estradiol valerate,anxiety disorder,anxiety disorder,8187_2050_5618_5451_5371_100081_5383_1942_1098_3265_11924_12384,MONDO_grouped,validated,previous_mapping
CHEMBL1521,MONDO:0005618,contraindication,ZALEPLON,DB00962,Zaleplon,anxiety disorder,anxiety disorder,8187_2050_5618_5451_5371_100081_5383_1942_1098_3265_11924_12384,MONDO_grouped,validated,previous_mapping
CHEMBL1522,MONDO:0005618,contraindication,ESZOPICLONE,DB00402,Eszopiclone,anxiety disorder,anxiety disorder,8187_2050_5618_5451_5371_100081_5383_1942_1098_3265_11924_12384,MONDO_grouped,validated,previous_mapping
CHEMBL15245,MONDO:0005618,contraindication,YOHIMBINE,DB01392,Yohimbine,anxiety disorder,anxiety disorder,8187_2050_5618_5451_5371_100081_5383_1942_1098_3265_11924_12384,MONDO_grouped,validated,previous_mapping
CHEMBL1531,MONDO:0005618,contraindication,ETONOGESTREL,DB00294,Etonogestrel,anxiety disorder,anxiety disorder,8187_2050_5618_5451_5371_100081_5383_1942_1098_3265_11924_12384,MONDO_grouped,validated,previous_mapping
CHEMBL1532,MONDO:0005618,contraindication,QUINETHAZONE,DB01325,Quinethazone,anxiety disorder,anxiety disorder,8187_2050_5618_5451_5371_100081_5383_1942_1098_3265_11924_12384,MONDO_grouped,validated,previous_mapping
CHEMBL1533,MONDO:0005618,contraindication,DESOGESTREL,DB00304,Desogestrel,anxiety disorder,anxiety disorder,8187_2050_5618_5451_5371_100081_5383_1942_1098_3265_11924_12384,MONDO_grouped,validated,previous_mapping
CHEMBL1534,MONDO:0005618,contraindication,RIBOFLAVIN,DB00140,Riboflavin,anxiety disorder,anxiety disorder,8187_2050_5618_5451_5371_100081_5383_1942_1098_3265_11924_12384,MONDO_grouped,validated,previous_mapping
CHEMBL1538,MONDO:0005618,contraindication,TENOFOVIR DISOPROXIL,DB00300,Tenofovir disoproxil,anxiety disorder,anxiety disorder,8187_2050_5618_5451_5371_100081_5383_1942_1098_3265_11924_12384,MONDO_grouped,validated,previous_mapping
CHEMBL1577,MONDO:0005618,contraindication,METHYCLOTHIAZIDE,DB00232,Methyclothiazide,anxiety disorder,anxiety disorder,8187_2050_5618_5451_5371_100081_5383_1942_1098_3265_11924_12384,MONDO_grouped,validated,previous_mapping
CHEMBL1587,MONDO:0005618,contraindication,POLYTHIAZIDE,DB01324,Polythiazide,anxiety disorder,anxiety disorder,8187_2050_5618_5451_5371_100081_5383_1942_1098_3265_11924_12384,MONDO_grouped,validated,previous_mapping
CHEMBL159,MONDO:0005618,contraindication,VINBLASTINE,DB00570,Vinblastine,anxiety disorder,anxiety disorder,8187_2050_5618_5451_5371_100081_5383_1942_1098_3265_11924_12384,MONDO_grouped,validated,previous_mapping
CHEMBL1595,MONDO:0005618,contraindication,DIHYDROCODEINE,DB01551,Dihydrocodeine,anxiety disorder,anxiety disorder,8187_2050_5618_5451_5371_100081_5383_1942_1098_3265_11924_12384,MONDO_grouped,validated,previous_mapping
CHEMBL16,MONDO:0005618,contraindication,PHENYTOIN,DB00252,Phenytoin,anxiety disorder,anxiety disorder,8187_2050_5618_5451_5371_100081_5383_1942_1098_3265_11924_12384,MONDO_grouped,validated,previous_mapping
CHEMBL16073,MONDO:0005618,contraindication,PHENACETIN,DB03783,Phenacetin,anxiety disorder,anxiety disorder,8187_2050_5618_5451_5371_100081_5383_1942_1098_3265_11924_12384,MONDO_grouped,validated,previous_mapping
CHEMBL1618018,MONDO:0005618,contraindication,HOMATROPINE,DB11181,Homatropine,anxiety disorder,anxiety disorder,8187_2050_5618_5451_5371_100081_5383_1942_1098_3265_11924_12384,MONDO_grouped,validated,previous_mapping
CHEMBL1628502,MONDO:0005618,contraindication,GABAPENTIN ENACARBIL,DB08872,Gabapentin enacarbil,anxiety disorder,anxiety disorder,8187_2050_5618_5451_5371_100081_5383_1942_1098_3265_11924_12384,MONDO_grouped,validated,previous_mapping
CHEMBL1684,MONDO:0005618,contraindication,BENDROFLUMETHIAZIDE,DB00436,Bendroflumethiazide,anxiety disorder,anxiety disorder,8187_2050_5618_5451_5371_100081_5383_1942_1098_3265_11924_12384,MONDO_grouped,validated,previous_mapping
CHEMBL1697841,MONDO:0005618,contraindication,ISOMETHEPTENE,DB06706,Isometheptene,anxiety disorder,anxiety disorder,8187_2050_5618_5451_5371_100081_5383_1942_1098_3265_11924_12384,MONDO_grouped,validated,previous_mapping
CHEMBL1752,MONDO:0005618,contraindication,DYPHYLLINE,DB00651,Dyphylline,anxiety disorder,anxiety disorder,8187_2050_5618_5451_5371_100081_5383_1942_1098_3265_11924_12384,MONDO_grouped,validated,previous_mapping
CHEMBL1763,MONDO:0005618,contraindication,HYDROFLUMETHIAZIDE,DB00774,Hydroflumethiazide,anxiety disorder,anxiety disorder,8187_2050_5618_5451_5371_100081_5383_1942_1098_3265_11924_12384,MONDO_grouped,validated,previous_mapping
CHEMBL186720,MONDO:0005618,contraindication,PHENYLTOLOXAMINE,DB11160,Phenyltoloxamine,anxiety disorder,anxiety disorder,8187_2050_5618_5451_5371_100081_5383_1942_1098_3265_11924_12384,MONDO_grouped,validated,previous_mapping
CHEMBL19019,MONDO:0005618,contraindication,NALTREXONE,DB00704,Naltrexone,anxiety disorder,anxiety disorder,8187_2050_5618_5451_5371_100081_5383_1942_1098_3265_11924_12384,MONDO_grouped,validated,previous_mapping
CHEMBL193240,MONDO:0005618,contraindication,ROFLUMILAST,DB01656,Roflumilast,anxiety disorder,anxiety disorder,8187_2050_5618_5451_5371_100081_5383_1942_1098_3265_11924_12384,MONDO_grouped,validated,previous_mapping
CHEMBL2106119,MONDO:0005618,contraindication,CALCIUM GLUCONATE,DB11126,Calcium gluconate,anxiety disorder,anxiety disorder,8187_2050_5618_5451_5371_100081_5383_1942_1098_3265_11924_12384,MONDO_grouped,validated,previous_mapping
CHEMBL2111164,MONDO:0005618,contraindication,TROLNITRATE,DB13719,Trolnitrate,anxiety disorder,anxiety disorder,8187_2050_5618_5451_5371_100081_5383_1942_1098_3265_11924_12384,MONDO_grouped,validated,previous_mapping
CHEMBL211456,MONDO:0005618,contraindication,EPHEDRINE,DB01364,Ephedrine,anxiety disorder,anxiety disorder,8187_2050_5618_5451_5371_100081_5383_1942_1098_3265_11924_12384,MONDO_grouped,validated,previous_mapping
CHEMBL220492,MONDO:0005618,contraindication,TOPIRAMATE,DB00273,Topiramate,anxiety disorder,anxiety disorder,8187_2050_5618_5451_5371_100081_5383_1942_1098_3265_11924_12384,MONDO_grouped,validated,previous_mapping
CHEMBL2218896,MONDO:0005618,contraindication,NABILONE,DB00486,Nabilone,anxiety disorder,anxiety disorder,8187_2050_5618_5451_5371_100081_5383_1942_1098_3265_11924_12384,MONDO_grouped,validated,previous_mapping
CHEMBL223228,MONDO:0005618,contraindication,EFAVIRENZ,DB00625,Efavirenz,anxiety disorder,anxiety disorder,8187_2050_5618_5451_5371_100081_5383_1942_1098_3265_11924_12384,MONDO_grouped,validated,previous_mapping
CHEMBL2355051,MONDO:0005618,contraindication,CLOMIPHENE,DB00882,Clomifene,anxiety disorder,anxiety disorder,8187_2050_5618_5451_5371_100081_5383_1942_1098_3265_11924_12384,MONDO_grouped,validated,synonym_match
CHEMBL24,MONDO:0005618,contraindication,ATENOLOL,DB00335,Atenolol,anxiety disorder,anxiety disorder,8187_2050_5618_5451_5371_100081_5383_1942_1098_3265_11924_12384,MONDO_grouped,validated,previous_mapping
CHEMBL267894,MONDO:0005618,contraindication,AMOBARBITAL,DB01351,Amobarbital,anxiety disorder,anxiety disorder,8187_2050_5618_5451_5371_100081_5383_1942_1098_3265_11924_12384,MONDO_grouped,validated,previous_mapping
CHEMBL27,MONDO:0005618,contraindication,PROPRANOLOL,DB00571,Propranolol,anxiety disorder,anxiety disorder,8187_2050_5618_5451_5371_100081_5383_1942_1098_3265_11924_12384,MONDO_grouped,validated,previous_mapping
CHEMBL27577,MONDO:0005618,contraindication,SALICYLAMIDE,DB08797,Salicylamide,anxiety disorder,anxiety disorder,8187_2050_5618_5451_5371_100081_5383_1942_1098_3265_11924_12384,MONDO_grouped,validated,previous_mapping
CHEMBL276832,MONDO:0005618,contraindication,HYDRALAZINE,DB01275,Hydralazine,anxiety disorder,anxiety disorder,8187_2050_5618_5451_5371_100081_5383_1942_1098_3265_11924_12384,MONDO_grouped,validated,previous_mapping
CHEMBL278172,MONDO:0005618,contraindication,BENZOCAINE,DB01086,Benzocaine,anxiety disorder,anxiety disorder,8187_2050_5618_5451_5371_100081_5383_1942_1098_3265_11924_12384,MONDO_grouped,validated,previous_mapping
CHEMBL285674,MONDO:0005618,contraindication,ESTAZOLAM,DB01215,Estazolam,anxiety disorder,anxiety disorder,8187_2050_5618_5451_5371_100081_5383_1942_1098_3265_11924_12384,MONDO_grouped,validated,previous_mapping
CHEMBL374478,MONDO:0005618,contraindication,RIFAMPIN,DB01045,Rifampicin,anxiety disorder,anxiety disorder,8187_2050_5618_5451_5371_100081_5383_1942_1098_3265_11924_12384,MONDO_grouped,validated,synonym_match
CHEMBL376897,MONDO:0005618,contraindication,METHSCOPOLAMINE,DB11315,Methscopolamine,anxiety disorder,anxiety disorder,8187_2050_5618_5451_5371_100081_5383_1942_1098_3265_11924_12384,MONDO_grouped,validated,previous_mapping
CHEMBL38,MONDO:0005618,contraindication,TRETINOIN,DB00755,Tretinoin,anxiety disorder,anxiety disorder,8187_2050_5618_5451_5371_100081_5383_1942_1098_3265_11924_12384,MONDO_grouped,validated,previous_mapping
CHEMBL3989702,MONDO:0005618,contraindication,TENOFOVIR,DB14126,Tenofovir,anxiety disorder,anxiety disorder,8187_2050_5618_5451_5371_100081_5383_1942_1098_3265_11924_12384,MONDO_grouped,validated,previous_mapping
CHEMBL3989810,MONDO:0005618,contraindication,MAGNESIUM SALICYLATE,DB01397,Magnesium salicylate,anxiety disorder,anxiety disorder,8187_2050_5618_5451_5371_100081_5383_1942_1098_3265_11924_12384,MONDO_grouped,validated,exact_preferred_name
CHEMBL40,MONDO:0005618,contraindication,PHENOBARBITAL,DB01174,Phenobarbital,anxiety disorder,anxiety disorder,8187_2050_5618_5451_5371_100081_5383_1942_1098_3265_11924_12384,MONDO_grouped,validated,previous_mapping
CHEMBL404422,MONDO:0005618,contraindication,BUTETHAL,DB01353,Butobarbital,anxiety disorder,anxiety disorder,8187_2050_5618_5451_5371_100081_5383_1942_1098_3265_11924_12384,MONDO_grouped,validated,previous_mapping
CHEMBL405,MONDO:0005618,contraindication,AMPHETAMINE,DB00182,Amphetamine,anxiety disorder,anxiety disorder,8187_2050_5618_5451_5371_100081_5383_1942_1098_3265_11924_12384,MONDO_grouped,validated,previous_mapping
CHEMBL407,MONDO:0005618,contraindication,FLUMAZENIL,DB01205,Flumazenil,anxiety disorder,anxiety disorder,8187_2050_5618_5451_5371_100081_5383_1942_1098_3265_11924_12384,MONDO_grouped,validated,previous_mapping
CHEMBL416956,MONDO:0005618,contraindication,MEFLOQUINE,DB00358,Mefloquine,anxiety disorder,anxiety disorder,8187_2050_5618_5451_5371_100081_5383_1942_1098_3265_11924_12384,MONDO_grouped,validated,previous_mapping
CHEMBL423,MONDO:0005618,contraindication,BETAXOLOL,DB00195,Betaxolol,anxiety disorder,anxiety disorder,8187_2050_5618_5451_5371_100081_5383_1942_1098_3265_11924_12384,MONDO_grouped,validated,previous_mapping
CHEMBL428647,MONDO:0005618,contraindication,PACLITAXEL,DB01229,Paclitaxel,anxiety disorder,anxiety disorder,8187_2050_5618_5451_5371_100081_5383_1942_1098_3265_11924_12384,MONDO_grouped,validated,previous_mapping
CHEMBL429,MONDO:0005618,contraindication,LABETALOL,DB00598,Labetalol,anxiety disorder,anxiety disorder,8187_2050_5618_5451_5371_100081_5383_1942_1098_3265_11924_12384,MONDO_grouped,validated,previous_mapping
CHEMBL430,MONDO:0005618,contraindication,GEMIFLOXACIN,DB01155,Gemifloxacin,anxiety disorder,anxiety disorder,8187_2050_5618_5451_5371_100081_5383_1942_1098_3265_11924_12384,MONDO_grouped,validated,previous_mapping
CHEMBL435,MONDO:0005618,contraindication,HYDROCHLOROTHIAZIDE,DB00999,Hydrochlorothiazide,anxiety disorder,anxiety disorder,8187_2050_5618_5451_5371_100081_5383_1942_1098_3265_11924_12384,MONDO_grouped,validated,previous_mapping
CHEMBL442,MONDO:0005618,contraindication,ERGOTAMINE,DB00696,Ergotamine,anxiety disorder,anxiety disorder,8187_2050_5618_5451_5371_100081_5383_1942_1098_3265_11924_12384,MONDO_grouped,validated,previous_mapping
CHEMBL447,MONDO:0005618,contraindication,SECOBARBITAL,DB00418,Secobarbital,anxiety disorder,anxiety disorder,8187_2050_5618_5451_5371_100081_5383_1942_1098_3265_11924_12384,MONDO_grouped,validated,previous_mapping
CHEMBL448,MONDO:0005618,contraindication,PENTOBARBITAL,DB00312,Pentobarbital,anxiety disorder,anxiety disorder,8187_2050_5618_5451_5371_100081_5383_1942_1098_3265_11924_12384,MONDO_grouped,validated,previous_mapping
CHEMBL449,MONDO:0005618,contraindication,BUTABARBITAL,DB00237,Butabarbital,anxiety disorder,anxiety disorder,8187_2050_5618_5451_5371_100081_5383_1942_1098_3265_11924_12384,MONDO_grouped,validated,previous_mapping
CHEMBL45,MONDO:0005618,contraindication,MELATONIN,DB01065,Melatonin,anxiety disorder,anxiety disorder,8187_2050_5618_5451_5371_100081_5383_1942_1098_3265_11924_12384,MONDO_grouped,validated,previous_mapping
CHEMBL45029,MONDO:0005618,contraindication,MEPHOBARBITAL,DB00849,Methylphenobarbital,anxiety disorder,anxiety disorder,8187_2050_5618_5451_5371_100081_5383_1942_1098_3265_11924_12384,MONDO_grouped,validated,synonym_match
CHEMBL451,MONDO:0005618,contraindication,CHLORDIAZEPOXIDE,DB00475,Chlordiazepoxide,anxiety disorder,anxiety disorder,8187_2050_5618_5451_5371_100081_5383_1942_1098_3265_11924_12384,MONDO_grouped,validated,previous_mapping
CHEMBL452,MONDO:0005618,contraindication,CLONAZEPAM,DB01068,Clonazepam,anxiety disorder,anxiety disorder,8187_2050_5618_5451_5371_100081_5383_1942_1098_3265_11924_12384,MONDO_grouped,validated,previous_mapping
CHEMBL454,MONDO:0005618,contraindication,BUTALBITAL,DB00241,Butalbital,anxiety disorder,anxiety disorder,8187_2050_5618_5451_5371_100081_5383_1942_1098_3265_11924_12384,MONDO_grouped,validated,previous_mapping
CHEMBL459,MONDO:0005618,contraindication,METHYLDOPA,DB00968,Methyldopa,anxiety disorder,anxiety disorder,8187_2050_5618_5451_5371_100081_5383_1942_1098_3265_11924_12384,MONDO_grouped,validated,previous_mapping
CHEMBL465,MONDO:0005618,contraindication,DRONABINOL,DB00470,Dronabinol,anxiety disorder,anxiety disorder,8187_2050_5618_5451_5371_100081_5383_1942_1098_3265_11924_12384,MONDO_grouped,validated,previous_mapping
CHEMBL466659,MONDO:0005618,contraindication,PENTAERYTHRITOL TETRANITRATE,DB13526,Pentaerithrityl,anxiety disorder,anxiety disorder,8187_2050_5618_5451_5371_100081_5383_1942_1098_3265_11924_12384,MONDO_grouped,validated,previous_mapping
CHEMBL485,MONDO:0005618,contraindication,CODEINE,DB00318,Codeine,anxiety disorder,anxiety disorder,8187_2050_5618_5451_5371_100081_5383_1942_1098_3265_11924_12384,MONDO_grouped,validated,previous_mapping
CHEMBL499,MONDO:0005618,contraindication,TIMOLOL,DB00373,Timolol,anxiety disorder,anxiety disorder,8187_2050_5618_5451_5371_100081_5383_1942_1098_3265_11924_12384,MONDO_grouped,validated,previous_mapping
CHEMBL500,MONDO:0005618,contraindication,PINDOLOL,DB00960,Pindolol,anxiety disorder,anxiety disorder,8187_2050_5618_5451_5371_100081_5383_1942_1098_3265_11924_12384,MONDO_grouped,validated,previous_mapping
CHEMBL505,MONDO:0005618,contraindication,CHLORPHENIRAMINE,DB01114,Chlorpheniramine,anxiety disorder,anxiety disorder,8187_2050_5618_5451_5371_100081_5383_1942_1098_3265_11924_12384,MONDO_grouped,validated,previous_mapping
CHEMBL511,MONDO:0005618,contraindication,PYRILAMINE,DB06691,Mepyramine,anxiety disorder,anxiety disorder,8187_2050_5618_5451_5371_100081_5383_1942_1098_3265_11924_12384,MONDO_grouped,validated,synonym_match
CHEMBL521,MONDO:0005618,contraindication,IBUPROFEN,DB01050,Ibuprofen,anxiety disorder,anxiety disorder,8187_2050_5618_5451_5371_100081_5383_1942_1098_3265_11924_12384,MONDO_grouped,validated,previous_mapping
CHEMBL521606,MONDO:0005618,contraindication,NADOLOL,DB01203,Nadolol,anxiety disorder,anxiety disorder,8187_2050_5618_5451_5371_100081_5383_1942_1098_3265_11924_12384,MONDO_grouped,validated,previous_mapping
CHEMBL547,MONDO:0005618,contraindication,ISOTRETINOIN,DB00982,Isotretinoin,anxiety disorder,anxiety disorder,8187_2050_5618_5451_5371_100081_5383_1942_1098_3265_11924_12384,MONDO_grouped,validated,previous_mapping
CHEMBL54976,MONDO:0005618,contraindication,TRYPTOPHAN,DB00150,Tryptophan,anxiety disorder,anxiety disorder,8187_2050_5618_5451_5371_100081_5383_1942_1098_3265_11924_12384,MONDO_grouped,validated,previous_mapping
CHEMBL568,MONDO:0005618,contraindication,OXAZEPAM,DB00842,Oxazepam,anxiety disorder,anxiety disorder,8187_2050_5618_5451_5371_100081_5383_1942_1098_3265_11924_12384,MONDO_grouped,validated,previous_mapping
CHEMBL569713,MONDO:0005618,contraindication,SCOPOLAMINE,DB00747,Scopolamine,anxiety disorder,anxiety disorder,8187_2050_5618_5451_5371_100081_5383_1942_1098_3265_11924_12384,MONDO_grouped,validated,previous_mapping
CHEMBL580,MONDO:0005618,contraindication,LORAZEPAM,DB00186,Lorazepam,anxiety disorder,anxiety disorder,8187_2050_5618_5451_5371_100081_5383_1942_1098_3265_11924_12384,MONDO_grouped,validated,previous_mapping
CHEMBL584,MONDO:0005618,contraindication,NELFINAVIR,DB00220,Nelfinavir,anxiety disorder,anxiety disorder,8187_2050_5618_5451_5371_100081_5383_1942_1098_3265_11924_12384,MONDO_grouped,validated,previous_mapping
CHEMBL596,MONDO:0005618,contraindication,FENTANYL,DB00813,Fentanyl,anxiety disorder,anxiety disorder,8187_2050_5618_5451_5371_100081_5383_1942_1098_3265_11924_12384,MONDO_grouped,validated,previous_mapping
CHEMBL6,MONDO:0005618,contraindication,INDOMETHACIN,DB00328,Indomethacin,anxiety disorder,anxiety disorder,8187_2050_5618_5451_5371_100081_5383_1942_1098_3265_11924_12384,MONDO_grouped,validated,previous_mapping
CHEMBL602,MONDO:0005618,contraindication,CYSTEAMINE,DB00847,Cysteamine,anxiety disorder,anxiety disorder,8187_2050_5618_5451_5371_100081_5383_1942_1098_3265_11924_12384,MONDO_grouped,validated,previous_mapping
CHEMBL603,MONDO:0005618,contraindication,ZAFIRLUKAST,DB00549,Zafirlukast,anxiety disorder,anxiety disorder,8187_2050_5618_5451_5371_100081_5383_1942_1098_3265_11924_12384,MONDO_grouped,validated,previous_mapping
CHEMBL61006,MONDO:0005618,contraindication,PHENYLPROPANOLAMINE,DB00397,Phenylpropanolamine,anxiety disorder,anxiety disorder,8187_2050_5618_5451_5371_100081_5383_1942_1098_3265_11924_12384,MONDO_grouped,validated,previous_mapping
CHEMBL620,MONDO:0005618,contraindication,CLIDINIUM,DB00771,Clidinium,anxiety disorder,anxiety disorder,8187_2050_5618_5451_5371_100081_5383_1942_1098_3265_11924_12384,MONDO_grouped,validated,previous_mapping
CHEMBL642,MONDO:0005618,contraindication,ACEBUTOLOL,DB01193,Acebutolol,anxiety disorder,anxiety disorder,8187_2050_5618_5451_5371_100081_5383_1942_1098_3265_11924_12384,MONDO_grouped,validated,previous_mapping
CHEMBL645,MONDO:0005618,contraindication,BISOPROLOL,DB00612,Bisoprolol,anxiety disorder,anxiety disorder,8187_2050_5618_5451_5371_100081_5383_1942_1098_3265_11924_12384,MONDO_grouped,validated,previous_mapping
CHEMBL646,MONDO:0005618,contraindication,TRIAZOLAM,DB00897,Triazolam,anxiety disorder,anxiety disorder,8187_2050_5618_5451_5371_100081_5383_1942_1098_3265_11924_12384,MONDO_grouped,validated,previous_mapping
CHEMBL661,MONDO:0005618,contraindication,ALPRAZOLAM,DB00404,Alprazolam,anxiety disorder,anxiety disorder,8187_2050_5618_5451_5371_100081_5383_1942_1098_3265_11924_12384,MONDO_grouped,validated,previous_mapping
CHEMBL689,MONDO:0005618,contraindication,MANNITOL,DB00742,Mannitol,anxiety disorder,anxiety disorder,8187_2050_5618_5451_5371_100081_5383_1942_1098_3265_11924_12384,MONDO_grouped,validated,previous_mapping
CHEMBL691,MONDO:0005618,contraindication,ETHINYL ESTRADIOL,DB00977,Ethinylestradiol,anxiety disorder,anxiety disorder,8187_2050_5618_5451_5371_100081_5383_1942_1098_3265_11924_12384,MONDO_grouped,validated,synonym_match
CHEMBL696,MONDO:0005618,contraindication,ETHOSUXIMIDE,DB00593,Ethosuximide,anxiety disorder,anxiety disorder,8187_2050_5618_5451_5371_100081_5383_1942_1098_3265_11924_12384,MONDO_grouped,validated,previous_mapping
CHEMBL697,MONDO:0005618,contraindication,METHSUXIMIDE,DB05246,Methsuximide,anxiety disorder,anxiety disorder,8187_2050_5618_5451_5371_100081_5383_1942_1098_3265_11924_12384,MONDO_grouped,validated,previous_mapping
CHEMBL70,MONDO:0005618,contraindication,MORPHINE,DB00295,Morphine,anxiety disorder,anxiety disorder,8187_2050_5618_5451_5371_100081_5383_1942_1098_3265_11924_12384,MONDO_grouped,validated,previous_mapping
CHEMBL717,MONDO:0005618,contraindication,MEDROXYPROGESTERONE ACETATE,DB00603,Medroxyprogesterone acetate,anxiety disorder,anxiety disorder,8187_2050_5618_5451_5371_100081_5383_1942_1098_3265_11924_12384,MONDO_grouped,validated,previous_mapping
CHEMBL741,MONDO:0005618,contraindication,LAMOTRIGINE,DB00555,Lamotrigine,anxiety disorder,anxiety disorder,8187_2050_5618_5451_5371_100081_5383_1942_1098_3265_11924_12384,MONDO_grouped,validated,previous_mapping
CHEMBL750,MONDO:0005618,contraindication,ZONISAMIDE,DB00909,Zonisamide,anxiety disorder,anxiety disorder,8187_2050_5618_5451_5371_100081_5383_1942_1098_3265_11924_12384,MONDO_grouped,validated,previous_mapping
CHEMBL771,MONDO:0005618,contraindication,CYCLOSERINE,DB00260,Cycloserine,anxiety disorder,anxiety disorder,8187_2050_5618_5451_5371_100081_5383_1942_1098_3265_11924_12384,MONDO_grouped,validated,previous_mapping
CHEMBL772,MONDO:0005618,contraindication,RESERPINE,DB00206,Reserpine,anxiety disorder,anxiety disorder,8187_2050_5618_5451_5371_100081_5383_1942_1098_3265_11924_12384,MONDO_grouped,validated,previous_mapping
CHEMBL787,MONDO:0005618,contraindication,MONTELUKAST,DB00471,Montelukast,anxiety disorder,anxiety disorder,8187_2050_5618_5451_5371_100081_5383_1942_1098_3265_11924_12384,MONDO_grouped,validated,previous_mapping
CHEMBL815,MONDO:0005618,contraindication,DINOPROST,DB12789,Dinoprost,anxiety disorder,anxiety disorder,8187_2050_5618_5451_5371_100081_5383_1942_1098_3265_11924_12384,MONDO_grouped,validated,previous_mapping
CHEMBL842,MONDO:0005618,contraindication,CHLOROTHIAZIDE,DB00880,Chlorothiazide,anxiety disorder,anxiety disorder,8187_2050_5618_5451_5371_100081_5383_1942_1098_3265_11924_12384,MONDO_grouped,validated,previous_mapping
CHEMBL844,MONDO:0005618,contraindication,BRIMONIDINE,DB00484,Brimonidine,anxiety disorder,anxiety disorder,8187_2050_5618_5451_5371_100081_5383_1942_1098_3265_11924_12384,MONDO_grouped,validated,previous_mapping
CHEMBL856,MONDO:0005618,contraindication,PRIMIDONE,DB00794,Primidone,anxiety disorder,anxiety disorder,8187_2050_5618_5451_5371_100081_5383_1942_1098_3265_11924_12384,MONDO_grouped,validated,previous_mapping
CHEMBL86,MONDO:0005618,contraindication,METOCLOPRAMIDE,DB01233,Metoclopramide,anxiety disorder,anxiety disorder,8187_2050_5618_5451_5371_100081_5383_1942_1098_3265_11924_12384,MONDO_grouped,validated,previous_mapping
CHEMBL862,MONDO:0005618,contraindication,GUANFACINE,DB01018,Guanfacine,anxiety disorder,anxiety disorder,8187_2050_5618_5451_5371_100081_5383_1942_1098_3265_11924_12384,MONDO_grouped,validated,previous_mapping
CHEMBL877,MONDO:0005618,contraindication,TRANEXAMIC ACID,DB00302,Tranexamic acid,anxiety disorder,anxiety disorder,8187_2050_5618_5451_5371_100081_5383_1942_1098_3265_11924_12384,MONDO_grouped,validated,previous_mapping
CHEMBL885,MONDO:0005618,contraindication,EMTRICITABINE,DB00879,Emtricitabine,anxiety disorder,anxiety disorder,8187_2050_5618_5451_5371_100081_5383_1942_1098_3265_11924_12384,MONDO_grouped,validated,previous_mapping
CHEMBL894,MONDO:0005618,contraindication,BUPROPION,DB01156,Bupropion,anxiety disorder,anxiety disorder,8187_2050_5618_5451_5371_100081_5383_1942_1098_3265_11924_12384,MONDO_grouped,validated,previous_mapping
CHEMBL9,MONDO:0005618,contraindication,NORFLOXACIN,DB01059,Norfloxacin,anxiety disorder,anxiety disorder,8187_2050_5618_5451_5371_100081_5383_1942_1098_3265_11924_12384,MONDO_grouped,validated,previous_mapping
CHEMBL900,MONDO:0005618,contraindication,ORPHENADRINE,DB01173,Orphenadrine,anxiety disorder,anxiety disorder,8187_2050_5618_5451_5371_100081_5383_1942_1098_3265_11924_12384,MONDO_grouped,validated,previous_mapping
CHEMBL911,MONDO:0005618,contraindication,ZOLPIDEM,DB00425,Zolpidem,anxiety disorder,anxiety disorder,8187_2050_5618_5451_5371_100081_5383_1942_1098_3265_11924_12384,MONDO_grouped,validated,previous_mapping
CHEMBL93,MONDO:0005618,contraindication,ZILEUTON,DB00744,Zileuton,anxiety disorder,anxiety disorder,8187_2050_5618_5451_5371_100081_5383_1942_1098_3265_11924_12384,MONDO_grouped,validated,previous_mapping
CHEMBL940,MONDO:0005618,contraindication,GABAPENTIN,DB00996,Gabapentin,anxiety disorder,anxiety disorder,8187_2050_5618_5451_5371_100081_5383_1942_1098_3265_11924_12384,MONDO_grouped,validated,previous_mapping
CHEMBL953,MONDO:0005618,contraindication,ENTACAPONE,DB00494,Entacapone,anxiety disorder,anxiety disorder,8187_2050_5618_5451_5371_100081_5383_1942_1098_3265_11924_12384,MONDO_grouped,validated,previous_mapping
CHEMBL967,MONDO:0005618,contraindication,TEMAZEPAM,DB00231,Temazepam,anxiety disorder,anxiety disorder,8187_2050_5618_5451_5371_100081_5383_1942_1098_3265_11924_12384,MONDO_grouped,validated,previous_mapping
CHEMBL968,MONDO:0005618,contraindication,FLURAZEPAM,DB00690,Flurazepam,anxiety disorder,anxiety disorder,8187_2050_5618_5451_5371_100081_5383_1942_1098_3265_11924_12384,MONDO_grouped,validated,previous_mapping
CHEMBL969,MONDO:0005618,contraindication,PRAZEPAM,DB01588,Prazepam,anxiety disorder,anxiety disorder,8187_2050_5618_5451_5371_100081_5383_1942_1098_3265_11924_12384,MONDO_grouped,validated,previous_mapping
CHEMBL980,MONDO:0005618,contraindication,GUAIFENESIN,DB00874,Guaifenesin,anxiety disorder,anxiety disorder,8187_2050_5618_5451_5371_100081_5383_1942_1098_3265_11924_12384,MONDO_grouped,validated,previous_mapping
CHEMBL1059,MONDO:0005618,indication,PREGABALIN,DB00230,Pregabalin,anxiety disorder,anxiety disorder,8187_2050_5618_5451_5371_100081_5383_1942_1098_3265_11924_12384,MONDO_grouped,validated,previous_mapping
CHEMBL10878,MONDO:0005618,indication,AGOMELATINE,DB06594,Agomelatine,anxiety disorder,anxiety disorder,8187_2050_5618_5451_5371_100081_5383_1942_1098_3265_11924_12384,MONDO_grouped,validated,previous_mapping
CHEMBL1089,MONDO:0005618,indication,PHENELZINE,DB00780,Phenelzine,anxiety disorder,anxiety disorder,8187_2050_5618_5451_5371_100081_5383_1942_1098_3265_11924_12384,MONDO_grouped,validated,previous_mapping
CHEMBL11,MONDO:0005618,indication,IMIPRAMINE,DB00458,Imipramine,anxiety disorder,anxiety disorder,8187_2050_5618_5451_5371_100081_5383_1942_1098_3265_11924_12384,MONDO_grouped,validated,previous_mapping
CHEMBL1113,MONDO:0005618,indication,AMOXAPINE,DB00543,Amoxapine,anxiety disorder,anxiety disorder,8187_2050_5618_5451_5371_100081_5383_1942_1098_3265_11924_12384,MONDO_grouped,validated,previous_mapping
CHEMBL1118,MONDO:0005618,indication,DESVENLAFAXINE,DB06700,Desvenlafaxine,anxiety disorder,anxiety disorder,8187_2050_5618_5451_5371_100081_5383_1942_1098_3265_11924_12384,MONDO_grouped,validated,previous_mapping
CHEMBL1175,MONDO:0005618,indication,DULOXETINE,DB00476,Duloxetine,anxiety disorder,anxiety disorder,8187_2050_5618_5451_5371_100081_5383_1942_1098_3265_11924_12384,MONDO_grouped,validated,previous_mapping
CHEMBL1201168,MONDO:0005618,indication,ISOCARBOXAZID,DB01247,Isocarboxazid,anxiety disorder,anxiety disorder,8187_2050_5618_5451_5371_100081_5383_1942_1098_3265_11924_12384,MONDO_grouped,validated,previous_mapping
CHEMBL1213460,MONDO:0005618,indication,ETHYL LOFLAZEPATE,DB01545,Ethyl loflazepate,anxiety disorder,anxiety disorder,8187_2050_5618_5451_5371_100081_5383_1942_1098_3265_11924_12384,MONDO_grouped,validated,previous_mapping
CHEMBL14370,MONDO:0005618,indication,REBOXETINE,DB00234,Reboxetine,anxiety disorder,anxiety disorder,8187_2050_5618_5451_5371_100081_5383_1942_1098_3265_11924_12384,MONDO_grouped,validated,previous_mapping
CHEMBL1492500,MONDO:0005618,indication,DOTHIEPIN,DB09167,Dosulepin,anxiety disorder,anxiety disorder,8187_2050_5618_5451_5371_100081_5383_1942_1098_3265_11924_12384,MONDO_grouped,validated,synonym_match
CHEMBL1508,MONDO:0005618,indication,ESCITALOPRAM,DB01175,Escitalopram,anxiety disorder,anxiety disorder,8187_2050_5618_5451_5371_100081_5383_1942_1098_3265_11924_12384,MONDO_grouped,validated,previous_mapping
CHEMBL1628227,MONDO:0005618,indication,DOXEPIN,DB01142,Doxepin,anxiety disorder,anxiety disorder,8187_2050_5618_5451_5371_100081_5383_1942_1098_3265_11924_12384,MONDO_grouped,validated,previous_mapping
CHEMBL18116,MONDO:0005618,indication,TOLOXATONE,DB09245,Toloxatone,anxiety disorder,anxiety disorder,8187_2050_5618_5451_5371_100081_5383_1942_1098_3265_11924_12384,MONDO_grouped,validated,previous_mapping
CHEMBL1909283,MONDO:0005618,indication,MEBANAZINE,DB09248,Mebanazine,anxiety disorder,anxiety disorder,8187_2050_5618_5451_5371_100081_5383_1942_1098_3265_11924_12384,MONDO_grouped,validated,previous_mapping
CHEMBL2104164,MONDO:0005618,indication,CAROXAZONE,DB09254,Caroxazone,anxiety disorder,anxiety disorder,8187_2050_5618_5451_5371_100081_5383_1942_1098_3265_11924_12384,MONDO_grouped,validated,previous_mapping
CHEMBL2104895,MONDO:0005618,indication,SETIPTILINE,DB09304,Setiptiline,anxiety disorder,anxiety disorder,8187_2050_5618_5451_5371_100081_5383_1942_1098_3265_11924_12384,MONDO_grouped,validated,previous_mapping
CHEMBL2104993,MONDO:0005618,indication,VORTIOXETINE,DB09068,Vortioxetine,anxiety disorder,anxiety disorder,8187_2050_5618_5451_5371_100081_5383_1942_1098_3265_11924_12384,MONDO_grouped,validated,previous_mapping
CHEMBL2105760,MONDO:0005618,indication,BREXPIPRAZOLE,DB09128,Brexpiprazole,anxiety disorder,anxiety disorder,8187_2050_5618_5451_5371_100081_5383_1942_1098_3265_11924_12384,MONDO_grouped,validated,previous_mapping
CHEMBL2107576,MONDO:0005618,indication,DEMEXIPTILINE,DB08998,Demexiptiline,anxiety disorder,anxiety disorder,8187_2050_5618_5451_5371_100081_5383_1942_1098_3265_11924_12384,MONDO_grouped,validated,previous_mapping
CHEMBL2110809,MONDO:0005618,indication,CAPTODIAME,DB09014,Captodiame,anxiety disorder,anxiety disorder,8187_2050_5618_5451_5371_100081_5383_1942_1098_3265_11924_12384,MONDO_grouped,validated,previous_mapping
CHEMBL2110816,MONDO:0005618,indication,BUTRIPTYLINE,DB09016,Butriptyline,anxiety disorder,anxiety disorder,8187_2050_5618_5451_5371_100081_5383_1942_1098_3265_11924_12384,MONDO_grouped,validated,previous_mapping
CHEMBL21731,MONDO:0005618,indication,MAPROTILINE,DB00934,Maprotiline,anxiety disorder,anxiety disorder,8187_2050_5618_5451_5371_100081_5383_1942_1098_3265_11924_12384,MONDO_grouped,validated,previous_mapping
CHEMBL284092,MONDO:0005618,indication,GEPIRONE,DB12184,Gepirone,anxiety disorder,anxiety disorder,8187_2050_5618_5451_5371_100081_5383_1942_1098_3265_11924_12384,MONDO_grouped,validated,previous_mapping
CHEMBL32350,MONDO:0005618,indication,PIRLINDOLE,DB09244,Pirlindole,anxiety disorder,anxiety disorder,8187_2050_5618_5451_5371_100081_5383_1942_1098_3265_11924_12384,MONDO_grouped,validated,previous_mapping
CHEMBL370753,MONDO:0005618,indication,OPIPRAMOL,DB12930,Opipramol,anxiety disorder,anxiety disorder,8187_2050_5618_5451_5371_100081_5383_1942_1098_3265_11924_12384,MONDO_grouped,validated,previous_mapping
CHEMBL395091,MONDO:0005618,indication,ESKETAMINE,DB11823,Esketamine,anxiety disorder,anxiety disorder,8187_2050_5618_5451_5371_100081_5383_1942_1098_3265_11924_12384,MONDO_grouped,validated,previous_mapping
CHEMBL3989843,MONDO:0005618,indication,TRANYLCYPROMINE,DB00752,Tranylcypromine,anxiety disorder,anxiety disorder,8187_2050_5618_5451_5371_100081_5383_1942_1098_3265_11924_12384,MONDO_grouped,validated,previous_mapping
CHEMBL41,MONDO:0005618,indication,FLUOXETINE,DB00472,Fluoxetine,anxiety disorder,anxiety disorder,8187_2050_5618_5451_5371_100081_5383_1942_1098_3265_11924_12384,MONDO_grouped,validated,previous_mapping
CHEMBL418995,MONDO:0005618,indication,AMINEPTINE,DB04836,Amineptine,anxiety disorder,anxiety disorder,8187_2050_5618_5451_5371_100081_5383_1942_1098_3265_11924_12384,MONDO_grouped,validated,previous_mapping
CHEMBL439849,MONDO:0005618,indication,VILAZODONE,DB06684,Vilazodone,anxiety disorder,anxiety disorder,8187_2050_5618_5451_5371_100081_5383_1942_1098_3265_11924_12384,MONDO_grouped,validated,previous_mapping
CHEMBL445,MONDO:0005618,indication,NORTRIPTYLINE,DB00540,Nortriptyline,anxiety disorder,anxiety disorder,8187_2050_5618_5451_5371_100081_5383_1942_1098_3265_11924_12384,MONDO_grouped,validated,previous_mapping
CHEMBL452,MONDO:0005618,indication,CLONAZEPAM,DB01068,Clonazepam,anxiety disorder,anxiety disorder,8187_2050_5618_5451_5371_100081_5383_1942_1098_3265_11924_12384,MONDO_grouped,validated,previous_mapping
CHEMBL49,MONDO:0005618,indication,BUSPIRONE,DB00490,Buspirone,anxiety disorder,anxiety disorder,8187_2050_5618_5451_5371_100081_5383_1942_1098_3265_11924_12384,MONDO_grouped,validated,previous_mapping
CHEMBL490,MONDO:0005618,indication,PAROXETINE,DB00715,Paroxetine,anxiety disorder,anxiety disorder,8187_2050_5618_5451_5371_100081_5383_1942_1098_3265_11924_12384,MONDO_grouped,validated,previous_mapping
CHEMBL549,MONDO:0005618,indication,CITALOPRAM,DB00215,Citalopram,anxiety disorder,anxiety disorder,8187_2050_5618_5451_5371_100081_5383_1942_1098_3265_11924_12384,MONDO_grouped,validated,previous_mapping
CHEMBL580,MONDO:0005618,indication,LORAZEPAM,DB00186,Lorazepam,anxiety disorder,anxiety disorder,8187_2050_5618_5451_5371_100081_5383_1942_1098_3265_11924_12384,MONDO_grouped,validated,previous_mapping
CHEMBL621,MONDO:0005618,indication,TRAZODONE,DB00656,Trazodone,anxiety disorder,anxiety disorder,8187_2050_5618_5451_5371_100081_5383_1942_1098_3265_11924_12384,MONDO_grouped,validated,previous_mapping
CHEMBL623,MONDO:0005618,indication,NEFAZODONE,DB01149,Nefazodone,anxiety disorder,anxiety disorder,8187_2050_5618_5451_5371_100081_5383_1942_1098_3265_11924_12384,MONDO_grouped,validated,previous_mapping
CHEMBL629,MONDO:0005618,indication,AMITRIPTYLINE,DB00321,Amitriptyline,anxiety disorder,anxiety disorder,8187_2050_5618_5451_5371_100081_5383_1942_1098_3265_11924_12384,MONDO_grouped,validated,previous_mapping
CHEMBL637,MONDO:0005618,indication,VENLAFAXINE,DB00285,Venlafaxine,anxiety disorder,anxiety disorder,8187_2050_5618_5451_5371_100081_5383_1942_1098_3265_11924_12384,MONDO_grouped,validated,previous_mapping
CHEMBL6437,MONDO:0005618,indication,MIANSERIN,DB06148,Mianserin,anxiety disorder,anxiety disorder,8187_2050_5618_5451_5371_100081_5383_1942_1098_3265_11924_12384,MONDO_grouped,validated,previous_mapping
CHEMBL644,MONDO:0005618,indication,TRIMIPRAMINE,DB00726,Trimipramine,anxiety disorder,anxiety disorder,8187_2050_5618_5451_5371_100081_5383_1942_1098_3265_11924_12384,MONDO_grouped,validated,previous_mapping
CHEMBL654,MONDO:0005618,indication,MIRTAZAPINE,DB00370,Mirtazapine,anxiety disorder,anxiety disorder,8187_2050_5618_5451_5371_100081_5383_1942_1098_3265_11924_12384,MONDO_grouped,validated,previous_mapping
CHEMBL661,MONDO:0005618,indication,ALPRAZOLAM,DB00404,Alprazolam,anxiety disorder,anxiety disorder,8187_2050_5618_5451_5371_100081_5383_1942_1098_3265_11924_12384,MONDO_grouped,validated,previous_mapping
CHEMBL668,MONDO:0005618,indication,PROTRIPTYLINE,DB00344,Protriptyline,anxiety disorder,anxiety disorder,8187_2050_5618_5451_5371_100081_5383_1942_1098_3265_11924_12384,MONDO_grouped,validated,previous_mapping
CHEMBL715,MONDO:0005618,indication,OLANZAPINE,DB00334,Olanzapine,anxiety disorder,anxiety disorder,8187_2050_5618_5451_5371_100081_5383_1942_1098_3265_11924_12384,MONDO_grouped,validated,previous_mapping
CHEMBL72,MONDO:0005618,indication,DESIPRAMINE,DB01151,Desipramine,anxiety disorder,anxiety disorder,8187_2050_5618_5451_5371_100081_5383_1942_1098_3265_11924_12384,MONDO_grouped,validated,previous_mapping
CHEMBL809,MONDO:0005618,indication,SERTRALINE,DB01104,Sertraline,anxiety disorder,anxiety disorder,8187_2050_5618_5451_5371_100081_5383_1942_1098_3265_11924_12384,MONDO_grouped,validated,previous_mapping
CHEMBL86304,MONDO:0005618,indication,MOCLOBEMIDE,DB01171,Moclobemide,anxiety disorder,anxiety disorder,8187_2050_5618_5451_5371_100081_5383_1942_1098_3265_11924_12384,MONDO_grouped,validated,previous_mapping
CHEMBL87708,MONDO:0005618,indication,LOFEPRAMINE,DB13411,Lofepramine,anxiety disorder,anxiety disorder,8187_2050_5618_5451_5371_100081_5383_1942_1098_3265_11924_12384,MONDO_grouped,validated,previous_mapping
CHEMBL894,MONDO:0005618,indication,BUPROPION,DB01156,Bupropion,anxiety disorder,anxiety disorder,8187_2050_5618_5451_5371_100081_5383_1942_1098_3265_11924_12384,MONDO_grouped,validated,previous_mapping
CHEMBL91238,MONDO:0005618,indication,IPROCLOZIDE,DB09247,Iproclozide,anxiety disorder,anxiety disorder,8187_2050_5618_5451_5371_100081_5383_1942_1098_3265_11924_12384,MONDO_grouped,validated,previous_mapping
CHEMBL92401,MONDO:0005618,indication,IPRONIAZID,DB04818,Iproniazid,anxiety disorder,anxiety disorder,8187_2050_5618_5451_5371_100081_5383_1942_1098_3265_11924_12384,MONDO_grouped,validated,previous_mapping
CHEMBL972,MONDO:0005618,indication,SELEGILINE,DB01037,Selegiline,anxiety disorder,anxiety disorder,8187_2050_5618_5451_5371_100081_5383_1942_1098_3265_11924_12384,MONDO_grouped,validated,previous_mapping
CHEMBL99946,MONDO:0005618,indication,LEVOMILNACIPRAN,DB08918,Levomilnacipran,anxiety disorder,anxiety disorder,8187_2050_5618_5451_5371_100081_5383_1942_1098_3265_11924_12384,MONDO_grouped,validated,previous_mapping
CHEMBL11,MONDO:0005618,off-label use,IMIPRAMINE,DB00458,Imipramine,anxiety disorder,anxiety disorder,8187_2050_5618_5451_5371_100081_5383_1942_1098_3265_11924_12384,MONDO_grouped,validated,previous_mapping
CHEMBL1118,MONDO:0005618,off-label use,DESVENLAFAXINE,DB06700,Desvenlafaxine,anxiety disorder,anxiety disorder,8187_2050_5618_5451_5371_100081_5383_1942_1098_3265_11924_12384,MONDO_grouped,validated,previous_mapping
CHEMBL12,MONDO:0005618,off-label use,DIAZEPAM,DB00829,Diazepam,anxiety disorder,anxiety disorder,8187_2050_5618_5451_5371_100081_5383_1942_1098_3265_11924_12384,MONDO_grouped,validated,previous_mapping
CHEMBL1508,MONDO:0005618,off-label use,ESCITALOPRAM,DB01175,Escitalopram,anxiety disorder,anxiety disorder,8187_2050_5618_5451_5371_100081_5383_1942_1098_3265_11924_12384,MONDO_grouped,validated,previous_mapping
CHEMBL415,MONDO:0005618,off-label use,CLOMIPRAMINE,DB01242,Clomipramine,anxiety disorder,anxiety disorder,8187_2050_5618_5451_5371_100081_5383_1942_1098_3265_11924_12384,MONDO_grouped,validated,previous_mapping
CHEMBL451,MONDO:0005618,off-label use,CHLORDIAZEPOXIDE,DB00475,Chlordiazepoxide,anxiety disorder,anxiety disorder,8187_2050_5618_5451_5371_100081_5383_1942_1098_3265_11924_12384,MONDO_grouped,validated,previous_mapping
CHEMBL549,MONDO:0005618,off-label use,CITALOPRAM,DB00215,Citalopram,anxiety disorder,anxiety disorder,8187_2050_5618_5451_5371_100081_5383_1942_1098_3265_11924_12384,MONDO_grouped,validated,previous_mapping
CHEMBL72,MONDO:0005618,off-label use,DESIPRAMINE,DB01151,Desipramine,anxiety disorder,anxiety disorder,8187_2050_5618_5451_5371_100081_5383_1942_1098_3265_11924_12384,MONDO_grouped,validated,previous_mapping
CHEMBL742,MONDO:0005618,off-label use,KETAMINE,DB01221,Ketamine,anxiety disorder,anxiety disorder,8187_2050_5618_5451_5371_100081_5383_1942_1098_3265_11924_12384,MONDO_grouped,validated,previous_mapping
CHEMBL796,MONDO:0005618,off-label use,METHYLPHENIDATE,DB00422,Methylphenidate,anxiety disorder,anxiety disorder,8187_2050_5618_5451_5371_100081_5383_1942_1098_3265_11924_12384,MONDO_grouped,validated,previous_mapping
CHEMBL814,MONDO:0005618,off-label use,FLUVOXAMINE,DB00176,Fluvoxamine,anxiety disorder,anxiety disorder,8187_2050_5618_5451_5371_100081_5383_1942_1098_3265_11924_12384,MONDO_grouped,validated,previous_mapping
CHEMBL911,MONDO:0007743,contraindication,ZOLPIDEM,DB00425,Zolpidem,attention deficit-hyperactivity disorder,attention deficit-hyperactivity disorder,7743,MONDO,validated,previous_mapping
CHEMBL1177,MONDO:0007743,indication,Pemoline,DB01230,Pemoline,attention deficit-hyperactivity disorder,attention deficit-hyperactivity disorder,7743,MONDO,validated,verified_cross_reference
CHEMBL1201201,MONDO:0007743,indication,METHAMPHETAMINE,DB01577,Metamfetamine,attention deficit-hyperactivity disorder,attention deficit-hyperactivity disorder,7743,MONDO,validated,synonym_match
CHEMBL1201222,MONDO:0007743,indication,LISDEXAMFETAMINE,DB01255,Lisdexamfetamine,attention deficit-hyperactivity disorder,attention deficit-hyperactivity disorder,7743,MONDO,validated,previous_mapping
CHEMBL134,MONDO:0007743,indication,CLONIDINE,DB00575,Clonidine,attention deficit-hyperactivity disorder,attention deficit-hyperactivity disorder,7743,MONDO,validated,previous_mapping
CHEMBL3707390,MONDO:0007743,indication,Mebicar,DB13522,Mebicar,attention deficit-hyperactivity disorder,attention deficit-hyperactivity disorder,7743,MONDO,validated,verified_cross_reference
CHEMBL405,MONDO:0007743,indication,AMPHETAMINE,DB00182,Amphetamine,attention deficit-hyperactivity disorder,attention deficit-hyperactivity disorder,7743,MONDO,validated,previous_mapping
CHEMBL612,MONDO:0007743,indication,DEXTROAMPHETAMINE,DB01576,Dextroamphetamine,attention deficit-hyperactivity disorder,attention deficit-hyperactivity disorder,7743,MONDO,validated,previous_mapping
CHEMBL641,MONDO:0007743,indication,ATOMOXETINE,DB00289,Atomoxetine,attention deficit-hyperactivity disorder,attention deficit-hyperactivity disorder,7743,MONDO,validated,previous_mapping
CHEMBL796,MONDO:0007743,indication,METHYLPHENIDATE,DB00422,Methylphenidate,attention deficit-hyperactivity disorder,attention deficit-hyperactivity disorder,7743,MONDO,validated,previous_mapping
CHEMBL827,MONDO:0007743,indication,DEXMETHYLPHENIDATE,DB06701,Dexmethylphenidate,attention deficit-hyperactivity disorder,attention deficit-hyperactivity disorder,7743,MONDO,validated,previous_mapping
CHEMBL862,MONDO:0007743,indication,GUANFACINE,DB01018,Guanfacine,attention deficit-hyperactivity disorder,attention deficit-hyperactivity disorder,7743,MONDO,validated,previous_mapping
CHEMBL108,MONDO:0007743,off-label use,CARBAMAZEPINE,DB00564,Carbamazepine,attention deficit-hyperactivity disorder,attention deficit-hyperactivity disorder,7743,MONDO,validated,previous_mapping
CHEMBL11,MONDO:0007743,off-label use,IMIPRAMINE,DB00458,Imipramine,attention deficit-hyperactivity disorder,attention deficit-hyperactivity disorder,7743,MONDO,validated,previous_mapping
CHEMBL1200929,MONDO:0007743,off-label use,ZINC SULFATE,DB09322,Zinc sulfate,attention deficit-hyperactivity disorder,attention deficit-hyperactivity disorder,7743,MONDO,validated,previous_mapping
CHEMBL3833377,MONDO:0007743,off-label use,ZINC GLUCONATE,DB11248,Zinc gluconate,attention deficit-hyperactivity disorder,attention deficit-hyperactivity disorder,7743,MONDO,validated,previous_mapping
CHEMBL445,MONDO:0007743,off-label use,NORTRIPTYLINE,DB00540,Nortriptyline,attention deficit-hyperactivity disorder,attention deficit-hyperactivity disorder,7743,MONDO,validated,previous_mapping
CHEMBL72,MONDO:0007743,off-label use,DESIPRAMINE,DB01151,Desipramine,attention deficit-hyperactivity disorder,attention deficit-hyperactivity disorder,7743,MONDO,validated,previous_mapping
CHEMBL894,MONDO:0007743,off-label use,BUPROPION,DB01156,Bupropion,attention deficit-hyperactivity disorder,attention deficit-hyperactivity disorder,7743,MONDO,validated,previous_mapping
CHEMBL1076903,MONDO:0004985,contraindication,VARENICLINE,DB01273,Varenicline,bipolar disorder,bipolar disorder,4985_693_24613_1866,MONDO_grouped,validated,previous_mapping
CHEMBL1089,MONDO:0004985,contraindication,PHENELZINE,DB00780,Phenelzine,bipolar disorder,bipolar disorder,4985_693_24613_1866,MONDO_grouped,validated,previous_mapping
CHEMBL11,MONDO:0004985,contraindication,IMIPRAMINE,DB00458,Imipramine,bipolar disorder,bipolar disorder,4985_693_24613_1866,MONDO_grouped,validated,previous_mapping
CHEMBL1113,MONDO:0004985,contraindication,AMOXAPINE,DB00543,Amoxapine,bipolar disorder,bipolar disorder,4985_693_24613_1866,MONDO_grouped,validated,previous_mapping
CHEMBL1118,MONDO:0004985,contraindication,DESVENLAFAXINE,DB06700,Desvenlafaxine,bipolar disorder,bipolar disorder,4985_693_24613_1866,MONDO_grouped,validated,previous_mapping
CHEMBL1175,MONDO:0004985,contraindication,DULOXETINE,DB00476,Duloxetine,bipolar disorder,bipolar disorder,4985_693_24613_1866,MONDO_grouped,validated,previous_mapping
CHEMBL1200572,MONDO:0004985,contraindication,MAGNESIUM OXIDE,DB01377,Magnesium oxide,bipolar disorder,bipolar disorder,4985_693_24613_1866,MONDO_grouped,validated,previous_mapping
CHEMBL1201168,MONDO:0004985,contraindication,ISOCARBOXAZID,DB01247,Isocarboxazid,bipolar disorder,bipolar disorder,4985_693_24613_1866,MONDO_grouped,validated,previous_mapping
CHEMBL1201201,MONDO:0004985,contraindication,METHAMPHETAMINE,DB01577,Metamfetamine,bipolar disorder,bipolar disorder,4985_693_24613_1866,MONDO_grouped,validated,synonym_match
CHEMBL1201222,MONDO:0004985,contraindication,LISDEXAMFETAMINE,DB01255,Lisdexamfetamine,bipolar disorder,bipolar disorder,4985_693_24613_1866,MONDO_grouped,validated,previous_mapping
CHEMBL1508,MONDO:0004985,contraindication,ESCITALOPRAM,DB01175,Escitalopram,bipolar disorder,bipolar disorder,4985_693_24613_1866,MONDO_grouped,validated,previous_mapping
CHEMBL1622,MONDO:0004985,contraindication,FOLIC ACID,DB00158,Folic acid,bipolar disorder,bipolar disorder,4985_693_24613_1866,MONDO_grouped,validated,previous_mapping
CHEMBL2111164,MONDO:0004985,contraindication,TROLNITRATE,DB13719,Trolnitrate,bipolar disorder,bipolar disorder,4985_693_24613_1866,MONDO_grouped,validated,previous_mapping
CHEMBL21731,MONDO:0004985,contraindication,MAPROTILINE,DB00934,Maprotiline,bipolar disorder,bipolar disorder,4985_693_24613_1866,MONDO_grouped,validated,previous_mapping
CHEMBL3545985,MONDO:0004985,contraindication,BENZPHETAMINE,DB00865,Benzphetamine,bipolar disorder,bipolar disorder,4985_693_24613_1866,MONDO_grouped,validated,previous_mapping
CHEMBL3989843,MONDO:0004985,contraindication,TRANYLCYPROMINE,DB00752,Tranylcypromine,bipolar disorder,bipolar disorder,4985_693_24613_1866,MONDO_grouped,validated,previous_mapping
CHEMBL405,MONDO:0004985,contraindication,AMPHETAMINE,DB00182,Amphetamine,bipolar disorder,bipolar disorder,4985_693_24613_1866,MONDO_grouped,validated,previous_mapping
CHEMBL41,MONDO:0004985,contraindication,FLUOXETINE,DB00472,Fluoxetine,bipolar disorder,bipolar disorder,4985_693_24613_1866,MONDO_grouped,validated,previous_mapping
CHEMBL439849,MONDO:0004985,contraindication,VILAZODONE,DB06684,Vilazodone,bipolar disorder,bipolar disorder,4985_693_24613_1866,MONDO_grouped,validated,previous_mapping
CHEMBL449,MONDO:0004985,contraindication,BUTABARBITAL,DB00237,Butabarbital,bipolar disorder,bipolar disorder,4985_693_24613_1866,MONDO_grouped,validated,previous_mapping
CHEMBL460026,MONDO:0004985,contraindication,ICOSAPENT,DB00159,Icosapent,bipolar disorder,bipolar disorder,4985_693_24613_1866,MONDO_grouped,validated,previous_mapping
CHEMBL465,MONDO:0004985,contraindication,DRONABINOL,DB00470,Dronabinol,bipolar disorder,bipolar disorder,4985_693_24613_1866,MONDO_grouped,validated,previous_mapping
CHEMBL490,MONDO:0004985,contraindication,PAROXETINE,DB00715,Paroxetine,bipolar disorder,bipolar disorder,4985_693_24613_1866,MONDO_grouped,validated,previous_mapping
CHEMBL549,MONDO:0004985,contraindication,CITALOPRAM,DB00215,Citalopram,bipolar disorder,bipolar disorder,4985_693_24613_1866,MONDO_grouped,validated,previous_mapping
CHEMBL612,MONDO:0004985,contraindication,DEXTROAMPHETAMINE,DB01576,Dextroamphetamine,bipolar disorder,bipolar disorder,4985_693_24613_1866,MONDO_grouped,validated,previous_mapping
CHEMBL637,MONDO:0004985,contraindication,VENLAFAXINE,DB00285,Venlafaxine,bipolar disorder,bipolar disorder,4985_693_24613_1866,MONDO_grouped,validated,previous_mapping
CHEMBL641,MONDO:0004985,contraindication,ATOMOXETINE,DB00289,Atomoxetine,bipolar disorder,bipolar disorder,4985_693_24613_1866,MONDO_grouped,validated,previous_mapping
CHEMBL644,MONDO:0004985,contraindication,TRIMIPRAMINE,DB00726,Trimipramine,bipolar disorder,bipolar disorder,4985_693_24613_1866,MONDO_grouped,validated,previous_mapping
CHEMBL668,MONDO:0004985,contraindication,PROTRIPTYLINE,DB00344,Protriptyline,bipolar disorder,bipolar disorder,4985_693_24613_1866,MONDO_grouped,validated,previous_mapping
CHEMBL715,MONDO:0004985,contraindication,OLANZAPINE,DB00334,Olanzapine,bipolar disorder,bipolar disorder,4985_693_24613_1866,MONDO_grouped,validated,previous_mapping
CHEMBL72,MONDO:0004985,contraindication,DESIPRAMINE,DB01151,Desipramine,bipolar disorder,bipolar disorder,4985_693_24613_1866,MONDO_grouped,validated,previous_mapping
CHEMBL796,MONDO:0004985,contraindication,METHYLPHENIDATE,DB00422,Methylphenidate,bipolar disorder,bipolar disorder,4985_693_24613_1866,MONDO_grouped,validated,previous_mapping
CHEMBL809,MONDO:0004985,contraindication,SERTRALINE,DB01104,Sertraline,bipolar disorder,bipolar disorder,4985_693_24613_1866,MONDO_grouped,validated,previous_mapping
CHEMBL814,MONDO:0004985,contraindication,FLUVOXAMINE,DB00176,Fluvoxamine,bipolar disorder,bipolar disorder,4985_693_24613_1866,MONDO_grouped,validated,previous_mapping
CHEMBL827,MONDO:0004985,contraindication,DEXMETHYLPHENIDATE,DB06701,Dexmethylphenidate,bipolar disorder,bipolar disorder,4985_693_24613_1866,MONDO_grouped,validated,previous_mapping
CHEMBL887,MONDO:0004985,contraindication,RASAGILINE,DB01367,Rasagiline,bipolar disorder,bipolar disorder,4985_693_24613_1866,MONDO_grouped,validated,previous_mapping
CHEMBL972,MONDO:0004985,contraindication,SELEGILINE,DB01037,Selegiline,bipolar disorder,bipolar disorder,4985_693_24613_1866,MONDO_grouped,validated,previous_mapping
CHEMBL108,MONDO:0004985,indication,CARBAMAZEPINE,DB00564,Carbamazepine,bipolar disorder,bipolar disorder,4985_693_24613_1866,MONDO_grouped,validated,previous_mapping
CHEMBL1112,MONDO:0004985,indication,ARIPIPRAZOLE,DB01238,Aripiprazole,bipolar disorder,bipolar disorder,4985_693_24613_1866,MONDO_grouped,validated,previous_mapping
CHEMBL1200826,MONDO:0004985,indication,LITHIUM CARBONATE,DB14509,Lithium carbonate,bipolar disorder,bipolar disorder,4985_693_24613_1866,MONDO_grouped,validated,previous_mapping
CHEMBL1237021,MONDO:0004985,indication,LURASIDONE,DB08815,Lurasidone,bipolar disorder,bipolar disorder,4985_693_24613_1866,MONDO_grouped,validated,previous_mapping
CHEMBL1628227,MONDO:0004985,indication,DOXEPIN,DB01142,Doxepin,bipolar disorder,bipolar disorder,4985_693_24613_1866,MONDO_grouped,validated,previous_mapping
CHEMBL2028019,MONDO:0004985,indication,CARIPRAZINE,DB06016,Cariprazine,bipolar disorder,bipolar disorder,4985_693_24613_1866,MONDO_grouped,validated,previous_mapping
CHEMBL2103738,MONDO:0004985,indication,LITHIUM CITRATE,DB14507,Lithium citrate,bipolar disorder,bipolar disorder,4985_693_24613_1866,MONDO_grouped,validated,previous_mapping
CHEMBL3187365,MONDO:0004985,indication,ASENAPINE,DB06216,Asenapine,bipolar disorder,bipolar disorder,4985_693_24613_1866,MONDO_grouped,validated,previous_mapping
CHEMBL41,MONDO:0004985,indication,FLUOXETINE,DB00472,Fluoxetine,bipolar disorder,bipolar disorder,4985_693_24613_1866,MONDO_grouped,validated,previous_mapping
CHEMBL708,MONDO:0004985,indication,ZIPRASIDONE,DB00246,Ziprasidone,bipolar disorder,bipolar disorder,4985_693_24613_1866,MONDO_grouped,validated,previous_mapping
CHEMBL715,MONDO:0004985,indication,OLANZAPINE,DB00334,Olanzapine,bipolar disorder,bipolar disorder,4985_693_24613_1866,MONDO_grouped,validated,previous_mapping
CHEMBL716,MONDO:0004985,indication,QUETIAPINE,DB01224,Quetiapine,bipolar disorder,bipolar disorder,4985_693_24613_1866,MONDO_grouped,validated,previous_mapping
CHEMBL831,MONDO:0004985,indication,LOXAPINE,DB00408,Loxapine,bipolar disorder,bipolar disorder,4985_693_24613_1866,MONDO_grouped,validated,previous_mapping
CHEMBL85,MONDO:0004985,indication,RISPERIDONE,DB00734,Risperidone,bipolar disorder,bipolar disorder,4985_693_24613_1866,MONDO_grouped,validated,previous_mapping
CHEMBL108,MONDO:0004985,off-label use,CARBAMAZEPINE,DB00564,Carbamazepine,bipolar disorder,bipolar disorder,4985_693_24613_1866,MONDO_grouped,validated,previous_mapping
CHEMBL109,MONDO:0004985,off-label use,VALPROIC ACID,DB00313,Valproic acid,bipolar disorder,bipolar disorder,4985_693_24613_1866,MONDO_grouped,validated,previous_mapping
CHEMBL1200826,MONDO:0004985,off-label use,LITHIUM CARBONATE,DB14509,Lithium carbonate,bipolar disorder,bipolar disorder,4985_693_24613_1866,MONDO_grouped,validated,previous_mapping
CHEMBL1508,MONDO:0004985,off-label use,ESCITALOPRAM,DB01175,Escitalopram,bipolar disorder,bipolar disorder,4985_693_24613_1866,MONDO_grouped,validated,previous_mapping
CHEMBL16,MONDO:0004985,off-label use,PHENYTOIN,DB00252,Phenytoin,bipolar disorder,bipolar disorder,4985_693_24613_1866,MONDO_grouped,validated,previous_mapping
CHEMBL1621,MONDO:0004985,off-label use,PALIPERIDONE,DB01267,Paliperidone,bipolar disorder,bipolar disorder,4985_693_24613_1866,MONDO_grouped,validated,previous_mapping
CHEMBL2103738,MONDO:0004985,off-label use,LITHIUM CITRATE,DB14507,Lithium citrate,bipolar disorder,bipolar disorder,4985_693_24613_1866,MONDO_grouped,validated,previous_mapping
CHEMBL40,MONDO:0004985,off-label use,PHENOBARBITAL,DB01174,Phenobarbital,bipolar disorder,bipolar disorder,4985_693_24613_1866,MONDO_grouped,validated,previous_mapping
CHEMBL490,MONDO:0004985,off-label use,PAROXETINE,DB00715,Paroxetine,bipolar disorder,bipolar disorder,4985_693_24613_1866,MONDO_grouped,validated,previous_mapping
CHEMBL549,MONDO:0004985,off-label use,CITALOPRAM,DB00215,Citalopram,bipolar disorder,bipolar disorder,4985_693_24613_1866,MONDO_grouped,validated,previous_mapping
CHEMBL623,MONDO:0004985,off-label use,NEFAZODONE,DB01149,Nefazodone,bipolar disorder,bipolar disorder,4985_693_24613_1866,MONDO_grouped,validated,previous_mapping
CHEMBL708,MONDO:0004985,off-label use,ZIPRASIDONE,DB00246,Ziprasidone,bipolar disorder,bipolar disorder,4985_693_24613_1866,MONDO_grouped,validated,previous_mapping
CHEMBL741,MONDO:0004985,off-label use,LAMOTRIGINE,DB00555,Lamotrigine,bipolar disorder,bipolar disorder,4985_693_24613_1866,MONDO_grouped,validated,previous_mapping
CHEMBL809,MONDO:0004985,off-label use,SERTRALINE,DB01104,Sertraline,bipolar disorder,bipolar disorder,4985_693_24613_1866,MONDO_grouped,validated,previous_mapping
CHEMBL814,MONDO:0004985,off-label use,FLUVOXAMINE,DB00176,Fluvoxamine,bipolar disorder,bipolar disorder,4985_693_24613_1866,MONDO_grouped,validated,previous_mapping
CHEMBL85,MONDO:0004985,off-label use,RISPERIDONE,DB00734,Risperidone,bipolar disorder,bipolar disorder,4985_693_24613_1866,MONDO_grouped,validated,previous_mapping
CHEMBL856,MONDO:0004985,off-label use,PRIMIDONE,DB00794,Primidone,bipolar disorder,bipolar disorder,4985_693_24613_1866,MONDO_grouped,validated,previous_mapping
CHEMBL894,MONDO:0004985,off-label use,BUPROPION,DB01156,Bupropion,bipolar disorder,bipolar disorder,4985_693_24613_1866,MONDO_grouped,validated,previous_mapping
CHEMBL103,MONDO:0001627,contraindication,PROGESTERONE,DB00396,Progesterone,dementia,dementia (disease),1627,MONDO,validated,previous_mapping
CHEMBL1162,MONDO:0001627,contraindication,NORETHINDRONE,DB00717,Norethisterone,dementia,dementia (disease),1627,MONDO,validated,synonym_match
CHEMBL1200335,MONDO:0001627,contraindication,TESTOSTERONE ENANTHATE,DB13944,Testosterone enanthate,dementia,dementia (disease),1627,MONDO,validated,previous_mapping
CHEMBL1200761,MONDO:0001627,contraindication,CHLOROTRIANISENE,DB00269,Chlorotrianisene,dementia,dementia (disease),1627,MONDO,validated,previous_mapping
CHEMBL1200807,MONDO:0001627,contraindication,NORELGESTROMIN,DB06713,Norelgestromin,dementia,dementia (disease),1627,MONDO,validated,previous_mapping
CHEMBL1200934,MONDO:0001627,contraindication,NORGESTIMATE,DB00957,Norgestimate,dementia,dementia (disease),1627,MONDO,validated,previous_mapping
CHEMBL1200973,MONDO:0001627,contraindication,ESTRADIOL CYPIONATE,DB13954,Estradiol cypionate,dementia,dementia (disease),1627,MONDO,validated,previous_mapping
CHEMBL1201101,MONDO:0001627,contraindication,TESTOSTERONE CYPIONATE,DB13943,Testosterone cypionate,dementia,dementia (disease),1627,MONDO,validated,previous_mapping
CHEMBL1201165,MONDO:0001627,contraindication,QUINESTROL,DB04575,Quinestrol,dementia,dementia (disease),1627,MONDO,validated,previous_mapping
CHEMBL1201864,MONDO:0001627,contraindication,DIENOGEST,DB09123,Dienogest,dementia,dementia (disease),1627,MONDO,validated,previous_mapping
CHEMBL1231574,MONDO:0001627,contraindication,LEVOMEFOLIC ACID,DB11256,Levomefolic acid,dementia,dementia (disease),1627,MONDO,validated,previous_mapping
CHEMBL135,MONDO:0001627,contraindication,ESTRADIOL,DB00783,Estradiol,dementia,dementia (disease),1627,MONDO,validated,verified_external_cross_reference
CHEMBL1382,MONDO:0001627,contraindication,Tolterodine,DB01036,Tolterodine,dementia,dementia (disease),1627,MONDO,validated,verified_cross_reference
CHEMBL1389,MONDO:0001627,contraindication,LEVONORGESTREL,DB00367,Levonorgestrel,dementia,dementia (disease),1627,MONDO,validated,previous_mapping
CHEMBL1395,MONDO:0001627,contraindication,METHYLTESTOSTERONE,DB06710,Methyltestosterone,dementia,dementia (disease),1627,MONDO,validated,previous_mapping
CHEMBL1405,MONDO:0001627,contraindication,ESTRONE,DB00655,Estrone,dementia,dementia (disease),1627,MONDO,validated,previous_mapping
CHEMBL1445,MONDO:0001627,contraindication,FLUOXYMESTERONE,DB01185,Fluoxymesterone,dementia,dementia (disease),1627,MONDO,validated,previous_mapping
CHEMBL1509,MONDO:0001627,contraindication,DROSPIRENONE,DB01395,Drospirenone,dementia,dementia (disease),1627,MONDO,validated,previous_mapping
CHEMBL1511,MONDO:0001627,contraindication,ESTRADIOL VALERATE,DB13956,Estradiol valerate,dementia,dementia (disease),1627,MONDO,validated,previous_mapping
CHEMBL1531,MONDO:0001627,contraindication,ETONOGESTREL,DB00294,Etonogestrel,dementia,dementia (disease),1627,MONDO,validated,previous_mapping
CHEMBL1533,MONDO:0001627,contraindication,DESOGESTREL,DB00304,Desogestrel,dementia,dementia (disease),1627,MONDO,validated,previous_mapping
CHEMBL386630,MONDO:0001627,contraindication,TESTOSTERONE,DB00624,Testosterone,dementia,dementia (disease),1627,MONDO,validated,previous_mapping
CHEMBL411,MONDO:0001627,contraindication,DIETHYLSTILBESTROL,DB00255,Diethylstilbestrol,dementia,dementia (disease),1627,MONDO,validated,previous_mapping
CHEMBL451,MONDO:0001627,contraindication,CHLORDIAZEPOXIDE,DB00475,Chlordiazepoxide,dementia,dementia (disease),1627,MONDO,validated,previous_mapping
CHEMBL668,MONDO:0001627,contraindication,PROTRIPTYLINE,DB00344,Protriptyline,dementia,dementia (disease),1627,MONDO,validated,previous_mapping
CHEMBL691,MONDO:0001627,contraindication,ETHINYL ESTRADIOL,DB00977,Ethinylestradiol,dementia,dementia (disease),1627,MONDO,validated,synonym_match
CHEMBL717,MONDO:0001627,contraindication,MEDROXYPROGESTERONE ACETATE,DB00603,Medroxyprogesterone acetate,dementia,dementia (disease),1627,MONDO,validated,previous_mapping
CHEMBL979,MONDO:0001627,contraindication,MEPROBAMATE,DB00371,Meprobamate,dementia,dementia (disease),1627,MONDO,validated,previous_mapping
CHEMBL2311030,MONDO:0001627,indication,Dihydroergotoxine Mesylate,DB01049,Ergoloid mesylate,dementia,dementia (disease),1627,MONDO,validated,verified_cross_reference
CHEMBL2365712,MONDO:0001627,indication,Dihydroergocornine,DB11273,Dihydroergocornine,dementia,dementia (disease),1627,MONDO,validated,verified_cross_reference
CHEMBL71752,MONDO:0001627,indication,Vinpocetine,DB12131,Vinpocetine,dementia,dementia (disease),1627,MONDO,validated,verified_cross_reference
CHEMBL100116,MONDO:0005027,contraindication,PENTAZOCINE,DB00652,Pentazocine,epilepsy,epilepsy,5027,MONDO,validated,previous_mapping
CHEMBL1002,MONDO:0005027,contraindication,LEVOSALBUTAMOL,DB13139,Levosalbutamol,epilepsy,epilepsy,5027,MONDO,validated,previous_mapping
CHEMBL1009,MONDO:0005027,contraindication,LEVODOPA,DB01235,Levodopa,epilepsy,epilepsy,5027,MONDO,validated,previous_mapping
CHEMBL103,MONDO:0005027,contraindication,PROGESTERONE,DB00396,Progesterone,epilepsy,epilepsy,5027,MONDO,validated,previous_mapping
CHEMBL1044,MONDO:0005027,contraindication,PHENYLACETIC ACID,DB09269,Phenylacetic acid,epilepsy,epilepsy,5027,MONDO,validated,previous_mapping
CHEMBL1054,MONDO:0005027,contraindication,TRICHLORMETHIAZIDE,DB01021,Trichlormethiazide,epilepsy,epilepsy,5027,MONDO,validated,previous_mapping
CHEMBL1055,MONDO:0005027,contraindication,CHLORTHALIDONE,DB00310,Chlorthalidone,epilepsy,epilepsy,5027,MONDO,validated,previous_mapping
CHEMBL1085,MONDO:0005027,contraindication,ACETOPHENAZINE,DB01063,Acetophenazine,epilepsy,epilepsy,5027,MONDO,validated,previous_mapping
CHEMBL108545,MONDO:0005027,contraindication,METHYL SALICYLATE,DB09543,Methyl salicylate,epilepsy,epilepsy,5027,MONDO,validated,previous_mapping
CHEMBL1086,MONDO:0005027,contraindication,DIBUCAINE,DB00527,Cinchocaine,epilepsy,epilepsy,5027,MONDO,validated,synonym_match
CHEMBL1088,MONDO:0005027,contraindication,MESORIDAZINE,DB00933,Mesoridazine,epilepsy,epilepsy,5027,MONDO,validated,previous_mapping
CHEMBL1089,MONDO:0005027,contraindication,PHENELZINE,DB00780,Phenelzine,epilepsy,epilepsy,5027,MONDO,validated,previous_mapping
CHEMBL1091,MONDO:0005027,contraindication,HYDROCORTISONE ACETATE,DB14539,Hydrocortisone acetate,epilepsy,epilepsy,5027,MONDO,validated,previous_mapping
CHEMBL1095777,MONDO:0005027,contraindication,INDACATEROL,DB05039,Indacaterol,epilepsy,epilepsy,5027,MONDO,validated,previous_mapping
CHEMBL1098,MONDO:0005027,contraindication,BUPIVACAINE,DB00297,Bupivacaine,epilepsy,epilepsy,5027,MONDO,validated,previous_mapping
CHEMBL11,MONDO:0005027,contraindication,IMIPRAMINE,DB00458,Imipramine,epilepsy,epilepsy,5027,MONDO,validated,previous_mapping
CHEMBL1112,MONDO:0005027,contraindication,ARIPIPRAZOLE,DB01238,Aripiprazole,epilepsy,epilepsy,5027,MONDO,validated,previous_mapping
CHEMBL1113,MONDO:0005027,contraindication,AMOXAPINE,DB00543,Amoxapine,epilepsy,epilepsy,5027,MONDO,validated,previous_mapping
CHEMBL1118,MONDO:0005027,contraindication,DESVENLAFAXINE,DB06700,Desvenlafaxine,epilepsy,epilepsy,5027,MONDO,validated,previous_mapping
CHEMBL1120,MONDO:0005027,contraindication,BISMUTH SUBSALICYLATE,DB01294,Bismuth subsalicylate,epilepsy,epilepsy,5027,MONDO,validated,previous_mapping
CHEMBL11298,MONDO:0005027,contraindication,SERINE,DB00133,Serine,epilepsy,epilepsy,5027,MONDO,validated,previous_mapping
CHEMBL113,MONDO:0005027,contraindication,CAFFEINE,DB00201,Caffeine,epilepsy,epilepsy,5027,MONDO,validated,previous_mapping
CHEMBL1141,MONDO:0005027,contraindication,POTASSIUM IODIDE,DB06715,Potassium Iodide,epilepsy,epilepsy,5027,MONDO,validated,previous_mapping
CHEMBL1149,MONDO:0005027,contraindication,LEVOCARNITINE,DB00583,Levocarnitine,epilepsy,epilepsy,5027,MONDO,validated,previous_mapping
CHEMBL1161,MONDO:0005027,contraindication,MOMETASONE FUROATE,DB14512,Mometasone furoate,epilepsy,epilepsy,5027,MONDO,validated,previous_mapping
CHEMBL1162,MONDO:0005027,contraindication,NORETHINDRONE,DB00717,Norethisterone,epilepsy,epilepsy,5027,MONDO,validated,synonym_match
CHEMBL1175,MONDO:0005027,contraindication,DULOXETINE,DB00476,Duloxetine,epilepsy,epilepsy,5027,MONDO,validated,previous_mapping
CHEMBL1193,MONDO:0005027,contraindication,PHENIRAMINE,DB01620,Pheniramine,epilepsy,epilepsy,5027,MONDO,validated,previous_mapping
CHEMBL1194,MONDO:0005027,contraindication,PRILOCAINE,DB00750,Prilocaine,epilepsy,epilepsy,5027,MONDO,validated,previous_mapping
CHEMBL119443,MONDO:0005027,contraindication,ERGONOVINE,DB01253,Ergometrine,epilepsy,epilepsy,5027,MONDO,validated,synonym_match
CHEMBL1194666,MONDO:0005027,contraindication,DIETHYLPROPION,DB00937,Diethylpropion,epilepsy,epilepsy,5027,MONDO,validated,previous_mapping
CHEMBL1197,MONDO:0005027,contraindication,HEXYLCAINE,DB00473,Hexylcaine,epilepsy,epilepsy,5027,MONDO,validated,previous_mapping
CHEMBL1200335,MONDO:0005027,contraindication,TESTOSTERONE ENANTHATE,DB13944,Testosterone enanthate,epilepsy,epilepsy,5027,MONDO,validated,previous_mapping
CHEMBL1200558,MONDO:0005027,contraindication,BACITRACIN,DB00626,Bacitracin,epilepsy,epilepsy,5027,MONDO,validated,previous_mapping
CHEMBL1200572,MONDO:0005027,contraindication,MAGNESIUM OXIDE,DB01377,Magnesium oxide,epilepsy,epilepsy,5027,MONDO,validated,previous_mapping
CHEMBL1200682,MONDO:0005027,contraindication,SODIUM OXYBATE,DB09072,Sodium oxybate,epilepsy,epilepsy,5027,MONDO,validated,previous_mapping
CHEMBL1200694,MONDO:0005027,contraindication,SEVOFLURANE,DB01236,Sevoflurane,epilepsy,epilepsy,5027,MONDO,validated,previous_mapping
CHEMBL1200731,MONDO:0005027,contraindication,POTASSIUM CHLORIDE,DB00761,Potassium chloride,epilepsy,epilepsy,5027,MONDO,validated,previous_mapping
CHEMBL1200748,MONDO:0005027,contraindication,CARBIDOPA,DB00190,Carbidopa,epilepsy,epilepsy,5027,MONDO,validated,previous_mapping
CHEMBL1200761,MONDO:0005027,contraindication,CHLOROTRIANISENE,DB00269,Chlorotrianisene,epilepsy,epilepsy,5027,MONDO,validated,previous_mapping
CHEMBL1200807,MONDO:0005027,contraindication,NORELGESTROMIN,DB06713,Norelgestromin,epilepsy,epilepsy,5027,MONDO,validated,previous_mapping
CHEMBL1200848,MONDO:0005027,contraindication,HYDROXYPROGESTERONE CAPROATE,DB06789,Hydroxyprogesterone caproate,epilepsy,epilepsy,5027,MONDO,validated,previous_mapping
CHEMBL1200851,MONDO:0005027,contraindication,HOMATROPINE METHYLBROMIDE,DB00725,Homatropine methylbromide,epilepsy,epilepsy,5027,MONDO,validated,previous_mapping
CHEMBL1200934,MONDO:0005027,contraindication,NORGESTIMATE,DB00957,Norgestimate,epilepsy,epilepsy,5027,MONDO,validated,previous_mapping
CHEMBL1200939,MONDO:0005027,contraindication,AMMONIUM CHLORIDE,DB06767,Ammonium chloride,epilepsy,epilepsy,5027,MONDO,validated,previous_mapping
CHEMBL1200973,MONDO:0005027,contraindication,ESTRADIOL CYPIONATE,DB13954,Estradiol cypionate,epilepsy,epilepsy,5027,MONDO,validated,previous_mapping
CHEMBL1201,MONDO:0005027,contraindication,THIOTHIXENE,DB01623,Thiothixene,epilepsy,epilepsy,5027,MONDO,validated,previous_mapping
CHEMBL1201039,MONDO:0005027,contraindication,BENZTHIAZIDE,DB00562,Benzthiazide,epilepsy,epilepsy,5027,MONDO,validated,previous_mapping
CHEMBL1201101,MONDO:0005027,contraindication,TESTOSTERONE CYPIONATE,DB13943,Testosterone cypionate,epilepsy,epilepsy,5027,MONDO,validated,previous_mapping
CHEMBL1201109,MONDO:0005027,contraindication,DESONIDE,DB01260,Desonide,epilepsy,epilepsy,5027,MONDO,validated,previous_mapping
CHEMBL1201112,MONDO:0005027,contraindication,NELARABINE,DB01280,Nelarabine,epilepsy,epilepsy,5027,MONDO,validated,previous_mapping
CHEMBL1201117,MONDO:0005027,contraindication,METHOCARBAMOL,DB00423,Methocarbamol,epilepsy,epilepsy,5027,MONDO,validated,previous_mapping
CHEMBL1201165,MONDO:0005027,contraindication,QUINESTROL,DB04575,Quinestrol,epilepsy,epilepsy,5027,MONDO,validated,previous_mapping
CHEMBL1201168,MONDO:0005027,contraindication,ISOCARBOXAZID,DB01247,Isocarboxazid,epilepsy,epilepsy,5027,MONDO,validated,previous_mapping
CHEMBL1201201,MONDO:0005027,contraindication,METHAMPHETAMINE,DB01577,Metamfetamine,epilepsy,epilepsy,5027,MONDO,validated,synonym_match
CHEMBL1201208,MONDO:0005027,contraindication,PHENMETRAZINE,DB00830,Phenmetrazine,epilepsy,epilepsy,5027,MONDO,validated,previous_mapping
CHEMBL1201210,MONDO:0005027,contraindication,PROPIOMAZINE,DB00777,Propiomazine,epilepsy,epilepsy,5027,MONDO,validated,previous_mapping
CHEMBL1201217,MONDO:0005027,contraindication,DYCLONINE,DB00645,Dyclonine,epilepsy,epilepsy,5027,MONDO,validated,previous_mapping
CHEMBL1201222,MONDO:0005027,contraindication,LISDEXAMFETAMINE,DB01255,Lisdexamfetamine,epilepsy,epilepsy,5027,MONDO,validated,previous_mapping
CHEMBL1201225,MONDO:0005027,contraindication,IODINE,DB05382,Iodine,epilepsy,epilepsy,5027,MONDO,validated,previous_mapping
CHEMBL1201232,MONDO:0005027,contraindication,ISOPROPAMIDE,DB01625,Isopropamide,epilepsy,epilepsy,5027,MONDO,validated,previous_mapping
CHEMBL1201245,MONDO:0005027,contraindication,BROMODIPHENHYDRAMINE,DB01237,Bromodiphenhydramine,epilepsy,epilepsy,5027,MONDO,validated,previous_mapping
CHEMBL1201284,MONDO:0005027,contraindication,CINACALCET,DB01012,Cinacalcet,epilepsy,epilepsy,5027,MONDO,validated,previous_mapping
CHEMBL1201287,MONDO:0005027,contraindication,DEXBROMPHENIRAMINE,DB00405,Dexbrompheniramine,epilepsy,epilepsy,5027,MONDO,validated,previous_mapping
CHEMBL1201341,MONDO:0005027,contraindication,ECHOTHIOPHATE,DB01057,Echothiophate,epilepsy,epilepsy,5027,MONDO,validated,previous_mapping
CHEMBL1201353,MONDO:0005027,contraindication,DEXCHLORPHENIRAMINE,DB13679,Dexchlorpheniramine,epilepsy,epilepsy,5027,MONDO,validated,previous_mapping
CHEMBL1201354,MONDO:0005027,contraindication,TRIDIHEXETHYL,DB00505,Tridihexethyl,epilepsy,epilepsy,5027,MONDO,validated,previous_mapping
CHEMBL1201356,MONDO:0005027,contraindication,METHYLERGONOVINE,DB00353,Methylergometrine,epilepsy,epilepsy,5027,MONDO,validated,synonym_match
CHEMBL1201478,MONDO:0005027,contraindication,POLYETHYLENE GLYCOL,DB09287,Polyethylene glycol,epilepsy,epilepsy,5027,MONDO,validated,previous_mapping
CHEMBL1201479,MONDO:0005027,contraindication,POLYETHYLENE GLYCOL 3350,DB11236,Polyethylene glycol 3500,epilepsy,epilepsy,5027,MONDO,validated,manual_review
CHEMBL1201724,MONDO:0005027,contraindication,POVIDONE-IODINE,DB06812,Povidone-iodine,epilepsy,epilepsy,5027,MONDO,validated,previous_mapping
CHEMBL1201864,MONDO:0005027,contraindication,DIENOGEST,DB09123,Dienogest,epilepsy,epilepsy,5027,MONDO,validated,previous_mapping
CHEMBL1213351,MONDO:0005027,contraindication,PROPOXYPHENE,DB00647,Dextropropoxyphene,epilepsy,epilepsy,5027,MONDO,validated,parent_compound
CHEMBL1215,MONDO:0005027,contraindication,PHENYLEPHRINE,DB00388,Phenylephrine,epilepsy,epilepsy,5027,MONDO,validated,previous_mapping
CHEMBL1220,MONDO:0005027,contraindication,TINIDAZOLE,DB00911,Tinidazole,epilepsy,epilepsy,5027,MONDO,validated,previous_mapping
CHEMBL1231574,MONDO:0005027,contraindication,LEVOMEFOLIC ACID,DB11256,Levomefolic acid,epilepsy,epilepsy,5027,MONDO,validated,previous_mapping
CHEMBL1233,MONDO:0005027,contraindication,CARISOPRODOL,DB00395,Carisoprodol,epilepsy,epilepsy,5027,MONDO,validated,previous_mapping
CHEMBL1237021,MONDO:0005027,contraindication,LURASIDONE,DB08815,Lurasidone,epilepsy,epilepsy,5027,MONDO,validated,previous_mapping
CHEMBL1237044,MONDO:0005027,contraindication,TRAMADOL,DB00193,Tramadol,epilepsy,epilepsy,5027,MONDO,validated,previous_mapping
CHEMBL1256786,MONDO:0005027,contraindication,FORMOTEROL,DB00983,Formoterol,epilepsy,epilepsy,5027,MONDO,validated,previous_mapping
CHEMBL1257,MONDO:0005027,contraindication,ENFLURANE,DB00228,Enflurane,epilepsy,epilepsy,5027,MONDO,validated,previous_mapping
CHEMBL126,MONDO:0005027,contraindication,LINEZOLID,DB00601,Linezolid,epilepsy,epilepsy,5027,MONDO,validated,previous_mapping
CHEMBL1263,MONDO:0005027,contraindication,SALMETEROL,DB00938,Salmeterol,epilepsy,epilepsy,5027,MONDO,validated,previous_mapping
CHEMBL127,MONDO:0005027,contraindication,MEROPENEM,DB00760,Meropenem,epilepsy,epilepsy,5027,MONDO,validated,previous_mapping
CHEMBL127516,MONDO:0005027,contraindication,BUTAMBEN,DB11148,Butamben,epilepsy,epilepsy,5027,MONDO,validated,previous_mapping
CHEMBL128,MONDO:0005027,contraindication,SUMATRIPTAN,DB00669,Sumatriptan,epilepsy,epilepsy,5027,MONDO,validated,previous_mapping
CHEMBL131,MONDO:0005027,contraindication,PREDNISOLONE,DB00860,Prednisolone,epilepsy,epilepsy,5027,MONDO,validated,previous_mapping
CHEMBL135,MONDO:0005027,contraindication,ESTRADIOL,DB00783,Estradiol,epilepsy,epilepsy,5027,MONDO,validated,verified_external_cross_reference
CHEMBL1355736,MONDO:0005027,contraindication,THEOPHYLLINE,DB00277,Theophylline,epilepsy,epilepsy,5027,MONDO,validated,previous_mapping
CHEMBL1359,MONDO:0005027,contraindication,ERTAPENEM,DB00303,Ertapenem,epilepsy,epilepsy,5027,MONDO,validated,previous_mapping
CHEMBL1368,MONDO:0005027,contraindication,"SODIUM PHOSPHATE, MONOBASIC",DB09449,"Sodium phosphate, monobasic",epilepsy,epilepsy,5027,MONDO,validated,previous_mapping
CHEMBL137,MONDO:0005027,contraindication,METRONIDAZOLE,DB00916,Metronidazole,epilepsy,epilepsy,5027,MONDO,validated,previous_mapping
CHEMBL1370,MONDO:0005027,contraindication,BUDESONIDE,DB01222,Budesonide,epilepsy,epilepsy,5027,MONDO,validated,previous_mapping
CHEMBL13766,MONDO:0005027,contraindication,GUAIACOL,DB11359,Guaiacol,epilepsy,epilepsy,5027,MONDO,validated,previous_mapping
CHEMBL1389,MONDO:0005027,contraindication,LEVONORGESTREL,DB00367,Levonorgestrel,epilepsy,epilepsy,5027,MONDO,validated,previous_mapping
CHEMBL1395,MONDO:0005027,contraindication,METHYLTESTOSTERONE,DB06710,Methyltestosterone,epilepsy,epilepsy,5027,MONDO,validated,previous_mapping
CHEMBL1405,MONDO:0005027,contraindication,ESTRONE,DB00655,Estrone,epilepsy,epilepsy,5027,MONDO,validated,previous_mapping
CHEMBL14060,MONDO:0005027,contraindication,PHENOL,DB03255,Phenol,epilepsy,epilepsy,5027,MONDO,validated,previous_mapping
CHEMBL1412,MONDO:0005027,contraindication,PIPERAZINE,DB00592,Piperazine,epilepsy,epilepsy,5027,MONDO,validated,previous_mapping
CHEMBL1419,MONDO:0005027,contraindication,SIBUTRAMINE,DB01105,Sibutramine,epilepsy,epilepsy,5027,MONDO,validated,previous_mapping
CHEMBL1423,MONDO:0005027,contraindication,PIMOZIDE,DB01100,Pimozide,epilepsy,epilepsy,5027,MONDO,validated,previous_mapping
CHEMBL14376,MONDO:0005027,contraindication,ILOPERIDONE,DB04946,Iloperidone,epilepsy,epilepsy,5027,MONDO,validated,previous_mapping
CHEMBL1440,MONDO:0005027,contraindication,TETRACYCLINE,DB00759,Tetracycline,epilepsy,epilepsy,5027,MONDO,validated,previous_mapping
CHEMBL1445,MONDO:0005027,contraindication,FLUOXYMESTERONE,DB01185,Fluoxymesterone,epilepsy,epilepsy,5027,MONDO,validated,previous_mapping
CHEMBL1451,MONDO:0005027,contraindication,TRIAMCINOLONE,DB00620,Triamcinolone,epilepsy,epilepsy,5027,MONDO,validated,previous_mapping
CHEMBL1457,MONDO:0005027,contraindication,HYDROCODONE,DB00956,Hydrocodone,epilepsy,epilepsy,5027,MONDO,validated,previous_mapping
CHEMBL1473,MONDO:0005027,contraindication,FLUTICASONE PROPIONATE,DB00588,Fluticasone propionate,epilepsy,epilepsy,5027,MONDO,validated,previous_mapping
CHEMBL1479,MONDO:0005027,contraindication,DANAZOL,DB01406,Danazol,epilepsy,epilepsy,5027,MONDO,validated,previous_mapping
CHEMBL1482,MONDO:0005027,contraindication,BETHANECHOL,DB01019,Bethanechol,epilepsy,epilepsy,5027,MONDO,validated,previous_mapping
CHEMBL1508,MONDO:0005027,contraindication,ESCITALOPRAM,DB01175,Escitalopram,epilepsy,epilepsy,5027,MONDO,validated,previous_mapping
CHEMBL1509,MONDO:0005027,contraindication,DROSPIRENONE,DB01395,Drospirenone,epilepsy,epilepsy,5027,MONDO,validated,previous_mapping
CHEMBL1511,MONDO:0005027,contraindication,ESTRADIOL VALERATE,DB13956,Estradiol valerate,epilepsy,epilepsy,5027,MONDO,validated,previous_mapping
CHEMBL1531,MONDO:0005027,contraindication,ETONOGESTREL,DB00294,Etonogestrel,epilepsy,epilepsy,5027,MONDO,validated,previous_mapping
CHEMBL1532,MONDO:0005027,contraindication,QUINETHAZONE,DB01325,Quinethazone,epilepsy,epilepsy,5027,MONDO,validated,previous_mapping
CHEMBL1533,MONDO:0005027,contraindication,DESOGESTREL,DB00304,Desogestrel,epilepsy,epilepsy,5027,MONDO,validated,previous_mapping
CHEMBL1534,MONDO:0005027,contraindication,RIBOFLAVIN,DB00140,Riboflavin,epilepsy,epilepsy,5027,MONDO,validated,previous_mapping
CHEMBL1538,MONDO:0005027,contraindication,TENOFOVIR DISOPROXIL,DB00300,Tenofovir disoproxil,epilepsy,epilepsy,5027,MONDO,validated,previous_mapping
CHEMBL1539,MONDO:0005027,contraindication,SULFADOXINE,DB01299,Sulfadoxine,epilepsy,epilepsy,5027,MONDO,validated,previous_mapping
CHEMBL154,MONDO:0005027,contraindication,NAPROXEN,DB00788,Naproxen,epilepsy,epilepsy,5027,MONDO,validated,previous_mapping
CHEMBL1575,MONDO:0005027,contraindication,ESTRAMUSTINE,DB01196,Estramustine,epilepsy,epilepsy,5027,MONDO,validated,previous_mapping
CHEMBL1577,MONDO:0005027,contraindication,METHYCLOTHIAZIDE,DB00232,Methyclothiazide,epilepsy,epilepsy,5027,MONDO,validated,previous_mapping
CHEMBL1587,MONDO:0005027,contraindication,POLYTHIAZIDE,DB01324,Polythiazide,epilepsy,epilepsy,5027,MONDO,validated,previous_mapping
CHEMBL15891,MONDO:0005027,contraindication,LINDANE,DB00431,Lindane,epilepsy,epilepsy,5027,MONDO,validated,previous_mapping
CHEMBL1590,MONDO:0005027,contraindication,PSEUDOEPHEDRINE,DB00852,Pseudoephedrine,epilepsy,epilepsy,5027,MONDO,validated,previous_mapping
CHEMBL1595,MONDO:0005027,contraindication,DIHYDROCODEINE,DB01551,Dihydrocodeine,epilepsy,epilepsy,5027,MONDO,validated,previous_mapping
CHEMBL160,MONDO:0005027,contraindication,CYCLOSPORINE,DB00091,Cyclosporine,epilepsy,epilepsy,5027,MONDO,validated,previous_mapping
CHEMBL16073,MONDO:0005027,contraindication,PHENACETIN,DB03783,Phenacetin,epilepsy,epilepsy,5027,MONDO,validated,previous_mapping
CHEMBL1618018,MONDO:0005027,contraindication,HOMATROPINE,DB11181,Homatropine,epilepsy,epilepsy,5027,MONDO,validated,previous_mapping
CHEMBL1621,MONDO:0005027,contraindication,PALIPERIDONE,DB01267,Paliperidone,epilepsy,epilepsy,5027,MONDO,validated,previous_mapping
CHEMBL1621597,MONDO:0005027,contraindication,IPRATROPIUM,DB00332,Ipratropium,epilepsy,epilepsy,5027,MONDO,validated,previous_mapping
CHEMBL1623765,MONDO:0005027,contraindication,ALPHAPRODINE,DB13160,Alphaprodine,epilepsy,epilepsy,5027,MONDO,validated,previous_mapping
CHEMBL1628227,MONDO:0005027,contraindication,DOXEPIN,DB01142,Doxepin,epilepsy,epilepsy,5027,MONDO,validated,previous_mapping
CHEMBL1650,MONDO:0005027,contraindication,CORTISONE ACETATE,DB01380,Cortisone acetate,epilepsy,epilepsy,5027,MONDO,validated,previous_mapping
CHEMBL1697733,MONDO:0005027,contraindication,ACETYLCARNITINE,DB08842,Acetylcarnitine,epilepsy,epilepsy,5027,MONDO,validated,previous_mapping
CHEMBL1697766,MONDO:0005027,contraindication,PERAZINE,DB12710,Perazine,epilepsy,epilepsy,5027,MONDO,validated,previous_mapping
CHEMBL1697841,MONDO:0005027,contraindication,ISOMETHEPTENE,DB06706,Isometheptene,epilepsy,epilepsy,5027,MONDO,validated,previous_mapping
CHEMBL170797,MONDO:0005027,contraindication,ETHOHEPTAZINE,DB08988,Ethoheptazine,epilepsy,epilepsy,5027,MONDO,validated,previous_mapping
CHEMBL1729,MONDO:0005027,contraindication,CISAPRIDE,DB00604,Cisapride,epilepsy,epilepsy,5027,MONDO,validated,previous_mapping
CHEMBL1754,MONDO:0005027,contraindication,DOXAPRAM,DB00561,Doxapram,epilepsy,epilepsy,5027,MONDO,validated,previous_mapping
CHEMBL1760,MONDO:0005027,contraindication,TERBUTALINE,DB00871,Terbutaline,epilepsy,epilepsy,5027,MONDO,validated,previous_mapping
CHEMBL1763,MONDO:0005027,contraindication,HYDROFLUMETHIAZIDE,DB00774,Hydroflumethiazide,epilepsy,epilepsy,5027,MONDO,validated,previous_mapping
CHEMBL1764,MONDO:0005027,contraindication,LEVOMEPROMAZINE,DB01403,Methotrimeprazine,epilepsy,epilepsy,5027,MONDO,validated,synonym_match
CHEMBL178,MONDO:0005027,contraindication,DAUNORUBICIN,DB00694,Daunorubicin,epilepsy,epilepsy,5027,MONDO,validated,previous_mapping
CHEMBL186,MONDO:0005027,contraindication,CEFEPIME,DB01413,Cefepime,epilepsy,epilepsy,5027,MONDO,validated,previous_mapping
CHEMBL186720,MONDO:0005027,contraindication,PHENYLTOLOXAMINE,DB11160,Phenyltoloxamine,epilepsy,epilepsy,5027,MONDO,validated,previous_mapping
CHEMBL19019,MONDO:0005027,contraindication,NALTREXONE,DB00704,Naltrexone,epilepsy,epilepsy,5027,MONDO,validated,previous_mapping
CHEMBL196,MONDO:0005027,contraindication,ASCORBIC ACID,DB00126,Ascorbic acid,epilepsy,epilepsy,5027,MONDO,validated,previous_mapping
CHEMBL2106119,MONDO:0005027,contraindication,CALCIUM GLUCONATE,DB11126,Calcium gluconate,epilepsy,epilepsy,5027,MONDO,validated,previous_mapping
CHEMBL2106989,MONDO:0005027,contraindication,RACEMENTHOL,DB14123,Racementhol,epilepsy,epilepsy,5027,MONDO,validated,previous_mapping
CHEMBL2108139,MONDO:0005027,contraindication,POVIDONE,DB11061 | DB14478,Povidone | Povidone K30,epilepsy,epilepsy,5027,MONDO,validated,preferred_name_match | previous_mapping
CHEMBL2111164,MONDO:0005027,contraindication,TROLNITRATE,DB13719,Trolnitrate,epilepsy,epilepsy,5027,MONDO,validated,previous_mapping
CHEMBL211456,MONDO:0005027,contraindication,EPHEDRINE,DB01364,Ephedrine,epilepsy,epilepsy,5027,MONDO,validated,previous_mapping
CHEMBL21731,MONDO:0005027,contraindication,MAPROTILINE,DB00934,Maprotiline,epilepsy,epilepsy,5027,MONDO,validated,previous_mapping
CHEMBL22150,MONDO:0005027,contraindication,CHLORCYCLIZINE,DB08936,Chlorcyclizine,epilepsy,epilepsy,5027,MONDO,validated,previous_mapping
CHEMBL222813,MONDO:0005027,contraindication,ZANAMIVIR,DB00558,Zanamivir,epilepsy,epilepsy,5027,MONDO,validated,previous_mapping
CHEMBL223228,MONDO:0005027,contraindication,EFAVIRENZ,DB00625,Efavirenz,epilepsy,epilepsy,5027,MONDO,validated,previous_mapping
CHEMBL24147,MONDO:0005027,contraindication,RESORCINOL,DB11085,Resorcinol,epilepsy,epilepsy,5027,MONDO,validated,previous_mapping
CHEMBL259209,MONDO:0005027,contraindication,MILNACIPRAN,DB04896,Milnacipran,epilepsy,epilepsy,5027,MONDO,validated,previous_mapping
CHEMBL27577,MONDO:0005027,contraindication,SALICYLAMIDE,DB08797,Salicylamide,epilepsy,epilepsy,5027,MONDO,validated,previous_mapping
CHEMBL276832,MONDO:0005027,contraindication,HYDRALAZINE,DB01275,Hydralazine,epilepsy,epilepsy,5027,MONDO,validated,previous_mapping
CHEMBL278020,MONDO:0005027,contraindication,NEOSTIGMINE,DB01400,Neostigmine,epilepsy,epilepsy,5027,MONDO,validated,previous_mapping
CHEMBL278172,MONDO:0005027,contraindication,BENZOCAINE,DB01086,Benzocaine,epilepsy,epilepsy,5027,MONDO,validated,previous_mapping
CHEMBL284348,MONDO:0005027,contraindication,DALFAMPRIDINE,DB06637,Dalfampridine,epilepsy,epilepsy,5027,MONDO,validated,previous_mapping
CHEMBL294199,MONDO:0005027,contraindication,CAPSAICIN,DB06774,Capsaicin,epilepsy,epilepsy,5027,MONDO,validated,previous_mapping
CHEMBL3187365,MONDO:0005027,contraindication,ASENAPINE,DB06216,Asenapine,epilepsy,epilepsy,5027,MONDO,validated,previous_mapping
CHEMBL32,MONDO:0005027,contraindication,MOXIFLOXACIN,DB00218,Moxifloxacin,epilepsy,epilepsy,5027,MONDO,validated,previous_mapping
CHEMBL36,MONDO:0005027,contraindication,PYRIMETHAMINE,DB00205,Pyrimethamine,epilepsy,epilepsy,5027,MONDO,validated,previous_mapping
CHEMBL364713,MONDO:0005027,contraindication,NOSCAPINE,DB06174,Noscapine,epilepsy,epilepsy,5027,MONDO,validated,previous_mapping
CHEMBL370805,MONDO:0005027,contraindication,COCAINE,DB00907,Cocaine,epilepsy,epilepsy,5027,MONDO,validated,previous_mapping
CHEMBL384467,MONDO:0005027,contraindication,DEXAMETHASONE,DB01234,Dexamethasone,epilepsy,epilepsy,5027,MONDO,validated,previous_mapping
CHEMBL386630,MONDO:0005027,contraindication,TESTOSTERONE,DB00624,Testosterone,epilepsy,epilepsy,5027,MONDO,validated,previous_mapping
CHEMBL389621,MONDO:0005027,contraindication,HYDROCORTISONE,DB00741,Hydrocortisone,epilepsy,epilepsy,5027,MONDO,validated,previous_mapping
CHEMBL398707,MONDO:0005027,contraindication,HYDROMORPHONE,DB00327,Hydromorphone,epilepsy,epilepsy,5027,MONDO,validated,previous_mapping
CHEMBL3989695,MONDO:0005027,contraindication,REGADENOSON,DB06213,Regadenoson,epilepsy,epilepsy,5027,MONDO,validated,previous_mapping
CHEMBL3989702,MONDO:0005027,contraindication,TENOFOVIR,DB14126,Tenofovir,epilepsy,epilepsy,5027,MONDO,validated,previous_mapping
CHEMBL3989810,MONDO:0005027,contraindication,MAGNESIUM SALICYLATE,DB01397,Magnesium salicylate,epilepsy,epilepsy,5027,MONDO,validated,exact_preferred_name
CHEMBL3989843,MONDO:0005027,contraindication,TRANYLCYPROMINE,DB00752,Tranylcypromine,epilepsy,epilepsy,5027,MONDO,validated,previous_mapping
CHEMBL3989856,MONDO:0005027,contraindication,SODIUM SULFATE,DB09472,Sodium sulfate,epilepsy,epilepsy,5027,MONDO,validated,previous_mapping
CHEMBL3989887,MONDO:0005027,contraindication,TACROLIMUS,DB00864,Tacrolimus,epilepsy,epilepsy,5027,MONDO,validated,previous_mapping
CHEMBL4,MONDO:0005027,contraindication,OFLOXACIN,DB01165,Ofloxacin,epilepsy,epilepsy,5027,MONDO,validated,previous_mapping
CHEMBL405,MONDO:0005027,contraindication,AMPHETAMINE,DB00182,Amphetamine,epilepsy,epilepsy,5027,MONDO,validated,previous_mapping
CHEMBL407,MONDO:0005027,contraindication,FLUMAZENIL,DB01205,Flumazenil,epilepsy,epilepsy,5027,MONDO,validated,previous_mapping
CHEMBL41,MONDO:0005027,contraindication,FLUOXETINE,DB00472,Fluoxetine,epilepsy,epilepsy,5027,MONDO,validated,previous_mapping
CHEMBL411,MONDO:0005027,contraindication,DIETHYLSTILBESTROL,DB00255,Diethylstilbestrol,epilepsy,epilepsy,5027,MONDO,validated,previous_mapping
CHEMBL415,MONDO:0005027,contraindication,CLOMIPRAMINE,DB01242,Clomipramine,epilepsy,epilepsy,5027,MONDO,validated,previous_mapping
CHEMBL416956,MONDO:0005027,contraindication,MEFLOQUINE,DB00358,Mefloquine,epilepsy,epilepsy,5027,MONDO,validated,previous_mapping
CHEMBL42,MONDO:0005027,contraindication,CLOZAPINE,DB00363,Clozapine,epilepsy,epilepsy,5027,MONDO,validated,previous_mapping
CHEMBL422,MONDO:0005027,contraindication,TRIFLUOPERAZINE,DB00831,Trifluoperazine,epilepsy,epilepsy,5027,MONDO,validated,previous_mapping
CHEMBL430,MONDO:0005027,contraindication,GEMIFLOXACIN,DB01155,Gemifloxacin,epilepsy,epilepsy,5027,MONDO,validated,previous_mapping
CHEMBL435,MONDO:0005027,contraindication,HYDROCHLOROTHIAZIDE,DB00999,Hydrochlorothiazide,epilepsy,epilepsy,5027,MONDO,validated,previous_mapping
CHEMBL43708,MONDO:0005027,contraindication,IMIPENEM,DB01598,Imipenem,epilepsy,epilepsy,5027,MONDO,validated,previous_mapping
CHEMBL439849,MONDO:0005027,contraindication,VILAZODONE,DB06684,Vilazodone,epilepsy,epilepsy,5027,MONDO,validated,previous_mapping
CHEMBL442,MONDO:0005027,contraindication,ERGOTAMINE,DB00696,Ergotamine,epilepsy,epilepsy,5027,MONDO,validated,previous_mapping
CHEMBL445,MONDO:0005027,contraindication,NORTRIPTYLINE,DB00540,Nortriptyline,epilepsy,epilepsy,5027,MONDO,validated,previous_mapping
CHEMBL449,MONDO:0005027,contraindication,BUTABARBITAL,DB00237,Butabarbital,epilepsy,epilepsy,5027,MONDO,validated,previous_mapping
CHEMBL451,MONDO:0005027,contraindication,CHLORDIAZEPOXIDE,DB00475,Chlordiazepoxide,epilepsy,epilepsy,5027,MONDO,validated,previous_mapping
CHEMBL454,MONDO:0005027,contraindication,BUTALBITAL,DB00241,Butalbital,epilepsy,epilepsy,5027,MONDO,validated,previous_mapping
CHEMBL46,MONDO:0005027,contraindication,ONDANSETRON,DB00904,Ondansetron,epilepsy,epilepsy,5027,MONDO,validated,previous_mapping
CHEMBL460,MONDO:0005027,contraindication,MOLINDONE,DB01618,Molindone,epilepsy,epilepsy,5027,MONDO,validated,previous_mapping
CHEMBL465,MONDO:0005027,contraindication,DRONABINOL,DB00470,Dronabinol,epilepsy,epilepsy,5027,MONDO,validated,previous_mapping
CHEMBL466659,MONDO:0005027,contraindication,PENTAERYTHRITOL TETRANITRATE,DB13526,Pentaerithrityl,epilepsy,epilepsy,5027,MONDO,validated,previous_mapping
CHEMBL468,MONDO:0005027,contraindication,THALIDOMIDE,DB01041,Thalidomide,epilepsy,epilepsy,5027,MONDO,validated,previous_mapping
CHEMBL479,MONDO:0005027,contraindication,THIORIDAZINE,DB00679,Thioridazine,epilepsy,epilepsy,5027,MONDO,validated,previous_mapping
CHEMBL485,MONDO:0005027,contraindication,CODEINE,DB00318,Codeine,epilepsy,epilepsy,5027,MONDO,validated,previous_mapping
CHEMBL490,MONDO:0005027,contraindication,PAROXETINE,DB00715,Paroxetine,epilepsy,epilepsy,5027,MONDO,validated,previous_mapping
CHEMBL5,MONDO:0005027,contraindication,NALIDIXIC ACID,DB00779,Nalidixic acid,epilepsy,epilepsy,5027,MONDO,validated,previous_mapping
CHEMBL502,MONDO:0005027,contraindication,DONEPEZIL,DB00843,Donepezil,epilepsy,epilepsy,5027,MONDO,validated,previous_mapping
CHEMBL505,MONDO:0005027,contraindication,CHLORPHENIRAMINE,DB01114,Chlorpheniramine,epilepsy,epilepsy,5027,MONDO,validated,previous_mapping
CHEMBL511,MONDO:0005027,contraindication,PYRILAMINE,DB06691,Mepyramine,epilepsy,epilepsy,5027,MONDO,validated,synonym_match
CHEMBL513,MONDO:0005027,contraindication,CARMUSTINE,DB00262,Carmustine,epilepsy,epilepsy,5027,MONDO,validated,previous_mapping
CHEMBL515,MONDO:0005027,contraindication,CHLORAMBUCIL,DB00291,Chlorambucil,epilepsy,epilepsy,5027,MONDO,validated,previous_mapping
CHEMBL521,MONDO:0005027,contraindication,IBUPROFEN,DB01050,Ibuprofen,epilepsy,epilepsy,5027,MONDO,validated,previous_mapping
CHEMBL52440,MONDO:0005027,contraindication,DEXTROMETHORPHAN,DB00514,Dextromethorphan,epilepsy,epilepsy,5027,MONDO,validated,previous_mapping
CHEMBL526,MONDO:0005027,contraindication,PROPOFOL,DB00818,Propofol,epilepsy,epilepsy,5027,MONDO,validated,previous_mapping
CHEMBL5315124,MONDO:0005027,contraindication,LEVOFLOXACIN,DB01137,Levofloxacin,epilepsy,epilepsy,5027,MONDO,validated,previous_mapping
CHEMBL535,MONDO:0005027,contraindication,SUNITINIB,DB01268,Sunitinib,epilepsy,epilepsy,5027,MONDO,validated,previous_mapping
CHEMBL54,MONDO:0005027,contraindication,HALOPERIDOL,DB00502,Haloperidol,epilepsy,epilepsy,5027,MONDO,validated,previous_mapping
CHEMBL548,MONDO:0005027,contraindication,DINOPROSTONE,DB00917,Dinoprostone,epilepsy,epilepsy,5027,MONDO,validated,previous_mapping
CHEMBL549,MONDO:0005027,contraindication,CITALOPRAM,DB00215,Citalopram,epilepsy,epilepsy,5027,MONDO,validated,previous_mapping
CHEMBL558,MONDO:0005027,contraindication,MEXILETINE,DB00379,Mexiletine,epilepsy,epilepsy,5027,MONDO,validated,previous_mapping
CHEMBL564,MONDO:0005027,contraindication,PROMAZINE,DB00420,Promazine,epilepsy,epilepsy,5027,MONDO,validated,previous_mapping
CHEMBL567,MONDO:0005027,contraindication,PERPHENAZINE,DB00850,Perphenazine,epilepsy,epilepsy,5027,MONDO,validated,previous_mapping
CHEMBL569713,MONDO:0005027,contraindication,SCOPOLAMINE,DB00747,Scopolamine,epilepsy,epilepsy,5027,MONDO,validated,previous_mapping
CHEMBL570,MONDO:0005027,contraindication,TRIFLUPROMAZINE,DB00508,Triflupromazine,epilepsy,epilepsy,5027,MONDO,validated,previous_mapping
CHEMBL58,MONDO:0005027,contraindication,MITOXANTRONE,DB01204,Mitoxantrone,epilepsy,epilepsy,5027,MONDO,validated,previous_mapping
CHEMBL592,MONDO:0005027,contraindication,LEVORPHANOL,DB00854,Levorphanol,epilepsy,epilepsy,5027,MONDO,validated,previous_mapping
CHEMBL6,MONDO:0005027,contraindication,INDOMETHACIN,DB00328,Indomethacin,epilepsy,epilepsy,5027,MONDO,validated,previous_mapping
CHEMBL602,MONDO:0005027,contraindication,CYSTEAMINE,DB00847,Cysteamine,epilepsy,epilepsy,5027,MONDO,validated,previous_mapping
CHEMBL607,MONDO:0005027,contraindication,MEPERIDINE,DB00454,Meperidine,epilepsy,epilepsy,5027,MONDO,validated,previous_mapping
CHEMBL61006,MONDO:0005027,contraindication,PHENYLPROPANOLAMINE,DB00397,Phenylpropanolamine,epilepsy,epilepsy,5027,MONDO,validated,previous_mapping
CHEMBL612,MONDO:0005027,contraindication,DEXTROAMPHETAMINE,DB01576,Dextroamphetamine,epilepsy,epilepsy,5027,MONDO,validated,previous_mapping
CHEMBL623,MONDO:0005027,contraindication,NEFAZODONE,DB01149,Nefazodone,epilepsy,epilepsy,5027,MONDO,validated,previous_mapping
CHEMBL629,MONDO:0005027,contraindication,AMITRIPTYLINE,DB00321,Amitriptyline,epilepsy,epilepsy,5027,MONDO,validated,previous_mapping
CHEMBL632,MONDO:0005027,contraindication,BETAMETHASONE,DB00443,Betamethasone,epilepsy,epilepsy,5027,MONDO,validated,previous_mapping
CHEMBL635,MONDO:0005027,contraindication,PREDNISONE,DB00635,Prednisone,epilepsy,epilepsy,5027,MONDO,validated,previous_mapping
CHEMBL636,MONDO:0005027,contraindication,RIVASTIGMINE,DB00989,Rivastigmine,epilepsy,epilepsy,5027,MONDO,validated,previous_mapping
CHEMBL637,MONDO:0005027,contraindication,VENLAFAXINE,DB00285,Venlafaxine,epilepsy,epilepsy,5027,MONDO,validated,previous_mapping
CHEMBL641,MONDO:0005027,contraindication,ATOMOXETINE,DB00289,Atomoxetine,epilepsy,epilepsy,5027,MONDO,validated,previous_mapping
CHEMBL644,MONDO:0005027,contraindication,TRIMIPRAMINE,DB00726,Trimipramine,epilepsy,epilepsy,5027,MONDO,validated,previous_mapping
CHEMBL648,MONDO:0005027,contraindication,CYCLIZINE,DB01176,Cyclizine,epilepsy,epilepsy,5027,MONDO,validated,previous_mapping
CHEMBL650,MONDO:0005027,contraindication,METHYLPREDNISOLONE,DB00959,Methylprednisolone,epilepsy,epilepsy,5027,MONDO,validated,previous_mapping
CHEMBL651,MONDO:0005027,contraindication,METHADONE,DB00333,Methadone,epilepsy,epilepsy,5027,MONDO,validated,previous_mapping
CHEMBL654,MONDO:0005027,contraindication,MIRTAZAPINE,DB00370,Mirtazapine,epilepsy,epilepsy,5027,MONDO,validated,previous_mapping
CHEMBL656,MONDO:0005027,contraindication,OXYCODONE,DB00497,Oxycodone,epilepsy,epilepsy,5027,MONDO,validated,previous_mapping
CHEMBL659,MONDO:0005027,contraindication,GALANTAMINE,DB00674,Galantamine,epilepsy,epilepsy,5027,MONDO,validated,previous_mapping
CHEMBL660,MONDO:0005027,contraindication,AMANTADINE,DB00915,Amantadine,epilepsy,epilepsy,5027,MONDO,validated,previous_mapping
CHEMBL666,MONDO:0005027,contraindication,FOSCARNET,DB00529,Foscarnet,epilepsy,epilepsy,5027,MONDO,validated,previous_mapping
CHEMBL668,MONDO:0005027,contraindication,PROTRIPTYLINE,DB00344,Protriptyline,epilepsy,epilepsy,5027,MONDO,validated,previous_mapping
CHEMBL679,MONDO:0005027,contraindication,EPINEPHRINE,DB00668,Epinephrine,epilepsy,epilepsy,5027,MONDO,validated,previous_mapping
CHEMBL691,MONDO:0005027,contraindication,ETHINYL ESTRADIOL,DB00977,Ethinylestradiol,epilepsy,epilepsy,5027,MONDO,validated,synonym_match
CHEMBL698,MONDO:0005027,contraindication,TETRACAINE,DB09085,Tetracaine,epilepsy,epilepsy,5027,MONDO,validated,previous_mapping
CHEMBL70,MONDO:0005027,contraindication,MORPHINE,DB00295,Morphine,epilepsy,epilepsy,5027,MONDO,validated,previous_mapping
CHEMBL701,MONDO:0005027,contraindication,BACLOFEN,DB00181,Baclofen,epilepsy,epilepsy,5027,MONDO,validated,previous_mapping
CHEMBL708,MONDO:0005027,contraindication,ZIPRASIDONE,DB00246,Ziprasidone,epilepsy,epilepsy,5027,MONDO,validated,previous_mapping
CHEMBL71,MONDO:0005027,contraindication,CHLORPROMAZINE,DB00477,Chlorpromazine,epilepsy,epilepsy,5027,MONDO,validated,previous_mapping
CHEMBL714,MONDO:0005027,contraindication,ALBUTEROL,DB01001,Salbutamol,epilepsy,epilepsy,5027,MONDO,validated,synonym_match
CHEMBL715,MONDO:0005027,contraindication,OLANZAPINE,DB00334,Olanzapine,epilepsy,epilepsy,5027,MONDO,validated,previous_mapping
CHEMBL716,MONDO:0005027,contraindication,QUETIAPINE,DB01224,Quetiapine,epilepsy,epilepsy,5027,MONDO,validated,previous_mapping
CHEMBL717,MONDO:0005027,contraindication,MEDROXYPROGESTERONE ACETATE,DB00603,Medroxyprogesterone acetate,epilepsy,epilepsy,5027,MONDO,validated,previous_mapping
CHEMBL72,MONDO:0005027,contraindication,DESIPRAMINE,DB01151,Desipramine,epilepsy,epilepsy,5027,MONDO,validated,previous_mapping
CHEMBL726,MONDO:0005027,contraindication,FLUPHENAZINE,DB00623,Fluphenazine,epilepsy,epilepsy,5027,MONDO,validated,previous_mapping
CHEMBL728,MONDO:0005027,contraindication,PROCHLORPERAZINE,DB00433,Prochlorperazine,epilepsy,epilepsy,5027,MONDO,validated,previous_mapping
CHEMBL7413,MONDO:0005027,contraindication,METHOHEXITAL,DB00474,Methohexital,epilepsy,epilepsy,5027,MONDO,validated,previous_mapping
CHEMBL76,MONDO:0005027,contraindication,CHLOROQUINE,DB00608,Chloroquine,epilepsy,epilepsy,5027,MONDO,validated,previous_mapping
CHEMBL766,MONDO:0005027,contraindication,CILASTATIN,DB01597,Cilastatin,epilepsy,epilepsy,5027,MONDO,validated,previous_mapping
CHEMBL771,MONDO:0005027,contraindication,CYCLOSERINE,DB00260,Cycloserine,epilepsy,epilepsy,5027,MONDO,validated,previous_mapping
CHEMBL772,MONDO:0005027,contraindication,RESERPINE,DB00206,Reserpine,epilepsy,epilepsy,5027,MONDO,validated,previous_mapping
CHEMBL776,MONDO:0005027,contraindication,METAPROTERENOL,DB00816,Orciprenaline,epilepsy,epilepsy,5027,MONDO,validated,synonym_match
CHEMBL779,MONDO:0005027,contraindication,TADALAFIL,DB00820,Tadalafil,epilepsy,epilepsy,5027,MONDO,validated,previous_mapping
CHEMBL79,MONDO:0005027,contraindication,LIDOCAINE,DB00281,Lidocaine,epilepsy,epilepsy,5027,MONDO,validated,previous_mapping
CHEMBL796,MONDO:0005027,contraindication,METHYLPHENIDATE,DB00422,Methylphenidate,epilepsy,epilepsy,5027,MONDO,validated,previous_mapping
CHEMBL8,MONDO:0005027,contraindication,CIPROFLOXACIN,DB00537,Ciprofloxacin,epilepsy,epilepsy,5027,MONDO,validated,previous_mapping
CHEMBL80,MONDO:0005027,contraindication,NALOXONE,DB01183,Naloxone,epilepsy,epilepsy,5027,MONDO,validated,previous_mapping
CHEMBL809,MONDO:0005027,contraindication,SERTRALINE,DB01104,Sertraline,epilepsy,epilepsy,5027,MONDO,validated,previous_mapping
CHEMBL811,MONDO:0005027,contraindication,BROMPHENIRAMINE,DB00835,Brompheniramine,epilepsy,epilepsy,5027,MONDO,validated,previous_mapping
CHEMBL814,MONDO:0005027,contraindication,FLUVOXAMINE,DB00176,Fluvoxamine,epilepsy,epilepsy,5027,MONDO,validated,previous_mapping
CHEMBL815,MONDO:0005027,contraindication,DINOPROST,DB12789,Dinoprost,epilepsy,epilepsy,5027,MONDO,validated,previous_mapping
CHEMBL820,MONDO:0005027,contraindication,BUSULFAN,DB01008,Busulfan,epilepsy,epilepsy,5027,MONDO,validated,previous_mapping
CHEMBL827,MONDO:0005027,contraindication,DEXMETHYLPHENIDATE,DB06701,Dexmethylphenidate,epilepsy,epilepsy,5027,MONDO,validated,previous_mapping
CHEMBL829,MONDO:0005027,contraindication,METHYLPROMAZINE,DB01246,Alimemazine,epilepsy,epilepsy,5027,MONDO,validated,synonym_match
CHEMBL831,MONDO:0005027,contraindication,LOXAPINE,DB00408,Loxapine,epilepsy,epilepsy,5027,MONDO,validated,previous_mapping
CHEMBL842,MONDO:0005027,contraindication,CHLOROTHIAZIDE,DB00880,Chlorothiazide,epilepsy,epilepsy,5027,MONDO,validated,previous_mapping
CHEMBL849,MONDO:0005027,contraindication,TRICLOSAN,DB08604,Triclosan,epilepsy,epilepsy,5027,MONDO,validated,previous_mapping
CHEMBL85,MONDO:0005027,contraindication,RISPERIDONE,DB00734,Risperidone,epilepsy,epilepsy,5027,MONDO,validated,previous_mapping
CHEMBL855,MONDO:0005027,contraindication,TRIPROLIDINE,DB00427,Triprolidine,epilepsy,epilepsy,5027,MONDO,validated,previous_mapping
CHEMBL858,MONDO:0005027,contraindication,EDETIC ACID,DB00974,Edetic acid,epilepsy,epilepsy,5027,MONDO,validated,previous_mapping
CHEMBL86,MONDO:0005027,contraindication,METOCLOPRAMIDE,DB01233,Metoclopramide,epilepsy,epilepsy,5027,MONDO,validated,previous_mapping
CHEMBL864,MONDO:0005027,contraindication,CARBINOXAMINE,DB00748,Carbinoxamine,epilepsy,epilepsy,5027,MONDO,validated,previous_mapping
CHEMBL885,MONDO:0005027,contraindication,EMTRICITABINE,DB00879,Emtricitabine,epilepsy,epilepsy,5027,MONDO,validated,previous_mapping
CHEMBL887,MONDO:0005027,contraindication,RASAGILINE,DB01367,Rasagiline,epilepsy,epilepsy,5027,MONDO,validated,previous_mapping
CHEMBL894,MONDO:0005027,contraindication,BUPROPION,DB01156,Bupropion,epilepsy,epilepsy,5027,MONDO,validated,previous_mapping
CHEMBL895,MONDO:0005027,contraindication,NALBUPHINE,DB00844,Nalbuphine,epilepsy,epilepsy,5027,MONDO,validated,previous_mapping
CHEMBL896,MONDO:0005027,contraindication,HYDROXYZINE,DB00557,Hydroxyzine,epilepsy,epilepsy,5027,MONDO,validated,previous_mapping
CHEMBL9,MONDO:0005027,contraindication,NORFLOXACIN,DB01059,Norfloxacin,epilepsy,epilepsy,5027,MONDO,validated,previous_mapping
CHEMBL900,MONDO:0005027,contraindication,ORPHENADRINE,DB01173,Orphenadrine,epilepsy,epilepsy,5027,MONDO,validated,previous_mapping
CHEMBL908,MONDO:0005027,contraindication,CHLORPROTHIXENE,DB01239,Chlorprothixene,epilepsy,epilepsy,5027,MONDO,validated,previous_mapping
CHEMBL94,MONDO:0005027,contraindication,PHYSOSTIGMINE,DB00981,Physostigmine,epilepsy,epilepsy,5027,MONDO,validated,previous_mapping
CHEMBL942,MONDO:0005027,contraindication,BISACODYL,DB09020,Bisacodyl,epilepsy,epilepsy,5027,MONDO,validated,previous_mapping
CHEMBL95,MONDO:0005027,contraindication,TACRINE,DB00382,Tacrine,epilepsy,epilepsy,5027,MONDO,validated,previous_mapping
CHEMBL953,MONDO:0005027,contraindication,ENTACAPONE,DB00494,Entacapone,epilepsy,epilepsy,5027,MONDO,validated,previous_mapping
CHEMBL959,MONDO:0005027,contraindication,RIMANTADINE,DB00478,Rimantadine,epilepsy,epilepsy,5027,MONDO,validated,previous_mapping
CHEMBL963,MONDO:0005027,contraindication,OXYMORPHONE,DB01192,Oxymorphone,epilepsy,epilepsy,5027,MONDO,validated,previous_mapping
CHEMBL964,MONDO:0005027,contraindication,DISULFIRAM,DB00822,Disulfiram,epilepsy,epilepsy,5027,MONDO,validated,previous_mapping
CHEMBL976,MONDO:0005027,contraindication,PRAZIQUANTEL,DB01058,Praziquantel,epilepsy,epilepsy,5027,MONDO,validated,previous_mapping
CHEMBL978,MONDO:0005027,contraindication,METHACHOLINE,DB06709,Methacholine,epilepsy,epilepsy,5027,MONDO,validated,previous_mapping
CHEMBL979,MONDO:0005027,contraindication,MEPROBAMATE,DB00371,Meprobamate,epilepsy,epilepsy,5027,MONDO,validated,previous_mapping
CHEMBL980,MONDO:0005027,contraindication,GUAIFENESIN,DB00874,Guaifenesin,epilepsy,epilepsy,5027,MONDO,validated,previous_mapping
CHEMBL108,MONDO:0005027,indication,CARBAMAZEPINE,DB00564,Carbamazepine,epilepsy,epilepsy,5027,MONDO,validated,previous_mapping
CHEMBL109,MONDO:0005027,indication,VALPROIC ACID,DB00313,Valproic acid,epilepsy,epilepsy,5027,MONDO,validated,previous_mapping
CHEMBL1094,MONDO:0005027,indication,FELBAMATE,DB00949,Felbamate,epilepsy,epilepsy,5027,MONDO,validated,previous_mapping
CHEMBL1100,MONDO:0005027,indication,PARAMETHADIONE,DB00617,Paramethadione,epilepsy,epilepsy,5027,MONDO,validated,previous_mapping
CHEMBL12,MONDO:0005027,indication,DIAZEPAM,DB00829,Diazepam,epilepsy,epilepsy,5027,MONDO,validated,previous_mapping
CHEMBL1201336,MONDO:0005027,indication,FOSPHENYTOIN,DB01320,Fosphenytoin,epilepsy,epilepsy,5027,MONDO,validated,previous_mapping
CHEMBL16,MONDO:0005027,indication,PHENYTOIN,DB00252,Phenytoin,epilepsy,epilepsy,5027,MONDO,validated,previous_mapping
CHEMBL267894,MONDO:0005027,indication,AMOBARBITAL,DB01351,Amobarbital,epilepsy,epilepsy,5027,MONDO,validated,previous_mapping
CHEMBL3707389,MONDO:0005027,indication,NEOCITRULLAMON,DB13396,Neocitrullamon,epilepsy,epilepsy,5027,MONDO,validated,verified_external_cross_reference
CHEMBL40,MONDO:0005027,indication,PHENOBARBITAL,DB01174,Phenobarbital,epilepsy,epilepsy,5027,MONDO,validated,previous_mapping
CHEMBL441,MONDO:0005027,indication,THIOPENTAL,DB00599,Thiopental,epilepsy,epilepsy,5027,MONDO,validated,previous_mapping
CHEMBL447,MONDO:0005027,indication,SECOBARBITAL,DB00418,Secobarbital,epilepsy,epilepsy,5027,MONDO,validated,previous_mapping
CHEMBL448,MONDO:0005027,indication,PENTOBARBITAL,DB00312,Pentobarbital,epilepsy,epilepsy,5027,MONDO,validated,previous_mapping
CHEMBL450,MONDO:0005027,indication,METHARBITAL,DB00463,Metharbital,epilepsy,epilepsy,5027,MONDO,validated,previous_mapping
CHEMBL45029,MONDO:0005027,indication,MEPHOBARBITAL,DB00849,Methylphenobarbital,epilepsy,epilepsy,5027,MONDO,validated,synonym_match
CHEMBL695,MONDO:0005027,indication,TRIMETHADIONE,DB00347,Trimethadione,epilepsy,epilepsy,5027,MONDO,validated,previous_mapping
CHEMBL697,MONDO:0005027,indication,METHSUXIMIDE,DB05246,Methsuximide,epilepsy,epilepsy,5027,MONDO,validated,previous_mapping
CHEMBL741,MONDO:0005027,indication,LAMOTRIGINE,DB00555,Lamotrigine,epilepsy,epilepsy,5027,MONDO,validated,previous_mapping
CHEMBL797,MONDO:0005027,indication,PHENSUXIMIDE,DB00832,Phensuximide,epilepsy,epilepsy,5027,MONDO,validated,previous_mapping
CHEMBL856,MONDO:0005027,indication,PRIMIDONE,DB00794,Primidone,epilepsy,epilepsy,5027,MONDO,validated,previous_mapping
CHEMBL861,MONDO:0005027,indication,MEPHENYTOIN,DB00532,Mephenytoin,epilepsy,epilepsy,5027,MONDO,validated,previous_mapping
CHEMBL918,MONDO:0005027,indication,PHENACEMIDE,DB01121,Phenacemide,epilepsy,epilepsy,5027,MONDO,validated,previous_mapping
CHEMBL93047,MONDO:0005027,indication,ETHADIONE,DB13799,Ethadione,epilepsy,epilepsy,5027,MONDO,validated,previous_mapping
CHEMBL109,MONDO:0005027,off-label use,VALPROIC ACID,DB00313,Valproic acid,epilepsy,epilepsy,5027,MONDO,validated,previous_mapping
CHEMBL20,MONDO:0005027,off-label use,ACETAZOLAMIDE,DB00819,Acetazolamide,epilepsy,epilepsy,5027,MONDO,validated,previous_mapping
CHEMBL40,MONDO:0005027,off-label use,PHENOBARBITAL,DB01174,Phenobarbital,epilepsy,epilepsy,5027,MONDO,validated,previous_mapping
CHEMBL580,MONDO:0005027,off-label use,LORAZEPAM,DB00186,Lorazepam,epilepsy,epilepsy,5027,MONDO,validated,previous_mapping
CHEMBL10878,MONDO:0002009,indication,AGOMELATINE,DB06594,Agomelatine,major depressive disorder,major depressive disorder,2009_12050_12100,MONDO_grouped,validated,previous_mapping
CHEMBL1118,MONDO:0002009,indication,DESVENLAFAXINE,DB06700,Desvenlafaxine,major depressive disorder,major depressive disorder,2009_12050_12100,MONDO_grouped,validated,previous_mapping
CHEMBL1175,MONDO:0002009,indication,DULOXETINE,DB00476,Duloxetine,major depressive disorder,major depressive disorder,2009_12050_12100,MONDO_grouped,validated,previous_mapping
CHEMBL1201168,MONDO:0002009,indication,ISOCARBOXAZID,DB01247,Isocarboxazid,major depressive disorder,major depressive disorder,2009_12050_12100,MONDO_grouped,validated,previous_mapping
CHEMBL14370,MONDO:0002009,indication,REBOXETINE,DB00234,Reboxetine,major depressive disorder,major depressive disorder,2009_12050_12100,MONDO_grouped,validated,previous_mapping
CHEMBL1492500,MONDO:0002009,indication,DOTHIEPIN,DB09167,Dosulepin,major depressive disorder,major depressive disorder,2009_12050_12100,MONDO_grouped,validated,synonym_match
CHEMBL1508,MONDO:0002009,indication,ESCITALOPRAM,DB01175,Escitalopram,major depressive disorder,major depressive disorder,2009_12050_12100,MONDO_grouped,validated,previous_mapping
CHEMBL2104993,MONDO:0002009,indication,VORTIOXETINE,DB09068,Vortioxetine,major depressive disorder,major depressive disorder,2009_12050_12100,MONDO_grouped,validated,previous_mapping
CHEMBL2105760,MONDO:0002009,indication,BREXPIPRAZOLE,DB09128,Brexpiprazole,major depressive disorder,major depressive disorder,2009_12050_12100,MONDO_grouped,validated,previous_mapping
CHEMBL284092,MONDO:0002009,indication,GEPIRONE,DB12184,Gepirone,major depressive disorder,major depressive disorder,2009_12050_12100,MONDO_grouped,validated,previous_mapping
CHEMBL3989843,MONDO:0002009,indication,TRANYLCYPROMINE,DB00752,Tranylcypromine,major depressive disorder,major depressive disorder,2009_12050_12100,MONDO_grouped,validated,previous_mapping
CHEMBL41,MONDO:0002009,indication,FLUOXETINE,DB00472,Fluoxetine,major depressive disorder,major depressive disorder,2009_12050_12100,MONDO_grouped,validated,previous_mapping
CHEMBL439849,MONDO:0002009,indication,VILAZODONE,DB06684,Vilazodone,major depressive disorder,major depressive disorder,2009_12050_12100,MONDO_grouped,validated,previous_mapping
CHEMBL490,MONDO:0002009,indication,PAROXETINE,DB00715,Paroxetine,major depressive disorder,major depressive disorder,2009_12050_12100,MONDO_grouped,validated,previous_mapping
CHEMBL549,MONDO:0002009,indication,CITALOPRAM,DB00215,Citalopram,major depressive disorder,major depressive disorder,2009_12050_12100,MONDO_grouped,validated,previous_mapping
CHEMBL621,MONDO:0002009,indication,TRAZODONE,DB00656,Trazodone,major depressive disorder,major depressive disorder,2009_12050_12100,MONDO_grouped,validated,previous_mapping
CHEMBL623,MONDO:0002009,indication,NEFAZODONE,DB01149,Nefazodone,major depressive disorder,major depressive disorder,2009_12050_12100,MONDO_grouped,validated,previous_mapping
CHEMBL637,MONDO:0002009,indication,VENLAFAXINE,DB00285,Venlafaxine,major depressive disorder,major depressive disorder,2009_12050_12100,MONDO_grouped,validated,previous_mapping
CHEMBL6437,MONDO:0002009,indication,MIANSERIN,DB06148,Mianserin,major depressive disorder,major depressive disorder,2009_12050_12100,MONDO_grouped,validated,previous_mapping
CHEMBL654,MONDO:0002009,indication,MIRTAZAPINE,DB00370,Mirtazapine,major depressive disorder,major depressive disorder,2009_12050_12100,MONDO_grouped,validated,previous_mapping
CHEMBL715,MONDO:0002009,indication,OLANZAPINE,DB00334,Olanzapine,major depressive disorder,major depressive disorder,2009_12050_12100,MONDO_grouped,validated,previous_mapping
CHEMBL894,MONDO:0002009,indication,BUPROPION,DB01156,Bupropion,major depressive disorder,major depressive disorder,2009_12050_12100,MONDO_grouped,validated,previous_mapping
CHEMBL972,MONDO:0002009,indication,SELEGILINE,DB01037,Selegiline,major depressive disorder,major depressive disorder,2009_12050_12100,MONDO_grouped,validated,previous_mapping
CHEMBL99946,MONDO:0002009,indication,LEVOMILNACIPRAN,DB08918,Levomilnacipran,major depressive disorder,major depressive disorder,2009_12050_12100,MONDO_grouped,validated,previous_mapping
CHEMBL742,MONDO:0002009,off-label use,KETAMINE,DB01221,Ketamine,major depressive disorder,major depressive disorder,2009_12050_12100,MONDO_grouped,validated,previous_mapping
CHEMBL103,MONDO:0005277,contraindication,PROGESTERONE,DB00396,Progesterone,migraine disorder,migraine disorder,5277,MONDO,validated,previous_mapping
CHEMBL1162,MONDO:0005277,contraindication,NORETHINDRONE,DB00717,Norethisterone,migraine disorder,migraine disorder,5277,MONDO,validated,synonym_match
CHEMBL1200335,MONDO:0005277,contraindication,TESTOSTERONE ENANTHATE,DB13944,Testosterone enanthate,migraine disorder,migraine disorder,5277,MONDO,validated,previous_mapping
CHEMBL1200624,MONDO:0005277,contraindication,ETHYNODIOL DIACETATE,DB00823,Ethynodiol diacetate,migraine disorder,migraine disorder,5277,MONDO,validated,previous_mapping
CHEMBL1200640,MONDO:0005277,contraindication,FERROUS FUMARATE,DB14491,Ferrous fumarate,migraine disorder,migraine disorder,5277,MONDO,validated,previous_mapping
CHEMBL1200761,MONDO:0005277,contraindication,CHLOROTRIANISENE,DB00269,Chlorotrianisene,migraine disorder,migraine disorder,5277,MONDO,validated,previous_mapping
CHEMBL1200807,MONDO:0005277,contraindication,NORELGESTROMIN,DB06713,Norelgestromin,migraine disorder,migraine disorder,5277,MONDO,validated,previous_mapping
CHEMBL1200848,MONDO:0005277,contraindication,HYDROXYPROGESTERONE CAPROATE,DB06789,Hydroxyprogesterone caproate,migraine disorder,migraine disorder,5277,MONDO,validated,previous_mapping
CHEMBL1200934,MONDO:0005277,contraindication,NORGESTIMATE,DB00957,Norgestimate,migraine disorder,migraine disorder,5277,MONDO,validated,previous_mapping
CHEMBL1200973,MONDO:0005277,contraindication,ESTRADIOL CYPIONATE,DB13954,Estradiol cypionate,migraine disorder,migraine disorder,5277,MONDO,validated,previous_mapping
CHEMBL1201101,MONDO:0005277,contraindication,TESTOSTERONE CYPIONATE,DB13943,Testosterone cypionate,migraine disorder,migraine disorder,5277,MONDO,validated,previous_mapping
CHEMBL1201151,MONDO:0005277,contraindication,MESTRANOL,DB01357,Mestranol,migraine disorder,migraine disorder,5277,MONDO,validated,previous_mapping
CHEMBL1201165,MONDO:0005277,contraindication,QUINESTROL,DB04575,Quinestrol,migraine disorder,migraine disorder,5277,MONDO,validated,previous_mapping
CHEMBL1201864,MONDO:0005277,contraindication,DIENOGEST,DB09123,Dienogest,migraine disorder,migraine disorder,5277,MONDO,validated,previous_mapping
CHEMBL1231574,MONDO:0005277,contraindication,LEVOMEFOLIC ACID,DB11256,Levomefolic acid,migraine disorder,migraine disorder,5277,MONDO,validated,previous_mapping
CHEMBL135,MONDO:0005277,contraindication,ESTRADIOL,DB00783,Estradiol,migraine disorder,migraine disorder,5277,MONDO,validated,verified_external_cross_reference
CHEMBL1389,MONDO:0005277,contraindication,LEVONORGESTREL,DB00367,Levonorgestrel,migraine disorder,migraine disorder,5277,MONDO,validated,previous_mapping
CHEMBL1395,MONDO:0005277,contraindication,METHYLTESTOSTERONE,DB06710,Methyltestosterone,migraine disorder,migraine disorder,5277,MONDO,validated,previous_mapping
CHEMBL1405,MONDO:0005277,contraindication,ESTRONE,DB00655,Estrone,migraine disorder,migraine disorder,5277,MONDO,validated,previous_mapping
CHEMBL1445,MONDO:0005277,contraindication,FLUOXYMESTERONE,DB01185,Fluoxymesterone,migraine disorder,migraine disorder,5277,MONDO,validated,previous_mapping
CHEMBL1479,MONDO:0005277,contraindication,DANAZOL,DB01406,Danazol,migraine disorder,migraine disorder,5277,MONDO,validated,previous_mapping
CHEMBL1509,MONDO:0005277,contraindication,DROSPIRENONE,DB01395,Drospirenone,migraine disorder,migraine disorder,5277,MONDO,validated,previous_mapping
CHEMBL1511,MONDO:0005277,contraindication,ESTRADIOL VALERATE,DB13956,Estradiol valerate,migraine disorder,migraine disorder,5277,MONDO,validated,previous_mapping
CHEMBL1531,MONDO:0005277,contraindication,ETONOGESTREL,DB00294,Etonogestrel,migraine disorder,migraine disorder,5277,MONDO,validated,previous_mapping
CHEMBL1533,MONDO:0005277,contraindication,DESOGESTREL,DB00304,Desogestrel,migraine disorder,migraine disorder,5277,MONDO,validated,previous_mapping
CHEMBL1575,MONDO:0005277,contraindication,ESTRAMUSTINE,DB01196,Estramustine,migraine disorder,migraine disorder,5277,MONDO,validated,previous_mapping
CHEMBL386630,MONDO:0005277,contraindication,TESTOSTERONE,DB00624,Testosterone,migraine disorder,migraine disorder,5277,MONDO,validated,previous_mapping
CHEMBL411,MONDO:0005277,contraindication,DIETHYLSTILBESTROL,DB00255,Diethylstilbestrol,migraine disorder,migraine disorder,5277,MONDO,validated,previous_mapping
CHEMBL451,MONDO:0005277,contraindication,CHLORDIAZEPOXIDE,DB00475,Chlordiazepoxide,migraine disorder,migraine disorder,5277,MONDO,validated,previous_mapping
CHEMBL596,MONDO:0005277,contraindication,FENTANYL,DB00813,Fentanyl,migraine disorder,migraine disorder,5277,MONDO,validated,previous_mapping
CHEMBL691,MONDO:0005277,contraindication,ETHINYL ESTRADIOL,DB00977,Ethinylestradiol,migraine disorder,migraine disorder,5277,MONDO,validated,synonym_match
CHEMBL717,MONDO:0005277,contraindication,MEDROXYPROGESTERONE ACETATE,DB00603,Medroxyprogesterone acetate,migraine disorder,migraine disorder,5277,MONDO,validated,previous_mapping
CHEMBL83063,MONDO:0005277,contraindication,RITODRINE,DB00867,Ritodrine,migraine disorder,migraine disorder,5277,MONDO,validated,previous_mapping
CHEMBL877,MONDO:0005277,contraindication,TRANEXAMIC ACID,DB00302,Tranexamic acid,migraine disorder,migraine disorder,5277,MONDO,validated,previous_mapping
CHEMBL979,MONDO:0005277,contraindication,MEPROBAMATE,DB00371,Meprobamate,migraine disorder,migraine disorder,5277,MONDO,validated,previous_mapping
CHEMBL112,MONDO:0005277,indication,ACETAMINOPHEN,DB00316,Acetaminophen,migraine disorder,migraine disorder,5277,MONDO,validated,previous_mapping
CHEMBL113,MONDO:0005277,indication,CAFFEINE,DB00201,Caffeine,migraine disorder,migraine disorder,5277,MONDO,validated,previous_mapping
CHEMBL1185,MONDO:0005277,indication,ZOLMITRIPTAN,DB00315,Zolmitriptan,migraine disorder,migraine disorder,5277,MONDO,validated,previous_mapping
CHEMBL122,MONDO:0005277,indication,ROFECOXIB,DB00533,Rofecoxib,migraine disorder,migraine disorder,5277,MONDO,validated,previous_mapping
CHEMBL1278,MONDO:0005277,indication,NARATRIPTAN,DB00952,Naratriptan,migraine disorder,migraine disorder,5277,MONDO,validated,previous_mapping
CHEMBL1279,MONDO:0005277,indication,FROVATRIPTAN,DB00998,Frovatriptan,migraine disorder,migraine disorder,5277,MONDO,validated,previous_mapping
CHEMBL128,MONDO:0005277,indication,SUMATRIPTAN,DB00669,Sumatriptan,migraine disorder,migraine disorder,5277,MONDO,validated,previous_mapping
CHEMBL1505,MONDO:0005277,indication,ALMOTRIPTAN,DB00918,Almotriptan,migraine disorder,migraine disorder,5277,MONDO,validated,previous_mapping
CHEMBL1510,MONDO:0005277,indication,ELETRIPTAN,DB00216,Eletriptan,migraine disorder,migraine disorder,5277,MONDO,validated,previous_mapping
CHEMBL154,MONDO:0005277,indication,NAPROXEN,DB00788,Naproxen,migraine disorder,migraine disorder,5277,MONDO,validated,previous_mapping
CHEMBL157138,MONDO:0005277,indication,LISURIDE,DB00589,Lisuride,migraine disorder,migraine disorder,5277,MONDO,validated,previous_mapping
CHEMBL1732,MONDO:0005277,indication,DIHYDROERGOTAMINE,DB00320,Dihydroergotamine,migraine disorder,migraine disorder,5277,MONDO,validated,previous_mapping
CHEMBL2178422,MONDO:0005277,indication,RIMEGEPANT,DB12457,Rimegepant,migraine disorder,migraine disorder,5277,MONDO,validated,previous_mapping
CHEMBL2364638,MONDO:0005277,indication,UBROGEPANT,DB15328,Ubrogepant,migraine disorder,migraine disorder,5277,MONDO,validated,previous_mapping
CHEMBL25,MONDO:0005277,indication,ASPIRIN,DB00945,Acetylsalicylic acid,migraine disorder,migraine disorder,5277,MONDO,validated,synonym_match
CHEMBL3039520,MONDO:0005277,indication,LASMIDITAN,DB11732,Lasmiditan,migraine disorder,migraine disorder,5277,MONDO,validated,previous_mapping
CHEMBL3707328,MONDO:0005277,indication,GALCANEZUMAB,DB14042,Galcanezumab,migraine disorder,migraine disorder,5277,MONDO,validated,previous_mapping
CHEMBL3833320,MONDO:0005277,indication,EPTINEZUMAB,DB14040,Eptinezumab,migraine disorder,migraine disorder,5277,MONDO,validated,previous_mapping
CHEMBL3833329,MONDO:0005277,indication,ERENUMAB,DB14039,Erenumab,migraine disorder,migraine disorder,5277,MONDO,validated,previous_mapping
CHEMBL3989752,MONDO:0005277,indication,OXETORONE,DB13463,Oxetorone,migraine disorder,migraine disorder,5277,MONDO,validated,previous_mapping
CHEMBL40,MONDO:0005277,indication,PHENOBARBITAL,DB01174,Phenobarbital,migraine disorder,migraine disorder,5277,MONDO,validated,previous_mapping
CHEMBL4297756,MONDO:0005277,indication,FREMANEZUMAB,DB14041,Fremanezumab,migraine disorder,migraine disorder,5277,MONDO,validated,previous_mapping
CHEMBL442,MONDO:0005277,indication,ERGOTAMINE,DB00696,Ergotamine,migraine disorder,migraine disorder,5277,MONDO,validated,previous_mapping
CHEMBL905,MONDO:0005277,indication,RIZATRIPTAN,DB00953,Rizatriptan,migraine disorder,migraine disorder,5277,MONDO,validated,previous_mapping
CHEMBL1697841,MONDO:0005277,off-label use,ISOMETHEPTENE,DB06706,Isometheptene,migraine disorder,migraine disorder,5277,MONDO,validated,previous_mapping
CHEMBL277474,MONDO:0005277,off-label use,ANTIPYRINE,DB01435,Antipyrine,migraine disorder,migraine disorder,5277,MONDO,validated,previous_mapping
CHEMBL33986,MONDO:0005277,off-label use,BUTORPHANOL,DB00611,Butorphanol,migraine disorder,migraine disorder,5277,MONDO,validated,previous_mapping
CHEMBL454,MONDO:0005277,off-label use,BUTALBITAL,DB00241,Butalbital,migraine disorder,migraine disorder,5277,MONDO,validated,previous_mapping
CHEMBL196,MONDO:0005301,contraindication,ASCORBIC ACID,DB00126,Ascorbic acid,multiple sclerosis,multiple sclerosis,5301,MONDO,validated,previous_mapping
CHEMBL3833377,MONDO:0005301,contraindication,ZINC GLUCONATE,DB11248,Zinc gluconate,multiple sclerosis,multiple sclerosis,5301,MONDO,validated,previous_mapping
CHEMBL1091,MONDO:0005301,indication,HYDROCORTISONE ACETATE,DB14539,Hydrocortisone acetate,multiple sclerosis,multiple sclerosis,5301,MONDO,validated,previous_mapping
CHEMBL1201607,MONDO:0005301,indication,NATALIZUMAB,DB00108,Natalizumab,multiple sclerosis,multiple sclerosis,5301,MONDO,validated,previous_mapping
CHEMBL131,MONDO:0005301,indication,PREDNISOLONE,DB00860,Prednisolone,multiple sclerosis,multiple sclerosis,5301,MONDO,validated,previous_mapping
CHEMBL1451,MONDO:0005301,indication,TRIAMCINOLONE,DB00620,Triamcinolone,multiple sclerosis,multiple sclerosis,5301,MONDO,validated,previous_mapping
CHEMBL1650,MONDO:0005301,indication,CORTISONE ACETATE,DB01380,Cortisone acetate,multiple sclerosis,multiple sclerosis,5301,MONDO,validated,previous_mapping
CHEMBL284348,MONDO:0005301,indication,DALFAMPRIDINE,DB06637,Dalfampridine,multiple sclerosis,multiple sclerosis,5301,MONDO,validated,previous_mapping
CHEMBL3707247,MONDO:0005301,indication,OZANIMOD,DB12612,Ozanimod,multiple sclerosis,multiple sclerosis,5301,MONDO,validated,previous_mapping
CHEMBL384467,MONDO:0005301,indication,DEXAMETHASONE,DB01234,Dexamethasone,multiple sclerosis,multiple sclerosis,5301,MONDO,validated,previous_mapping
CHEMBL389621,MONDO:0005301,indication,HYDROCORTISONE,DB00741,Hydrocortisone,multiple sclerosis,multiple sclerosis,5301,MONDO,validated,previous_mapping
CHEMBL632,MONDO:0005301,indication,BETAMETHASONE,DB00443,Betamethasone,multiple sclerosis,multiple sclerosis,5301,MONDO,validated,previous_mapping
CHEMBL635,MONDO:0005301,indication,PREDNISONE,DB00635,Prednisone,multiple sclerosis,multiple sclerosis,5301,MONDO,validated,previous_mapping
CHEMBL650,MONDO:0005301,indication,METHYLPREDNISOLONE,DB00959,Methylprednisolone,multiple sclerosis,multiple sclerosis,5301,MONDO,validated,previous_mapping
CHEMBL973,MONDO:0005301,indication,TERIFLUNOMIDE,DB08880,Teriflunomide,multiple sclerosis,multiple sclerosis,5301,MONDO,validated,previous_mapping
CHEMBL1076903,MONDO:0005090,contraindication,VARENICLINE,DB01273,Varenicline,schizophrenia,schizophrenia,5090_13498_8414_10897_33312_10943_11552_14092_12054_11960_11280_11294_11295_11298_11307_11498_12879_13089_13506,MONDO_grouped,validated,previous_mapping
CHEMBL1089,MONDO:0005090,contraindication,PHENELZINE,DB00780,Phenelzine,schizophrenia,schizophrenia,5090_13498_8414_10897_33312_10943_11552_14092_12054_11960_11280_11294_11295_11298_11307_11498_12879_13089_13506,MONDO_grouped,validated,previous_mapping
CHEMBL11,MONDO:0005090,contraindication,IMIPRAMINE,DB00458,Imipramine,schizophrenia,schizophrenia,5090_13498_8414_10897_33312_10943_11552_14092_12054_11960_11280_11294_11295_11298_11307_11498_12879_13089_13506,MONDO_grouped,validated,previous_mapping
CHEMBL1113,MONDO:0005090,contraindication,AMOXAPINE,DB00543,Amoxapine,schizophrenia,schizophrenia,5090_13498_8414_10897_33312_10943_11552_14092_12054_11960_11280_11294_11295_11298_11307_11498_12879_13089_13506,MONDO_grouped,validated,previous_mapping
CHEMBL1201168,MONDO:0005090,contraindication,ISOCARBOXAZID,DB01247,Isocarboxazid,schizophrenia,schizophrenia,5090_13498_8414_10897_33312_10943_11552_14092_12054_11960_11280_11294_11295_11298_11307_11498_12879_13089_13506,MONDO_grouped,validated,previous_mapping
CHEMBL1364,MONDO:0005090,contraindication,PYRIDOXINE,DB00165,Pyridoxine,schizophrenia,schizophrenia,5090_13498_8414_10897_33312_10943_11552_14092_12054_11960_11280_11294_11295_11298_11307_11498_12879_13089_13506,MONDO_grouped,validated,previous_mapping
CHEMBL2111164,MONDO:0005090,contraindication,TROLNITRATE,DB13719,Trolnitrate,schizophrenia,schizophrenia,5090_13498_8414_10897_33312_10943_11552_14092_12054_11960_11280_11294_11295_11298_11307_11498_12879_13089_13506,MONDO_grouped,validated,previous_mapping
CHEMBL2218896,MONDO:0005090,contraindication,NABILONE,DB00486,Nabilone,schizophrenia,schizophrenia,5090_13498_8414_10897_33312_10943_11552_14092_12054_11960_11280_11294_11295_11298_11307_11498_12879_13089_13506,MONDO_grouped,validated,previous_mapping
CHEMBL3989843,MONDO:0005090,contraindication,TRANYLCYPROMINE,DB00752,Tranylcypromine,schizophrenia,schizophrenia,5090_13498_8414_10897_33312_10943_11552_14092_12054_11960_11280_11294_11295_11298_11307_11498_12879_13089_13506,MONDO_grouped,validated,previous_mapping
CHEMBL416956,MONDO:0005090,contraindication,MEFLOQUINE,DB00358,Mefloquine,schizophrenia,schizophrenia,5090_13498_8414_10897_33312_10943_11552_14092_12054_11960_11280_11294_11295_11298_11307_11498_12879_13089_13506,MONDO_grouped,validated,previous_mapping
CHEMBL45,MONDO:0005090,contraindication,MELATONIN,DB01065,Melatonin,schizophrenia,schizophrenia,5090_13498_8414_10897_33312_10943_11552_14092_12054_11960_11280_11294_11295_11298_11307_11498_12879_13089_13506,MONDO_grouped,validated,previous_mapping
CHEMBL465,MONDO:0005090,contraindication,DRONABINOL,DB00470,Dronabinol,schizophrenia,schizophrenia,5090_13498_8414_10897_33312_10943_11552_14092_12054_11960_11280_11294_11295_11298_11307_11498_12879_13089_13506,MONDO_grouped,validated,previous_mapping
CHEMBL54976,MONDO:0005090,contraindication,TRYPTOPHAN,DB00150,Tryptophan,schizophrenia,schizophrenia,5090_13498_8414_10897_33312_10943_11552_14092_12054_11960_11280_11294_11295_11298_11307_11498_12879_13089_13506,MONDO_grouped,validated,previous_mapping
CHEMBL644,MONDO:0005090,contraindication,TRIMIPRAMINE,DB00726,Trimipramine,schizophrenia,schizophrenia,5090_13498_8414_10897_33312_10943_11552_14092_12054_11960_11280_11294_11295_11298_11307_11498_12879_13089_13506,MONDO_grouped,validated,previous_mapping
CHEMBL668,MONDO:0005090,contraindication,PROTRIPTYLINE,DB00344,Protriptyline,schizophrenia,schizophrenia,5090_13498_8414_10897_33312_10943_11552_14092_12054_11960_11280_11294_11295_11298_11307_11498_12879_13089_13506,MONDO_grouped,validated,previous_mapping
CHEMBL701,MONDO:0005090,contraindication,BACLOFEN,DB00181,Baclofen,schizophrenia,schizophrenia,5090_13498_8414_10897_33312_10943_11552_14092_12054_11960_11280_11294_11295_11298_11307_11498_12879_13089_13506,MONDO_grouped,validated,previous_mapping
CHEMBL72,MONDO:0005090,contraindication,DESIPRAMINE,DB01151,Desipramine,schizophrenia,schizophrenia,5090_13498_8414_10897_33312_10943_11552_14092_12054_11960_11280_11294_11295_11298_11307_11498_12879_13089_13506,MONDO_grouped,validated,previous_mapping
CHEMBL1088,MONDO:0005090,indication,MESORIDAZINE,DB00933,Mesoridazine,schizophrenia,schizophrenia,5090_13498_8414_10897_33312_10943_11552_14092_12054_11960_11280_11294_11295_11298_11307_11498_12879_13089_13506,MONDO_grouped,validated,previous_mapping
CHEMBL1112,MONDO:0005090,indication,ARIPIPRAZOLE,DB01238,Aripiprazole,schizophrenia,schizophrenia,5090_13498_8414_10897_33312_10943_11552_14092_12054_11960_11280_11294_11295_11298_11307_11498_12879_13089_13506,MONDO_grouped,validated,previous_mapping
CHEMBL1201,MONDO:0005090,indication,THIOTHIXENE,DB01623,Thiothixene,schizophrenia,schizophrenia,5090_13498_8414_10897_33312_10943_11552_14092_12054_11960_11280_11294_11295_11298_11307_11498_12879_13089_13506,MONDO_grouped,validated,previous_mapping
CHEMBL1237021,MONDO:0005090,indication,LURASIDONE,DB08815,Lurasidone,schizophrenia,schizophrenia,5090_13498_8414_10897_33312_10943_11552_14092_12054_11960_11280_11294_11295_11298_11307_11498_12879_13089_13506,MONDO_grouped,validated,previous_mapping
CHEMBL12713,MONDO:0005090,indication,SERTINDOLE,DB06144,Sertindole,schizophrenia,schizophrenia,5090_13498_8414_10897_33312_10943_11552_14092_12054_11960_11280_11294_11295_11298_11307_11498_12879_13089_13506,MONDO_grouped,validated,previous_mapping
CHEMBL14376,MONDO:0005090,indication,ILOPERIDONE,DB04946,Iloperidone,schizophrenia,schizophrenia,5090_13498_8414_10897_33312_10943_11552_14092_12054_11960_11280_11294_11295_11298_11307_11498_12879_13089_13506,MONDO_grouped,validated,previous_mapping
CHEMBL1472975,MONDO:0005090,indication,PEROSPIRONE,DB08922,Perospirone,schizophrenia,schizophrenia,5090_13498_8414_10897_33312_10943_11552_14092_12054_11960_11280_11294_11295_11298_11307_11498_12879_13089_13506,MONDO_grouped,validated,previous_mapping
CHEMBL1621,MONDO:0005090,indication,PALIPERIDONE,DB01267,Paliperidone,schizophrenia,schizophrenia,5090_13498_8414_10897_33312_10943_11552_14092_12054_11960_11280_11294_11295_11298_11307_11498_12879_13089_13506,MONDO_grouped,validated,previous_mapping
CHEMBL1697766,MONDO:0005090,indication,PERAZINE,DB12710,Perazine,schizophrenia,schizophrenia,5090_13498_8414_10897_33312_10943_11552_14092_12054_11960_11280_11294_11295_11298_11307_11498_12879_13089_13506,MONDO_grouped,validated,previous_mapping
CHEMBL178803,MONDO:0005090,indication,BLONANSERIN,DB09223,Blonanserin,schizophrenia,schizophrenia,5090_13498_8414_10897_33312_10943_11552_14092_12054_11960_11280_11294_11295_11298_11307_11498_12879_13089_13506,MONDO_grouped,validated,previous_mapping
CHEMBL2028019,MONDO:0005090,indication,CARIPRAZINE,DB06016,Cariprazine,schizophrenia,schizophrenia,5090_13498_8414_10897_33312_10943_11552_14092_12054_11960_11280_11294_11295_11298_11307_11498_12879_13089_13506,MONDO_grouped,validated,previous_mapping
CHEMBL2105760,MONDO:0005090,indication,BREXPIPRAZOLE,DB09128,Brexpiprazole,schizophrenia,schizophrenia,5090_13498_8414_10897_33312_10943_11552_14092_12054_11960_11280_11294_11295_11298_11307_11498_12879_13089_13506,MONDO_grouped,validated,previous_mapping
CHEMBL2106650,MONDO:0005090,indication,MOSAPRAMINE,DB13676,Mosapramine,schizophrenia,schizophrenia,5090_13498_8414_10897_33312_10943_11552_14092_12054_11960_11280_11294_11295_11298_11307_11498_12879_13089_13506,MONDO_grouped,validated,previous_mapping
CHEMBL2107011,MONDO:0005090,indication,OXYPERTINE,DB13403,Oxypertine,schizophrenia,schizophrenia,5090_13498_8414_10897_33312_10943_11552_14092_12054_11960_11280_11294_11295_11298_11307_11498_12879_13089_13506,MONDO_grouped,validated,previous_mapping
CHEMBL2219425,MONDO:0005090,indication,ARIPIPRAZOLE LAUROXIL,DB14185,Aripiprazole lauroxil,schizophrenia,schizophrenia,5090_13498_8414_10897_33312_10943_11552_14092_12054_11960_11280_11294_11295_11298_11307_11498_12879_13089_13506,MONDO_grouped,validated,previous_mapping
CHEMBL26,MONDO:0005090,indication,SULPIRIDE,DB00391,Sulpiride,schizophrenia,schizophrenia,5090_13498_8414_10897_33312_10943_11552_14092_12054_11960_11280_11294_11295_11298_11307_11498_12879_13089_13506,MONDO_grouped,validated,previous_mapping
CHEMBL3187365,MONDO:0005090,indication,ASENAPINE,DB06216,Asenapine,schizophrenia,schizophrenia,5090_13498_8414_10897_33312_10943_11552_14092_12054_11960_11280_11294_11295_11298_11307_11498_12879_13089_13506,MONDO_grouped,validated,previous_mapping
CHEMBL3306803,MONDO:0005090,indication,LUMATEPERONE,DB06077,Lumateperone,schizophrenia,schizophrenia,5090_13498_8414_10897_33312_10943_11552_14092_12054_11960_11280_11294_11295_11298_11307_11498_12879_13089_13506,MONDO_grouped,validated,previous_mapping
CHEMBL422,MONDO:0005090,indication,TRIFLUOPERAZINE,DB00831,Trifluoperazine,schizophrenia,schizophrenia,5090_13498_8414_10897_33312_10943_11552_14092_12054_11960_11280_11294_11295_11298_11307_11498_12879_13089_13506,MONDO_grouped,validated,previous_mapping
CHEMBL460,MONDO:0005090,indication,MOLINDONE,DB01618,Molindone,schizophrenia,schizophrenia,5090_13498_8414_10897_33312_10943_11552_14092_12054_11960_11280_11294_11295_11298_11307_11498_12879_13089_13506,MONDO_grouped,validated,previous_mapping
CHEMBL46516,MONDO:0005090,indication,FLUSPIRILENE,DB04842,Fluspirilene,schizophrenia,schizophrenia,5090_13498_8414_10897_33312_10943_11552_14092_12054_11960_11280_11294_11295_11298_11307_11498_12879_13089_13506,MONDO_grouped,validated,previous_mapping
CHEMBL53904,MONDO:0005090,indication,ZUCLOPENTHIXOL,DB01624,Zuclopenthixol,schizophrenia,schizophrenia,5090_13498_8414_10897_33312_10943_11552_14092_12054_11960_11280_11294_11295_11298_11307_11498_12879_13089_13506,MONDO_grouped,validated,previous_mapping
CHEMBL54,MONDO:0005090,indication,HALOPERIDOL,DB00502,Haloperidol,schizophrenia,schizophrenia,5090_13498_8414_10897_33312_10943_11552_14092_12054_11960_11280_11294_11295_11298_11307_11498_12879_13089_13506,MONDO_grouped,validated,previous_mapping
CHEMBL564,MONDO:0005090,indication,PROMAZINE,DB00420,Promazine,schizophrenia,schizophrenia,5090_13498_8414_10897_33312_10943_11552_14092_12054_11960_11280_11294_11295_11298_11307_11498_12879_13089_13506,MONDO_grouped,validated,previous_mapping
CHEMBL567,MONDO:0005090,indication,PERPHENAZINE,DB00850,Perphenazine,schizophrenia,schizophrenia,5090_13498_8414_10897_33312_10943_11552_14092_12054_11960_11280_11294_11295_11298_11307_11498_12879_13089_13506,MONDO_grouped,validated,previous_mapping
CHEMBL6066864,MONDO:0005090,indication,FLUPENTIXOL,DB00875,Flupentixol,schizophrenia,schizophrenia,5090_13498_8414_10897_33312_10943_11552_14092_12054_11960_11280_11294_11295_11298_11307_11498_12879_13089_13506,MONDO_grouped,validated,previous_mapping
CHEMBL708,MONDO:0005090,indication,ZIPRASIDONE,DB00246,Ziprasidone,schizophrenia,schizophrenia,5090_13498_8414_10897_33312_10943_11552_14092_12054_11960_11280_11294_11295_11298_11307_11498_12879_13089_13506,MONDO_grouped,validated,previous_mapping
CHEMBL71,MONDO:0005090,indication,CHLORPROMAZINE,DB00477,Chlorpromazine,schizophrenia,schizophrenia,5090_13498_8414_10897_33312_10943_11552_14092_12054_11960_11280_11294_11295_11298_11307_11498_12879_13089_13506,MONDO_grouped,validated,previous_mapping
CHEMBL715,MONDO:0005090,indication,OLANZAPINE,DB00334,Olanzapine,schizophrenia,schizophrenia,5090_13498_8414_10897_33312_10943_11552_14092_12054_11960_11280_11294_11295_11298_11307_11498_12879_13089_13506,MONDO_grouped,validated,previous_mapping
CHEMBL716,MONDO:0005090,indication,QUETIAPINE,DB01224,Quetiapine,schizophrenia,schizophrenia,5090_13498_8414_10897_33312_10943_11552_14092_12054_11960_11280_11294_11295_11298_11307_11498_12879_13089_13506,MONDO_grouped,validated,previous_mapping
CHEMBL726,MONDO:0005090,indication,FLUPHENAZINE,DB00623,Fluphenazine,schizophrenia,schizophrenia,5090_13498_8414_10897_33312_10943_11552_14092_12054_11960_11280_11294_11295_11298_11307_11498_12879_13089_13506,MONDO_grouped,validated,previous_mapping
CHEMBL728,MONDO:0005090,indication,PROCHLORPERAZINE,DB00433,Prochlorperazine,schizophrenia,schizophrenia,5090_13498_8414_10897_33312_10943_11552_14092_12054_11960_11280_11294_11295_11298_11307_11498_12879_13089_13506,MONDO_grouped,validated,previous_mapping
CHEMBL831,MONDO:0005090,indication,LOXAPINE,DB00408,Loxapine,schizophrenia,schizophrenia,5090_13498_8414_10897_33312_10943_11552_14092_12054_11960_11280_11294_11295_11298_11307_11498_12879_13089_13506,MONDO_grouped,validated,previous_mapping
CHEMBL85,MONDO:0005090,indication,RISPERIDONE,DB00734,Risperidone,schizophrenia,schizophrenia,5090_13498_8414_10897_33312_10943_11552_14092_12054_11960_11280_11294_11295_11298_11307_11498_12879_13089_13506,MONDO_grouped,validated,previous_mapping
CHEMBL908,MONDO:0005090,indication,CHLORPROTHIXENE,DB01239,Chlorprothixene,schizophrenia,schizophrenia,5090_13498_8414_10897_33312_10943_11552_14092_12054_11960_11280_11294_11295_11298_11307_11498_12879_13089_13506,MONDO_grouped,validated,previous_mapping
CHEMBL1006,MONDO:0005098,contraindication,AMIFOSTINE,DB01143,Amifostine,stroke disorder,stroke disorder,5098,MONDO,validated,previous_mapping
CHEMBL103,MONDO:0005098,contraindication,PROGESTERONE,DB00396,Progesterone,stroke disorder,stroke disorder,5098,MONDO,validated,previous_mapping
CHEMBL1094982,MONDO:0005098,contraindication,INOSITOL NICOTINATE,DB08949,Inositol nicotinate,stroke disorder,stroke disorder,5098,MONDO,validated,verified_external_cross_reference
CHEMBL11,MONDO:0005098,contraindication,IMIPRAMINE,DB00458,Imipramine,stroke disorder,stroke disorder,5098,MONDO,validated,previous_mapping
CHEMBL1162,MONDO:0005098,contraindication,NORETHINDRONE,DB00717,Norethisterone,stroke disorder,stroke disorder,5098,MONDO,validated,synonym_match
CHEMBL1164729,MONDO:0005098,contraindication,FEBUXOSTAT,DB04854,Febuxostat,stroke disorder,stroke disorder,5098,MONDO,validated,previous_mapping
CHEMBL118,MONDO:0005098,contraindication,CELECOXIB,DB00482,Celecoxib,stroke disorder,stroke disorder,5098,MONDO,validated,previous_mapping
CHEMBL1185,MONDO:0005098,contraindication,ZOLMITRIPTAN,DB00315,Zolmitriptan,stroke disorder,stroke disorder,5098,MONDO,validated,previous_mapping
CHEMBL119443,MONDO:0005098,contraindication,ERGONOVINE,DB01253,Ergometrine,stroke disorder,stroke disorder,5098,MONDO,validated,synonym_match
CHEMBL1200335,MONDO:0005098,contraindication,TESTOSTERONE ENANTHATE,DB13944,Testosterone enanthate,stroke disorder,stroke disorder,5098,MONDO,validated,previous_mapping
CHEMBL1200391,MONDO:0005098,contraindication,TROMETHAMINE,DB03754,Tromethamine,stroke disorder,stroke disorder,5098,MONDO,validated,previous_mapping
CHEMBL1200624,MONDO:0005098,contraindication,ETHYNODIOL DIACETATE,DB00823,Ethynodiol diacetate,stroke disorder,stroke disorder,5098,MONDO,validated,previous_mapping
CHEMBL1200640,MONDO:0005098,contraindication,FERROUS FUMARATE,DB14491,Ferrous fumarate,stroke disorder,stroke disorder,5098,MONDO,validated,previous_mapping
CHEMBL1200761,MONDO:0005098,contraindication,CHLOROTRIANISENE,DB00269,Chlorotrianisene,stroke disorder,stroke disorder,5098,MONDO,validated,previous_mapping
CHEMBL1200807,MONDO:0005098,contraindication,NORELGESTROMIN,DB06713,Norelgestromin,stroke disorder,stroke disorder,5098,MONDO,validated,previous_mapping
CHEMBL1200934,MONDO:0005098,contraindication,NORGESTIMATE,DB00957,Norgestimate,stroke disorder,stroke disorder,5098,MONDO,validated,previous_mapping
CHEMBL1200973,MONDO:0005098,contraindication,ESTRADIOL CYPIONATE,DB13954,Estradiol cypionate,stroke disorder,stroke disorder,5098,MONDO,validated,previous_mapping
CHEMBL1201101,MONDO:0005098,contraindication,TESTOSTERONE CYPIONATE,DB13943,Testosterone cypionate,stroke disorder,stroke disorder,5098,MONDO,validated,previous_mapping
CHEMBL1201151,MONDO:0005098,contraindication,MESTRANOL,DB01357,Mestranol,stroke disorder,stroke disorder,5098,MONDO,validated,previous_mapping
CHEMBL1201165,MONDO:0005098,contraindication,QUINESTROL,DB04575,Quinestrol,stroke disorder,stroke disorder,5098,MONDO,validated,previous_mapping
CHEMBL1201182,MONDO:0005098,contraindication,TEMSIROLIMUS,DB06287,Temsirolimus,stroke disorder,stroke disorder,5098,MONDO,validated,previous_mapping
CHEMBL1201199,MONDO:0005098,contraindication,LEUPROLIDE,DB00007,Leuprolide,stroke disorder,stroke disorder,5098,MONDO,validated,previous_mapping
CHEMBL1201201,MONDO:0005098,contraindication,METHAMPHETAMINE,DB01577,Metamfetamine,stroke disorder,stroke disorder,5098,MONDO,validated,synonym_match
CHEMBL1201222,MONDO:0005098,contraindication,LISDEXAMFETAMINE,DB01255,Lisdexamfetamine,stroke disorder,stroke disorder,5098,MONDO,validated,previous_mapping
CHEMBL1201356,MONDO:0005098,contraindication,METHYLERGONOVINE,DB00353,Methylergometrine,stroke disorder,stroke disorder,5098,MONDO,validated,synonym_match
CHEMBL1201666,MONDO:0005098,contraindication,LEPIRUDIN,DB00001,Lepirudin,stroke disorder,stroke disorder,5098,MONDO,validated,previous_mapping
CHEMBL1201772,MONDO:0005098,contraindication,PRASUGREL,DB06209,Prasugrel,stroke disorder,stroke disorder,5098,MONDO,validated,previous_mapping
CHEMBL1201864,MONDO:0005098,contraindication,DIENOGEST,DB09123,Dienogest,stroke disorder,stroke disorder,5098,MONDO,validated,previous_mapping
CHEMBL121,MONDO:0005098,contraindication,ROSIGLITAZONE,DB00412,Rosiglitazone,stroke disorder,stroke disorder,5098,MONDO,validated,previous_mapping
CHEMBL1222251,MONDO:0005098,contraindication,INOSITOL,DB13178,Inositol,stroke disorder,stroke disorder,5098,MONDO,validated,previous_mapping
CHEMBL1231574,MONDO:0005098,contraindication,LEVOMEFOLIC ACID,DB11256,Levomefolic acid,stroke disorder,stroke disorder,5098,MONDO,validated,previous_mapping
CHEMBL1237021,MONDO:0005098,contraindication,LURASIDONE,DB08815,Lurasidone,stroke disorder,stroke disorder,5098,MONDO,validated,previous_mapping
CHEMBL1278,MONDO:0005098,contraindication,NARATRIPTAN,DB00952,Naratriptan,stroke disorder,stroke disorder,5098,MONDO,validated,previous_mapping
CHEMBL1279,MONDO:0005098,contraindication,FROVATRIPTAN,DB00998,Frovatriptan,stroke disorder,stroke disorder,5098,MONDO,validated,previous_mapping
CHEMBL128,MONDO:0005098,contraindication,SUMATRIPTAN,DB00669,Sumatriptan,stroke disorder,stroke disorder,5098,MONDO,validated,previous_mapping
CHEMBL1297,MONDO:0005098,contraindication,FENOPROFEN,DB00573,Fenoprofen,stroke disorder,stroke disorder,5098,MONDO,validated,previous_mapping
CHEMBL135,MONDO:0005098,contraindication,ESTRADIOL,DB00783,Estradiol,stroke disorder,stroke disorder,5098,MONDO,validated,verified_external_cross_reference
CHEMBL1389,MONDO:0005098,contraindication,LEVONORGESTREL,DB00367,Levonorgestrel,stroke disorder,stroke disorder,5098,MONDO,validated,previous_mapping
CHEMBL139,MONDO:0005098,contraindication,DICLOFENAC,DB00586,Diclofenac,stroke disorder,stroke disorder,5098,MONDO,validated,previous_mapping
CHEMBL1395,MONDO:0005098,contraindication,METHYLTESTOSTERONE,DB06710,Methyltestosterone,stroke disorder,stroke disorder,5098,MONDO,validated,previous_mapping
CHEMBL1405,MONDO:0005098,contraindication,ESTRONE,DB00655,Estrone,stroke disorder,stroke disorder,5098,MONDO,validated,previous_mapping
CHEMBL1419,MONDO:0005098,contraindication,SIBUTRAMINE,DB01105,Sibutramine,stroke disorder,stroke disorder,5098,MONDO,validated,previous_mapping
CHEMBL1431,MONDO:0005098,contraindication,METFORMIN,DB00331,Metformin,stroke disorder,stroke disorder,5098,MONDO,validated,previous_mapping
CHEMBL1445,MONDO:0005098,contraindication,FLUOXYMESTERONE,DB01185,Fluoxymesterone,stroke disorder,stroke disorder,5098,MONDO,validated,previous_mapping
CHEMBL1481,MONDO:0005098,contraindication,GLIMEPIRIDE,DB00222,Glimepiride,stroke disorder,stroke disorder,5098,MONDO,validated,previous_mapping
CHEMBL1505,MONDO:0005098,contraindication,ALMOTRIPTAN,DB00918,Almotriptan,stroke disorder,stroke disorder,5098,MONDO,validated,previous_mapping
CHEMBL1509,MONDO:0005098,contraindication,DROSPIRENONE,DB01395,Drospirenone,stroke disorder,stroke disorder,5098,MONDO,validated,previous_mapping
CHEMBL1510,MONDO:0005098,contraindication,ELETRIPTAN,DB00216,Eletriptan,stroke disorder,stroke disorder,5098,MONDO,validated,previous_mapping
CHEMBL1511,MONDO:0005098,contraindication,ESTRADIOL VALERATE,DB13956,Estradiol valerate,stroke disorder,stroke disorder,5098,MONDO,validated,previous_mapping
CHEMBL1520,MONDO:0005098,contraindication,VARDENAFIL,DB00862,Vardenafil,stroke disorder,stroke disorder,5098,MONDO,validated,previous_mapping
CHEMBL1531,MONDO:0005098,contraindication,ETONOGESTREL,DB00294,Etonogestrel,stroke disorder,stroke disorder,5098,MONDO,validated,previous_mapping
CHEMBL1533,MONDO:0005098,contraindication,DESOGESTREL,DB00304,Desogestrel,stroke disorder,stroke disorder,5098,MONDO,validated,previous_mapping
CHEMBL154,MONDO:0005098,contraindication,NAPROXEN,DB00788,Naproxen,stroke disorder,stroke disorder,5098,MONDO,validated,previous_mapping
CHEMBL1590,MONDO:0005098,contraindication,PSEUDOEPHEDRINE,DB00852,Pseudoephedrine,stroke disorder,stroke disorder,5098,MONDO,validated,previous_mapping
CHEMBL1754,MONDO:0005098,contraindication,DOXAPRAM,DB00561,Doxapram,stroke disorder,stroke disorder,5098,MONDO,validated,previous_mapping
CHEMBL184,MONDO:0005098,contraindication,ACYCLOVIR,DB00787,Acyclovir,stroke disorder,stroke disorder,5098,MONDO,validated,previous_mapping
CHEMBL192,MONDO:0005098,contraindication,SILDENAFIL,DB00203,Sildenafil,stroke disorder,stroke disorder,5098,MONDO,validated,previous_mapping
CHEMBL2111164,MONDO:0005098,contraindication,TROLNITRATE,DB13719,Trolnitrate,stroke disorder,stroke disorder,5098,MONDO,validated,previous_mapping
CHEMBL211456,MONDO:0005098,contraindication,EPHEDRINE,DB01364,Ephedrine,stroke disorder,stroke disorder,5098,MONDO,validated,previous_mapping
CHEMBL21731,MONDO:0005098,contraindication,MAPROTILINE,DB00934,Maprotiline,stroke disorder,stroke disorder,5098,MONDO,validated,previous_mapping
CHEMBL276832,MONDO:0005098,contraindication,HYDRALAZINE,DB01275,Hydralazine,stroke disorder,stroke disorder,5098,MONDO,validated,previous_mapping
CHEMBL294199,MONDO:0005098,contraindication,CAPSAICIN,DB06774,Capsaicin,stroke disorder,stroke disorder,5098,MONDO,validated,previous_mapping
CHEMBL3187365,MONDO:0005098,contraindication,ASENAPINE,DB06216,Asenapine,stroke disorder,stroke disorder,5098,MONDO,validated,previous_mapping
CHEMBL3707247,MONDO:0005098,contraindication,OZANIMOD,DB12612,Ozanimod,stroke disorder,stroke disorder,5098,MONDO,validated,previous_mapping
CHEMBL386630,MONDO:0005098,contraindication,TESTOSTERONE,DB00624,Testosterone,stroke disorder,stroke disorder,5098,MONDO,validated,previous_mapping
CHEMBL405,MONDO:0005098,contraindication,AMPHETAMINE,DB00182,Amphetamine,stroke disorder,stroke disorder,5098,MONDO,validated,previous_mapping
CHEMBL41,MONDO:0005098,contraindication,FLUOXETINE,DB00472,Fluoxetine,stroke disorder,stroke disorder,5098,MONDO,validated,previous_mapping
CHEMBL411,MONDO:0005098,contraindication,DIETHYLSTILBESTROL,DB00255,Diethylstilbestrol,stroke disorder,stroke disorder,5098,MONDO,validated,previous_mapping
CHEMBL413,MONDO:0005098,contraindication,SIROLIMUS,DB00877,Sirolimus,stroke disorder,stroke disorder,5098,MONDO,validated,previous_mapping
CHEMBL42,MONDO:0005098,contraindication,CLOZAPINE,DB00363,Clozapine,stroke disorder,stroke disorder,5098,MONDO,validated,previous_mapping
CHEMBL435,MONDO:0005098,contraindication,HYDROCHLOROTHIAZIDE,DB00999,Hydrochlorothiazide,stroke disorder,stroke disorder,5098,MONDO,validated,previous_mapping
CHEMBL445,MONDO:0005098,contraindication,NORTRIPTYLINE,DB00540,Nortriptyline,stroke disorder,stroke disorder,5098,MONDO,validated,previous_mapping
CHEMBL449,MONDO:0005098,contraindication,BUTABARBITAL,DB00237,Butabarbital,stroke disorder,stroke disorder,5098,MONDO,validated,previous_mapping
CHEMBL451,MONDO:0005098,contraindication,CHLORDIAZEPOXIDE,DB00475,Chlordiazepoxide,stroke disorder,stroke disorder,5098,MONDO,validated,previous_mapping
CHEMBL469,MONDO:0005098,contraindication,KETOROLAC,DB00465,Ketorolac,stroke disorder,stroke disorder,5098,MONDO,validated,previous_mapping
CHEMBL480,MONDO:0005098,contraindication,LANSOPRAZOLE,DB00448,Lansoprazole,stroke disorder,stroke disorder,5098,MONDO,validated,previous_mapping
CHEMBL493,MONDO:0005098,contraindication,BROMOCRIPTINE,DB01200,Bromocriptine,stroke disorder,stroke disorder,5098,MONDO,validated,previous_mapping
CHEMBL521,MONDO:0005098,contraindication,IBUPROFEN,DB01050,Ibuprofen,stroke disorder,stroke disorder,5098,MONDO,validated,previous_mapping
CHEMBL527,MONDO:0005098,contraindication,PIROXICAM,DB00554,Piroxicam,stroke disorder,stroke disorder,5098,MONDO,validated,previous_mapping
CHEMBL553,MONDO:0005098,contraindication,ERLOTINIB,DB00530,Erlotinib,stroke disorder,stroke disorder,5098,MONDO,validated,previous_mapping
CHEMBL599,MONDO:0005098,contraindication,MELOXICAM,DB00814,Meloxicam,stroke disorder,stroke disorder,5098,MONDO,validated,previous_mapping
CHEMBL606,MONDO:0005098,contraindication,MISOPROSTOL,DB00929,Misoprostol,stroke disorder,stroke disorder,5098,MONDO,validated,previous_mapping
CHEMBL612,MONDO:0005098,contraindication,DEXTROAMPHETAMINE,DB01576,Dextroamphetamine,stroke disorder,stroke disorder,5098,MONDO,validated,previous_mapping
CHEMBL623,MONDO:0005098,contraindication,NEFAZODONE,DB01149,Nefazodone,stroke disorder,stroke disorder,5098,MONDO,validated,previous_mapping
CHEMBL641,MONDO:0005098,contraindication,ATOMOXETINE,DB00289,Atomoxetine,stroke disorder,stroke disorder,5098,MONDO,validated,previous_mapping
CHEMBL644,MONDO:0005098,contraindication,TRIMIPRAMINE,DB00726,Trimipramine,stroke disorder,stroke disorder,5098,MONDO,validated,previous_mapping
CHEMBL654,MONDO:0005098,contraindication,MIRTAZAPINE,DB00370,Mirtazapine,stroke disorder,stroke disorder,5098,MONDO,validated,previous_mapping
CHEMBL6622,MONDO:0005098,contraindication,ISOSORBIDE DINITRATE,DB00883,Isosorbide dinitrate,stroke disorder,stroke disorder,5098,MONDO,validated,previous_mapping
CHEMBL691,MONDO:0005098,contraindication,ETHINYL ESTRADIOL,DB00977,Ethinylestradiol,stroke disorder,stroke disorder,5098,MONDO,validated,synonym_match
CHEMBL701,MONDO:0005098,contraindication,BACLOFEN,DB00181,Baclofen,stroke disorder,stroke disorder,5098,MONDO,validated,previous_mapping
CHEMBL715,MONDO:0005098,contraindication,OLANZAPINE,DB00334,Olanzapine,stroke disorder,stroke disorder,5098,MONDO,validated,previous_mapping
CHEMBL717,MONDO:0005098,contraindication,MEDROXYPROGESTERONE ACETATE,DB00603,Medroxyprogesterone acetate,stroke disorder,stroke disorder,5098,MONDO,validated,previous_mapping
CHEMBL72,MONDO:0005098,contraindication,DESIPRAMINE,DB01151,Desipramine,stroke disorder,stroke disorder,5098,MONDO,validated,previous_mapping
CHEMBL742,MONDO:0005098,contraindication,KETAMINE,DB01221,Ketamine,stroke disorder,stroke disorder,5098,MONDO,validated,previous_mapping
CHEMBL76370,MONDO:0005098,contraindication,TEGASEROD,DB01079,Tegaserod,stroke disorder,stroke disorder,5098,MONDO,validated,previous_mapping
CHEMBL772,MONDO:0005098,contraindication,RESERPINE,DB00206,Reserpine,stroke disorder,stroke disorder,5098,MONDO,validated,previous_mapping
CHEMBL779,MONDO:0005098,contraindication,TADALAFIL,DB00820,Tadalafil,stroke disorder,stroke disorder,5098,MONDO,validated,previous_mapping
CHEMBL796,MONDO:0005098,contraindication,METHYLPHENIDATE,DB00422,Methylphenidate,stroke disorder,stroke disorder,5098,MONDO,validated,previous_mapping
CHEMBL802,MONDO:0005098,contraindication,MINOXIDIL,DB00350,Minoxidil,stroke disorder,stroke disorder,5098,MONDO,validated,previous_mapping
CHEMBL81,MONDO:0005098,contraindication,RALOXIFENE,DB00481,Raloxifene,stroke disorder,stroke disorder,5098,MONDO,validated,previous_mapping
CHEMBL827,MONDO:0005098,contraindication,DEXMETHYLPHENIDATE,DB06701,Dexmethylphenidate,stroke disorder,stroke disorder,5098,MONDO,validated,previous_mapping
CHEMBL83,MONDO:0005098,contraindication,TAMOXIFEN,DB00675,Tamoxifen,stroke disorder,stroke disorder,5098,MONDO,validated,previous_mapping
CHEMBL842,MONDO:0005098,contraindication,CHLOROTHIAZIDE,DB00880,Chlorothiazide,stroke disorder,stroke disorder,5098,MONDO,validated,previous_mapping
CHEMBL85,MONDO:0005098,contraindication,RISPERIDONE,DB00734,Risperidone,stroke disorder,stroke disorder,5098,MONDO,validated,previous_mapping
CHEMBL877,MONDO:0005098,contraindication,TRANEXAMIC ACID,DB00302,Tranexamic acid,stroke disorder,stroke disorder,5098,MONDO,validated,previous_mapping
CHEMBL905,MONDO:0005098,contraindication,RIZATRIPTAN,DB00953,Rizatriptan,stroke disorder,stroke disorder,5098,MONDO,validated,previous_mapping
CHEMBL916,MONDO:0005098,contraindication,TIROFIBAN,DB00775,Tirofiban,stroke disorder,stroke disorder,5098,MONDO,validated,previous_mapping
CHEMBL979,MONDO:0005098,contraindication,MEPROBAMATE,DB00371,Meprobamate,stroke disorder,stroke disorder,5098,MONDO,validated,previous_mapping
CHEMBL1017,MONDO:0005098,indication,TELMISARTAN,DB00966,Telmisartan,stroke disorder,stroke disorder,5098,MONDO,validated,previous_mapping
CHEMBL1064,MONDO:0005098,indication,SIMVASTATIN,DB00641,Simvastatin,stroke disorder,stroke disorder,5098,MONDO,validated,previous_mapping
CHEMBL1144,MONDO:0005098,indication,PRAVASTATIN,DB00175,Pravastatin,stroke disorder,stroke disorder,5098,MONDO,validated,previous_mapping
CHEMBL1168,MONDO:0005098,indication,RAMIPRIL,DB00178,Ramipril,stroke disorder,stroke disorder,5098,MONDO,validated,previous_mapping
CHEMBL1201593,MONDO:0005098,indication,ALTEPLASE,DB00009,Alteplase,stroke disorder,stroke disorder,5098,MONDO,validated,previous_mapping
CHEMBL1487,MONDO:0005098,indication,ATORVASTATIN,DB01076,Atorvastatin,stroke disorder,stroke disorder,5098,MONDO,validated,previous_mapping
CHEMBL1491,MONDO:0005098,indication,AMLODIPINE,DB00381,Amlodipine,stroke disorder,stroke disorder,5098,MONDO,validated,previous_mapping
CHEMBL1496,MONDO:0005098,indication,ROSUVASTATIN,DB01098,Rosuvastatin,stroke disorder,stroke disorder,5098,MONDO,validated,previous_mapping
CHEMBL248594,MONDO:0005098,indication,BUTYLPHTHALIDE,DB12749,Butylphthalide,stroke disorder,stroke disorder,5098,MONDO,validated,verified_external_cross_reference
CHEMBL290916,MONDO:0005098,indication,EDARAVONE,DB12243,Edaravone,stroke disorder,stroke disorder,5098,MONDO,validated,previous_mapping
CHEMBL493982,MONDO:0005098,indication,VORAPAXAR,DB09030,Vorapaxar,stroke disorder,stroke disorder,5098,MONDO,validated,previous_mapping
CHEMBL2220442,MONDO:0005098,off-label use,FLUVASTATIN,DB01095,Fluvastatin,stroke disorder,stroke disorder,5098,MONDO,validated,previous_mapping
CHEMBL503,MONDO:0005098,off-label use,LOVASTATIN,DB00227,Lovastatin,stroke disorder,stroke disorder,5098,MONDO,validated,previous_mapping
