protein_entrez_id,protein_gene_symbol,protein_source,disease_primekg_id,disease_name,disease_source
2,A2M,NCBI,11913_7088_11743_12153_7089_11194_12321_15140_4975_11561_11647_11777_12344_12609_12630_12631_14265_10422_14036_14316_100088,Alzheimer disease,MONDO_grouped
10347,ABCA7,NCBI,11913_7088_11743_12153_7089_11194_12321_15140_4975_11561_11647_11777_12344_12609_12630_12631_14265_10422_14036_14316_100088,Alzheimer disease,MONDO_grouped
51225,ABI3,NCBI,11913_7088_11743_12153_7089_11194_12321_15140_4975_11561_11647_11777_12344_12609_12630_12631_14265_10422_14036_14316_100088,Alzheimer disease,MONDO_grouped
1636,ACE,NCBI,11913_7088_11743_12153_7089_11194_12321_15140_4975_11561_11647_11777_12344_12609_12630_12631_14265_10422_14036_14316_100088,Alzheimer disease,MONDO_grouped
43,ACHE,NCBI,11913_7088_11743_12153_7089_11194_12321_15140_4975_11561_11647_11777_12344_12609_12630_12631_14265_10422_14036_14316_100088,Alzheimer disease,MONDO_grouped
102,ADAM10,NCBI,11913_7088_11743_12153_7089_11194_12321_15140_4975_11561_11647_11777_12344_12609_12630_12631_14265_10422_14036_14316_100088,Alzheimer disease,MONDO_grouped
9510,ADAMTS1,NCBI,11913_7088_11743_12153_7089_11194_12321_15140_4975_11561_11647_11777_12344_12609_12630_12631_14265_10422_14036_14316_100088,Alzheimer disease,MONDO_grouped
267,AMFR,NCBI,11913_7088_11743_12153_7089_11194_12321_15140_4975_11561_11647_11777_12344_12609_12630_12631_14265_10422_14036_14316_100088,Alzheimer disease,MONDO_grouped
341,APOC1,NCBI,11913_7088_11743_12153_7089_11194_12321_15140_4975_11561_11647_11777_12344_12609_12630_12631_14265_10422_14036_14316_100088,Alzheimer disease,MONDO_grouped
348,APOE,NCBI,11913_7088_11743_12153_7089_11194_12321_15140_4975_11561_11647_11777_12344_12609_12630_12631_14265_10422_14036_14316_100088,Alzheimer disease,MONDO_grouped
351,APP,NCBI,11913_7088_11743_12153_7089_11194_12321_15140_4975_11561_11647_11777_12344_12609_12630_12631_14265_10422_14036_14316_100088,Alzheimer disease,MONDO_grouped
23237,ARC,NCBI,11913_7088_11743_12153_7089_11194_12321_15140_4975_11561_11647_11777_12344_12609_12630_12631_14265_10422_14036_14316_100088,Alzheimer disease,MONDO_grouped
498,ATP5F1A,NCBI,11913_7088_11743_12153_7089_11194_12321_15140_4975_11561_11647_11777_12344_12609_12630_12631_14265_10422_14036_14316_100088,Alzheimer disease,MONDO_grouped
23621,BACE1,NCBI,11913_7088_11743_12153_7089_11194_12321_15140_4975_11561_11647_11777_12344_12609_12630_12631_14265_10422_14036_14316_100088,Alzheimer disease,MONDO_grouped
581,BAX,NCBI,11913_7088_11743_12153_7089_11194_12321_15140_4975_11561_11647_11777_12344_12609_12630_12631_14265_10422_14036_14316_100088,Alzheimer disease,MONDO_grouped
590,BCHE,NCBI,11913_7088_11743_12153_7089_11194_12321_15140_4975_11561_11647_11777_12344_12609_12630_12631_14265_10422_14036_14316_100088,Alzheimer disease,MONDO_grouped
596,BCL2,NCBI,11913_7088_11743_12153_7089_11194_12321_15140_4975_11561_11647_11777_12344_12609_12630_12631_14265_10422_14036_14316_100088,Alzheimer disease,MONDO_grouped
627,BDNF,NCBI,11913_7088_11743_12153_7089_11194_12321_15140_4975_11561_11647_11777_12344_12609_12630_12631_14265_10422_14036_14316_100088,Alzheimer disease,MONDO_grouped
274,BIN1,NCBI,11913_7088_11743_12153_7089_11194_12321_15140_4975_11561_11647_11777_12344_12609_12630_12631_14265_10422_14036_14316_100088,Alzheimer disease,MONDO_grouped
801,CALM1,NCBI,11913_7088_11743_12153_7089_11194_12321_15140_4975_11561_11647_11777_12344_12609_12630_12631_14265_10422_14036_14316_100088,Alzheimer disease,MONDO_grouped
836,CASP3,NCBI,11913_7088_11743_12153_7089_11194_12321_15140_4975_11561_11647_11777_12344_12609_12630_12631_14265_10422_14036_14316_100088,Alzheimer disease,MONDO_grouped
57091,CASS4,NCBI,11913_7088_11743_12153_7089_11194_12321_15140_4975_11561_11647_11777_12344_12609_12630_12631_14265_10422_14036_14316_100088,Alzheimer disease,MONDO_grouped
23607,CD2AP,NCBI,11913_7088_11743_12153_7089_11194_12321_15140_4975_11561_11647_11777_12344_12609_12630_12631_14265_10422_14036_14316_100088,Alzheimer disease,MONDO_grouped
945,CD33,NCBI,11913_7088_11743_12153_7089_11194_12321_15140_4975_11561_11647_11777_12344_12609_12630_12631_14265_10422_14036_14316_100088,Alzheimer disease,MONDO_grouped
1139,CHRNA7,NCBI,11913_7088_11743_12153_7089_11194_12321_15140_4975_11561_11647_11777_12344_12609_12630_12631_14265_10422_14036_14316_100088,Alzheimer disease,MONDO_grouped
1141,CHRNB2,NCBI,11913_7088_11743_12153_7089_11194_12321_15140_4975_11561_11647_11777_12344_12609_12630_12631_14265_10422_14036_14316_100088,Alzheimer disease,MONDO_grouped
1191,CLU,NCBI,11913_7088_11743_12153_7089_11194_12321_15140_4975_11561_11647_11777_12344_12609_12630_12631_14265_10422_14036_14316_100088,Alzheimer disease,MONDO_grouped
1378,CR1,NCBI,11913_7088_11743_12153_7089_11194_12321_15140_4975_11561_11647_11777_12344_12609_12630_12631_14265_10422_14036_14316_100088,Alzheimer disease,MONDO_grouped
1392,CRH,NCBI,11913_7088_11743_12153_7089_11194_12321_15140_4975_11561_11647_11777_12344_12609_12630_12631_14265_10422_14036_14316_100088,Alzheimer disease,MONDO_grouped
1471,CST3,NCBI,11913_7088_11743_12153_7089_11194_12321_15140_4975_11561_11647_11777_12344_12609_12630_12631_14265_10422_14036_14316_100088,Alzheimer disease,MONDO_grouped
1565,CYP2D6,NCBI,11913_7088_11743_12153_7089_11194_12321_15140_4975_11561_11647_11777_12344_12609_12630_12631_14265_10422_14036_14316_100088,Alzheimer disease,MONDO_grouped
10858,CYP46A1,NCBI,11913_7088_11743_12153_7089_11194_12321_15140_4975_11561_11647_11777_12344_12609_12630_12631_14265_10422_14036_14316_100088,Alzheimer disease,MONDO_grouped
1718,DHCR24,NCBI,11913_7088_11743_12153_7089_11194_12321_15140_4975_11561_11647_11777_12344_12609_12630_12631_14265_10422_14036_14316_100088,Alzheimer disease,MONDO_grouped
1808,DPYSL2,NCBI,11913_7088_11743_12153_7089_11194_12321_15140_4975_11561_11647_11777_12344_12609_12630_12631_14265_10422_14036_14316_100088,Alzheimer disease,MONDO_grouped
1965,EIF2S1,NCBI,11913_7088_11743_12153_7089_11194_12321_15140_4975_11561_11647_11777_12344_12609_12630_12631_14265_10422_14036_14316_100088,Alzheimer disease,MONDO_grouped
2023,ENO1,NCBI,11913_7088_11743_12153_7089_11194_12321_15140_4975_11561_11647_11777_12344_12609_12630_12631_14265_10422_14036_14316_100088,Alzheimer disease,MONDO_grouped
2041,EPHA1,NCBI,11913_7088_11743_12153_7089_11194_12321_15140_4975_11561_11647_11777_12344_12609_12630_12631_14265_10422_14036_14316_100088,Alzheimer disease,MONDO_grouped
2099,ESR1,NCBI,11913_7088_11743_12153_7089_11194_12321_15140_4975_11561_11647_11777_12344_12609_12630_12631_14265_10422_14036_14316_100088,Alzheimer disease,MONDO_grouped
2147,F2,NCBI,11913_7088_11743_12153_7089_11194_12321_15140_4975_11561_11647_11777_12344_12609_12630_12631_14265_10422_14036_14316_100088,Alzheimer disease,MONDO_grouped
26330,GAPDHS,NCBI,11913_7088_11743_12153_7089_11194_12321_15140_4975_11561_11647_11777_12344_12609_12630_12631_14265_10422_14036_14316_100088,Alzheimer disease,MONDO_grouped
2932,GSK3B,NCBI,11913_7088_11743_12153_7089_11194_12321_15140_4975_11561_11647_11777_12344_12609_12630_12631_14265_10422_14036_14316_100088,Alzheimer disease,MONDO_grouped
3077,HFE,NCBI,11913_7088_11743_12153_7089_11194_12321_15140_4975_11561_11647_11777_12344_12609_12630_12631_14265_10422_14036_14316_100088,Alzheimer disease,MONDO_grouped
3127,HLA-DRB5,NCBI,11913_7088_11743_12153_7089_11194_12321_15140_4975_11561_11647_11777_12344_12609_12630_12631_14265_10422_14036_14316_100088,Alzheimer disease,MONDO_grouped
3162,HMOX1,NCBI,11913_7088_11743_12153_7089_11194_12321_15140_4975_11561_11647_11777_12344_12609_12630_12631_14265_10422_14036_14316_100088,Alzheimer disease,MONDO_grouped
3416,IDE,NCBI,11913_7088_11743_12153_7089_11194_12321_15140_4975_11561_11647_11777_12344_12609_12630_12631_14265_10422_14036_14316_100088,Alzheimer disease,MONDO_grouped
3479,IGF1,NCBI,11913_7088_11743_12153_7089_11194_12321_15140_4975_11561_11647_11777_12344_12609_12630_12631_14265_10422_14036_14316_100088,Alzheimer disease,MONDO_grouped
3480,IGF1R,NCBI,11913_7088_11743_12153_7089_11194_12321_15140_4975_11561_11647_11777_12344_12609_12630_12631_14265_10422_14036_14316_100088,Alzheimer disease,MONDO_grouped
3481,IGF2,NCBI,11913_7088_11743_12153_7089_11194_12321_15140_4975_11561_11647_11777_12344_12609_12630_12631_14265_10422_14036_14316_100088,Alzheimer disease,MONDO_grouped
3482,IGF2R,NCBI,11913_7088_11743_12153_7089_11194_12321_15140_4975_11561_11647_11777_12344_12609_12630_12631_14265_10422_14036_14316_100088,Alzheimer disease,MONDO_grouped
3553,IL1B,NCBI,11913_7088_11743_12153_7089_11194_12321_15140_4975_11561_11647_11777_12344_12609_12630_12631_14265_10422_14036_14316_100088,Alzheimer disease,MONDO_grouped
3635,INPP5D,NCBI,11913_7088_11743_12153_7089_11194_12321_15140_4975_11561_11647_11777_12344_12609_12630_12631_14265_10422_14036_14316_100088,Alzheimer disease,MONDO_grouped
3630,INS,NCBI,11913_7088_11743_12153_7089_11194_12321_15140_4975_11561_11647_11777_12344_12609_12630_12631_14265_10422_14036_14316_100088,Alzheimer disease,MONDO_grouped
3643,INSR,NCBI,11913_7088_11743_12153_7089_11194_12321_15140_4975_11561_11647_11777_12344_12609_12630_12631_14265_10422_14036_14316_100088,Alzheimer disease,MONDO_grouped
124152,IQCK,NCBI,11913_7088_11743_12153_7089_11194_12321_15140_4975_11561_11647_11777_12344_12609_12630_12631_14265_10422_14036_14316_100088,Alzheimer disease,MONDO_grouped
3952,LEP,NCBI,11913_7088_11743_12153_7089_11194_12321_15140_4975_11561_11647_11777_12344_12609_12630_12631_14265_10422_14036_14316_100088,Alzheimer disease,MONDO_grouped
4129,MAOB,NCBI,11913_7088_11743_12153_7089_11194_12321_15140_4975_11561_11647_11777_12344_12609_12630_12631_14265_10422_14036_14316_100088,Alzheimer disease,MONDO_grouped
4137,MAPT,NCBI,11913_7088_11743_12153_7089_11194_12321_15140_4975_11561_11647_11777_12344_12609_12630_12631_14265_10422_14036_14316_100088,Alzheimer disease,MONDO_grouped
406892,MIR100,NCBI,11913_7088_11743_12153_7089_11194_12321_15140_4975_11561_11647_11777_12344_12609_12630_12631_14265_10422_14036_14316_100088,Alzheimer disease,MONDO_grouped
406938,MIR146A,NCBI,11913_7088_11743_12153_7089_11194_12321_15140_4975_11561_11647_11777_12344_12609_12630_12631_14265_10422_14036_14316_100088,Alzheimer disease,MONDO_grouped
407022,MIR296,NCBI,11913_7088_11743_12153_7089_11194_12321_15140_4975_11561_11647_11777_12344_12609_12630_12631_14265_10422_14036_14316_100088,Alzheimer disease,MONDO_grouped
100500871,MIR3622B,NCBI,11913_7088_11743_12153_7089_11194_12321_15140_4975_11561_11647_11777_12344_12609_12630_12631_14265_10422_14036_14316_100088,Alzheimer disease,MONDO_grouped
494324,MIR375,NCBI,11913_7088_11743_12153_7089_11194_12321_15140_4975_11561_11647_11777_12344_12609_12630_12631_14265_10422_14036_14316_100088,Alzheimer disease,MONDO_grouped
100616367,MIR4467,NCBI,11913_7088_11743_12153_7089_11194_12321_15140_4975_11561_11647_11777_12344_12609_12630_12631_14265_10422_14036_14316_100088,Alzheimer disease,MONDO_grouped
574508,MIR505,NCBI,11913_7088_11743_12153_7089_11194_12321_15140_4975_11561_11647_11777_12344_12609_12630_12631_14265_10422_14036_14316_100088,Alzheimer disease,MONDO_grouped
100126333,MIR708,NCBI,11913_7088_11743_12153_7089_11194_12321_15140_4975_11561_11647_11777_12344_12609_12630_12631_14265_10422_14036_14316_100088,Alzheimer disease,MONDO_grouped
768218,MIR766,NCBI,11913_7088_11743_12153_7089_11194_12321_15140_4975_11561_11647_11777_12344_12609_12630_12631_14265_10422_14036_14316_100088,Alzheimer disease,MONDO_grouped
4353,MPO,NCBI,11913_7088_11743_12153_7089_11194_12321_15140_4975_11561_11647_11777_12344_12609_12630_12631_14265_10422_14036_14316_100088,Alzheimer disease,MONDO_grouped
51338,MS4A4A,NCBI,11913_7088_11743_12153_7089_11194_12321_15140_4975_11561_11647_11777_12344_12609_12630_12631_14265_10422_14036_14316_100088,Alzheimer disease,MONDO_grouped
4524,MTHFR,NCBI,11913_7088_11743_12153_7089_11194_12321_15140_4975_11561_11647_11777_12344_12609_12630_12631_14265_10422_14036_14316_100088,Alzheimer disease,MONDO_grouped
23385,NCSTN,NCBI,11913_7088_11743_12153_7089_11194_12321_15140_4975_11561_11647_11777_12344_12609_12630_12631_14265_10422_14036_14316_100088,Alzheimer disease,MONDO_grouped
5819,NECTIN2,NCBI,11913_7088_11743_12153_7089_11194_12321_15140_4975_11561_11647_11777_12344_12609_12630_12631_14265_10422_14036_14316_100088,Alzheimer disease,MONDO_grouped
4846,NOS3,NCBI,11913_7088_11743_12153_7089_11194_12321_15140_4975_11561_11647_11777_12344_12609_12630_12631_14265_10422_14036_14316_100088,Alzheimer disease,MONDO_grouped
4852,NPY,NCBI,11913_7088_11743_12153_7089_11194_12321_15140_4975_11561_11647_11777_12344_12609_12630_12631_14265_10422_14036_14316_100088,Alzheimer disease,MONDO_grouped
27328,PCDH11X,NCBI,11913_7088_11743_12153_7089_11194_12321_15140_4975_11561_11647_11777_12344_12609_12630_12631_14265_10422_14036_14316_100088,Alzheimer disease,MONDO_grouped
10857,PGRMC1,NCBI,11913_7088_11743_12153_7089_11194_12321_15140_4975_11561_11647_11777_12344_12609_12630_12631_14265_10422_14036_14316_100088,Alzheimer disease,MONDO_grouped
8301,PICALM,NCBI,11913_7088_11743_12153_7089_11194_12321_15140_4975_11561_11647_11777_12344_12609_12630_12631_14265_10422_14036_14316_100088,Alzheimer disease,MONDO_grouped
5328,PLAU,NCBI,11913_7088_11743_12153_7089_11194_12321_15140_4975_11561_11647_11777_12344_12609_12630_12631_14265_10422_14036_14316_100088,Alzheimer disease,MONDO_grouped
5336,PLCG2,NCBI,11913_7088_11743_12153_7089_11194_12321_15140_4975_11561_11647_11777_12344_12609_12630_12631_14265_10422_14036_14316_100088,Alzheimer disease,MONDO_grouped
5468,PPARG,NCBI,11913_7088_11743_12153_7089_11194_12321_15140_4975_11561_11647_11777_12344_12609_12630_12631_14265_10422_14036_14316_100088,Alzheimer disease,MONDO_grouped
5621,PRNP,NCBI,11913_7088_11743_12153_7089_11194_12321_15140_4975_11561_11647_11777_12344_12609_12630_12631_14265_10422_14036_14316_100088,Alzheimer disease,MONDO_grouped
5663,PSEN1,NCBI,11913_7088_11743_12153_7089_11194_12321_15140_4975_11561_11647_11777_12344_12609_12630_12631_14265_10422_14036_14316_100088,Alzheimer disease,MONDO_grouped
5664,PSEN2,NCBI,11913_7088_11743_12153_7089_11194_12321_15140_4975_11561_11647_11777_12344_12609_12630_12631_14265_10422_14036_14316_100088,Alzheimer disease,MONDO_grouped
5697,PYY,NCBI,11913_7088_11743_12153_7089_11194_12321_15140_4975_11561_11647_11777_12344_12609_12630_12631_14265_10422_14036_14316_100088,Alzheimer disease,MONDO_grouped
5649,RELN,NCBI,11913_7088_11743_12153_7089_11194_12321_15140_4975_11561_11647_11777_12344_12609_12630_12631_14265_10422_14036_14316_100088,Alzheimer disease,MONDO_grouped
6517,SLC2A4,NCBI,11913_7088_11743_12153_7089_11194_12321_15140_4975_11561_11647_11777_12344_12609_12630_12631_14265_10422_14036_14316_100088,Alzheimer disease,MONDO_grouped
7782,SLC30A4,NCBI,11913_7088_11743_12153_7089_11194_12321_15140_4975_11561_11647_11777_12344_12609_12630_12631_14265_10422_14036_14316_100088,Alzheimer disease,MONDO_grouped
55676,SLC30A6,NCBI,11913_7088_11743_12153_7089_11194_12321_15140_4975_11561_11647_11777_12344_12609_12630_12631_14265_10422_14036_14316_100088,Alzheimer disease,MONDO_grouped
100170222,SNAR-I,NCBI,11913_7088_11743_12153_7089_11194_12321_15140_4975_11561_11647_11777_12344_12609_12630_12631_14265_10422_14036_14316_100088,Alzheimer disease,MONDO_grouped
6648,SOD2,NCBI,11913_7088_11743_12153_7089_11194_12321_15140_4975_11561_11647_11777_12344_12609_12630_12631_14265_10422_14036_14316_100088,Alzheimer disease,MONDO_grouped
6653,SORL1,NCBI,11913_7088_11743_12153_7089_11194_12321_15140_4975_11561_11647_11777_12344_12609_12630_12631_14265_10422_14036_14316_100088,Alzheimer disease,MONDO_grouped
7018,TF,NCBI,11913_7088_11743_12153_7089_11194_12321_15140_4975_11561_11647_11777_12344_12609_12630_12631_14265_10422_14036_14316_100088,Alzheimer disease,MONDO_grouped
7019,TFAM,NCBI,11913_7088_11743_12153_7089_11194_12321_15140_4975_11561_11647_11777_12344_12609_12630_12631_14265_10422_14036_14316_100088,Alzheimer disease,MONDO_grouped
7124,TNF,NCBI,11913_7088_11743_12153_7089_11194_12321_15140_4975_11561_11647_11777_12344_12609_12630_12631_14265_10422_14036_14316_100088,Alzheimer disease,MONDO_grouped
10452,TOMM40,NCBI,11913_7088_11743_12153_7089_11194_12321_15140_4975_11561_11647_11777_12344_12609_12630_12631_14265_10422_14036_14316_100088,Alzheimer disease,MONDO_grouped
7167,TPI1,NCBI,11913_7088_11743_12153_7089_11194_12321_15140_4975_11561_11647_11777_12344_12609_12630_12631_14265_10422_14036_14316_100088,Alzheimer disease,MONDO_grouped
1200,TPP1,NCBI,11913_7088_11743_12153_7089_11194_12321_15140_4975_11561_11647_11777_12344_12609_12630_12631_14265_10422_14036_14316_100088,Alzheimer disease,MONDO_grouped
54209,TREM2,NCBI,11913_7088_11743_12153_7089_11194_12321_15140_4975_11561_11647_11777_12344_12609_12630_12631_14265_10422_14036_14316_100088,Alzheimer disease,MONDO_grouped
8633,UNC5C,NCBI,11913_7088_11743_12153_7089_11194_12321_15140_4975_11561_11647_11777_12344_12609_12630_12631_14265_10422_14036_14316_100088,Alzheimer disease,MONDO_grouped
7422,VEGFA,NCBI,11913_7088_11743_12153_7089_11194_12321_15140_4975_11561_11647_11777_12344_12609_12630_12631_14265_10422_14036_14316_100088,Alzheimer disease,MONDO_grouped
7447,VSNL1,NCBI,11913_7088_11743_12153_7089_11194_12321_15140_4975_11561_11647_11777_12344_12609_12630_12631_14265_10422_14036_14316_100088,Alzheimer disease,MONDO_grouped
51741,WWOX,NCBI,11913_7088_11743_12153_7089_11194_12321_15140_4975_11561_11647_11777_12344_12609_12630_12631_14265_10422_14036_14316_100088,Alzheimer disease,MONDO_grouped
5243,ABCB1,NCBI,11764_11658_13625_8199_14604_11613_14233_11562_8200_14796_17279_5180_6966_828_10796_10360_11737_13167,Parkinson disease,MONDO_grouped
105,ADARB2,NCBI,11764_11658_13625_8199_14604_11613_14233_11562_8200_14796_17279_5180_6966_828_10796_10360_11737_13167,Parkinson disease,MONDO_grouped
126,ADH1C,NCBI,11764_11658_13625_8199_14604_11613_14233_11562_8200_14796_17279_5180_6966_828_10796_10360_11737_13167,Parkinson disease,MONDO_grouped
199,AIF1,NCBI,11764_11658_13625_8199_14604_11613_14233_11562_8200_14796_17279_5180_6966_828_10796_10360_11737_13167,Parkinson disease,MONDO_grouped
23400,ATP13A2,NCBI,11764_11658_13625_8199_14604_11613_14233_11562_8200_14796_17279_5180_6966_828_10796_10360_11737_13167,Parkinson disease,MONDO_grouped
6311,ATXN2,NCBI,11764_11658_13625_8199_14604_11613_14233_11562_8200_14796_17279_5180_6966_828_10796_10360_11737_13167,Parkinson disease,MONDO_grouped
6315,ATXN8OS,NCBI,11764_11658_13625_8199_14604_11613_14233_11562_8200_14796_17279_5180_6966_828_10796_10360_11737_13167,Parkinson disease,MONDO_grouped
9529,BAG5,NCBI,11764_11658_13625_8199_14604_11613_14233_11562_8200_14796_17279_5180_6966_828_10796_10360_11737_13167,Parkinson disease,MONDO_grouped
590,BCHE,NCBI,11764_11658_13625_8199_14604_11613_14233_11562_8200_14796_17279_5180_6966_828_10796_10360_11737_13167,Parkinson disease,MONDO_grouped
627,BDNF,NCBI,11764_11658_13625_8199_14604_11613_14233_11562_8200_14796_17279_5180_6966_828_10796_10360_11737_13167,Parkinson disease,MONDO_grouped
683,BST1,NCBI,11764_11658_13625_8199_14604_11613_14233_11562_8200_14796_17279_5180_6966_828_10796_10360_11737_13167,Parkinson disease,MONDO_grouped
4680,CEACAM6,NCBI,11764_11658_13625_8199_14604_11613_14233_11562_8200_14796_17279_5180_6966_828_10796_10360_11737_13167,Parkinson disease,MONDO_grouped
1269,CNR2,NCBI,11764_11658_13625_8199_14604_11613_14233_11562_8200_14796_17279_5180_6966_828_10796_10360_11737_13167,Parkinson disease,MONDO_grouped
26047,CNTNAP2,NCBI,11764_11658_13625_8199_14604_11613_14233_11562_8200_14796_17279_5180_6966_828_10796_10360_11737_13167,Parkinson disease,MONDO_grouped
1310,COL19A1,NCBI,11764_11658_13625_8199_14604_11613_14233_11562_8200_14796_17279_5180_6966_828_10796_10360_11737_13167,Parkinson disease,MONDO_grouped
1356,CP,NCBI,11764_11658_13625_8199_14604_11613_14233_11562_8200_14796_17279_5180_6966_828_10796_10360_11737_13167,Parkinson disease,MONDO_grouped
1565,CYP2D6,NCBI,11764_11658_13625_8199_14604_11613_14233_11562_8200_14796_17279_5180_6966_828_10796_10360_11737_13167,Parkinson disease,MONDO_grouped
1571,CYP2E1,NCBI,11764_11658_13625_8199_14604_11613_14233_11562_8200_14796_17279_5180_6966_828_10796_10360_11737_13167,Parkinson disease,MONDO_grouped
1644,DDC,NCBI,11764_11658_13625_8199_14604_11613_14233_11562_8200_14796_17279_5180_6966_828_10796_10360_11737_13167,Parkinson disease,MONDO_grouped
54541,DDIT4,NCBI,11764_11658_13625_8199_14604_11613_14233_11562_8200_14796_17279_5180_6966_828_10796_10360_11737_13167,Parkinson disease,MONDO_grouped
23317,DNAJC13,NCBI,11764_11658_13625_8199_14604_11613_14233_11562_8200_14796_17279_5180_6966_828_10796_10360_11737_13167,Parkinson disease,MONDO_grouped
10059,DNM1L,NCBI,11764_11658_13625_8199_14604_11613_14233_11562_8200_14796_17279_5180_6966_828_10796_10360_11737_13167,Parkinson disease,MONDO_grouped
374946,DRAXIN,NCBI,11764_11658_13625_8199_14604_11613_14233_11562_8200_14796_17279_5180_6966_828_10796_10360_11737_13167,Parkinson disease,MONDO_grouped
1812,DRD1,NCBI,11764_11658_13625_8199_14604_11613_14233_11562_8200_14796_17279_5180_6966_828_10796_10360_11737_13167,Parkinson disease,MONDO_grouped
1813,DRD2,NCBI,11764_11658_13625_8199_14604_11613_14233_11562_8200_14796_17279_5180_6966_828_10796_10360_11737_13167,Parkinson disease,MONDO_grouped
1906,EDN1,NCBI,11764_11658_13625_8199_14604_11613_14233_11562_8200_14796_17279_5180_6966_828_10796_10360_11737_13167,Parkinson disease,MONDO_grouped
2026,ENO2,NCBI,11764_11658_13625_8199_14604_11613_14233_11562_8200_14796_17279_5180_6966_828_10796_10360_11737_13167,Parkinson disease,MONDO_grouped
2203,FBP1,NCBI,11764_11658_13625_8199_14604_11613_14233_11562_8200_14796_17279_5180_6966_828_10796_10360_11737_13167,Parkinson disease,MONDO_grouped
2208,FCER2,NCBI,11764_11658_13625_8199_14604_11613_14233_11562_8200_14796_17279_5180_6966_828_10796_10360_11737_13167,Parkinson disease,MONDO_grouped
2244,FGB,NCBI,11764_11658_13625_8199_14604_11613_14233_11562_8200_14796_17279_5180_6966_828_10796_10360_11737_13167,Parkinson disease,MONDO_grouped
154791,FMC1,NCBI,11764_11658_13625_8199_14604_11613_14233_11562_8200_14796_17279_5180_6966_828_10796_10360_11737_13167,Parkinson disease,MONDO_grouped
2580,GAK,NCBI,11764_11658_13625_8199_14604_11613_14233_11562_8200_14796_17279_5180_6966_828_10796_10360_11737_13167,Parkinson disease,MONDO_grouped
2629,GBA,NCBI,11764_11658_13625_8199_14604_11613_14233_11562_8200_14796_17279_5180_6966_828_10796_10360_11737_13167,Parkinson disease,MONDO_grouped
2668,GDNF,NCBI,11764_11658_13625_8199_14604_11613_14233_11562_8200_14796_17279_5180_6966_828_10796_10360_11737_13167,Parkinson disease,MONDO_grouped
2670,GFAP,NCBI,11764_11658_13625_8199_14604_11613_14233_11562_8200_14796_17279_5180_6966_828_10796_10360_11737_13167,Parkinson disease,MONDO_grouped
2747,GLUD2,NCBI,11764_11658_13625_8199_14604_11613_14233_11562_8200_14796_17279_5180_6966_828_10796_10360_11737_13167,Parkinson disease,MONDO_grouped
2876,GPX1,NCBI,11764_11658_13625_8199_14604_11613_14233_11562_8200_14796_17279_5180_6966_828_10796_10360_11737_13167,Parkinson disease,MONDO_grouped
2941,GSTA4,NCBI,11764_11658_13625_8199_14604_11613_14233_11562_8200_14796_17279_5180_6966_828_10796_10360_11737_13167,Parkinson disease,MONDO_grouped
2944,GSTM1,NCBI,11764_11658_13625_8199_14604_11613_14233_11562_8200_14796_17279_5180_6966_828_10796_10360_11737_13167,Parkinson disease,MONDO_grouped
2950,GSTP1,NCBI,11764_11658_13625_8199_14604_11613_14233_11562_8200_14796_17279_5180_6966_828_10796_10360_11737_13167,Parkinson disease,MONDO_grouped
3047,HBG1,NCBI,11764_11658_13625_8199_14604_11613_14233_11562_8200_14796_17279_5180_6966_828_10796_10360_11737_13167,Parkinson disease,MONDO_grouped
3077,HFE,NCBI,11764_11658_13625_8199_14604_11613_14233_11562_8200_14796_17279_5180_6966_828_10796_10360_11737_13167,Parkinson disease,MONDO_grouped
3082,HGF,NCBI,11764_11658_13625_8199_14604_11613_14233_11562_8200_14796_17279_5180_6966_828_10796_10360_11737_13167,Parkinson disease,MONDO_grouped
3122,HLA-DRA,NCBI,11764_11658_13625_8199_14604_11613_14233_11562_8200_14796_17279_5180_6966_828_10796_10360_11737_13167,Parkinson disease,MONDO_grouped
3127,HLA-DRB5,NCBI,11764_11658_13625_8199_14604_11613_14233_11562_8200_14796_17279_5180_6966_828_10796_10360_11737_13167,Parkinson disease,MONDO_grouped
3162,HMOX1,NCBI,11764_11658_13625_8199_14604_11613_14233_11562_8200_14796_17279_5180_6966_828_10796_10360_11737_13167,Parkinson disease,MONDO_grouped
3303,HSPA1A,NCBI,11764_11658_13625_8199_14604_11613_14233_11562_8200_14796_17279_5180_6966_828_10796_10360_11737_13167,Parkinson disease,MONDO_grouped
3313,HSPA9,NCBI,11764_11658_13625_8199_14604_11613_14233_11562_8200_14796_17279_5180_6966_828_10796_10360_11737_13167,Parkinson disease,MONDO_grouped
3480,IGF1R,NCBI,11764_11658_13625_8199_14604_11613_14233_11562_8200_14796_17279_5180_6966_828_10796_10360_11737_13167,Parkinson disease,MONDO_grouped
3481,IGF2,NCBI,11764_11658_13625_8199_14604_11613_14233_11562_8200_14796_17279_5180_6966_828_10796_10360_11737_13167,Parkinson disease,MONDO_grouped
3482,IGF2R,NCBI,11764_11658_13625_8199_14604_11613_14233_11562_8200_14796_17279_5180_6966_828_10796_10360_11737_13167,Parkinson disease,MONDO_grouped
3569,IL6,NCBI,11764_11658_13625_8199_14604_11613_14233_11562_8200_14796_17279_5180_6966_828_10796_10360_11737_13167,Parkinson disease,MONDO_grouped
3630,INS,NCBI,11764_11658_13625_8199_14604_11613_14233_11562_8200_14796_17279_5180_6966_828_10796_10360_11737_13167,Parkinson disease,MONDO_grouped
3643,INSR,NCBI,11764_11658_13625_8199_14604_11613_14233_11562_8200_14796_17279_5180_6966_828_10796_10360_11737_13167,Parkinson disease,MONDO_grouped
3761,KCNJ4,NCBI,11764_11658_13625_8199_14604_11613_14233_11562_8200_14796_17279_5180_6966_828_10796_10360_11737_13167,Parkinson disease,MONDO_grouped
120892,LRRK2,NCBI,11764_11658_13625_8199_14604_11613_14233_11562_8200_14796_17279_5180_6966_828_10796_10360_11737_13167,Parkinson disease,MONDO_grouped
4099,MAG,NCBI,11764_11658_13625_8199_14604_11613_14233_11562_8200_14796_17279_5180_6966_828_10796_10360_11737_13167,Parkinson disease,MONDO_grouped
4128,MAOA,NCBI,11764_11658_13625_8199_14604_11613_14233_11562_8200_14796_17279_5180_6966_828_10796_10360_11737_13167,Parkinson disease,MONDO_grouped
4129,MAOB,NCBI,11764_11658_13625_8199_14604_11613_14233_11562_8200_14796_17279_5180_6966_828_10796_10360_11737_13167,Parkinson disease,MONDO_grouped
4133,MAP2,NCBI,11764_11658_13625_8199_14604_11613_14233_11562_8200_14796_17279_5180_6966_828_10796_10360_11737_13167,Parkinson disease,MONDO_grouped
4217,MAP3K5,NCBI,11764_11658_13625_8199_14604_11613_14233_11562_8200_14796_17279_5180_6966_828_10796_10360_11737_13167,Parkinson disease,MONDO_grouped
4137,MAPT,NCBI,11764_11658_13625_8199_14604_11613_14233_11562_8200_14796_17279_5180_6966_828_10796_10360_11737_13167,Parkinson disease,MONDO_grouped
406957,MIR181C,NCBI,11764_11658_13625_8199_14604_11613_14233_11562_8200_14796_17279_5180_6966_828_10796_10360_11737_13167,Parkinson disease,MONDO_grouped
9112,MTA1,NCBI,11764_11658_13625_8199_14604_11613_14233_11562_8200_14796_17279_5180_6966_828_10796_10360_11737_13167,Parkinson disease,MONDO_grouped
4524,MTHFR,NCBI,11764_11658_13625_8199_14604_11613_14233_11562_8200_14796_17279_5180_6966_828_10796_10360_11737_13167,Parkinson disease,MONDO_grouped
54892,NCAPG2,NCBI,11764_11658_13625_8199_14604_11613_14233_11562_8200_14796_17279_5180_6966_828_10796_10360_11737_13167,Parkinson disease,MONDO_grouped
5819,NECTIN2,NCBI,11764_11658_13625_8199_14604_11613_14233_11562_8200_14796_17279_5180_6966_828_10796_10360_11737_13167,Parkinson disease,MONDO_grouped
4803,NGF,NCBI,11764_11658_13625_8199_14604_11613_14233_11562_8200_14796_17279_5180_6966_828_10796_10360_11737_13167,Parkinson disease,MONDO_grouped
4842,NOS1,NCBI,11764_11658_13625_8199_14604_11613_14233_11562_8200_14796_17279_5180_6966_828_10796_10360_11737_13167,Parkinson disease,MONDO_grouped
4843,NOS2,NCBI,11764_11658_13625_8199_14604_11613_14233_11562_8200_14796_17279_5180_6966_828_10796_10360_11737_13167,Parkinson disease,MONDO_grouped
1728,NQO1,NCBI,11764_11658_13625_8199_14604_11613_14233_11562_8200_14796_17279_5180_6966_828_10796_10360_11737_13167,Parkinson disease,MONDO_grouped
4929,NR4A2,NCBI,11764_11658_13625_8199_14604_11613_14233_11562_8200_14796_17279_5180_6966_828_10796_10360_11737_13167,Parkinson disease,MONDO_grouped
100359403,PARK16,NCBI,11764_11658_13625_8199_14604_11613_14233_11562_8200_14796_17279_5180_6966_828_10796_10360_11737_13167,Parkinson disease,MONDO_grouped
11315,PARK7,NCBI,11764_11658_13625_8199_14604_11613_14233_11562_8200_14796_17279_5180_6966_828_10796_10360_11737_13167,Parkinson disease,MONDO_grouped
65018,PINK1,NCBI,11764_11658_13625_8199_14604_11613_14233_11562_8200_14796_17279_5180_6966_828_10796_10360_11737_13167,Parkinson disease,MONDO_grouped
5444,PON1,NCBI,11764_11658_13625_8199_14604_11613_14233_11562_8200_14796_17279_5180_6966_828_10796_10360_11737_13167,Parkinson disease,MONDO_grouped
10891,PPARGC1A,NCBI,11764_11658_13625_8199_14604_11613_14233_11562_8200_14796_17279_5180_6966_828_10796_10360_11737_13167,Parkinson disease,MONDO_grouped
5071,PRKN,NCBI,11764_11658_13625_8199_14604_11613_14233_11562_8200_14796_17279_5180_6966_828_10796_10360_11737_13167,Parkinson disease,MONDO_grouped
5997,RGS2,NCBI,11764_11658_13625_8199_14604_11613_14233_11562_8200_14796_17279_5180_6966_828_10796_10360_11737_13167,Parkinson disease,MONDO_grouped
9045,RPL14,NCBI,11764_11658_13625_8199_14604_11613_14233_11562_8200_14796_17279_5180_6966_828_10796_10360_11737_13167,Parkinson disease,MONDO_grouped
6147,RPL23A,NCBI,11764_11658_13625_8199_14604_11613_14233_11562_8200_14796_17279_5180_6966_828_10796_10360_11737_13167,Parkinson disease,MONDO_grouped
6128,RPL6,NCBI,11764_11658_13625_8199_14604_11613_14233_11562_8200_14796_17279_5180_6966_828_10796_10360_11737_13167,Parkinson disease,MONDO_grouped
6202,RPS8,NCBI,11764_11658_13625_8199_14604_11613_14233_11562_8200_14796_17279_5180_6966_828_10796_10360_11737_13167,Parkinson disease,MONDO_grouped
6469,SHH,NCBI,11764_11658_13625_8199_14604_11613_14233_11562_8200_14796_17279_5180_6966_828_10796_10360_11737_13167,Parkinson disease,MONDO_grouped
6571,SLC18A2,NCBI,11764_11658_13625_8199_14604_11613_14233_11562_8200_14796_17279_5180_6966_828_10796_10360_11737_13167,Parkinson disease,MONDO_grouped
144195,SLC2A14,NCBI,11764_11658_13625_8199_14604_11613_14233_11562_8200_14796_17279_5180_6966_828_10796_10360_11737_13167,Parkinson disease,MONDO_grouped
55532,SLC30A10,NCBI,11764_11658_13625_8199_14604_11613_14233_11562_8200_14796_17279_5180_6966_828_10796_10360_11737_13167,Parkinson disease,MONDO_grouped
6531,SLC6A3,NCBI,11764_11658_13625_8199_14604_11613_14233_11562_8200_14796_17279_5180_6966_828_10796_10360_11737_13167,Parkinson disease,MONDO_grouped
6622,SNCA,NCBI,11764_11658_13625_8199_14604_11613_14233_11562_8200_14796_17279_5180_6966_828_10796_10360_11737_13167,Parkinson disease,MONDO_grouped
9627,SNCAIP,NCBI,11764_11658_13625_8199_14604_11613_14233_11562_8200_14796_17279_5180_6966_828_10796_10360_11737_13167,Parkinson disease,MONDO_grouped
6647,SOD1,NCBI,11764_11658_13625_8199_14604_11613_14233_11562_8200_14796_17279_5180_6966_828_10796_10360_11737_13167,Parkinson disease,MONDO_grouped
6648,SOD2,NCBI,11764_11658_13625_8199_14604_11613_14233_11562_8200_14796_17279_5180_6966_828_10796_10360_11737_13167,Parkinson disease,MONDO_grouped
8867,SYNJ1,NCBI,11764_11658_13625_8199_14604_11613_14233_11562_8200_14796_17279_5180_6966_828_10796_10360_11737_13167,Parkinson disease,MONDO_grouped
6888,TALDO1,NCBI,11764_11658_13625_8199_14604_11613_14233_11562_8200_14796_17279_5180_6966_828_10796_10360_11737_13167,Parkinson disease,MONDO_grouped
6908,TBP,NCBI,11764_11658_13625_8199_14604_11613_14233_11562_8200_14796_17279_5180_6966_828_10796_10360_11737_13167,Parkinson disease,MONDO_grouped
9623,TCL1B,NCBI,11764_11658_13625_8199_14604_11613_14233_11562_8200_14796_17279_5180_6966_828_10796_10360_11737_13167,Parkinson disease,MONDO_grouped
7019,TFAM,NCBI,11764_11658_13625_8199_14604_11613_14233_11562_8200_14796_17279_5180_6966_828_10796_10360_11737_13167,Parkinson disease,MONDO_grouped
7054,TH,NCBI,11764_11658_13625_8199_14604_11613_14233_11562_8200_14796_17279_5180_6966_828_10796_10360_11737_13167,Parkinson disease,MONDO_grouped
29058,TMEM230,NCBI,11764_11658_13625_8199_14604_11613_14233_11562_8200_14796_17279_5180_6966_828_10796_10360_11737_13167,Parkinson disease,MONDO_grouped
7124,TNF,NCBI,11764_11658_13625_8199_14604_11613_14233_11562_8200_14796_17279_5180_6966_828_10796_10360_11737_13167,Parkinson disease,MONDO_grouped
4576,TRNT,NCBI,11764_11658_13625_8199_14604_11613_14233_11562_8200_14796_17279_5180_6966_828_10796_10360_11737_13167,Parkinson disease,MONDO_grouped
7226,TRPM2,NCBI,11764_11658_13625_8199_14604_11613_14233_11562_8200_14796_17279_5180_6966_828_10796_10360_11737_13167,Parkinson disease,MONDO_grouped
54832,VPS13C,NCBI,11764_11658_13625_8199_14604_11613_14233_11562_8200_14796_17279_5180_6966_828_10796_10360_11737_13167,Parkinson disease,MONDO_grouped
55737,VPS35,NCBI,11764_11658_13625_8199_14604_11613_14233_11562_8200_14796_17279_5180_6966_828_10796_10360_11737_13167,Parkinson disease,MONDO_grouped
2,A2M,NCBI,8187_2050_5618_5451_5371_100081_5383_1942_1098_3265_11924_12384,anxiety disorder,MONDO_grouped
15,AANAT,NCBI,8187_2050_5618_5451_5371_100081_5383_1942_1098_3265_11924_12384,anxiety disorder,MONDO_grouped
5243,ABCB1,NCBI,8187_2050_5618_5451_5371_100081_5383_1942_1098_3265_11924_12384,anxiety disorder,MONDO_grouped
25890,ABI3BP,NCBI,8187_2050_5618_5451_5371_100081_5383_1942_1098_3265_11924_12384,anxiety disorder,MONDO_grouped
1636,ACE,NCBI,8187_2050_5618_5451_5371_100081_5383_1942_1098_3265_11924_12384,anxiety disorder,MONDO_grouped
52,ACP1,NCBI,8187_2050_5618_5451_5371_100081_5383_1942_1098_3265_11924_12384,anxiety disorder,MONDO_grouped
2182,ACSL4,NCBI,8187_2050_5618_5451_5371_100081_5383_1942_1098_3265_11924_12384,anxiety disorder,MONDO_grouped
116285,ACSM1,NCBI,8187_2050_5618_5451_5371_100081_5383_1942_1098_3265_11924_12384,anxiety disorder,MONDO_grouped
111,ADCY5,NCBI,8187_2050_5618_5451_5371_100081_5383_1942_1098_3265_11924_12384,anxiety disorder,MONDO_grouped
113,ADCY7,NCBI,8187_2050_5618_5451_5371_100081_5383_1942_1098_3265_11924_12384,anxiety disorder,MONDO_grouped
114,ADCY8,NCBI,8187_2050_5618_5451_5371_100081_5383_1942_1098_3265_11924_12384,anxiety disorder,MONDO_grouped
116,ADCYAP1,NCBI,8187_2050_5618_5451_5371_100081_5383_1942_1098_3265_11924_12384,anxiety disorder,MONDO_grouped
135,ADORA2A,NCBI,8187_2050_5618_5451_5371_100081_5383_1942_1098_3265_11924_12384,anxiety disorder,MONDO_grouped
148,ADRA1A,NCBI,8187_2050_5618_5451_5371_100081_5383_1942_1098_3265_11924_12384,anxiety disorder,MONDO_grouped
150,ADRA2A,NCBI,8187_2050_5618_5451_5371_100081_5383_1942_1098_3265_11924_12384,anxiety disorder,MONDO_grouped
153,ADRB1,NCBI,8187_2050_5618_5451_5371_100081_5383_1942_1098_3265_11924_12384,anxiety disorder,MONDO_grouped
183,AGT,NCBI,8187_2050_5618_5451_5371_100081_5383_1942_1098_3265_11924_12384,anxiety disorder,MONDO_grouped
10270,AKAP8,NCBI,8187_2050_5618_5451_5371_100081_5383_1942_1098_3265_11924_12384,anxiety disorder,MONDO_grouped
207,AKT1,NCBI,8187_2050_5618_5451_5371_100081_5383_1942_1098_3265_11924_12384,anxiety disorder,MONDO_grouped
213,ALB,NCBI,8187_2050_5618_5451_5371_100081_5383_1942_1098_3265_11924_12384,anxiety disorder,MONDO_grouped
79053,ALG8,NCBI,8187_2050_5618_5451_5371_100081_5383_1942_1098_3265_11924_12384,anxiety disorder,MONDO_grouped
238,ALK,NCBI,8187_2050_5618_5451_5371_100081_5383_1942_1098_3265_11924_12384,anxiety disorder,MONDO_grouped
255239,ANKK1,NCBI,8187_2050_5618_5451_5371_100081_5383_1942_1098_3265_11924_12384,anxiety disorder,MONDO_grouped
290,ANPEP,NCBI,8187_2050_5618_5451_5371_100081_5383_1942_1098_3265_11924_12384,anxiety disorder,MONDO_grouped
317,APAF1,NCBI,8187_2050_5618_5451_5371_100081_5383_1942_1098_3265_11924_12384,anxiety disorder,MONDO_grouped
351,APP,NCBI,8187_2050_5618_5451_5371_100081_5383_1942_1098_3265_11924_12384,anxiety disorder,MONDO_grouped
353,APRT,NCBI,8187_2050_5618_5451_5371_100081_5383_1942_1098_3265_11924_12384,anxiety disorder,MONDO_grouped
361,AQP4,NCBI,8187_2050_5618_5451_5371_100081_5383_1942_1098_3265_11924_12384,anxiety disorder,MONDO_grouped
367,AR,NCBI,8187_2050_5618_5451_5371_100081_5383_1942_1098_3265_11924_12384,anxiety disorder,MONDO_grouped
9639,ARHGEF10,NCBI,8187_2050_5618_5451_5371_100081_5383_1942_1098_3265_11924_12384,anxiety disorder,MONDO_grouped
406,ARNTL,NCBI,8187_2050_5618_5451_5371_100081_5383_1942_1098_3265_11924_12384,anxiety disorder,MONDO_grouped
408,ARRB1,NCBI,8187_2050_5618_5451_5371_100081_5383_1942_1098_3265_11924_12384,anxiety disorder,MONDO_grouped
409,ARRB2,NCBI,8187_2050_5618_5451_5371_100081_5383_1942_1098_3265_11924_12384,anxiety disorder,MONDO_grouped
410,ARSA,NCBI,8187_2050_5618_5451_5371_100081_5383_1942_1098_3265_11924_12384,anxiety disorder,MONDO_grouped
9048,ARTN,NCBI,8187_2050_5618_5451_5371_100081_5383_1942_1098_3265_11924_12384,anxiety disorder,MONDO_grouped
438,ASMT,NCBI,8187_2050_5618_5451_5371_100081_5383_1942_1098_3265_11924_12384,anxiety disorder,MONDO_grouped
467,ATF3,NCBI,8187_2050_5618_5451_5371_100081_5383_1942_1098_3265_11924_12384,anxiety disorder,MONDO_grouped
468,ATF4,NCBI,8187_2050_5618_5451_5371_100081_5383_1942_1098_3265_11924_12384,anxiety disorder,MONDO_grouped
478,ATP1A3,NCBI,8187_2050_5618_5451_5371_100081_5383_1942_1098_3265_11924_12384,anxiety disorder,MONDO_grouped
488,ATP2A2,NCBI,8187_2050_5618_5451_5371_100081_5383_1942_1098_3265_11924_12384,anxiety disorder,MONDO_grouped
540,ATP7B,NCBI,8187_2050_5618_5451_5371_100081_5383_1942_1098_3265_11924_12384,anxiety disorder,MONDO_grouped
4287,ATXN3,NCBI,8187_2050_5618_5451_5371_100081_5383_1942_1098_3265_11924_12384,anxiety disorder,MONDO_grouped
551,AVP,NCBI,8187_2050_5618_5451_5371_100081_5383_1942_1098_3265_11924_12384,anxiety disorder,MONDO_grouped
573,BAG1,NCBI,8187_2050_5618_5451_5371_100081_5383_1942_1098_3265_11924_12384,anxiety disorder,MONDO_grouped
596,BCL2,NCBI,8187_2050_5618_5451_5371_100081_5383_1942_1098_3265_11924_12384,anxiety disorder,MONDO_grouped
607,BCL9,NCBI,8187_2050_5618_5451_5371_100081_5383_1942_1098_3265_11924_12384,anxiety disorder,MONDO_grouped
613,BCR,NCBI,8187_2050_5618_5451_5371_100081_5383_1942_1098_3265_11924_12384,anxiety disorder,MONDO_grouped
624,BDKRB2,NCBI,8187_2050_5618_5451_5371_100081_5383_1942_1098_3265_11924_12384,anxiety disorder,MONDO_grouped
627,BDNF,NCBI,8187_2050_5618_5451_5371_100081_5383_1942_1098_3265_11924_12384,anxiety disorder,MONDO_grouped
80114,BICC1,NCBI,8187_2050_5618_5451_5371_100081_5383_1942_1098_3265_11924_12384,anxiety disorder,MONDO_grouped
655,BMP7,NCBI,8187_2050_5618_5451_5371_100081_5383_1942_1098_3265_11924_12384,anxiety disorder,MONDO_grouped
672,BRCA1,NCBI,8187_2050_5618_5451_5371_100081_5383_1942_1098_3265_11924_12384,anxiety disorder,MONDO_grouped
775,CACNA1C,NCBI,8187_2050_5618_5451_5371_100081_5383_1942_1098_3265_11924_12384,anxiety disorder,MONDO_grouped
23705,CADM1,NCBI,8187_2050_5618_5451_5371_100081_5383_1942_1098_3265_11924_12384,anxiety disorder,MONDO_grouped
805,CALM2,NCBI,8187_2050_5618_5451_5371_100081_5383_1942_1098_3265_11924_12384,anxiety disorder,MONDO_grouped
815,CAMK2A,NCBI,8187_2050_5618_5451_5371_100081_5383_1942_1098_3265_11924_12384,anxiety disorder,MONDO_grouped
9607,CARTPT,NCBI,8187_2050_5618_5451_5371_100081_5383_1942_1098_3265_11924_12384,anxiety disorder,MONDO_grouped
847,CAT,NCBI,8187_2050_5618_5451_5371_100081_5383_1942_1098_3265_11924_12384,anxiety disorder,MONDO_grouped
54862,CC2D1A,NCBI,8187_2050_5618_5451_5371_100081_5383_1942_1098_3265_11924_12384,anxiety disorder,MONDO_grouped
886,CCKAR,NCBI,8187_2050_5618_5451_5371_100081_5383_1942_1098_3265_11924_12384,anxiety disorder,MONDO_grouped
887,CCKBR,NCBI,8187_2050_5618_5451_5371_100081_5383_1942_1098_3265_11924_12384,anxiety disorder,MONDO_grouped
6347,CCL2,NCBI,8187_2050_5618_5451_5371_100081_5383_1942_1098_3265_11924_12384,anxiety disorder,MONDO_grouped
6369,CCL24,NCBI,8187_2050_5618_5451_5371_100081_5383_1942_1098_3265_11924_12384,anxiety disorder,MONDO_grouped
595,CCND1,NCBI,8187_2050_5618_5451_5371_100081_5383_1942_1098_3265_11924_12384,anxiety disorder,MONDO_grouped
947,CD34,NCBI,8187_2050_5618_5451_5371_100081_5383_1942_1098_3265_11924_12384,anxiety disorder,MONDO_grouped
1012,CDH13,NCBI,8187_2050_5618_5451_5371_100081_5383_1942_1098_3265_11924_12384,anxiety disorder,MONDO_grouped
1005,CDH7,NCBI,8187_2050_5618_5451_5371_100081_5383_1942_1098_3265_11924_12384,anxiety disorder,MONDO_grouped
1029,CDKN2A,NCBI,8187_2050_5618_5451_5371_100081_5383_1942_1098_3265_11924_12384,anxiety disorder,MONDO_grouped
1103,CHAT,NCBI,8187_2050_5618_5451_5371_100081_5383_1942_1098_3265_11924_12384,anxiety disorder,MONDO_grouped
1129,CHRM2,NCBI,8187_2050_5618_5451_5371_100081_5383_1942_1098_3265_11924_12384,anxiety disorder,MONDO_grouped
1135,CHRNA2,NCBI,8187_2050_5618_5451_5371_100081_5383_1942_1098_3265_11924_12384,anxiety disorder,MONDO_grouped
1137,CHRNA4,NCBI,8187_2050_5618_5451_5371_100081_5383_1942_1098_3265_11924_12384,anxiety disorder,MONDO_grouped
1138,CHRNA5,NCBI,8187_2050_5618_5451_5371_100081_5383_1942_1098_3265_11924_12384,anxiety disorder,MONDO_grouped
8973,CHRNA6,NCBI,8187_2050_5618_5451_5371_100081_5383_1942_1098_3265_11924_12384,anxiety disorder,MONDO_grouped
1141,CHRNB2,NCBI,8187_2050_5618_5451_5371_100081_5383_1942_1098_3265_11924_12384,anxiety disorder,MONDO_grouped
1142,CHRNB3,NCBI,8187_2050_5618_5451_5371_100081_5383_1942_1098_3265_11924_12384,anxiety disorder,MONDO_grouped
9575,CLOCK,NCBI,8187_2050_5618_5451_5371_100081_5383_1942_1098_3265_11924_12384,anxiety disorder,MONDO_grouped
1240,CMKLR1,NCBI,8187_2050_5618_5451_5371_100081_5383_1942_1098_3265_11924_12384,anxiety disorder,MONDO_grouped
202333,CMYA5,NCBI,8187_2050_5618_5451_5371_100081_5383_1942_1098_3265_11924_12384,anxiety disorder,MONDO_grouped
1267,CNP,NCBI,8187_2050_5618_5451_5371_100081_5383_1942_1098_3265_11924_12384,anxiety disorder,MONDO_grouped
1268,CNR1,NCBI,8187_2050_5618_5451_5371_100081_5383_1942_1098_3265_11924_12384,anxiety disorder,MONDO_grouped
1269,CNR2,NCBI,8187_2050_5618_5451_5371_100081_5383_1942_1098_3265_11924_12384,anxiety disorder,MONDO_grouped
1270,CNTF,NCBI,8187_2050_5618_5451_5371_100081_5383_1942_1098_3265_11924_12384,anxiety disorder,MONDO_grouped
26047,CNTNAP2,NCBI,8187_2050_5618_5451_5371_100081_5383_1942_1098_3265_11924_12384,anxiety disorder,MONDO_grouped
1312,COMT,NCBI,8187_2050_5618_5451_5371_100081_5383_1942_1098_3265_11924_12384,anxiety disorder,MONDO_grouped
4513,COX2,NCBI,8187_2050_5618_5451_5371_100081_5383_1942_1098_3265_11924_12384,anxiety disorder,MONDO_grouped
10815,CPLX1,NCBI,8187_2050_5618_5451_5371_100081_5383_1942_1098_3265_11924_12384,anxiety disorder,MONDO_grouped
10814,CPLX2,NCBI,8187_2050_5618_5451_5371_100081_5383_1942_1098_3265_11924_12384,anxiety disorder,MONDO_grouped
1385,CREB1,NCBI,8187_2050_5618_5451_5371_100081_5383_1942_1098_3265_11924_12384,anxiety disorder,MONDO_grouped
1387,CREBBP,NCBI,8187_2050_5618_5451_5371_100081_5383_1942_1098_3265_11924_12384,anxiety disorder,MONDO_grouped
1392,CRH,NCBI,8187_2050_5618_5451_5371_100081_5383_1942_1098_3265_11924_12384,anxiety disorder,MONDO_grouped
1393,CRHBP,NCBI,8187_2050_5618_5451_5371_100081_5383_1942_1098_3265_11924_12384,anxiety disorder,MONDO_grouped
1394,CRHR1,NCBI,8187_2050_5618_5451_5371_100081_5383_1942_1098_3265_11924_12384,anxiety disorder,MONDO_grouped
1395,CRHR2,NCBI,8187_2050_5618_5451_5371_100081_5383_1942_1098_3265_11924_12384,anxiety disorder,MONDO_grouped
1401,CRP,NCBI,8187_2050_5618_5451_5371_100081_5383_1942_1098_3265_11924_12384,anxiety disorder,MONDO_grouped
1407,CRY1,NCBI,8187_2050_5618_5451_5371_100081_5383_1942_1098_3265_11924_12384,anxiety disorder,MONDO_grouped
1408,CRY2,NCBI,8187_2050_5618_5451_5371_100081_5383_1942_1098_3265_11924_12384,anxiety disorder,MONDO_grouped
1439,CSF2RB,NCBI,8187_2050_5618_5451_5371_100081_5383_1942_1098_3265_11924_12384,anxiety disorder,MONDO_grouped
1440,CSF3,NCBI,8187_2050_5618_5451_5371_100081_5383_1942_1098_3265_11924_12384,anxiety disorder,MONDO_grouped
114784,CSMD2,NCBI,8187_2050_5618_5451_5371_100081_5383_1942_1098_3265_11924_12384,anxiety disorder,MONDO_grouped
1493,CTLA4,NCBI,8187_2050_5618_5451_5371_100081_5383_1942_1098_3265_11924_12384,anxiety disorder,MONDO_grouped
1501,CTNND2,NCBI,8187_2050_5618_5451_5371_100081_5383_1942_1098_3265_11924_12384,anxiety disorder,MONDO_grouped
1523,CUX1,NCBI,8187_2050_5618_5451_5371_100081_5383_1942_1098_3265_11924_12384,anxiety disorder,MONDO_grouped
3627,CXCL10,NCBI,8187_2050_5618_5451_5371_100081_5383_1942_1098_3265_11924_12384,anxiety disorder,MONDO_grouped
3576,CXCL8,NCBI,8187_2050_5618_5451_5371_100081_5383_1942_1098_3265_11924_12384,anxiety disorder,MONDO_grouped
1557,CYP2C19,NCBI,8187_2050_5618_5451_5371_100081_5383_1942_1098_3265_11924_12384,anxiety disorder,MONDO_grouped
1559,CYP2C9,NCBI,8187_2050_5618_5451_5371_100081_5383_1942_1098_3265_11924_12384,anxiety disorder,MONDO_grouped
1565,CYP2D6,NCBI,8187_2050_5618_5451_5371_100081_5383_1942_1098_3265_11924_12384,anxiety disorder,MONDO_grouped
267012,DAOA,NCBI,8187_2050_5618_5451_5371_100081_5383_1942_1098_3265_11924_12384,anxiety disorder,MONDO_grouped
282706,DAOA-AS1,NCBI,8187_2050_5618_5451_5371_100081_5383_1942_1098_3265_11924_12384,anxiety disorder,MONDO_grouped
1621,DBH,NCBI,8187_2050_5618_5451_5371_100081_5383_1942_1098_3265_11924_12384,anxiety disorder,MONDO_grouped
140947,DCANP1,NCBI,8187_2050_5618_5451_5371_100081_5383_1942_1098_3265_11924_12384,anxiety disorder,MONDO_grouped
1644,DDC,NCBI,8187_2050_5618_5451_5371_100081_5383_1942_1098_3265_11924_12384,anxiety disorder,MONDO_grouped
54541,DDIT4,NCBI,8187_2050_5618_5451_5371_100081_5383_1942_1098_3265_11924_12384,anxiety disorder,MONDO_grouped
10522,DEAF1,NCBI,8187_2050_5618_5451_5371_100081_5383_1942_1098_3265_11924_12384,anxiety disorder,MONDO_grouped
1607,DGKB,NCBI,8187_2050_5618_5451_5371_100081_5383_1942_1098_3265_11924_12384,anxiety disorder,MONDO_grouped
160851,DGKH,NCBI,8187_2050_5618_5451_5371_100081_5383_1942_1098_3265_11924_12384,anxiety disorder,MONDO_grouped
27185,DISC1,NCBI,8187_2050_5618_5451_5371_100081_5383_1942_1098_3265_11924_12384,anxiety disorder,MONDO_grouped
27184,DISC2,NCBI,8187_2050_5618_5451_5371_100081_5383_1942_1098_3265_11924_12384,anxiety disorder,MONDO_grouped
85458,DIXDC1,NCBI,8187_2050_5618_5451_5371_100081_5383_1942_1098_3265_11924_12384,anxiety disorder,MONDO_grouped
27121,DKK4,NCBI,8187_2050_5618_5451_5371_100081_5383_1942_1098_3265_11924_12384,anxiety disorder,MONDO_grouped
1740,DLG2,NCBI,8187_2050_5618_5451_5371_100081_5383_1942_1098_3265_11924_12384,anxiety disorder,MONDO_grouped
1741,DLG3,NCBI,8187_2050_5618_5451_5371_100081_5383_1942_1098_3265_11924_12384,anxiety disorder,MONDO_grouped
1742,DLG4,NCBI,8187_2050_5618_5451_5371_100081_5383_1942_1098_3265_11924_12384,anxiety disorder,MONDO_grouped
1786,DNMT1,NCBI,8187_2050_5618_5451_5371_100081_5383_1942_1098_3265_11924_12384,anxiety disorder,MONDO_grouped
1803,DPP4,NCBI,8187_2050_5618_5451_5371_100081_5383_1942_1098_3265_11924_12384,anxiety disorder,MONDO_grouped
1808,DPYSL2,NCBI,8187_2050_5618_5451_5371_100081_5383_1942_1098_3265_11924_12384,anxiety disorder,MONDO_grouped
1812,DRD1,NCBI,8187_2050_5618_5451_5371_100081_5383_1942_1098_3265_11924_12384,anxiety disorder,MONDO_grouped
1813,DRD2,NCBI,8187_2050_5618_5451_5371_100081_5383_1942_1098_3265_11924_12384,anxiety disorder,MONDO_grouped
1814,DRD3,NCBI,8187_2050_5618_5451_5371_100081_5383_1942_1098_3265_11924_12384,anxiety disorder,MONDO_grouped
1815,DRD4,NCBI,8187_2050_5618_5451_5371_100081_5383_1942_1098_3265_11924_12384,anxiety disorder,MONDO_grouped
1816,DRD5,NCBI,8187_2050_5618_5451_5371_100081_5383_1942_1098_3265_11924_12384,anxiety disorder,MONDO_grouped
84062,DTNBP1,NCBI,8187_2050_5618_5451_5371_100081_5383_1942_1098_3265_11924_12384,anxiety disorder,MONDO_grouped
1843,DUSP1,NCBI,8187_2050_5618_5451_5371_100081_5383_1942_1098_3265_11924_12384,anxiety disorder,MONDO_grouped
1846,DUSP4,NCBI,8187_2050_5618_5451_5371_100081_5383_1942_1098_3265_11924_12384,anxiety disorder,MONDO_grouped
1848,DUSP6,NCBI,8187_2050_5618_5451_5371_100081_5383_1942_1098_3265_11924_12384,anxiety disorder,MONDO_grouped
9695,EDEM1,NCBI,8187_2050_5618_5451_5371_100081_5383_1942_1098_3265_11924_12384,anxiety disorder,MONDO_grouped
1906,EDN1,NCBI,8187_2050_5618_5451_5371_100081_5383_1942_1098_3265_11924_12384,anxiety disorder,MONDO_grouped
1950,EGF,NCBI,8187_2050_5618_5451_5371_100081_5383_1942_1098_3265_11924_12384,anxiety disorder,MONDO_grouped
1956,EGFR,NCBI,8187_2050_5618_5451_5371_100081_5383_1942_1098_3265_11924_12384,anxiety disorder,MONDO_grouped
1960,EGR3,NCBI,8187_2050_5618_5451_5371_100081_5383_1942_1098_3265_11924_12384,anxiety disorder,MONDO_grouped
30845,EHD3,NCBI,8187_2050_5618_5451_5371_100081_5383_1942_1098_3265_11924_12384,anxiety disorder,MONDO_grouped
1975,EIF4B,NCBI,8187_2050_5618_5451_5371_100081_5383_1942_1098_3265_11924_12384,anxiety disorder,MONDO_grouped
2012,EMP1,NCBI,8187_2050_5618_5451_5371_100081_5383_1942_1098_3265_11924_12384,anxiety disorder,MONDO_grouped
2028,ENPEP,NCBI,8187_2050_5618_5451_5371_100081_5383_1942_1098_3265_11924_12384,anxiety disorder,MONDO_grouped
8320,EOMES,NCBI,8187_2050_5618_5451_5371_100081_5383_1942_1098_3265_11924_12384,anxiety disorder,MONDO_grouped
2065,ERBB3,NCBI,8187_2050_5618_5451_5371_100081_5383_1942_1098_3265_11924_12384,anxiety disorder,MONDO_grouped
2099,ESR1,NCBI,8187_2050_5618_5451_5371_100081_5383_1942_1098_3265_11924_12384,anxiety disorder,MONDO_grouped
2100,ESR2,NCBI,8187_2050_5618_5451_5371_100081_5383_1942_1098_3265_11924_12384,anxiety disorder,MONDO_grouped
54738,FEV,NCBI,8187_2050_5618_5451_5371_100081_5383_1942_1098_3265_11924_12384,anxiety disorder,MONDO_grouped
8822,FGF17,NCBI,8187_2050_5618_5451_5371_100081_5383_1942_1098_3265_11924_12384,anxiety disorder,MONDO_grouped
2247,FGF2,NCBI,8187_2050_5618_5451_5371_100081_5383_1942_1098_3265_11924_12384,anxiety disorder,MONDO_grouped
26281,FGF20,NCBI,8187_2050_5618_5451_5371_100081_5383_1942_1098_3265_11924_12384,anxiety disorder,MONDO_grouped
2260,FGFR1,NCBI,8187_2050_5618_5451_5371_100081_5383_1942_1098_3265_11924_12384,anxiety disorder,MONDO_grouped
2263,FGFR2,NCBI,8187_2050_5618_5451_5371_100081_5383_1942_1098_3265_11924_12384,anxiety disorder,MONDO_grouped
2288,FKBP4,NCBI,8187_2050_5618_5451_5371_100081_5383_1942_1098_3265_11924_12384,anxiety disorder,MONDO_grouped
2289,FKBP5,NCBI,8187_2050_5618_5451_5371_100081_5383_1942_1098_3265_11924_12384,anxiety disorder,MONDO_grouped
2332,FMR1,NCBI,8187_2050_5618_5451_5371_100081_5383_1942_1098_3265_11924_12384,anxiety disorder,MONDO_grouped
2346,FOLH1,NCBI,8187_2050_5618_5451_5371_100081_5383_1942_1098_3265_11924_12384,anxiety disorder,MONDO_grouped
2353,FOS,NCBI,8187_2050_5618_5451_5371_100081_5383_1942_1098_3265_11924_12384,anxiety disorder,MONDO_grouped
27022,FOXD3,NCBI,8187_2050_5618_5451_5371_100081_5383_1942_1098_3265_11924_12384,anxiety disorder,MONDO_grouped
93986,FOXP2,NCBI,8187_2050_5618_5451_5371_100081_5383_1942_1098_3265_11924_12384,anxiety disorder,MONDO_grouped
166752,FREM3,NCBI,8187_2050_5618_5451_5371_100081_5383_1942_1098_3265_11924_12384,anxiety disorder,MONDO_grouped
2495,FTH1,NCBI,8187_2050_5618_5451_5371_100081_5383_1942_1098_3265_11924_12384,anxiety disorder,MONDO_grouped
2512,FTL,NCBI,8187_2050_5618_5451_5371_100081_5383_1942_1098_3265_11924_12384,anxiety disorder,MONDO_grouped
79068,FTO,NCBI,8187_2050_5618_5451_5371_100081_5383_1942_1098_3265_11924_12384,anxiety disorder,MONDO_grouped
9568,GABBR2,NCBI,8187_2050_5618_5451_5371_100081_5383_1942_1098_3265_11924_12384,anxiety disorder,MONDO_grouped
2551,GABPA,NCBI,8187_2050_5618_5451_5371_100081_5383_1942_1098_3265_11924_12384,anxiety disorder,MONDO_grouped
2555,GABRA2,NCBI,8187_2050_5618_5451_5371_100081_5383_1942_1098_3265_11924_12384,anxiety disorder,MONDO_grouped
2556,GABRA3,NCBI,8187_2050_5618_5451_5371_100081_5383_1942_1098_3265_11924_12384,anxiety disorder,MONDO_grouped
2559,GABRA6,NCBI,8187_2050_5618_5451_5371_100081_5383_1942_1098_3265_11924_12384,anxiety disorder,MONDO_grouped
2562,GABRB3,NCBI,8187_2050_5618_5451_5371_100081_5383_1942_1098_3265_11924_12384,anxiety disorder,MONDO_grouped
2571,GAD1,NCBI,8187_2050_5618_5451_5371_100081_5383_1942_1098_3265_11924_12384,anxiety disorder,MONDO_grouped
2572,GAD2,NCBI,8187_2050_5618_5451_5371_100081_5383_1942_1098_3265_11924_12384,anxiety disorder,MONDO_grouped
51083,GAL,NCBI,8187_2050_5618_5451_5371_100081_5383_1942_1098_3265_11924_12384,anxiety disorder,MONDO_grouped
2587,GALR1,NCBI,8187_2050_5618_5451_5371_100081_5383_1942_1098_3265_11924_12384,anxiety disorder,MONDO_grouped
8811,GALR2,NCBI,8187_2050_5618_5451_5371_100081_5383_1942_1098_3265_11924_12384,anxiety disorder,MONDO_grouped
8484,GALR3,NCBI,8187_2050_5618_5451_5371_100081_5383_1942_1098_3265_11924_12384,anxiety disorder,MONDO_grouped
2596,GAP43,NCBI,8187_2050_5618_5451_5371_100081_5383_1942_1098_3265_11924_12384,anxiety disorder,MONDO_grouped
51573,GDE1,NCBI,8187_2050_5618_5451_5371_100081_5383_1942_1098_3265_11924_12384,anxiety disorder,MONDO_grouped
2668,GDNF,NCBI,8187_2050_5618_5451_5371_100081_5383_1942_1098_3265_11924_12384,anxiety disorder,MONDO_grouped
2670,GFAP,NCBI,8187_2050_5618_5451_5371_100081_5383_1942_1098_3265_11924_12384,anxiety disorder,MONDO_grouped
2688,GH1,NCBI,8187_2050_5618_5451_5371_100081_5383_1942_1098_3265_11924_12384,anxiety disorder,MONDO_grouped
51738,GHRL,NCBI,8187_2050_5618_5451_5371_100081_5383_1942_1098_3265_11924_12384,anxiety disorder,MONDO_grouped
2697,GJA1,NCBI,8187_2050_5618_5451_5371_100081_5383_1942_1098_3265_11924_12384,anxiety disorder,MONDO_grouped
2739,GLO1,NCBI,8187_2050_5618_5451_5371_100081_5383_1942_1098_3265_11924_12384,anxiety disorder,MONDO_grouped
55830,GLT8D1,NCBI,8187_2050_5618_5451_5371_100081_5383_1942_1098_3265_11924_12384,anxiety disorder,MONDO_grouped
2752,GLUL,NCBI,8187_2050_5618_5451_5371_100081_5383_1942_1098_3265_11924_12384,anxiety disorder,MONDO_grouped
51291,GMIP,NCBI,8187_2050_5618_5451_5371_100081_5383_1942_1098_3265_11924_12384,anxiety disorder,MONDO_grouped
2778,GNAS,NCBI,8187_2050_5618_5451_5371_100081_5383_1942_1098_3265_11924_12384,anxiety disorder,MONDO_grouped
2782,GNB1,NCBI,8187_2050_5618_5451_5371_100081_5383_1942_1098_3265_11924_12384,anxiety disorder,MONDO_grouped
2784,GNB3,NCBI,8187_2050_5618_5451_5371_100081_5383_1942_1098_3265_11924_12384,anxiety disorder,MONDO_grouped
2876,GPX1,NCBI,8187_2050_5618_5451_5371_100081_5383_1942_1098_3265_11924_12384,anxiety disorder,MONDO_grouped
2890,GRIA1,NCBI,8187_2050_5618_5451_5371_100081_5383_1942_1098_3265_11924_12384,anxiety disorder,MONDO_grouped
2891,GRIA2,NCBI,8187_2050_5618_5451_5371_100081_5383_1942_1098_3265_11924_12384,anxiety disorder,MONDO_grouped
2892,GRIA3,NCBI,8187_2050_5618_5451_5371_100081_5383_1942_1098_3265_11924_12384,anxiety disorder,MONDO_grouped
2894,GRID1,NCBI,8187_2050_5618_5451_5371_100081_5383_1942_1098_3265_11924_12384,anxiety disorder,MONDO_grouped
2899,GRIK3,NCBI,8187_2050_5618_5451_5371_100081_5383_1942_1098_3265_11924_12384,anxiety disorder,MONDO_grouped
2900,GRIK4,NCBI,8187_2050_5618_5451_5371_100081_5383_1942_1098_3265_11924_12384,anxiety disorder,MONDO_grouped
2903,GRIN2A,NCBI,8187_2050_5618_5451_5371_100081_5383_1942_1098_3265_11924_12384,anxiety disorder,MONDO_grouped
2904,GRIN2B,NCBI,8187_2050_5618_5451_5371_100081_5383_1942_1098_3265_11924_12384,anxiety disorder,MONDO_grouped
2911,GRM1,NCBI,8187_2050_5618_5451_5371_100081_5383_1942_1098_3265_11924_12384,anxiety disorder,MONDO_grouped
2915,GRM5,NCBI,8187_2050_5618_5451_5371_100081_5383_1942_1098_3265_11924_12384,anxiety disorder,MONDO_grouped
2917,GRM7,NCBI,8187_2050_5618_5451_5371_100081_5383_1942_1098_3265_11924_12384,anxiety disorder,MONDO_grouped
2918,GRM8,NCBI,8187_2050_5618_5451_5371_100081_5383_1942_1098_3265_11924_12384,anxiety disorder,MONDO_grouped
2896,GRN,NCBI,8187_2050_5618_5451_5371_100081_5383_1942_1098_3265_11924_12384,anxiety disorder,MONDO_grouped
2925,GRPR,NCBI,8187_2050_5618_5451_5371_100081_5383_1942_1098_3265_11924_12384,anxiety disorder,MONDO_grouped
2931,GSK3A,NCBI,8187_2050_5618_5451_5371_100081_5383_1942_1098_3265_11924_12384,anxiety disorder,MONDO_grouped
2932,GSK3B,NCBI,8187_2050_5618_5451_5371_100081_5383_1942_1098_3265_11924_12384,anxiety disorder,MONDO_grouped
2944,GSTM1,NCBI,8187_2050_5618_5451_5371_100081_5383_1942_1098_3265_11924_12384,anxiety disorder,MONDO_grouped
2952,GSTT1,NCBI,8187_2050_5618_5451_5371_100081_5383_1942_1098_3265_11924_12384,anxiety disorder,MONDO_grouped
2973,GTS,NCBI,8187_2050_5618_5451_5371_100081_5383_1942_1098_3265_11924_12384,anxiety disorder,MONDO_grouped
2996,GYPE,NCBI,8187_2050_5618_5451_5371_100081_5383_1942_1098_3265_11924_12384,anxiety disorder,MONDO_grouped
348980,HCN1,NCBI,8187_2050_5618_5451_5371_100081_5383_1942_1098_3265_11924_12384,anxiety disorder,MONDO_grouped
3060,HCRT,NCBI,8187_2050_5618_5451_5371_100081_5383_1942_1098_3265_11924_12384,anxiety disorder,MONDO_grouped
3061,HCRTR1,NCBI,8187_2050_5618_5451_5371_100081_5383_1942_1098_3265_11924_12384,anxiety disorder,MONDO_grouped
3066,HDAC2,NCBI,8187_2050_5618_5451_5371_100081_5383_1942_1098_3265_11924_12384,anxiety disorder,MONDO_grouped
9759,HDAC4,NCBI,8187_2050_5618_5451_5371_100081_5383_1942_1098_3265_11924_12384,anxiety disorder,MONDO_grouped
10014,HDAC5,NCBI,8187_2050_5618_5451_5371_100081_5383_1942_1098_3265_11924_12384,anxiety disorder,MONDO_grouped
10013,HDAC6,NCBI,8187_2050_5618_5451_5371_100081_5383_1942_1098_3265_11924_12384,anxiety disorder,MONDO_grouped
9734,HDAC9,NCBI,8187_2050_5618_5451_5371_100081_5383_1942_1098_3265_11924_12384,anxiety disorder,MONDO_grouped
3091,HIF1A,NCBI,8187_2050_5618_5451_5371_100081_5383_1942_1098_3265_11924_12384,anxiety disorder,MONDO_grouped
3131,HLF,NCBI,8187_2050_5618_5451_5371_100081_5383_1942_1098_3265_11924_12384,anxiety disorder,MONDO_grouped
9456,HOMER1,NCBI,8187_2050_5618_5451_5371_100081_5383_1942_1098_3265_11924_12384,anxiety disorder,MONDO_grouped
3240,HP,NCBI,8187_2050_5618_5451_5371_100081_5383_1942_1098_3265_11924_12384,anxiety disorder,MONDO_grouped
10855,HPSE,NCBI,8187_2050_5618_5451_5371_100081_5383_1942_1098_3265_11924_12384,anxiety disorder,MONDO_grouped
3290,HSD11B1,NCBI,8187_2050_5618_5451_5371_100081_5383_1942_1098_3265_11924_12384,anxiety disorder,MONDO_grouped
3320,HSP90AA1,NCBI,8187_2050_5618_5451_5371_100081_5383_1942_1098_3265_11924_12384,anxiety disorder,MONDO_grouped
3303,HSPA1A,NCBI,8187_2050_5618_5451_5371_100081_5383_1942_1098_3265_11924_12384,anxiety disorder,MONDO_grouped
3304,HSPA1B,NCBI,8187_2050_5618_5451_5371_100081_5383_1942_1098_3265_11924_12384,anxiety disorder,MONDO_grouped
3305,HSPA1L,NCBI,8187_2050_5618_5451_5371_100081_5383_1942_1098_3265_11924_12384,anxiety disorder,MONDO_grouped
8988,HSPB3,NCBI,8187_2050_5618_5451_5371_100081_5383_1942_1098_3265_11924_12384,anxiety disorder,MONDO_grouped
3350,HTR1A,NCBI,8187_2050_5618_5451_5371_100081_5383_1942_1098_3265_11924_12384,anxiety disorder,MONDO_grouped
3351,HTR1B,NCBI,8187_2050_5618_5451_5371_100081_5383_1942_1098_3265_11924_12384,anxiety disorder,MONDO_grouped
3352,HTR1D,NCBI,8187_2050_5618_5451_5371_100081_5383_1942_1098_3265_11924_12384,anxiety disorder,MONDO_grouped
3356,HTR2A,NCBI,8187_2050_5618_5451_5371_100081_5383_1942_1098_3265_11924_12384,anxiety disorder,MONDO_grouped
3358,HTR2C,NCBI,8187_2050_5618_5451_5371_100081_5383_1942_1098_3265_11924_12384,anxiety disorder,MONDO_grouped
3359,HTR3A,NCBI,8187_2050_5618_5451_5371_100081_5383_1942_1098_3265_11924_12384,anxiety disorder,MONDO_grouped
9177,HTR3B,NCBI,8187_2050_5618_5451_5371_100081_5383_1942_1098_3265_11924_12384,anxiety disorder,MONDO_grouped
3360,HTR4,NCBI,8187_2050_5618_5451_5371_100081_5383_1942_1098_3265_11924_12384,anxiety disorder,MONDO_grouped
3363,HTR7,NCBI,8187_2050_5618_5451_5371_100081_5383_1942_1098_3265_11924_12384,anxiety disorder,MONDO_grouped
3064,HTT,NCBI,8187_2050_5618_5451_5371_100081_5383_1942_1098_3265_11924_12384,anxiety disorder,MONDO_grouped
3620,IDO1,NCBI,8187_2050_5618_5451_5371_100081_5383_1942_1098_3265_11924_12384,anxiety disorder,MONDO_grouped
10964,IFI44L,NCBI,8187_2050_5618_5451_5371_100081_5383_1942_1098_3265_11924_12384,anxiety disorder,MONDO_grouped
2537,IFI6,NCBI,8187_2050_5618_5451_5371_100081_5383_1942_1098_3265_11924_12384,anxiety disorder,MONDO_grouped
3439,IFNA1,NCBI,8187_2050_5618_5451_5371_100081_5383_1942_1098_3265_11924_12384,anxiety disorder,MONDO_grouped
3440,IFNA2,NCBI,8187_2050_5618_5451_5371_100081_5383_1942_1098_3265_11924_12384,anxiety disorder,MONDO_grouped
3458,IFNG,NCBI,8187_2050_5618_5451_5371_100081_5383_1942_1098_3265_11924_12384,anxiety disorder,MONDO_grouped
3479,IGF1,NCBI,8187_2050_5618_5451_5371_100081_5383_1942_1098_3265_11924_12384,anxiety disorder,MONDO_grouped
9641,IKBKE,NCBI,8187_2050_5618_5451_5371_100081_5383_1942_1098_3265_11924_12384,anxiety disorder,MONDO_grouped
3589,IL11,NCBI,8187_2050_5618_5451_5371_100081_5383_1942_1098_3265_11924_12384,anxiety disorder,MONDO_grouped
3606,IL18,NCBI,8187_2050_5618_5451_5371_100081_5383_1942_1098_3265_11924_12384,anxiety disorder,MONDO_grouped
3552,IL1A,NCBI,8187_2050_5618_5451_5371_100081_5383_1942_1098_3265_11924_12384,anxiety disorder,MONDO_grouped
3553,IL1B,NCBI,8187_2050_5618_5451_5371_100081_5383_1942_1098_3265_11924_12384,anxiety disorder,MONDO_grouped
3558,IL2,NCBI,8187_2050_5618_5451_5371_100081_5383_1942_1098_3265_11924_12384,anxiety disorder,MONDO_grouped
50604,IL20,NCBI,8187_2050_5618_5451_5371_100081_5383_1942_1098_3265_11924_12384,anxiety disorder,MONDO_grouped
11009,IL24,NCBI,8187_2050_5618_5451_5371_100081_5383_1942_1098_3265_11924_12384,anxiety disorder,MONDO_grouped
3559,IL2RA,NCBI,8187_2050_5618_5451_5371_100081_5383_1942_1098_3265_11924_12384,anxiety disorder,MONDO_grouped
3569,IL6,NCBI,8187_2050_5618_5451_5371_100081_5383_1942_1098_3265_11924_12384,anxiety disorder,MONDO_grouped
3570,IL6R,NCBI,8187_2050_5618_5451_5371_100081_5383_1942_1098_3265_11924_12384,anxiety disorder,MONDO_grouped
3613,IMPA2,NCBI,8187_2050_5618_5451_5371_100081_5383_1942_1098_3265_11924_12384,anxiety disorder,MONDO_grouped
3630,INS,NCBI,8187_2050_5618_5451_5371_100081_5383_1942_1098_3265_11924_12384,anxiety disorder,MONDO_grouped
3665,IRF7,NCBI,8187_2050_5618_5451_5371_100081_5383_1942_1098_3265_11924_12384,anxiety disorder,MONDO_grouped
9636,ISG15,NCBI,8187_2050_5618_5451_5371_100081_5383_1942_1098_3265_11924_12384,anxiety disorder,MONDO_grouped
3697,ITIH1,NCBI,8187_2050_5618_5451_5371_100081_5383_1942_1098_3265_11924_12384,anxiety disorder,MONDO_grouped
8997,KALRN,NCBI,8187_2050_5618_5451_5371_100081_5383_1942_1098_3265_11924_12384,anxiety disorder,MONDO_grouped
3763,KCNJ6,NCBI,8187_2050_5618_5451_5371_100081_5383_1942_1098_3265_11924_12384,anxiety disorder,MONDO_grouped
3776,KCNK2,NCBI,8187_2050_5618_5451_5371_100081_5383_1942_1098_3265_11924_12384,anxiety disorder,MONDO_grouped
3791,KDR,NCBI,8187_2050_5618_5451_5371_100081_5383_1942_1098_3265_11924_12384,anxiety disorder,MONDO_grouped
8564,KMO,NCBI,8187_2050_5618_5451_5371_100081_5383_1942_1098_3265_11924_12384,anxiety disorder,MONDO_grouped
3839,KPNA3,NCBI,8187_2050_5618_5451_5371_100081_5383_1942_1098_3265_11924_12384,anxiety disorder,MONDO_grouped
56267,KYAT3,NCBI,8187_2050_5618_5451_5371_100081_5383_1942_1098_3265_11924_12384,anxiety disorder,MONDO_grouped
3939,LDHA,NCBI,8187_2050_5618_5451_5371_100081_5383_1942_1098_3265_11924_12384,anxiety disorder,MONDO_grouped
3952,LEP,NCBI,8187_2050_5618_5451_5371_100081_5383_1942_1098_3265_11924_12384,anxiety disorder,MONDO_grouped
9211,LGI1,NCBI,8187_2050_5618_5451_5371_100081_5383_1942_1098_3265_11924_12384,anxiety disorder,MONDO_grouped
64077,LHPP,NCBI,8187_2050_5618_5451_5371_100081_5383_1942_1098_3265_11924_12384,anxiety disorder,MONDO_grouped
3976,LIF,NCBI,8187_2050_5618_5451_5371_100081_5383_1942_1098_3265_11924_12384,anxiety disorder,MONDO_grouped
4035,LRP1,NCBI,8187_2050_5618_5451_5371_100081_5383_1942_1098_3265_11924_12384,anxiety disorder,MONDO_grouped
7804,LRP8,NCBI,8187_2050_5618_5451_5371_100081_5383_1942_1098_3265_11924_12384,anxiety disorder,MONDO_grouped
4045,LSAMP,NCBI,8187_2050_5618_5451_5371_100081_5383_1942_1098_3265_11924_12384,anxiety disorder,MONDO_grouped
4048,LTA4H,NCBI,8187_2050_5618_5451_5371_100081_5383_1942_1098_3265_11924_12384,anxiety disorder,MONDO_grouped
4074,M6PR,NCBI,8187_2050_5618_5451_5371_100081_5383_1942_1098_3265_11924_12384,anxiety disorder,MONDO_grouped
9863,MAGI2,NCBI,8187_2050_5618_5451_5371_100081_5383_1942_1098_3265_11924_12384,anxiety disorder,MONDO_grouped
4128,MAOA,NCBI,8187_2050_5618_5451_5371_100081_5383_1942_1098_3265_11924_12384,anxiety disorder,MONDO_grouped
4129,MAOB,NCBI,8187_2050_5618_5451_5371_100081_5383_1942_1098_3265_11924_12384,anxiety disorder,MONDO_grouped
4133,MAP2,NCBI,8187_2050_5618_5451_5371_100081_5383_1942_1098_3265_11924_12384,anxiety disorder,MONDO_grouped
5604,MAP2K1,NCBI,8187_2050_5618_5451_5371_100081_5383_1942_1098_3265_11924_12384,anxiety disorder,MONDO_grouped
5607,MAP2K5,NCBI,8187_2050_5618_5451_5371_100081_5383_1942_1098_3265_11924_12384,anxiety disorder,MONDO_grouped
5595,MAPK3,NCBI,8187_2050_5618_5451_5371_100081_5383_1942_1098_3265_11924_12384,anxiety disorder,MONDO_grouped
5599,MAPK8,NCBI,8187_2050_5618_5451_5371_100081_5383_1942_1098_3265_11924_12384,anxiety disorder,MONDO_grouped
4137,MAPT,NCBI,8187_2050_5618_5451_5371_100081_5383_1942_1098_3265_11924_12384,anxiety disorder,MONDO_grouped
4157,MC1R,NCBI,8187_2050_5618_5451_5371_100081_5383_1942_1098_3265_11924_12384,anxiety disorder,MONDO_grouped
4160,MC4R,NCBI,8187_2050_5618_5451_5371_100081_5383_1942_1098_3265_11924_12384,anxiety disorder,MONDO_grouped
2847,MCHR1,NCBI,8187_2050_5618_5451_5371_100081_5383_1942_1098_3265_11924_12384,anxiety disorder,MONDO_grouped
55784,MCTP2,NCBI,8187_2050_5618_5451_5371_100081_5383_1942_1098_3265_11924_12384,anxiety disorder,MONDO_grouped
4192,MDK,NCBI,8187_2050_5618_5451_5371_100081_5383_1942_1098_3265_11924_12384,anxiety disorder,MONDO_grouped
4194,MDM4,NCBI,8187_2050_5618_5451_5371_100081_5383_1942_1098_3265_11924_12384,anxiety disorder,MONDO_grouped
4204,MECP2,NCBI,8187_2050_5618_5451_5371_100081_5383_1942_1098_3265_11924_12384,anxiety disorder,MONDO_grouped
9968,MED12,NCBI,8187_2050_5618_5451_5371_100081_5383_1942_1098_3265_11924_12384,anxiety disorder,MONDO_grouped
4282,MIF,NCBI,8187_2050_5618_5451_5371_100081_5383_1942_1098_3265_11924_12384,anxiety disorder,MONDO_grouped
100302259,MIR1202,NCBI,8187_2050_5618_5451_5371_100081_5383_1942_1098_3265_11924_12384,anxiety disorder,MONDO_grouped
407034,MIR30E,NCBI,8187_2050_5618_5451_5371_100081_5383_1942_1098_3265_11924_12384,anxiety disorder,MONDO_grouped
407040,MIR34A,NCBI,8187_2050_5618_5451_5371_100081_5383_1942_1098_3265_11924_12384,anxiety disorder,MONDO_grouped
326625,MMAB,NCBI,8187_2050_5618_5451_5371_100081_5383_1942_1098_3265_11924_12384,anxiety disorder,MONDO_grouped
4317,MMP8,NCBI,8187_2050_5618_5451_5371_100081_5383_1942_1098_3265_11924_12384,anxiety disorder,MONDO_grouped
27136,MORC1,NCBI,8187_2050_5618_5451_5371_100081_5383_1942_1098_3265_11924_12384,anxiety disorder,MONDO_grouped
4353,MPO,NCBI,8187_2050_5618_5451_5371_100081_5383_1942_1098_3265_11924_12384,anxiety disorder,MONDO_grouped
4397,MS,NCBI,8187_2050_5618_5451_5371_100081_5383_1942_1098_3265_11924_12384,anxiety disorder,MONDO_grouped
4502,MT2A,NCBI,8187_2050_5618_5451_5371_100081_5383_1942_1098_3265_11924_12384,anxiety disorder,MONDO_grouped
4524,MTHFR,NCBI,8187_2050_5618_5451_5371_100081_5383_1942_1098_3265_11924_12384,anxiety disorder,MONDO_grouped
2475,MTOR,NCBI,8187_2050_5618_5451_5371_100081_5383_1942_1098_3265_11924_12384,anxiety disorder,MONDO_grouped
4548,MTR,NCBI,8187_2050_5618_5451_5371_100081_5383_1942_1098_3265_11924_12384,anxiety disorder,MONDO_grouped
23040,MYT1L,NCBI,8187_2050_5618_5451_5371_100081_5383_1942_1098_3265_11924_12384,anxiety disorder,MONDO_grouped
4684,NCAM1,NCBI,8187_2050_5618_5451_5371_100081_5383_1942_1098_3265_11924_12384,anxiety disorder,MONDO_grouped
4723,NDUFV1,NCBI,8187_2050_5618_5451_5371_100081_5383_1942_1098_3265_11924_12384,anxiety disorder,MONDO_grouped
4729,NDUFV2,NCBI,8187_2050_5618_5451_5371_100081_5383_1942_1098_3265_11924_12384,anxiety disorder,MONDO_grouped
4747,NEFL,NCBI,8187_2050_5618_5451_5371_100081_5383_1942_1098_3265_11924_12384,anxiety disorder,MONDO_grouped
4741,NEFM,NCBI,8187_2050_5618_5451_5371_100081_5383_1942_1098_3265_11924_12384,anxiety disorder,MONDO_grouped
4745,NELL1,NCBI,8187_2050_5618_5451_5371_100081_5383_1942_1098_3265_11924_12384,anxiety disorder,MONDO_grouped
4803,NGF,NCBI,8187_2050_5618_5451_5371_100081_5383_1942_1098_3265_11924_12384,anxiety disorder,MONDO_grouped
4804,NGFR,NCBI,8187_2050_5618_5451_5371_100081_5383_1942_1098_3265_11924_12384,anxiety disorder,MONDO_grouped
4842,NOS1,NCBI,8187_2050_5618_5451_5371_100081_5383_1942_1098_3265_11924_12384,anxiety disorder,MONDO_grouped
4843,NOS2,NCBI,8187_2050_5618_5451_5371_100081_5383_1942_1098_3265_11924_12384,anxiety disorder,MONDO_grouped
4846,NOS3,NCBI,8187_2050_5618_5451_5371_100081_5383_1942_1098_3265_11924_12384,anxiety disorder,MONDO_grouped
4862,NPAS2,NCBI,8187_2050_5618_5451_5371_100081_5383_1942_1098_3265_11924_12384,anxiety disorder,MONDO_grouped
64067,NPAS3,NCBI,8187_2050_5618_5451_5371_100081_5383_1942_1098_3265_11924_12384,anxiety disorder,MONDO_grouped
594857,NPS,NCBI,8187_2050_5618_5451_5371_100081_5383_1942_1098_3265_11924_12384,anxiety disorder,MONDO_grouped
387129,NPSR1,NCBI,8187_2050_5618_5451_5371_100081_5383_1942_1098_3265_11924_12384,anxiety disorder,MONDO_grouped
4852,NPY,NCBI,8187_2050_5618_5451_5371_100081_5383_1942_1098_3265_11924_12384,anxiety disorder,MONDO_grouped
4886,NPY1R,NCBI,8187_2050_5618_5451_5371_100081_5383_1942_1098_3265_11924_12384,anxiety disorder,MONDO_grouped
9572,NR1D1,NCBI,8187_2050_5618_5451_5371_100081_5383_1942_1098_3265_11924_12384,anxiety disorder,MONDO_grouped
2908,NR3C1,NCBI,8187_2050_5618_5451_5371_100081_5383_1942_1098_3265_11924_12384,anxiety disorder,MONDO_grouped
4306,NR3C2,NCBI,8187_2050_5618_5451_5371_100081_5383_1942_1098_3265_11924_12384,anxiety disorder,MONDO_grouped
3164,NR4A1,NCBI,8187_2050_5618_5451_5371_100081_5383_1942_1098_3265_11924_12384,anxiety disorder,MONDO_grouped
4929,NR4A2,NCBI,8187_2050_5618_5451_5371_100081_5383_1942_1098_3265_11924_12384,anxiety disorder,MONDO_grouped
3084,NRG1,NCBI,8187_2050_5618_5451_5371_100081_5383_1942_1098_3265_11924_12384,anxiety disorder,MONDO_grouped
9378,NRXN1,NCBI,8187_2050_5618_5451_5371_100081_5383_1942_1098_3265_11924_12384,anxiety disorder,MONDO_grouped
4908,NTF3,NCBI,8187_2050_5618_5451_5371_100081_5383_1942_1098_3265_11924_12384,anxiety disorder,MONDO_grouped
50863,NTM,NCBI,8187_2050_5618_5451_5371_100081_5383_1942_1098_3265_11924_12384,anxiety disorder,MONDO_grouped
4915,NTRK2,NCBI,8187_2050_5618_5451_5371_100081_5383_1942_1098_3265_11924_12384,anxiety disorder,MONDO_grouped
4916,NTRK3,NCBI,8187_2050_5618_5451_5371_100081_5383_1942_1098_3265_11924_12384,anxiety disorder,MONDO_grouped
4922,NTS,NCBI,8187_2050_5618_5451_5371_100081_5383_1942_1098_3265_11924_12384,anxiety disorder,MONDO_grouped
4939,OAS2,NCBI,8187_2050_5618_5451_5371_100081_5383_1942_1098_3265_11924_12384,anxiety disorder,MONDO_grouped
4986,OPRK1,NCBI,8187_2050_5618_5451_5371_100081_5383_1942_1098_3265_11924_12384,anxiety disorder,MONDO_grouped
4988,OPRM1,NCBI,8187_2050_5618_5451_5371_100081_5383_1942_1098_3265_11924_12384,anxiety disorder,MONDO_grouped
125958,OR7D4,NCBI,8187_2050_5618_5451_5371_100081_5383_1942_1098_3265_11924_12384,anxiety disorder,MONDO_grouped
5020,OXT,NCBI,8187_2050_5618_5451_5371_100081_5383_1942_1098_3265_11924_12384,anxiety disorder,MONDO_grouped
5021,OXTR,NCBI,8187_2050_5618_5451_5371_100081_5383_1942_1098_3265_11924_12384,anxiety disorder,MONDO_grouped
5027,P2RX7,NCBI,8187_2050_5618_5451_5371_100081_5383_1942_1098_3265_11924_12384,anxiety disorder,MONDO_grouped
5066,PAM,NCBI,8187_2050_5618_5451_5371_100081_5383_1942_1098_3265_11924_12384,anxiety disorder,MONDO_grouped
5074,PAWR,NCBI,8187_2050_5618_5451_5371_100081_5383_1942_1098_3265_11924_12384,anxiety disorder,MONDO_grouped
27445,PCLO,NCBI,8187_2050_5618_5451_5371_100081_5383_1942_1098_3265_11924_12384,anxiety disorder,MONDO_grouped
5116,PCNT,NCBI,8187_2050_5618_5451_5371_100081_5383_1942_1098_3265_11924_12384,anxiety disorder,MONDO_grouped
5134,PDCD2,NCBI,8187_2050_5618_5451_5371_100081_5383_1942_1098_3265_11924_12384,anxiety disorder,MONDO_grouped
10016,PDCD6,NCBI,8187_2050_5618_5451_5371_100081_5383_1942_1098_3265_11924_12384,anxiety disorder,MONDO_grouped
50940,PDE11A,NCBI,8187_2050_5618_5451_5371_100081_5383_1942_1098_3265_11924_12384,anxiety disorder,MONDO_grouped
5153,PDE1B,NCBI,8187_2050_5618_5451_5371_100081_5383_1942_1098_3265_11924_12384,anxiety disorder,MONDO_grouped
5141,PDE4A,NCBI,8187_2050_5618_5451_5371_100081_5383_1942_1098_3265_11924_12384,anxiety disorder,MONDO_grouped
5142,PDE4B,NCBI,8187_2050_5618_5451_5371_100081_5383_1942_1098_3265_11924_12384,anxiety disorder,MONDO_grouped
5144,PDE4D,NCBI,8187_2050_5618_5451_5371_100081_5383_1942_1098_3265_11924_12384,anxiety disorder,MONDO_grouped
10611,PDLIM5,NCBI,8187_2050_5618_5451_5371_100081_5383_1942_1098_3265_11924_12384,anxiety disorder,MONDO_grouped
5173,PDYN,NCBI,8187_2050_5618_5451_5371_100081_5383_1942_1098_3265_11924_12384,anxiety disorder,MONDO_grouped
8682,PEA15,NCBI,8187_2050_5618_5451_5371_100081_5383_1942_1098_3265_11924_12384,anxiety disorder,MONDO_grouped
5179,PENK,NCBI,8187_2050_5618_5451_5371_100081_5383_1942_1098_3265_11924_12384,anxiety disorder,MONDO_grouped
8864,PER2,NCBI,8187_2050_5618_5451_5371_100081_5383_1942_1098_3265_11924_12384,anxiety disorder,MONDO_grouped
8863,PER3,NCBI,8187_2050_5618_5451_5371_100081_5383_1942_1098_3265_11924_12384,anxiety disorder,MONDO_grouped
51555,PEX5L,NCBI,8187_2050_5618_5451_5371_100081_5383_1942_1098_3265_11924_12384,anxiety disorder,MONDO_grouped
5209,PFKFB3,NCBI,8187_2050_5618_5451_5371_100081_5383_1942_1098_3265_11924_12384,anxiety disorder,MONDO_grouped
65018,PINK1,NCBI,8187_2050_5618_5451_5371_100081_5383_1942_1098_3265_11924_12384,anxiety disorder,MONDO_grouped
5309,PITX3,NCBI,8187_2050_5618_5451_5371_100081_5383_1942_1098_3265_11924_12384,anxiety disorder,MONDO_grouped
5320,PLA2G2A,NCBI,8187_2050_5618_5451_5371_100081_5383_1942_1098_3265_11924_12384,anxiety disorder,MONDO_grouped
23236,PLCB1,NCBI,8187_2050_5618_5451_5371_100081_5383_1942_1098_3265_11924_12384,anxiety disorder,MONDO_grouped
5340,PLG,NCBI,8187_2050_5618_5451_5371_100081_5383_1942_1098_3265_11924_12384,anxiety disorder,MONDO_grouped
5367,PMCH,NCBI,8187_2050_5618_5451_5371_100081_5383_1942_1098_3265_11924_12384,anxiety disorder,MONDO_grouped
5368,PNOC,NCBI,8187_2050_5618_5451_5371_100081_5383_1942_1098_3265_11924_12384,anxiety disorder,MONDO_grouped
5443,POMC,NCBI,8187_2050_5618_5451_5371_100081_5383_1942_1098_3265_11924_12384,anxiety disorder,MONDO_grouped
5444,PON1,NCBI,8187_2050_5618_5451_5371_100081_5383_1942_1098_3265_11924_12384,anxiety disorder,MONDO_grouped
84152,PPP1R1B,NCBI,8187_2050_5618_5451_5371_100081_5383_1942_1098_3265_11924_12384,anxiety disorder,MONDO_grouped
5533,PPP3CC,NCBI,8187_2050_5618_5451_5371_100081_5383_1942_1098_3265_11924_12384,anxiety disorder,MONDO_grouped
145270,PRIMA1,NCBI,8187_2050_5618_5451_5371_100081_5383_1942_1098_3265_11924_12384,anxiety disorder,MONDO_grouped
5579,PRKCB,NCBI,8187_2050_5618_5451_5371_100081_5383_1942_1098_3265_11924_12384,anxiety disorder,MONDO_grouped
5584,PRKCI,NCBI,8187_2050_5618_5451_5371_100081_5383_1942_1098_3265_11924_12384,anxiety disorder,MONDO_grouped
5617,PRL,NCBI,8187_2050_5618_5451_5371_100081_5383_1942_1098_3265_11924_12384,anxiety disorder,MONDO_grouped
5621,PRNP,NCBI,8187_2050_5618_5451_5371_100081_5383_1942_1098_3265_11924_12384,anxiety disorder,MONDO_grouped
60675,PROK2,NCBI,8187_2050_5618_5451_5371_100081_5383_1942_1098_3265_11924_12384,anxiety disorder,MONDO_grouped
8842,PROM1,NCBI,8187_2050_5618_5451_5371_100081_5383_1942_1098_3265_11924_12384,anxiety disorder,MONDO_grouped
5663,PSEN1,NCBI,8187_2050_5618_5451_5371_100081_5383_1942_1098_3265_11924_12384,anxiety disorder,MONDO_grouped
5692,PSMB4,NCBI,8187_2050_5618_5451_5371_100081_5383_1942_1098_3265_11924_12384,anxiety disorder,MONDO_grouped
5743,PTGS2,NCBI,8187_2050_5618_5451_5371_100081_5383_1942_1098_3265_11924_12384,anxiety disorder,MONDO_grouped
5801,PTPRR,NCBI,8187_2050_5618_5451_5371_100081_5383_1942_1098_3265_11924_12384,anxiety disorder,MONDO_grouped
5806,PTX3,NCBI,8187_2050_5618_5451_5371_100081_5383_1942_1098_3265_11924_12384,anxiety disorder,MONDO_grouped
5697,PYY,NCBI,8187_2050_5618_5451_5371_100081_5383_1942_1098_3265_11924_12384,anxiety disorder,MONDO_grouped
9444,QKI,NCBI,8187_2050_5618_5451_5371_100081_5383_1942_1098_3265_11924_12384,anxiety disorder,MONDO_grouped
5879,RAC1,NCBI,8187_2050_5618_5451_5371_100081_5383_1942_1098_3265_11924_12384,anxiety disorder,MONDO_grouped
10743,RAI1,NCBI,8187_2050_5618_5451_5371_100081_5383_1942_1098_3265_11924_12384,anxiety disorder,MONDO_grouped
9771,RAPGEF5,NCBI,8187_2050_5618_5451_5371_100081_5383_1942_1098_3265_11924_12384,anxiety disorder,MONDO_grouped
65059,RAPH1,NCBI,8187_2050_5618_5451_5371_100081_5383_1942_1098_3265_11924_12384,anxiety disorder,MONDO_grouped
7905,REEP5,NCBI,8187_2050_5618_5451_5371_100081_5383_1942_1098_3265_11924_12384,anxiety disorder,MONDO_grouped
5649,RELN,NCBI,8187_2050_5618_5451_5371_100081_5383_1942_1098_3265_11924_12384,anxiety disorder,MONDO_grouped
5972,REN,NCBI,8187_2050_5618_5451_5371_100081_5383_1942_1098_3265_11924_12384,anxiety disorder,MONDO_grouped
5978,REST,NCBI,8187_2050_5618_5451_5371_100081_5383_1942_1098_3265_11924_12384,anxiety disorder,MONDO_grouped
5996,RGS1,NCBI,8187_2050_5618_5451_5371_100081_5383_1942_1098_3265_11924_12384,anxiety disorder,MONDO_grouped
63891,RNF123,NCBI,8187_2050_5618_5451_5371_100081_5383_1942_1098_3265_11924_12384,anxiety disorder,MONDO_grouped
10193,RNF41,NCBI,8187_2050_5618_5451_5371_100081_5383_1942_1098_3265_11924_12384,anxiety disorder,MONDO_grouped
6095,RORA,NCBI,8187_2050_5618_5451_5371_100081_5383_1942_1098_3265_11924_12384,anxiety disorder,MONDO_grouped
6281,S100A10,NCBI,8187_2050_5618_5451_5371_100081_5383_1942_1098_3265_11924_12384,anxiety disorder,MONDO_grouped
6285,S100B,NCBI,8187_2050_5618_5451_5371_100081_5383_1942_1098_3265_11924_12384,anxiety disorder,MONDO_grouped
6303,SAT1,NCBI,8187_2050_5618_5451_5371_100081_5383_1942_1098_3265_11924_12384,anxiety disorder,MONDO_grouped
9632,SEC24C,NCBI,8187_2050_5618_5451_5371_100081_5383_1942_1098_3265_11924_12384,anxiety disorder,MONDO_grouped
6403,SELP,NCBI,8187_2050_5618_5451_5371_100081_5383_1942_1098_3265_11924_12384,anxiety disorder,MONDO_grouped
5265,SERPINA1,NCBI,8187_2050_5618_5451_5371_100081_5383_1942_1098_3265_11924_12384,anxiety disorder,MONDO_grouped
866,SERPINA6,NCBI,8187_2050_5618_5451_5371_100081_5383_1942_1098_3265_11924_12384,anxiety disorder,MONDO_grouped
5054,SERPINE1,NCBI,8187_2050_5618_5451_5371_100081_5383_1942_1098_3265_11924_12384,anxiety disorder,MONDO_grouped
6422,SFRP1,NCBI,8187_2050_5618_5451_5371_100081_5383_1942_1098_3265_11924_12384,anxiety disorder,MONDO_grouped
8910,SGCE,NCBI,8187_2050_5618_5451_5371_100081_5383_1942_1098_3265_11924_12384,anxiety disorder,MONDO_grouped
6446,SGK1,NCBI,8187_2050_5618_5451_5371_100081_5383_1942_1098_3265_11924_12384,anxiety disorder,MONDO_grouped
50944,SHANK1,NCBI,8187_2050_5618_5451_5371_100081_5383_1942_1098_3265_11924_12384,anxiety disorder,MONDO_grouped
57084,SLC17A6,NCBI,8187_2050_5618_5451_5371_100081_5383_1942_1098_3265_11924_12384,anxiety disorder,MONDO_grouped
6570,SLC18A1,NCBI,8187_2050_5618_5451_5371_100081_5383_1942_1098_3265_11924_12384,anxiety disorder,MONDO_grouped
6571,SLC18A2,NCBI,8187_2050_5618_5451_5371_100081_5383_1942_1098_3265_11924_12384,anxiety disorder,MONDO_grouped
6505,SLC1A1,NCBI,8187_2050_5618_5451_5371_100081_5383_1942_1098_3265_11924_12384,anxiety disorder,MONDO_grouped
6506,SLC1A2,NCBI,8187_2050_5618_5451_5371_100081_5383_1942_1098_3265_11924_12384,anxiety disorder,MONDO_grouped
6511,SLC1A6,NCBI,8187_2050_5618_5451_5371_100081_5383_1942_1098_3265_11924_12384,anxiety disorder,MONDO_grouped
55315,SLC29A3,NCBI,8187_2050_5618_5451_5371_100081_5383_1942_1098_3265_11924_12384,anxiety disorder,MONDO_grouped
60482,SLC5A7,NCBI,8187_2050_5618_5451_5371_100081_5383_1942_1098_3265_11924_12384,anxiety disorder,MONDO_grouped
6529,SLC6A1,NCBI,8187_2050_5618_5451_5371_100081_5383_1942_1098_3265_11924_12384,anxiety disorder,MONDO_grouped
6540,SLC6A13,NCBI,8187_2050_5618_5451_5371_100081_5383_1942_1098_3265_11924_12384,anxiety disorder,MONDO_grouped
55117,SLC6A15,NCBI,8187_2050_5618_5451_5371_100081_5383_1942_1098_3265_11924_12384,anxiety disorder,MONDO_grouped
6530,SLC6A2,NCBI,8187_2050_5618_5451_5371_100081_5383_1942_1098_3265_11924_12384,anxiety disorder,MONDO_grouped
6531,SLC6A3,NCBI,8187_2050_5618_5451_5371_100081_5383_1942_1098_3265_11924_12384,anxiety disorder,MONDO_grouped
6532,SLC6A4,NCBI,8187_2050_5618_5451_5371_100081_5383_1942_1098_3265_11924_12384,anxiety disorder,MONDO_grouped
53919,SLCO1C1,NCBI,8187_2050_5618_5451_5371_100081_5383_1942_1098_3265_11924_12384,anxiety disorder,MONDO_grouped
6586,SLIT3,NCBI,8187_2050_5618_5451_5371_100081_5383_1942_1098_3265_11924_12384,anxiety disorder,MONDO_grouped
6616,SNAP25,NCBI,8187_2050_5618_5451_5371_100081_5383_1942_1098_3265_11924_12384,anxiety disorder,MONDO_grouped
6647,SOD1,NCBI,8187_2050_5618_5451_5371_100081_5383_1942_1098_3265_11924_12384,anxiety disorder,MONDO_grouped
6648,SOD2,NCBI,8187_2050_5618_5451_5371_100081_5383_1942_1098_3265_11924_12384,anxiety disorder,MONDO_grouped
6662,SOX9,NCBI,8187_2050_5618_5451_5371_100081_5383_1942_1098_3265_11924_12384,anxiety disorder,MONDO_grouped
6715,SRD5A1,NCBI,8187_2050_5618_5451_5371_100081_5383_1942_1098_3265_11924_12384,anxiety disorder,MONDO_grouped
51593,SRRT,NCBI,8187_2050_5618_5451_5371_100081_5383_1942_1098_3265_11924_12384,anxiety disorder,MONDO_grouped
6750,SST,NCBI,8187_2050_5618_5451_5371_100081_5383_1942_1098_3265_11924_12384,anxiety disorder,MONDO_grouped
6755,SSTR5,NCBI,8187_2050_5618_5451_5371_100081_5383_1942_1098_3265_11924_12384,anxiety disorder,MONDO_grouped
6774,STAT3,NCBI,8187_2050_5618_5451_5371_100081_5383_1942_1098_3265_11924_12384,anxiety disorder,MONDO_grouped
10963,STIP1,NCBI,8187_2050_5618_5451_5371_100081_5383_1942_1098_3265_11924_12384,anxiety disorder,MONDO_grouped
3925,STMN1,NCBI,8187_2050_5618_5451_5371_100081_5383_1942_1098_3265_11924_12384,anxiety disorder,MONDO_grouped
6853,SYN1,NCBI,8187_2050_5618_5451_5371_100081_5383_1942_1098_3265_11924_12384,anxiety disorder,MONDO_grouped
319100,TAAR6,NCBI,8187_2050_5618_5451_5371_100081_5383_1942_1098_3265_11924_12384,anxiety disorder,MONDO_grouped
6863,TAC1,NCBI,8187_2050_5618_5451_5371_100081_5383_1942_1098_3265_11924_12384,anxiety disorder,MONDO_grouped
6869,TACR1,NCBI,8187_2050_5618_5451_5371_100081_5383_1942_1098_3265_11924_12384,anxiety disorder,MONDO_grouped
338811,TAFA2,NCBI,8187_2050_5618_5451_5371_100081_5383_1942_1098_3265_11924_12384,anxiety disorder,MONDO_grouped
9095,TBX19,NCBI,8187_2050_5618_5451_5371_100081_5383_1942_1098_3265_11924_12384,anxiety disorder,MONDO_grouped
30009,TBX21,NCBI,8187_2050_5618_5451_5371_100081_5383_1942_1098_3265_11924_12384,anxiety disorder,MONDO_grouped
6999,TDO2,NCBI,8187_2050_5618_5451_5371_100081_5383_1942_1098_3265_11924_12384,anxiety disorder,MONDO_grouped
7008,TEF,NCBI,8187_2050_5618_5451_5371_100081_5383_1942_1098_3265_11924_12384,anxiety disorder,MONDO_grouped
7015,TERT,NCBI,8187_2050_5618_5451_5371_100081_5383_1942_1098_3265_11924_12384,anxiety disorder,MONDO_grouped
7024,TFCP2,NCBI,8187_2050_5618_5451_5371_100081_5383_1942_1098_3265_11924_12384,anxiety disorder,MONDO_grouped
7038,TG,NCBI,8187_2050_5618_5451_5371_100081_5383_1942_1098_3265_11924_12384,anxiety disorder,MONDO_grouped
7040,TGFB1,NCBI,8187_2050_5618_5451_5371_100081_5383_1942_1098_3265_11924_12384,anxiety disorder,MONDO_grouped
7054,TH,NCBI,8187_2050_5618_5451_5371_100081_5383_1942_1098_3265_11924_12384,anxiety disorder,MONDO_grouped
8914,TIMELESS,NCBI,8187_2050_5618_5451_5371_100081_5383_1942_1098_3265_11924_12384,anxiety disorder,MONDO_grouped
7088,TLE1,NCBI,8187_2050_5618_5451_5371_100081_5383_1942_1098_3265_11924_12384,anxiety disorder,MONDO_grouped
51284,TLR7,NCBI,8187_2050_5618_5451_5371_100081_5383_1942_1098_3265_11924_12384,anxiety disorder,MONDO_grouped
7124,TNF,NCBI,8187_2050_5618_5451_5371_100081_5383_1942_1098_3265_11924_12384,anxiety disorder,MONDO_grouped
7132,TNFRSF1A,NCBI,8187_2050_5618_5451_5371_100081_5383_1942_1098_3265_11924_12384,anxiety disorder,MONDO_grouped
7133,TNFRSF1B,NCBI,8187_2050_5618_5451_5371_100081_5383_1942_1098_3265_11924_12384,anxiety disorder,MONDO_grouped
10452,TOMM40,NCBI,8187_2050_5618_5451_5371_100081_5383_1942_1098_3265_11924_12384,anxiety disorder,MONDO_grouped
7166,TPH1,NCBI,8187_2050_5618_5451_5371_100081_5383_1942_1098_3265_11924_12384,anxiety disorder,MONDO_grouped
121278,TPH2,NCBI,8187_2050_5618_5451_5371_100081_5383_1942_1098_3265_11924_12384,anxiety disorder,MONDO_grouped
7200,TRH,NCBI,8187_2050_5618_5451_5371_100081_5383_1942_1098_3265_11924_12384,anxiety disorder,MONDO_grouped
100303453,TSNAX-DISC1,NCBI,8187_2050_5618_5451_5371_100081_5383_1942_1098_3265_11924_12384,anxiety disorder,MONDO_grouped
7276,TTR,NCBI,8187_2050_5618_5451_5371_100081_5383_1942_1098_3265_11924_12384,anxiety disorder,MONDO_grouped
7297,TYK2,NCBI,8187_2050_5618_5451_5371_100081_5383_1942_1098_3265_11924_12384,anxiety disorder,MONDO_grouped
7349,UCN,NCBI,8187_2050_5618_5451_5371_100081_5383_1942_1098_3265_11924_12384,anxiety disorder,MONDO_grouped
114131,UCN3,NCBI,8187_2050_5618_5451_5371_100081_5383_1942_1098_3265_11924_12384,anxiety disorder,MONDO_grouped
64854,USP46,NCBI,8187_2050_5618_5451_5371_100081_5383_1942_1098_3265_11924_12384,anxiety disorder,MONDO_grouped
6844,VAMP2,NCBI,8187_2050_5618_5451_5371_100081_5383_1942_1098_3265_11924_12384,anxiety disorder,MONDO_grouped
7422,VEGFA,NCBI,8187_2050_5618_5451_5371_100081_5383_1942_1098_3265_11924_12384,anxiety disorder,MONDO_grouped
7425,VGF,NCBI,8187_2050_5618_5451_5371_100081_5383_1942_1098_3265_11924_12384,anxiety disorder,MONDO_grouped
7466,WFS1,NCBI,8187_2050_5618_5451_5371_100081_5383_1942_1098_3265_11924_12384,anxiety disorder,MONDO_grouped
23286,WWC1,NCBI,8187_2050_5618_5451_5371_100081_5383_1942_1098_3265_11924_12384,anxiety disorder,MONDO_grouped
7498,XDH,NCBI,8187_2050_5618_5451_5371_100081_5383_1942_1098_3265_11924_12384,anxiety disorder,MONDO_grouped
7704,ZBTB16,NCBI,8187_2050_5618_5451_5371_100081_5383_1942_1098_3265_11924_12384,anxiety disorder,MONDO_grouped
23284,ADGRL3,NCBI,7743,attention deficit-hyperactivity disorder,MONDO
57412,AS3MT,NCBI,7743,attention deficit-hyperactivity disorder,MONDO
50632,CALY,NCBI,7743,attention deficit-hyperactivity disorder,MONDO
1137,CHRNA4,NCBI,7743,attention deficit-hyperactivity disorder,MONDO
1141,CHRNB2,NCBI,7743,attention deficit-hyperactivity disorder,MONDO
23152,CIC,NCBI,7743,attention deficit-hyperactivity disorder,MONDO
1268,CNR1,NCBI,7743,attention deficit-hyperactivity disorder,MONDO
1312,COMT,NCBI,7743,attention deficit-hyperactivity disorder,MONDO
1813,DRD2,NCBI,7743,attention deficit-hyperactivity disorder,MONDO
1815,DRD4,NCBI,7743,attention deficit-hyperactivity disorder,MONDO
1816,DRD5,NCBI,7743,attention deficit-hyperactivity disorder,MONDO
2245,FGD1,NCBI,7743,attention deficit-hyperactivity disorder,MONDO
28964,GIT1,NCBI,7743,attention deficit-hyperactivity disorder,MONDO
2911,GRM1,NCBI,7743,attention deficit-hyperactivity disorder,MONDO
2915,GRM5,NCBI,7743,attention deficit-hyperactivity disorder,MONDO
2917,GRM7,NCBI,7743,attention deficit-hyperactivity disorder,MONDO
2918,GRM8,NCBI,7743,attention deficit-hyperactivity disorder,MONDO
9969,MED13,NCBI,7743,attention deficit-hyperactivity disorder,MONDO
5789,PTPRD,NCBI,7743,attention deficit-hyperactivity disorder,MONDO
6531,SLC6A3,NCBI,7743,attention deficit-hyperactivity disorder,MONDO
412,STS,NCBI,7743,attention deficit-hyperactivity disorder,MONDO
6869,TACR1,NCBI,7743,attention deficit-hyperactivity disorder,MONDO
121278,TPH2,NCBI,7743,attention deficit-hyperactivity disorder,MONDO
23036,ZNF292,NCBI,7743,attention deficit-hyperactivity disorder,MONDO
15,AANAT,NCBI,4985_693_24613_1866,bipolar disorder,MONDO_grouped
154664,ABCA13,NCBI,4985_693_24613_1866,bipolar disorder,MONDO_grouped
35,ACADS,NCBI,4985_693_24613_1866,bipolar disorder,MONDO_grouped
1636,ACE,NCBI,4985_693_24613_1866,bipolar disorder,MONDO_grouped
60,ACTB,NCBI,4985_693_24613_1866,bipolar disorder,MONDO_grouped
104,ADARB1,NCBI,4985_693_24613_1866,bipolar disorder,MONDO_grouped
108,ADCY2,NCBI,4985_693_24613_1866,bipolar disorder,MONDO_grouped
109,ADCY3,NCBI,4985_693_24613_1866,bipolar disorder,MONDO_grouped
114,ADCY8,NCBI,4985_693_24613_1866,bipolar disorder,MONDO_grouped
116,ADCYAP1,NCBI,4985_693_24613_1866,bipolar disorder,MONDO_grouped
120,ADD3,NCBI,4985_693_24613_1866,bipolar disorder,MONDO_grouped
133,ADM,NCBI,4985_693_24613_1866,bipolar disorder,MONDO_grouped
148,ADRA1A,NCBI,4985_693_24613_1866,bipolar disorder,MONDO_grouped
152,ADRA2C,NCBI,4985_693_24613_1866,bipolar disorder,MONDO_grouped
154,ADRB2,NCBI,4985_693_24613_1866,bipolar disorder,MONDO_grouped
246269,AFG1L,NCBI,4985_693_24613_1866,bipolar disorder,MONDO_grouped
183,AGT,NCBI,4985_693_24613_1866,bipolar disorder,MONDO_grouped
11216,AKAP10,NCBI,4985_693_24613_1866,bipolar disorder,MONDO_grouped
1109,AKR1C4,NCBI,4985_693_24613_1866,bipolar disorder,MONDO_grouped
207,AKT1,NCBI,4985_693_24613_1866,bipolar disorder,MONDO_grouped
208,AKT2,NCBI,4985_693_24613_1866,bipolar disorder,MONDO_grouped
217,ALDH2,NCBI,4985_693_24613_1866,bipolar disorder,MONDO_grouped
239,ALOX12,NCBI,4985_693_24613_1866,bipolar disorder,MONDO_grouped
288,ANK3,NCBI,4985_693_24613_1866,bipolar disorder,MONDO_grouped
255239,ANKK1,NCBI,4985_693_24613_1866,bipolar disorder,MONDO_grouped
347,APOD,NCBI,4985_693_24613_1866,bipolar disorder,MONDO_grouped
348,APOE,NCBI,4985_693_24613_1866,bipolar disorder,MONDO_grouped
351,APP,NCBI,4985_693_24613_1866,bipolar disorder,MONDO_grouped
9639,ARHGEF10,NCBI,4985_693_24613_1866,bipolar disorder,MONDO_grouped
406,ARNTL,NCBI,4985_693_24613_1866,bipolar disorder,MONDO_grouped
56938,ARNTL2,NCBI,4985_693_24613_1866,bipolar disorder,MONDO_grouped
409,ARRB2,NCBI,4985_693_24613_1866,bipolar disorder,MONDO_grouped
438,ASMT,NCBI,4985_693_24613_1866,bipolar disorder,MONDO_grouped
23245,ASTN2,NCBI,4985_693_24613_1866,bipolar disorder,MONDO_grouped
468,ATF4,NCBI,4985_693_24613_1866,bipolar disorder,MONDO_grouped
22809,ATF5,NCBI,4985_693_24613_1866,bipolar disorder,MONDO_grouped
476,ATP1A1,NCBI,4985_693_24613_1866,bipolar disorder,MONDO_grouped
477,ATP1A2,NCBI,4985_693_24613_1866,bipolar disorder,MONDO_grouped
478,ATP1A3,NCBI,4985_693_24613_1866,bipolar disorder,MONDO_grouped
551,AVP,NCBI,4985_693_24613_1866,bipolar disorder,MONDO_grouped
553,AVPR1B,NCBI,4985_693_24613_1866,bipolar disorder,MONDO_grouped
573,BAG1,NCBI,4985_693_24613_1866,bipolar disorder,MONDO_grouped
590,BCHE,NCBI,4985_693_24613_1866,bipolar disorder,MONDO_grouped
596,BCL2,NCBI,4985_693_24613_1866,bipolar disorder,MONDO_grouped
607,BCL9,NCBI,4985_693_24613_1866,bipolar disorder,MONDO_grouped
613,BCR,NCBI,4985_693_24613_1866,bipolar disorder,MONDO_grouped
624,BDKRB2,NCBI,4985_693_24613_1866,bipolar disorder,MONDO_grouped
627,BDNF,NCBI,4985_693_24613_1866,bipolar disorder,MONDO_grouped
8553,BHLHE40,NCBI,4985_693_24613_1866,bipolar disorder,MONDO_grouped
79365,BHLHE41,NCBI,4985_693_24613_1866,bipolar disorder,MONDO_grouped
637,BID,NCBI,4985_693_24613_1866,bipolar disorder,MONDO_grouped
675,BRCA2,NCBI,4985_693_24613_1866,bipolar disorder,MONDO_grouped
23774,BRD1,NCBI,4985_693_24613_1866,bipolar disorder,MONDO_grouped
122525,C14orf28,NCBI,4985_693_24613_1866,bipolar disorder,MONDO_grouped
773,CACNA1A,NCBI,4985_693_24613_1866,bipolar disorder,MONDO_grouped
774,CACNA1B,NCBI,4985_693_24613_1866,bipolar disorder,MONDO_grouped
775,CACNA1C,NCBI,4985_693_24613_1866,bipolar disorder,MONDO_grouped
776,CACNA1D,NCBI,4985_693_24613_1866,bipolar disorder,MONDO_grouped
783,CACNB2,NCBI,4985_693_24613_1866,bipolar disorder,MONDO_grouped
27091,CACNG5,NCBI,4985_693_24613_1866,bipolar disorder,MONDO_grouped
805,CALM2,NCBI,4985_693_24613_1866,bipolar disorder,MONDO_grouped
811,CALR,NCBI,4985_693_24613_1866,bipolar disorder,MONDO_grouped
815,CAMK2A,NCBI,4985_693_24613_1866,bipolar disorder,MONDO_grouped
841,CASP8,NCBI,4985_693_24613_1866,bipolar disorder,MONDO_grouped
847,CAT,NCBI,4985_693_24613_1866,bipolar disorder,MONDO_grouped
2694,CBLIF,NCBI,4985_693_24613_1866,bipolar disorder,MONDO_grouped
875,CBS,NCBI,4985_693_24613_1866,bipolar disorder,MONDO_grouped
886,CCKAR,NCBI,4985_693_24613_1866,bipolar disorder,MONDO_grouped
961,CD47,NCBI,4985_693_24613_1866,bipolar disorder,MONDO_grouped
1015,CDH17,NCBI,4985_693_24613_1866,bipolar disorder,MONDO_grouped
1005,CDH7,NCBI,4985_693_24613_1866,bipolar disorder,MONDO_grouped
57132,CHMP1B,NCBI,4985_693_24613_1866,bipolar disorder,MONDO_grouped
89832,CHRFAM7A,NCBI,4985_693_24613_1866,bipolar disorder,MONDO_grouped
1129,CHRM2,NCBI,4985_693_24613_1866,bipolar disorder,MONDO_grouped
1135,CHRNA2,NCBI,4985_693_24613_1866,bipolar disorder,MONDO_grouped
8973,CHRNA6,NCBI,4985_693_24613_1866,bipolar disorder,MONDO_grouped
1139,CHRNA7,NCBI,4985_693_24613_1866,bipolar disorder,MONDO_grouped
1142,CHRNB3,NCBI,4985_693_24613_1866,bipolar disorder,MONDO_grouped
10462,CLEC10A,NCBI,4985_693_24613_1866,bipolar disorder,MONDO_grouped
9575,CLOCK,NCBI,4985_693_24613_1866,bipolar disorder,MONDO_grouped
1268,CNR1,NCBI,4985_693_24613_1866,bipolar disorder,MONDO_grouped
1269,CNR2,NCBI,4985_693_24613_1866,bipolar disorder,MONDO_grouped
152330,CNTN4,NCBI,4985_693_24613_1866,bipolar disorder,MONDO_grouped
27255,CNTN6,NCBI,4985_693_24613_1866,bipolar disorder,MONDO_grouped
26047,CNTNAP2,NCBI,4985_693_24613_1866,bipolar disorder,MONDO_grouped
1312,COMT,NCBI,4985_693_24613_1866,bipolar disorder,MONDO_grouped
10815,CPLX1,NCBI,4985_693_24613_1866,bipolar disorder,MONDO_grouped
10814,CPLX2,NCBI,4985_693_24613_1866,bipolar disorder,MONDO_grouped
1385,CREB1,NCBI,4985_693_24613_1866,bipolar disorder,MONDO_grouped
1392,CRH,NCBI,4985_693_24613_1866,bipolar disorder,MONDO_grouped
1394,CRHR1,NCBI,4985_693_24613_1866,bipolar disorder,MONDO_grouped
1395,CRHR2,NCBI,4985_693_24613_1866,bipolar disorder,MONDO_grouped
1407,CRY1,NCBI,4985_693_24613_1866,bipolar disorder,MONDO_grouped
1408,CRY2,NCBI,4985_693_24613_1866,bipolar disorder,MONDO_grouped
64478,CSMD1,NCBI,4985_693_24613_1866,bipolar disorder,MONDO_grouped
1454,CSNK1E,NCBI,4985_693_24613_1866,bipolar disorder,MONDO_grouped
1465,CSRP1,NCBI,4985_693_24613_1866,bipolar disorder,MONDO_grouped
1493,CTLA4,NCBI,4985_693_24613_1866,bipolar disorder,MONDO_grouped
23316,CUX2,NCBI,4985_693_24613_1866,bipolar disorder,MONDO_grouped
3576,CXCL8,NCBI,4985_693_24613_1866,bipolar disorder,MONDO_grouped
1610,DAO,NCBI,4985_693_24613_1866,bipolar disorder,MONDO_grouped
267012,DAOA,NCBI,4985_693_24613_1866,bipolar disorder,MONDO_grouped
282706,DAOA-AS1,NCBI,4985_693_24613_1866,bipolar disorder,MONDO_grouped
26528,DAZAP1,NCBI,4985_693_24613_1866,bipolar disorder,MONDO_grouped
1621,DBH,NCBI,4985_693_24613_1866,bipolar disorder,MONDO_grouped
1627,DBN1,NCBI,4985_693_24613_1866,bipolar disorder,MONDO_grouped
28988,DBNL,NCBI,4985_693_24613_1866,bipolar disorder,MONDO_grouped
9201,DCLK1,NCBI,4985_693_24613_1866,bipolar disorder,MONDO_grouped
84516,DCTN5,NCBI,4985_693_24613_1866,bipolar disorder,MONDO_grouped
1644,DDC,NCBI,4985_693_24613_1866,bipolar disorder,MONDO_grouped
1607,DGKB,NCBI,4985_693_24613_1866,bipolar disorder,MONDO_grouped
160851,DGKH,NCBI,4985_693_24613_1866,bipolar disorder,MONDO_grouped
1734,DIO2,NCBI,4985_693_24613_1866,bipolar disorder,MONDO_grouped
27185,DISC1,NCBI,4985_693_24613_1866,bipolar disorder,MONDO_grouped
85458,DIXDC1,NCBI,4985_693_24613_1866,bipolar disorder,MONDO_grouped
27121,DKK4,NCBI,4985_693_24613_1866,bipolar disorder,MONDO_grouped
1740,DLG2,NCBI,4985_693_24613_1866,bipolar disorder,MONDO_grouped
1741,DLG3,NCBI,4985_693_24613_1866,bipolar disorder,MONDO_grouped
1742,DLG4,NCBI,4985_693_24613_1866,bipolar disorder,MONDO_grouped
1745,DLX1,NCBI,4985_693_24613_1866,bipolar disorder,MONDO_grouped
1769,DNAH8,NCBI,4985_693_24613_1866,bipolar disorder,MONDO_grouped
3337,DNAJB1,NCBI,4985_693_24613_1866,bipolar disorder,MONDO_grouped
1786,DNMT1,NCBI,4985_693_24613_1866,bipolar disorder,MONDO_grouped
23348,DOCK9,NCBI,4985_693_24613_1866,bipolar disorder,MONDO_grouped
55816,DOK5,NCBI,4985_693_24613_1866,bipolar disorder,MONDO_grouped
1808,DPYSL2,NCBI,4985_693_24613_1866,bipolar disorder,MONDO_grouped
1812,DRD1,NCBI,4985_693_24613_1866,bipolar disorder,MONDO_grouped
1813,DRD2,NCBI,4985_693_24613_1866,bipolar disorder,MONDO_grouped
1814,DRD3,NCBI,4985_693_24613_1866,bipolar disorder,MONDO_grouped
1815,DRD4,NCBI,4985_693_24613_1866,bipolar disorder,MONDO_grouped
1816,DRD5,NCBI,4985_693_24613_1866,bipolar disorder,MONDO_grouped
1826,DSCAM,NCBI,4985_693_24613_1866,bipolar disorder,MONDO_grouped
84062,DTNBP1,NCBI,4985_693_24613_1866,bipolar disorder,MONDO_grouped
1848,DUSP6,NCBI,4985_693_24613_1866,bipolar disorder,MONDO_grouped
1906,EDN1,NCBI,4985_693_24613_1866,bipolar disorder,MONDO_grouped
1959,EGR2,NCBI,4985_693_24613_1866,bipolar disorder,MONDO_grouped
1960,EGR3,NCBI,4985_693_24613_1866,bipolar disorder,MONDO_grouped
1962,EHHADH,NCBI,4985_693_24613_1866,bipolar disorder,MONDO_grouped
2065,ERBB3,NCBI,4985_693_24613_1866,bipolar disorder,MONDO_grouped
2066,ERBB4,NCBI,4985_693_24613_1866,bipolar disorder,MONDO_grouped
9030,ERDA1,NCBI,4985_693_24613_1866,bipolar disorder,MONDO_grouped
30816,ERVW-1,NCBI,4985_693_24613_1866,bipolar disorder,MONDO_grouped
2099,ESR1,NCBI,4985_693_24613_1866,bipolar disorder,MONDO_grouped
2158,F9,NCBI,4985_693_24613_1866,bipolar disorder,MONDO_grouped
2173,FABP7,NCBI,4985_693_24613_1866,bipolar disorder,MONDO_grouped
9415,FADS2,NCBI,4985_693_24613_1866,bipolar disorder,MONDO_grouped
26224,FBXL3,NCBI,4985_693_24613_1866,bipolar disorder,MONDO_grouped
8822,FGF17,NCBI,4985_693_24613_1866,bipolar disorder,MONDO_grouped
26281,FGF20,NCBI,4985_693_24613_1866,bipolar disorder,MONDO_grouped
2260,FGFR1,NCBI,4985_693_24613_1866,bipolar disorder,MONDO_grouped
2263,FGFR2,NCBI,4985_693_24613_1866,bipolar disorder,MONDO_grouped
2289,FKBP5,NCBI,4985_693_24613_1866,bipolar disorder,MONDO_grouped
50943,FOXP3,NCBI,4985_693_24613_1866,bipolar disorder,MONDO_grouped
166752,FREM3,NCBI,4985_693_24613_1866,bipolar disorder,MONDO_grouped
56884,FSTL5,NCBI,4985_693_24613_1866,bipolar disorder,MONDO_grouped
2534,FYN,NCBI,4985_693_24613_1866,bipolar disorder,MONDO_grouped
8322,FZD4,NCBI,4985_693_24613_1866,bipolar disorder,MONDO_grouped
2539,G6PD,NCBI,4985_693_24613_1866,bipolar disorder,MONDO_grouped
2554,GABRA1,NCBI,4985_693_24613_1866,bipolar disorder,MONDO_grouped
2556,GABRA3,NCBI,4985_693_24613_1866,bipolar disorder,MONDO_grouped
2558,GABRA5,NCBI,4985_693_24613_1866,bipolar disorder,MONDO_grouped
2560,GABRB1,NCBI,4985_693_24613_1866,bipolar disorder,MONDO_grouped
2561,GABRB2,NCBI,4985_693_24613_1866,bipolar disorder,MONDO_grouped
2562,GABRB3,NCBI,4985_693_24613_1866,bipolar disorder,MONDO_grouped
2565,GABRG1,NCBI,4985_693_24613_1866,bipolar disorder,MONDO_grouped
2569,GABRR1,NCBI,4985_693_24613_1866,bipolar disorder,MONDO_grouped
2570,GABRR2,NCBI,4985_693_24613_1866,bipolar disorder,MONDO_grouped
2571,GAD1,NCBI,4985_693_24613_1866,bipolar disorder,MONDO_grouped
2572,GAD2,NCBI,4985_693_24613_1866,bipolar disorder,MONDO_grouped
339896,GADL1,NCBI,4985_693_24613_1866,bipolar disorder,MONDO_grouped
51083,GAL,NCBI,4985_693_24613_1866,bipolar disorder,MONDO_grouped
2587,GALR1,NCBI,4985_693_24613_1866,bipolar disorder,MONDO_grouped
8811,GALR2,NCBI,4985_693_24613_1866,bipolar disorder,MONDO_grouped
8484,GALR3,NCBI,4985_693_24613_1866,bipolar disorder,MONDO_grouped
2596,GAP43,NCBI,4985_693_24613_1866,bipolar disorder,MONDO_grouped
2668,GDNF,NCBI,4985_693_24613_1866,bipolar disorder,MONDO_grouped
2670,GFAP,NCBI,4985_693_24613_1866,bipolar disorder,MONDO_grouped
2739,GLO1,NCBI,4985_693_24613_1866,bipolar disorder,MONDO_grouped
10249,GLYAT,NCBI,4985_693_24613_1866,bipolar disorder,MONDO_grouped
2774,GNAL,NCBI,4985_693_24613_1866,bipolar disorder,MONDO_grouped
54584,GNB1L,NCBI,4985_693_24613_1866,bipolar disorder,MONDO_grouped
2784,GNB3,NCBI,4985_693_24613_1866,bipolar disorder,MONDO_grouped
9248,GPR50,NCBI,4985_693_24613_1866,bipolar disorder,MONDO_grouped
27201,GPR78,NCBI,4985_693_24613_1866,bipolar disorder,MONDO_grouped
55507,GPRC5D,NCBI,4985_693_24613_1866,bipolar disorder,MONDO_grouped
2890,GRIA1,NCBI,4985_693_24613_1866,bipolar disorder,MONDO_grouped
2891,GRIA2,NCBI,4985_693_24613_1866,bipolar disorder,MONDO_grouped
2892,GRIA3,NCBI,4985_693_24613_1866,bipolar disorder,MONDO_grouped
2894,GRID1,NCBI,4985_693_24613_1866,bipolar disorder,MONDO_grouped
2897,GRIK1,NCBI,4985_693_24613_1866,bipolar disorder,MONDO_grouped
2898,GRIK2,NCBI,4985_693_24613_1866,bipolar disorder,MONDO_grouped
2900,GRIK4,NCBI,4985_693_24613_1866,bipolar disorder,MONDO_grouped
2901,GRIK5,NCBI,4985_693_24613_1866,bipolar disorder,MONDO_grouped
2902,GRIN1,NCBI,4985_693_24613_1866,bipolar disorder,MONDO_grouped
2903,GRIN2A,NCBI,4985_693_24613_1866,bipolar disorder,MONDO_grouped
2904,GRIN2B,NCBI,4985_693_24613_1866,bipolar disorder,MONDO_grouped
116443,GRIN3A,NCBI,4985_693_24613_1866,bipolar disorder,MONDO_grouped
157,GRK3,NCBI,4985_693_24613_1866,bipolar disorder,MONDO_grouped
2913,GRM3,NCBI,4985_693_24613_1866,bipolar disorder,MONDO_grouped
2914,GRM4,NCBI,4985_693_24613_1866,bipolar disorder,MONDO_grouped
2915,GRM5,NCBI,4985_693_24613_1866,bipolar disorder,MONDO_grouped
2917,GRM7,NCBI,4985_693_24613_1866,bipolar disorder,MONDO_grouped
2896,GRN,NCBI,4985_693_24613_1866,bipolar disorder,MONDO_grouped
2931,GSK3A,NCBI,4985_693_24613_1866,bipolar disorder,MONDO_grouped
2932,GSK3B,NCBI,4985_693_24613_1866,bipolar disorder,MONDO_grouped
2944,GSTM1,NCBI,4985_693_24613_1866,bipolar disorder,MONDO_grouped
2952,GSTT1,NCBI,4985_693_24613_1866,bipolar disorder,MONDO_grouped
2954,GSTZ1,NCBI,4985_693_24613_1866,bipolar disorder,MONDO_grouped
8843,HCAR3,NCBI,4985_693_24613_1866,bipolar disorder,MONDO_grouped
10255,HCG9,NCBI,4985_693_24613_1866,bipolar disorder,MONDO_grouped
10014,HDAC5,NCBI,4985_693_24613_1866,bipolar disorder,MONDO_grouped
3091,HIF1A,NCBI,4985_693_24613_1866,bipolar disorder,MONDO_grouped
3094,HINT1,NCBI,4985_693_24613_1866,bipolar disorder,MONDO_grouped
9026,HIP1R,NCBI,4985_693_24613_1866,bipolar disorder,MONDO_grouped
3123,HLA-DRB1,NCBI,4985_693_24613_1866,bipolar disorder,MONDO_grouped
3126,HLA-DRB4,NCBI,4985_693_24613_1866,bipolar disorder,MONDO_grouped
3133,HLA-E,NCBI,4985_693_24613_1866,bipolar disorder,MONDO_grouped
3135,HLA-G,NCBI,4985_693_24613_1866,bipolar disorder,MONDO_grouped
10042,HMGXB4,NCBI,4985_693_24613_1866,bipolar disorder,MONDO_grouped
27306,HPGDS,NCBI,4985_693_24613_1866,bipolar disorder,MONDO_grouped
7184,HSP90B1,NCBI,4985_693_24613_1866,bipolar disorder,MONDO_grouped
3308,HSPA4,NCBI,4985_693_24613_1866,bipolar disorder,MONDO_grouped
3309,HSPA5,NCBI,4985_693_24613_1866,bipolar disorder,MONDO_grouped
3350,HTR1A,NCBI,4985_693_24613_1866,bipolar disorder,MONDO_grouped
3351,HTR1B,NCBI,4985_693_24613_1866,bipolar disorder,MONDO_grouped
3356,HTR2A,NCBI,4985_693_24613_1866,bipolar disorder,MONDO_grouped
3358,HTR2C,NCBI,4985_693_24613_1866,bipolar disorder,MONDO_grouped
3359,HTR3A,NCBI,4985_693_24613_1866,bipolar disorder,MONDO_grouped
9177,HTR3B,NCBI,4985_693_24613_1866,bipolar disorder,MONDO_grouped
3360,HTR4,NCBI,4985_693_24613_1866,bipolar disorder,MONDO_grouped
3361,HTR5A,NCBI,4985_693_24613_1866,bipolar disorder,MONDO_grouped
10964,IFI44L,NCBI,4985_693_24613_1866,bipolar disorder,MONDO_grouped
2537,IFI6,NCBI,4985_693_24613_1866,bipolar disorder,MONDO_grouped
3439,IFNA1,NCBI,4985_693_24613_1866,bipolar disorder,MONDO_grouped
3458,IFNG,NCBI,4985_693_24613_1866,bipolar disorder,MONDO_grouped
11020,IFT27,NCBI,4985_693_24613_1866,bipolar disorder,MONDO_grouped
3479,IGF1,NCBI,4985_693_24613_1866,bipolar disorder,MONDO_grouped
3485,IGFBP2,NCBI,4985_693_24613_1866,bipolar disorder,MONDO_grouped
3553,IL1B,NCBI,4985_693_24613_1866,bipolar disorder,MONDO_grouped
3557,IL1RN,NCBI,4985_693_24613_1866,bipolar disorder,MONDO_grouped
3558,IL2,NCBI,4985_693_24613_1866,bipolar disorder,MONDO_grouped
3560,IL2RB,NCBI,4985_693_24613_1866,bipolar disorder,MONDO_grouped
3569,IL6,NCBI,4985_693_24613_1866,bipolar disorder,MONDO_grouped
3612,IMPA1,NCBI,4985_693_24613_1866,bipolar disorder,MONDO_grouped
3613,IMPA2,NCBI,4985_693_24613_1866,bipolar disorder,MONDO_grouped
55364,IMPACT,NCBI,4985_693_24613_1866,bipolar disorder,MONDO_grouped
3628,INPP1,NCBI,4985_693_24613_1866,bipolar disorder,MONDO_grouped
3630,INS,NCBI,4985_693_24613_1866,bipolar disorder,MONDO_grouped
9636,ISG15,NCBI,4985_693_24613_1866,bipolar disorder,MONDO_grouped
3680,ITGA9,NCBI,4985_693_24613_1866,bipolar disorder,MONDO_grouped
3684,ITGAM,NCBI,4985_693_24613_1866,bipolar disorder,MONDO_grouped
3697,ITIH1,NCBI,4985_693_24613_1866,bipolar disorder,MONDO_grouped
3699,ITIH3,NCBI,4985_693_24613_1866,bipolar disorder,MONDO_grouped
3700,ITIH4,NCBI,4985_693_24613_1866,bipolar disorder,MONDO_grouped
3708,ITPR1,NCBI,4985_693_24613_1866,bipolar disorder,MONDO_grouped
23522,KAT6B,NCBI,4985_693_24613_1866,bipolar disorder,MONDO_grouped
3782,KCNN3,NCBI,4985_693_24613_1866,bipolar disorder,MONDO_grouped
3785,KCNQ2,NCBI,4985_693_24613_1866,bipolar disorder,MONDO_grouped
3786,KCNQ3,NCBI,4985_693_24613_1866,bipolar disorder,MONDO_grouped
115207,KCTD12,NCBI,4985_693_24613_1866,bipolar disorder,MONDO_grouped
11202,KLK8,NCBI,4985_693_24613_1866,bipolar disorder,MONDO_grouped
8564,KMO,NCBI,4985_693_24613_1866,bipolar disorder,MONDO_grouped
23395,LARS2,NCBI,4985_693_24613_1866,bipolar disorder,MONDO_grouped
10660,LBX1,NCBI,4985_693_24613_1866,bipolar disorder,MONDO_grouped
3939,LDHA,NCBI,4985_693_24613_1866,bipolar disorder,MONDO_grouped
64211,LHX5,NCBI,4985_693_24613_1866,bipolar disorder,MONDO_grouped
400359,LINC02694,NCBI,4985_693_24613_1866,bipolar disorder,MONDO_grouped
81562,LMAN2L,NCBI,4985_693_24613_1866,bipolar disorder,MONDO_grouped
9223,MAGI1,NCBI,4985_693_24613_1866,bipolar disorder,MONDO_grouped
9863,MAGI2,NCBI,4985_693_24613_1866,bipolar disorder,MONDO_grouped
4128,MAOA,NCBI,4985_693_24613_1866,bipolar disorder,MONDO_grouped
4129,MAOB,NCBI,4985_693_24613_1866,bipolar disorder,MONDO_grouped
4133,MAP2,NCBI,4985_693_24613_1866,bipolar disorder,MONDO_grouped
5594,MAPK1,NCBI,4985_693_24613_1866,bipolar disorder,MONDO_grouped
55777,MBD5,NCBI,4985_693_24613_1866,bipolar disorder,MONDO_grouped
4153,MBL2,NCBI,4985_693_24613_1866,bipolar disorder,MONDO_grouped
4158,MC2R,NCBI,4985_693_24613_1866,bipolar disorder,MONDO_grouped
2847,MCHR1,NCBI,4985_693_24613_1866,bipolar disorder,MONDO_grouped
84539,MCHR2,NCBI,4985_693_24613_1866,bipolar disorder,MONDO_grouped
266727,MDGA1,NCBI,4985_693_24613_1866,bipolar disorder,MONDO_grouped
4200,ME2,NCBI,4985_693_24613_1866,bipolar disorder,MONDO_grouped
4240,MFGE8,NCBI,4985_693_24613_1866,bipolar disorder,MONDO_grouped
406928,MIR137,NCBI,4985_693_24613_1866,bipolar disorder,MONDO_grouped
406989,MIR206,NCBI,4985_693_24613_1866,bipolar disorder,MONDO_grouped
406994,MIR212,NCBI,4985_693_24613_1866,bipolar disorder,MONDO_grouped
100616452,MIR2682,NCBI,4985_693_24613_1866,bipolar disorder,MONDO_grouped
23209,MLC1,NCBI,4985_693_24613_1866,bipolar disorder,MONDO_grouped
4300,MLLT3,NCBI,4985_693_24613_1866,bipolar disorder,MONDO_grouped
4319,MMP10,NCBI,4985_693_24613_1866,bipolar disorder,MONDO_grouped
4318,MMP9,NCBI,4985_693_24613_1866,bipolar disorder,MONDO_grouped
4353,MPO,NCBI,4985_693_24613_1866,bipolar disorder,MONDO_grouped
65258,MPPE1,NCBI,4985_693_24613_1866,bipolar disorder,MONDO_grouped
51650,MRPS33,NCBI,4985_693_24613_1866,bipolar disorder,MONDO_grouped
4522,MTHFD1,NCBI,4985_693_24613_1866,bipolar disorder,MONDO_grouped
4524,MTHFR,NCBI,4985_693_24613_1866,bipolar disorder,MONDO_grouped
4548,MTR,NCBI,4985_693_24613_1866,bipolar disorder,MONDO_grouped
8774,NAPG,NCBI,4985_693_24613_1866,bipolar disorder,MONDO_grouped
4684,NCAM1,NCBI,4985_693_24613_1866,bipolar disorder,MONDO_grouped
1463,NCAN,NCBI,4985_693_24613_1866,bipolar disorder,MONDO_grouped
23413,NCS1,NCBI,4985_693_24613_1866,bipolar disorder,MONDO_grouped
4535,ND1,NCBI,4985_693_24613_1866,bipolar disorder,MONDO_grouped
9348,NDST3,NCBI,4985_693_24613_1866,bipolar disorder,MONDO_grouped
4723,NDUFV1,NCBI,4985_693_24613_1866,bipolar disorder,MONDO_grouped
4729,NDUFV2,NCBI,4985_693_24613_1866,bipolar disorder,MONDO_grouped
4731,NDUFV3,NCBI,4985_693_24613_1866,bipolar disorder,MONDO_grouped
4734,NEDD4,NCBI,4985_693_24613_1866,bipolar disorder,MONDO_grouped
4747,NEFL,NCBI,4985_693_24613_1866,bipolar disorder,MONDO_grouped
4741,NEFM,NCBI,4985_693_24613_1866,bipolar disorder,MONDO_grouped
6787,NEK4,NCBI,4985_693_24613_1866,bipolar disorder,MONDO_grouped
4784,NFIX,NCBI,4985_693_24613_1866,bipolar disorder,MONDO_grouped
22871,NLGN1,NCBI,4985_693_24613_1866,bipolar disorder,MONDO_grouped
4837,NNMT,NCBI,4985_693_24613_1866,bipolar disorder,MONDO_grouped
64127,NOD2,NCBI,4985_693_24613_1866,bipolar disorder,MONDO_grouped
4846,NOS3,NCBI,4985_693_24613_1866,bipolar disorder,MONDO_grouped
4855,NOTCH4,NCBI,4985_693_24613_1866,bipolar disorder,MONDO_grouped
4862,NPAS2,NCBI,4985_693_24613_1866,bipolar disorder,MONDO_grouped
64067,NPAS3,NCBI,4985_693_24613_1866,bipolar disorder,MONDO_grouped
266743,NPAS4,NCBI,4985_693_24613_1866,bipolar disorder,MONDO_grouped
9572,NR1D1,NCBI,4985_693_24613_1866,bipolar disorder,MONDO_grouped
7101,NR2E1,NCBI,4985_693_24613_1866,bipolar disorder,MONDO_grouped
2908,NR3C1,NCBI,4985_693_24613_1866,bipolar disorder,MONDO_grouped
3164,NR4A1,NCBI,4985_693_24613_1866,bipolar disorder,MONDO_grouped
4929,NR4A2,NCBI,4985_693_24613_1866,bipolar disorder,MONDO_grouped
3084,NRG1,NCBI,4985_693_24613_1866,bipolar disorder,MONDO_grouped
10718,NRG3,NCBI,4985_693_24613_1866,bipolar disorder,MONDO_grouped
4900,NRGN,NCBI,4985_693_24613_1866,bipolar disorder,MONDO_grouped
9378,NRXN1,NCBI,4985_693_24613_1866,bipolar disorder,MONDO_grouped
9369,NRXN3,NCBI,4985_693_24613_1866,bipolar disorder,MONDO_grouped
22854,NTNG1,NCBI,4985_693_24613_1866,bipolar disorder,MONDO_grouped
84628,NTNG2,NCBI,4985_693_24613_1866,bipolar disorder,MONDO_grouped
4914,NTRK1,NCBI,4985_693_24613_1866,bipolar disorder,MONDO_grouped
4915,NTRK2,NCBI,4985_693_24613_1866,bipolar disorder,MONDO_grouped
5015,OTX2,NCBI,4985_693_24613_1866,bipolar disorder,MONDO_grouped
5027,P2RX7,NCBI,4985_693_24613_1866,bipolar disorder,MONDO_grouped
55690,PACS1,NCBI,4985_693_24613_1866,bipolar disorder,MONDO_grouped
79728,PALB2,NCBI,4985_693_24613_1866,bipolar disorder,MONDO_grouped
55193,PBRM1,NCBI,4985_693_24613_1866,bipolar disorder,MONDO_grouped
5091,PC,NCBI,4985_693_24613_1866,bipolar disorder,MONDO_grouped
27445,PCLO,NCBI,4985_693_24613_1866,bipolar disorder,MONDO_grouped
5116,PCNT,NCBI,4985_693_24613_1866,bipolar disorder,MONDO_grouped
10846,PDE10A,NCBI,4985_693_24613_1866,bipolar disorder,MONDO_grouped
5141,PDE4A,NCBI,4985_693_24613_1866,bipolar disorder,MONDO_grouped
5142,PDE4B,NCBI,4985_693_24613_1866,bipolar disorder,MONDO_grouped
5152,PDE9A,NCBI,4985_693_24613_1866,bipolar disorder,MONDO_grouped
10611,PDLIM5,NCBI,4985_693_24613_1866,bipolar disorder,MONDO_grouped
5173,PDYN,NCBI,4985_693_24613_1866,bipolar disorder,MONDO_grouped
8864,PER2,NCBI,4985_693_24613_1866,bipolar disorder,MONDO_grouped
8863,PER3,NCBI,4985_693_24613_1866,bipolar disorder,MONDO_grouped
5209,PFKFB3,NCBI,4985_693_24613_1866,bipolar disorder,MONDO_grouped
5211,PFKL,NCBI,4985_693_24613_1866,bipolar disorder,MONDO_grouped
5223,PGAM1,NCBI,4985_693_24613_1866,bipolar disorder,MONDO_grouped
283871,PGP,NCBI,4985_693_24613_1866,bipolar disorder,MONDO_grouped
144717,PHETA1,NCBI,4985_693_24613_1866,bipolar disorder,MONDO_grouped
5289,PIK3C3,NCBI,4985_693_24613_1866,bipolar disorder,MONDO_grouped
5305,PIP4K2A,NCBI,4985_693_24613_1866,bipolar disorder,MONDO_grouped
79837,PIP4K2C,NCBI,4985_693_24613_1866,bipolar disorder,MONDO_grouped
5319,PLA2G1B,NCBI,4985_693_24613_1866,bipolar disorder,MONDO_grouped
5320,PLA2G2A,NCBI,4985_693_24613_1866,bipolar disorder,MONDO_grouped
5321,PLA2G4A,NCBI,4985_693_24613_1866,bipolar disorder,MONDO_grouped
8398,PLA2G6,NCBI,4985_693_24613_1866,bipolar disorder,MONDO_grouped
23236,PLCB1,NCBI,4985_693_24613_1866,bipolar disorder,MONDO_grouped
5335,PLCG1,NCBI,4985_693_24613_1866,bipolar disorder,MONDO_grouped
345557,PLCXD3,NCBI,4985_693_24613_1866,bipolar disorder,MONDO_grouped
51177,PLEKHO1,NCBI,4985_693_24613_1866,bipolar disorder,MONDO_grouped
5367,PMCH,NCBI,4985_693_24613_1866,bipolar disorder,MONDO_grouped
5428,POLG,NCBI,4985_693_24613_1866,bipolar disorder,MONDO_grouped
5443,POMC,NCBI,4985_693_24613_1866,bipolar disorder,MONDO_grouped
5444,PON1,NCBI,4985_693_24613_1866,bipolar disorder,MONDO_grouped
5454,POU3F2,NCBI,4985_693_24613_1866,bipolar disorder,MONDO_grouped
5467,PPARD,NCBI,4985_693_24613_1866,bipolar disorder,MONDO_grouped
5481,PPID,NCBI,4985_693_24613_1866,bipolar disorder,MONDO_grouped
728448,PPIEL,NCBI,4985_693_24613_1866,bipolar disorder,MONDO_grouped
84152,PPP1R1B,NCBI,4985_693_24613_1866,bipolar disorder,MONDO_grouped
5522,PPP2R2C,NCBI,4985_693_24613_1866,bipolar disorder,MONDO_grouped
5533,PPP3CC,NCBI,4985_693_24613_1866,bipolar disorder,MONDO_grouped
5584,PRKCI,NCBI,4985_693_24613_1866,bipolar disorder,MONDO_grouped
5590,PRKCZ,NCBI,4985_693_24613_1866,bipolar disorder,MONDO_grouped
5625,PRODH,NCBI,4985_693_24613_1866,bipolar disorder,MONDO_grouped
128674,PROKR2,NCBI,4985_693_24613_1866,bipolar disorder,MONDO_grouped
5664,PSEN2,NCBI,4985_693_24613_1866,bipolar disorder,MONDO_grouped
5730,PTGDS,NCBI,4985_693_24613_1866,bipolar disorder,MONDO_grouped
5524,PTPA,NCBI,4985_693_24613_1866,bipolar disorder,MONDO_grouped
5816,PVALB,NCBI,4985_693_24613_1866,bipolar disorder,MONDO_grouped
10399,RACK1,NCBI,4985_693_24613_1866,bipolar disorder,MONDO_grouped
9771,RAPGEF5,NCBI,4985_693_24613_1866,bipolar disorder,MONDO_grouped
5923,RASGRF1,NCBI,4985_693_24613_1866,bipolar disorder,MONDO_grouped
10125,RASGRP1,NCBI,4985_693_24613_1866,bipolar disorder,MONDO_grouped
5649,RELN,NCBI,4985_693_24613_1866,bipolar disorder,MONDO_grouped
5972,REN,NCBI,4985_693_24613_1866,bipolar disorder,MONDO_grouped
5992,RFX4,NCBI,4985_693_24613_1866,bipolar disorder,MONDO_grouped
5999,RGS4,NCBI,4985_693_24613_1866,bipolar disorder,MONDO_grouped
22999,RIMS1,NCBI,4985_693_24613_1866,bipolar disorder,MONDO_grouped
10193,RNF41,NCBI,4985_693_24613_1866,bipolar disorder,MONDO_grouped
4919,ROR1,NCBI,4985_693_24613_1866,bipolar disorder,MONDO_grouped
6095,RORA,NCBI,4985_693_24613_1866,bipolar disorder,MONDO_grouped
6196,RPS6KA2,NCBI,4985_693_24613_1866,bipolar disorder,MONDO_grouped
6281,S100A10,NCBI,4985_693_24613_1866,bipolar disorder,MONDO_grouped
6285,S100B,NCBI,4985_693_24613_1866,bipolar disorder,MONDO_grouped
1901,S1PR1,NCBI,4985_693_24613_1866,bipolar disorder,MONDO_grouped
6303,SAT1,NCBI,4985_693_24613_1866,bipolar disorder,MONDO_grouped
6326,SCN2A,NCBI,4985_693_24613_1866,bipolar disorder,MONDO_grouped
6334,SCN8A,NCBI,4985_693_24613_1866,bipolar disorder,MONDO_grouped
9632,SEC24C,NCBI,4985_693_24613_1866,bipolar disorder,MONDO_grouped
55752,SEPTIN11,NCBI,4985_693_24613_1866,bipolar disorder,MONDO_grouped
5265,SERPINA1,NCBI,4985_693_24613_1866,bipolar disorder,MONDO_grouped
23544,SEZ6L,NCBI,4985_693_24613_1866,bipolar disorder,MONDO_grouped
6422,SFRP1,NCBI,4985_693_24613_1866,bipolar disorder,MONDO_grouped
22941,SHANK2,NCBI,4985_693_24613_1866,bipolar disorder,MONDO_grouped
23411,SIRT1,NCBI,4985_693_24613_1866,bipolar disorder,MONDO_grouped
9990,SLC12A6,NCBI,4985_693_24613_1866,bipolar disorder,MONDO_grouped
57084,SLC17A6,NCBI,4985_693_24613_1866,bipolar disorder,MONDO_grouped
57030,SLC17A7,NCBI,4985_693_24613_1866,bipolar disorder,MONDO_grouped
6570,SLC18A1,NCBI,4985_693_24613_1866,bipolar disorder,MONDO_grouped
6571,SLC18A2,NCBI,4985_693_24613_1866,bipolar disorder,MONDO_grouped
6505,SLC1A1,NCBI,4985_693_24613_1866,bipolar disorder,MONDO_grouped
6506,SLC1A2,NCBI,4985_693_24613_1866,bipolar disorder,MONDO_grouped
6507,SLC1A3,NCBI,4985_693_24613_1866,bipolar disorder,MONDO_grouped
6511,SLC1A6,NCBI,4985_693_24613_1866,bipolar disorder,MONDO_grouped
85413,SLC22A16,NCBI,4985_693_24613_1866,bipolar disorder,MONDO_grouped
291,SLC25A4,NCBI,4985_693_24613_1866,bipolar disorder,MONDO_grouped
29985,SLC39A3,NCBI,4985_693_24613_1866,bipolar disorder,MONDO_grouped
6526,SLC5A3,NCBI,4985_693_24613_1866,bipolar disorder,MONDO_grouped
6540,SLC6A13,NCBI,4985_693_24613_1866,bipolar disorder,MONDO_grouped
6530,SLC6A2,NCBI,4985_693_24613_1866,bipolar disorder,MONDO_grouped
6531,SLC6A3,NCBI,4985_693_24613_1866,bipolar disorder,MONDO_grouped
6532,SLC6A4,NCBI,4985_693_24613_1866,bipolar disorder,MONDO_grouped
6611,SMS,NCBI,4985_693_24613_1866,bipolar disorder,MONDO_grouped
6616,SNAP25,NCBI,4985_693_24613_1866,bipolar disorder,MONDO_grouped
6648,SOD2,NCBI,4985_693_24613_1866,bipolar disorder,MONDO_grouped
57537,SORCS2,NCBI,4985_693_24613_1866,bipolar disorder,MONDO_grouped
6671,SP4,NCBI,4985_693_24613_1866,bipolar disorder,MONDO_grouped
221833,SP8,NCBI,4985_693_24613_1866,bipolar disorder,MONDO_grouped
6697,SPR,NCBI,4985_693_24613_1866,bipolar disorder,MONDO_grouped
6733,SRPK2,NCBI,4985_693_24613_1866,bipolar disorder,MONDO_grouped
51593,SRRT,NCBI,4985_693_24613_1866,bipolar disorder,MONDO_grouped
6428,SRSF3,NCBI,4985_693_24613_1866,bipolar disorder,MONDO_grouped
23635,SSBP2,NCBI,4985_693_24613_1866,bipolar disorder,MONDO_grouped
6750,SST,NCBI,4985_693_24613_1866,bipolar disorder,MONDO_grouped
6755,SSTR5,NCBI,4985_693_24613_1866,bipolar disorder,MONDO_grouped
6482,ST3GAL1,NCBI,4985_693_24613_1866,bipolar disorder,MONDO_grouped
8128,ST8SIA2,NCBI,4985_693_24613_1866,bipolar disorder,MONDO_grouped
23166,STAB1,NCBI,4985_693_24613_1866,bipolar disorder,MONDO_grouped
57519,STARD9,NCBI,4985_693_24613_1866,bipolar disorder,MONDO_grouped
6789,STK4,NCBI,4985_693_24613_1866,bipolar disorder,MONDO_grouped
8224,SYN3,NCBI,4985_693_24613_1866,bipolar disorder,MONDO_grouped
23345,SYNE1,NCBI,4985_693_24613_1866,bipolar disorder,MONDO_grouped
9145,SYNGR1,NCBI,4985_693_24613_1866,bipolar disorder,MONDO_grouped
319100,TAAR6,NCBI,4985_693_24613_1866,bipolar disorder,MONDO_grouped
6863,TAC1,NCBI,4985_693_24613_1866,bipolar disorder,MONDO_grouped
6869,TACR1,NCBI,4985_693_24613_1866,bipolar disorder,MONDO_grouped
6925,TCF4,NCBI,4985_693_24613_1866,bipolar disorder,MONDO_grouped
6934,TCF7L2,NCBI,4985_693_24613_1866,bipolar disorder,MONDO_grouped
6999,TDO2,NCBI,4985_693_24613_1866,bipolar disorder,MONDO_grouped
26011,TENM4,NCBI,4985_693_24613_1866,bipolar disorder,MONDO_grouped
7040,TGFB1,NCBI,4985_693_24613_1866,bipolar disorder,MONDO_grouped
7052,TGM2,NCBI,4985_693_24613_1866,bipolar disorder,MONDO_grouped
7054,TH,NCBI,4985_693_24613_1866,bipolar disorder,MONDO_grouped
221981,THSD7A,NCBI,4985_693_24613_1866,bipolar disorder,MONDO_grouped
8914,TIMELESS,NCBI,4985_693_24613_1866,bipolar disorder,MONDO_grouped
7093,TLL2,NCBI,4985_693_24613_1866,bipolar disorder,MONDO_grouped
7097,TLR2,NCBI,4985_693_24613_1866,bipolar disorder,MONDO_grouped
7099,TLR4,NCBI,4985_693_24613_1866,bipolar disorder,MONDO_grouped
9168,TMSB10,NCBI,4985_693_24613_1866,bipolar disorder,MONDO_grouped
7124,TNF,NCBI,4985_693_24613_1866,bipolar disorder,MONDO_grouped
10043,TOM1,NCBI,4985_693_24613_1866,bipolar disorder,MONDO_grouped
7166,TPH1,NCBI,4985_693_24613_1866,bipolar disorder,MONDO_grouped
121278,TPH2,NCBI,4985_693_24613_1866,bipolar disorder,MONDO_grouped
7173,TPO,NCBI,4985_693_24613_1866,bipolar disorder,MONDO_grouped
9881,TRANK1,NCBI,4985_693_24613_1866,bipolar disorder,MONDO_grouped
7222,TRPC3,NCBI,4985_693_24613_1866,bipolar disorder,MONDO_grouped
57113,TRPC7,NCBI,4985_693_24613_1866,bipolar disorder,MONDO_grouped
7226,TRPM2,NCBI,4985_693_24613_1866,bipolar disorder,MONDO_grouped
7252,TSHB,NCBI,4985_693_24613_1866,bipolar disorder,MONDO_grouped
7257,TSNAX,NCBI,4985_693_24613_1866,bipolar disorder,MONDO_grouped
100303453,TSNAX-DISC1,NCBI,4985_693_24613_1866,bipolar disorder,MONDO_grouped
7103,TSPAN8,NCBI,4985_693_24613_1866,bipolar disorder,MONDO_grouped
706,TSPO,NCBI,4985_693_24613_1866,bipolar disorder,MONDO_grouped
51807,TUBA8,NCBI,4985_693_24613_1866,bipolar disorder,MONDO_grouped
7351,UCP2,NCBI,4985_693_24613_1866,bipolar disorder,MONDO_grouped
54986,ULK4,NCBI,4985_693_24613_1866,bipolar disorder,MONDO_grouped
64854,USP46,NCBI,4985_693_24613_1866,bipolar disorder,MONDO_grouped
9218,VAPA,NCBI,4985_693_24613_1866,bipolar disorder,MONDO_grouped
7421,VDR,NCBI,4985_693_24613_1866,bipolar disorder,MONDO_grouped
7422,VEGFA,NCBI,4985_693_24613_1866,bipolar disorder,MONDO_grouped
7425,VGF,NCBI,4985_693_24613_1866,bipolar disorder,MONDO_grouped
7432,VIP,NCBI,4985_693_24613_1866,bipolar disorder,MONDO_grouped
7434,VIPR2,NCBI,4985_693_24613_1866,bipolar disorder,MONDO_grouped
7466,WFS1,NCBI,4985_693_24613_1866,bipolar disorder,MONDO_grouped
25861,WHRN,NCBI,4985_693_24613_1866,bipolar disorder,MONDO_grouped
7494,XBP1,NCBI,4985_693_24613_1866,bipolar disorder,MONDO_grouped
7498,XDH,NCBI,4985_693_24613_1866,bipolar disorder,MONDO_grouped
7531,YWHAE,NCBI,4985_693_24613_1866,bipolar disorder,MONDO_grouped
7533,YWHAH,NCBI,4985_693_24613_1866,bipolar disorder,MONDO_grouped
7534,YWHAZ,NCBI,4985_693_24613_1866,bipolar disorder,MONDO_grouped
54877,ZCCHC2,NCBI,4985_693_24613_1866,bipolar disorder,MONDO_grouped
9640,ZNF592,NCBI,4985_693_24613_1866,bipolar disorder,MONDO_grouped
91752,ZNF804A,NCBI,4985_693_24613_1866,bipolar disorder,MONDO_grouped
351,APP,NCBI,1627,dementia (disease),MONDO
1282,COL4A1,NCBI,1627,dementia (disease),MONDO
1356,CP,NCBI,1627,dementia (disease),MONDO
1436,CSF1R,NCBI,1627,dementia (disease),MONDO
1471,CST3,NCBI,1627,dementia (disease),MONDO
1786,DNMT1,NCBI,1627,dementia (disease),MONDO
2521,FUS,NCBI,1627,dementia (disease),MONDO
2896,GRN,NCBI,1627,dementia (disease),MONDO
5654,HTRA1,NCBI,1627,dementia (disease),MONDO
4137,MAPT,NCBI,1627,dementia (disease),MONDO
4854,NOTCH3,NCBI,1627,dementia (disease),MONDO
5621,PRNP,NCBI,1627,dementia (disease),MONDO
5664,PSEN2,NCBI,1627,dementia (disease),MONDO
6531,SLC6A3,NCBI,1627,dementia (disease),MONDO
23315,SLC9A8,NCBI,1627,dementia (disease),MONDO
54209,TREM2,NCBI,1627,dementia (disease),MONDO
7305,TYROBP,NCBI,1627,dementia (disease),MONDO
18,ABAT,NCBI,5027,epilepsy,MONDO
5243,ABCB1,NCBI,5027,epilepsy,MONDO
1244,ABCC2,NCBI,5027,epilepsy,MONDO
38,ACAT1,NCBI,5027,epilepsy,MONDO
43,ACHE,NCBI,5027,epilepsy,MONDO
71,ACTG1,NCBI,5027,epilepsy,MONDO
116,ADCYAP1,NCBI,5027,epilepsy,MONDO
135,ADORA2A,NCBI,5027,epilepsy,MONDO
147,ADRA1B,NCBI,5027,epilepsy,MONDO
150,ADRA2A,NCBI,5027,epilepsy,MONDO
392636,AGMO,NCBI,5027,epilepsy,MONDO
183,AGT,NCBI,5027,epilepsy,MONDO
207,AKT1,NCBI,5027,epilepsy,MONDO
210,ALAD,NCBI,5027,epilepsy,MONDO
213,ALB,NCBI,5027,epilepsy,MONDO
79868,ALG13,NCBI,5027,epilepsy,MONDO
249,ALPL,NCBI,5027,epilepsy,MONDO
29123,ANKRD11,NCBI,5027,epilepsy,MONDO
328,APEX1,NCBI,5027,epilepsy,MONDO
348,APOE,NCBI,5027,epilepsy,MONDO
57492,ARID1B,NCBI,5027,epilepsy,MONDO
460,ASTN1,NCBI,5027,epilepsy,MONDO
80816,ASXL3,NCBI,5027,epilepsy,MONDO
538,ATP7A,NCBI,5027,epilepsy,MONDO
26053,AUTS2,NCBI,5027,epilepsy,MONDO
590,BCHE,NCBI,5027,epilepsy,MONDO
627,BDNF,NCBI,5027,epilepsy,MONDO
9254,CACNA2D2,NCBI,5027,epilepsy,MONDO
785,CACNB4,NCBI,5027,epilepsy,MONDO
847,CAT,NCBI,5027,epilepsy,MONDO
885,CCK,NCBI,5027,epilepsy,MONDO
6792,CDKL5,NCBI,5027,epilepsy,MONDO
10087,CERT1,NCBI,5027,epilepsy,MONDO
1103,CHAT,NCBI,5027,epilepsy,MONDO
1106,CHD2,NCBI,5027,epilepsy,MONDO
1128,CHRM1,NCBI,5027,epilepsy,MONDO
1129,CHRM2,NCBI,5027,epilepsy,MONDO
1136,CHRNA3,NCBI,5027,epilepsy,MONDO
1137,CHRNA4,NCBI,5027,epilepsy,MONDO
1138,CHRNA5,NCBI,5027,epilepsy,MONDO
1139,CHRNA7,NCBI,5027,epilepsy,MONDO
1143,CHRNB4,NCBI,5027,epilepsy,MONDO
1191,CLU,NCBI,5027,epilepsy,MONDO
54805,CNNM2,NCBI,5027,epilepsy,MONDO
1268,CNR1,NCBI,5027,epilepsy,MONDO
26047,CNTNAP2,NCBI,5027,epilepsy,MONDO
1392,CRH,NCBI,5027,epilepsy,MONDO
1583,CYP11A1,NCBI,5027,epilepsy,MONDO
1654,DDX3X,NCBI,5027,epilepsy,MONDO
1759,DNM1,NCBI,5027,epilepsy,MONDO
1812,DRD1,NCBI,5027,epilepsy,MONDO
1813,DRD2,NCBI,5027,epilepsy,MONDO
1814,DRD3,NCBI,5027,epilepsy,MONDO
1859,DYRK1A,NCBI,5027,epilepsy,MONDO
124454,EARS2,NCBI,5027,epilepsy,MONDO
1917,EEF1A2,NCBI,5027,epilepsy,MONDO
83939,EIF2A,NCBI,5027,epilepsy,MONDO
1968,EIF2S3,NCBI,5027,epilepsy,MONDO
2081,ERN1,NCBI,5027,epilepsy,MONDO
2166,FAAH,NCBI,5027,epilepsy,MONDO
2247,FGF2,NCBI,5027,epilepsy,MONDO
2261,FGFR3,NCBI,5027,epilepsy,MONDO
2316,FLNA,NCBI,5027,epilepsy,MONDO
2348,FOLR1,NCBI,5027,epilepsy,MONDO
2353,FOS,NCBI,5027,epilepsy,MONDO
2354,FOSB,NCBI,5027,epilepsy,MONDO
2290,FOXG1,NCBI,5027,epilepsy,MONDO
2558,GABRA5,NCBI,5027,epilepsy,MONDO
2561,GABRB2,NCBI,5027,epilepsy,MONDO
2562,GABRB3,NCBI,5027,epilepsy,MONDO
2566,GABRG2,NCBI,5027,epilepsy,MONDO
2572,GAD2,NCBI,5027,epilepsy,MONDO
2593,GAMT,NCBI,5027,epilepsy,MONDO
2670,GFAP,NCBI,5027,epilepsy,MONDO
51738,GHRL,NCBI,5027,epilepsy,MONDO
2746,GLUD1,NCBI,5027,epilepsy,MONDO
2775,GNAO1,NCBI,5027,epilepsy,MONDO
2784,GNB3,NCBI,5027,epilepsy,MONDO
2876,GPX1,NCBI,5027,epilepsy,MONDO
2897,GRIK1,NCBI,5027,epilepsy,MONDO
2903,GRIN2A,NCBI,5027,epilepsy,MONDO
2904,GRIN2B,NCBI,5027,epilepsy,MONDO
2911,GRM1,NCBI,5027,epilepsy,MONDO
348980,HCN1,NCBI,5027,epilepsy,MONDO
3192,HNRNPU,NCBI,5027,epilepsy,MONDO
3350,HTR1A,NCBI,5027,epilepsy,MONDO
3351,HTR1B,NCBI,5027,epilepsy,MONDO
3418,IDH2,NCBI,5027,epilepsy,MONDO
3456,IFNB1,NCBI,5027,epilepsy,MONDO
3553,IL1B,NCBI,5027,epilepsy,MONDO
3569,IL6,NCBI,5027,epilepsy,MONDO
3611,ILK,NCBI,5027,epilepsy,MONDO
3612,IMPA1,NCBI,5027,epilepsy,MONDO
3630,INS,NCBI,5027,epilepsy,MONDO
23096,IQSEC2,NCBI,5027,epilepsy,MONDO
3737,KCNA2,NCBI,5027,epilepsy,MONDO
8514,KCNAB2,NCBI,5027,epilepsy,MONDO
3751,KCND2,NCBI,5027,epilepsy,MONDO
3756,KCNH1,NCBI,5027,epilepsy,MONDO
27133,KCNH5,NCBI,5027,epilepsy,MONDO
3767,KCNJ11,NCBI,5027,epilepsy,MONDO
3785,KCNQ2,NCBI,5027,epilepsy,MONDO
343450,KCNT2,NCBI,5027,epilepsy,MONDO
8242,KDM5C,NCBI,5027,epilepsy,MONDO
79944,L2HGDH,NCBI,5027,epilepsy,MONDO
3952,LEP,NCBI,5027,epilepsy,MONDO
3954,LETM1,NCBI,5027,epilepsy,MONDO
81562,LMAN2L,NCBI,5027,epilepsy,MONDO
4204,MECP2,NCBI,5027,epilepsy,MONDO
4208,MEF2C,NCBI,5027,epilepsy,MONDO
57534,MIB1,NCBI,5027,epilepsy,MONDO
8777,MPDZ,NCBI,5027,epilepsy,MONDO
4504,MT3,NCBI,5027,epilepsy,MONDO
340533,NEXMIF,NCBI,5027,epilepsy,MONDO
4803,NGF,NCBI,5027,epilepsy,MONDO
4804,NGFR,NCBI,5027,epilepsy,MONDO
4842,NOS1,NCBI,5027,epilepsy,MONDO
4843,NOS2,NCBI,5027,epilepsy,MONDO
4852,NPY,NCBI,5027,epilepsy,MONDO
4887,NPY2R,NCBI,5027,epilepsy,MONDO
8828,NRP2,NCBI,5027,epilepsy,MONDO
4985,OPRD1,NCBI,5027,epilepsy,MONDO
4986,OPRK1,NCBI,5027,epilepsy,MONDO
4988,OPRM1,NCBI,5027,epilepsy,MONDO
5020,OXT,NCBI,5027,epilepsy,MONDO
22953,P2RX2,NCBI,5027,epilepsy,MONDO
5025,P2RX4,NCBI,5027,epilepsy,MONDO
5066,PAM,NCBI,5027,epilepsy,MONDO
51294,PCDH12,NCBI,5027,epilepsy,MONDO
57526,PCDH19,NCBI,5027,epilepsy,MONDO
5173,PDYN,NCBI,5027,epilepsy,MONDO
5283,PIGH,NCBI,5027,epilepsy,MONDO
93183,PIGM,NCBI,5027,epilepsy,MONDO
9091,PIGQ,NCBI,5027,epilepsy,MONDO
54886,PLPPR1,NCBI,5027,epilepsy,MONDO
11284,PNKP,NCBI,5027,epilepsy,MONDO
5428,POLG,NCBI,5027,epilepsy,MONDO
5443,POMC,NCBI,5027,epilepsy,MONDO
5580,PRKCD,NCBI,5027,epilepsy,MONDO
112476,PRRT2,NCBI,5027,epilepsy,MONDO
5743,PTGS2,NCBI,5027,epilepsy,MONDO
5813,PURA,NCBI,5027,epilepsy,MONDO
5816,PVALB,NCBI,5027,epilepsy,MONDO
116442,RAB39B,NCBI,5027,epilepsy,MONDO
57038,RARS2,NCBI,5027,epilepsy,MONDO
54715,RBFOX1,NCBI,5027,epilepsy,MONDO
5978,REST,NCBI,5027,epilepsy,MONDO
6323,SCN1A,NCBI,5027,epilepsy,MONDO
6326,SCN2A,NCBI,5027,epilepsy,MONDO
6334,SCN8A,NCBI,5027,epilepsy,MONDO
6335,SCN9A,NCBI,5027,epilepsy,MONDO
6415,SELENOW,NCBI,5027,epilepsy,MONDO
9739,SETD1A,NCBI,5027,epilepsy,MONDO
10280,SIGMAR1,NCBI,5027,epilepsy,MONDO
6558,SLC12A2,NCBI,5027,epilepsy,MONDO
57468,SLC12A5,NCBI,5027,epilepsy,MONDO
57030,SLC17A7,NCBI,5027,epilepsy,MONDO
6505,SLC1A1,NCBI,5027,epilepsy,MONDO
6506,SLC1A2,NCBI,5027,epilepsy,MONDO
6507,SLC1A3,NCBI,5027,epilepsy,MONDO
6513,SLC2A1,NCBI,5027,epilepsy,MONDO
7779,SLC30A1,NCBI,5027,epilepsy,MONDO
7355,SLC35A2,NCBI,5027,epilepsy,MONDO
57282,SLC4A10,NCBI,5027,epilepsy,MONDO
8884,SLC5A6,NCBI,5027,epilepsy,MONDO
6529,SLC6A1,NCBI,5027,epilepsy,MONDO
6530,SLC6A2,NCBI,5027,epilepsy,MONDO
6546,SLC8A1,NCBI,5027,epilepsy,MONDO
6547,SLC8A3,NCBI,5027,epilepsy,MONDO
8243,SMC1A,NCBI,5027,epilepsy,MONDO
6616,SNAP25,NCBI,5027,epilepsy,MONDO
6648,SOD2,NCBI,5027,epilepsy,MONDO
8404,SPARCL1,NCBI,5027,epilepsy,MONDO
6750,SST,NCBI,5027,epilepsy,MONDO
6752,SSTR2,NCBI,5027,epilepsy,MONDO
10617,STAMBP,NCBI,5027,epilepsy,MONDO
112755,STX1B,NCBI,5027,epilepsy,MONDO
6812,STXBP1,NCBI,5027,epilepsy,MONDO
6854,SYN2,NCBI,5027,epilepsy,MONDO
8831,SYNGAP1,NCBI,5027,epilepsy,MONDO
26115,TANC2,NCBI,5027,epilepsy,MONDO
6904,TBCD,NCBI,5027,epilepsy,MONDO
6925,TCF4,NCBI,5027,epilepsy,MONDO
7040,TGFB1,NCBI,5027,epilepsy,MONDO
7200,TRH,NCBI,5027,epilepsy,MONDO
7248,TSC1,NCBI,5027,epilepsy,MONDO
7249,TSC2,NCBI,5027,epilepsy,MONDO
7296,TXNRD1,NCBI,5027,epilepsy,MONDO
7337,UBE3A,NCBI,5027,epilepsy,MONDO
7416,VDAC1,NCBI,5027,epilepsy,MONDO
7417,VDAC2,NCBI,5027,epilepsy,MONDO
11152,WDR45,NCBI,5027,epilepsy,MONDO
51114,ZDHHC9,NCBI,5027,epilepsy,MONDO
5243,ABCB1,NCBI,2009_12050_12100,major depressive disorder,MONDO_grouped
25890,ABI3BP,NCBI,2009_12050_12100,major depressive disorder,MONDO_grouped
1636,ACE,NCBI,2009_12050_12100,major depressive disorder,MONDO_grouped
52,ACP1,NCBI,2009_12050_12100,major depressive disorder,MONDO_grouped
2182,ACSL4,NCBI,2009_12050_12100,major depressive disorder,MONDO_grouped
116285,ACSM1,NCBI,2009_12050_12100,major depressive disorder,MONDO_grouped
111,ADCY5,NCBI,2009_12050_12100,major depressive disorder,MONDO_grouped
113,ADCY7,NCBI,2009_12050_12100,major depressive disorder,MONDO_grouped
135,ADORA2A,NCBI,2009_12050_12100,major depressive disorder,MONDO_grouped
148,ADRA1A,NCBI,2009_12050_12100,major depressive disorder,MONDO_grouped
10270,AKAP8,NCBI,2009_12050_12100,major depressive disorder,MONDO_grouped
213,ALB,NCBI,2009_12050_12100,major depressive disorder,MONDO_grouped
290,ANPEP,NCBI,2009_12050_12100,major depressive disorder,MONDO_grouped
317,APAF1,NCBI,2009_12050_12100,major depressive disorder,MONDO_grouped
351,APP,NCBI,2009_12050_12100,major depressive disorder,MONDO_grouped
353,APRT,NCBI,2009_12050_12100,major depressive disorder,MONDO_grouped
408,ARRB1,NCBI,2009_12050_12100,major depressive disorder,MONDO_grouped
410,ARSA,NCBI,2009_12050_12100,major depressive disorder,MONDO_grouped
9048,ARTN,NCBI,2009_12050_12100,major depressive disorder,MONDO_grouped
540,ATP7B,NCBI,2009_12050_12100,major depressive disorder,MONDO_grouped
551,AVP,NCBI,2009_12050_12100,major depressive disorder,MONDO_grouped
607,BCL9,NCBI,2009_12050_12100,major depressive disorder,MONDO_grouped
613,BCR,NCBI,2009_12050_12100,major depressive disorder,MONDO_grouped
624,BDKRB2,NCBI,2009_12050_12100,major depressive disorder,MONDO_grouped
627,BDNF,NCBI,2009_12050_12100,major depressive disorder,MONDO_grouped
655,BMP7,NCBI,2009_12050_12100,major depressive disorder,MONDO_grouped
775,CACNA1C,NCBI,2009_12050_12100,major depressive disorder,MONDO_grouped
23705,CADM1,NCBI,2009_12050_12100,major depressive disorder,MONDO_grouped
815,CAMK2A,NCBI,2009_12050_12100,major depressive disorder,MONDO_grouped
847,CAT,NCBI,2009_12050_12100,major depressive disorder,MONDO_grouped
54862,CC2D1A,NCBI,2009_12050_12100,major depressive disorder,MONDO_grouped
886,CCKAR,NCBI,2009_12050_12100,major depressive disorder,MONDO_grouped
6347,CCL2,NCBI,2009_12050_12100,major depressive disorder,MONDO_grouped
6369,CCL24,NCBI,2009_12050_12100,major depressive disorder,MONDO_grouped
595,CCND1,NCBI,2009_12050_12100,major depressive disorder,MONDO_grouped
947,CD34,NCBI,2009_12050_12100,major depressive disorder,MONDO_grouped
1005,CDH7,NCBI,2009_12050_12100,major depressive disorder,MONDO_grouped
1029,CDKN2A,NCBI,2009_12050_12100,major depressive disorder,MONDO_grouped
9575,CLOCK,NCBI,2009_12050_12100,major depressive disorder,MONDO_grouped
202333,CMYA5,NCBI,2009_12050_12100,major depressive disorder,MONDO_grouped
1267,CNP,NCBI,2009_12050_12100,major depressive disorder,MONDO_grouped
1268,CNR1,NCBI,2009_12050_12100,major depressive disorder,MONDO_grouped
1269,CNR2,NCBI,2009_12050_12100,major depressive disorder,MONDO_grouped
26047,CNTNAP2,NCBI,2009_12050_12100,major depressive disorder,MONDO_grouped
1312,COMT,NCBI,2009_12050_12100,major depressive disorder,MONDO_grouped
1385,CREB1,NCBI,2009_12050_12100,major depressive disorder,MONDO_grouped
1387,CREBBP,NCBI,2009_12050_12100,major depressive disorder,MONDO_grouped
1392,CRH,NCBI,2009_12050_12100,major depressive disorder,MONDO_grouped
1393,CRHBP,NCBI,2009_12050_12100,major depressive disorder,MONDO_grouped
1394,CRHR1,NCBI,2009_12050_12100,major depressive disorder,MONDO_grouped
1401,CRP,NCBI,2009_12050_12100,major depressive disorder,MONDO_grouped
1439,CSF2RB,NCBI,2009_12050_12100,major depressive disorder,MONDO_grouped
1440,CSF3,NCBI,2009_12050_12100,major depressive disorder,MONDO_grouped
1493,CTLA4,NCBI,2009_12050_12100,major depressive disorder,MONDO_grouped
1501,CTNND2,NCBI,2009_12050_12100,major depressive disorder,MONDO_grouped
1523,CUX1,NCBI,2009_12050_12100,major depressive disorder,MONDO_grouped
3627,CXCL10,NCBI,2009_12050_12100,major depressive disorder,MONDO_grouped
1557,CYP2C19,NCBI,2009_12050_12100,major depressive disorder,MONDO_grouped
1559,CYP2C9,NCBI,2009_12050_12100,major depressive disorder,MONDO_grouped
1565,CYP2D6,NCBI,2009_12050_12100,major depressive disorder,MONDO_grouped
267012,DAOA,NCBI,2009_12050_12100,major depressive disorder,MONDO_grouped
1621,DBH,NCBI,2009_12050_12100,major depressive disorder,MONDO_grouped
140947,DCANP1,NCBI,2009_12050_12100,major depressive disorder,MONDO_grouped
1644,DDC,NCBI,2009_12050_12100,major depressive disorder,MONDO_grouped
54541,DDIT4,NCBI,2009_12050_12100,major depressive disorder,MONDO_grouped
10522,DEAF1,NCBI,2009_12050_12100,major depressive disorder,MONDO_grouped
27185,DISC1,NCBI,2009_12050_12100,major depressive disorder,MONDO_grouped
85458,DIXDC1,NCBI,2009_12050_12100,major depressive disorder,MONDO_grouped
1740,DLG2,NCBI,2009_12050_12100,major depressive disorder,MONDO_grouped
1741,DLG3,NCBI,2009_12050_12100,major depressive disorder,MONDO_grouped
1742,DLG4,NCBI,2009_12050_12100,major depressive disorder,MONDO_grouped
1813,DRD2,NCBI,2009_12050_12100,major depressive disorder,MONDO_grouped
1814,DRD3,NCBI,2009_12050_12100,major depressive disorder,MONDO_grouped
1815,DRD4,NCBI,2009_12050_12100,major depressive disorder,MONDO_grouped
1816,DRD5,NCBI,2009_12050_12100,major depressive disorder,MONDO_grouped
84062,DTNBP1,NCBI,2009_12050_12100,major depressive disorder,MONDO_grouped
9695,EDEM1,NCBI,2009_12050_12100,major depressive disorder,MONDO_grouped
1906,EDN1,NCBI,2009_12050_12100,major depressive disorder,MONDO_grouped
1950,EGF,NCBI,2009_12050_12100,major depressive disorder,MONDO_grouped
1956,EGFR,NCBI,2009_12050_12100,major depressive disorder,MONDO_grouped
30845,EHD3,NCBI,2009_12050_12100,major depressive disorder,MONDO_grouped
1975,EIF4B,NCBI,2009_12050_12100,major depressive disorder,MONDO_grouped
2012,EMP1,NCBI,2009_12050_12100,major depressive disorder,MONDO_grouped
2028,ENPEP,NCBI,2009_12050_12100,major depressive disorder,MONDO_grouped
2065,ERBB3,NCBI,2009_12050_12100,major depressive disorder,MONDO_grouped
2100,ESR2,NCBI,2009_12050_12100,major depressive disorder,MONDO_grouped
2247,FGF2,NCBI,2009_12050_12100,major depressive disorder,MONDO_grouped
2260,FGFR1,NCBI,2009_12050_12100,major depressive disorder,MONDO_grouped
2288,FKBP4,NCBI,2009_12050_12100,major depressive disorder,MONDO_grouped
2289,FKBP5,NCBI,2009_12050_12100,major depressive disorder,MONDO_grouped
2332,FMR1,NCBI,2009_12050_12100,major depressive disorder,MONDO_grouped
27022,FOXD3,NCBI,2009_12050_12100,major depressive disorder,MONDO_grouped
93986,FOXP2,NCBI,2009_12050_12100,major depressive disorder,MONDO_grouped
166752,FREM3,NCBI,2009_12050_12100,major depressive disorder,MONDO_grouped
2495,FTH1,NCBI,2009_12050_12100,major depressive disorder,MONDO_grouped
2512,FTL,NCBI,2009_12050_12100,major depressive disorder,MONDO_grouped
9568,GABBR2,NCBI,2009_12050_12100,major depressive disorder,MONDO_grouped
2571,GAD1,NCBI,2009_12050_12100,major depressive disorder,MONDO_grouped
2572,GAD2,NCBI,2009_12050_12100,major depressive disorder,MONDO_grouped
51083,GAL,NCBI,2009_12050_12100,major depressive disorder,MONDO_grouped
2587,GALR1,NCBI,2009_12050_12100,major depressive disorder,MONDO_grouped
8811,GALR2,NCBI,2009_12050_12100,major depressive disorder,MONDO_grouped
8484,GALR3,NCBI,2009_12050_12100,major depressive disorder,MONDO_grouped
51573,GDE1,NCBI,2009_12050_12100,major depressive disorder,MONDO_grouped
2668,GDNF,NCBI,2009_12050_12100,major depressive disorder,MONDO_grouped
2670,GFAP,NCBI,2009_12050_12100,major depressive disorder,MONDO_grouped
51738,GHRL,NCBI,2009_12050_12100,major depressive disorder,MONDO_grouped
2697,GJA1,NCBI,2009_12050_12100,major depressive disorder,MONDO_grouped
2739,GLO1,NCBI,2009_12050_12100,major depressive disorder,MONDO_grouped
55830,GLT8D1,NCBI,2009_12050_12100,major depressive disorder,MONDO_grouped
51291,GMIP,NCBI,2009_12050_12100,major depressive disorder,MONDO_grouped
2778,GNAS,NCBI,2009_12050_12100,major depressive disorder,MONDO_grouped
2782,GNB1,NCBI,2009_12050_12100,major depressive disorder,MONDO_grouped
2784,GNB3,NCBI,2009_12050_12100,major depressive disorder,MONDO_grouped
2891,GRIA2,NCBI,2009_12050_12100,major depressive disorder,MONDO_grouped
2900,GRIK4,NCBI,2009_12050_12100,major depressive disorder,MONDO_grouped
2915,GRM5,NCBI,2009_12050_12100,major depressive disorder,MONDO_grouped
2917,GRM7,NCBI,2009_12050_12100,major depressive disorder,MONDO_grouped
2931,GSK3A,NCBI,2009_12050_12100,major depressive disorder,MONDO_grouped
2932,GSK3B,NCBI,2009_12050_12100,major depressive disorder,MONDO_grouped
10014,HDAC5,NCBI,2009_12050_12100,major depressive disorder,MONDO_grouped
3091,HIF1A,NCBI,2009_12050_12100,major depressive disorder,MONDO_grouped
3131,HLF,NCBI,2009_12050_12100,major depressive disorder,MONDO_grouped
9456,HOMER1,NCBI,2009_12050_12100,major depressive disorder,MONDO_grouped
3240,HP,NCBI,2009_12050_12100,major depressive disorder,MONDO_grouped
10855,HPSE,NCBI,2009_12050_12100,major depressive disorder,MONDO_grouped
3320,HSP90AA1,NCBI,2009_12050_12100,major depressive disorder,MONDO_grouped
3303,HSPA1A,NCBI,2009_12050_12100,major depressive disorder,MONDO_grouped
3304,HSPA1B,NCBI,2009_12050_12100,major depressive disorder,MONDO_grouped
3305,HSPA1L,NCBI,2009_12050_12100,major depressive disorder,MONDO_grouped
3350,HTR1A,NCBI,2009_12050_12100,major depressive disorder,MONDO_grouped
3351,HTR1B,NCBI,2009_12050_12100,major depressive disorder,MONDO_grouped
3356,HTR2A,NCBI,2009_12050_12100,major depressive disorder,MONDO_grouped
3358,HTR2C,NCBI,2009_12050_12100,major depressive disorder,MONDO_grouped
3359,HTR3A,NCBI,2009_12050_12100,major depressive disorder,MONDO_grouped
9177,HTR3B,NCBI,2009_12050_12100,major depressive disorder,MONDO_grouped
3363,HTR7,NCBI,2009_12050_12100,major depressive disorder,MONDO_grouped
10964,IFI44L,NCBI,2009_12050_12100,major depressive disorder,MONDO_grouped
2537,IFI6,NCBI,2009_12050_12100,major depressive disorder,MONDO_grouped
3439,IFNA1,NCBI,2009_12050_12100,major depressive disorder,MONDO_grouped
3440,IFNA2,NCBI,2009_12050_12100,major depressive disorder,MONDO_grouped
3458,IFNG,NCBI,2009_12050_12100,major depressive disorder,MONDO_grouped
9641,IKBKE,NCBI,2009_12050_12100,major depressive disorder,MONDO_grouped
3589,IL11,NCBI,2009_12050_12100,major depressive disorder,MONDO_grouped
3553,IL1B,NCBI,2009_12050_12100,major depressive disorder,MONDO_grouped
3558,IL2,NCBI,2009_12050_12100,major depressive disorder,MONDO_grouped
50604,IL20,NCBI,2009_12050_12100,major depressive disorder,MONDO_grouped
11009,IL24,NCBI,2009_12050_12100,major depressive disorder,MONDO_grouped
3559,IL2RA,NCBI,2009_12050_12100,major depressive disorder,MONDO_grouped
3569,IL6,NCBI,2009_12050_12100,major depressive disorder,MONDO_grouped
3665,IRF7,NCBI,2009_12050_12100,major depressive disorder,MONDO_grouped
9636,ISG15,NCBI,2009_12050_12100,major depressive disorder,MONDO_grouped
3697,ITIH1,NCBI,2009_12050_12100,major depressive disorder,MONDO_grouped
8997,KALRN,NCBI,2009_12050_12100,major depressive disorder,MONDO_grouped
3776,KCNK2,NCBI,2009_12050_12100,major depressive disorder,MONDO_grouped
3791,KDR,NCBI,2009_12050_12100,major depressive disorder,MONDO_grouped
8564,KMO,NCBI,2009_12050_12100,major depressive disorder,MONDO_grouped
3839,KPNA3,NCBI,2009_12050_12100,major depressive disorder,MONDO_grouped
56267,KYAT3,NCBI,2009_12050_12100,major depressive disorder,MONDO_grouped
3939,LDHA,NCBI,2009_12050_12100,major depressive disorder,MONDO_grouped
3952,LEP,NCBI,2009_12050_12100,major depressive disorder,MONDO_grouped
64077,LHPP,NCBI,2009_12050_12100,major depressive disorder,MONDO_grouped
4035,LRP1,NCBI,2009_12050_12100,major depressive disorder,MONDO_grouped
7804,LRP8,NCBI,2009_12050_12100,major depressive disorder,MONDO_grouped
4045,LSAMP,NCBI,2009_12050_12100,major depressive disorder,MONDO_grouped
4074,M6PR,NCBI,2009_12050_12100,major depressive disorder,MONDO_grouped
4128,MAOA,NCBI,2009_12050_12100,major depressive disorder,MONDO_grouped
4129,MAOB,NCBI,2009_12050_12100,major depressive disorder,MONDO_grouped
4133,MAP2,NCBI,2009_12050_12100,major depressive disorder,MONDO_grouped
5604,MAP2K1,NCBI,2009_12050_12100,major depressive disorder,MONDO_grouped
55784,MCTP2,NCBI,2009_12050_12100,major depressive disorder,MONDO_grouped
4194,MDM4,NCBI,2009_12050_12100,major depressive disorder,MONDO_grouped
9968,MED12,NCBI,2009_12050_12100,major depressive disorder,MONDO_grouped
4282,MIF,NCBI,2009_12050_12100,major depressive disorder,MONDO_grouped
100302259,MIR1202,NCBI,2009_12050_12100,major depressive disorder,MONDO_grouped
407034,MIR30E,NCBI,2009_12050_12100,major depressive disorder,MONDO_grouped
4317,MMP8,NCBI,2009_12050_12100,major depressive disorder,MONDO_grouped
27136,MORC1,NCBI,2009_12050_12100,major depressive disorder,MONDO_grouped
4353,MPO,NCBI,2009_12050_12100,major depressive disorder,MONDO_grouped
4502,MT2A,NCBI,2009_12050_12100,major depressive disorder,MONDO_grouped
4524,MTHFR,NCBI,2009_12050_12100,major depressive disorder,MONDO_grouped
2475,MTOR,NCBI,2009_12050_12100,major depressive disorder,MONDO_grouped
23040,MYT1L,NCBI,2009_12050_12100,major depressive disorder,MONDO_grouped
4684,NCAM1,NCBI,2009_12050_12100,major depressive disorder,MONDO_grouped
4723,NDUFV1,NCBI,2009_12050_12100,major depressive disorder,MONDO_grouped
4729,NDUFV2,NCBI,2009_12050_12100,major depressive disorder,MONDO_grouped
4747,NEFL,NCBI,2009_12050_12100,major depressive disorder,MONDO_grouped
4745,NELL1,NCBI,2009_12050_12100,major depressive disorder,MONDO_grouped
4842,NOS1,NCBI,2009_12050_12100,major depressive disorder,MONDO_grouped
64067,NPAS3,NCBI,2009_12050_12100,major depressive disorder,MONDO_grouped
4852,NPY,NCBI,2009_12050_12100,major depressive disorder,MONDO_grouped
4886,NPY1R,NCBI,2009_12050_12100,major depressive disorder,MONDO_grouped
2908,NR3C1,NCBI,2009_12050_12100,major depressive disorder,MONDO_grouped
4306,NR3C2,NCBI,2009_12050_12100,major depressive disorder,MONDO_grouped
3164,NR4A1,NCBI,2009_12050_12100,major depressive disorder,MONDO_grouped
4929,NR4A2,NCBI,2009_12050_12100,major depressive disorder,MONDO_grouped
4908,NTF3,NCBI,2009_12050_12100,major depressive disorder,MONDO_grouped
50863,NTM,NCBI,2009_12050_12100,major depressive disorder,MONDO_grouped
4915,NTRK2,NCBI,2009_12050_12100,major depressive disorder,MONDO_grouped
4916,NTRK3,NCBI,2009_12050_12100,major depressive disorder,MONDO_grouped
4939,OAS2,NCBI,2009_12050_12100,major depressive disorder,MONDO_grouped
5020,OXT,NCBI,2009_12050_12100,major depressive disorder,MONDO_grouped
5021,OXTR,NCBI,2009_12050_12100,major depressive disorder,MONDO_grouped
5074,PAWR,NCBI,2009_12050_12100,major depressive disorder,MONDO_grouped
27445,PCLO,NCBI,2009_12050_12100,major depressive disorder,MONDO_grouped
5116,PCNT,NCBI,2009_12050_12100,major depressive disorder,MONDO_grouped
5134,PDCD2,NCBI,2009_12050_12100,major depressive disorder,MONDO_grouped
10016,PDCD6,NCBI,2009_12050_12100,major depressive disorder,MONDO_grouped
50940,PDE11A,NCBI,2009_12050_12100,major depressive disorder,MONDO_grouped
10611,PDLIM5,NCBI,2009_12050_12100,major depressive disorder,MONDO_grouped
5173,PDYN,NCBI,2009_12050_12100,major depressive disorder,MONDO_grouped
8682,PEA15,NCBI,2009_12050_12100,major depressive disorder,MONDO_grouped
5209,PFKFB3,NCBI,2009_12050_12100,major depressive disorder,MONDO_grouped
65018,PINK1,NCBI,2009_12050_12100,major depressive disorder,MONDO_grouped
5320,PLA2G2A,NCBI,2009_12050_12100,major depressive disorder,MONDO_grouped
23236,PLCB1,NCBI,2009_12050_12100,major depressive disorder,MONDO_grouped
5340,PLG,NCBI,2009_12050_12100,major depressive disorder,MONDO_grouped
5443,POMC,NCBI,2009_12050_12100,major depressive disorder,MONDO_grouped
5444,PON1,NCBI,2009_12050_12100,major depressive disorder,MONDO_grouped
145270,PRIMA1,NCBI,2009_12050_12100,major depressive disorder,MONDO_grouped
5579,PRKCB,NCBI,2009_12050_12100,major depressive disorder,MONDO_grouped
60675,PROK2,NCBI,2009_12050_12100,major depressive disorder,MONDO_grouped
8842,PROM1,NCBI,2009_12050_12100,major depressive disorder,MONDO_grouped
5692,PSMB4,NCBI,2009_12050_12100,major depressive disorder,MONDO_grouped
5743,PTGS2,NCBI,2009_12050_12100,major depressive disorder,MONDO_grouped
5801,PTPRR,NCBI,2009_12050_12100,major depressive disorder,MONDO_grouped
5806,PTX3,NCBI,2009_12050_12100,major depressive disorder,MONDO_grouped
9444,QKI,NCBI,2009_12050_12100,major depressive disorder,MONDO_grouped
9771,RAPGEF5,NCBI,2009_12050_12100,major depressive disorder,MONDO_grouped
65059,RAPH1,NCBI,2009_12050_12100,major depressive disorder,MONDO_grouped
7905,REEP5,NCBI,2009_12050_12100,major depressive disorder,MONDO_grouped
5649,RELN,NCBI,2009_12050_12100,major depressive disorder,MONDO_grouped
5978,REST,NCBI,2009_12050_12100,major depressive disorder,MONDO_grouped
10193,RNF41,NCBI,2009_12050_12100,major depressive disorder,MONDO_grouped
6281,S100A10,NCBI,2009_12050_12100,major depressive disorder,MONDO_grouped
6285,S100B,NCBI,2009_12050_12100,major depressive disorder,MONDO_grouped
6303,SAT1,NCBI,2009_12050_12100,major depressive disorder,MONDO_grouped
9632,SEC24C,NCBI,2009_12050_12100,major depressive disorder,MONDO_grouped
6403,SELP,NCBI,2009_12050_12100,major depressive disorder,MONDO_grouped
5054,SERPINE1,NCBI,2009_12050_12100,major depressive disorder,MONDO_grouped
6446,SGK1,NCBI,2009_12050_12100,major depressive disorder,MONDO_grouped
57084,SLC17A6,NCBI,2009_12050_12100,major depressive disorder,MONDO_grouped
6511,SLC1A6,NCBI,2009_12050_12100,major depressive disorder,MONDO_grouped
60482,SLC5A7,NCBI,2009_12050_12100,major depressive disorder,MONDO_grouped
6540,SLC6A13,NCBI,2009_12050_12100,major depressive disorder,MONDO_grouped
55117,SLC6A15,NCBI,2009_12050_12100,major depressive disorder,MONDO_grouped
6530,SLC6A2,NCBI,2009_12050_12100,major depressive disorder,MONDO_grouped
6532,SLC6A4,NCBI,2009_12050_12100,major depressive disorder,MONDO_grouped
6586,SLIT3,NCBI,2009_12050_12100,major depressive disorder,MONDO_grouped
6616,SNAP25,NCBI,2009_12050_12100,major depressive disorder,MONDO_grouped
6647,SOD1,NCBI,2009_12050_12100,major depressive disorder,MONDO_grouped
6648,SOD2,NCBI,2009_12050_12100,major depressive disorder,MONDO_grouped
6662,SOX9,NCBI,2009_12050_12100,major depressive disorder,MONDO_grouped
51593,SRRT,NCBI,2009_12050_12100,major depressive disorder,MONDO_grouped
6750,SST,NCBI,2009_12050_12100,major depressive disorder,MONDO_grouped
6755,SSTR5,NCBI,2009_12050_12100,major depressive disorder,MONDO_grouped
23345,SYNE1,NCBI,2009_12050_12100,major depressive disorder,MONDO_grouped
6863,TAC1,NCBI,2009_12050_12100,major depressive disorder,MONDO_grouped
30009,TBX21,NCBI,2009_12050_12100,major depressive disorder,MONDO_grouped
6999,TDO2,NCBI,2009_12050_12100,major depressive disorder,MONDO_grouped
7008,TEF,NCBI,2009_12050_12100,major depressive disorder,MONDO_grouped
7015,TERT,NCBI,2009_12050_12100,major depressive disorder,MONDO_grouped
7024,TFCP2,NCBI,2009_12050_12100,major depressive disorder,MONDO_grouped
7038,TG,NCBI,2009_12050_12100,major depressive disorder,MONDO_grouped
7054,TH,NCBI,2009_12050_12100,major depressive disorder,MONDO_grouped
51284,TLR7,NCBI,2009_12050_12100,major depressive disorder,MONDO_grouped
7124,TNF,NCBI,2009_12050_12100,major depressive disorder,MONDO_grouped
10452,TOMM40,NCBI,2009_12050_12100,major depressive disorder,MONDO_grouped
7166,TPH1,NCBI,2009_12050_12100,major depressive disorder,MONDO_grouped
121278,TPH2,NCBI,2009_12050_12100,major depressive disorder,MONDO_grouped
100303453,TSNAX-DISC1,NCBI,2009_12050_12100,major depressive disorder,MONDO_grouped
7297,TYK2,NCBI,2009_12050_12100,major depressive disorder,MONDO_grouped
114131,UCN3,NCBI,2009_12050_12100,major depressive disorder,MONDO_grouped
64854,USP46,NCBI,2009_12050_12100,major depressive disorder,MONDO_grouped
6844,VAMP2,NCBI,2009_12050_12100,major depressive disorder,MONDO_grouped
7422,VEGFA,NCBI,2009_12050_12100,major depressive disorder,MONDO_grouped
7498,XDH,NCBI,2009_12050_12100,major depressive disorder,MONDO_grouped
7704,ZBTB16,NCBI,2009_12050_12100,major depressive disorder,MONDO_grouped
796,CALCA,NCBI,5277,migraine disorder,MONDO
2099,ESR1,NCBI,5277,migraine disorder,MONDO
9457,FHL5,NCBI,5277,migraine disorder,MONDO
3356,HTR2A,NCBI,5277,migraine disorder,MONDO
4035,LRP1,NCBI,5277,migraine disorder,MONDO
63976,PRDM16,NCBI,5277,migraine disorder,MONDO
79783,SUGCT,NCBI,5277,migraine disorder,MONDO
7048,TGFBR2,NCBI,5277,migraine disorder,MONDO
79054,TRPM8,NCBI,5277,migraine disorder,MONDO
348,APOE,NCBI,5301,multiple sclerosis,MONDO
590,BCHE,NCBI,5301,multiple sclerosis,MONDO
834,CASP1,NCBI,5301,multiple sclerosis,MONDO
868,CBLB,NCBI,5301,multiple sclerosis,MONDO
958,CD40,NCBI,5301,multiple sclerosis,MONDO
965,CD58,NCBI,5301,multiple sclerosis,MONDO
923,CD6,NCBI,5301,multiple sclerosis,MONDO
5010,CLDN11,NCBI,5301,multiple sclerosis,MONDO
23274,CLEC16A,NCBI,5301,multiple sclerosis,MONDO
1268,CNR1,NCBI,5301,multiple sclerosis,MONDO
2638,GC,NCBI,5301,multiple sclerosis,MONDO
3115,HLA-DPB1,NCBI,5301,multiple sclerosis,MONDO
3119,HLA-DQB1,NCBI,5301,multiple sclerosis,MONDO
3122,HLA-DRA,NCBI,5301,multiple sclerosis,MONDO
3123,HLA-DRB1,NCBI,5301,multiple sclerosis,MONDO
3383,ICAM1,NCBI,5301,multiple sclerosis,MONDO
3456,IFNB1,NCBI,5301,multiple sclerosis,MONDO
3458,IFNG,NCBI,5301,multiple sclerosis,MONDO
3586,IL10,NCBI,5301,multiple sclerosis,MONDO
3592,IL12A,NCBI,5301,multiple sclerosis,MONDO
3605,IL17A,NCBI,5301,multiple sclerosis,MONDO
3553,IL1B,NCBI,5301,multiple sclerosis,MONDO
3557,IL1RN,NCBI,5301,multiple sclerosis,MONDO
3559,IL2RA,NCBI,5301,multiple sclerosis,MONDO
3574,IL7,NCBI,5301,multiple sclerosis,MONDO
3575,IL7R,NCBI,5301,multiple sclerosis,MONDO
3394,IRF8,NCBI,5301,multiple sclerosis,MONDO
3766,KCNJ10,NCBI,5301,multiple sclerosis,MONDO
23095,KIF1B,NCBI,5301,multiple sclerosis,MONDO
4162,MCAM,NCBI,5301,multiple sclerosis,MONDO
5819,NECTIN2,NCBI,5301,multiple sclerosis,MONDO
114548,NLRP3,NCBI,5301,multiple sclerosis,MONDO
5027,P2RX7,NCBI,5301,multiple sclerosis,MONDO
5133,PDCD1,NCBI,5301,multiple sclerosis,MONDO
5443,POMC,NCBI,5301,multiple sclerosis,MONDO
3516,RBPJ,NCBI,5301,multiple sclerosis,MONDO
6401,SELE,NCBI,5301,multiple sclerosis,MONDO
6556,SLC11A1,NCBI,5301,multiple sclerosis,MONDO
6775,STAT4,NCBI,5301,multiple sclerosis,MONDO
7128,TNFAIP3,NCBI,5301,multiple sclerosis,MONDO
7132,TNFRSF1A,NCBI,5301,multiple sclerosis,MONDO
8740,TNFSF14,NCBI,5301,multiple sclerosis,MONDO
7297,TYK2,NCBI,5301,multiple sclerosis,MONDO
7412,VCAM1,NCBI,5301,multiple sclerosis,MONDO
7421,VDR,NCBI,5301,multiple sclerosis,MONDO
1,A1BG,NCBI,5090_13498_8414_10897_33312_10943_11552_14092_12054_11960_11280_11294_11295_11298_11307_11498_12879_13089_13506,schizophrenia,MONDO_grouped
19,ABCA1,NCBI,5090_13498_8414_10897_33312_10943_11552_14092_12054_11960_11280_11294_11295_11298_11307_11498_12879_13089_13506,schizophrenia,MONDO_grouped
154664,ABCA13,NCBI,5090_13498_8414_10897_33312_10943_11552_14092_12054_11960_11280_11294_11295_11298_11307_11498_12879_13089_13506,schizophrenia,MONDO_grouped
5243,ABCB1,NCBI,5090_13498_8414_10897_33312_10943_11552_14092_12054_11960_11280_11294_11295_11298_11307_11498_12879_13089_13506,schizophrenia,MONDO_grouped
1636,ACE,NCBI,5090_13498_8414_10897_33312_10943_11552_14092_12054_11960_11280_11294_11295_11298_11307_11498_12879_13089_13506,schizophrenia,MONDO_grouped
43,ACHE,NCBI,5090_13498_8414_10897_33312_10943_11552_14092_12054_11960_11280_11294_11295_11298_11307_11498_12879_13089_13506,schizophrenia,MONDO_grouped
641372,ACOT6,NCBI,5090_13498_8414_10897_33312_10943_11552_14092_12054_11960_11280_11294_11295_11298_11307_11498_12879_13089_13506,schizophrenia,MONDO_grouped
52,ACP1,NCBI,5090_13498_8414_10897_33312_10943_11552_14092_12054_11960_11280_11294_11295_11298_11307_11498_12879_13089_13506,schizophrenia,MONDO_grouped
23305,ACSL6,NCBI,5090_13498_8414_10897_33312_10943_11552_14092_12054_11960_11280_11294_11295_11298_11307_11498_12879_13089_13506,schizophrenia,MONDO_grouped
116285,ACSM1,NCBI,5090_13498_8414_10897_33312_10943_11552_14092_12054_11960_11280_11294_11295_11298_11307_11498_12879_13089_13506,schizophrenia,MONDO_grouped
60,ACTB,NCBI,5090_13498_8414_10897_33312_10943_11552_14092_12054_11960_11280_11294_11295_11298_11307_11498_12879_13089_13506,schizophrenia,MONDO_grouped
10097,ACTR2,NCBI,5090_13498_8414_10897_33312_10943_11552_14092_12054_11960_11280_11294_11295_11298_11307_11498_12879_13089_13506,schizophrenia,MONDO_grouped
8038,ADAM12,NCBI,5090_13498_8414_10897_33312_10943_11552_14092_12054_11960_11280_11294_11295_11298_11307_11498_12879_13089_13506,schizophrenia,MONDO_grouped
81792,ADAMTS12,NCBI,5090_13498_8414_10897_33312_10943_11552_14092_12054_11960_11280_11294_11295_11298_11307_11498_12879_13089_13506,schizophrenia,MONDO_grouped
9508,ADAMTS3,NCBI,5090_13498_8414_10897_33312_10943_11552_14092_12054_11960_11280_11294_11295_11298_11307_11498_12879_13089_13506,schizophrenia,MONDO_grouped
57188,ADAMTSL3,NCBI,5090_13498_8414_10897_33312_10943_11552_14092_12054_11960_11280_11294_11295_11298_11307_11498_12879_13089_13506,schizophrenia,MONDO_grouped
104,ADARB1,NCBI,5090_13498_8414_10897_33312_10943_11552_14092_12054_11960_11280_11294_11295_11298_11307_11498_12879_13089_13506,schizophrenia,MONDO_grouped
113,ADCY7,NCBI,5090_13498_8414_10897_33312_10943_11552_14092_12054_11960_11280_11294_11295_11298_11307_11498_12879_13089_13506,schizophrenia,MONDO_grouped
116,ADCYAP1,NCBI,5090_13498_8414_10897_33312_10943_11552_14092_12054_11960_11280_11294_11295_11298_11307_11498_12879_13089_13506,schizophrenia,MONDO_grouped
117,ADCYAP1R1,NCBI,5090_13498_8414_10897_33312_10943_11552_14092_12054_11960_11280_11294_11295_11298_11307_11498_12879_13089_13506,schizophrenia,MONDO_grouped
221393,ADGRF4,NCBI,5090_13498_8414_10897_33312_10943_11552_14092_12054_11960_11280_11294_11295_11298_11307_11498_12879_13089_13506,schizophrenia,MONDO_grouped
132,ADK,NCBI,5090_13498_8414_10897_33312_10943_11552_14092_12054_11960_11280_11294_11295_11298_11307_11498_12879_13089_13506,schizophrenia,MONDO_grouped
133,ADM,NCBI,5090_13498_8414_10897_33312_10943_11552_14092_12054_11960_11280_11294_11295_11298_11307_11498_12879_13089_13506,schizophrenia,MONDO_grouped
23394,ADNP,NCBI,5090_13498_8414_10897_33312_10943_11552_14092_12054_11960_11280_11294_11295_11298_11307_11498_12879_13089_13506,schizophrenia,MONDO_grouped
22850,ADNP2,NCBI,5090_13498_8414_10897_33312_10943_11552_14092_12054_11960_11280_11294_11295_11298_11307_11498_12879_13089_13506,schizophrenia,MONDO_grouped
134,ADORA1,NCBI,5090_13498_8414_10897_33312_10943_11552_14092_12054_11960_11280_11294_11295_11298_11307_11498_12879_13089_13506,schizophrenia,MONDO_grouped
135,ADORA2A,NCBI,5090_13498_8414_10897_33312_10943_11552_14092_12054_11960_11280_11294_11295_11298_11307_11498_12879_13089_13506,schizophrenia,MONDO_grouped
148,ADRA1A,NCBI,5090_13498_8414_10897_33312_10943_11552_14092_12054_11960_11280_11294_11295_11298_11307_11498_12879_13089_13506,schizophrenia,MONDO_grouped
150,ADRA2A,NCBI,5090_13498_8414_10897_33312_10943_11552_14092_12054_11960_11280_11294_11295_11298_11307_11498_12879_13089_13506,schizophrenia,MONDO_grouped
159,ADSS2,NCBI,5090_13498_8414_10897_33312_10943_11552_14092_12054_11960_11280_11294_11295_11298_11307_11498_12879_13089_13506,schizophrenia,MONDO_grouped
175,AGA,NCBI,5090_13498_8414_10897_33312_10943_11552_14092_12054_11960_11280_11294_11295_11298_11307_11498_12879_13089_13506,schizophrenia,MONDO_grouped
177,AGER,NCBI,5090_13498_8414_10897_33312_10943_11552_14092_12054_11960_11280_11294_11295_11298_11307_11498_12879_13089_13506,schizophrenia,MONDO_grouped
54806,AHI1,NCBI,5090_13498_8414_10897_33312_10943_11552_14092_12054_11960_11280_11294_11295_11298_11307_11498_12879_13089_13506,schizophrenia,MONDO_grouped
10327,AKR1A1,NCBI,5090_13498_8414_10897_33312_10943_11552_14092_12054_11960_11280_11294_11295_11298_11307_11498_12879_13089_13506,schizophrenia,MONDO_grouped
207,AKT1,NCBI,5090_13498_8414_10897_33312_10943_11552_14092_12054_11960_11280_11294_11295_11298_11307_11498_12879_13089_13506,schizophrenia,MONDO_grouped
216,ALDH1A1,NCBI,5090_13498_8414_10897_33312_10943_11552_14092_12054_11960_11280_11294_11295_11298_11307_11498_12879_13089_13506,schizophrenia,MONDO_grouped
8854,ALDH1A2,NCBI,5090_13498_8414_10897_33312_10943_11552_14092_12054_11960_11280_11294_11295_11298_11307_11498_12879_13089_13506,schizophrenia,MONDO_grouped
218,ALDH3A1,NCBI,5090_13498_8414_10897_33312_10943_11552_14092_12054_11960_11280_11294_11295_11298_11307_11498_12879_13089_13506,schizophrenia,MONDO_grouped
221,ALDH3B1,NCBI,5090_13498_8414_10897_33312_10943_11552_14092_12054_11960_11280_11294_11295_11298_11307_11498_12879_13089_13506,schizophrenia,MONDO_grouped
238,ALK,NCBI,5090_13498_8414_10897_33312_10943_11552_14092_12054_11960_11280_11294_11295_11298_11307_11498_12879_13089_13506,schizophrenia,MONDO_grouped
239,ALOX12,NCBI,5090_13498_8414_10897_33312_10943_11552_14092_12054_11960_11280_11294_11295_11298_11307_11498_12879_13089_13506,schizophrenia,MONDO_grouped
259173,ALS2CL,NCBI,5090_13498_8414_10897_33312_10943_11552_14092_12054_11960_11280_11294_11295_11298_11307_11498_12879_13089_13506,schizophrenia,MONDO_grouped
23600,AMACR,NCBI,5090_13498_8414_10897_33312_10943_11552_14092_12054_11960_11280_11294_11295_11298_11307_11498_12879_13089_13506,schizophrenia,MONDO_grouped
55626,AMBRA1,NCBI,5090_13498_8414_10897_33312_10943_11552_14092_12054_11960_11280_11294_11295_11298_11307_11498_12879_13089_13506,schizophrenia,MONDO_grouped
288,ANK3,NCBI,5090_13498_8414_10897_33312_10943_11552_14092_12054_11960_11280_11294_11295_11298_11307_11498_12879_13089_13506,schizophrenia,MONDO_grouped
255239,ANKK1,NCBI,5090_13498_8414_10897_33312_10943_11552_14092_12054_11960_11280_11294_11295_11298_11307_11498_12879_13089_13506,schizophrenia,MONDO_grouped
321,APBA2,NCBI,5090_13498_8414_10897_33312_10943_11552_14092_12054_11960_11280_11294_11295_11298_11307_11498_12879_13089_13506,schizophrenia,MONDO_grouped
324,APC,NCBI,5090_13498_8414_10897_33312_10943_11552_14092_12054_11960_11280_11294_11295_11298_11307_11498_12879_13089_13506,schizophrenia,MONDO_grouped
337,APOA4,NCBI,5090_13498_8414_10897_33312_10943_11552_14092_12054_11960_11280_11294_11295_11298_11307_11498_12879_13089_13506,schizophrenia,MONDO_grouped
347,APOD,NCBI,5090_13498_8414_10897_33312_10943_11552_14092_12054_11960_11280_11294_11295_11298_11307_11498_12879_13089_13506,schizophrenia,MONDO_grouped
348,APOE,NCBI,5090_13498_8414_10897_33312_10943_11552_14092_12054_11960_11280_11294_11295_11298_11307_11498_12879_13089_13506,schizophrenia,MONDO_grouped
350,APOH,NCBI,5090_13498_8414_10897_33312_10943_11552_14092_12054_11960_11280_11294_11295_11298_11307_11498_12879_13089_13506,schizophrenia,MONDO_grouped
23780,APOL2,NCBI,5090_13498_8414_10897_33312_10943_11552_14092_12054_11960_11280_11294_11295_11298_11307_11498_12879_13089_13506,schizophrenia,MONDO_grouped
80832,APOL4,NCBI,5090_13498_8414_10897_33312_10943_11552_14092_12054_11960_11280_11294_11295_11298_11307_11498_12879_13089_13506,schizophrenia,MONDO_grouped
361,AQP4,NCBI,5090_13498_8414_10897_33312_10943_11552_14092_12054_11960_11280_11294_11295_11298_11307_11498_12879_13089_13506,schizophrenia,MONDO_grouped
23237,ARC,NCBI,5090_13498_8414_10897_33312_10943_11552_14092_12054_11960_11280_11294_11295_11298_11307_11498_12879_13089_13506,schizophrenia,MONDO_grouped
392,ARHGAP1,NCBI,5090_13498_8414_10897_33312_10943_11552_14092_12054_11960_11280_11294_11295_11298_11307_11498_12879_13089_13506,schizophrenia,MONDO_grouped
93663,ARHGAP18,NCBI,5090_13498_8414_10897_33312_10943_11552_14092_12054_11960_11280_11294_11295_11298_11307_11498_12879_13089_13506,schizophrenia,MONDO_grouped
9743,ARHGAP32,NCBI,5090_13498_8414_10897_33312_10943_11552_14092_12054_11960_11280_11294_11295_11298_11307_11498_12879_13089_13506,schizophrenia,MONDO_grouped
9826,ARHGEF11,NCBI,5090_13498_8414_10897_33312_10943_11552_14092_12054_11960_11280_11294_11295_11298_11307_11498_12879_13089_13506,schizophrenia,MONDO_grouped
421,ARVCF,NCBI,5090_13498_8414_10897_33312_10943_11552_14092_12054_11960_11280_11294_11295_11298_11307_11498_12879_13089_13506,schizophrenia,MONDO_grouped
427,ASAH1,NCBI,5090_13498_8414_10897_33312_10943_11552_14092_12054_11960_11280_11294_11295_11298_11307_11498_12879_13089_13506,schizophrenia,MONDO_grouped
23245,ASTN2,NCBI,5090_13498_8414_10897_33312_10943_11552_14092_12054_11960_11280_11294_11295_11298_11307_11498_12879_13089_13506,schizophrenia,MONDO_grouped
468,ATF4,NCBI,5090_13498_8414_10897_33312_10943_11552_14092_12054_11960_11280_11294_11295_11298_11307_11498_12879_13089_13506,schizophrenia,MONDO_grouped
472,ATM,NCBI,5090_13498_8414_10897_33312_10943_11552_14092_12054_11960_11280_11294_11295_11298_11307_11498_12879_13089_13506,schizophrenia,MONDO_grouped
488,ATP2A2,NCBI,5090_13498_8414_10897_33312_10943_11552_14092_12054_11960_11280_11294_11295_11298_11307_11498_12879_13089_13506,schizophrenia,MONDO_grouped
6311,ATXN2,NCBI,5090_13498_8414_10897_33312_10943_11552_14092_12054_11960_11280_11294_11295_11298_11307_11498_12879_13089_13506,schizophrenia,MONDO_grouped
26053,AUTS2,NCBI,5090_13498_8414_10897_33312_10943_11552_14092_12054_11960_11280_11294_11295_11298_11307_11498_12879_13089_13506,schizophrenia,MONDO_grouped
551,AVP,NCBI,5090_13498_8414_10897_33312_10943_11552_14092_12054_11960_11280_11294_11295_11298_11307_11498_12879_13089_13506,schizophrenia,MONDO_grouped
552,AVPR1A,NCBI,5090_13498_8414_10897_33312_10943_11552_14092_12054_11960_11280_11294_11295_11298_11307_11498_12879_13089_13506,schizophrenia,MONDO_grouped
27087,B3GAT1,NCBI,5090_13498_8414_10897_33312_10943_11552_14092_12054_11960_11280_11294_11295_11298_11307_11498_12879_13089_13506,schizophrenia,MONDO_grouped
135152,B3GAT2,NCBI,5090_13498_8414_10897_33312_10943_11552_14092_12054_11960_11280_11294_11295_11298_11307_11498_12879_13089_13506,schizophrenia,MONDO_grouped
10678,B3GNT2,NCBI,5090_13498_8414_10897_33312_10943_11552_14092_12054_11960_11280_11294_11295_11298_11307_11498_12879_13089_13506,schizophrenia,MONDO_grouped
23621,BACE1,NCBI,5090_13498_8414_10897_33312_10943_11552_14092_12054_11960_11280_11294_11295_11298_11307_11498_12879_13089_13506,schizophrenia,MONDO_grouped
573,BAG1,NCBI,5090_13498_8414_10897_33312_10943_11552_14092_12054_11960_11280_11294_11295_11298_11307_11498_12879_13089_13506,schizophrenia,MONDO_grouped
53335,BCL11A,NCBI,5090_13498_8414_10897_33312_10943_11552_14092_12054_11960_11280_11294_11295_11298_11307_11498_12879_13089_13506,schizophrenia,MONDO_grouped
596,BCL2,NCBI,5090_13498_8414_10897_33312_10943_11552_14092_12054_11960_11280_11294_11295_11298_11307_11498_12879_13089_13506,schizophrenia,MONDO_grouped
607,BCL9,NCBI,5090_13498_8414_10897_33312_10943_11552_14092_12054_11960_11280_11294_11295_11298_11307_11498_12879_13089_13506,schizophrenia,MONDO_grouped
627,BDNF,NCBI,5090_13498_8414_10897_33312_10943_11552_14092_12054_11960_11280_11294_11295_11298_11307_11498_12879_13089_13506,schizophrenia,MONDO_grouped
8678,BECN1,NCBI,5090_13498_8414_10897_33312_10943_11552_14092_12054_11960_11280_11294_11295_11298_11307_11498_12879_13089_13506,schizophrenia,MONDO_grouped
8553,BHLHE40,NCBI,5090_13498_8414_10897_33312_10943_11552_14092_12054_11960_11280_11294_11295_11298_11307_11498_12879_13089_13506,schizophrenia,MONDO_grouped
637,BID,NCBI,5090_13498_8414_10897_33312_10943_11552_14092_12054_11960_11280_11294_11295_11298_11307_11498_12879_13089_13506,schizophrenia,MONDO_grouped
2647,BLOC1S1,NCBI,5090_13498_8414_10897_33312_10943_11552_14092_12054_11960_11280_11294_11295_11298_11307_11498_12879_13089_13506,schizophrenia,MONDO_grouped
388552,BLOC1S3,NCBI,5090_13498_8414_10897_33312_10943_11552_14092_12054_11960_11280_11294_11295_11298_11307_11498_12879_13089_13506,schizophrenia,MONDO_grouped
8315,BRAP,NCBI,5090_13498_8414_10897_33312_10943_11552_14092_12054_11960_11280_11294_11295_11298_11307_11498_12879_13089_13506,schizophrenia,MONDO_grouped
672,BRCA1,NCBI,5090_13498_8414_10897_33312_10943_11552_14092_12054_11960_11280_11294_11295_11298_11307_11498_12879_13089_13506,schizophrenia,MONDO_grouped
23774,BRD1,NCBI,5090_13498_8414_10897_33312_10943_11552_14092_12054_11960_11280_11294_11295_11298_11307_11498_12879_13089_13506,schizophrenia,MONDO_grouped
114781,BTBD9,NCBI,5090_13498_8414_10897_33312_10943_11552_14092_12054_11960_11280_11294_11295_11298_11307_11498_12879_13089_13506,schizophrenia,MONDO_grouped
685,BTC,NCBI,5090_13498_8414_10897_33312_10943_11552_14092_12054_11960_11280_11294_11295_11298_11307_11498_12879_13089_13506,schizophrenia,MONDO_grouped
694,BTG1,NCBI,5090_13498_8414_10897_33312_10943_11552_14092_12054_11960_11280_11294_11295_11298_11307_11498_12879_13089_13506,schizophrenia,MONDO_grouped
713,C1QB,NCBI,5090_13498_8414_10897_33312_10943_11552_14092_12054_11960_11280_11294_11295_11298_11307_11498_12879_13089_13506,schizophrenia,MONDO_grouped
203228,C9orf72,NCBI,5090_13498_8414_10897_33312_10943_11552_14092_12054_11960_11280_11294_11295_11298_11307_11498_12879_13089_13506,schizophrenia,MONDO_grouped
774,CACNA1B,NCBI,5090_13498_8414_10897_33312_10943_11552_14092_12054_11960_11280_11294_11295_11298_11307_11498_12879_13089_13506,schizophrenia,MONDO_grouped
775,CACNA1C,NCBI,5090_13498_8414_10897_33312_10943_11552_14092_12054_11960_11280_11294_11295_11298_11307_11498_12879_13089_13506,schizophrenia,MONDO_grouped
778,CACNA1F,NCBI,5090_13498_8414_10897_33312_10943_11552_14092_12054_11960_11280_11294_11295_11298_11307_11498_12879_13089_13506,schizophrenia,MONDO_grouped
783,CACNB2,NCBI,5090_13498_8414_10897_33312_10943_11552_14092_12054_11960_11280_11294_11295_11298_11307_11498_12879_13089_13506,schizophrenia,MONDO_grouped
10369,CACNG2,NCBI,5090_13498_8414_10897_33312_10943_11552_14092_12054_11960_11280_11294_11295_11298_11307_11498_12879_13089_13506,schizophrenia,MONDO_grouped
27091,CACNG5,NCBI,5090_13498_8414_10897_33312_10943_11552_14092_12054_11960_11280_11294_11295_11298_11307_11498_12879_13089_13506,schizophrenia,MONDO_grouped
59283,CACNG8,NCBI,5090_13498_8414_10897_33312_10943_11552_14092_12054_11960_11280_11294_11295_11298_11307_11498_12879_13089_13506,schizophrenia,MONDO_grouped
93664,CADPS2,NCBI,5090_13498_8414_10897_33312_10943_11552_14092_12054_11960_11280_11294_11295_11298_11307_11498_12879_13089_13506,schizophrenia,MONDO_grouped
793,CALB1,NCBI,5090_13498_8414_10897_33312_10943_11552_14092_12054_11960_11280_11294_11295_11298_11307_11498_12879_13089_13506,schizophrenia,MONDO_grouped
811,CALR,NCBI,5090_13498_8414_10897_33312_10943_11552_14092_12054_11960_11280_11294_11295_11298_11307_11498_12879_13089_13506,schizophrenia,MONDO_grouped
50632,CALY,NCBI,5090_13498_8414_10897_33312_10943_11552_14092_12054_11960_11280_11294_11295_11298_11307_11498_12879_13089_13506,schizophrenia,MONDO_grouped
816,CAMK2B,NCBI,5090_13498_8414_10897_33312_10943_11552_14092_12054_11960_11280_11294_11295_11298_11307_11498_12879_13089_13506,schizophrenia,MONDO_grouped
10645,CAMKK2,NCBI,5090_13498_8414_10897_33312_10943_11552_14092_12054_11960_11280_11294_11295_11298_11307_11498_12879_13089_13506,schizophrenia,MONDO_grouped
836,CASP3,NCBI,5090_13498_8414_10897_33312_10943_11552_14092_12054_11960_11280_11294_11295_11298_11307_11498_12879_13089_13506,schizophrenia,MONDO_grouped
837,CASP4,NCBI,5090_13498_8414_10897_33312_10943_11552_14092_12054_11960_11280_11294_11295_11298_11307_11498_12879_13089_13506,schizophrenia,MONDO_grouped
857,CAV1,NCBI,5090_13498_8414_10897_33312_10943_11552_14092_12054_11960_11280_11294_11295_11298_11307_11498_12879_13089_13506,schizophrenia,MONDO_grouped
2694,CBLIF,NCBI,5090_13498_8414_10897_33312_10943_11552_14092_12054_11960_11280_11294_11295_11298_11307_11498_12879_13089_13506,schizophrenia,MONDO_grouped
875,CBS,NCBI,5090_13498_8414_10897_33312_10943_11552_14092_12054_11960_11280_11294_11295_11298_11307_11498_12879_13089_13506,schizophrenia,MONDO_grouped
339230,CCDC137,NCBI,5090_13498_8414_10897_33312_10943_11552_14092_12054_11960_11280_11294_11295_11298_11307_11498_12879_13089_13506,schizophrenia,MONDO_grouped
80323,CCDC68,NCBI,5090_13498_8414_10897_33312_10943_11552_14092_12054_11960_11280_11294_11295_11298_11307_11498_12879_13089_13506,schizophrenia,MONDO_grouped
79080,CCDC86,NCBI,5090_13498_8414_10897_33312_10943_11552_14092_12054_11960_11280_11294_11295_11298_11307_11498_12879_13089_13506,schizophrenia,MONDO_grouped
885,CCK,NCBI,5090_13498_8414_10897_33312_10943_11552_14092_12054_11960_11280_11294_11295_11298_11307_11498_12879_13089_13506,schizophrenia,MONDO_grouped
886,CCKAR,NCBI,5090_13498_8414_10897_33312_10943_11552_14092_12054_11960_11280_11294_11295_11298_11307_11498_12879_13089_13506,schizophrenia,MONDO_grouped
6347,CCL2,NCBI,5090_13498_8414_10897_33312_10943_11552_14092_12054_11960_11280_11294_11295_11298_11307_11498_12879_13089_13506,schizophrenia,MONDO_grouped
890,CCNA2,NCBI,5090_13498_8414_10897_33312_10943_11552_14092_12054_11960_11280_11294_11295_11298_11307_11498_12879_13089_13506,schizophrenia,MONDO_grouped
595,CCND1,NCBI,5090_13498_8414_10897_33312_10943_11552_14092_12054_11960_11280_11294_11295_11298_11307_11498_12879_13089_13506,schizophrenia,MONDO_grouped
894,CCND2,NCBI,5090_13498_8414_10897_33312_10943_11552_14092_12054_11960_11280_11294_11295_11298_11307_11498_12879_13089_13506,schizophrenia,MONDO_grouped
1234,CCR5,NCBI,5090_13498_8414_10897_33312_10943_11552_14092_12054_11960_11280_11294_11295_11298_11307_11498_12879_13089_13506,schizophrenia,MONDO_grouped
9332,CD163,NCBI,5090_13498_8414_10897_33312_10943_11552_14092_12054_11960_11280_11294_11295_11298_11307_11498_12879_13089_13506,schizophrenia,MONDO_grouped
995,CDC25C,NCBI,5090_13498_8414_10897_33312_10943_11552_14092_12054_11960_11280_11294_11295_11298_11307_11498_12879_13089_13506,schizophrenia,MONDO_grouped
998,CDC42,NCBI,5090_13498_8414_10897_33312_10943_11552_14092_12054_11960_11280_11294_11295_11298_11307_11498_12879_13089_13506,schizophrenia,MONDO_grouped
10602,CDC42EP3,NCBI,5090_13498_8414_10897_33312_10943_11552_14092_12054_11960_11280_11294_11295_11298_11307_11498_12879_13089_13506,schizophrenia,MONDO_grouped
56990,CDC42SE2,NCBI,5090_13498_8414_10897_33312_10943_11552_14092_12054_11960_11280_11294_11295_11298_11307_11498_12879_13089_13506,schizophrenia,MONDO_grouped
5127,CDK16,NCBI,5090_13498_8414_10897_33312_10943_11552_14092_12054_11960_11280_11294_11295_11298_11307_11498_12879_13089_13506,schizophrenia,MONDO_grouped
1020,CDK5,NCBI,5090_13498_8414_10897_33312_10943_11552_14092_12054_11960_11280_11294_11295_11298_11307_11498_12879_13089_13506,schizophrenia,MONDO_grouped
8851,CDK5R1,NCBI,5090_13498_8414_10897_33312_10943_11552_14092_12054_11960_11280_11294_11295_11298_11307_11498_12879_13089_13506,schizophrenia,MONDO_grouped
1028,CDKN1C,NCBI,5090_13498_8414_10897_33312_10943_11552_14092_12054_11960_11280_11294_11295_11298_11307_11498_12879_13089_13506,schizophrenia,MONDO_grouped
90273,CEACAM21,NCBI,5090_13498_8414_10897_33312_10943_11552_14092_12054_11960_11280_11294_11295_11298_11307_11498_12879_13089_13506,schizophrenia,MONDO_grouped
10659,CELF2,NCBI,5090_13498_8414_10897_33312_10943_11552_14092_12054_11960_11280_11294_11295_11298_11307_11498_12879_13089_13506,schizophrenia,MONDO_grouped
1068,CETN1,NCBI,5090_13498_8414_10897_33312_10943_11552_14092_12054_11960_11280_11294_11295_11298_11307_11498_12879_13089_13506,schizophrenia,MONDO_grouped
255101,CFAP65,NCBI,5090_13498_8414_10897_33312_10943_11552_14092_12054_11960_11280_11294_11295_11298_11307_11498_12879_13089_13506,schizophrenia,MONDO_grouped
84952,CGNL1,NCBI,5090_13498_8414_10897_33312_10943_11552_14092_12054_11960_11280_11294_11295_11298_11307_11498_12879_13089_13506,schizophrenia,MONDO_grouped
1103,CHAT,NCBI,5090_13498_8414_10897_33312_10943_11552_14092_12054_11960_11280_11294_11295_11298_11307_11498_12879_13089_13506,schizophrenia,MONDO_grouped
1108,CHD4,NCBI,5090_13498_8414_10897_33312_10943_11552_14092_12054_11960_11280_11294_11295_11298_11307_11498_12879_13089_13506,schizophrenia,MONDO_grouped
1111,CHEK1,NCBI,5090_13498_8414_10897_33312_10943_11552_14092_12054_11960_11280_11294_11295_11298_11307_11498_12879_13089_13506,schizophrenia,MONDO_grouped
1113,CHGA,NCBI,5090_13498_8414_10897_33312_10943_11552_14092_12054_11960_11280_11294_11295_11298_11307_11498_12879_13089_13506,schizophrenia,MONDO_grouped
1114,CHGB,NCBI,5090_13498_8414_10897_33312_10943_11552_14092_12054_11960_11280_11294_11295_11298_11307_11498_12879_13089_13506,schizophrenia,MONDO_grouped
1116,CHI3L1,NCBI,5090_13498_8414_10897_33312_10943_11552_14092_12054_11960_11280_11294_11295_11298_11307_11498_12879_13089_13506,schizophrenia,MONDO_grouped
10752,CHL1,NCBI,5090_13498_8414_10897_33312_10943_11552_14092_12054_11960_11280_11294_11295_11298_11307_11498_12879_13089_13506,schizophrenia,MONDO_grouped
89832,CHRFAM7A,NCBI,5090_13498_8414_10897_33312_10943_11552_14092_12054_11960_11280_11294_11295_11298_11307_11498_12879_13089_13506,schizophrenia,MONDO_grouped
1128,CHRM1,NCBI,5090_13498_8414_10897_33312_10943_11552_14092_12054_11960_11280_11294_11295_11298_11307_11498_12879_13089_13506,schizophrenia,MONDO_grouped
1129,CHRM2,NCBI,5090_13498_8414_10897_33312_10943_11552_14092_12054_11960_11280_11294_11295_11298_11307_11498_12879_13089_13506,schizophrenia,MONDO_grouped
1132,CHRM4,NCBI,5090_13498_8414_10897_33312_10943_11552_14092_12054_11960_11280_11294_11295_11298_11307_11498_12879_13089_13506,schizophrenia,MONDO_grouped
1133,CHRM5,NCBI,5090_13498_8414_10897_33312_10943_11552_14092_12054_11960_11280_11294_11295_11298_11307_11498_12879_13089_13506,schizophrenia,MONDO_grouped
1136,CHRNA3,NCBI,5090_13498_8414_10897_33312_10943_11552_14092_12054_11960_11280_11294_11295_11298_11307_11498_12879_13089_13506,schizophrenia,MONDO_grouped
1137,CHRNA4,NCBI,5090_13498_8414_10897_33312_10943_11552_14092_12054_11960_11280_11294_11295_11298_11307_11498_12879_13089_13506,schizophrenia,MONDO_grouped
1138,CHRNA5,NCBI,5090_13498_8414_10897_33312_10943_11552_14092_12054_11960_11280_11294_11295_11298_11307_11498_12879_13089_13506,schizophrenia,MONDO_grouped
1139,CHRNA7,NCBI,5090_13498_8414_10897_33312_10943_11552_14092_12054_11960_11280_11294_11295_11298_11307_11498_12879_13089_13506,schizophrenia,MONDO_grouped
1141,CHRNB2,NCBI,5090_13498_8414_10897_33312_10943_11552_14092_12054_11960_11280_11294_11295_11298_11307_11498_12879_13089_13506,schizophrenia,MONDO_grouped
1152,CKB,NCBI,5090_13498_8414_10897_33312_10943_11552_14092_12054_11960_11280_11294_11295_11298_11307_11498_12879_13089_13506,schizophrenia,MONDO_grouped
7122,CLDN5,NCBI,5090_13498_8414_10897_33312_10943_11552_14092_12054_11960_11280_11294_11295_11298_11307_11498_12879_13089_13506,schizophrenia,MONDO_grouped
9575,CLOCK,NCBI,5090_13498_8414_10897_33312_10943_11552_14092_12054_11960_11280_11294_11295_11298_11307_11498_12879_13089_13506,schizophrenia,MONDO_grouped
1191,CLU,NCBI,5090_13498_8414_10897_33312_10943_11552_14092_12054_11960_11280_11294_11295_11298_11307_11498_12879_13089_13506,schizophrenia,MONDO_grouped
134829,CLVS2,NCBI,5090_13498_8414_10897_33312_10943_11552_14092_12054_11960_11280_11294_11295_11298_11307_11498_12879_13089_13506,schizophrenia,MONDO_grouped
202333,CMYA5,NCBI,5090_13498_8414_10897_33312_10943_11552_14092_12054_11960_11280_11294_11295_11298_11307_11498_12879_13089_13506,schizophrenia,MONDO_grouped
149111,CNIH3,NCBI,5090_13498_8414_10897_33312_10943_11552_14092_12054_11960_11280_11294_11295_11298_11307_11498_12879_13089_13506,schizophrenia,MONDO_grouped
54805,CNNM2,NCBI,5090_13498_8414_10897_33312_10943_11552_14092_12054_11960_11280_11294_11295_11298_11307_11498_12879_13089_13506,schizophrenia,MONDO_grouped
1267,CNP,NCBI,5090_13498_8414_10897_33312_10943_11552_14092_12054_11960_11280_11294_11295_11298_11307_11498_12879_13089_13506,schizophrenia,MONDO_grouped
27013,CNPPD1,NCBI,5090_13498_8414_10897_33312_10943_11552_14092_12054_11960_11280_11294_11295_11298_11307_11498_12879_13089_13506,schizophrenia,MONDO_grouped
1268,CNR1,NCBI,5090_13498_8414_10897_33312_10943_11552_14092_12054_11960_11280_11294_11295_11298_11307_11498_12879_13089_13506,schizophrenia,MONDO_grouped
1269,CNR2,NCBI,5090_13498_8414_10897_33312_10943_11552_14092_12054_11960_11280_11294_11295_11298_11307_11498_12879_13089_13506,schizophrenia,MONDO_grouped
1270,CNTF,NCBI,5090_13498_8414_10897_33312_10943_11552_14092_12054_11960_11280_11294_11295_11298_11307_11498_12879_13089_13506,schizophrenia,MONDO_grouped
26047,CNTNAP2,NCBI,5090_13498_8414_10897_33312_10943_11552_14092_12054_11960_11280_11294_11295_11298_11307_11498_12879_13089_13506,schizophrenia,MONDO_grouped
1281,COL3A1,NCBI,5090_13498_8414_10897_33312_10943_11552_14092_12054_11960_11280_11294_11295_11298_11307_11498_12879_13089_13506,schizophrenia,MONDO_grouped
1312,COMT,NCBI,5090_13498_8414_10897_33312_10943_11552_14092_12054_11960_11280_11294_11295_11298_11307_11498_12879_13089_13506,schizophrenia,MONDO_grouped
1356,CP,NCBI,5090_13498_8414_10897_33312_10943_11552_14092_12054_11960_11280_11294_11295_11298_11307_11498_12879_13089_13506,schizophrenia,MONDO_grouped
10815,CPLX1,NCBI,5090_13498_8414_10897_33312_10943_11552_14092_12054_11960_11280_11294_11295_11298_11307_11498_12879_13089_13506,schizophrenia,MONDO_grouped
10814,CPLX2,NCBI,5090_13498_8414_10897_33312_10943_11552_14092_12054_11960_11280_11294_11295_11298_11307_11498_12879_13089_13506,schizophrenia,MONDO_grouped
1385,CREB1,NCBI,5090_13498_8414_10897_33312_10943_11552_14092_12054_11960_11280_11294_11295_11298_11307_11498_12879_13089_13506,schizophrenia,MONDO_grouped
1392,CRH,NCBI,5090_13498_8414_10897_33312_10943_11552_14092_12054_11960_11280_11294_11295_11298_11307_11498_12879_13089_13506,schizophrenia,MONDO_grouped
1400,CRMP1,NCBI,5090_13498_8414_10897_33312_10943_11552_14092_12054_11960_11280_11294_11295_11298_11307_11498_12879_13089_13506,schizophrenia,MONDO_grouped
1401,CRP,NCBI,5090_13498_8414_10897_33312_10943_11552_14092_12054_11960_11280_11294_11295_11298_11307_11498_12879_13089_13506,schizophrenia,MONDO_grouped
1437,CSF2,NCBI,5090_13498_8414_10897_33312_10943_11552_14092_12054_11960_11280_11294_11295_11298_11307_11498_12879_13089_13506,schizophrenia,MONDO_grouped
1438,CSF2RA,NCBI,5090_13498_8414_10897_33312_10943_11552_14092_12054_11960_11280_11294_11295_11298_11307_11498_12879_13089_13506,schizophrenia,MONDO_grouped
1439,CSF2RB,NCBI,5090_13498_8414_10897_33312_10943_11552_14092_12054_11960_11280_11294_11295_11298_11307_11498_12879_13089_13506,schizophrenia,MONDO_grouped
64478,CSMD1,NCBI,5090_13498_8414_10897_33312_10943_11552_14092_12054_11960_11280_11294_11295_11298_11307_11498_12879_13089_13506,schizophrenia,MONDO_grouped
114784,CSMD2,NCBI,5090_13498_8414_10897_33312_10943_11552_14092_12054_11960_11280_11294_11295_11298_11307_11498_12879_13089_13506,schizophrenia,MONDO_grouped
1454,CSNK1E,NCBI,5090_13498_8414_10897_33312_10943_11552_14092_12054_11960_11280_11294_11295_11298_11307_11498_12879_13089_13506,schizophrenia,MONDO_grouped
10675,CSPG5,NCBI,5090_13498_8414_10897_33312_10943_11552_14092_12054_11960_11280_11294_11295_11298_11307_11498_12879_13089_13506,schizophrenia,MONDO_grouped
10664,CTCF,NCBI,5090_13498_8414_10897_33312_10943_11552_14092_12054_11960_11280_11294_11295_11298_11307_11498_12879_13089_13506,schizophrenia,MONDO_grouped
1493,CTLA4,NCBI,5090_13498_8414_10897_33312_10943_11552_14092_12054_11960_11280_11294_11295_11298_11307_11498_12879_13089_13506,schizophrenia,MONDO_grouped
1496,CTNNA2,NCBI,5090_13498_8414_10897_33312_10943_11552_14092_12054_11960_11280_11294_11295_11298_11307_11498_12879_13089_13506,schizophrenia,MONDO_grouped
1499,CTNNB1,NCBI,5090_13498_8414_10897_33312_10943_11552_14092_12054_11960_11280_11294_11295_11298_11307_11498_12879_13089_13506,schizophrenia,MONDO_grouped
1501,CTNND2,NCBI,5090_13498_8414_10897_33312_10943_11552_14092_12054_11960_11280_11294_11295_11298_11307_11498_12879_13089_13506,schizophrenia,MONDO_grouped
1506,CTRL,NCBI,5090_13498_8414_10897_33312_10943_11552_14092_12054_11960_11280_11294_11295_11298_11307_11498_12879_13089_13506,schizophrenia,MONDO_grouped
1513,CTSK,NCBI,5090_13498_8414_10897_33312_10943_11552_14092_12054_11960_11280_11294_11295_11298_11307_11498_12879_13089_13506,schizophrenia,MONDO_grouped
613212,CTXN3,NCBI,5090_13498_8414_10897_33312_10943_11552_14092_12054_11960_11280_11294_11295_11298_11307_11498_12879_13089_13506,schizophrenia,MONDO_grouped
23191,CYFIP1,NCBI,5090_13498_8414_10897_33312_10943_11552_14092_12054_11960_11280_11294_11295_11298_11307_11498_12879_13089_13506,schizophrenia,MONDO_grouped
1544,CYP1A2,NCBI,5090_13498_8414_10897_33312_10943_11552_14092_12054_11960_11280_11294_11295_11298_11307_11498_12879_13089_13506,schizophrenia,MONDO_grouped
1565,CYP2D6,NCBI,5090_13498_8414_10897_33312_10943_11552_14092_12054_11960_11280_11294_11295_11298_11307_11498_12879_13089_13506,schizophrenia,MONDO_grouped
1571,CYP2E1,NCBI,5090_13498_8414_10897_33312_10943_11552_14092_12054_11960_11280_11294_11295_11298_11307_11498_12879_13089_13506,schizophrenia,MONDO_grouped
1576,CYP3A4,NCBI,5090_13498_8414_10897_33312_10943_11552_14092_12054_11960_11280_11294_11295_11298_11307_11498_12879_13089_13506,schizophrenia,MONDO_grouped
1577,CYP3A5,NCBI,5090_13498_8414_10897_33312_10943_11552_14092_12054_11960_11280_11294_11295_11298_11307_11498_12879_13089_13506,schizophrenia,MONDO_grouped
23500,DAAM2,NCBI,5090_13498_8414_10897_33312_10943_11552_14092_12054_11960_11280_11294_11295_11298_11307_11498_12879_13089_13506,schizophrenia,MONDO_grouped
1610,DAO,NCBI,5090_13498_8414_10897_33312_10943_11552_14092_12054_11960_11280_11294_11295_11298_11307_11498_12879_13089_13506,schizophrenia,MONDO_grouped
267012,DAOA,NCBI,5090_13498_8414_10897_33312_10943_11552_14092_12054_11960_11280_11294_11295_11298_11307_11498_12879_13089_13506,schizophrenia,MONDO_grouped
282706,DAOA-AS1,NCBI,5090_13498_8414_10897_33312_10943_11552_14092_12054_11960_11280_11294_11295_11298_11307_11498_12879_13089_13506,schizophrenia,MONDO_grouped
26528,DAZAP1,NCBI,5090_13498_8414_10897_33312_10943_11552_14092_12054_11960_11280_11294_11295_11298_11307_11498_12879_13089_13506,schizophrenia,MONDO_grouped
1627,DBN1,NCBI,5090_13498_8414_10897_33312_10943_11552_14092_12054_11960_11280_11294_11295_11298_11307_11498_12879_13089_13506,schizophrenia,MONDO_grouped
1630,DCC,NCBI,5090_13498_8414_10897_33312_10943_11552_14092_12054_11960_11280_11294_11295_11298_11307_11498_12879_13089_13506,schizophrenia,MONDO_grouped
51473,DCDC2,NCBI,5090_13498_8414_10897_33312_10943_11552_14092_12054_11960_11280_11294_11295_11298_11307_11498_12879_13089_13506,schizophrenia,MONDO_grouped
9201,DCLK1,NCBI,5090_13498_8414_10897_33312_10943_11552_14092_12054_11960_11280_11294_11295_11298_11307_11498_12879_13089_13506,schizophrenia,MONDO_grouped
8528,DDO,NCBI,5090_13498_8414_10897_33312_10943_11552_14092_12054_11960_11280_11294_11295_11298_11307_11498_12879_13089_13506,schizophrenia,MONDO_grouped
780,DDR1,NCBI,5090_13498_8414_10897_33312_10943_11552_14092_12054_11960_11280_11294_11295_11298_11307_11498_12879_13089_13506,schizophrenia,MONDO_grouped
100188856,DEL22Q11.2,NCBI,5090_13498_8414_10897_33312_10943_11552_14092_12054_11960_11280_11294_11295_11298_11307_11498_12879_13089_13506,schizophrenia,MONDO_grouped
449489,DFNB47,NCBI,5090_13498_8414_10897_33312_10943_11552_14092_12054_11960_11280_11294_11295_11298_11307_11498_12879_13089_13506,schizophrenia,MONDO_grouped
9993,DGCR2,NCBI,5090_13498_8414_10897_33312_10943_11552_14092_12054_11960_11280_11294_11295_11298_11307_11498_12879_13089_13506,schizophrenia,MONDO_grouped
8214,DGCR6,NCBI,5090_13498_8414_10897_33312_10943_11552_14092_12054_11960_11280_11294_11295_11298_11307_11498_12879_13089_13506,schizophrenia,MONDO_grouped
54487,DGCR8,NCBI,5090_13498_8414_10897_33312_10943_11552_14092_12054_11960_11280_11294_11295_11298_11307_11498_12879_13089_13506,schizophrenia,MONDO_grouped
23405,DICER1,NCBI,5090_13498_8414_10897_33312_10943_11552_14092_12054_11960_11280_11294_11295_11298_11307_11498_12879_13089_13506,schizophrenia,MONDO_grouped
1735,DIO3,NCBI,5090_13498_8414_10897_33312_10943_11552_14092_12054_11960_11280_11294_11295_11298_11307_11498_12879_13089_13506,schizophrenia,MONDO_grouped
27185,DISC1,NCBI,5090_13498_8414_10897_33312_10943_11552_14092_12054_11960_11280_11294_11295_11298_11307_11498_12879_13089_13506,schizophrenia,MONDO_grouped
27184,DISC2,NCBI,5090_13498_8414_10897_33312_10943_11552_14092_12054_11960_11280_11294_11295_11298_11307_11498_12879_13089_13506,schizophrenia,MONDO_grouped
85458,DIXDC1,NCBI,5090_13498_8414_10897_33312_10943_11552_14092_12054_11960_11280_11294_11295_11298_11307_11498_12879_13089_13506,schizophrenia,MONDO_grouped
27122,DKK3,NCBI,5090_13498_8414_10897_33312_10943_11552_14092_12054_11960_11280_11294_11295_11298_11307_11498_12879_13089_13506,schizophrenia,MONDO_grouped
27121,DKK4,NCBI,5090_13498_8414_10897_33312_10943_11552_14092_12054_11960_11280_11294_11295_11298_11307_11498_12879_13089_13506,schizophrenia,MONDO_grouped
1739,DLG1,NCBI,5090_13498_8414_10897_33312_10943_11552_14092_12054_11960_11280_11294_11295_11298_11307_11498_12879_13089_13506,schizophrenia,MONDO_grouped
1740,DLG2,NCBI,5090_13498_8414_10897_33312_10943_11552_14092_12054_11960_11280_11294_11295_11298_11307_11498_12879_13089_13506,schizophrenia,MONDO_grouped
100302690,DLG2-AS1,NCBI,5090_13498_8414_10897_33312_10943_11552_14092_12054_11960_11280_11294_11295_11298_11307_11498_12879_13089_13506,schizophrenia,MONDO_grouped
1741,DLG3,NCBI,5090_13498_8414_10897_33312_10943_11552_14092_12054_11960_11280_11294_11295_11298_11307_11498_12879_13089_13506,schizophrenia,MONDO_grouped
1742,DLG4,NCBI,5090_13498_8414_10897_33312_10943_11552_14092_12054_11960_11280_11294_11295_11298_11307_11498_12879_13089_13506,schizophrenia,MONDO_grouped
9229,DLGAP1,NCBI,5090_13498_8414_10897_33312_10943_11552_14092_12054_11960_11280_11294_11295_11298_11307_11498_12879_13089_13506,schizophrenia,MONDO_grouped
9228,DLGAP2,NCBI,5090_13498_8414_10897_33312_10943_11552_14092_12054_11960_11280_11294_11295_11298_11307_11498_12879_13089_13506,schizophrenia,MONDO_grouped
1745,DLX1,NCBI,5090_13498_8414_10897_33312_10943_11552_14092_12054_11960_11280_11294_11295_11298_11307_11498_12879_13089_13506,schizophrenia,MONDO_grouped
1759,DNM1,NCBI,5090_13498_8414_10897_33312_10943_11552_14092_12054_11960_11280_11294_11295_11298_11307_11498_12879_13089_13506,schizophrenia,MONDO_grouped
1786,DNMT1,NCBI,5090_13498_8414_10897_33312_10943_11552_14092_12054_11960_11280_11294_11295_11298_11307_11498_12879_13089_13506,schizophrenia,MONDO_grouped
1789,DNMT3B,NCBI,5090_13498_8414_10897_33312_10943_11552_14092_12054_11960_11280_11294_11295_11298_11307_11498_12879_13089_13506,schizophrenia,MONDO_grouped
29947,DNMT3L,NCBI,5090_13498_8414_10897_33312_10943_11552_14092_12054_11960_11280_11294_11295_11298_11307_11498_12879_13089_13506,schizophrenia,MONDO_grouped
9732,DOCK4,NCBI,5090_13498_8414_10897_33312_10943_11552_14092_12054_11960_11280_11294_11295_11298_11307_11498_12879_13089_13506,schizophrenia,MONDO_grouped
1806,DPYD,NCBI,5090_13498_8414_10897_33312_10943_11552_14092_12054_11960_11280_11294_11295_11298_11307_11498_12879_13089_13506,schizophrenia,MONDO_grouped
1812,DRD1,NCBI,5090_13498_8414_10897_33312_10943_11552_14092_12054_11960_11280_11294_11295_11298_11307_11498_12879_13089_13506,schizophrenia,MONDO_grouped
1813,DRD2,NCBI,5090_13498_8414_10897_33312_10943_11552_14092_12054_11960_11280_11294_11295_11298_11307_11498_12879_13089_13506,schizophrenia,MONDO_grouped
1814,DRD3,NCBI,5090_13498_8414_10897_33312_10943_11552_14092_12054_11960_11280_11294_11295_11298_11307_11498_12879_13089_13506,schizophrenia,MONDO_grouped
1815,DRD4,NCBI,5090_13498_8414_10897_33312_10943_11552_14092_12054_11960_11280_11294_11295_11298_11307_11498_12879_13089_13506,schizophrenia,MONDO_grouped
1816,DRD5,NCBI,5090_13498_8414_10897_33312_10943_11552_14092_12054_11960_11280_11294_11295_11298_11307_11498_12879_13089_13506,schizophrenia,MONDO_grouped
84062,DTNBP1,NCBI,5090_13498_8414_10897_33312_10943_11552_14092_12054_11960_11280_11294_11295_11298_11307_11498_12879_13089_13506,schizophrenia,MONDO_grouped
54808,DYM,NCBI,5090_13498_8414_10897_33312_10943_11552_14092_12054_11960_11280_11294_11295_11298_11307_11498_12879_13089_13506,schizophrenia,MONDO_grouped
55741,EDEM2,NCBI,5090_13498_8414_10897_33312_10943_11552_14092_12054_11960_11280_11294_11295_11298_11307_11498_12879_13089_13506,schizophrenia,MONDO_grouped
90141,EFCAB11,NCBI,5090_13498_8414_10897_33312_10943_11552_14092_12054_11960_11280_11294_11295_11298_11307_11498_12879_13089_13506,schizophrenia,MONDO_grouped
1948,EFNB2,NCBI,5090_13498_8414_10897_33312_10943_11552_14092_12054_11960_11280_11294_11295_11298_11307_11498_12879_13089_13506,schizophrenia,MONDO_grouped
1959,EGR2,NCBI,5090_13498_8414_10897_33312_10943_11552_14092_12054_11960_11280_11294_11295_11298_11307_11498_12879_13089_13506,schizophrenia,MONDO_grouped
1960,EGR3,NCBI,5090_13498_8414_10897_33312_10943_11552_14092_12054_11960_11280_11294_11295_11298_11307_11498_12879_13089_13506,schizophrenia,MONDO_grouped
1961,EGR4,NCBI,5090_13498_8414_10897_33312_10943_11552_14092_12054_11960_11280_11294_11295_11298_11307_11498_12879_13089_13506,schizophrenia,MONDO_grouped
1965,EIF2S1,NCBI,5090_13498_8414_10897_33312_10943_11552_14092_12054_11960_11280_11294_11295_11298_11307_11498_12879_13089_13506,schizophrenia,MONDO_grouped
1983,EIF5,NCBI,5090_13498_8414_10897_33312_10943_11552_14092_12054_11960_11280_11294_11295_11298_11307_11498_12879_13089_13506,schizophrenia,MONDO_grouped
1993,ELAVL2,NCBI,5090_13498_8414_10897_33312_10943_11552_14092_12054_11960_11280_11294_11295_11298_11307_11498_12879_13089_13506,schizophrenia,MONDO_grouped
161436,EML5,NCBI,5090_13498_8414_10897_33312_10943_11552_14092_12054_11960_11280_11294_11295_11298_11307_11498_12879_13089_13506,schizophrenia,MONDO_grouped
2018,EMX2,NCBI,5090_13498_8414_10897_33312_10943_11552_14092_12054_11960_11280_11294_11295_11298_11307_11498_12879_13089_13506,schizophrenia,MONDO_grouped
2019,EN1,NCBI,5090_13498_8414_10897_33312_10943_11552_14092_12054_11960_11280_11294_11295_11298_11307_11498_12879_13089_13506,schizophrenia,MONDO_grouped
2020,EN2,NCBI,5090_13498_8414_10897_33312_10943_11552_14092_12054_11960_11280_11294_11295_11298_11307_11498_12879_13089_13506,schizophrenia,MONDO_grouped
2026,ENO2,NCBI,5090_13498_8414_10897_33312_10943_11552_14092_12054_11960_11280_11294_11295_11298_11307_11498_12879_13089_13506,schizophrenia,MONDO_grouped
2053,EPHX2,NCBI,5090_13498_8414_10897_33312_10943_11552_14092_12054_11960_11280_11294_11295_11298_11307_11498_12879_13089_13506,schizophrenia,MONDO_grouped
2065,ERBB3,NCBI,5090_13498_8414_10897_33312_10943_11552_14092_12054_11960_11280_11294_11295_11298_11307_11498_12879_13089_13506,schizophrenia,MONDO_grouped
2066,ERBB4,NCBI,5090_13498_8414_10897_33312_10943_11552_14092_12054_11960_11280_11294_11295_11298_11307_11498_12879_13089_13506,schizophrenia,MONDO_grouped
619465,ERVK-8,NCBI,5090_13498_8414_10897_33312_10943_11552_14092_12054_11960_11280_11294_11295_11298_11307_11498_12879_13089_13506,schizophrenia,MONDO_grouped
30816,ERVW-1,NCBI,5090_13498_8414_10897_33312_10943_11552_14092_12054_11960_11280_11294_11295_11298_11307_11498_12879_13089_13506,schizophrenia,MONDO_grouped
100616496,ERVW-4,NCBI,5090_13498_8414_10897_33312_10943_11552_14092_12054_11960_11280_11294_11295_11298_11307_11498_12879_13089_13506,schizophrenia,MONDO_grouped
90952,ESAM,NCBI,5090_13498_8414_10897_33312_10943_11552_14092_12054_11960_11280_11294_11295_11298_11307_11498_12879_13089_13506,schizophrenia,MONDO_grouped
2099,ESR1,NCBI,5090_13498_8414_10897_33312_10943_11552_14092_12054_11960_11280_11294_11295_11298_11307_11498_12879_13089_13506,schizophrenia,MONDO_grouped
2100,ESR2,NCBI,5090_13498_8414_10897_33312_10943_11552_14092_12054_11960_11280_11294_11295_11298_11307_11498_12879_13089_13506,schizophrenia,MONDO_grouped
8220,ESS2,NCBI,5090_13498_8414_10897_33312_10943_11552_14092_12054_11960_11280_11294_11295_11298_11307_11498_12879_13089_13506,schizophrenia,MONDO_grouped
64850,ETNPPL,NCBI,5090_13498_8414_10897_33312_10943_11552_14092_12054_11960_11280_11294_11295_11298_11307_11498_12879_13089_13506,schizophrenia,MONDO_grouped
2147,F2,NCBI,5090_13498_8414_10897_33312_10943_11552_14092_12054_11960_11280_11294_11295_11298_11307_11498_12879_13089_13506,schizophrenia,MONDO_grouped
2171,FABP5,NCBI,5090_13498_8414_10897_33312_10943_11552_14092_12054_11960_11280_11294_11295_11298_11307_11498_12879_13089_13506,schizophrenia,MONDO_grouped
2173,FABP7,NCBI,5090_13498_8414_10897_33312_10943_11552_14092_12054_11960_11280_11294_11295_11298_11307_11498_12879_13089_13506,schizophrenia,MONDO_grouped
9415,FADS2,NCBI,5090_13498_8414_10897_33312_10943_11552_14092_12054_11960_11280_11294_11295_11298_11307_11498_12879_13089_13506,schizophrenia,MONDO_grouped
131177,FAM3D,NCBI,5090_13498_8414_10897_33312_10943_11552_14092_12054_11960_11280_11294_11295_11298_11307_11498_12879_13089_13506,schizophrenia,MONDO_grouped
355,FAS,NCBI,5090_13498_8414_10897_33312_10943_11552_14092_12054_11960_11280_11294_11295_11298_11307_11498_12879_13089_13506,schizophrenia,MONDO_grouped
60493,FASTKD5,NCBI,5090_13498_8414_10897_33312_10943_11552_14092_12054_11960_11280_11294_11295_11298_11307_11498_12879_13089_13506,schizophrenia,MONDO_grouped
2203,FBP1,NCBI,5090_13498_8414_10897_33312_10943_11552_14092_12054_11960_11280_11294_11295_11298_11307_11498_12879_13089_13506,schizophrenia,MONDO_grouped
26223,FBXL21P,NCBI,5090_13498_8414_10897_33312_10943_11552_14092_12054_11960_11280_11294_11295_11298_11307_11498_12879_13089_13506,schizophrenia,MONDO_grouped
200933,FBXO45,NCBI,5090_13498_8414_10897_33312_10943_11552_14092_12054_11960_11280_11294_11295_11298_11307_11498_12879_13089_13506,schizophrenia,MONDO_grouped
9638,FEZ1,NCBI,5090_13498_8414_10897_33312_10943_11552_14092_12054_11960_11280_11294_11295_11298_11307_11498_12879_13089_13506,schizophrenia,MONDO_grouped
2247,FGF2,NCBI,5090_13498_8414_10897_33312_10943_11552_14092_12054_11960_11280_11294_11295_11298_11307_11498_12879_13089_13506,schizophrenia,MONDO_grouped
2260,FGFR1,NCBI,5090_13498_8414_10897_33312_10943_11552_14092_12054_11960_11280_11294_11295_11298_11307_11498_12879_13089_13506,schizophrenia,MONDO_grouped
2263,FGFR2,NCBI,5090_13498_8414_10897_33312_10943_11552_14092_12054_11960_11280_11294_11295_11298_11307_11498_12879_13089_13506,schizophrenia,MONDO_grouped
2332,FMR1,NCBI,5090_13498_8414_10897_33312_10943_11552_14092_12054_11960_11280_11294_11295_11298_11307_11498_12879_13089_13506,schizophrenia,MONDO_grouped
2346,FOLH1,NCBI,5090_13498_8414_10897_33312_10943_11552_14092_12054_11960_11280_11294_11295_11298_11307_11498_12879_13089_13506,schizophrenia,MONDO_grouped
93986,FOXP2,NCBI,5090_13498_8414_10897_33312_10943_11552_14092_12054_11960_11280_11294_11295_11298_11307_11498_12879_13089_13506,schizophrenia,MONDO_grouped
2414,FRA7G,NCBI,5090_13498_8414_10897_33312_10943_11552_14092_12054_11960_11280_11294_11295_11298_11307_11498_12879_13089_13506,schizophrenia,MONDO_grouped
11167,FSTL1,NCBI,5090_13498_8414_10897_33312_10943_11552_14092_12054_11960_11280_11294_11295_11298_11307_11498_12879_13089_13506,schizophrenia,MONDO_grouped
2530,FUT8,NCBI,5090_13498_8414_10897_33312_10943_11552_14092_12054_11960_11280_11294_11295_11298_11307_11498_12879_13089_13506,schizophrenia,MONDO_grouped
5348,FXYD1,NCBI,5090_13498_8414_10897_33312_10943_11552_14092_12054_11960_11280_11294_11295_11298_11307_11498_12879_13089_13506,schizophrenia,MONDO_grouped
53826,FXYD6,NCBI,5090_13498_8414_10897_33312_10943_11552_14092_12054_11960_11280_11294_11295_11298_11307_11498_12879_13089_13506,schizophrenia,MONDO_grouped
2534,FYN,NCBI,5090_13498_8414_10897_33312_10943_11552_14092_12054_11960_11280_11294_11295_11298_11307_11498_12879_13089_13506,schizophrenia,MONDO_grouped
7976,FZD3,NCBI,5090_13498_8414_10897_33312_10943_11552_14092_12054_11960_11280_11294_11295_11298_11307_11498_12879_13089_13506,schizophrenia,MONDO_grouped
11337,GABARAP,NCBI,5090_13498_8414_10897_33312_10943_11552_14092_12054_11960_11280_11294_11295_11298_11307_11498_12879_13089_13506,schizophrenia,MONDO_grouped
2550,GABBR1,NCBI,5090_13498_8414_10897_33312_10943_11552_14092_12054_11960_11280_11294_11295_11298_11307_11498_12879_13089_13506,schizophrenia,MONDO_grouped
2554,GABRA1,NCBI,5090_13498_8414_10897_33312_10943_11552_14092_12054_11960_11280_11294_11295_11298_11307_11498_12879_13089_13506,schizophrenia,MONDO_grouped
2557,GABRA4,NCBI,5090_13498_8414_10897_33312_10943_11552_14092_12054_11960_11280_11294_11295_11298_11307_11498_12879_13089_13506,schizophrenia,MONDO_grouped
2558,GABRA5,NCBI,5090_13498_8414_10897_33312_10943_11552_14092_12054_11960_11280_11294_11295_11298_11307_11498_12879_13089_13506,schizophrenia,MONDO_grouped
2559,GABRA6,NCBI,5090_13498_8414_10897_33312_10943_11552_14092_12054_11960_11280_11294_11295_11298_11307_11498_12879_13089_13506,schizophrenia,MONDO_grouped
2560,GABRB1,NCBI,5090_13498_8414_10897_33312_10943_11552_14092_12054_11960_11280_11294_11295_11298_11307_11498_12879_13089_13506,schizophrenia,MONDO_grouped
2561,GABRB2,NCBI,5090_13498_8414_10897_33312_10943_11552_14092_12054_11960_11280_11294_11295_11298_11307_11498_12879_13089_13506,schizophrenia,MONDO_grouped
2562,GABRB3,NCBI,5090_13498_8414_10897_33312_10943_11552_14092_12054_11960_11280_11294_11295_11298_11307_11498_12879_13089_13506,schizophrenia,MONDO_grouped
2563,GABRD,NCBI,5090_13498_8414_10897_33312_10943_11552_14092_12054_11960_11280_11294_11295_11298_11307_11498_12879_13089_13506,schizophrenia,MONDO_grouped
2566,GABRG2,NCBI,5090_13498_8414_10897_33312_10943_11552_14092_12054_11960_11280_11294_11295_11298_11307_11498_12879_13089_13506,schizophrenia,MONDO_grouped
55879,GABRQ,NCBI,5090_13498_8414_10897_33312_10943_11552_14092_12054_11960_11280_11294_11295_11298_11307_11498_12879_13089_13506,schizophrenia,MONDO_grouped
2569,GABRR1,NCBI,5090_13498_8414_10897_33312_10943_11552_14092_12054_11960_11280_11294_11295_11298_11307_11498_12879_13089_13506,schizophrenia,MONDO_grouped
2571,GAD1,NCBI,5090_13498_8414_10897_33312_10943_11552_14092_12054_11960_11280_11294_11295_11298_11307_11498_12879_13089_13506,schizophrenia,MONDO_grouped
2572,GAD2,NCBI,5090_13498_8414_10897_33312_10943_11552_14092_12054_11960_11280_11294_11295_11298_11307_11498_12879_13089_13506,schizophrenia,MONDO_grouped
2596,GAP43,NCBI,5090_13498_8414_10897_33312_10943_11552_14092_12054_11960_11280_11294_11295_11298_11307_11498_12879_13089_13506,schizophrenia,MONDO_grouped
2638,GC,NCBI,5090_13498_8414_10897_33312_10943_11552_14092_12054_11960_11280_11294_11295_11298_11307_11498_12879_13089_13506,schizophrenia,MONDO_grouped
2643,GCH1,NCBI,5090_13498_8414_10897_33312_10943_11552_14092_12054_11960_11280_11294_11295_11298_11307_11498_12879_13089_13506,schizophrenia,MONDO_grouped
2729,GCLC,NCBI,5090_13498_8414_10897_33312_10943_11552_14092_12054_11960_11280_11294_11295_11298_11307_11498_12879_13089_13506,schizophrenia,MONDO_grouped
2668,GDNF,NCBI,5090_13498_8414_10897_33312_10943_11552_14092_12054_11960_11280_11294_11295_11298_11307_11498_12879_13089_13506,schizophrenia,MONDO_grouped
2670,GFAP,NCBI,5090_13498_8414_10897_33312_10943_11552_14092_12054_11960_11280_11294_11295_11298_11307_11498_12879_13089_13506,schizophrenia,MONDO_grouped
2674,GFRA1,NCBI,5090_13498_8414_10897_33312_10943_11552_14092_12054_11960_11280_11294_11295_11298_11307_11498_12879_13089_13506,schizophrenia,MONDO_grouped
2676,GFRA3,NCBI,5090_13498_8414_10897_33312_10943_11552_14092_12054_11960_11280_11294_11295_11298_11307_11498_12879_13089_13506,schizophrenia,MONDO_grouped
2703,GJA8,NCBI,5090_13498_8414_10897_33312_10943_11552_14092_12054_11960_11280_11294_11295_11298_11307_11498_12879_13089_13506,schizophrenia,MONDO_grouped
2739,GLO1,NCBI,5090_13498_8414_10897_33312_10943_11552_14092_12054_11960_11280_11294_11295_11298_11307_11498_12879_13089_13506,schizophrenia,MONDO_grouped
2752,GLUL,NCBI,5090_13498_8414_10897_33312_10943_11552_14092_12054_11960_11280_11294_11295_11298_11307_11498_12879_13089_13506,schizophrenia,MONDO_grouped
2774,GNAL,NCBI,5090_13498_8414_10897_33312_10943_11552_14092_12054_11960_11280_11294_11295_11298_11307_11498_12879_13089_13506,schizophrenia,MONDO_grouped
2775,GNAO1,NCBI,5090_13498_8414_10897_33312_10943_11552_14092_12054_11960_11280_11294_11295_11298_11307_11498_12879_13089_13506,schizophrenia,MONDO_grouped
2778,GNAS,NCBI,5090_13498_8414_10897_33312_10943_11552_14092_12054_11960_11280_11294_11295_11298_11307_11498_12879_13089_13506,schizophrenia,MONDO_grouped
54584,GNB1L,NCBI,5090_13498_8414_10897_33312_10943_11552_14092_12054_11960_11280_11294_11295_11298_11307_11498_12879_13089_13506,schizophrenia,MONDO_grouped
2784,GNB3,NCBI,5090_13498_8414_10897_33312_10943_11552_14092_12054_11960_11280_11294_11295_11298_11307_11498_12879_13089_13506,schizophrenia,MONDO_grouped
8443,GNPAT,NCBI,5090_13498_8414_10897_33312_10943_11552_14092_12054_11960_11280_11294_11295_11298_11307_11498_12879_13089_13506,schizophrenia,MONDO_grouped
2823,GPM6A,NCBI,5090_13498_8414_10897_33312_10943_11552_14092_12054_11960_11280_11294_11295_11298_11307_11498_12879_13089_13506,schizophrenia,MONDO_grouped
387509,GPR153,NCBI,5090_13498_8414_10897_33312_10943_11552_14092_12054_11960_11280_11294_11295_11298_11307_11498_12879_13089_13506,schizophrenia,MONDO_grouped
9248,GPR50,NCBI,5090_13498_8414_10897_33312_10943_11552_14092_12054_11960_11280_11294_11295_11298_11307_11498_12879_13089_13506,schizophrenia,MONDO_grouped
27201,GPR78,NCBI,5090_13498_8414_10897_33312_10943_11552_14092_12054_11960_11280_11294_11295_11298_11307_11498_12879_13089_13506,schizophrenia,MONDO_grouped
2873,GPS1,NCBI,5090_13498_8414_10897_33312_10943_11552_14092_12054_11960_11280_11294_11295_11298_11307_11498_12879_13089_13506,schizophrenia,MONDO_grouped
2887,GRB10,NCBI,5090_13498_8414_10897_33312_10943_11552_14092_12054_11960_11280_11294_11295_11298_11307_11498_12879_13089_13506,schizophrenia,MONDO_grouped
2885,GRB2,NCBI,5090_13498_8414_10897_33312_10943_11552_14092_12054_11960_11280_11294_11295_11298_11307_11498_12879_13089_13506,schizophrenia,MONDO_grouped
2890,GRIA1,NCBI,5090_13498_8414_10897_33312_10943_11552_14092_12054_11960_11280_11294_11295_11298_11307_11498_12879_13089_13506,schizophrenia,MONDO_grouped
2891,GRIA2,NCBI,5090_13498_8414_10897_33312_10943_11552_14092_12054_11960_11280_11294_11295_11298_11307_11498_12879_13089_13506,schizophrenia,MONDO_grouped
2892,GRIA3,NCBI,5090_13498_8414_10897_33312_10943_11552_14092_12054_11960_11280_11294_11295_11298_11307_11498_12879_13089_13506,schizophrenia,MONDO_grouped
2893,GRIA4,NCBI,5090_13498_8414_10897_33312_10943_11552_14092_12054_11960_11280_11294_11295_11298_11307_11498_12879_13089_13506,schizophrenia,MONDO_grouped
2894,GRID1,NCBI,5090_13498_8414_10897_33312_10943_11552_14092_12054_11960_11280_11294_11295_11298_11307_11498_12879_13089_13506,schizophrenia,MONDO_grouped
2897,GRIK1,NCBI,5090_13498_8414_10897_33312_10943_11552_14092_12054_11960_11280_11294_11295_11298_11307_11498_12879_13089_13506,schizophrenia,MONDO_grouped
2898,GRIK2,NCBI,5090_13498_8414_10897_33312_10943_11552_14092_12054_11960_11280_11294_11295_11298_11307_11498_12879_13089_13506,schizophrenia,MONDO_grouped
2899,GRIK3,NCBI,5090_13498_8414_10897_33312_10943_11552_14092_12054_11960_11280_11294_11295_11298_11307_11498_12879_13089_13506,schizophrenia,MONDO_grouped
2900,GRIK4,NCBI,5090_13498_8414_10897_33312_10943_11552_14092_12054_11960_11280_11294_11295_11298_11307_11498_12879_13089_13506,schizophrenia,MONDO_grouped
2901,GRIK5,NCBI,5090_13498_8414_10897_33312_10943_11552_14092_12054_11960_11280_11294_11295_11298_11307_11498_12879_13089_13506,schizophrenia,MONDO_grouped
2902,GRIN1,NCBI,5090_13498_8414_10897_33312_10943_11552_14092_12054_11960_11280_11294_11295_11298_11307_11498_12879_13089_13506,schizophrenia,MONDO_grouped
2903,GRIN2A,NCBI,5090_13498_8414_10897_33312_10943_11552_14092_12054_11960_11280_11294_11295_11298_11307_11498_12879_13089_13506,schizophrenia,MONDO_grouped
2904,GRIN2B,NCBI,5090_13498_8414_10897_33312_10943_11552_14092_12054_11960_11280_11294_11295_11298_11307_11498_12879_13089_13506,schizophrenia,MONDO_grouped
2905,GRIN2C,NCBI,5090_13498_8414_10897_33312_10943_11552_14092_12054_11960_11280_11294_11295_11298_11307_11498_12879_13089_13506,schizophrenia,MONDO_grouped
2906,GRIN2D,NCBI,5090_13498_8414_10897_33312_10943_11552_14092_12054_11960_11280_11294_11295_11298_11307_11498_12879_13089_13506,schizophrenia,MONDO_grouped
116443,GRIN3A,NCBI,5090_13498_8414_10897_33312_10943_11552_14092_12054_11960_11280_11294_11295_11298_11307_11498_12879_13089_13506,schizophrenia,MONDO_grouped
2870,GRK6,NCBI,5090_13498_8414_10897_33312_10943_11552_14092_12054_11960_11280_11294_11295_11298_11307_11498_12879_13089_13506,schizophrenia,MONDO_grouped
2911,GRM1,NCBI,5090_13498_8414_10897_33312_10943_11552_14092_12054_11960_11280_11294_11295_11298_11307_11498_12879_13089_13506,schizophrenia,MONDO_grouped
2912,GRM2,NCBI,5090_13498_8414_10897_33312_10943_11552_14092_12054_11960_11280_11294_11295_11298_11307_11498_12879_13089_13506,schizophrenia,MONDO_grouped
2913,GRM3,NCBI,5090_13498_8414_10897_33312_10943_11552_14092_12054_11960_11280_11294_11295_11298_11307_11498_12879_13089_13506,schizophrenia,MONDO_grouped
2914,GRM4,NCBI,5090_13498_8414_10897_33312_10943_11552_14092_12054_11960_11280_11294_11295_11298_11307_11498_12879_13089_13506,schizophrenia,MONDO_grouped
2915,GRM5,NCBI,5090_13498_8414_10897_33312_10943_11552_14092_12054_11960_11280_11294_11295_11298_11307_11498_12879_13089_13506,schizophrenia,MONDO_grouped
2917,GRM7,NCBI,5090_13498_8414_10897_33312_10943_11552_14092_12054_11960_11280_11294_11295_11298_11307_11498_12879_13089_13506,schizophrenia,MONDO_grouped
2918,GRM8,NCBI,5090_13498_8414_10897_33312_10943_11552_14092_12054_11960_11280_11294_11295_11298_11307_11498_12879_13089_13506,schizophrenia,MONDO_grouped
2896,GRN,NCBI,5090_13498_8414_10897_33312_10943_11552_14092_12054_11960_11280_11294_11295_11298_11307_11498_12879_13089_13506,schizophrenia,MONDO_grouped
2931,GSK3A,NCBI,5090_13498_8414_10897_33312_10943_11552_14092_12054_11960_11280_11294_11295_11298_11307_11498_12879_13089_13506,schizophrenia,MONDO_grouped
2932,GSK3B,NCBI,5090_13498_8414_10897_33312_10943_11552_14092_12054_11960_11280_11294_11295_11298_11307_11498_12879_13089_13506,schizophrenia,MONDO_grouped
2934,GSN,NCBI,5090_13498_8414_10897_33312_10943_11552_14092_12054_11960_11280_11294_11295_11298_11307_11498_12879_13089_13506,schizophrenia,MONDO_grouped
2938,GSTA1,NCBI,5090_13498_8414_10897_33312_10943_11552_14092_12054_11960_11280_11294_11295_11298_11307_11498_12879_13089_13506,schizophrenia,MONDO_grouped
2944,GSTM1,NCBI,5090_13498_8414_10897_33312_10943_11552_14092_12054_11960_11280_11294_11295_11298_11307_11498_12879_13089_13506,schizophrenia,MONDO_grouped
2946,GSTM2,NCBI,5090_13498_8414_10897_33312_10943_11552_14092_12054_11960_11280_11294_11295_11298_11307_11498_12879_13089_13506,schizophrenia,MONDO_grouped
2950,GSTP1,NCBI,5090_13498_8414_10897_33312_10943_11552_14092_12054_11960_11280_11294_11295_11298_11307_11498_12879_13089_13506,schizophrenia,MONDO_grouped
2952,GSTT1,NCBI,5090_13498_8414_10897_33312_10943_11552_14092_12054_11960_11280_11294_11295_11298_11307_11498_12879_13089_13506,schizophrenia,MONDO_grouped
2953,GSTT2,NCBI,5090_13498_8414_10897_33312_10943_11552_14092_12054_11960_11280_11294_11295_11298_11307_11498_12879_13089_13506,schizophrenia,MONDO_grouped
3008,H1-4,NCBI,5090_13498_8414_10897_33312_10943_11552_14092_12054_11960_11280_11294_11295_11298_11307_11498_12879_13089_13506,schizophrenia,MONDO_grouped
3009,H1-5,NCBI,5090_13498_8414_10897_33312_10943_11552_14092_12054_11960_11280_11294_11295_11298_11307_11498_12879_13089_13506,schizophrenia,MONDO_grouped
3014,H2AX,NCBI,5090_13498_8414_10897_33312_10943_11552_14092_12054_11960_11280_11294_11295_11298_11307_11498_12879_13089_13506,schizophrenia,MONDO_grouped
3029,HAGH,NCBI,5090_13498_8414_10897_33312_10943_11552_14092_12054_11960_11280_11294_11295_11298_11307_11498_12879_13089_13506,schizophrenia,MONDO_grouped
338442,HCAR2,NCBI,5090_13498_8414_10897_33312_10943_11552_14092_12054_11960_11280_11294_11295_11298_11307_11498_12879_13089_13506,schizophrenia,MONDO_grouped
8843,HCAR3,NCBI,5090_13498_8414_10897_33312_10943_11552_14092_12054_11960_11280_11294_11295_11298_11307_11498_12879_13089_13506,schizophrenia,MONDO_grouped
3061,HCRTR1,NCBI,5090_13498_8414_10897_33312_10943_11552_14092_12054_11960_11280_11294_11295_11298_11307_11498_12879_13089_13506,schizophrenia,MONDO_grouped
3065,HDAC1,NCBI,5090_13498_8414_10897_33312_10943_11552_14092_12054_11960_11280_11294_11295_11298_11307_11498_12879_13089_13506,schizophrenia,MONDO_grouped
3066,HDAC2,NCBI,5090_13498_8414_10897_33312_10943_11552_14092_12054_11960_11280_11294_11295_11298_11307_11498_12879_13089_13506,schizophrenia,MONDO_grouped
8841,HDAC3,NCBI,5090_13498_8414_10897_33312_10943_11552_14092_12054_11960_11280_11294_11295_11298_11307_11498_12879_13089_13506,schizophrenia,MONDO_grouped
9759,HDAC4,NCBI,5090_13498_8414_10897_33312_10943_11552_14092_12054_11960_11280_11294_11295_11298_11307_11498_12879_13089_13506,schizophrenia,MONDO_grouped
9734,HDAC9,NCBI,5090_13498_8414_10897_33312_10943_11552_14092_12054_11960_11280_11294_11295_11298_11307_11498_12879_13089_13506,schizophrenia,MONDO_grouped
55733,HHAT,NCBI,5090_13498_8414_10897_33312_10943_11552_14092_12054_11960_11280_11294_11295_11298_11307_11498_12879_13089_13506,schizophrenia,MONDO_grouped
3094,HINT1,NCBI,5090_13498_8414_10897_33312_10943_11552_14092_12054_11960_11280_11294_11295_11298_11307_11498_12879_13089_13506,schizophrenia,MONDO_grouped
3098,HK1,NCBI,5090_13498_8414_10897_33312_10943_11552_14092_12054_11960_11280_11294_11295_11298_11307_11498_12879_13089_13506,schizophrenia,MONDO_grouped
3105,HLA-A,NCBI,5090_13498_8414_10897_33312_10943_11552_14092_12054_11960_11280_11294_11295_11298_11307_11498_12879_13089_13506,schizophrenia,MONDO_grouped
3106,HLA-B,NCBI,5090_13498_8414_10897_33312_10943_11552_14092_12054_11960_11280_11294_11295_11298_11307_11498_12879_13089_13506,schizophrenia,MONDO_grouped
3107,HLA-C,NCBI,5090_13498_8414_10897_33312_10943_11552_14092_12054_11960_11280_11294_11295_11298_11307_11498_12879_13089_13506,schizophrenia,MONDO_grouped
3119,HLA-DQB1,NCBI,5090_13498_8414_10897_33312_10943_11552_14092_12054_11960_11280_11294_11295_11298_11307_11498_12879_13089_13506,schizophrenia,MONDO_grouped
3123,HLA-DRB1,NCBI,5090_13498_8414_10897_33312_10943_11552_14092_12054_11960_11280_11294_11295_11298_11307_11498_12879_13089_13506,schizophrenia,MONDO_grouped
3133,HLA-E,NCBI,5090_13498_8414_10897_33312_10943_11552_14092_12054_11960_11280_11294_11295_11298_11307_11498_12879_13089_13506,schizophrenia,MONDO_grouped
3137,HLA-J,NCBI,5090_13498_8414_10897_33312_10943_11552_14092_12054_11960_11280_11294_11295_11298_11307_11498_12879_13089_13506,schizophrenia,MONDO_grouped
3159,HMGA1,NCBI,5090_13498_8414_10897_33312_10943_11552_14092_12054_11960_11280_11294_11295_11298_11307_11498_12879_13089_13506,schizophrenia,MONDO_grouped
3162,HMOX1,NCBI,5090_13498_8414_10897_33312_10943_11552_14092_12054_11960_11280_11294_11295_11298_11307_11498_12879_13089_13506,schizophrenia,MONDO_grouped
220988,HNRNPA3,NCBI,5090_13498_8414_10897_33312_10943_11552_14092_12054_11960_11280_11294_11295_11298_11307_11498_12879_13089_13506,schizophrenia,MONDO_grouped
10151,HNRNPA3P1,NCBI,5090_13498_8414_10897_33312_10943_11552_14092_12054_11960_11280_11294_11295_11298_11307_11498_12879_13089_13506,schizophrenia,MONDO_grouped
9456,HOMER1,NCBI,5090_13498_8414_10897_33312_10943_11552_14092_12054_11960_11280_11294_11295_11298_11307_11498_12879_13089_13506,schizophrenia,MONDO_grouped
9455,HOMER2,NCBI,5090_13498_8414_10897_33312_10943_11552_14092_12054_11960_11280_11294_11295_11298_11307_11498_12879_13089_13506,schizophrenia,MONDO_grouped
3240,HP,NCBI,5090_13498_8414_10897_33312_10943_11552_14092_12054_11960_11280_11294_11295_11298_11307_11498_12879_13089_13506,schizophrenia,MONDO_grouped
27306,HPGDS,NCBI,5090_13498_8414_10897_33312_10943_11552_14092_12054_11960_11280_11294_11295_11298_11307_11498_12879_13089_13506,schizophrenia,MONDO_grouped
89781,HPS4,NCBI,5090_13498_8414_10897_33312_10943_11552_14092_12054_11960_11280_11294_11295_11298_11307_11498_12879_13089_13506,schizophrenia,MONDO_grouped
3269,HRH1,NCBI,5090_13498_8414_10897_33312_10943_11552_14092_12054_11960_11280_11294_11295_11298_11307_11498_12879_13089_13506,schizophrenia,MONDO_grouped
259217,HSPA12A,NCBI,5090_13498_8414_10897_33312_10943_11552_14092_12054_11960_11280_11294_11295_11298_11307_11498_12879_13089_13506,schizophrenia,MONDO_grouped
3303,HSPA1A,NCBI,5090_13498_8414_10897_33312_10943_11552_14092_12054_11960_11280_11294_11295_11298_11307_11498_12879_13089_13506,schizophrenia,MONDO_grouped
3304,HSPA1B,NCBI,5090_13498_8414_10897_33312_10943_11552_14092_12054_11960_11280_11294_11295_11298_11307_11498_12879_13089_13506,schizophrenia,MONDO_grouped
3305,HSPA1L,NCBI,5090_13498_8414_10897_33312_10943_11552_14092_12054_11960_11280_11294_11295_11298_11307_11498_12879_13089_13506,schizophrenia,MONDO_grouped
3313,HSPA9,NCBI,5090_13498_8414_10897_33312_10943_11552_14092_12054_11960_11280_11294_11295_11298_11307_11498_12879_13089_13506,schizophrenia,MONDO_grouped
3350,HTR1A,NCBI,5090_13498_8414_10897_33312_10943_11552_14092_12054_11960_11280_11294_11295_11298_11307_11498_12879_13089_13506,schizophrenia,MONDO_grouped
3351,HTR1B,NCBI,5090_13498_8414_10897_33312_10943_11552_14092_12054_11960_11280_11294_11295_11298_11307_11498_12879_13089_13506,schizophrenia,MONDO_grouped
3355,HTR1F,NCBI,5090_13498_8414_10897_33312_10943_11552_14092_12054_11960_11280_11294_11295_11298_11307_11498_12879_13089_13506,schizophrenia,MONDO_grouped
3356,HTR2A,NCBI,5090_13498_8414_10897_33312_10943_11552_14092_12054_11960_11280_11294_11295_11298_11307_11498_12879_13089_13506,schizophrenia,MONDO_grouped
3358,HTR2C,NCBI,5090_13498_8414_10897_33312_10943_11552_14092_12054_11960_11280_11294_11295_11298_11307_11498_12879_13089_13506,schizophrenia,MONDO_grouped
3359,HTR3A,NCBI,5090_13498_8414_10897_33312_10943_11552_14092_12054_11960_11280_11294_11295_11298_11307_11498_12879_13089_13506,schizophrenia,MONDO_grouped
9177,HTR3B,NCBI,5090_13498_8414_10897_33312_10943_11552_14092_12054_11960_11280_11294_11295_11298_11307_11498_12879_13089_13506,schizophrenia,MONDO_grouped
200909,HTR3D,NCBI,5090_13498_8414_10897_33312_10943_11552_14092_12054_11960_11280_11294_11295_11298_11307_11498_12879_13089_13506,schizophrenia,MONDO_grouped
285242,HTR3E,NCBI,5090_13498_8414_10897_33312_10943_11552_14092_12054_11960_11280_11294_11295_11298_11307_11498_12879_13089_13506,schizophrenia,MONDO_grouped
3360,HTR4,NCBI,5090_13498_8414_10897_33312_10943_11552_14092_12054_11960_11280_11294_11295_11298_11307_11498_12879_13089_13506,schizophrenia,MONDO_grouped
3361,HTR5A,NCBI,5090_13498_8414_10897_33312_10943_11552_14092_12054_11960_11280_11294_11295_11298_11307_11498_12879_13089_13506,schizophrenia,MONDO_grouped
3362,HTR6,NCBI,5090_13498_8414_10897_33312_10943_11552_14092_12054_11960_11280_11294_11295_11298_11307_11498_12879_13089_13506,schizophrenia,MONDO_grouped
3363,HTR7,NCBI,5090_13498_8414_10897_33312_10943_11552_14092_12054_11960_11280_11294_11295_11298_11307_11498_12879_13089_13506,schizophrenia,MONDO_grouped
3383,ICAM1,NCBI,5090_13498_8414_10897_33312_10943_11552_14092_12054_11960_11280_11294_11295_11298_11307_11498_12879_13089_13506,schizophrenia,MONDO_grouped
3416,IDE,NCBI,5090_13498_8414_10897_33312_10943_11552_14092_12054_11960_11280_11294_11295_11298_11307_11498_12879_13089_13506,schizophrenia,MONDO_grouped
3458,IFNG,NCBI,5090_13498_8414_10897_33312_10943_11552_14092_12054_11960_11280_11294_11295_11298_11307_11498_12879_13089_13506,schizophrenia,MONDO_grouped
282617,IFNL3,NCBI,5090_13498_8414_10897_33312_10943_11552_14092_12054_11960_11280_11294_11295_11298_11307_11498_12879_13089_13506,schizophrenia,MONDO_grouped
3481,IGF2,NCBI,5090_13498_8414_10897_33312_10943_11552_14092_12054_11960_11280_11294_11295_11298_11307_11498_12879_13089_13506,schizophrenia,MONDO_grouped
10644,IGF2BP2,NCBI,5090_13498_8414_10897_33312_10943_11552_14092_12054_11960_11280_11294_11295_11298_11307_11498_12879_13089_13506,schizophrenia,MONDO_grouped
3586,IL10,NCBI,5090_13498_8414_10897_33312_10943_11552_14092_12054_11960_11280_11294_11295_11298_11307_11498_12879_13089_13506,schizophrenia,MONDO_grouped
3587,IL10RA,NCBI,5090_13498_8414_10897_33312_10943_11552_14092_12054_11960_11280_11294_11295_11298_11307_11498_12879_13089_13506,schizophrenia,MONDO_grouped
3593,IL12B,NCBI,5090_13498_8414_10897_33312_10943_11552_14092_12054_11960_11280_11294_11295_11298_11307_11498_12879_13089_13506,schizophrenia,MONDO_grouped
27189,IL17C,NCBI,5090_13498_8414_10897_33312_10943_11552_14092_12054_11960_11280_11294_11295_11298_11307_11498_12879_13089_13506,schizophrenia,MONDO_grouped
3606,IL18,NCBI,5090_13498_8414_10897_33312_10943_11552_14092_12054_11960_11280_11294_11295_11298_11307_11498_12879_13089_13506,schizophrenia,MONDO_grouped
8809,IL18R1,NCBI,5090_13498_8414_10897_33312_10943_11552_14092_12054_11960_11280_11294_11295_11298_11307_11498_12879_13089_13506,schizophrenia,MONDO_grouped
29949,IL19,NCBI,5090_13498_8414_10897_33312_10943_11552_14092_12054_11960_11280_11294_11295_11298_11307_11498_12879_13089_13506,schizophrenia,MONDO_grouped
3553,IL1B,NCBI,5090_13498_8414_10897_33312_10943_11552_14092_12054_11960_11280_11294_11295_11298_11307_11498_12879_13089_13506,schizophrenia,MONDO_grouped
3558,IL2,NCBI,5090_13498_8414_10897_33312_10943_11552_14092_12054_11960_11280_11294_11295_11298_11307_11498_12879_13089_13506,schizophrenia,MONDO_grouped
3559,IL2RA,NCBI,5090_13498_8414_10897_33312_10943_11552_14092_12054_11960_11280_11294_11295_11298_11307_11498_12879_13089_13506,schizophrenia,MONDO_grouped
3561,IL2RG,NCBI,5090_13498_8414_10897_33312_10943_11552_14092_12054_11960_11280_11294_11295_11298_11307_11498_12879_13089_13506,schizophrenia,MONDO_grouped
3562,IL3,NCBI,5090_13498_8414_10897_33312_10943_11552_14092_12054_11960_11280_11294_11295_11298_11307_11498_12879_13089_13506,schizophrenia,MONDO_grouped
3563,IL3RA,NCBI,5090_13498_8414_10897_33312_10943_11552_14092_12054_11960_11280_11294_11295_11298_11307_11498_12879_13089_13506,schizophrenia,MONDO_grouped
3565,IL4,NCBI,5090_13498_8414_10897_33312_10943_11552_14092_12054_11960_11280_11294_11295_11298_11307_11498_12879_13089_13506,schizophrenia,MONDO_grouped
3569,IL6,NCBI,5090_13498_8414_10897_33312_10943_11552_14092_12054_11960_11280_11294_11295_11298_11307_11498_12879_13089_13506,schizophrenia,MONDO_grouped
3570,IL6R,NCBI,5090_13498_8414_10897_33312_10943_11552_14092_12054_11960_11280_11294_11295_11298_11307_11498_12879_13089_13506,schizophrenia,MONDO_grouped
3613,IMPA2,NCBI,5090_13498_8414_10897_33312_10943_11552_14092_12054_11960_11280_11294_11295_11298_11307_11498_12879_13089_13506,schizophrenia,MONDO_grouped
3632,INPP5A,NCBI,5090_13498_8414_10897_33312_10943_11552_14092_12054_11960_11280_11294_11295_11298_11307_11498_12879_13089_13506,schizophrenia,MONDO_grouped
3843,IPO5,NCBI,5090_13498_8414_10897_33312_10943_11552_14092_12054_11960_11280_11294_11295_11298_11307_11498_12879_13089_13506,schizophrenia,MONDO_grouped
8516,ITGA8,NCBI,5090_13498_8414_10897_33312_10943_11552_14092_12054_11960_11280_11294_11295_11298_11307_11498_12879_13089_13506,schizophrenia,MONDO_grouped
3684,ITGAM,NCBI,5090_13498_8414_10897_33312_10943_11552_14092_12054_11960_11280_11294_11295_11298_11307_11498_12879_13089_13506,schizophrenia,MONDO_grouped
3690,ITGB3,NCBI,5090_13498_8414_10897_33312_10943_11552_14092_12054_11960_11280_11294_11295_11298_11307_11498_12879_13089_13506,schizophrenia,MONDO_grouped
3697,ITIH1,NCBI,5090_13498_8414_10897_33312_10943_11552_14092_12054_11960_11280_11294_11295_11298_11307_11498_12879_13089_13506,schizophrenia,MONDO_grouped
3699,ITIH3,NCBI,5090_13498_8414_10897_33312_10943_11552_14092_12054_11960_11280_11294_11295_11298_11307_11498_12879_13089_13506,schizophrenia,MONDO_grouped
182,JAG1,NCBI,5090_13498_8414_10897_33312_10943_11552_14092_12054_11960_11280_11294_11295_11298_11307_11498_12879_13089_13506,schizophrenia,MONDO_grouped
3714,JAG2,NCBI,5090_13498_8414_10897_33312_10943_11552_14092_12054_11960_11280_11294_11295_11298_11307_11498_12879_13089_13506,schizophrenia,MONDO_grouped
3720,JARID2,NCBI,5090_13498_8414_10897_33312_10943_11552_14092_12054_11960_11280_11294_11295_11298_11307_11498_12879_13089_13506,schizophrenia,MONDO_grouped
3725,JUN,NCBI,5090_13498_8414_10897_33312_10943_11552_14092_12054_11960_11280_11294_11295_11298_11307_11498_12879_13089_13506,schizophrenia,MONDO_grouped
84148,KAT8,NCBI,5090_13498_8414_10897_33312_10943_11552_14092_12054_11960_11280_11294_11295_11298_11307_11498_12879_13089_13506,schizophrenia,MONDO_grouped
3745,KCNB1,NCBI,5090_13498_8414_10897_33312_10943_11552_14092_12054_11960_11280_11294_11295_11298_11307_11498_12879_13089_13506,schizophrenia,MONDO_grouped
3757,KCNH2,NCBI,5090_13498_8414_10897_33312_10943_11552_14092_12054_11960_11280_11294_11295_11298_11307_11498_12879_13089_13506,schizophrenia,MONDO_grouped
81033,KCNH6,NCBI,5090_13498_8414_10897_33312_10943_11552_14092_12054_11960_11280_11294_11295_11298_11307_11498_12879_13089_13506,schizophrenia,MONDO_grouped
3760,KCNJ3,NCBI,5090_13498_8414_10897_33312_10943_11552_14092_12054_11960_11280_11294_11295_11298_11307_11498_12879_13089_13506,schizophrenia,MONDO_grouped
3782,KCNN3,NCBI,5090_13498_8414_10897_33312_10943_11552_14092_12054_11960_11280_11294_11295_11298_11307_11498_12879_13089_13506,schizophrenia,MONDO_grouped
3785,KCNQ2,NCBI,5090_13498_8414_10897_33312_10943_11552_14092_12054_11960_11280_11294_11295_11298_11307_11498_12879_13089_13506,schizophrenia,MONDO_grouped
3786,KCNQ3,NCBI,5090_13498_8414_10897_33312_10943_11552_14092_12054_11960_11280_11294_11295_11298_11307_11498_12879_13089_13506,schizophrenia,MONDO_grouped
3790,KCNS3,NCBI,5090_13498_8414_10897_33312_10943_11552_14092_12054_11960_11280_11294_11295_11298_11307_11498_12879_13089_13506,schizophrenia,MONDO_grouped
115207,KCTD12,NCBI,5090_13498_8414_10897_33312_10943_11552_14092_12054_11960_11280_11294_11295_11298_11307_11498_12879_13089_13506,schizophrenia,MONDO_grouped
84678,KDM2B,NCBI,5090_13498_8414_10897_33312_10943_11552_14092_12054_11960_11280_11294_11295_11298_11307_11498_12879_13089_13506,schizophrenia,MONDO_grouped
3791,KDR,NCBI,5090_13498_8414_10897_33312_10943_11552_14092_12054_11960_11280_11294_11295_11298_11307_11498_12879_13089_13506,schizophrenia,MONDO_grouped
57576,KIF17,NCBI,5090_13498_8414_10897_33312_10943_11552_14092_12054_11960_11280_11294_11295_11298_11307_11498_12879_13089_13506,schizophrenia,MONDO_grouped
3796,KIF2A,NCBI,5090_13498_8414_10897_33312_10943_11552_14092_12054_11960_11280_11294_11295_11298_11307_11498_12879_13089_13506,schizophrenia,MONDO_grouped
11278,KLF12,NCBI,5090_13498_8414_10897_33312_10943_11552_14092_12054_11960_11280_11294_11295_11298_11307_11498_12879_13089_13506,schizophrenia,MONDO_grouped
688,KLF5,NCBI,5090_13498_8414_10897_33312_10943_11552_14092_12054_11960_11280_11294_11295_11298_11307_11498_12879_13089_13506,schizophrenia,MONDO_grouped
8564,KMO,NCBI,5090_13498_8414_10897_33312_10943_11552_14092_12054_11960_11280_11294_11295_11298_11307_11498_12879_13089_13506,schizophrenia,MONDO_grouped
4297,KMT2A,NCBI,5090_13498_8414_10897_33312_10943_11552_14092_12054_11960_11280_11294_11295_11298_11307_11498_12879_13089_13506,schizophrenia,MONDO_grouped
3836,KPNA1,NCBI,5090_13498_8414_10897_33312_10943_11552_14092_12054_11960_11280_11294_11295_11298_11307_11498_12879_13089_13506,schizophrenia,MONDO_grouped
3839,KPNA3,NCBI,5090_13498_8414_10897_33312_10943_11552_14092_12054_11960_11280_11294_11295_11298_11307_11498_12879_13089_13506,schizophrenia,MONDO_grouped
83999,KREMEN1,NCBI,5090_13498_8414_10897_33312_10943_11552_14092_12054_11960_11280_11294_11295_11298_11307_11498_12879_13089_13506,schizophrenia,MONDO_grouped
284217,LAMA1,NCBI,5090_13498_8414_10897_33312_10943_11552_14092_12054_11960_11280_11294_11295_11298_11307_11498_12879_13089_13506,schizophrenia,MONDO_grouped
3908,LAMA2,NCBI,5090_13498_8414_10897_33312_10943_11552_14092_12054_11960_11280_11294_11295_11298_11307_11498_12879_13089_13506,schizophrenia,MONDO_grouped
23395,LARS2,NCBI,5090_13498_8414_10897_33312_10943_11552_14092_12054_11960_11280_11294_11295_11298_11307_11498_12879_13089_13506,schizophrenia,MONDO_grouped
3927,LASP1,NCBI,5090_13498_8414_10897_33312_10943_11552_14092_12054_11960_11280_11294_11295_11298_11307_11498_12879_13089_13506,schizophrenia,MONDO_grouped
3934,LCN2,NCBI,5090_13498_8414_10897_33312_10943_11552_14092_12054_11960_11280_11294_11295_11298_11307_11498_12879_13089_13506,schizophrenia,MONDO_grouped
3952,LEP,NCBI,5090_13498_8414_10897_33312_10943_11552_14092_12054_11960_11280_11294_11295_11298_11307_11498_12879_13089_13506,schizophrenia,MONDO_grouped
26468,LHX6,NCBI,5090_13498_8414_10897_33312_10943_11552_14092_12054_11960_11280_11294_11295_11298_11307_11498_12879_13089_13506,schizophrenia,MONDO_grouped
3977,LIFR,NCBI,5090_13498_8414_10897_33312_10943_11552_14092_12054_11960_11280_11294_11295_11298_11307_11498_12879_13089_13506,schizophrenia,MONDO_grouped
10859,LILRB1,NCBI,5090_13498_8414_10897_33312_10943_11552_14092_12054_11960_11280_11294_11295_11298_11307_11498_12879_13089_13506,schizophrenia,MONDO_grouped
100131814,LINC00271,NCBI,5090_13498_8414_10897_33312_10943_11552_14092_12054_11960_11280_11294_11295_11298_11307_11498_12879_13089_13506,schizophrenia,MONDO_grouped
81562,LMAN2L,NCBI,5090_13498_8414_10897_33312_10943_11552_14092_12054_11960_11280_11294_11295_11298_11307_11498_12879_13089_13506,schizophrenia,MONDO_grouped
442721,LMOD2,NCBI,5090_13498_8414_10897_33312_10943_11552_14092_12054_11960_11280_11294_11295_11298_11307_11498_12879_13089_13506,schizophrenia,MONDO_grouped
4009,LMX1A,NCBI,5090_13498_8414_10897_33312_10943_11552_14092_12054_11960_11280_11294_11295_11298_11307_11498_12879_13089_13506,schizophrenia,MONDO_grouped
4010,LMX1B,NCBI,5090_13498_8414_10897_33312_10943_11552_14092_12054_11960_11280_11294_11295_11298_11307_11498_12879_13089_13506,schizophrenia,MONDO_grouped
1902,LPAR1,NCBI,5090_13498_8414_10897_33312_10943_11552_14092_12054_11960_11280_11294_11295_11298_11307_11498_12879_13089_13506,schizophrenia,MONDO_grouped
4023,LPL,NCBI,5090_13498_8414_10897_33312_10943_11552_14092_12054_11960_11280_11294_11295_11298_11307_11498_12879_13089_13506,schizophrenia,MONDO_grouped
4035,LRP1,NCBI,5090_13498_8414_10897_33312_10943_11552_14092_12054_11960_11280_11294_11295_11298_11307_11498_12879_13089_13506,schizophrenia,MONDO_grouped
4036,LRP2,NCBI,5090_13498_8414_10897_33312_10943_11552_14092_12054_11960_11280_11294_11295_11298_11307_11498_12879_13089_13506,schizophrenia,MONDO_grouped
7804,LRP8,NCBI,5090_13498_8414_10897_33312_10943_11552_14092_12054_11960_11280_11294_11295_11298_11307_11498_12879_13089_13506,schizophrenia,MONDO_grouped
347730,LRRTM1,NCBI,5090_13498_8414_10897_33312_10943_11552_14092_12054_11960_11280_11294_11295_11298_11307_11498_12879_13089_13506,schizophrenia,MONDO_grouped
4045,LSAMP,NCBI,5090_13498_8414_10897_33312_10943_11552_14092_12054_11960_11280_11294_11295_11298_11307_11498_12879_13089_13506,schizophrenia,MONDO_grouped
4049,LTA,NCBI,5090_13498_8414_10897_33312_10943_11552_14092_12054_11960_11280_11294_11295_11298_11307_11498_12879_13089_13506,schizophrenia,MONDO_grouped
57128,LYRM4,NCBI,5090_13498_8414_10897_33312_10943_11552_14092_12054_11960_11280_11294_11295_11298_11307_11498_12879_13089_13506,schizophrenia,MONDO_grouped
8379,MAD1L1,NCBI,5090_13498_8414_10897_33312_10943_11552_14092_12054_11960_11280_11294_11295_11298_11307_11498_12879_13089_13506,schizophrenia,MONDO_grouped
4099,MAG,NCBI,5090_13498_8414_10897_33312_10943_11552_14092_12054_11960_11280_11294_11295_11298_11307_11498_12879_13089_13506,schizophrenia,MONDO_grouped
9947,MAGEC1,NCBI,5090_13498_8414_10897_33312_10943_11552_14092_12054_11960_11280_11294_11295_11298_11307_11498_12879_13089_13506,schizophrenia,MONDO_grouped
9223,MAGI1,NCBI,5090_13498_8414_10897_33312_10943_11552_14092_12054_11960_11280_11294_11295_11298_11307_11498_12879_13089_13506,schizophrenia,MONDO_grouped
9863,MAGI2,NCBI,5090_13498_8414_10897_33312_10943_11552_14092_12054_11960_11280_11294_11295_11298_11307_11498_12879_13089_13506,schizophrenia,MONDO_grouped
4128,MAOA,NCBI,5090_13498_8414_10897_33312_10943_11552_14092_12054_11960_11280_11294_11295_11298_11307_11498_12879_13089_13506,schizophrenia,MONDO_grouped
4129,MAOB,NCBI,5090_13498_8414_10897_33312_10943_11552_14092_12054_11960_11280_11294_11295_11298_11307_11498_12879_13089_13506,schizophrenia,MONDO_grouped
5609,MAP2K7,NCBI,5090_13498_8414_10897_33312_10943_11552_14092_12054_11960_11280_11294_11295_11298_11307_11498_12879_13089_13506,schizophrenia,MONDO_grouped
4135,MAP6,NCBI,5090_13498_8414_10897_33312_10943_11552_14092_12054_11960_11280_11294_11295_11298_11307_11498_12879_13089_13506,schizophrenia,MONDO_grouped
5594,MAPK1,NCBI,5090_13498_8414_10897_33312_10943_11552_14092_12054_11960_11280_11294_11295_11298_11307_11498_12879_13089_13506,schizophrenia,MONDO_grouped
1432,MAPK14,NCBI,5090_13498_8414_10897_33312_10943_11552_14092_12054_11960_11280_11294_11295_11298_11307_11498_12879_13089_13506,schizophrenia,MONDO_grouped
5595,MAPK3,NCBI,5090_13498_8414_10897_33312_10943_11552_14092_12054_11960_11280_11294_11295_11298_11307_11498_12879_13089_13506,schizophrenia,MONDO_grouped
5599,MAPK8,NCBI,5090_13498_8414_10897_33312_10943_11552_14092_12054_11960_11280_11294_11295_11298_11307_11498_12879_13089_13506,schizophrenia,MONDO_grouped
2011,MARK2,NCBI,5090_13498_8414_10897_33312_10943_11552_14092_12054_11960_11280_11294_11295_11298_11307_11498_12879_13089_13506,schizophrenia,MONDO_grouped
8932,MBD2,NCBI,5090_13498_8414_10897_33312_10943_11552_14092_12054_11960_11280_11294_11295_11298_11307_11498_12879_13089_13506,schizophrenia,MONDO_grouped
4154,MBNL1,NCBI,5090_13498_8414_10897_33312_10943_11552_14092_12054_11960_11280_11294_11295_11298_11307_11498_12879_13089_13506,schizophrenia,MONDO_grouped
4155,MBP,NCBI,5090_13498_8414_10897_33312_10943_11552_14092_12054_11960_11280_11294_11295_11298_11307_11498_12879_13089_13506,schizophrenia,MONDO_grouped
4161,MC5R,NCBI,5090_13498_8414_10897_33312_10943_11552_14092_12054_11960_11280_11294_11295_11298_11307_11498_12879_13089_13506,schizophrenia,MONDO_grouped
27349,MCAT,NCBI,5090_13498_8414_10897_33312_10943_11552_14092_12054_11960_11280_11294_11295_11298_11307_11498_12879_13089_13506,schizophrenia,MONDO_grouped
2847,MCHR1,NCBI,5090_13498_8414_10897_33312_10943_11552_14092_12054_11960_11280_11294_11295_11298_11307_11498_12879_13089_13506,schizophrenia,MONDO_grouped
84539,MCHR2,NCBI,5090_13498_8414_10897_33312_10943_11552_14092_12054_11960_11280_11294_11295_11298_11307_11498_12879_13089_13506,schizophrenia,MONDO_grouped
55784,MCTP2,NCBI,5090_13498_8414_10897_33312_10943_11552_14092_12054_11960_11280_11294_11295_11298_11307_11498_12879_13089_13506,schizophrenia,MONDO_grouped
266727,MDGA1,NCBI,5090_13498_8414_10897_33312_10943_11552_14092_12054_11960_11280_11294_11295_11298_11307_11498_12879_13089_13506,schizophrenia,MONDO_grouped
4190,MDH1,NCBI,5090_13498_8414_10897_33312_10943_11552_14092_12054_11960_11280_11294_11295_11298_11307_11498_12879_13089_13506,schizophrenia,MONDO_grouped
4192,MDK,NCBI,5090_13498_8414_10897_33312_10943_11552_14092_12054_11960_11280_11294_11295_11298_11307_11498_12879_13089_13506,schizophrenia,MONDO_grouped
4200,ME2,NCBI,5090_13498_8414_10897_33312_10943_11552_14092_12054_11960_11280_11294_11295_11298_11307_11498_12879_13089_13506,schizophrenia,MONDO_grouped
9968,MED12,NCBI,5090_13498_8414_10897_33312_10943_11552_14092_12054_11960_11280_11294_11295_11298_11307_11498_12879_13089_13506,schizophrenia,MONDO_grouped
51586,MED15,NCBI,5090_13498_8414_10897_33312_10943_11552_14092_12054_11960_11280_11294_11295_11298_11307_11498_12879_13089_13506,schizophrenia,MONDO_grouped
84466,MEGF10,NCBI,5090_13498_8414_10897_33312_10943_11552_14092_12054_11960_11280_11294_11295_11298_11307_11498_12879_13089_13506,schizophrenia,MONDO_grouped
4233,MET,NCBI,5090_13498_8414_10897_33312_10943_11552_14092_12054_11960_11280_11294_11295_11298_11307_11498_12879_13089_13506,schizophrenia,MONDO_grouped
4277,MICB,NCBI,5090_13498_8414_10897_33312_10943_11552_14092_12054_11960_11280_11294_11295_11298_11307_11498_12879_13089_13506,schizophrenia,MONDO_grouped
406901,MIR107,NCBI,5090_13498_8414_10897_33312_10943_11552_14092_12054_11960_11280_11294_11295_11298_11307_11498_12879_13089_13506,schizophrenia,MONDO_grouped
406928,MIR137,NCBI,5090_13498_8414_10897_33312_10943_11552_14092_12054_11960_11280_11294_11295_11298_11307_11498_12879_13089_13506,schizophrenia,MONDO_grouped
400765,MIR137HG,NCBI,5090_13498_8414_10897_33312_10943_11552_14092_12054_11960_11280_11294_11295_11298_11307_11498_12879_13089_13506,schizophrenia,MONDO_grouped
406952,MIR17,NCBI,5090_13498_8414_10897_33312_10943_11552_14092_12054_11960_11280_11294_11295_11298_11307_11498_12879_13089_13506,schizophrenia,MONDO_grouped
406961,MIR185,NCBI,5090_13498_8414_10897_33312_10943_11552_14092_12054_11960_11280_11294_11295_11298_11307_11498_12879_13089_13506,schizophrenia,MONDO_grouped
406989,MIR206,NCBI,5090_13498_8414_10897_33312_10943_11552_14092_12054_11960_11280_11294_11295_11298_11307_11498_12879_13089_13506,schizophrenia,MONDO_grouped
407003,MIR219A2,NCBI,5090_13498_8414_10897_33312_10943_11552_14092_12054_11960_11280_11294_11295_11298_11307_11498_12879_13089_13506,schizophrenia,MONDO_grouped
100616452,MIR2682,NCBI,5090_13498_8414_10897_33312_10943_11552_14092_12054_11960_11280_11294_11295_11298_11307_11498_12879_13089_13506,schizophrenia,MONDO_grouped
407034,MIR30E,NCBI,5090_13498_8414_10897_33312_10943_11552_14092_12054_11960_11280_11294_11295_11298_11307_11498_12879_13089_13506,schizophrenia,MONDO_grouped
442900,MIR326,NCBI,5090_13498_8414_10897_33312_10943_11552_14092_12054_11960_11280_11294_11295_11298_11307_11498_12879_13089_13506,schizophrenia,MONDO_grouped
442901,MIR328,NCBI,5090_13498_8414_10897_33312_10943_11552_14092_12054_11960_11280_11294_11295_11298_11307_11498_12879_13089_13506,schizophrenia,MONDO_grouped
442911,MIR346,NCBI,5090_13498_8414_10897_33312_10943_11552_14092_12054_11960_11280_11294_11295_11298_11307_11498_12879_13089_13506,schizophrenia,MONDO_grouped
494331,MIR382,NCBI,5090_13498_8414_10897_33312_10943_11552_14092_12054_11960_11280_11294_11295_11298_11307_11498_12879_13089_13506,schizophrenia,MONDO_grouped
574451,MIR432,NCBI,5090_13498_8414_10897_33312_10943_11552_14092_12054_11960_11280_11294_11295_11298_11307_11498_12879_13089_13506,schizophrenia,MONDO_grouped
574456,MIR497,NCBI,5090_13498_8414_10897_33312_10943_11552_14092_12054_11960_11280_11294_11295_11298_11307_11498_12879_13089_13506,schizophrenia,MONDO_grouped
23209,MLC1,NCBI,5090_13498_8414_10897_33312_10943_11552_14092_12054_11960_11280_11294_11295_11298_11307_11498_12879_13089_13506,schizophrenia,MONDO_grouped
4314,MMP3,NCBI,5090_13498_8414_10897_33312_10943_11552_14092_12054_11960_11280_11294_11295_11298_11307_11498_12879_13089_13506,schizophrenia,MONDO_grouped
4318,MMP9,NCBI,5090_13498_8414_10897_33312_10943_11552_14092_12054_11960_11280_11294_11295_11298_11307_11498_12879_13089_13506,schizophrenia,MONDO_grouped
4340,MOG,NCBI,5090_13498_8414_10897_33312_10943_11552_14092_12054_11960_11280_11294_11295_11298_11307_11498_12879_13089_13506,schizophrenia,MONDO_grouped
9019,MPZL1,NCBI,5090_13498_8414_10897_33312_10943_11552_14092_12054_11960_11280_11294_11295_11298_11307_11498_12879_13089_13506,schizophrenia,MONDO_grouped
4482,MSRA,NCBI,5090_13498_8414_10897_33312_10943_11552_14092_12054_11960_11280_11294_11295_11298_11307_11498_12879_13089_13506,schizophrenia,MONDO_grouped
51734,MSRB1,NCBI,5090_13498_8414_10897_33312_10943_11552_14092_12054_11960_11280_11294_11295_11298_11307_11498_12879_13089_13506,schizophrenia,MONDO_grouped
118490,MSS51,NCBI,5090_13498_8414_10897_33312_10943_11552_14092_12054_11960_11280_11294_11295_11298_11307_11498_12879_13089_13506,schizophrenia,MONDO_grouped
4522,MTHFD1,NCBI,5090_13498_8414_10897_33312_10943_11552_14092_12054_11960_11280_11294_11295_11298_11307_11498_12879_13089_13506,schizophrenia,MONDO_grouped
4524,MTHFR,NCBI,5090_13498_8414_10897_33312_10943_11552_14092_12054_11960_11280_11294_11295_11298_11307_11498_12879_13089_13506,schizophrenia,MONDO_grouped
4543,MTNR1A,NCBI,5090_13498_8414_10897_33312_10943_11552_14092_12054_11960_11280_11294_11295_11298_11307_11498_12879_13089_13506,schizophrenia,MONDO_grouped
2475,MTOR,NCBI,5090_13498_8414_10897_33312_10943_11552_14092_12054_11960_11280_11294_11295_11298_11307_11498_12879_13089_13506,schizophrenia,MONDO_grouped
4548,MTR,NCBI,5090_13498_8414_10897_33312_10943_11552_14092_12054_11960_11280_11294_11295_11298_11307_11498_12879_13089_13506,schizophrenia,MONDO_grouped
23026,MYO16,NCBI,5090_13498_8414_10897_33312_10943_11552_14092_12054_11960_11280_11294_11295_11298_11307_11498_12879_13089_13506,schizophrenia,MONDO_grouped
4645,MYO5B,NCBI,5090_13498_8414_10897_33312_10943_11552_14092_12054_11960_11280_11294_11295_11298_11307_11498_12879_13089_13506,schizophrenia,MONDO_grouped
4650,MYO9B,NCBI,5090_13498_8414_10897_33312_10943_11552_14092_12054_11960_11280_11294_11295_11298_11307_11498_12879_13089_13506,schizophrenia,MONDO_grouped
23040,MYT1L,NCBI,5090_13498_8414_10897_33312_10943_11552_14092_12054_11960_11280_11294_11295_11298_11307_11498_12879_13089_13506,schizophrenia,MONDO_grouped
89796,NAV1,NCBI,5090_13498_8414_10897_33312_10943_11552_14092_12054_11960_11280_11294_11295_11298_11307_11498_12879_13089_13506,schizophrenia,MONDO_grouped
4684,NCAM1,NCBI,5090_13498_8414_10897_33312_10943_11552_14092_12054_11960_11280_11294_11295_11298_11307_11498_12879_13089_13506,schizophrenia,MONDO_grouped
1463,NCAN,NCBI,5090_13498_8414_10897_33312_10943_11552_14092_12054_11960_11280_11294_11295_11298_11307_11498_12879_13089_13506,schizophrenia,MONDO_grouped
23413,NCS1,NCBI,5090_13498_8414_10897_33312_10943_11552_14092_12054_11960_11280_11294_11295_11298_11307_11498_12879_13089_13506,schizophrenia,MONDO_grouped
4538,ND4,NCBI,5090_13498_8414_10897_33312_10943_11552_14092_12054_11960_11280_11294_11295_11298_11307_11498_12879_13089_13506,schizophrenia,MONDO_grouped
54820,NDE1,NCBI,5090_13498_8414_10897_33312_10943_11552_14092_12054_11960_11280_11294_11295_11298_11307_11498_12879_13089_13506,schizophrenia,MONDO_grouped
81565,NDEL1,NCBI,5090_13498_8414_10897_33312_10943_11552_14092_12054_11960_11280_11294_11295_11298_11307_11498_12879_13089_13506,schizophrenia,MONDO_grouped
4693,NDP,NCBI,5090_13498_8414_10897_33312_10943_11552_14092_12054_11960_11280_11294_11295_11298_11307_11498_12879_13089_13506,schizophrenia,MONDO_grouped
9348,NDST3,NCBI,5090_13498_8414_10897_33312_10943_11552_14092_12054_11960_11280_11294_11295_11298_11307_11498_12879_13089_13506,schizophrenia,MONDO_grouped
4719,NDUFS1,NCBI,5090_13498_8414_10897_33312_10943_11552_14092_12054_11960_11280_11294_11295_11298_11307_11498_12879_13089_13506,schizophrenia,MONDO_grouped
4723,NDUFV1,NCBI,5090_13498_8414_10897_33312_10943_11552_14092_12054_11960_11280_11294_11295_11298_11307_11498_12879_13089_13506,schizophrenia,MONDO_grouped
4729,NDUFV2,NCBI,5090_13498_8414_10897_33312_10943_11552_14092_12054_11960_11280_11294_11295_11298_11307_11498_12879_13089_13506,schizophrenia,MONDO_grouped
4747,NEFL,NCBI,5090_13498_8414_10897_33312_10943_11552_14092_12054_11960_11280_11294_11295_11298_11307_11498_12879_13089_13506,schizophrenia,MONDO_grouped
4762,NEUROG1,NCBI,5090_13498_8414_10897_33312_10943_11552_14092_12054_11960_11280_11294_11295_11298_11307_11498_12879_13089_13506,schizophrenia,MONDO_grouped
23114,NFASC,NCBI,5090_13498_8414_10897_33312_10943_11552_14092_12054_11960_11280_11294_11295_11298_11307_11498_12879_13089_13506,schizophrenia,MONDO_grouped
4804,NGFR,NCBI,5090_13498_8414_10897_33312_10943_11552_14092_12054_11960_11280_11294_11295_11298_11307_11498_12879_13089_13506,schizophrenia,MONDO_grouped
222698,NKAPL,NCBI,5090_13498_8414_10897_33312_10943_11552_14092_12054_11960_11280_11294_11295_11298_11307_11498_12879_13089_13506,schizophrenia,MONDO_grouped
22871,NLGN1,NCBI,5090_13498_8414_10897_33312_10943_11552_14092_12054_11960_11280_11294_11295_11298_11307_11498_12879_13089_13506,schizophrenia,MONDO_grouped
57555,NLGN2,NCBI,5090_13498_8414_10897_33312_10943_11552_14092_12054_11960_11280_11294_11295_11298_11307_11498_12879_13089_13506,schizophrenia,MONDO_grouped
4837,NNMT,NCBI,5090_13498_8414_10897_33312_10943_11552_14092_12054_11960_11280_11294_11295_11298_11307_11498_12879_13089_13506,schizophrenia,MONDO_grouped
4842,NOS1,NCBI,5090_13498_8414_10897_33312_10943_11552_14092_12054_11960_11280_11294_11295_11298_11307_11498_12879_13089_13506,schizophrenia,MONDO_grouped
9722,NOS1AP,NCBI,5090_13498_8414_10897_33312_10943_11552_14092_12054_11960_11280_11294_11295_11298_11307_11498_12879_13089_13506,schizophrenia,MONDO_grouped
4855,NOTCH4,NCBI,5090_13498_8414_10897_33312_10943_11552_14092_12054_11960_11280_11294_11295_11298_11307_11498_12879_13089_13506,schizophrenia,MONDO_grouped
4861,NPAS1,NCBI,5090_13498_8414_10897_33312_10943_11552_14092_12054_11960_11280_11294_11295_11298_11307_11498_12879_13089_13506,schizophrenia,MONDO_grouped
4862,NPAS2,NCBI,5090_13498_8414_10897_33312_10943_11552_14092_12054_11960_11280_11294_11295_11298_11307_11498_12879_13089_13506,schizophrenia,MONDO_grouped
64067,NPAS3,NCBI,5090_13498_8414_10897_33312_10943_11552_14092_12054_11960_11280_11294_11295_11298_11307_11498_12879_13089_13506,schizophrenia,MONDO_grouped
266743,NPAS4,NCBI,5090_13498_8414_10897_33312_10943_11552_14092_12054_11960_11280_11294_11295_11298_11307_11498_12879_13089_13506,schizophrenia,MONDO_grouped
10641,NPRL2,NCBI,5090_13498_8414_10897_33312_10943_11552_14092_12054_11960_11280_11294_11295_11298_11307_11498_12879_13089_13506,schizophrenia,MONDO_grouped
594857,NPS,NCBI,5090_13498_8414_10897_33312_10943_11552_14092_12054_11960_11280_11294_11295_11298_11307_11498_12879_13089_13506,schizophrenia,MONDO_grouped
387129,NPSR1,NCBI,5090_13498_8414_10897_33312_10943_11552_14092_12054_11960_11280_11294_11295_11298_11307_11498_12879_13089_13506,schizophrenia,MONDO_grouped
27020,NPTN,NCBI,5090_13498_8414_10897_33312_10943_11552_14092_12054_11960_11280_11294_11295_11298_11307_11498_12879_13089_13506,schizophrenia,MONDO_grouped
4852,NPY,NCBI,5090_13498_8414_10897_33312_10943_11552_14092_12054_11960_11280_11294_11295_11298_11307_11498_12879_13089_13506,schizophrenia,MONDO_grouped
4886,NPY1R,NCBI,5090_13498_8414_10897_33312_10943_11552_14092_12054_11960_11280_11294_11295_11298_11307_11498_12879_13089_13506,schizophrenia,MONDO_grouped
4835,NQO2,NCBI,5090_13498_8414_10897_33312_10943_11552_14092_12054_11960_11280_11294_11295_11298_11307_11498_12879_13089_13506,schizophrenia,MONDO_grouped
7101,NR2E1,NCBI,5090_13498_8414_10897_33312_10943_11552_14092_12054_11960_11280_11294_11295_11298_11307_11498_12879_13089_13506,schizophrenia,MONDO_grouped
2908,NR3C1,NCBI,5090_13498_8414_10897_33312_10943_11552_14092_12054_11960_11280_11294_11295_11298_11307_11498_12879_13089_13506,schizophrenia,MONDO_grouped
4929,NR4A2,NCBI,5090_13498_8414_10897_33312_10943_11552_14092_12054_11960_11280_11294_11295_11298_11307_11498_12879_13089_13506,schizophrenia,MONDO_grouped
3084,NRG1,NCBI,5090_13498_8414_10897_33312_10943_11552_14092_12054_11960_11280_11294_11295_11298_11307_11498_12879_13089_13506,schizophrenia,MONDO_grouped
10718,NRG3,NCBI,5090_13498_8414_10897_33312_10943_11552_14092_12054_11960_11280_11294_11295_11298_11307_11498_12879_13089_13506,schizophrenia,MONDO_grouped
4900,NRGN,NCBI,5090_13498_8414_10897_33312_10943_11552_14092_12054_11960_11280_11294_11295_11298_11307_11498_12879_13089_13506,schizophrenia,MONDO_grouped
8204,NRIP1,NCBI,5090_13498_8414_10897_33312_10943_11552_14092_12054_11960_11280_11294_11295_11298_11307_11498_12879_13089_13506,schizophrenia,MONDO_grouped
51299,NRN1,NCBI,5090_13498_8414_10897_33312_10943_11552_14092_12054_11960_11280_11294_11295_11298_11307_11498_12879_13089_13506,schizophrenia,MONDO_grouped
9378,NRXN1,NCBI,5090_13498_8414_10897_33312_10943_11552_14092_12054_11960_11280_11294_11295_11298_11307_11498_12879_13089_13506,schizophrenia,MONDO_grouped
9379,NRXN2,NCBI,5090_13498_8414_10897_33312_10943_11552_14092_12054_11960_11280_11294_11295_11298_11307_11498_12879_13089_13506,schizophrenia,MONDO_grouped
9369,NRXN3,NCBI,5090_13498_8414_10897_33312_10943_11552_14092_12054_11960_11280_11294_11295_11298_11307_11498_12879_13089_13506,schizophrenia,MONDO_grouped
4908,NTF3,NCBI,5090_13498_8414_10897_33312_10943_11552_14092_12054_11960_11280_11294_11295_11298_11307_11498_12879_13089_13506,schizophrenia,MONDO_grouped
22854,NTNG1,NCBI,5090_13498_8414_10897_33312_10943_11552_14092_12054_11960_11280_11294_11295_11298_11307_11498_12879_13089_13506,schizophrenia,MONDO_grouped
84628,NTNG2,NCBI,5090_13498_8414_10897_33312_10943_11552_14092_12054_11960_11280_11294_11295_11298_11307_11498_12879_13089_13506,schizophrenia,MONDO_grouped
4914,NTRK1,NCBI,5090_13498_8414_10897_33312_10943_11552_14092_12054_11960_11280_11294_11295_11298_11307_11498_12879_13089_13506,schizophrenia,MONDO_grouped
4915,NTRK2,NCBI,5090_13498_8414_10897_33312_10943_11552_14092_12054_11960_11280_11294_11295_11298_11307_11498_12879_13089_13506,schizophrenia,MONDO_grouped
4916,NTRK3,NCBI,5090_13498_8414_10897_33312_10943_11552_14092_12054_11960_11280_11294_11295_11298_11307_11498_12879_13089_13506,schizophrenia,MONDO_grouped
4922,NTS,NCBI,5090_13498_8414_10897_33312_10943_11552_14092_12054_11960_11280_11294_11295_11298_11307_11498_12879_13089_13506,schizophrenia,MONDO_grouped
4923,NTSR1,NCBI,5090_13498_8414_10897_33312_10943_11552_14092_12054_11960_11280_11294_11295_11298_11307_11498_12879_13089_13506,schizophrenia,MONDO_grouped
57532,NUFIP2,NCBI,5090_13498_8414_10897_33312_10943_11552_14092_12054_11960_11280_11294_11295_11298_11307_11498_12879_13089_13506,schizophrenia,MONDO_grouped
9253,NUMBL,NCBI,5090_13498_8414_10897_33312_10943_11552_14092_12054_11960_11280_11294_11295_11298_11307_11498_12879_13089_13506,schizophrenia,MONDO_grouped
266553,OFCC1,NCBI,5090_13498_8414_10897_33312_10943_11552_14092_12054_11960_11280_11294_11295_11298_11307_11498_12879_13089_13506,schizophrenia,MONDO_grouped
10215,OLIG2,NCBI,5090_13498_8414_10897_33312_10943_11552_14092_12054_11960_11280_11294_11295_11298_11307_11498_12879_13089_13506,schizophrenia,MONDO_grouped
4976,OPA1,NCBI,5090_13498_8414_10897_33312_10943_11552_14092_12054_11960_11280_11294_11295_11298_11307_11498_12879_13089_13506,schizophrenia,MONDO_grouped
4978,OPCML,NCBI,5090_13498_8414_10897_33312_10943_11552_14092_12054_11960_11280_11294_11295_11298_11307_11498_12879_13089_13506,schizophrenia,MONDO_grouped
4988,OPRM1,NCBI,5090_13498_8414_10897_33312_10943_11552_14092_12054_11960_11280_11294_11295_11298_11307_11498_12879_13089_13506,schizophrenia,MONDO_grouped
119749,OR4C46,NCBI,5090_13498_8414_10897_33312_10943_11552_14092_12054_11960_11280_11294_11295_11298_11307_11498_12879_13089_13506,schizophrenia,MONDO_grouped
9943,OXSR1,NCBI,5090_13498_8414_10897_33312_10943_11552_14092_12054_11960_11280_11294_11295_11298_11307_11498_12879_13089_13506,schizophrenia,MONDO_grouped
5020,OXT,NCBI,5090_13498_8414_10897_33312_10943_11552_14092_12054_11960_11280_11294_11295_11298_11307_11498_12879_13089_13506,schizophrenia,MONDO_grouped
5021,OXTR,NCBI,5090_13498_8414_10897_33312_10943_11552_14092_12054_11960_11280_11294_11295_11298_11307_11498_12879_13089_13506,schizophrenia,MONDO_grouped
5048,PAFAH1B1,NCBI,5090_13498_8414_10897_33312_10943_11552_14092_12054_11960_11280_11294_11295_11298_11307_11498_12879_13089_13506,schizophrenia,MONDO_grouped
55824,PAG1,NCBI,5090_13498_8414_10897_33312_10943_11552_14092_12054_11960_11280_11294_11295_11298_11307_11498_12879_13089_13506,schizophrenia,MONDO_grouped
5053,PAH,NCBI,5090_13498_8414_10897_33312_10943_11552_14092_12054_11960_11280_11294_11295_11298_11307_11498_12879_13089_13506,schizophrenia,MONDO_grouped
5062,PAK2,NCBI,5090_13498_8414_10897_33312_10943_11552_14092_12054_11960_11280_11294_11295_11298_11307_11498_12879_13089_13506,schizophrenia,MONDO_grouped
80025,PANK2,NCBI,5090_13498_8414_10897_33312_10943_11552_14092_12054_11960_11280_11294_11295_11298_11307_11498_12879_13089_13506,schizophrenia,MONDO_grouped
5074,PAWR,NCBI,5090_13498_8414_10897_33312_10943_11552_14092_12054_11960_11280_11294_11295_11298_11307_11498_12879_13089_13506,schizophrenia,MONDO_grouped
5080,PAX6,NCBI,5090_13498_8414_10897_33312_10943_11552_14092_12054_11960_11280_11294_11295_11298_11307_11498_12879_13089_13506,schizophrenia,MONDO_grouped
55193,PBRM1,NCBI,5090_13498_8414_10897_33312_10943_11552_14092_12054_11960_11280_11294_11295_11298_11307_11498_12879_13089_13506,schizophrenia,MONDO_grouped
27253,PCDH17,NCBI,5090_13498_8414_10897_33312_10943_11552_14092_12054_11960_11280_11294_11295_11298_11307_11498_12879_13089_13506,schizophrenia,MONDO_grouped
5100,PCDH8,NCBI,5090_13498_8414_10897_33312_10943_11552_14092_12054_11960_11280_11294_11295_11298_11307_11498_12879_13089_13506,schizophrenia,MONDO_grouped
5105,PCK1,NCBI,5090_13498_8414_10897_33312_10943_11552_14092_12054_11960_11280_11294_11295_11298_11307_11498_12879_13089_13506,schizophrenia,MONDO_grouped
5108,PCM1,NCBI,5090_13498_8414_10897_33312_10943_11552_14092_12054_11960_11280_11294_11295_11298_11307_11498_12879_13089_13506,schizophrenia,MONDO_grouped
5116,PCNT,NCBI,5090_13498_8414_10897_33312_10943_11552_14092_12054_11960_11280_11294_11295_11298_11307_11498_12879_13089_13506,schizophrenia,MONDO_grouped
5141,PDE4A,NCBI,5090_13498_8414_10897_33312_10943_11552_14092_12054_11960_11280_11294_11295_11298_11307_11498_12879_13089_13506,schizophrenia,MONDO_grouped
5142,PDE4B,NCBI,5090_13498_8414_10897_33312_10943_11552_14092_12054_11960_11280_11294_11295_11298_11307_11498_12879_13089_13506,schizophrenia,MONDO_grouped
5144,PDE4D,NCBI,5090_13498_8414_10897_33312_10943_11552_14092_12054_11960_11280_11294_11295_11298_11307_11498_12879_13089_13506,schizophrenia,MONDO_grouped
27115,PDE7B,NCBI,5090_13498_8414_10897_33312_10943_11552_14092_12054_11960_11280_11294_11295_11298_11307_11498_12879_13089_13506,schizophrenia,MONDO_grouped
5159,PDGFRB,NCBI,5090_13498_8414_10897_33312_10943_11552_14092_12054_11960_11280_11294_11295_11298_11307_11498_12879_13089_13506,schizophrenia,MONDO_grouped
149420,PDIK1L,NCBI,5090_13498_8414_10897_33312_10943_11552_14092_12054_11960_11280_11294_11295_11298_11307_11498_12879_13089_13506,schizophrenia,MONDO_grouped
10611,PDLIM5,NCBI,5090_13498_8414_10897_33312_10943_11552_14092_12054_11960_11280_11294_11295_11298_11307_11498_12879_13089_13506,schizophrenia,MONDO_grouped
5173,PDYN,NCBI,5090_13498_8414_10897_33312_10943_11552_14092_12054_11960_11280_11294_11295_11298_11307_11498_12879_13089_13506,schizophrenia,MONDO_grouped
5174,PDZK1,NCBI,5090_13498_8414_10897_33312_10943_11552_14092_12054_11960_11280_11294_11295_11298_11307_11498_12879_13089_13506,schizophrenia,MONDO_grouped
10400,PEMT,NCBI,5090_13498_8414_10897_33312_10943_11552_14092_12054_11960_11280_11294_11295_11298_11307_11498_12879_13089_13506,schizophrenia,MONDO_grouped
84547,PGBD1,NCBI,5090_13498_8414_10897_33312_10943_11552_14092_12054_11960_11280_11294_11295_11298_11307_11498_12879_13089_13506,schizophrenia,MONDO_grouped
5245,PHB,NCBI,5090_13498_8414_10897_33312_10943_11552_14092_12054_11960_11280_11294_11295_11298_11307_11498_12879_13089_13506,schizophrenia,MONDO_grouped
8929,PHOX2B,NCBI,5090_13498_8414_10897_33312_10943_11552_14092_12054_11960_11280_11294_11295_11298_11307_11498_12879_13089_13506,schizophrenia,MONDO_grouped
55300,PI4K2B,NCBI,5090_13498_8414_10897_33312_10943_11552_14092_12054_11960_11280_11294_11295_11298_11307_11498_12879_13089_13506,schizophrenia,MONDO_grouped
5297,PI4KA,NCBI,5090_13498_8414_10897_33312_10943_11552_14092_12054_11960_11280_11294_11295_11298_11307_11498_12879_13089_13506,schizophrenia,MONDO_grouped
9463,PICK1,NCBI,5090_13498_8414_10897_33312_10943_11552_14092_12054_11960_11280_11294_11295_11298_11307_11498_12879_13089_13506,schizophrenia,MONDO_grouped
5289,PIK3C3,NCBI,5090_13498_8414_10897_33312_10943_11552_14092_12054_11960_11280_11294_11295_11298_11307_11498_12879_13089_13506,schizophrenia,MONDO_grouped
5290,PIK3CA,NCBI,5090_13498_8414_10897_33312_10943_11552_14092_12054_11960_11280_11294_11295_11298_11307_11498_12879_13089_13506,schizophrenia,MONDO_grouped
5291,PIK3CB,NCBI,5090_13498_8414_10897_33312_10943_11552_14092_12054_11960_11280_11294_11295_11298_11307_11498_12879_13089_13506,schizophrenia,MONDO_grouped
65018,PINK1,NCBI,5090_13498_8414_10897_33312_10943_11552_14092_12054_11960_11280_11294_11295_11298_11307_11498_12879_13089_13506,schizophrenia,MONDO_grouped
5305,PIP4K2A,NCBI,5090_13498_8414_10897_33312_10943_11552_14092_12054_11960_11280_11294_11295_11298_11307_11498_12879_13089_13506,schizophrenia,MONDO_grouped
79837,PIP4K2C,NCBI,5090_13498_8414_10897_33312_10943_11552_14092_12054_11960_11280_11294_11295_11298_11307_11498_12879_13089_13506,schizophrenia,MONDO_grouped
9600,PITPNM1,NCBI,5090_13498_8414_10897_33312_10943_11552_14092_12054_11960_11280_11294_11295_11298_11307_11498_12879_13089_13506,schizophrenia,MONDO_grouped
5309,PITX3,NCBI,5090_13498_8414_10897_33312_10943_11552_14092_12054_11960_11280_11294_11295_11298_11307_11498_12879_13089_13506,schizophrenia,MONDO_grouped
63876,PKNOX2,NCBI,5090_13498_8414_10897_33312_10943_11552_14092_12054_11960_11280_11294_11295_11298_11307_11498_12879_13089_13506,schizophrenia,MONDO_grouped
5319,PLA2G1B,NCBI,5090_13498_8414_10897_33312_10943_11552_14092_12054_11960_11280_11294_11295_11298_11307_11498_12879_13089_13506,schizophrenia,MONDO_grouped
5321,PLA2G4A,NCBI,5090_13498_8414_10897_33312_10943_11552_14092_12054_11960_11280_11294_11295_11298_11307_11498_12879_13089_13506,schizophrenia,MONDO_grouped
100137049,PLA2G4B,NCBI,5090_13498_8414_10897_33312_10943_11552_14092_12054_11960_11280_11294_11295_11298_11307_11498_12879_13089_13506,schizophrenia,MONDO_grouped
8605,PLA2G4C,NCBI,5090_13498_8414_10897_33312_10943_11552_14092_12054_11960_11280_11294_11295_11298_11307_11498_12879_13089_13506,schizophrenia,MONDO_grouped
8398,PLA2G6,NCBI,5090_13498_8414_10897_33312_10943_11552_14092_12054_11960_11280_11294_11295_11298_11307_11498_12879_13089_13506,schizophrenia,MONDO_grouped
9373,PLAA,NCBI,5090_13498_8414_10897_33312_10943_11552_14092_12054_11960_11280_11294_11295_11298_11307_11498_12879_13089_13506,schizophrenia,MONDO_grouped
5327,PLAT,NCBI,5090_13498_8414_10897_33312_10943_11552_14092_12054_11960_11280_11294_11295_11298_11307_11498_12879_13089_13506,schizophrenia,MONDO_grouped
23236,PLCB1,NCBI,5090_13498_8414_10897_33312_10943_11552_14092_12054_11960_11280_11294_11295_11298_11307_11498_12879_13089_13506,schizophrenia,MONDO_grouped
23228,PLCL2,NCBI,5090_13498_8414_10897_33312_10943_11552_14092_12054_11960_11280_11294_11295_11298_11307_11498_12879_13089_13506,schizophrenia,MONDO_grouped
22874,PLEKHA6,NCBI,5090_13498_8414_10897_33312_10943_11552_14092_12054_11960_11280_11294_11295_11298_11307_11498_12879_13089_13506,schizophrenia,MONDO_grouped
5340,PLG,NCBI,5090_13498_8414_10897_33312_10943_11552_14092_12054_11960_11280_11294_11295_11298_11307_11498_12879_13089_13506,schizophrenia,MONDO_grouped
51090,PLLP,NCBI,5090_13498_8414_10897_33312_10943_11552_14092_12054_11960_11280_11294_11295_11298_11307_11498_12879_13089_13506,schizophrenia,MONDO_grouped
5354,PLP1,NCBI,5090_13498_8414_10897_33312_10943_11552_14092_12054_11960_11280_11294_11295_11298_11307_11498_12879_13089_13506,schizophrenia,MONDO_grouped
57088,PLSCR4,NCBI,5090_13498_8414_10897_33312_10943_11552_14092_12054_11960_11280_11294_11295_11298_11307_11498_12879_13089_13506,schizophrenia,MONDO_grouped
5362,PLXNA2,NCBI,5090_13498_8414_10897_33312_10943_11552_14092_12054_11960_11280_11294_11295_11298_11307_11498_12879_13089_13506,schizophrenia,MONDO_grouped
5371,PML,NCBI,5090_13498_8414_10897_33312_10943_11552_14092_12054_11960_11280_11294_11295_11298_11307_11498_12879_13089_13506,schizophrenia,MONDO_grouped
5375,PMP2,NCBI,5090_13498_8414_10897_33312_10943_11552_14092_12054_11960_11280_11294_11295_11298_11307_11498_12879_13089_13506,schizophrenia,MONDO_grouped
55163,PNPO,NCBI,5090_13498_8414_10897_33312_10943_11552_14092_12054_11960_11280_11294_11295_11298_11307_11498_12879_13089_13506,schizophrenia,MONDO_grouped
5444,PON1,NCBI,5090_13498_8414_10897_33312_10943_11552_14092_12054_11960_11280_11294_11295_11298_11307_11498_12879_13089_13506,schizophrenia,MONDO_grouped
5465,PPARA,NCBI,5090_13498_8414_10897_33312_10943_11552_14092_12054_11960_11280_11294_11295_11298_11307_11498_12879_13089_13506,schizophrenia,MONDO_grouped
10891,PPARGC1A,NCBI,5090_13498_8414_10897_33312_10943_11552_14092_12054_11960_11280_11294_11295_11298_11307_11498_12879_13089_13506,schizophrenia,MONDO_grouped
5478,PPIA,NCBI,5090_13498_8414_10897_33312_10943_11552_14092_12054_11960_11280_11294_11295_11298_11307_11498_12879_13089_13506,schizophrenia,MONDO_grouped
84152,PPP1R1B,NCBI,5090_13498_8414_10897_33312_10943_11552_14092_12054_11960_11280_11294_11295_11298_11307_11498_12879_13089_13506,schizophrenia,MONDO_grouped
84687,PPP1R9B,NCBI,5090_13498_8414_10897_33312_10943_11552_14092_12054_11960_11280_11294_11295_11298_11307_11498_12879_13089_13506,schizophrenia,MONDO_grouped
5533,PPP3CC,NCBI,5090_13498_8414_10897_33312_10943_11552_14092_12054_11960_11280_11294_11295_11298_11307_11498_12879_13089_13506,schizophrenia,MONDO_grouped
5534,PPP3R1,NCBI,5090_13498_8414_10897_33312_10943_11552_14092_12054_11960_11280_11294_11295_11298_11307_11498_12879_13089_13506,schizophrenia,MONDO_grouped
9588,PRDX6,NCBI,5090_13498_8414_10897_33312_10943_11552_14092_12054_11960_11280_11294_11295_11298_11307_11498_12879_13089_13506,schizophrenia,MONDO_grouped
5578,PRKCA,NCBI,5090_13498_8414_10897_33312_10943_11552_14092_12054_11960_11280_11294_11295_11298_11307_11498_12879_13089_13506,schizophrenia,MONDO_grouped
5617,PRL,NCBI,5090_13498_8414_10897_33312_10943_11552_14092_12054_11960_11280_11294_11295_11298_11307_11498_12879_13089_13506,schizophrenia,MONDO_grouped
5625,PRODH,NCBI,5090_13498_8414_10897_33312_10943_11552_14092_12054_11960_11280_11294_11295_11298_11307_11498_12879_13089_13506,schizophrenia,MONDO_grouped
58510,PRODH2,NCBI,5090_13498_8414_10897_33312_10943_11552_14092_12054_11960_11280_11294_11295_11298_11307_11498_12879_13089_13506,schizophrenia,MONDO_grouped
10279,PRSS16,NCBI,5090_13498_8414_10897_33312_10943_11552_14092_12054_11960_11280_11294_11295_11298_11307_11498_12879_13089_13506,schizophrenia,MONDO_grouped
29968,PSAT1,NCBI,5090_13498_8414_10897_33312_10943_11552_14092_12054_11960_11280_11294_11295_11298_11307_11498_12879_13089_13506,schizophrenia,MONDO_grouped
5662,PSD,NCBI,5090_13498_8414_10897_33312_10943_11552_14092_12054_11960_11280_11294_11295_11298_11307_11498_12879_13089_13506,schizophrenia,MONDO_grouped
23362,PSD3,NCBI,5090_13498_8414_10897_33312_10943_11552_14092_12054_11960_11280_11294_11295_11298_11307_11498_12879_13089_13506,schizophrenia,MONDO_grouped
5664,PSEN2,NCBI,5090_13498_8414_10897_33312_10943_11552_14092_12054_11960_11280_11294_11295_11298_11307_11498_12879_13089_13506,schizophrenia,MONDO_grouped
5733,PTGER3,NCBI,5090_13498_8414_10897_33312_10943_11552_14092_12054_11960_11280_11294_11295_11298_11307_11498_12879_13089_13506,schizophrenia,MONDO_grouped
5742,PTGS1,NCBI,5090_13498_8414_10897_33312_10943_11552_14092_12054_11960_11280_11294_11295_11298_11307_11498_12879_13089_13506,schizophrenia,MONDO_grouped
5743,PTGS2,NCBI,5090_13498_8414_10897_33312_10943_11552_14092_12054_11960_11280_11294_11295_11298_11307_11498_12879_13089_13506,schizophrenia,MONDO_grouped
5770,PTPN1,NCBI,5090_13498_8414_10897_33312_10943_11552_14092_12054_11960_11280_11294_11295_11298_11307_11498_12879_13089_13506,schizophrenia,MONDO_grouped
11099,PTPN21,NCBI,5090_13498_8414_10897_33312_10943_11552_14092_12054_11960_11280_11294_11295_11298_11307_11498_12879_13089_13506,schizophrenia,MONDO_grouped
84867,PTPN5,NCBI,5090_13498_8414_10897_33312_10943_11552_14092_12054_11960_11280_11294_11295_11298_11307_11498_12879_13089_13506,schizophrenia,MONDO_grouped
5777,PTPN6,NCBI,5090_13498_8414_10897_33312_10943_11552_14092_12054_11960_11280_11294_11295_11298_11307_11498_12879_13089_13506,schizophrenia,MONDO_grouped
5786,PTPRA,NCBI,5090_13498_8414_10897_33312_10943_11552_14092_12054_11960_11280_11294_11295_11298_11307_11498_12879_13089_13506,schizophrenia,MONDO_grouped
5803,PTPRZ1,NCBI,5090_13498_8414_10897_33312_10943_11552_14092_12054_11960_11280_11294_11295_11298_11307_11498_12879_13089_13506,schizophrenia,MONDO_grouped
5816,PVALB,NCBI,5090_13498_8414_10897_33312_10943_11552_14092_12054_11960_11280_11294_11295_11298_11307_11498_12879_13089_13506,schizophrenia,MONDO_grouped
9444,QKI,NCBI,5090_13498_8414_10897_33312_10943_11552_14092_12054_11960_11280_11294_11295_11298_11307_11498_12879_13089_13506,schizophrenia,MONDO_grouped
140902,R3HDML,NCBI,5090_13498_8414_10897_33312_10943_11552_14092_12054_11960_11280_11294_11295_11298_11307_11498_12879_13089_13506,schizophrenia,MONDO_grouped
10743,RAI1,NCBI,5090_13498_8414_10897_33312_10943_11552_14092_12054_11960_11280_11294_11295_11298_11307_11498_12879_13089_13506,schizophrenia,MONDO_grouped
10048,RANBP9,NCBI,5090_13498_8414_10897_33312_10943_11552_14092_12054_11960_11280_11294_11295_11298_11307_11498_12879_13089_13506,schizophrenia,MONDO_grouped
51735,RAPGEF6,NCBI,5090_13498_8414_10897_33312_10943_11552_14092_12054_11960_11280_11294_11295_11298_11307_11498_12879_13089_13506,schizophrenia,MONDO_grouped
5914,RARA,NCBI,5090_13498_8414_10897_33312_10943_11552_14092_12054_11960_11280_11294_11295_11298_11307_11498_12879_13089_13506,schizophrenia,MONDO_grouped
23551,RASD2,NCBI,5090_13498_8414_10897_33312_10943_11552_14092_12054_11960_11280_11294_11295_11298_11307_11498_12879_13089_13506,schizophrenia,MONDO_grouped
9821,RB1CC1,NCBI,5090_13498_8414_10897_33312_10943_11552_14092_12054_11960_11280_11294_11295_11298_11307_11498_12879_13089_13506,schizophrenia,MONDO_grouped
10137,RBM12,NCBI,5090_13498_8414_10897_33312_10943_11552_14092_12054_11960_11280_11294_11295_11298_11307_11498_12879_13089_13506,schizophrenia,MONDO_grouped
5947,RBP1,NCBI,5090_13498_8414_10897_33312_10943_11552_14092_12054_11960_11280_11294_11295_11298_11307_11498_12879_13089_13506,schizophrenia,MONDO_grouped
55213,RCBTB1,NCBI,5090_13498_8414_10897_33312_10943_11552_14092_12054_11960_11280_11294_11295_11298_11307_11498_12879_13089_13506,schizophrenia,MONDO_grouped
5970,RELA,NCBI,5090_13498_8414_10897_33312_10943_11552_14092_12054_11960_11280_11294_11295_11298_11307_11498_12879_13089_13506,schizophrenia,MONDO_grouped
5649,RELN,NCBI,5090_13498_8414_10897_33312_10943_11552_14092_12054_11960_11280_11294_11295_11298_11307_11498_12879_13089_13506,schizophrenia,MONDO_grouped
5978,REST,NCBI,5090_13498_8414_10897_33312_10943_11552_14092_12054_11960_11280_11294_11295_11298_11307_11498_12879_13089_13506,schizophrenia,MONDO_grouped
79137,RETREG2,NCBI,5090_13498_8414_10897_33312_10943_11552_14092_12054_11960_11280_11294_11295_11298_11307_11498_12879_13089_13506,schizophrenia,MONDO_grouped
6002,RGS12,NCBI,5090_13498_8414_10897_33312_10943_11552_14092_12054_11960_11280_11294_11295_11298_11307_11498_12879_13089_13506,schizophrenia,MONDO_grouped
5997,RGS2,NCBI,5090_13498_8414_10897_33312_10943_11552_14092_12054_11960_11280_11294_11295_11298_11307_11498_12879_13089_13506,schizophrenia,MONDO_grouped
8490,RGS5,NCBI,5090_13498_8414_10897_33312_10943_11552_14092_12054_11960_11280_11294_11295_11298_11307_11498_12879_13089_13506,schizophrenia,MONDO_grouped
8787,RGS9,NCBI,5090_13498_8414_10897_33312_10943_11552_14092_12054_11960_11280_11294_11295_11298_11307_11498_12879_13089_13506,schizophrenia,MONDO_grouped
6007,RHD,NCBI,5090_13498_8414_10897_33312_10943_11552_14092_12054_11960_11280_11294_11295_11298_11307_11498_12879_13089_13506,schizophrenia,MONDO_grouped
9699,RIMS2,NCBI,5090_13498_8414_10897_33312_10943_11552_14092_12054_11960_11280_11294_11295_11298_11307_11498_12879_13089_13506,schizophrenia,MONDO_grouped
9783,RIMS3,NCBI,5090_13498_8414_10897_33312_10943_11552_14092_12054_11960_11280_11294_11295_11298_11307_11498_12879_13089_13506,schizophrenia,MONDO_grouped
54719,RNANC,NCBI,5090_13498_8414_10897_33312_10943_11552_14092_12054_11960_11280_11294_11295_11298_11307_11498_12879_13089_13506,schizophrenia,MONDO_grouped
219790,RTKN2,NCBI,5090_13498_8414_10897_33312_10943_11552_14092_12054_11960_11280_11294_11295_11298_11307_11498_12879_13089_13506,schizophrenia,MONDO_grouped
57142,RTN4,NCBI,5090_13498_8414_10897_33312_10943_11552_14092_12054_11960_11280_11294_11295_11298_11307_11498_12879_13089_13506,schizophrenia,MONDO_grouped
65078,RTN4R,NCBI,5090_13498_8414_10897_33312_10943_11552_14092_12054_11960_11280_11294_11295_11298_11307_11498_12879_13089_13506,schizophrenia,MONDO_grouped
6280,S100A9,NCBI,5090_13498_8414_10897_33312_10943_11552_14092_12054_11960_11280_11294_11295_11298_11307_11498_12879_13089_13506,schizophrenia,MONDO_grouped
6285,S100B,NCBI,5090_13498_8414_10897_33312_10943_11552_14092_12054_11960_11280_11294_11295_11298_11307_11498_12879_13089_13506,schizophrenia,MONDO_grouped
29115,SAP30BP,NCBI,5090_13498_8414_10897_33312_10943_11552_14092_12054_11960_11280_11294_11295_11298_11307_11498_12879_13089_13506,schizophrenia,MONDO_grouped
6303,SAT1,NCBI,5090_13498_8414_10897_33312_10943_11552_14092_12054_11960_11280_11294_11295_11298_11307_11498_12879_13089_13506,schizophrenia,MONDO_grouped
55206,SBNO1,NCBI,5090_13498_8414_10897_33312_10943_11552_14092_12054_11960_11280_11294_11295_11298_11307_11498_12879_13089_13506,schizophrenia,MONDO_grouped
22904,SBNO2,NCBI,5090_13498_8414_10897_33312_10943_11552_14092_12054_11960_11280_11294_11295_11298_11307_11498_12879_13089_13506,schizophrenia,MONDO_grouped
10806,SDCCAG8,NCBI,5090_13498_8414_10897_33312_10943_11552_14092_12054_11960_11280_11294_11295_11298_11307_11498_12879_13089_13506,schizophrenia,MONDO_grouped
51150,SDF4,NCBI,5090_13498_8414_10897_33312_10943_11552_14092_12054_11960_11280_11294_11295_11298_11307_11498_12879_13089_13506,schizophrenia,MONDO_grouped
6389,SDHA,NCBI,5090_13498_8414_10897_33312_10943_11552_14092_12054_11960_11280_11294_11295_11298_11307_11498_12879_13089_13506,schizophrenia,MONDO_grouped
8991,SELENBP1,NCBI,5090_13498_8414_10897_33312_10943_11552_14092_12054_11960_11280_11294_11295_11298_11307_11498_12879_13089_13506,schizophrenia,MONDO_grouped
10371,SEMA3A,NCBI,5090_13498_8414_10897_33312_10943_11552_14092_12054_11960_11280_11294_11295_11298_11307_11498_12879_13089_13506,schizophrenia,MONDO_grouped
223117,SEMA3D,NCBI,5090_13498_8414_10897_33312_10943_11552_14092_12054_11960_11280_11294_11295_11298_11307_11498_12879_13089_13506,schizophrenia,MONDO_grouped
55752,SEPTIN11,NCBI,5090_13498_8414_10897_33312_10943_11552_14092_12054_11960_11280_11294_11295_11298_11307_11498_12879_13089_13506,schizophrenia,MONDO_grouped
989,SEPTIN7,NCBI,5090_13498_8414_10897_33312_10943_11552_14092_12054_11960_11280_11294_11295_11298_11307_11498_12879_13089_13506,schizophrenia,MONDO_grouped
5274,SERPINI1,NCBI,5090_13498_8414_10897_33312_10943_11552_14092_12054_11960_11280_11294_11295_11298_11307_11498_12879_13089_13506,schizophrenia,MONDO_grouped
9739,SETD1A,NCBI,5090_13498_8414_10897_33312_10943_11552_14092_12054_11960_11280_11294_11295_11298_11307_11498_12879_13089_13506,schizophrenia,MONDO_grouped
9869,SETDB1,NCBI,5090_13498_8414_10897_33312_10943_11552_14092_12054_11960_11280_11294_11295_11298_11307_11498_12879_13089_13506,schizophrenia,MONDO_grouped
9644,SH3PXD2A,NCBI,5090_13498_8414_10897_33312_10943_11552_14092_12054_11960_11280_11294_11295_11298_11307_11498_12879_13089_13506,schizophrenia,MONDO_grouped
50944,SHANK1,NCBI,5090_13498_8414_10897_33312_10943_11552_14092_12054_11960_11280_11294_11295_11298_11307_11498_12879_13089_13506,schizophrenia,MONDO_grouped
85358,SHANK3,NCBI,5090_13498_8414_10897_33312_10943_11552_14092_12054_11960_11280_11294_11295_11298_11307_11498_12879_13089_13506,schizophrenia,MONDO_grouped
6470,SHMT1,NCBI,5090_13498_8414_10897_33312_10943_11552_14092_12054_11960_11280_11294_11295_11298_11307_11498_12879_13089_13506,schizophrenia,MONDO_grouped
10280,SIGMAR1,NCBI,5090_13498_8414_10897_33312_10943_11552_14092_12054_11960_11280_11294_11295_11298_11307_11498_12879_13089_13506,schizophrenia,MONDO_grouped
10326,SIRPB1,NCBI,5090_13498_8414_10897_33312_10943_11552_14092_12054_11960_11280_11294_11295_11298_11307_11498_12879_13089_13506,schizophrenia,MONDO_grouped
23411,SIRT1,NCBI,5090_13498_8414_10897_33312_10943_11552_14092_12054_11960_11280_11294_11295_11298_11307_11498_12879_13089_13506,schizophrenia,MONDO_grouped
6558,SLC12A2,NCBI,5090_13498_8414_10897_33312_10943_11552_14092_12054_11960_11280_11294_11295_11298_11307_11498_12879_13089_13506,schizophrenia,MONDO_grouped
57468,SLC12A5,NCBI,5090_13498_8414_10897_33312_10943_11552_14092_12054_11960_11280_11294_11295_11298_11307_11498_12879_13089_13506,schizophrenia,MONDO_grouped
57084,SLC17A6,NCBI,5090_13498_8414_10897_33312_10943_11552_14092_12054_11960_11280_11294_11295_11298_11307_11498_12879_13089_13506,schizophrenia,MONDO_grouped
57030,SLC17A7,NCBI,5090_13498_8414_10897_33312_10943_11552_14092_12054_11960_11280_11294_11295_11298_11307_11498_12879_13089_13506,schizophrenia,MONDO_grouped
6570,SLC18A1,NCBI,5090_13498_8414_10897_33312_10943_11552_14092_12054_11960_11280_11294_11295_11298_11307_11498_12879_13089_13506,schizophrenia,MONDO_grouped
6571,SLC18A2,NCBI,5090_13498_8414_10897_33312_10943_11552_14092_12054_11960_11280_11294_11295_11298_11307_11498_12879_13089_13506,schizophrenia,MONDO_grouped
6505,SLC1A1,NCBI,5090_13498_8414_10897_33312_10943_11552_14092_12054_11960_11280_11294_11295_11298_11307_11498_12879_13089_13506,schizophrenia,MONDO_grouped
6506,SLC1A2,NCBI,5090_13498_8414_10897_33312_10943_11552_14092_12054_11960_11280_11294_11295_11298_11307_11498_12879_13089_13506,schizophrenia,MONDO_grouped
6507,SLC1A3,NCBI,5090_13498_8414_10897_33312_10943_11552_14092_12054_11960_11280_11294_11295_11298_11307_11498_12879_13089_13506,schizophrenia,MONDO_grouped
6511,SLC1A6,NCBI,5090_13498_8414_10897_33312_10943_11552_14092_12054_11960_11280_11294_11295_11298_11307_11498_12879_13089_13506,schizophrenia,MONDO_grouped
151295,SLC23A3,NCBI,5090_13498_8414_10897_33312_10943_11552_14092_12054_11960_11280_11294_11295_11298_11307_11498_12879_13089_13506,schizophrenia,MONDO_grouped
9481,SLC25A27,NCBI,5090_13498_8414_10897_33312_10943_11552_14092_12054_11960_11280_11294_11295_11298_11307_11498_12879_13089_13506,schizophrenia,MONDO_grouped
115111,SLC26A7,NCBI,5090_13498_8414_10897_33312_10943_11552_14092_12054_11960_11280_11294_11295_11298_11307_11498_12879_13089_13506,schizophrenia,MONDO_grouped
116369,SLC26A8,NCBI,5090_13498_8414_10897_33312_10943_11552_14092_12054_11960_11280_11294_11295_11298_11307_11498_12879_13089_13506,schizophrenia,MONDO_grouped
7781,SLC30A3,NCBI,5090_13498_8414_10897_33312_10943_11552_14092_12054_11960_11280_11294_11295_11298_11307_11498_12879_13089_13506,schizophrenia,MONDO_grouped
54407,SLC38A2,NCBI,5090_13498_8414_10897_33312_10943_11552_14092_12054_11960_11280_11294_11295_11298_11307_11498_12879_13089_13506,schizophrenia,MONDO_grouped
6529,SLC6A1,NCBI,5090_13498_8414_10897_33312_10943_11552_14092_12054_11960_11280_11294_11295_11298_11307_11498_12879_13089_13506,schizophrenia,MONDO_grouped
6538,SLC6A11,NCBI,5090_13498_8414_10897_33312_10943_11552_14092_12054_11960_11280_11294_11295_11298_11307_11498_12879_13089_13506,schizophrenia,MONDO_grouped
6539,SLC6A12,NCBI,5090_13498_8414_10897_33312_10943_11552_14092_12054_11960_11280_11294_11295_11298_11307_11498_12879_13089_13506,schizophrenia,MONDO_grouped
6530,SLC6A2,NCBI,5090_13498_8414_10897_33312_10943_11552_14092_12054_11960_11280_11294_11295_11298_11307_11498_12879_13089_13506,schizophrenia,MONDO_grouped
6531,SLC6A3,NCBI,5090_13498_8414_10897_33312_10943_11552_14092_12054_11960_11280_11294_11295_11298_11307_11498_12879_13089_13506,schizophrenia,MONDO_grouped
6532,SLC6A4,NCBI,5090_13498_8414_10897_33312_10943_11552_14092_12054_11960_11280_11294_11295_11298_11307_11498_12879_13089_13506,schizophrenia,MONDO_grouped
9152,SLC6A5,NCBI,5090_13498_8414_10897_33312_10943_11552_14092_12054_11960_11280_11294_11295_11298_11307_11498_12879_13089_13506,schizophrenia,MONDO_grouped
6536,SLC6A9,NCBI,5090_13498_8414_10897_33312_10943_11552_14092_12054_11960_11280_11294_11295_11298_11307_11498_12879_13089_13506,schizophrenia,MONDO_grouped
56301,SLC7A10,NCBI,5090_13498_8414_10897_33312_10943_11552_14092_12054_11960_11280_11294_11295_11298_11307_11498_12879_13089_13506,schizophrenia,MONDO_grouped
6586,SLIT3,NCBI,5090_13498_8414_10897_33312_10943_11552_14092_12054_11960_11280_11294_11295_11298_11307_11498_12879_13089_13506,schizophrenia,MONDO_grouped
4090,SMAD5,NCBI,5090_13498_8414_10897_33312_10943_11552_14092_12054_11960_11280_11294_11295_11298_11307_11498_12879_13089_13506,schizophrenia,MONDO_grouped
6595,SMARCA2,NCBI,5090_13498_8414_10897_33312_10943_11552_14092_12054_11960_11280_11294_11295_11298_11307_11498_12879_13089_13506,schizophrenia,MONDO_grouped
6616,SNAP25,NCBI,5090_13498_8414_10897_33312_10943_11552_14092_12054_11960_11280_11294_11295_11298_11307_11498_12879_13089_13506,schizophrenia,MONDO_grouped
9342,SNAP29,NCBI,5090_13498_8414_10897_33312_10943_11552_14092_12054_11960_11280_11294_11295_11298_11307_11498_12879_13089_13506,schizophrenia,MONDO_grouped
6620,SNCB,NCBI,5090_13498_8414_10897_33312_10943_11552_14092_12054_11960_11280_11294_11295_11298_11307_11498_12879_13089_13506,schizophrenia,MONDO_grouped
692200,SNORD103C,NCBI,5090_13498_8414_10897_33312_10943_11552_14092_12054_11960_11280_11294_11295_11298_11307_11498_12879_13089_13506,schizophrenia,MONDO_grouped
169166,SNX31,NCBI,5090_13498_8414_10897_33312_10943_11552_14092_12054_11960_11280_11294_11295_11298_11307_11498_12879_13089_13506,schizophrenia,MONDO_grouped
8835,SOCS2,NCBI,5090_13498_8414_10897_33312_10943_11552_14092_12054_11960_11280_11294_11295_11298_11307_11498_12879_13089_13506,schizophrenia,MONDO_grouped
6648,SOD2,NCBI,5090_13498_8414_10897_33312_10943_11552_14092_12054_11960_11280_11294_11295_11298_11307_11498_12879_13089_13506,schizophrenia,MONDO_grouped
6663,SOX10,NCBI,5090_13498_8414_10897_33312_10943_11552_14092_12054_11960_11280_11294_11295_11298_11307_11498_12879_13089_13506,schizophrenia,MONDO_grouped
6660,SOX5,NCBI,5090_13498_8414_10897_33312_10943_11552_14092_12054_11960_11280_11294_11295_11298_11307_11498_12879_13089_13506,schizophrenia,MONDO_grouped
6667,SP1,NCBI,5090_13498_8414_10897_33312_10943_11552_14092_12054_11960_11280_11294_11295_11298_11307_11498_12879_13089_13506,schizophrenia,MONDO_grouped
6671,SP4,NCBI,5090_13498_8414_10897_33312_10943_11552_14092_12054_11960_11280_11294_11295_11298_11307_11498_12879_13089_13506,schizophrenia,MONDO_grouped
166378,SPATA5,NCBI,5090_13498_8414_10897_33312_10943_11552_14092_12054_11960_11280_11294_11295_11298_11307_11498_12879_13089_13506,schizophrenia,MONDO_grouped
6712,SPTBN2,NCBI,5090_13498_8414_10897_33312_10943_11552_14092_12054_11960_11280_11294_11295_11298_11307_11498_12879_13089_13506,schizophrenia,MONDO_grouped
6716,SRD5A2,NCBI,5090_13498_8414_10897_33312_10943_11552_14092_12054_11960_11280_11294_11295_11298_11307_11498_12879_13089_13506,schizophrenia,MONDO_grouped
6720,SREBF1,NCBI,5090_13498_8414_10897_33312_10943_11552_14092_12054_11960_11280_11294_11295_11298_11307_11498_12879_13089_13506,schizophrenia,MONDO_grouped
6721,SREBF2,NCBI,5090_13498_8414_10897_33312_10943_11552_14092_12054_11960_11280_11294_11295_11298_11307_11498_12879_13089_13506,schizophrenia,MONDO_grouped
9901,SRGAP3,NCBI,5090_13498_8414_10897_33312_10943_11552_14092_12054_11960_11280_11294_11295_11298_11307_11498_12879_13089_13506,schizophrenia,MONDO_grouped
63826,SRR,NCBI,5090_13498_8414_10897_33312_10943_11552_14092_12054_11960_11280_11294_11295_11298_11307_11498_12879_13089_13506,schizophrenia,MONDO_grouped
6426,SRSF1,NCBI,5090_13498_8414_10897_33312_10943_11552_14092_12054_11960_11280_11294_11295_11298_11307_11498_12879_13089_13506,schizophrenia,MONDO_grouped
10772,SRSF10,NCBI,5090_13498_8414_10897_33312_10943_11552_14092_12054_11960_11280_11294_11295_11298_11307_11498_12879_13089_13506,schizophrenia,MONDO_grouped
6750,SST,NCBI,5090_13498_8414_10897_33312_10943_11552_14092_12054_11960_11280_11294_11295_11298_11307_11498_12879_13089_13506,schizophrenia,MONDO_grouped
6482,ST3GAL1,NCBI,5090_13498_8414_10897_33312_10943_11552_14092_12054_11960_11280_11294_11295_11298_11307_11498_12879_13089_13506,schizophrenia,MONDO_grouped
55808,ST6GALNAC1,NCBI,5090_13498_8414_10897_33312_10943_11552_14092_12054_11960_11280_11294_11295_11298_11307_11498_12879_13089_13506,schizophrenia,MONDO_grouped
8128,ST8SIA2,NCBI,5090_13498_8414_10897_33312_10943_11552_14092_12054_11960_11280_11294_11295_11298_11307_11498_12879_13089_13506,schizophrenia,MONDO_grouped
246744,STH,NCBI,5090_13498_8414_10897_33312_10943_11552_14092_12054_11960_11280_11294_11295_11298_11307_11498_12879_13089_13506,schizophrenia,MONDO_grouped
85439,STON2,NCBI,5090_13498_8414_10897_33312_10943_11552_14092_12054_11960_11280_11294_11295_11298_11307_11498_12879_13089_13506,schizophrenia,MONDO_grouped
6804,STX1A,NCBI,5090_13498_8414_10897_33312_10943_11552_14092_12054_11960_11280_11294_11295_11298_11307_11498_12879_13089_13506,schizophrenia,MONDO_grouped
6812,STXBP1,NCBI,5090_13498_8414_10897_33312_10943_11552_14092_12054_11960_11280_11294_11295_11298_11307_11498_12879_13089_13506,schizophrenia,MONDO_grouped
25830,SULT4A1,NCBI,5090_13498_8414_10897_33312_10943_11552_14092_12054_11960_11280_11294_11295_11298_11307_11498_12879_13089_13506,schizophrenia,MONDO_grouped
9900,SV2A,NCBI,5090_13498_8414_10897_33312_10943_11552_14092_12054_11960_11280_11294_11295_11298_11307_11498_12879_13089_13506,schizophrenia,MONDO_grouped
6853,SYN1,NCBI,5090_13498_8414_10897_33312_10943_11552_14092_12054_11960_11280_11294_11295_11298_11307_11498_12879_13089_13506,schizophrenia,MONDO_grouped
6854,SYN2,NCBI,5090_13498_8414_10897_33312_10943_11552_14092_12054_11960_11280_11294_11295_11298_11307_11498_12879_13089_13506,schizophrenia,MONDO_grouped
8224,SYN3,NCBI,5090_13498_8414_10897_33312_10943_11552_14092_12054_11960_11280_11294_11295_11298_11307_11498_12879_13089_13506,schizophrenia,MONDO_grouped
8831,SYNGAP1,NCBI,5090_13498_8414_10897_33312_10943_11552_14092_12054_11960_11280_11294_11295_11298_11307_11498_12879_13089_13506,schizophrenia,MONDO_grouped
9145,SYNGR1,NCBI,5090_13498_8414_10897_33312_10943_11552_14092_12054_11960_11280_11294_11295_11298_11307_11498_12879_13089_13506,schizophrenia,MONDO_grouped
6855,SYP,NCBI,5090_13498_8414_10897_33312_10943_11552_14092_12054_11960_11280_11294_11295_11298_11307_11498_12879_13089_13506,schizophrenia,MONDO_grouped
23208,SYT11,NCBI,5090_13498_8414_10897_33312_10943_11552_14092_12054_11960_11280_11294_11295_11298_11307_11498_12879_13089_13506,schizophrenia,MONDO_grouped
134864,TAAR1,NCBI,5090_13498_8414_10897_33312_10943_11552_14092_12054_11960_11280_11294_11295_11298_11307_11498_12879_13089_13506,schizophrenia,MONDO_grouped
6863,TAC1,NCBI,5090_13498_8414_10897_33312_10943_11552_14092_12054_11960_11280_11294_11295_11298_11307_11498_12879_13089_13506,schizophrenia,MONDO_grouped
6870,TACR3,NCBI,5090_13498_8414_10897_33312_10943_11552_14092_12054_11960_11280_11294_11295_11298_11307_11498_12879_13089_13506,schizophrenia,MONDO_grouped
6890,TAP1,NCBI,5090_13498_8414_10897_33312_10943_11552_14092_12054_11960_11280_11294_11295_11298_11307_11498_12879_13089_13506,schizophrenia,MONDO_grouped
6891,TAP2,NCBI,5090_13498_8414_10897_33312_10943_11552_14092_12054_11960_11280_11294_11295_11298_11307_11498_12879_13089_13506,schizophrenia,MONDO_grouped
6892,TAPBP,NCBI,5090_13498_8414_10897_33312_10943_11552_14092_12054_11960_11280_11294_11295_11298_11307_11498_12879_13089_13506,schizophrenia,MONDO_grouped
6908,TBP,NCBI,5090_13498_8414_10897_33312_10943_11552_14092_12054_11960_11280_11294_11295_11298_11307_11498_12879_13089_13506,schizophrenia,MONDO_grouped
6899,TBX1,NCBI,5090_13498_8414_10897_33312_10943_11552_14092_12054_11960_11280_11294_11295_11298_11307_11498_12879_13089_13506,schizophrenia,MONDO_grouped
6925,TCF4,NCBI,5090_13498_8414_10897_33312_10943_11552_14092_12054_11960_11280_11294_11295_11298_11307_11498_12879_13089_13506,schizophrenia,MONDO_grouped
6934,TCF7L2,NCBI,5090_13498_8414_10897_33312_10943_11552_14092_12054_11960_11280_11294_11295_11298_11307_11498_12879_13089_13506,schizophrenia,MONDO_grouped
6999,TDO2,NCBI,5090_13498_8414_10897_33312_10943_11552_14092_12054_11960_11280_11294_11295_11298_11307_11498_12879_13089_13506,schizophrenia,MONDO_grouped
146279,TEKT5,NCBI,5090_13498_8414_10897_33312_10943_11552_14092_12054_11960_11280_11294_11295_11298_11307_11498_12879_13089_13506,schizophrenia,MONDO_grouped
26011,TENM4,NCBI,5090_13498_8414_10897_33312_10943_11552_14092_12054_11960_11280_11294_11295_11298_11307_11498_12879_13089_13506,schizophrenia,MONDO_grouped
80312,TET1,NCBI,5090_13498_8414_10897_33312_10943_11552_14092_12054_11960_11280_11294_11295_11298_11307_11498_12879_13089_13506,schizophrenia,MONDO_grouped
7018,TF,NCBI,5090_13498_8414_10897_33312_10943_11552_14092_12054_11960_11280_11294_11295_11298_11307_11498_12879_13089_13506,schizophrenia,MONDO_grouped
7040,TGFB1,NCBI,5090_13498_8414_10897_33312_10943_11552_14092_12054_11960_11280_11294_11295_11298_11307_11498_12879_13089_13506,schizophrenia,MONDO_grouped
7052,TGM2,NCBI,5090_13498_8414_10897_33312_10943_11552_14092_12054_11960_11280_11294_11295_11298_11307_11498_12879_13089_13506,schizophrenia,MONDO_grouped
7057,THBS1,NCBI,5090_13498_8414_10897_33312_10943_11552_14092_12054_11960_11280_11294_11295_11298_11307_11498_12879_13089_13506,schizophrenia,MONDO_grouped
7097,TLR2,NCBI,5090_13498_8414_10897_33312_10943_11552_14092_12054_11960_11280_11294_11295_11298_11307_11498_12879_13089_13506,schizophrenia,MONDO_grouped
7098,TLR3,NCBI,5090_13498_8414_10897_33312_10943_11552_14092_12054_11960_11280_11294_11295_11298_11307_11498_12879_13089_13506,schizophrenia,MONDO_grouped
7099,TLR4,NCBI,5090_13498_8414_10897_33312_10943_11552_14092_12054_11960_11280_11294_11295_11298_11307_11498_12879_13089_13506,schizophrenia,MONDO_grouped
23731,TMEM245,NCBI,5090_13498_8414_10897_33312_10943_11552_14092_12054_11960_11280_11294_11295_11298_11307_11498_12879_13089_13506,schizophrenia,MONDO_grouped
9168,TMSB10,NCBI,5090_13498_8414_10897_33312_10943_11552_14092_12054_11960_11280_11294_11295_11298_11307_11498_12879_13089_13506,schizophrenia,MONDO_grouped
7124,TNF,NCBI,5090_13498_8414_10897_33312_10943_11552_14092_12054_11960_11280_11294_11295_11298_11307_11498_12879_13089_13506,schizophrenia,MONDO_grouped
7132,TNFRSF1A,NCBI,5090_13498_8414_10897_33312_10943_11552_14092_12054_11960_11280_11294_11295_11298_11307_11498_12879_13089_13506,schizophrenia,MONDO_grouped
7133,TNFRSF1B,NCBI,5090_13498_8414_10897_33312_10943_11552_14092_12054_11960_11280_11294_11295_11298_11307_11498_12879_13089_13506,schizophrenia,MONDO_grouped
8741,TNFSF13,NCBI,5090_13498_8414_10897_33312_10943_11552_14092_12054_11960_11280_11294_11295_11298_11307_11498_12879_13089_13506,schizophrenia,MONDO_grouped
23043,TNIK,NCBI,5090_13498_8414_10897_33312_10943_11552_14092_12054_11960_11280_11294_11295_11298_11307_11498_12879_13089_13506,schizophrenia,MONDO_grouped
7148,TNXB,NCBI,5090_13498_8414_10897_33312_10943_11552_14092_12054_11960_11280_11294_11295_11298_11307_11498_12879_13089_13506,schizophrenia,MONDO_grouped
8940,TOP3B,NCBI,5090_13498_8414_10897_33312_10943_11552_14092_12054_11960_11280_11294_11295_11298_11307_11498_12879_13089_13506,schizophrenia,MONDO_grouped
7157,TP53,NCBI,5090_13498_8414_10897_33312_10943_11552_14092_12054_11960_11280_11294_11295_11298_11307_11498_12879_13089_13506,schizophrenia,MONDO_grouped
7166,TPH1,NCBI,5090_13498_8414_10897_33312_10943_11552_14092_12054_11960_11280_11294_11295_11298_11307_11498_12879_13089_13506,schizophrenia,MONDO_grouped
121278,TPH2,NCBI,5090_13498_8414_10897_33312_10943_11552_14092_12054_11960_11280_11294_11295_11298_11307_11498_12879_13089_13506,schizophrenia,MONDO_grouped
7167,TPI1,NCBI,5090_13498_8414_10897_33312_10943_11552_14092_12054_11960_11280_11294_11295_11298_11307_11498_12879_13089_13506,schizophrenia,MONDO_grouped
7178,TPT1,NCBI,5090_13498_8414_10897_33312_10943_11552_14092_12054_11960_11280_11294_11295_11298_11307_11498_12879_13089_13506,schizophrenia,MONDO_grouped
22906,TRAK1,NCBI,5090_13498_8414_10897_33312_10943_11552_14092_12054_11960_11280_11294_11295_11298_11307_11498_12879_13089_13506,schizophrenia,MONDO_grouped
54210,TREM1,NCBI,5090_13498_8414_10897_33312_10943_11552_14092_12054_11960_11280_11294_11295_11298_11307_11498_12879_13089_13506,schizophrenia,MONDO_grouped
27037,TRMT2A,NCBI,5090_13498_8414_10897_33312_10943_11552_14092_12054_11960_11280_11294_11295_11298_11307_11498_12879_13089_13506,schizophrenia,MONDO_grouped
4308,TRPM1,NCBI,5090_13498_8414_10897_33312_10943_11552_14092_12054_11960_11280_11294_11295_11298_11307_11498_12879_13089_13506,schizophrenia,MONDO_grouped
8295,TRRAP,NCBI,5090_13498_8414_10897_33312_10943_11552_14092_12054_11960_11280_11294_11295_11298_11307_11498_12879_13089_13506,schizophrenia,MONDO_grouped
203062,TSNARE1,NCBI,5090_13498_8414_10897_33312_10943_11552_14092_12054_11960_11280_11294_11295_11298_11307_11498_12879_13089_13506,schizophrenia,MONDO_grouped
100303453,TSNAX-DISC1,NCBI,5090_13498_8414_10897_33312_10943_11552_14092_12054_11960_11280_11294_11295_11298_11307_11498_12879_13089_13506,schizophrenia,MONDO_grouped
90139,TSPAN18,NCBI,5090_13498_8414_10897_33312_10943_11552_14092_12054_11960_11280_11294_11295_11298_11307_11498_12879_13089_13506,schizophrenia,MONDO_grouped
7103,TSPAN8,NCBI,5090_13498_8414_10897_33312_10943_11552_14092_12054_11960_11280_11294_11295_11298_11307_11498_12879_13089_13506,schizophrenia,MONDO_grouped
81567,TXNDC5,NCBI,5090_13498_8414_10897_33312_10943_11552_14092_12054_11960_11280_11294_11295_11298_11307_11498_12879_13089_13506,schizophrenia,MONDO_grouped
7299,TYR,NCBI,5090_13498_8414_10897_33312_10943_11552_14092_12054_11960_11280_11294_11295_11298_11307_11498_12879_13089_13506,schizophrenia,MONDO_grouped
7351,UCP2,NCBI,5090_13498_8414_10897_33312_10943_11552_14092_12054_11960_11280_11294_11295_11298_11307_11498_12879_13089_13506,schizophrenia,MONDO_grouped
7353,UFD1,NCBI,5090_13498_8414_10897_33312_10943_11552_14092_12054_11960_11280_11294_11295_11298_11307_11498_12879_13089_13506,schizophrenia,MONDO_grouped
54659,UGT1A3,NCBI,5090_13498_8414_10897_33312_10943_11552_14092_12054_11960_11280_11294_11295_11298_11307_11498_12879_13089_13506,schizophrenia,MONDO_grouped
127933,UHMK1,NCBI,5090_13498_8414_10897_33312_10943_11552_14092_12054_11960_11280_11294_11295_11298_11307_11498_12879_13089_13506,schizophrenia,MONDO_grouped
54986,ULK4,NCBI,5090_13498_8414_10897_33312_10943_11552_14092_12054_11960_11280_11294_11295_11298_11307_11498_12879_13089_13506,schizophrenia,MONDO_grouped
8633,UNC5C,NCBI,5090_13498_8414_10897_33312_10943_11552_14092_12054_11960_11280_11294_11295_11298_11307_11498_12879_13089_13506,schizophrenia,MONDO_grouped
7432,VIP,NCBI,5090_13498_8414_10897_33312_10943_11552_14092_12054_11960_11280_11294_11295_11298_11307_11498_12879_13089_13506,schizophrenia,MONDO_grouped
7434,VIPR2,NCBI,5090_13498_8414_10897_33312_10943_11552_14092_12054_11960_11280_11294_11295_11298_11307_11498_12879_13089_13506,schizophrenia,MONDO_grouped
7436,VLDLR,NCBI,5090_13498_8414_10897_33312_10943_11552_14092_12054_11960_11280_11294_11295_11298_11307_11498_12879_13089_13506,schizophrenia,MONDO_grouped
55737,VPS35,NCBI,5090_13498_8414_10897_33312_10943_11552_14092_12054_11960_11280_11294_11295_11298_11307_11498_12879_13089_13506,schizophrenia,MONDO_grouped
23339,VPS39,NCBI,5090_13498_8414_10897_33312_10943_11552_14092_12054_11960_11280_11294_11295_11298_11307_11498_12879_13089_13506,schizophrenia,MONDO_grouped
7444,VRK2,NCBI,5090_13498_8414_10897_33312_10943_11552_14092_12054_11960_11280_11294_11295_11298_11307_11498_12879_13089_13506,schizophrenia,MONDO_grouped
7447,VSNL1,NCBI,5090_13498_8414_10897_33312_10943_11552_14092_12054_11960_11280_11294_11295_11298_11307_11498_12879_13089_13506,schizophrenia,MONDO_grouped
55717,WDR11,NCBI,5090_13498_8414_10897_33312_10943_11552_14092_12054_11960_11280_11294_11295_11298_11307_11498_12879_13089_13506,schizophrenia,MONDO_grouped
65267,WNK3,NCBI,5090_13498_8414_10897_33312_10943_11552_14092_12054_11960_11280_11294_11295_11298_11307_11498_12879_13089_13506,schizophrenia,MONDO_grouped
7494,XBP1,NCBI,5090_13498_8414_10897_33312_10943_11552_14092_12054_11960_11280_11294_11295_11298_11307_11498_12879_13089_13506,schizophrenia,MONDO_grouped
7515,XRCC1,NCBI,5090_13498_8414_10897_33312_10943_11552_14092_12054_11960_11280_11294_11295_11298_11307_11498_12879_13089_13506,schizophrenia,MONDO_grouped
7518,XRCC4,NCBI,5090_13498_8414_10897_33312_10943_11552_14092_12054_11960_11280_11294_11295_11298_11307_11498_12879_13089_13506,schizophrenia,MONDO_grouped
7531,YWHAE,NCBI,5090_13498_8414_10897_33312_10943_11552_14092_12054_11960_11280_11294_11295_11298_11307_11498_12879_13089_13506,schizophrenia,MONDO_grouped
86123,YWHAZP5,NCBI,5090_13498_8414_10897_33312_10943_11552_14092_12054_11960_11280_11294_11295_11298_11307_11498_12879_13089_13506,schizophrenia,MONDO_grouped
29801,ZDHHC8,NCBI,5090_13498_8414_10897_33312_10943_11552_14092_12054_11960_11280_11294_11295_11298_11307_11498_12879_13089_13506,schizophrenia,MONDO_grouped
7546,ZIC2,NCBI,5090_13498_8414_10897_33312_10943_11552_14092_12054_11960_11280_11294_11295_11298_11307_11498_12879_13089_13506,schizophrenia,MONDO_grouped
387032,ZKSCAN4,NCBI,5090_13498_8414_10897_33312_10943_11552_14092_12054_11960_11280_11294_11295_11298_11307_11498_12879_13089_13506,schizophrenia,MONDO_grouped
147657,ZNF480,NCBI,5090_13498_8414_10897_33312_10943_11552_14092_12054_11960_11280_11294_11295_11298_11307_11498_12879_13089_13506,schizophrenia,MONDO_grouped
348327,ZNF530,NCBI,5090_13498_8414_10897_33312_10943_11552_14092_12054_11960_11280_11294_11295_11298_11307_11498_12879_13089_13506,schizophrenia,MONDO_grouped
147929,ZNF565,NCBI,5090_13498_8414_10897_33312_10943_11552_14092_12054_11960_11280_11294_11295_11298_11307_11498_12879_13089_13506,schizophrenia,MONDO_grouped
7625,ZNF74,NCBI,5090_13498_8414_10897_33312_10943_11552_14092_12054_11960_11280_11294_11295_11298_11307_11498_12879_13089_13506,schizophrenia,MONDO_grouped
91752,ZNF804A,NCBI,5090_13498_8414_10897_33312_10943_11552_14092_12054_11960_11280_11294_11295_11298_11307_11498_12879_13089_13506,schizophrenia,MONDO_grouped
64288,ZSCAN31,NCBI,5090_13498_8414_10897_33312_10943_11552_14092_12054_11960_11280_11294_11295_11298_11307_11498_12879_13089_13506,schizophrenia,MONDO_grouped
28,ABO,NCBI,5098,stroke disorder,MONDO
1636,ACE,NCBI,5098,stroke disorder,MONDO
213,ALB,NCBI,5098,stroke disorder,MONDO
287,ANK2,NCBI,5098,stroke disorder,MONDO
335,APOA1,NCBI,5098,stroke disorder,MONDO
351,APP,NCBI,5098,stroke disorder,MONDO
54897,CASZ1,NCBI,5098,stroke disorder,MONDO
1021,CDK6,NCBI,5098,stroke disorder,MONDO
1281,COL3A1,NCBI,5098,stroke disorder,MONDO
2833,CXCR3,NCBI,5098,stroke disorder,MONDO
1906,EDN1,NCBI,5098,stroke disorder,MONDO
1909,EDNRA,NCBI,5098,stroke disorder,MONDO
2147,F2,NCBI,5098,stroke disorder,MONDO
2153,F5,NCBI,5098,stroke disorder,MONDO
2243,FGA,NCBI,5098,stroke disorder,MONDO
2295,FOXF2,NCBI,5098,stroke disorder,MONDO
2717,GLA,NCBI,5098,stroke disorder,MONDO
9734,HDAC9,NCBI,5098,stroke disorder,MONDO
3360,HTR4,NCBI,5098,stroke disorder,MONDO
3383,ICAM1,NCBI,5098,stroke disorder,MONDO
3553,IL1B,NCBI,5098,stroke disorder,MONDO
3557,IL1RN,NCBI,5098,stroke disorder,MONDO
3569,IL6,NCBI,5098,stroke disorder,MONDO
3659,IRF1,NCBI,5098,stroke disorder,MONDO
3674,ITGA2B,NCBI,5098,stroke disorder,MONDO
3685,ITGAV,NCBI,5098,stroke disorder,MONDO
3690,ITGB3,NCBI,5098,stroke disorder,MONDO
9445,ITM2B,NCBI,5098,stroke disorder,MONDO
3777,KCNK3,NCBI,5098,stroke disorder,MONDO
4018,LPA,NCBI,5098,stroke disorder,MONDO
23143,LRCH1,NCBI,5098,stroke disorder,MONDO
4321,MMP12,NCBI,5098,stroke disorder,MONDO
4524,MTHFR,NCBI,5098,stroke disorder,MONDO
1482,NKX2-5,NCBI,5098,stroke disorder,MONDO
4843,NOS2,NCBI,5098,stroke disorder,MONDO
196743,PAOX,NCBI,5098,stroke disorder,MONDO
5139,PDE3A,NCBI,5098,stroke disorder,MONDO
5308,PITX2,NCBI,5098,stroke disorder,MONDO
7941,PLA2G7,NCBI,5098,stroke disorder,MONDO
5327,PLAT,NCBI,5098,stroke disorder,MONDO
5328,PLAU,NCBI,5098,stroke disorder,MONDO
5563,PRKAA2,NCBI,5098,stroke disorder,MONDO
10594,PRPF8,NCBI,5098,stroke disorder,MONDO
5743,PTGS2,NCBI,5098,stroke disorder,MONDO
6000,RGS7,NCBI,5098,stroke disorder,MONDO
10019,SH2B3,NCBI,5098,stroke disorder,MONDO
9644,SH3PXD2A,NCBI,5098,stroke disorder,MONDO
54498,SMOX,NCBI,5098,stroke disorder,MONDO
6647,SOD1,NCBI,5098,stroke disorder,MONDO
6926,TBX3,NCBI,5098,stroke disorder,MONDO
7040,TGFB1,NCBI,5098,stroke disorder,MONDO
7124,TNF,NCBI,5098,stroke disorder,MONDO
10100,TSPAN2,NCBI,5098,stroke disorder,MONDO
7351,UCP2,NCBI,5098,stroke disorder,MONDO
79001,VKORC1,NCBI,5098,stroke disorder,MONDO
7482,WNT2B,NCBI,5098,stroke disorder,MONDO
23174,ZCCHC14,NCBI,5098,stroke disorder,MONDO
463,ZFHX3,NCBI,5098,stroke disorder,MONDO
