chembl_id,chembl_pref_name,drugbank_id,drug_name,uniprot_accession,entrez_id,protein_gene_symbol,hgnc_id,hgnc_symbol,hgnc_name,relation,drug_source,protein_source,mapping_status,mapping_reason
CHEMBL100116,PENTAZOCINE,DB00652,Pentazocine,P08183,5243,ABCB1,HGNC:40,ABCB1,ATP binding cassette subfamily B member 1,targets,DrugBank,NCBI,validated,previous_mapping
CHEMBL100116,PENTAZOCINE,DB00652,Pentazocine,P35372,4988,OPRM1,HGNC:8156,OPRM1,opioid receptor mu 1,targets,DrugBank,NCBI,validated,previous_mapping
CHEMBL100116,PENTAZOCINE,DB00652,Pentazocine,P41145,4986,OPRK1,HGNC:8154,OPRK1,opioid receptor kappa 1,targets,DrugBank,NCBI,validated,previous_mapping
CHEMBL100116,PENTAZOCINE,DB00652,Pentazocine,Q99720,10280,SIGMAR1,HGNC:8157,SIGMAR1,sigma receptor chaperone 1,targets,DrugBank,NCBI,validated,previous_mapping
CHEMBL1002,LEVOSALBUTAMOL,DB13139,Levosalbutamol,P07550,154,ADRB2,HGNC:286,ADRB2,adrenoceptor beta 2,targets,DrugBank,NCBI,validated,previous_mapping
CHEMBL1002,LEVOSALBUTAMOL,DB13139,Levosalbutamol,P08684,1576,CYP3A4,HGNC:2637,CYP3A4,cytochrome P450 family 3 subfamily A member 4,targets,DrugBank,NCBI,validated,previous_mapping
CHEMBL1002,LEVOSALBUTAMOL,DB13139,Levosalbutamol,P10635,1565,CYP2D6,HGNC:2625,CYP2D6,cytochrome P450 family 2 subfamily D member 6 (gene/pseudogene),targets,DrugBank,NCBI,validated,previous_mapping
CHEMBL1002,LEVOSALBUTAMOL,DB13139,Levosalbutamol,Q9NPD5,28234,SLCO1B3,HGNC:10961,SLCO1B3,solute carrier organic anion transporter family member 1B3,targets,DrugBank,NCBI,validated,previous_mapping
CHEMBL1002,LEVOSALBUTAMOL,DB13139,Levosalbutamol,Q9Y6L6,10599,SLCO1B1,HGNC:10959,SLCO1B1,solute carrier organic anion transporter family member 1B1,targets,DrugBank,NCBI,validated,previous_mapping
CHEMBL1006,AMIFOSTINE,DB01143,Amifostine,P05186,249,ALPL,HGNC:438,ALPL,"alkaline phosphatase, biomineralization associated",targets,DrugBank,NCBI,validated,previous_mapping
CHEMBL1006,AMIFOSTINE,DB01143,Amifostine,P10696,251,ALPG,HGNC:441,ALPG,"alkaline phosphatase, germ cell",targets,DrugBank,NCBI,validated,previous_mapping
CHEMBL1009,LEVODOPA,DB01235,Levodopa,P02768,213,ALB,HGNC:399,ALB,albumin,targets,DrugBank,NCBI,validated,previous_mapping
CHEMBL1009,LEVODOPA,DB01235,Levodopa,P14416,1813,DRD2,HGNC:3023,DRD2,dopamine receptor D2,targets,DrugBank,NCBI,validated,previous_mapping
CHEMBL1009,LEVODOPA,DB01235,Levodopa,P20711,1644,DDC,HGNC:2719,DDC,dopa decarboxylase,targets,DrugBank,NCBI,validated,previous_mapping
CHEMBL1009,LEVODOPA,DB01235,Levodopa,P21728,1812,DRD1,HGNC:3020,DRD1,dopamine receptor D1,targets,DrugBank,NCBI,validated,previous_mapping
CHEMBL1009,LEVODOPA,DB01235,Levodopa,P21917,1815,DRD4,HGNC:3025,DRD4,dopamine receptor D4,targets,DrugBank,NCBI,validated,previous_mapping
CHEMBL1009,LEVODOPA,DB01235,Levodopa,P21918,1816,DRD5,HGNC:3026,DRD5,dopamine receptor D5,targets,DrugBank,NCBI,validated,previous_mapping
CHEMBL1009,LEVODOPA,DB01235,Levodopa,P35462,1814,DRD3,HGNC:3024,DRD3,dopamine receptor D3,targets,DrugBank,NCBI,validated,previous_mapping
CHEMBL1009,LEVODOPA,DB01235,Levodopa,P46059,6564,SLC15A1,HGNC:10920,SLC15A1,solute carrier family 15 member 1,targets,DrugBank,NCBI,validated,previous_mapping
CHEMBL1009,LEVODOPA,DB01235,Levodopa,Q01650,8140,SLC7A5,HGNC:11063,SLC7A5,solute carrier family 7 member 5,targets,DrugBank,NCBI,validated,previous_mapping
CHEMBL1009,LEVODOPA,DB01235,Levodopa,Q8TF71,117247,SLC16A10,HGNC:17027,SLC16A10,solute carrier family 16 member 10,targets,DrugBank,NCBI,validated,previous_mapping
CHEMBL1009,LEVODOPA,DB01235,Levodopa,Q9UHI5,23428,SLC7A8,HGNC:11066,SLC7A8,solute carrier family 7 member 8,targets,DrugBank,NCBI,validated,previous_mapping
CHEMBL1017,TELMISARTAN,DB00966,Telmisartan,O95342,8647,ABCB11,HGNC:42,ABCB11,ATP binding cassette subfamily B member 11,targets,DrugBank,NCBI,validated,previous_mapping
CHEMBL1017,TELMISARTAN,DB00966,Telmisartan,P08183,5243,ABCB1,HGNC:40,ABCB1,ATP binding cassette subfamily B member 1,targets,DrugBank,NCBI,validated,previous_mapping
CHEMBL1017,TELMISARTAN,DB00966,Telmisartan,P30556,185,AGTR1,HGNC:336,AGTR1,angiotensin II receptor type 1,targets,DrugBank,NCBI,validated,previous_mapping
CHEMBL1017,TELMISARTAN,DB00966,Telmisartan,P33261,1557,CYP2C19,HGNC:2621,CYP2C19,cytochrome P450 family 2 subfamily C member 19,targets,DrugBank,NCBI,validated,previous_mapping
CHEMBL1017,TELMISARTAN,DB00966,Telmisartan,P35503,54659,UGT1A3,HGNC:12535,UGT1A3,UDP glucuronosyltransferase family 1 member A3,targets,DrugBank,NCBI,validated,previous_mapping
CHEMBL1017,TELMISARTAN,DB00966,Telmisartan,P37231,5468,PPARG,HGNC:9236,PPARG,peroxisome proliferator activated receptor gamma,targets,DrugBank,NCBI,validated,previous_mapping
CHEMBL1017,TELMISARTAN,DB00966,Telmisartan,Q92887,1244,ABCC2,HGNC:53,ABCC2,ATP binding cassette subfamily C member 2,targets,DrugBank,NCBI,validated,previous_mapping
CHEMBL1017,TELMISARTAN,DB00966,Telmisartan,Q9UNQ0,9429,ABCG2,HGNC:74,ABCG2,ATP binding cassette subfamily G member 2 (JR blood group),targets,DrugBank,NCBI,validated,previous_mapping
CHEMBL1027,TIAGABINE,DB00906,Tiagabine,P08684,1576,CYP3A4,HGNC:2637,CYP3A4,cytochrome P450 family 3 subfamily A member 4,targets,DrugBank,NCBI,validated,previous_mapping
CHEMBL1027,TIAGABINE,DB00906,Tiagabine,P22309,54658,UGT1A1,HGNC:12530,UGT1A1,UDP glucuronosyltransferase family 1 member A1,targets,DrugBank,NCBI,validated,previous_mapping
CHEMBL1027,TIAGABINE,DB00906,Tiagabine,P30531,6529,SLC6A1,HGNC:11042,SLC6A1,solute carrier family 6 member 1,targets,DrugBank,NCBI,validated,previous_mapping
CHEMBL103,PROGESTERONE,DB00396,Progesterone,O15244,6582,SLC22A2,HGNC:10966,SLC22A2,solute carrier family 22 member 2,targets,DrugBank,NCBI,validated,previous_mapping
CHEMBL103,PROGESTERONE,DB00396,Progesterone,O15245,6580,SLC22A1,HGNC:10963,SLC22A1,solute carrier family 22 member 1,targets,DrugBank,NCBI,validated,previous_mapping
CHEMBL103,PROGESTERONE,DB00396,Progesterone,O75751,6581,SLC22A3,HGNC:10967,SLC22A3,solute carrier family 22 member 3,targets,DrugBank,NCBI,validated,previous_mapping
CHEMBL103,PROGESTERONE,DB00396,Progesterone,O95342,8647,ABCB11,HGNC:42,ABCB11,ATP binding cassette subfamily B member 11,targets,DrugBank,NCBI,validated,previous_mapping
CHEMBL103,PROGESTERONE,DB00396,Progesterone,P02763,5004,ORM1,HGNC:8498,ORM1,orosomucoid 1,targets,DrugBank,NCBI,validated,previous_mapping
CHEMBL103,PROGESTERONE,DB00396,Progesterone,P03372,2099,ESR1,HGNC:3467,ESR1,estrogen receptor 1,targets,DrugBank,NCBI,validated,previous_mapping
CHEMBL103,PROGESTERONE,DB00396,Progesterone,P04150,2908,NR3C1,HGNC:7978,NR3C1,nuclear receptor subfamily 3 group C member 1,targets,DrugBank,NCBI,validated,previous_mapping
CHEMBL103,PROGESTERONE,DB00396,Progesterone,P04278,6462,SHBG,HGNC:10839,SHBG,sex hormone binding globulin,targets,DrugBank,NCBI,validated,previous_mapping
CHEMBL103,PROGESTERONE,DB00396,Progesterone,P04798,1543,CYP1A1,HGNC:2595,CYP1A1,cytochrome P450 family 1 subfamily A member 1,targets,DrugBank,NCBI,validated,previous_mapping
CHEMBL103,PROGESTERONE,DB00396,Progesterone,P05093,1586,CYP17A1,HGNC:2593,CYP17A1,cytochrome P450 family 17 subfamily A member 1,targets,DrugBank,NCBI,validated,previous_mapping
CHEMBL103,PROGESTERONE,DB00396,Progesterone,P06401,5241,PGR,HGNC:8910,PGR,progesterone receptor,targets,DrugBank,NCBI,validated,previous_mapping
CHEMBL103,PROGESTERONE,DB00396,Progesterone,P08183,5243,ABCB1,HGNC:40,ABCB1,ATP binding cassette subfamily B member 1,targets,DrugBank,NCBI,validated,previous_mapping
CHEMBL103,PROGESTERONE,DB00396,Progesterone,P08235,4306,NR3C2,HGNC:7979,NR3C2,nuclear receptor subfamily 3 group C member 2,targets,DrugBank,NCBI,validated,previous_mapping
CHEMBL103,PROGESTERONE,DB00396,Progesterone,P08684,1576,CYP3A4,HGNC:2637,CYP3A4,cytochrome P450 family 3 subfamily A member 4,targets,DrugBank,NCBI,validated,previous_mapping
CHEMBL103,PROGESTERONE,DB00396,Progesterone,P10275,367,AR,HGNC:644,AR,androgen receptor,targets,DrugBank,NCBI,validated,previous_mapping
CHEMBL103,PROGESTERONE,DB00396,Progesterone,P10635,1565,CYP2D6,HGNC:2625,CYP2D6,cytochrome P450 family 2 subfamily D member 6 (gene/pseudogene),targets,DrugBank,NCBI,validated,previous_mapping
CHEMBL103,PROGESTERONE,DB00396,Progesterone,P11509,1548,CYP2A6,HGNC:2610,CYP2A6,cytochrome P450 family 2 subfamily A member 6,targets,DrugBank,NCBI,validated,previous_mapping
CHEMBL103,PROGESTERONE,DB00396,Progesterone,P11712,1559,CYP2C9,HGNC:2623,CYP2C9,cytochrome P450 family 2 subfamily C member 9,targets,DrugBank,NCBI,validated,previous_mapping
CHEMBL103,PROGESTERONE,DB00396,Progesterone,P20815,1577,CYP3A5,HGNC:2638,CYP3A5,cytochrome P450 family 3 subfamily A member 5,targets,DrugBank,NCBI,validated,previous_mapping
CHEMBL103,PROGESTERONE,DB00396,Progesterone,P24462,1551,CYP3A7,HGNC:2640,CYP3A7,cytochrome P450 family 3 subfamily A member 7,targets,DrugBank,NCBI,validated,previous_mapping
CHEMBL103,PROGESTERONE,DB00396,Progesterone,P33261,1557,CYP2C19,HGNC:2621,CYP2C19,cytochrome P450 family 2 subfamily C member 19,targets,DrugBank,NCBI,validated,previous_mapping
CHEMBL103,PROGESTERONE,DB00396,Progesterone,P33527,4363,ABCC1,HGNC:51,ABCC1,ATP binding cassette subfamily C member 1 (ABCC1 blood group),targets,DrugBank,NCBI,validated,previous_mapping
CHEMBL103,PROGESTERONE,DB00396,Progesterone,P41145,4986,OPRK1,HGNC:8154,OPRK1,opioid receptor kappa 1,targets,DrugBank,NCBI,validated,previous_mapping
CHEMBL103,PROGESTERONE,DB00396,Progesterone,Q14973,6554,SLC10A1,HGNC:10905,SLC10A1,solute carrier family 10 member 1,targets,DrugBank,NCBI,validated,previous_mapping
CHEMBL103,PROGESTERONE,DB00396,Progesterone,Q16678,1545,CYP1B1,HGNC:2597,CYP1B1,cytochrome P450 family 1 subfamily B member 1,targets,DrugBank,NCBI,validated,previous_mapping
CHEMBL103,PROGESTERONE,DB00396,Progesterone,Q92731,2100,ESR2,HGNC:3468,ESR2,estrogen receptor 2,targets,DrugBank,NCBI,validated,previous_mapping
CHEMBL103,PROGESTERONE,DB00396,Progesterone,Q9NPD5,28234,SLCO1B3,HGNC:10961,SLCO1B3,solute carrier organic anion transporter family member 1B3,targets,DrugBank,NCBI,validated,previous_mapping
CHEMBL103,PROGESTERONE,DB00396,Progesterone,Q9UNQ0,9429,ABCG2,HGNC:74,ABCG2,ATP binding cassette subfamily G member 2 (JR blood group),targets,DrugBank,NCBI,validated,previous_mapping
CHEMBL103,PROGESTERONE,DB00396,Progesterone,Q9Y6L6,10599,SLCO1B1,HGNC:10959,SLCO1B1,solute carrier organic anion transporter family member 1B1,targets,DrugBank,NCBI,validated,previous_mapping
CHEMBL1044,PHENYLACETIC ACID,DB09269,Phenylacetic acid,P23141,1066,CES1,HGNC:1863,CES1,carboxylesterase 1,targets,DrugBank,NCBI,validated,previous_mapping
CHEMBL1054,TRICHLORMETHIAZIDE,DB01021,Trichlormethiazide,P00915,759,CA1,HGNC:1368,CA1,carbonic anhydrase 1,targets,DrugBank,NCBI,validated,previous_mapping
CHEMBL1054,TRICHLORMETHIAZIDE,DB01021,Trichlormethiazide,P00918,760,CA2,HGNC:1373,CA2,carbonic anhydrase 2,targets,DrugBank,NCBI,validated,previous_mapping
CHEMBL1054,TRICHLORMETHIAZIDE,DB01021,Trichlormethiazide,P05023,476,ATP1A1,HGNC:799,ATP1A1,ATPase Na+/K+ transporting subunit alpha 1,targets,DrugBank,NCBI,validated,previous_mapping
CHEMBL1054,TRICHLORMETHIAZIDE,DB01021,Trichlormethiazide,P22748,762,CA4,HGNC:1375,CA4,carbonic anhydrase 4,targets,DrugBank,NCBI,validated,previous_mapping
CHEMBL1054,TRICHLORMETHIAZIDE,DB01021,Trichlormethiazide,P51580,7172,TPMT,HGNC:12014,TPMT,thiopurine S-methyltransferase,targets,DrugBank,NCBI,validated,previous_mapping
CHEMBL1054,TRICHLORMETHIAZIDE,DB01021,Trichlormethiazide,P55017,6559,SLC12A3,HGNC:10912,SLC12A3,solute carrier family 12 member 3,targets,DrugBank,NCBI,validated,previous_mapping
CHEMBL1055,CHLORTHALIDONE,DB00310,Chlorthalidone,P00915,759,CA1,HGNC:1368,CA1,carbonic anhydrase 1,targets,DrugBank,NCBI,validated,previous_mapping
CHEMBL1055,CHLORTHALIDONE,DB00310,Chlorthalidone,P02768,213,ALB,HGNC:399,ALB,albumin,targets,DrugBank,NCBI,validated,previous_mapping
CHEMBL1055,CHLORTHALIDONE,DB00310,Chlorthalidone,Q13621,6557,SLC12A1,HGNC:10910,SLC12A1,solute carrier family 12 member 1,targets,DrugBank,NCBI,validated,previous_mapping
CHEMBL1059,PREGABALIN,DB00230,Pregabalin,P43005,6505,SLC1A1,HGNC:10939,SLC1A1,solute carrier family 1 member 1,targets,DrugBank,NCBI,validated,previous_mapping
CHEMBL1059,PREGABALIN,DB00230,Pregabalin,P54289,781,CACNA2D1,HGNC:1399,CACNA2D1,calcium voltage-gated channel auxiliary subunit alpha2delta 1,targets,DrugBank,NCBI,validated,previous_mapping
CHEMBL1059,PREGABALIN,DB00230,Pregabalin,Q01650,8140,SLC7A5,HGNC:11063,SLC7A5,solute carrier family 7 member 5,targets,DrugBank,NCBI,validated,previous_mapping
CHEMBL1064,SIMVASTATIN,DB00641,Simvastatin,O94956,11309,SLCO2B1,HGNC:10962,SLCO2B1,solute carrier organic anion transporter family member 2B1,targets,DrugBank,NCBI,validated,previous_mapping
CHEMBL1064,SIMVASTATIN,DB00641,Simvastatin,O95342,8647,ABCB11,HGNC:42,ABCB11,ATP binding cassette subfamily B member 11,targets,DrugBank,NCBI,validated,previous_mapping
CHEMBL1064,SIMVASTATIN,DB00641,Simvastatin,P04035,3156,HMGCR,HGNC:5006,HMGCR,3-hydroxy-3-methylglutaryl-CoA reductase,targets,DrugBank,NCBI,validated,previous_mapping
CHEMBL1064,SIMVASTATIN,DB00641,Simvastatin,P08183,5243,ABCB1,HGNC:40,ABCB1,ATP binding cassette subfamily B member 1,targets,DrugBank,NCBI,validated,previous_mapping
CHEMBL1064,SIMVASTATIN,DB00641,Simvastatin,P08684,1576,CYP3A4,HGNC:2637,CYP3A4,cytochrome P450 family 3 subfamily A member 4,targets,DrugBank,NCBI,validated,previous_mapping
CHEMBL1064,SIMVASTATIN,DB00641,Simvastatin,P10632,1558,CYP2C8,HGNC:2622,CYP2C8,cytochrome P450 family 2 subfamily C member 8,targets,DrugBank,NCBI,validated,previous_mapping
CHEMBL1064,SIMVASTATIN,DB00641,Simvastatin,P10635,1565,CYP2D6,HGNC:2625,CYP2D6,cytochrome P450 family 2 subfamily D member 6 (gene/pseudogene),targets,DrugBank,NCBI,validated,previous_mapping
CHEMBL1064,SIMVASTATIN,DB00641,Simvastatin,P11712,1559,CYP2C9,HGNC:2623,CYP2C9,cytochrome P450 family 2 subfamily C member 9,targets,DrugBank,NCBI,validated,previous_mapping
CHEMBL1064,SIMVASTATIN,DB00641,Simvastatin,P16662,7364,UGT2B7,HGNC:12554,UGT2B7,UDP glucuronosyltransferase family 2 member B7,targets,DrugBank,NCBI,validated,previous_mapping
CHEMBL1064,SIMVASTATIN,DB00641,Simvastatin,P20701,3683,ITGAL,HGNC:6148,ITGAL,integrin subunit alpha L,targets,DrugBank,NCBI,validated,previous_mapping
CHEMBL1064,SIMVASTATIN,DB00641,Simvastatin,P20813,1555,CYP2B6,HGNC:2615,CYP2B6,cytochrome P450 family 2 subfamily B member 6,targets,DrugBank,NCBI,validated,previous_mapping
CHEMBL1064,SIMVASTATIN,DB00641,Simvastatin,P20815,1577,CYP3A5,HGNC:2638,CYP3A5,cytochrome P450 family 3 subfamily A member 5,targets,DrugBank,NCBI,validated,previous_mapping
CHEMBL1064,SIMVASTATIN,DB00641,Simvastatin,P22309,54658,UGT1A1,HGNC:12530,UGT1A1,UDP glucuronosyltransferase family 1 member A1,targets,DrugBank,NCBI,validated,previous_mapping
CHEMBL1064,SIMVASTATIN,DB00641,Simvastatin,P33261,1557,CYP2C19,HGNC:2621,CYP2C19,cytochrome P450 family 2 subfamily C member 19,targets,DrugBank,NCBI,validated,previous_mapping
CHEMBL1064,SIMVASTATIN,DB00641,Simvastatin,P35503,54659,UGT1A3,HGNC:12535,UGT1A3,UDP glucuronosyltransferase family 1 member A3,targets,DrugBank,NCBI,validated,previous_mapping
CHEMBL1064,SIMVASTATIN,DB00641,Simvastatin,P46721,6579,SLCO1A2,HGNC:10956,SLCO1A2,solute carrier organic anion transporter family member 1A2,targets,DrugBank,NCBI,validated,previous_mapping
CHEMBL1064,SIMVASTATIN,DB00641,Simvastatin,Q92769,3066,HDAC2,HGNC:4853,HDAC2,histone deacetylase 2,targets,DrugBank,NCBI,validated,previous_mapping
CHEMBL1064,SIMVASTATIN,DB00641,Simvastatin,Q92887,1244,ABCC2,HGNC:53,ABCC2,ATP binding cassette subfamily C member 2,targets,DrugBank,NCBI,validated,previous_mapping
CHEMBL1064,SIMVASTATIN,DB00641,Simvastatin,Q9NPD5,28234,SLCO1B3,HGNC:10961,SLCO1B3,solute carrier organic anion transporter family member 1B3,targets,DrugBank,NCBI,validated,previous_mapping
CHEMBL1064,SIMVASTATIN,DB00641,Simvastatin,Q9Y6L6,10599,SLCO1B1,HGNC:10959,SLCO1B1,solute carrier organic anion transporter family member 1B1,targets,DrugBank,NCBI,validated,previous_mapping
CHEMBL1068,OXCARBAZEPINE,DB00776,Oxcarbazepine,O60939,6327,SCN2B,HGNC:10589,SCN2B,sodium voltage-gated channel beta subunit 2,targets,DrugBank,NCBI,validated,previous_mapping
CHEMBL1068,OXCARBAZEPINE,DB00776,Oxcarbazepine,O75828,874,CBR3,HGNC:1549,CBR3,carbonyl reductase 3,targets,DrugBank,NCBI,validated,previous_mapping
CHEMBL1068,OXCARBAZEPINE,DB00776,Oxcarbazepine,P02768,213,ALB,HGNC:399,ALB,albumin,targets,DrugBank,NCBI,validated,previous_mapping
CHEMBL1068,OXCARBAZEPINE,DB00776,Oxcarbazepine,P08183,5243,ABCB1,HGNC:40,ABCB1,ATP binding cassette subfamily B member 1,targets,DrugBank,NCBI,validated,previous_mapping
CHEMBL1068,OXCARBAZEPINE,DB00776,Oxcarbazepine,P08684,1576,CYP3A4,HGNC:2637,CYP3A4,cytochrome P450 family 3 subfamily A member 4,targets,DrugBank,NCBI,validated,previous_mapping
CHEMBL1068,OXCARBAZEPINE,DB00776,Oxcarbazepine,P16152,873,CBR1,HGNC:1548,CBR1,carbonyl reductase 1,targets,DrugBank,NCBI,validated,previous_mapping
CHEMBL1068,OXCARBAZEPINE,DB00776,Oxcarbazepine,P17516,1109,AKR1C4,HGNC:387,AKR1C4,aldo-keto reductase family 1 member C4,targets,DrugBank,NCBI,validated,previous_mapping
CHEMBL1068,OXCARBAZEPINE,DB00776,Oxcarbazepine,P20815,1577,CYP3A5,HGNC:2638,CYP3A5,cytochrome P450 family 3 subfamily A member 5,targets,DrugBank,NCBI,validated,previous_mapping
CHEMBL1068,OXCARBAZEPINE,DB00776,Oxcarbazepine,P33261,1557,CYP2C19,HGNC:2621,CYP2C19,cytochrome P450 family 2 subfamily C member 19,targets,DrugBank,NCBI,validated,previous_mapping
CHEMBL1068,OXCARBAZEPINE,DB00776,Oxcarbazepine,P35498,6323,SCN1A,HGNC:10585,SCN1A,sodium voltage-gated channel alpha subunit 1,targets,DrugBank,NCBI,validated,previous_mapping
CHEMBL1068,OXCARBAZEPINE,DB00776,Oxcarbazepine,P35499,6329,SCN4A,HGNC:10591,SCN4A,sodium voltage-gated channel alpha subunit 4,targets,DrugBank,NCBI,validated,previous_mapping
CHEMBL1068,OXCARBAZEPINE,DB00776,Oxcarbazepine,P42330,8644,AKR1C3,HGNC:386,AKR1C3,aldo-keto reductase family 1 member C3,targets,DrugBank,NCBI,validated,previous_mapping
CHEMBL1068,OXCARBAZEPINE,DB00776,Oxcarbazepine,P52895,1646,AKR1C2,HGNC:385,AKR1C2,aldo-keto reductase family 1 member C2,targets,DrugBank,NCBI,validated,previous_mapping
CHEMBL1068,OXCARBAZEPINE,DB00776,Oxcarbazepine,Q01118,6332,SCN7A,HGNC:10594,SCN7A,sodium voltage-gated channel alpha subunit 7,targets,DrugBank,NCBI,validated,previous_mapping
CHEMBL1068,OXCARBAZEPINE,DB00776,Oxcarbazepine,Q04828,1645,AKR1C1,HGNC:384,AKR1C1,aldo-keto reductase family 1 member C1,targets,DrugBank,NCBI,validated,previous_mapping
CHEMBL1068,OXCARBAZEPINE,DB00776,Oxcarbazepine,Q07699,6324,SCN1B,HGNC:10586,SCN1B,sodium voltage-gated channel beta subunit 1,targets,DrugBank,NCBI,validated,previous_mapping
CHEMBL1068,OXCARBAZEPINE,DB00776,Oxcarbazepine,Q14524,6331,SCN5A,HGNC:10593,SCN5A,sodium voltage-gated channel alpha subunit 5,targets,DrugBank,NCBI,validated,previous_mapping
CHEMBL1068,OXCARBAZEPINE,DB00776,Oxcarbazepine,Q15858,6335,SCN9A,HGNC:10597,SCN9A,sodium voltage-gated channel alpha subunit 9,targets,DrugBank,NCBI,validated,previous_mapping
CHEMBL1068,OXCARBAZEPINE,DB00776,Oxcarbazepine,Q8IWT1,6330,SCN4B,HGNC:10592,SCN4B,sodium voltage-gated channel beta subunit 4,targets,DrugBank,NCBI,validated,previous_mapping
CHEMBL1068,OXCARBAZEPINE,DB00776,Oxcarbazepine,Q99250,6326,SCN2A,HGNC:10588,SCN2A,sodium voltage-gated channel alpha subunit 2,targets,DrugBank,NCBI,validated,previous_mapping
CHEMBL1068,OXCARBAZEPINE,DB00776,Oxcarbazepine,Q9NY46,6328,SCN3A,HGNC:10590,SCN3A,sodium voltage-gated channel alpha subunit 3,targets,DrugBank,NCBI,validated,previous_mapping
CHEMBL1068,OXCARBAZEPINE,DB00776,Oxcarbazepine,Q9NY72,55800,SCN3B,HGNC:20665,SCN3B,sodium voltage-gated channel beta subunit 3,targets,DrugBank,NCBI,validated,previous_mapping
CHEMBL1068,OXCARBAZEPINE,DB00776,Oxcarbazepine,Q9UI33,11280,SCN11A,HGNC:10583,SCN11A,sodium voltage-gated channel alpha subunit 11,targets,DrugBank,NCBI,validated,previous_mapping
CHEMBL1068,OXCARBAZEPINE,DB00776,Oxcarbazepine,Q9UQD0,6334,SCN8A,HGNC:10596,SCN8A,sodium voltage-gated channel alpha subunit 8,targets,DrugBank,NCBI,validated,previous_mapping
CHEMBL1068,OXCARBAZEPINE,DB00776,Oxcarbazepine,Q9Y5Y9,6336,SCN10A,HGNC:10582,SCN10A,sodium voltage-gated channel alpha subunit 10,targets,DrugBank,NCBI,validated,previous_mapping
CHEMBL1076903,VARENICLINE,DB01273,Varenicline,O15244,6582,SLC22A2,HGNC:10966,SLC22A2,solute carrier family 22 member 2,targets,DrugBank,NCBI,validated,previous_mapping
CHEMBL1076903,VARENICLINE,DB01273,Varenicline,P17787,1141,CHRNB2,HGNC:1962,CHRNB2,cholinergic receptor nicotinic beta 2 subunit,targets,DrugBank,NCBI,validated,previous_mapping
CHEMBL1076903,VARENICLINE,DB01273,Varenicline,P32297,1136,CHRNA3,HGNC:1957,CHRNA3,cholinergic receptor nicotinic alpha 3 subunit,targets,DrugBank,NCBI,validated,previous_mapping
CHEMBL1076903,VARENICLINE,DB01273,Varenicline,P36544,1139,CHRNA7,HGNC:1960,CHRNA7,cholinergic receptor nicotinic alpha 7 subunit,targets,DrugBank,NCBI,validated,previous_mapping
CHEMBL1076903,VARENICLINE,DB01273,Varenicline,P43681,1137,CHRNA4,HGNC:1958,CHRNA4,cholinergic receptor nicotinic alpha 4 subunit,targets,DrugBank,NCBI,validated,previous_mapping
CHEMBL1076903,VARENICLINE,DB01273,Varenicline,Q15825,8973,CHRNA6,HGNC:15963,CHRNA6,cholinergic receptor nicotinic alpha 6 subunit,targets,DrugBank,NCBI,validated,previous_mapping
CHEMBL108,CARBAMAZEPINE,DB00564,Carbamazepine,O75469,8856,NR1I2,HGNC:7968,NR1I2,nuclear receptor subfamily 1 group I member 2,targets,DrugBank,NCBI,validated,previous_mapping
CHEMBL108,CARBAMAZEPINE,DB00564,Carbamazepine,P05177,1544,CYP1A2,HGNC:2596,CYP1A2,cytochrome P450 family 1 subfamily A member 2,targets,DrugBank,NCBI,validated,previous_mapping
CHEMBL108,CARBAMAZEPINE,DB00564,Carbamazepine,P08183,5243,ABCB1,HGNC:40,ABCB1,ATP binding cassette subfamily B member 1,targets,DrugBank,NCBI,validated,previous_mapping
CHEMBL108,CARBAMAZEPINE,DB00564,Carbamazepine,P08684,1576,CYP3A4,HGNC:2637,CYP3A4,cytochrome P450 family 3 subfamily A member 4,targets,DrugBank,NCBI,validated,previous_mapping
CHEMBL108,CARBAMAZEPINE,DB00564,Carbamazepine,P10632,1558,CYP2C8,HGNC:2622,CYP2C8,cytochrome P450 family 2 subfamily C member 8,targets,DrugBank,NCBI,validated,previous_mapping
CHEMBL108,CARBAMAZEPINE,DB00564,Carbamazepine,P11712,1559,CYP2C9,HGNC:2623,CYP2C9,cytochrome P450 family 2 subfamily C member 9,targets,DrugBank,NCBI,validated,previous_mapping
CHEMBL108,CARBAMAZEPINE,DB00564,Carbamazepine,P16662,7364,UGT2B7,HGNC:12554,UGT2B7,UDP glucuronosyltransferase family 2 member B7,targets,DrugBank,NCBI,validated,previous_mapping
CHEMBL108,CARBAMAZEPINE,DB00564,Carbamazepine,P19224,54578,UGT1A6,HGNC:12538,UGT1A6,UDP glucuronosyltransferase family 1 member A6,targets,DrugBank,NCBI,validated,previous_mapping
CHEMBL108,CARBAMAZEPINE,DB00564,Carbamazepine,P20813,1555,CYP2B6,HGNC:2615,CYP2B6,cytochrome P450 family 2 subfamily B member 6,targets,DrugBank,NCBI,validated,previous_mapping
CHEMBL108,CARBAMAZEPINE,DB00564,Carbamazepine,P20815,1577,CYP3A5,HGNC:2638,CYP3A5,cytochrome P450 family 3 subfamily A member 5,targets,DrugBank,NCBI,validated,previous_mapping
CHEMBL108,CARBAMAZEPINE,DB00564,Carbamazepine,P22309,54658,UGT1A1,HGNC:12530,UGT1A1,UDP glucuronosyltransferase family 1 member A1,targets,DrugBank,NCBI,validated,previous_mapping
CHEMBL108,CARBAMAZEPINE,DB00564,Carbamazepine,P33261,1557,CYP2C19,HGNC:2621,CYP2C19,cytochrome P450 family 2 subfamily C member 19,targets,DrugBank,NCBI,validated,previous_mapping
CHEMBL108,CARBAMAZEPINE,DB00564,Carbamazepine,P35498,6323,SCN1A,HGNC:10585,SCN1A,sodium voltage-gated channel alpha subunit 1,targets,DrugBank,NCBI,validated,previous_mapping
CHEMBL108,CARBAMAZEPINE,DB00564,Carbamazepine,P35499,6329,SCN4A,HGNC:10591,SCN4A,sodium voltage-gated channel alpha subunit 4,targets,DrugBank,NCBI,validated,previous_mapping
CHEMBL108,CARBAMAZEPINE,DB00564,Carbamazepine,P43681,1137,CHRNA4,HGNC:1958,CHRNA4,cholinergic receptor nicotinic alpha 4 subunit,targets,DrugBank,NCBI,validated,previous_mapping
CHEMBL108,CARBAMAZEPINE,DB00564,Carbamazepine,Q01118,6332,SCN7A,HGNC:10594,SCN7A,sodium voltage-gated channel alpha subunit 7,targets,DrugBank,NCBI,validated,previous_mapping
CHEMBL108,CARBAMAZEPINE,DB00564,Carbamazepine,Q14524,6331,SCN5A,HGNC:10593,SCN5A,sodium voltage-gated channel alpha subunit 5,targets,DrugBank,NCBI,validated,previous_mapping
CHEMBL108,CARBAMAZEPINE,DB00564,Carbamazepine,Q15311,10928,RALBP1,HGNC:9841,RALBP1,ralA binding protein 1,targets,DrugBank,NCBI,validated,previous_mapping
CHEMBL108,CARBAMAZEPINE,DB00564,Carbamazepine,Q15858,6335,SCN9A,HGNC:10597,SCN9A,sodium voltage-gated channel alpha subunit 9,targets,DrugBank,NCBI,validated,previous_mapping
CHEMBL108,CARBAMAZEPINE,DB00564,Carbamazepine,Q92887,1244,ABCC2,HGNC:53,ABCC2,ATP binding cassette subfamily C member 2,targets,DrugBank,NCBI,validated,previous_mapping
CHEMBL108,CARBAMAZEPINE,DB00564,Carbamazepine,Q99250,6326,SCN2A,HGNC:10588,SCN2A,sodium voltage-gated channel alpha subunit 2,targets,DrugBank,NCBI,validated,previous_mapping
CHEMBL108,CARBAMAZEPINE,DB00564,Carbamazepine,Q9HAW7,54577,UGT1A7,HGNC:12539,UGT1A7,UDP glucuronosyltransferase family 1 member A7,targets,DrugBank,NCBI,validated,previous_mapping
CHEMBL108,CARBAMAZEPINE,DB00564,Carbamazepine,Q9NY46,6328,SCN3A,HGNC:10590,SCN3A,sodium voltage-gated channel alpha subunit 3,targets,DrugBank,NCBI,validated,previous_mapping
CHEMBL108,CARBAMAZEPINE,DB00564,Carbamazepine,Q9UI33,11280,SCN11A,HGNC:10583,SCN11A,sodium voltage-gated channel alpha subunit 11,targets,DrugBank,NCBI,validated,previous_mapping
CHEMBL108,CARBAMAZEPINE,DB00564,Carbamazepine,Q9UQD0,6334,SCN8A,HGNC:10596,SCN8A,sodium voltage-gated channel alpha subunit 8,targets,DrugBank,NCBI,validated,previous_mapping
CHEMBL108,CARBAMAZEPINE,DB00564,Carbamazepine,Q9Y5Y9,6336,SCN10A,HGNC:10582,SCN10A,sodium voltage-gated channel alpha subunit 10,targets,DrugBank,NCBI,validated,previous_mapping
CHEMBL1085,ACETOPHENAZINE,DB01063,Acetophenazine,P10275,367,AR,HGNC:644,AR,androgen receptor,targets,DrugBank,NCBI,validated,previous_mapping
CHEMBL1085,ACETOPHENAZINE,DB01063,Acetophenazine,P14416,1813,DRD2,HGNC:3023,DRD2,dopamine receptor D2,targets,DrugBank,NCBI,validated,previous_mapping
CHEMBL1086,DIBUCAINE,DB00527,Cinchocaine,P06276,590,BCHE,HGNC:983,BCHE,butyrylcholinesterase,targets,DrugBank,NCBI,validated,synonym_match
CHEMBL1086,DIBUCAINE,DB00527,Cinchocaine,P0DP23,801,CALM1,HGNC:1442,CALM1,calmodulin 1,targets,DrugBank,NCBI,validated,synonym_match
CHEMBL1086,DIBUCAINE,DB00527,Cinchocaine,Q14524,6331,SCN5A,HGNC:10593,SCN5A,sodium voltage-gated channel alpha subunit 5,targets,DrugBank,NCBI,validated,synonym_match
CHEMBL1086,DIBUCAINE,DB00527,Cinchocaine,Q9Y5Y9,6336,SCN10A,HGNC:10582,SCN10A,sodium voltage-gated channel alpha subunit 10,targets,DrugBank,NCBI,validated,synonym_match
CHEMBL10878,AGOMELATINE,DB06594,Agomelatine,P05177,1544,CYP1A2,HGNC:2596,CYP1A2,cytochrome P450 family 1 subfamily A member 2,targets,DrugBank,NCBI,validated,previous_mapping
CHEMBL10878,AGOMELATINE,DB06594,Agomelatine,P11712,1559,CYP2C9,HGNC:2623,CYP2C9,cytochrome P450 family 2 subfamily C member 9,targets,DrugBank,NCBI,validated,previous_mapping
CHEMBL10878,AGOMELATINE,DB06594,Agomelatine,P28335,3358,HTR2C,HGNC:5295,HTR2C,5-hydroxytryptamine receptor 2C,targets,DrugBank,NCBI,validated,previous_mapping
CHEMBL10878,AGOMELATINE,DB06594,Agomelatine,P48039,4543,MTNR1A,HGNC:7463,MTNR1A,melatonin receptor 1A,targets,DrugBank,NCBI,validated,previous_mapping
CHEMBL10878,AGOMELATINE,DB06594,Agomelatine,P49286,4544,MTNR1B,HGNC:7464,MTNR1B,melatonin receptor 1B,targets,DrugBank,NCBI,validated,previous_mapping
CHEMBL1088,MESORIDAZINE,DB00933,Mesoridazine,P10635,1565,CYP2D6,HGNC:2625,CYP2D6,cytochrome P450 family 2 subfamily D member 6 (gene/pseudogene),targets,DrugBank,NCBI,validated,previous_mapping
CHEMBL1088,MESORIDAZINE,DB00933,Mesoridazine,P14416,1813,DRD2,HGNC:3023,DRD2,dopamine receptor D2,targets,DrugBank,NCBI,validated,previous_mapping
CHEMBL1088,MESORIDAZINE,DB00933,Mesoridazine,P28223,3356,HTR2A,HGNC:5293,HTR2A,5-hydroxytryptamine receptor 2A,targets,DrugBank,NCBI,validated,previous_mapping
CHEMBL1089,PHENELZINE,DB00780,Phenelzine,P05181,1571,CYP2E1,HGNC:2631,CYP2E1,cytochrome P450 family 2 subfamily E member 1,targets,DrugBank,NCBI,validated,previous_mapping
CHEMBL1089,PHENELZINE,DB00780,Phenelzine,P08684,1576,CYP3A4,HGNC:2637,CYP3A4,cytochrome P450 family 3 subfamily A member 4,targets,DrugBank,NCBI,validated,previous_mapping
CHEMBL1089,PHENELZINE,DB00780,Phenelzine,P10632,1558,CYP2C8,HGNC:2622,CYP2C8,cytochrome P450 family 2 subfamily C member 8,targets,DrugBank,NCBI,validated,previous_mapping
CHEMBL1089,PHENELZINE,DB00780,Phenelzine,P10635,1565,CYP2D6,HGNC:2625,CYP2D6,cytochrome P450 family 2 subfamily D member 6 (gene/pseudogene),targets,DrugBank,NCBI,validated,previous_mapping
CHEMBL1089,PHENELZINE,DB00780,Phenelzine,P20815,1577,CYP3A5,HGNC:2638,CYP3A5,cytochrome P450 family 3 subfamily A member 5,targets,DrugBank,NCBI,validated,previous_mapping
CHEMBL1089,PHENELZINE,DB00780,Phenelzine,P21397,4128,MAOA,HGNC:6833,MAOA,monoamine oxidase A,targets,DrugBank,NCBI,validated,previous_mapping
CHEMBL1089,PHENELZINE,DB00780,Phenelzine,P24298,2875,GPT,HGNC:4552,GPT,glutamic--pyruvic transaminase,targets,DrugBank,NCBI,validated,previous_mapping
CHEMBL1089,PHENELZINE,DB00780,Phenelzine,P24462,1551,CYP3A7,HGNC:2640,CYP3A7,cytochrome P450 family 3 subfamily A member 7,targets,DrugBank,NCBI,validated,previous_mapping
CHEMBL1089,PHENELZINE,DB00780,Phenelzine,P27338,4129,MAOB,HGNC:6834,MAOB,monoamine oxidase B,targets,DrugBank,NCBI,validated,previous_mapping
CHEMBL1089,PHENELZINE,DB00780,Phenelzine,P33261,1557,CYP2C19,HGNC:2621,CYP2C19,cytochrome P450 family 2 subfamily C member 19,targets,DrugBank,NCBI,validated,previous_mapping
CHEMBL1089,PHENELZINE,DB00780,Phenelzine,P80404,18,ABAT,HGNC:23,ABAT,4-aminobutyrate aminotransferase,targets,DrugBank,NCBI,validated,previous_mapping
CHEMBL1089,PHENELZINE,DB00780,Phenelzine,Q16853,8639,AOC3,HGNC:550,AOC3,amine oxidase copper containing 3,targets,DrugBank,NCBI,validated,previous_mapping
CHEMBL1089,PHENELZINE,DB00780,Phenelzine,Q8TD30,84706,GPT2,HGNC:18062,GPT2,glutamic--pyruvic transaminase 2,targets,DrugBank,NCBI,validated,previous_mapping
CHEMBL1089,PHENELZINE,DB00780,Phenelzine,Q9HB55,64816,CYP3A43,HGNC:17450,CYP3A43,cytochrome P450 family 3 subfamily A member 43,targets,DrugBank,NCBI,validated,previous_mapping
CHEMBL1089318,OPICAPONE,DB11632,Opicapone,P10632,1558,CYP2C8,HGNC:2622,CYP2C8,cytochrome P450 family 2 subfamily C member 8,targets,DrugBank,NCBI,validated,previous_mapping
CHEMBL1089318,OPICAPONE,DB11632,Opicapone,P21964,1312,COMT,HGNC:2228,COMT,catechol-O-methyltransferase,targets,DrugBank,NCBI,validated,previous_mapping
CHEMBL1089318,OPICAPONE,DB11632,Opicapone,P33261,1557,CYP2C19,HGNC:2621,CYP2C19,cytochrome P450 family 2 subfamily C member 19,targets,DrugBank,NCBI,validated,previous_mapping
CHEMBL109,VALPROIC ACID,DB00313,Valproic acid,O60656,54600,UGT1A9,HGNC:12541,UGT1A9,UDP glucuronosyltransferase family 1 member A9,targets,DrugBank,NCBI,validated,previous_mapping
CHEMBL109,VALPROIC ACID,DB00313,Valproic acid,O60939,6327,SCN2B,HGNC:10589,SCN2B,sodium voltage-gated channel beta subunit 2,targets,DrugBank,NCBI,validated,previous_mapping
CHEMBL109,VALPROIC ACID,DB00313,Valproic acid,O76082,6584,SLC22A5,HGNC:10969,SLC22A5,solute carrier family 22 member 5,targets,DrugBank,NCBI,validated,previous_mapping
CHEMBL109,VALPROIC ACID,DB00313,Valproic acid,O94956,11309,SLCO2B1,HGNC:10962,SLCO2B1,solute carrier organic anion transporter family member 2B1,targets,DrugBank,NCBI,validated,previous_mapping
CHEMBL109,VALPROIC ACID,DB00313,Valproic acid,P02768,213,ALB,HGNC:399,ALB,albumin,targets,DrugBank,NCBI,validated,previous_mapping
CHEMBL109,VALPROIC ACID,DB00313,Valproic acid,P05177,1544,CYP1A2,HGNC:2596,CYP1A2,cytochrome P450 family 1 subfamily A member 2,targets,DrugBank,NCBI,validated,previous_mapping
CHEMBL109,VALPROIC ACID,DB00313,Valproic acid,P08684,1576,CYP3A4,HGNC:2637,CYP3A4,cytochrome P450 family 3 subfamily A member 4,targets,DrugBank,NCBI,validated,previous_mapping
CHEMBL109,VALPROIC ACID,DB00313,Valproic acid,P11509,1548,CYP2A6,HGNC:2610,CYP2A6,cytochrome P450 family 2 subfamily A member 6,targets,DrugBank,NCBI,validated,previous_mapping
CHEMBL109,VALPROIC ACID,DB00313,Valproic acid,P11712,1559,CYP2C9,HGNC:2623,CYP2C9,cytochrome P450 family 2 subfamily C member 9,targets,DrugBank,NCBI,validated,previous_mapping
CHEMBL109,VALPROIC ACID,DB00313,Valproic acid,P16662,7364,UGT2B7,HGNC:12554,UGT2B7,UDP glucuronosyltransferase family 2 member B7,targets,DrugBank,NCBI,validated,previous_mapping
CHEMBL109,VALPROIC ACID,DB00313,Valproic acid,P19224,54578,UGT1A6,HGNC:12538,UGT1A6,UDP glucuronosyltransferase family 1 member A6,targets,DrugBank,NCBI,validated,previous_mapping
CHEMBL109,VALPROIC ACID,DB00313,Valproic acid,P20813,1555,CYP2B6,HGNC:2615,CYP2B6,cytochrome P450 family 2 subfamily B member 6,targets,DrugBank,NCBI,validated,previous_mapping
CHEMBL109,VALPROIC ACID,DB00313,Valproic acid,P20815,1577,CYP3A5,HGNC:2638,CYP3A5,cytochrome P450 family 3 subfamily A member 5,targets,DrugBank,NCBI,validated,previous_mapping
CHEMBL109,VALPROIC ACID,DB00313,Valproic acid,P22309,54658,UGT1A1,HGNC:12530,UGT1A1,UDP glucuronosyltransferase family 1 member A1,targets,DrugBank,NCBI,validated,previous_mapping
CHEMBL109,VALPROIC ACID,DB00313,Valproic acid,P22310,54657,UGT1A4,HGNC:12536,UGT1A4,UDP glucuronosyltransferase family 1 member A4,targets,DrugBank,NCBI,validated,previous_mapping
CHEMBL109,VALPROIC ACID,DB00313,Valproic acid,P23219,5742,PTGS1,HGNC:9604,PTGS1,prostaglandin-endoperoxide synthase 1,targets,DrugBank,NCBI,validated,previous_mapping
CHEMBL109,VALPROIC ACID,DB00313,Valproic acid,P33261,1557,CYP2C19,HGNC:2621,CYP2C19,cytochrome P450 family 2 subfamily C member 19,targets,DrugBank,NCBI,validated,previous_mapping
CHEMBL109,VALPROIC ACID,DB00313,Valproic acid,P35498,6323,SCN1A,HGNC:10585,SCN1A,sodium voltage-gated channel alpha subunit 1,targets,DrugBank,NCBI,validated,previous_mapping
CHEMBL109,VALPROIC ACID,DB00313,Valproic acid,P35499,6329,SCN4A,HGNC:10591,SCN4A,sodium voltage-gated channel alpha subunit 4,targets,DrugBank,NCBI,validated,previous_mapping
CHEMBL109,VALPROIC ACID,DB00313,Valproic acid,P35503,54659,UGT1A3,HGNC:12535,UGT1A3,UDP glucuronosyltransferase family 1 member A3,targets,DrugBank,NCBI,validated,previous_mapping
CHEMBL109,VALPROIC ACID,DB00313,Valproic acid,P37231,5468,PPARG,HGNC:9236,PPARG,peroxisome proliferator activated receptor gamma,targets,DrugBank,NCBI,validated,previous_mapping
CHEMBL109,VALPROIC ACID,DB00313,Valproic acid,P45954,36,ACADSB,HGNC:91,ACADSB,acyl-CoA dehydrogenase short/branched chain,targets,DrugBank,NCBI,validated,previous_mapping
CHEMBL109,VALPROIC ACID,DB00313,Valproic acid,P51649,7915,ALDH5A1,HGNC:408,ALDH5A1,aldehyde dehydrogenase 5 family member A1,targets,DrugBank,NCBI,validated,previous_mapping
CHEMBL109,VALPROIC ACID,DB00313,Valproic acid,P53985,6566,SLC16A1,HGNC:10922,SLC16A1,solute carrier family 16 member 1,targets,DrugBank,NCBI,validated,previous_mapping
CHEMBL109,VALPROIC ACID,DB00313,Valproic acid,P54855,7366,UGT2B15,HGNC:12546,UGT2B15,UDP glucuronosyltransferase family 2 member B15,targets,DrugBank,NCBI,validated,previous_mapping
CHEMBL109,VALPROIC ACID,DB00313,Valproic acid,Q01118,6332,SCN7A,HGNC:10594,SCN7A,sodium voltage-gated channel alpha subunit 7,targets,DrugBank,NCBI,validated,previous_mapping
CHEMBL109,VALPROIC ACID,DB00313,Valproic acid,Q02218,4967,OGDH,HGNC:8124,OGDH,oxoglutarate dehydrogenase,targets,DrugBank,NCBI,validated,previous_mapping
CHEMBL109,VALPROIC ACID,DB00313,Valproic acid,Q03181,5467,PPARD,HGNC:9235,PPARD,peroxisome proliferator activated receptor delta,targets,DrugBank,NCBI,validated,previous_mapping
CHEMBL109,VALPROIC ACID,DB00313,Valproic acid,Q07699,6324,SCN1B,HGNC:10586,SCN1B,sodium voltage-gated channel beta subunit 1,targets,DrugBank,NCBI,validated,previous_mapping
CHEMBL109,VALPROIC ACID,DB00313,Valproic acid,Q07869,5465,PPARA,HGNC:9232,PPARA,peroxisome proliferator activated receptor alpha,targets,DrugBank,NCBI,validated,previous_mapping
CHEMBL109,VALPROIC ACID,DB00313,Valproic acid,Q14524,6331,SCN5A,HGNC:10593,SCN5A,sodium voltage-gated channel alpha subunit 5,targets,DrugBank,NCBI,validated,previous_mapping
CHEMBL109,VALPROIC ACID,DB00313,Valproic acid,Q15858,6335,SCN9A,HGNC:10597,SCN9A,sodium voltage-gated channel alpha subunit 9,targets,DrugBank,NCBI,validated,previous_mapping
CHEMBL109,VALPROIC ACID,DB00313,Valproic acid,Q4U2R8,9356,SLC22A6,HGNC:10970,SLC22A6,solute carrier family 22 member 6,targets,DrugBank,NCBI,validated,previous_mapping
CHEMBL109,VALPROIC ACID,DB00313,Valproic acid,Q8IWT1,6330,SCN4B,HGNC:10592,SCN4B,sodium voltage-gated channel beta subunit 4,targets,DrugBank,NCBI,validated,previous_mapping
CHEMBL109,VALPROIC ACID,DB00313,Valproic acid,Q8TCC7,9376,SLC22A8,HGNC:10972,SLC22A8,solute carrier family 22 member 8,targets,DrugBank,NCBI,validated,previous_mapping
CHEMBL109,VALPROIC ACID,DB00313,Valproic acid,Q92769,3066,HDAC2,HGNC:4853,HDAC2,histone deacetylase 2,targets,DrugBank,NCBI,validated,previous_mapping
CHEMBL109,VALPROIC ACID,DB00313,Valproic acid,Q99250,6326,SCN2A,HGNC:10588,SCN2A,sodium voltage-gated channel alpha subunit 2,targets,DrugBank,NCBI,validated,previous_mapping
CHEMBL109,VALPROIC ACID,DB00313,Valproic acid,Q9HAW8,54575,UGT1A10,HGNC:12531,UGT1A10,UDP glucuronosyltransferase family 1 member A10,targets,DrugBank,NCBI,validated,previous_mapping
CHEMBL109,VALPROIC ACID,DB00313,Valproic acid,Q9HAW9,54576,UGT1A8,HGNC:12540,UGT1A8,UDP glucuronosyltransferase family 1 member A8,targets,DrugBank,NCBI,validated,previous_mapping
CHEMBL109,VALPROIC ACID,DB00313,Valproic acid,Q9NY46,6328,SCN3A,HGNC:10590,SCN3A,sodium voltage-gated channel alpha subunit 3,targets,DrugBank,NCBI,validated,previous_mapping
CHEMBL109,VALPROIC ACID,DB00313,Valproic acid,Q9NY72,55800,SCN3B,HGNC:20665,SCN3B,sodium voltage-gated channel beta subunit 3,targets,DrugBank,NCBI,validated,previous_mapping
CHEMBL109,VALPROIC ACID,DB00313,Valproic acid,Q9UI33,11280,SCN11A,HGNC:10583,SCN11A,sodium voltage-gated channel alpha subunit 11,targets,DrugBank,NCBI,validated,previous_mapping
CHEMBL109,VALPROIC ACID,DB00313,Valproic acid,Q9UKV0,9734,HDAC9,HGNC:14065,HDAC9,histone deacetylase 9,targets,DrugBank,NCBI,validated,previous_mapping
CHEMBL109,VALPROIC ACID,DB00313,Valproic acid,Q9UQD0,6334,SCN8A,HGNC:10596,SCN8A,sodium voltage-gated channel alpha subunit 8,targets,DrugBank,NCBI,validated,previous_mapping
CHEMBL109,VALPROIC ACID,DB00313,Valproic acid,Q9Y5Y9,6336,SCN10A,HGNC:10582,SCN10A,sodium voltage-gated channel alpha subunit 10,targets,DrugBank,NCBI,validated,previous_mapping
CHEMBL109,VALPROIC ACID,DB00313,Valproic acid,Q9Y694,10864,SLC22A7,HGNC:10971,SLC22A7,solute carrier family 22 member 7,targets,DrugBank,NCBI,validated,previous_mapping
CHEMBL1091,HYDROCORTISONE ACETATE,DB14539,Hydrocortisone acetate,P04083,301,ANXA1,HGNC:533,ANXA1,annexin A1,targets,DrugBank,NCBI,validated,previous_mapping
CHEMBL1091,HYDROCORTISONE ACETATE,DB14539,Hydrocortisone acetate,P04150,2908,NR3C1,HGNC:7978,NR3C1,nuclear receptor subfamily 3 group C member 1,targets,DrugBank,NCBI,validated,previous_mapping
CHEMBL1091,HYDROCORTISONE ACETATE,DB14539,Hydrocortisone acetate,P04278,6462,SHBG,HGNC:10839,SHBG,sex hormone binding globulin,targets,DrugBank,NCBI,validated,previous_mapping
CHEMBL1091,HYDROCORTISONE ACETATE,DB14539,Hydrocortisone acetate,P08183,5243,ABCB1,HGNC:40,ABCB1,ATP binding cassette subfamily B member 1,targets,DrugBank,NCBI,validated,previous_mapping
CHEMBL1091,HYDROCORTISONE ACETATE,DB14539,Hydrocortisone acetate,P08185,866,SERPINA6,HGNC:1540,SERPINA6,serpin family A member 6,targets,DrugBank,NCBI,validated,previous_mapping
CHEMBL1091,HYDROCORTISONE ACETATE,DB14539,Hydrocortisone acetate,P08684,1576,CYP3A4,HGNC:2637,CYP3A4,cytochrome P450 family 3 subfamily A member 4,targets,DrugBank,NCBI,validated,previous_mapping
CHEMBL1091,HYDROCORTISONE ACETATE,DB14539,Hydrocortisone acetate,P10632,1558,CYP2C8,HGNC:2622,CYP2C8,cytochrome P450 family 2 subfamily C member 8,targets,DrugBank,NCBI,validated,previous_mapping
CHEMBL1091,HYDROCORTISONE ACETATE,DB14539,Hydrocortisone acetate,P14060,3283,HSD3B1,HGNC:5217,HSD3B1,"hydroxy-delta-5-steroid dehydrogenase, 3 beta- and steroid delta-isomerase 1",targets,DrugBank,NCBI,validated,previous_mapping
CHEMBL1091,HYDROCORTISONE ACETATE,DB14539,Hydrocortisone acetate,P15538,1584,CYP11B1,HGNC:2591,CYP11B1,cytochrome P450 family 11 subfamily B member 1,targets,DrugBank,NCBI,validated,previous_mapping
CHEMBL1091,HYDROCORTISONE ACETATE,DB14539,Hydrocortisone acetate,P19099,1585,CYP11B2,HGNC:2592,CYP11B2,cytochrome P450 family 11 subfamily B member 2,targets,DrugBank,NCBI,validated,previous_mapping
CHEMBL1091,HYDROCORTISONE ACETATE,DB14539,Hydrocortisone acetate,P20815,1577,CYP3A5,HGNC:2638,CYP3A5,cytochrome P450 family 3 subfamily A member 5,targets,DrugBank,NCBI,validated,previous_mapping
CHEMBL1091,HYDROCORTISONE ACETATE,DB14539,Hydrocortisone acetate,P24462,1551,CYP3A7,HGNC:2640,CYP3A7,cytochrome P450 family 3 subfamily A member 7,targets,DrugBank,NCBI,validated,previous_mapping
CHEMBL1091,HYDROCORTISONE ACETATE,DB14539,Hydrocortisone acetate,P46721,6579,SLCO1A2,HGNC:10956,SLCO1A2,solute carrier organic anion transporter family member 1A2,targets,DrugBank,NCBI,validated,previous_mapping
CHEMBL1091,HYDROCORTISONE ACETATE,DB14539,Hydrocortisone acetate,P80365,3291,HSD11B2,HGNC:5209,HSD11B2,hydroxysteroid 11-beta dehydrogenase 2,targets,DrugBank,NCBI,validated,previous_mapping
CHEMBL1091,HYDROCORTISONE ACETATE,DB14539,Hydrocortisone acetate,Q8TCC7,9376,SLC22A8,HGNC:10972,SLC22A8,solute carrier family 22 member 8,targets,DrugBank,NCBI,validated,previous_mapping
CHEMBL1091,HYDROCORTISONE ACETATE,DB14539,Hydrocortisone acetate,Q9UNQ0,9429,ABCG2,HGNC:74,ABCG2,ATP binding cassette subfamily G member 2 (JR blood group),targets,DrugBank,NCBI,validated,previous_mapping
CHEMBL1094,FELBAMATE,DB00949,Felbamate,P05181,1571,CYP2E1,HGNC:2631,CYP2E1,cytochrome P450 family 2 subfamily E member 1,targets,DrugBank,NCBI,validated,previous_mapping
CHEMBL1094,FELBAMATE,DB00949,Felbamate,P08684,1576,CYP3A4,HGNC:2637,CYP3A4,cytochrome P450 family 3 subfamily A member 4,targets,DrugBank,NCBI,validated,previous_mapping
CHEMBL1094,FELBAMATE,DB00949,Felbamate,P11712,1559,CYP2C9,HGNC:2623,CYP2C9,cytochrome P450 family 2 subfamily C member 9,targets,DrugBank,NCBI,validated,previous_mapping
CHEMBL1094,FELBAMATE,DB00949,Felbamate,P33261,1557,CYP2C19,HGNC:2621,CYP2C19,cytochrome P450 family 2 subfamily C member 19,targets,DrugBank,NCBI,validated,previous_mapping
CHEMBL1094,FELBAMATE,DB00949,Felbamate,Q12879,2903,GRIN2A,HGNC:4585,GRIN2A,glutamate ionotropic receptor NMDA type subunit 2A,targets,DrugBank,NCBI,validated,previous_mapping
CHEMBL1094,FELBAMATE,DB00949,Felbamate,Q13224,2904,GRIN2B,HGNC:4586,GRIN2B,glutamate ionotropic receptor NMDA type subunit 2B,targets,DrugBank,NCBI,validated,previous_mapping
CHEMBL1094982,INOSITOL NICOTINATE,DB08949,Inositol nicotinate,P06576,506,ATP5F1B,HGNC:830,ATP5F1B,ATP synthase F1 subunit beta,targets,DrugBank,NCBI,validated,verified_external_cross_reference
CHEMBL1094982,INOSITOL NICOTINATE,DB08949,Inositol nicotinate,P49019,8843,HCAR3,HGNC:16824,HCAR3,hydroxycarboxylic acid receptor 3,targets,DrugBank,NCBI,validated,verified_external_cross_reference
CHEMBL1094982,INOSITOL NICOTINATE,DB08949,Inositol nicotinate,Q8N695,160728,SLC5A8,HGNC:19119,SLC5A8,solute carrier family 5 member 8,targets,DrugBank,NCBI,validated,verified_external_cross_reference
CHEMBL1094982,INOSITOL NICOTINATE,DB08949,Inositol nicotinate,Q8TDS4,338442,HCAR2,HGNC:24827,HCAR2,hydroxycarboxylic acid receptor 2,targets,DrugBank,NCBI,validated,verified_external_cross_reference
CHEMBL1094982,INOSITOL NICOTINATE,DB08949,Inositol nicotinate,Q96PD7,84649,DGAT2,HGNC:16940,DGAT2,diacylglycerol O-acyltransferase 2,targets,DrugBank,NCBI,validated,verified_external_cross_reference
CHEMBL1095,ETHOTOIN,DB00754,Ethotoin,O75469,8856,NR1I2,HGNC:7968,NR1I2,nuclear receptor subfamily 1 group I member 2,targets,DrugBank,NCBI,validated,previous_mapping
CHEMBL1095,ETHOTOIN,DB00754,Ethotoin,P05543,6906,SERPINA7,HGNC:11583,SERPINA7,serpin family A member 7,targets,DrugBank,NCBI,validated,previous_mapping
CHEMBL1095,ETHOTOIN,DB00754,Ethotoin,Q14524,6331,SCN5A,HGNC:10593,SCN5A,sodium voltage-gated channel alpha subunit 5,targets,DrugBank,NCBI,validated,previous_mapping
CHEMBL1095777,INDACATEROL,DB05039,Indacaterol,P07550,154,ADRB2,HGNC:286,ADRB2,adrenoceptor beta 2,targets,DrugBank,NCBI,validated,previous_mapping
CHEMBL1095777,INDACATEROL,DB05039,Indacaterol,P08183,5243,ABCB1,HGNC:40,ABCB1,ATP binding cassette subfamily B member 1,targets,DrugBank,NCBI,validated,previous_mapping
CHEMBL1095777,INDACATEROL,DB05039,Indacaterol,P08684,1576,CYP3A4,HGNC:2637,CYP3A4,cytochrome P450 family 3 subfamily A member 4,targets,DrugBank,NCBI,validated,previous_mapping
CHEMBL1095777,INDACATEROL,DB05039,Indacaterol,P22309,54658,UGT1A1,HGNC:12530,UGT1A1,UDP glucuronosyltransferase family 1 member A1,targets,DrugBank,NCBI,validated,previous_mapping
CHEMBL1098,BUPIVACAINE,DB00297,Bupivacaine,P08684,1576,CYP3A4,HGNC:2637,CYP3A4,cytochrome P450 family 3 subfamily A member 4,targets,DrugBank,NCBI,validated,previous_mapping
CHEMBL1098,BUPIVACAINE,DB00297,Bupivacaine,P10635,1565,CYP2D6,HGNC:2625,CYP2D6,cytochrome P450 family 2 subfamily D member 6 (gene/pseudogene),targets,DrugBank,NCBI,validated,previous_mapping
CHEMBL1098,BUPIVACAINE,DB00297,Bupivacaine,P33261,1557,CYP2C19,HGNC:2621,CYP2C19,cytochrome P450 family 2 subfamily C member 19,targets,DrugBank,NCBI,validated,previous_mapping
CHEMBL1098,BUPIVACAINE,DB00297,Bupivacaine,P34995,5731,PTGER1,HGNC:9593,PTGER1,prostaglandin E receptor 1,targets,DrugBank,NCBI,validated,previous_mapping
CHEMBL1098,BUPIVACAINE,DB00297,Bupivacaine,Q9Y5Y9,6336,SCN10A,HGNC:10582,SCN10A,sodium voltage-gated channel alpha subunit 10,targets,DrugBank,NCBI,validated,previous_mapping
CHEMBL11,IMIPRAMINE,DB00458,Imipramine,O15244,6582,SLC22A2,HGNC:10966,SLC22A2,solute carrier family 22 member 2,targets,DrugBank,NCBI,validated,previous_mapping
CHEMBL11,IMIPRAMINE,DB00458,Imipramine,O75751,6581,SLC22A3,HGNC:10967,SLC22A3,solute carrier family 22 member 3,targets,DrugBank,NCBI,validated,previous_mapping
CHEMBL11,IMIPRAMINE,DB00458,Imipramine,O95259,3756,KCNH1,HGNC:6250,KCNH1,potassium voltage-gated channel subfamily H member 1,targets,DrugBank,NCBI,validated,previous_mapping
CHEMBL11,IMIPRAMINE,DB00458,Imipramine,P02763,5004,ORM1,HGNC:8498,ORM1,orosomucoid 1,targets,DrugBank,NCBI,validated,previous_mapping
CHEMBL11,IMIPRAMINE,DB00458,Imipramine,P02768,213,ALB,HGNC:399,ALB,albumin,targets,DrugBank,NCBI,validated,previous_mapping
CHEMBL11,IMIPRAMINE,DB00458,Imipramine,P05177,1544,CYP1A2,HGNC:2596,CYP1A2,cytochrome P450 family 1 subfamily A member 2,targets,DrugBank,NCBI,validated,previous_mapping
CHEMBL11,IMIPRAMINE,DB00458,Imipramine,P05181,1571,CYP2E1,HGNC:2631,CYP2E1,cytochrome P450 family 2 subfamily E member 1,targets,DrugBank,NCBI,validated,previous_mapping
CHEMBL11,IMIPRAMINE,DB00458,Imipramine,P08172,1129,CHRM2,HGNC:1951,CHRM2,cholinergic receptor muscarinic 2,targets,DrugBank,NCBI,validated,previous_mapping
CHEMBL11,IMIPRAMINE,DB00458,Imipramine,P08173,1132,CHRM4,HGNC:1953,CHRM4,cholinergic receptor muscarinic 4,targets,DrugBank,NCBI,validated,previous_mapping
CHEMBL11,IMIPRAMINE,DB00458,Imipramine,P08183,5243,ABCB1,HGNC:40,ABCB1,ATP binding cassette subfamily B member 1,targets,DrugBank,NCBI,validated,previous_mapping
CHEMBL11,IMIPRAMINE,DB00458,Imipramine,P08684,1576,CYP3A4,HGNC:2637,CYP3A4,cytochrome P450 family 3 subfamily A member 4,targets,DrugBank,NCBI,validated,previous_mapping
CHEMBL11,IMIPRAMINE,DB00458,Imipramine,P08908,3350,HTR1A,HGNC:5286,HTR1A,5-hydroxytryptamine receptor 1A,targets,DrugBank,NCBI,validated,previous_mapping
CHEMBL11,IMIPRAMINE,DB00458,Imipramine,P08912,1133,CHRM5,HGNC:1954,CHRM5,cholinergic receptor muscarinic 5,targets,DrugBank,NCBI,validated,previous_mapping
CHEMBL11,IMIPRAMINE,DB00458,Imipramine,P10635,1565,CYP2D6,HGNC:2625,CYP2D6,cytochrome P450 family 2 subfamily D member 6 (gene/pseudogene),targets,DrugBank,NCBI,validated,previous_mapping
CHEMBL11,IMIPRAMINE,DB00458,Imipramine,P11229,1128,CHRM1,HGNC:1950,CHRM1,cholinergic receptor muscarinic 1,targets,DrugBank,NCBI,validated,previous_mapping
CHEMBL11,IMIPRAMINE,DB00458,Imipramine,P14416,1813,DRD2,HGNC:3023,DRD2,dopamine receptor D2,targets,DrugBank,NCBI,validated,previous_mapping
CHEMBL11,IMIPRAMINE,DB00458,Imipramine,P19652,5005,ORM2,HGNC:8499,ORM2,orosomucoid 2,targets,DrugBank,NCBI,validated,previous_mapping
CHEMBL11,IMIPRAMINE,DB00458,Imipramine,P20309,1131,CHRM3,HGNC:1952,CHRM3,cholinergic receptor muscarinic 3,targets,DrugBank,NCBI,validated,previous_mapping
CHEMBL11,IMIPRAMINE,DB00458,Imipramine,P20813,1555,CYP2B6,HGNC:2615,CYP2B6,cytochrome P450 family 2 subfamily B member 6,targets,DrugBank,NCBI,validated,previous_mapping
CHEMBL11,IMIPRAMINE,DB00458,Imipramine,P21728,1812,DRD1,HGNC:3020,DRD1,dopamine receptor D1,targets,DrugBank,NCBI,validated,previous_mapping
CHEMBL11,IMIPRAMINE,DB00458,Imipramine,P21918,1816,DRD5,HGNC:3026,DRD5,dopamine receptor D5,targets,DrugBank,NCBI,validated,previous_mapping
CHEMBL11,IMIPRAMINE,DB00458,Imipramine,P23975,6530,SLC6A2,HGNC:11048,SLC6A2,solute carrier family 6 member 2,targets,DrugBank,NCBI,validated,previous_mapping
CHEMBL11,IMIPRAMINE,DB00458,Imipramine,P24462,1551,CYP3A7,HGNC:2640,CYP3A7,cytochrome P450 family 3 subfamily A member 7,targets,DrugBank,NCBI,validated,previous_mapping
CHEMBL11,IMIPRAMINE,DB00458,Imipramine,P25100,146,ADRA1D,HGNC:280,ADRA1D,adrenoceptor alpha 1D,targets,DrugBank,NCBI,validated,previous_mapping
CHEMBL11,IMIPRAMINE,DB00458,Imipramine,P28223,3356,HTR2A,HGNC:5293,HTR2A,5-hydroxytryptamine receptor 2A,targets,DrugBank,NCBI,validated,previous_mapping
CHEMBL11,IMIPRAMINE,DB00458,Imipramine,P28335,3358,HTR2C,HGNC:5295,HTR2C,5-hydroxytryptamine receptor 2C,targets,DrugBank,NCBI,validated,previous_mapping
CHEMBL11,IMIPRAMINE,DB00458,Imipramine,P31645,6532,SLC6A4,HGNC:11050,SLC6A4,solute carrier family 6 member 4,targets,DrugBank,NCBI,validated,previous_mapping
CHEMBL11,IMIPRAMINE,DB00458,Imipramine,P33260,1562,CYP2C18,HGNC:2620,CYP2C18,cytochrome P450 family 2 subfamily C member 18,targets,DrugBank,NCBI,validated,previous_mapping
CHEMBL11,IMIPRAMINE,DB00458,Imipramine,P33261,1557,CYP2C19,HGNC:2621,CYP2C19,cytochrome P450 family 2 subfamily C member 19,targets,DrugBank,NCBI,validated,previous_mapping
CHEMBL11,IMIPRAMINE,DB00458,Imipramine,P34969,3363,HTR7,HGNC:5302,HTR7,5-hydroxytryptamine receptor 7,targets,DrugBank,NCBI,validated,previous_mapping
CHEMBL11,IMIPRAMINE,DB00458,Imipramine,P35348,148,ADRA1A,HGNC:277,ADRA1A,adrenoceptor alpha 1A,targets,DrugBank,NCBI,validated,previous_mapping
CHEMBL11,IMIPRAMINE,DB00458,Imipramine,P35367,3269,HRH1,HGNC:5182,HRH1,histamine receptor H1,targets,DrugBank,NCBI,validated,previous_mapping
CHEMBL11,IMIPRAMINE,DB00458,Imipramine,P35368,147,ADRA1B,HGNC:278,ADRA1B,adrenoceptor alpha 1B,targets,DrugBank,NCBI,validated,previous_mapping
CHEMBL11,IMIPRAMINE,DB00458,Imipramine,P50406,3362,HTR6,HGNC:5301,HTR6,5-hydroxytryptamine receptor 6,targets,DrugBank,NCBI,validated,previous_mapping
CHEMBL11,IMIPRAMINE,DB00458,Imipramine,Q01959,6531,SLC6A3,HGNC:11049,SLC6A3,solute carrier family 6 member 3,targets,DrugBank,NCBI,validated,previous_mapping
CHEMBL11,IMIPRAMINE,DB00458,Imipramine,Q12809,3757,KCNH2,HGNC:6251,KCNH2,potassium voltage-gated channel subfamily H member 2,targets,DrugBank,NCBI,validated,previous_mapping
CHEMBL11,IMIPRAMINE,DB00458,Imipramine,Q9H015,6583,SLC22A4,HGNC:10968,SLC22A4,solute carrier family 22 member 4,targets,DrugBank,NCBI,validated,previous_mapping
CHEMBL11,IMIPRAMINE,DB00458,Imipramine,Q9NZV8,3751,KCND2,HGNC:6238,KCND2,potassium voltage-gated channel subfamily D member 2,targets,DrugBank,NCBI,validated,previous_mapping
CHEMBL11,IMIPRAMINE,DB00458,Imipramine,Q9UK17,3752,KCND3,HGNC:6239,KCND3,potassium voltage-gated channel subfamily D member 3,targets,DrugBank,NCBI,validated,previous_mapping
CHEMBL1100,PARAMETHADIONE,DB00617,Paramethadione,P05181,1571,CYP2E1,HGNC:2631,CYP2E1,cytochrome P450 family 2 subfamily E member 1,targets,DrugBank,NCBI,validated,previous_mapping
CHEMBL1100,PARAMETHADIONE,DB00617,Paramethadione,P08684,1576,CYP3A4,HGNC:2637,CYP3A4,cytochrome P450 family 3 subfamily A member 4,targets,DrugBank,NCBI,validated,previous_mapping
CHEMBL1100,PARAMETHADIONE,DB00617,Paramethadione,P10632,1558,CYP2C8,HGNC:2622,CYP2C8,cytochrome P450 family 2 subfamily C member 8,targets,DrugBank,NCBI,validated,previous_mapping
CHEMBL1100,PARAMETHADIONE,DB00617,Paramethadione,P11712,1559,CYP2C9,HGNC:2623,CYP2C9,cytochrome P450 family 2 subfamily C member 9,targets,DrugBank,NCBI,validated,previous_mapping
CHEMBL1100,PARAMETHADIONE,DB00617,Paramethadione,Q9P0X4,8911,CACNA1I,HGNC:1396,CACNA1I,calcium voltage-gated channel subunit alpha1 I,targets,DrugBank,NCBI,validated,previous_mapping
CHEMBL1101,BIPERIDEN,DB00810,Biperiden,P10635,1565,CYP2D6,HGNC:2625,CYP2D6,cytochrome P450 family 2 subfamily D member 6 (gene/pseudogene),targets,DrugBank,NCBI,validated,previous_mapping
CHEMBL1101,BIPERIDEN,DB00810,Biperiden,P11229,1128,CHRM1,HGNC:1950,CHRM1,cholinergic receptor muscarinic 1,targets,DrugBank,NCBI,validated,previous_mapping
CHEMBL1108,DROPERIDOL,DB00450,Droperidol,P14416,1813,DRD2,HGNC:3023,DRD2,dopamine receptor D2,targets,DrugBank,NCBI,validated,previous_mapping
CHEMBL1108,DROPERIDOL,DB00450,Droperidol,P35348,148,ADRA1A,HGNC:277,ADRA1A,adrenoceptor alpha 1A,targets,DrugBank,NCBI,validated,previous_mapping
CHEMBL1112,ARIPIPRAZOLE,DB01238,Aripiprazole,O15399,2906,GRIN2D,HGNC:4588,GRIN2D,glutamate ionotropic receptor NMDA type subunit 2D,targets,DrugBank,NCBI,validated,previous_mapping
CHEMBL1112,ARIPIPRAZOLE,DB01238,Aripiprazole,O60391,116444,GRIN3B,HGNC:16768,GRIN3B,glutamate ionotropic receptor NMDA type subunit 3B,targets,DrugBank,NCBI,validated,previous_mapping
CHEMBL1112,ARIPIPRAZOLE,DB01238,Aripiprazole,P02768,213,ALB,HGNC:399,ALB,albumin,targets,DrugBank,NCBI,validated,previous_mapping
CHEMBL1112,ARIPIPRAZOLE,DB01238,Aripiprazole,P07550,154,ADRB2,HGNC:286,ADRB2,adrenoceptor beta 2,targets,DrugBank,NCBI,validated,previous_mapping
CHEMBL1112,ARIPIPRAZOLE,DB01238,Aripiprazole,P08172,1129,CHRM2,HGNC:1951,CHRM2,cholinergic receptor muscarinic 2,targets,DrugBank,NCBI,validated,previous_mapping
CHEMBL1112,ARIPIPRAZOLE,DB01238,Aripiprazole,P08173,1132,CHRM4,HGNC:1953,CHRM4,cholinergic receptor muscarinic 4,targets,DrugBank,NCBI,validated,previous_mapping
CHEMBL1112,ARIPIPRAZOLE,DB01238,Aripiprazole,P08588,153,ADRB1,HGNC:285,ADRB1,adrenoceptor beta 1,targets,DrugBank,NCBI,validated,previous_mapping
CHEMBL1112,ARIPIPRAZOLE,DB01238,Aripiprazole,P08684,1576,CYP3A4,HGNC:2637,CYP3A4,cytochrome P450 family 3 subfamily A member 4,targets,DrugBank,NCBI,validated,previous_mapping
CHEMBL1112,ARIPIPRAZOLE,DB01238,Aripiprazole,P08908,3350,HTR1A,HGNC:5286,HTR1A,5-hydroxytryptamine receptor 1A,targets,DrugBank,NCBI,validated,previous_mapping
CHEMBL1112,ARIPIPRAZOLE,DB01238,Aripiprazole,P08912,1133,CHRM5,HGNC:1954,CHRM5,cholinergic receptor muscarinic 5,targets,DrugBank,NCBI,validated,previous_mapping
CHEMBL1112,ARIPIPRAZOLE,DB01238,Aripiprazole,P08913,150,ADRA2A,HGNC:281,ADRA2A,adrenoceptor alpha 2A,targets,DrugBank,NCBI,validated,previous_mapping
CHEMBL1112,ARIPIPRAZOLE,DB01238,Aripiprazole,P10635,1565,CYP2D6,HGNC:2625,CYP2D6,cytochrome P450 family 2 subfamily D member 6 (gene/pseudogene),targets,DrugBank,NCBI,validated,previous_mapping
CHEMBL1112,ARIPIPRAZOLE,DB01238,Aripiprazole,P11229,1128,CHRM1,HGNC:1950,CHRM1,cholinergic receptor muscarinic 1,targets,DrugBank,NCBI,validated,previous_mapping
CHEMBL1112,ARIPIPRAZOLE,DB01238,Aripiprazole,P14416,1813,DRD2,HGNC:3023,DRD2,dopamine receptor D2,targets,DrugBank,NCBI,validated,previous_mapping
CHEMBL1112,ARIPIPRAZOLE,DB01238,Aripiprazole,P18089,151,ADRA2B,HGNC:282,ADRA2B,adrenoceptor alpha 2B,targets,DrugBank,NCBI,validated,previous_mapping
CHEMBL1112,ARIPIPRAZOLE,DB01238,Aripiprazole,P18825,152,ADRA2C,HGNC:283,ADRA2C,adrenoceptor alpha 2C,targets,DrugBank,NCBI,validated,previous_mapping
CHEMBL1112,ARIPIPRAZOLE,DB01238,Aripiprazole,P20309,1131,CHRM3,HGNC:1952,CHRM3,cholinergic receptor muscarinic 3,targets,DrugBank,NCBI,validated,previous_mapping
CHEMBL1112,ARIPIPRAZOLE,DB01238,Aripiprazole,P20815,1577,CYP3A5,HGNC:2638,CYP3A5,cytochrome P450 family 3 subfamily A member 5,targets,DrugBank,NCBI,validated,previous_mapping
CHEMBL1112,ARIPIPRAZOLE,DB01238,Aripiprazole,P21728,1812,DRD1,HGNC:3020,DRD1,dopamine receptor D1,targets,DrugBank,NCBI,validated,previous_mapping
CHEMBL1112,ARIPIPRAZOLE,DB01238,Aripiprazole,P21917,1815,DRD4,HGNC:3025,DRD4,dopamine receptor D4,targets,DrugBank,NCBI,validated,previous_mapping
CHEMBL1112,ARIPIPRAZOLE,DB01238,Aripiprazole,P21918,1816,DRD5,HGNC:3026,DRD5,dopamine receptor D5,targets,DrugBank,NCBI,validated,previous_mapping
CHEMBL1112,ARIPIPRAZOLE,DB01238,Aripiprazole,P24462,1551,CYP3A7,HGNC:2640,CYP3A7,cytochrome P450 family 3 subfamily A member 7,targets,DrugBank,NCBI,validated,previous_mapping
CHEMBL1112,ARIPIPRAZOLE,DB01238,Aripiprazole,P25021,3274,HRH2,HGNC:5183,HRH2,histamine receptor H2,targets,DrugBank,NCBI,validated,previous_mapping
CHEMBL1112,ARIPIPRAZOLE,DB01238,Aripiprazole,P28221,3352,HTR1D,HGNC:5289,HTR1D,5-hydroxytryptamine receptor 1D,targets,DrugBank,NCBI,validated,previous_mapping
CHEMBL1112,ARIPIPRAZOLE,DB01238,Aripiprazole,P28222,3351,HTR1B,HGNC:5287,HTR1B,5-hydroxytryptamine receptor 1B,targets,DrugBank,NCBI,validated,previous_mapping
CHEMBL1112,ARIPIPRAZOLE,DB01238,Aripiprazole,P28223,3356,HTR2A,HGNC:5293,HTR2A,5-hydroxytryptamine receptor 2A,targets,DrugBank,NCBI,validated,previous_mapping
CHEMBL1112,ARIPIPRAZOLE,DB01238,Aripiprazole,P28335,3358,HTR2C,HGNC:5295,HTR2C,5-hydroxytryptamine receptor 2C,targets,DrugBank,NCBI,validated,previous_mapping
CHEMBL1112,ARIPIPRAZOLE,DB01238,Aripiprazole,P28566,3354,HTR1E,HGNC:5291,HTR1E,5-hydroxytryptamine receptor 1E,targets,DrugBank,NCBI,validated,previous_mapping
CHEMBL1112,ARIPIPRAZOLE,DB01238,Aripiprazole,P31645,6532,SLC6A4,HGNC:11050,SLC6A4,solute carrier family 6 member 4,targets,DrugBank,NCBI,validated,previous_mapping
CHEMBL1112,ARIPIPRAZOLE,DB01238,Aripiprazole,P34969,3363,HTR7,HGNC:5302,HTR7,5-hydroxytryptamine receptor 7,targets,DrugBank,NCBI,validated,previous_mapping
CHEMBL1112,ARIPIPRAZOLE,DB01238,Aripiprazole,P35348,148,ADRA1A,HGNC:277,ADRA1A,adrenoceptor alpha 1A,targets,DrugBank,NCBI,validated,previous_mapping
CHEMBL1112,ARIPIPRAZOLE,DB01238,Aripiprazole,P35367,3269,HRH1,HGNC:5182,HRH1,histamine receptor H1,targets,DrugBank,NCBI,validated,previous_mapping
CHEMBL1112,ARIPIPRAZOLE,DB01238,Aripiprazole,P35368,147,ADRA1B,HGNC:278,ADRA1B,adrenoceptor alpha 1B,targets,DrugBank,NCBI,validated,previous_mapping
CHEMBL1112,ARIPIPRAZOLE,DB01238,Aripiprazole,P35372,4988,OPRM1,HGNC:8156,OPRM1,opioid receptor mu 1,targets,DrugBank,NCBI,validated,previous_mapping
CHEMBL1112,ARIPIPRAZOLE,DB01238,Aripiprazole,P35462,1814,DRD3,HGNC:3024,DRD3,dopamine receptor D3,targets,DrugBank,NCBI,validated,previous_mapping
CHEMBL1112,ARIPIPRAZOLE,DB01238,Aripiprazole,P41143,4985,OPRD1,HGNC:8153,OPRD1,opioid receptor delta 1,targets,DrugBank,NCBI,validated,previous_mapping
CHEMBL1112,ARIPIPRAZOLE,DB01238,Aripiprazole,P41145,4986,OPRK1,HGNC:8154,OPRK1,opioid receptor kappa 1,targets,DrugBank,NCBI,validated,previous_mapping
CHEMBL1112,ARIPIPRAZOLE,DB01238,Aripiprazole,P41595,3357,HTR2B,HGNC:5294,HTR2B,5-hydroxytryptamine receptor 2B,targets,DrugBank,NCBI,validated,previous_mapping
CHEMBL1112,ARIPIPRAZOLE,DB01238,Aripiprazole,P46098,3359,HTR3A,HGNC:5297,HTR3A,5-hydroxytryptamine receptor 3A,targets,DrugBank,NCBI,validated,previous_mapping
CHEMBL1112,ARIPIPRAZOLE,DB01238,Aripiprazole,P47898,3361,HTR5A,HGNC:5300,HTR5A,5-hydroxytryptamine receptor 5A,targets,DrugBank,NCBI,validated,previous_mapping
CHEMBL1112,ARIPIPRAZOLE,DB01238,Aripiprazole,P50406,3362,HTR6,HGNC:5301,HTR6,5-hydroxytryptamine receptor 6,targets,DrugBank,NCBI,validated,previous_mapping
CHEMBL1112,ARIPIPRAZOLE,DB01238,Aripiprazole,Q01959,6531,SLC6A3,HGNC:11049,SLC6A3,solute carrier family 6 member 3,targets,DrugBank,NCBI,validated,previous_mapping
CHEMBL1112,ARIPIPRAZOLE,DB01238,Aripiprazole,Q05586,2902,GRIN1,HGNC:4584,GRIN1,glutamate ionotropic receptor NMDA type subunit 1,targets,DrugBank,NCBI,validated,previous_mapping
CHEMBL1112,ARIPIPRAZOLE,DB01238,Aripiprazole,Q12879,2903,GRIN2A,HGNC:4585,GRIN2A,glutamate ionotropic receptor NMDA type subunit 2A,targets,DrugBank,NCBI,validated,previous_mapping
CHEMBL1112,ARIPIPRAZOLE,DB01238,Aripiprazole,Q13224,2904,GRIN2B,HGNC:4586,GRIN2B,glutamate ionotropic receptor NMDA type subunit 2B,targets,DrugBank,NCBI,validated,previous_mapping
CHEMBL1112,ARIPIPRAZOLE,DB01238,Aripiprazole,Q14957,2905,GRIN2C,HGNC:4587,GRIN2C,glutamate ionotropic receptor NMDA type subunit 2C,targets,DrugBank,NCBI,validated,previous_mapping
CHEMBL1112,ARIPIPRAZOLE,DB01238,Aripiprazole,Q8TCU5,116443,GRIN3A,HGNC:16767,GRIN3A,glutamate ionotropic receptor NMDA type subunit 3A,targets,DrugBank,NCBI,validated,previous_mapping
CHEMBL1112,ARIPIPRAZOLE,DB01238,Aripiprazole,Q9H3N8,59340,HRH4,HGNC:17383,HRH4,histamine receptor H4,targets,DrugBank,NCBI,validated,previous_mapping
CHEMBL1112,ARIPIPRAZOLE,DB01238,Aripiprazole,Q9Y5N1,11255,HRH3,HGNC:5184,HRH3,histamine receptor H3,targets,DrugBank,NCBI,validated,previous_mapping
CHEMBL1113,AMOXAPINE,DB00543,Amoxapine,O00591,2568,GABRP,HGNC:4089,GABRP,gamma-aminobutyric acid type A receptor subunit pi,targets,DrugBank,NCBI,validated,previous_mapping
CHEMBL1113,AMOXAPINE,DB00543,Amoxapine,O14764,2563,GABRD,HGNC:4084,GABRD,gamma-aminobutyric acid type A receptor subunit delta,targets,DrugBank,NCBI,validated,previous_mapping
CHEMBL1113,AMOXAPINE,DB00543,Amoxapine,P02763,5004,ORM1,HGNC:8498,ORM1,orosomucoid 1,targets,DrugBank,NCBI,validated,previous_mapping
CHEMBL1113,AMOXAPINE,DB00543,Amoxapine,P08172,1129,CHRM2,HGNC:1951,CHRM2,cholinergic receptor muscarinic 2,targets,DrugBank,NCBI,validated,previous_mapping
CHEMBL1113,AMOXAPINE,DB00543,Amoxapine,P08173,1132,CHRM4,HGNC:1953,CHRM4,cholinergic receptor muscarinic 4,targets,DrugBank,NCBI,validated,previous_mapping
CHEMBL1113,AMOXAPINE,DB00543,Amoxapine,P08908,3350,HTR1A,HGNC:5286,HTR1A,5-hydroxytryptamine receptor 1A,targets,DrugBank,NCBI,validated,previous_mapping
CHEMBL1113,AMOXAPINE,DB00543,Amoxapine,P08912,1133,CHRM5,HGNC:1954,CHRM5,cholinergic receptor muscarinic 5,targets,DrugBank,NCBI,validated,previous_mapping
CHEMBL1113,AMOXAPINE,DB00543,Amoxapine,P08913,150,ADRA2A,HGNC:281,ADRA2A,adrenoceptor alpha 2A,targets,DrugBank,NCBI,validated,previous_mapping
CHEMBL1113,AMOXAPINE,DB00543,Amoxapine,P10635,1565,CYP2D6,HGNC:2625,CYP2D6,cytochrome P450 family 2 subfamily D member 6 (gene/pseudogene),targets,DrugBank,NCBI,validated,previous_mapping
CHEMBL1113,AMOXAPINE,DB00543,Amoxapine,P11229,1128,CHRM1,HGNC:1950,CHRM1,cholinergic receptor muscarinic 1,targets,DrugBank,NCBI,validated,previous_mapping
CHEMBL1113,AMOXAPINE,DB00543,Amoxapine,P14416,1813,DRD2,HGNC:3023,DRD2,dopamine receptor D2,targets,DrugBank,NCBI,validated,previous_mapping
CHEMBL1113,AMOXAPINE,DB00543,Amoxapine,P14867,2554,GABRA1,HGNC:4075,GABRA1,gamma-aminobutyric acid type A receptor subunit alpha1,targets,DrugBank,NCBI,validated,previous_mapping
CHEMBL1113,AMOXAPINE,DB00543,Amoxapine,P18089,151,ADRA2B,HGNC:282,ADRA2B,adrenoceptor alpha 2B,targets,DrugBank,NCBI,validated,previous_mapping
CHEMBL1113,AMOXAPINE,DB00543,Amoxapine,P18505,2560,GABRB1,HGNC:4081,GABRB1,gamma-aminobutyric acid type A receptor subunit beta1,targets,DrugBank,NCBI,validated,previous_mapping
CHEMBL1113,AMOXAPINE,DB00543,Amoxapine,P18507,2566,GABRG2,HGNC:4087,GABRG2,gamma-aminobutyric acid type A receptor subunit gamma2,targets,DrugBank,NCBI,validated,previous_mapping
CHEMBL1113,AMOXAPINE,DB00543,Amoxapine,P18825,152,ADRA2C,HGNC:283,ADRA2C,adrenoceptor alpha 2C,targets,DrugBank,NCBI,validated,previous_mapping
CHEMBL1113,AMOXAPINE,DB00543,Amoxapine,P20309,1131,CHRM3,HGNC:1952,CHRM3,cholinergic receptor muscarinic 3,targets,DrugBank,NCBI,validated,previous_mapping
CHEMBL1113,AMOXAPINE,DB00543,Amoxapine,P21728,1812,DRD1,HGNC:3020,DRD1,dopamine receptor D1,targets,DrugBank,NCBI,validated,previous_mapping
CHEMBL1113,AMOXAPINE,DB00543,Amoxapine,P21917,1815,DRD4,HGNC:3025,DRD4,dopamine receptor D4,targets,DrugBank,NCBI,validated,previous_mapping
CHEMBL1113,AMOXAPINE,DB00543,Amoxapine,P23975,6530,SLC6A2,HGNC:11048,SLC6A2,solute carrier family 6 member 2,targets,DrugBank,NCBI,validated,previous_mapping
CHEMBL1113,AMOXAPINE,DB00543,Amoxapine,P25100,146,ADRA1D,HGNC:280,ADRA1D,adrenoceptor alpha 1D,targets,DrugBank,NCBI,validated,previous_mapping
CHEMBL1113,AMOXAPINE,DB00543,Amoxapine,P28222,3351,HTR1B,HGNC:5287,HTR1B,5-hydroxytryptamine receptor 1B,targets,DrugBank,NCBI,validated,previous_mapping
CHEMBL1113,AMOXAPINE,DB00543,Amoxapine,P28223,3356,HTR2A,HGNC:5293,HTR2A,5-hydroxytryptamine receptor 2A,targets,DrugBank,NCBI,validated,previous_mapping
CHEMBL1113,AMOXAPINE,DB00543,Amoxapine,P28335,3358,HTR2C,HGNC:5295,HTR2C,5-hydroxytryptamine receptor 2C,targets,DrugBank,NCBI,validated,previous_mapping
CHEMBL1113,AMOXAPINE,DB00543,Amoxapine,P28472,2562,GABRB3,HGNC:4083,GABRB3,gamma-aminobutyric acid type A receptor subunit beta3,targets,DrugBank,NCBI,validated,previous_mapping
CHEMBL1113,AMOXAPINE,DB00543,Amoxapine,P31644,2558,GABRA5,HGNC:4079,GABRA5,gamma-aminobutyric acid type A receptor subunit alpha5,targets,DrugBank,NCBI,validated,previous_mapping
CHEMBL1113,AMOXAPINE,DB00543,Amoxapine,P31645,6532,SLC6A4,HGNC:11050,SLC6A4,solute carrier family 6 member 4,targets,DrugBank,NCBI,validated,previous_mapping
CHEMBL1113,AMOXAPINE,DB00543,Amoxapine,P34903,2556,GABRA3,HGNC:4077,GABRA3,gamma-aminobutyric acid type A receptor subunit alpha3,targets,DrugBank,NCBI,validated,previous_mapping
CHEMBL1113,AMOXAPINE,DB00543,Amoxapine,P34969,3363,HTR7,HGNC:5302,HTR7,5-hydroxytryptamine receptor 7,targets,DrugBank,NCBI,validated,previous_mapping
CHEMBL1113,AMOXAPINE,DB00543,Amoxapine,P35348,148,ADRA1A,HGNC:277,ADRA1A,adrenoceptor alpha 1A,targets,DrugBank,NCBI,validated,previous_mapping
CHEMBL1113,AMOXAPINE,DB00543,Amoxapine,P35367,3269,HRH1,HGNC:5182,HRH1,histamine receptor H1,targets,DrugBank,NCBI,validated,previous_mapping
CHEMBL1113,AMOXAPINE,DB00543,Amoxapine,P35368,147,ADRA1B,HGNC:278,ADRA1B,adrenoceptor alpha 1B,targets,DrugBank,NCBI,validated,previous_mapping
CHEMBL1113,AMOXAPINE,DB00543,Amoxapine,P35462,1814,DRD3,HGNC:3024,DRD3,dopamine receptor D3,targets,DrugBank,NCBI,validated,previous_mapping
CHEMBL1113,AMOXAPINE,DB00543,Amoxapine,P41595,3357,HTR2B,HGNC:5294,HTR2B,5-hydroxytryptamine receptor 2B,targets,DrugBank,NCBI,validated,previous_mapping
CHEMBL1113,AMOXAPINE,DB00543,Amoxapine,P46098,3359,HTR3A,HGNC:5297,HTR3A,5-hydroxytryptamine receptor 3A,targets,DrugBank,NCBI,validated,previous_mapping
CHEMBL1113,AMOXAPINE,DB00543,Amoxapine,P47869,2555,GABRA2,HGNC:4076,GABRA2,gamma-aminobutyric acid type A receptor subunit alpha2,targets,DrugBank,NCBI,validated,previous_mapping
CHEMBL1113,AMOXAPINE,DB00543,Amoxapine,P47870,2561,GABRB2,HGNC:4082,GABRB2,gamma-aminobutyric acid type A receptor subunit beta2,targets,DrugBank,NCBI,validated,previous_mapping
CHEMBL1113,AMOXAPINE,DB00543,Amoxapine,P48169,2557,GABRA4,HGNC:4078,GABRA4,gamma-aminobutyric acid type A receptor subunit alpha4,targets,DrugBank,NCBI,validated,previous_mapping
CHEMBL1113,AMOXAPINE,DB00543,Amoxapine,P50406,3362,HTR6,HGNC:5301,HTR6,5-hydroxytryptamine receptor 6,targets,DrugBank,NCBI,validated,previous_mapping
CHEMBL1113,AMOXAPINE,DB00543,Amoxapine,P78334,2564,GABRE,HGNC:4085,GABRE,gamma-aminobutyric acid type A receptor subunit epsilon,targets,DrugBank,NCBI,validated,previous_mapping
CHEMBL1113,AMOXAPINE,DB00543,Amoxapine,Q01959,6531,SLC6A3,HGNC:11049,SLC6A3,solute carrier family 6 member 3,targets,DrugBank,NCBI,validated,previous_mapping
CHEMBL1113,AMOXAPINE,DB00543,Amoxapine,Q16445,2559,GABRA6,HGNC:4080,GABRA6,gamma-aminobutyric acid type A receptor subunit alpha6,targets,DrugBank,NCBI,validated,previous_mapping
CHEMBL1113,AMOXAPINE,DB00543,Amoxapine,Q8N1C3,2565,GABRG1,HGNC:4086,GABRG1,gamma-aminobutyric acid type A receptor subunit gamma1,targets,DrugBank,NCBI,validated,previous_mapping
CHEMBL1113,AMOXAPINE,DB00543,Amoxapine,Q99928,2567,GABRG3,HGNC:4088,GABRG3,gamma-aminobutyric acid type A receptor subunit gamma3,targets,DrugBank,NCBI,validated,previous_mapping
CHEMBL1113,AMOXAPINE,DB00543,Amoxapine,Q9H3N8,59340,HRH4,HGNC:17383,HRH4,histamine receptor H4,targets,DrugBank,NCBI,validated,previous_mapping
CHEMBL1113,AMOXAPINE,DB00543,Amoxapine,Q9UN88,55879,GABRQ,HGNC:14454,GABRQ,gamma-aminobutyric acid type A receptor subunit theta,targets,DrugBank,NCBI,validated,previous_mapping
CHEMBL1118,DESVENLAFAXINE,DB06700,Desvenlafaxine,P08684,1576,CYP3A4,HGNC:2637,CYP3A4,cytochrome P450 family 3 subfamily A member 4,targets,DrugBank,NCBI,validated,previous_mapping
CHEMBL1118,DESVENLAFAXINE,DB06700,Desvenlafaxine,P10635,1565,CYP2D6,HGNC:2625,CYP2D6,cytochrome P450 family 2 subfamily D member 6 (gene/pseudogene),targets,DrugBank,NCBI,validated,previous_mapping
CHEMBL1118,DESVENLAFAXINE,DB06700,Desvenlafaxine,P23975,6530,SLC6A2,HGNC:11048,SLC6A2,solute carrier family 6 member 2,targets,DrugBank,NCBI,validated,previous_mapping
CHEMBL1118,DESVENLAFAXINE,DB06700,Desvenlafaxine,P31645,6532,SLC6A4,HGNC:11050,SLC6A4,solute carrier family 6 member 4,targets,DrugBank,NCBI,validated,previous_mapping
CHEMBL1118,DESVENLAFAXINE,DB06700,Desvenlafaxine,Q01959,6531,SLC6A3,HGNC:11049,SLC6A3,solute carrier family 6 member 3,targets,DrugBank,NCBI,validated,previous_mapping
CHEMBL112,ACETAMINOPHEN,DB00316,Acetaminophen,O00519,2166,FAAH,HGNC:3553,FAAH,fatty acid amide hydrolase,targets,DrugBank,NCBI,validated,previous_mapping
CHEMBL112,ACETAMINOPHEN,DB00316,Acetaminophen,O60656,54600,UGT1A9,HGNC:12541,UGT1A9,UDP glucuronosyltransferase family 1 member A9,targets,DrugBank,NCBI,validated,previous_mapping
CHEMBL112,ACETAMINOPHEN,DB00316,Acetaminophen,P02768,213,ALB,HGNC:399,ALB,albumin,targets,DrugBank,NCBI,validated,previous_mapping
CHEMBL112,ACETAMINOPHEN,DB00316,Acetaminophen,P05177,1544,CYP1A2,HGNC:2596,CYP1A2,cytochrome P450 family 1 subfamily A member 2,targets,DrugBank,NCBI,validated,previous_mapping
CHEMBL112,ACETAMINOPHEN,DB00316,Acetaminophen,P05181,1571,CYP2E1,HGNC:2631,CYP2E1,cytochrome P450 family 2 subfamily E member 1,targets,DrugBank,NCBI,validated,previous_mapping
CHEMBL112,ACETAMINOPHEN,DB00316,Acetaminophen,P08183,5243,ABCB1,HGNC:40,ABCB1,ATP binding cassette subfamily B member 1,targets,DrugBank,NCBI,validated,previous_mapping
CHEMBL112,ACETAMINOPHEN,DB00316,Acetaminophen,P08684,1576,CYP3A4,HGNC:2637,CYP3A4,cytochrome P450 family 3 subfamily A member 4,targets,DrugBank,NCBI,validated,previous_mapping
CHEMBL112,ACETAMINOPHEN,DB00316,Acetaminophen,P09211,2950,GSTP1,HGNC:4638,GSTP1,glutathione S-transferase pi 1,targets,DrugBank,NCBI,validated,previous_mapping
CHEMBL112,ACETAMINOPHEN,DB00316,Acetaminophen,P09488,2944,GSTM1,HGNC:4632,GSTM1,glutathione S-transferase mu 1,targets,DrugBank,NCBI,validated,previous_mapping
CHEMBL112,ACETAMINOPHEN,DB00316,Acetaminophen,P0DMM9,6818,SULT1A3,HGNC:11455,SULT1A3,sulfotransferase family 1A member 3,targets,DrugBank,NCBI,validated,previous_mapping
CHEMBL112,ACETAMINOPHEN,DB00316,Acetaminophen,P10635,1565,CYP2D6,HGNC:2625,CYP2D6,cytochrome P450 family 2 subfamily D member 6 (gene/pseudogene),targets,DrugBank,NCBI,validated,previous_mapping
CHEMBL112,ACETAMINOPHEN,DB00316,Acetaminophen,P11245,10,NAT2,HGNC:7646,NAT2,N-acetyltransferase 2,targets,DrugBank,NCBI,validated,previous_mapping
CHEMBL112,ACETAMINOPHEN,DB00316,Acetaminophen,P11509,1548,CYP2A6,HGNC:2610,CYP2A6,cytochrome P450 family 2 subfamily A member 6,targets,DrugBank,NCBI,validated,previous_mapping
CHEMBL112,ACETAMINOPHEN,DB00316,Acetaminophen,P19224,54578,UGT1A6,HGNC:12538,UGT1A6,UDP glucuronosyltransferase family 1 member A6,targets,DrugBank,NCBI,validated,previous_mapping
CHEMBL112,ACETAMINOPHEN,DB00316,Acetaminophen,P22309,54658,UGT1A1,HGNC:12530,UGT1A1,UDP glucuronosyltransferase family 1 member A1,targets,DrugBank,NCBI,validated,previous_mapping
CHEMBL112,ACETAMINOPHEN,DB00316,Acetaminophen,P23219,5742,PTGS1,HGNC:9604,PTGS1,prostaglandin-endoperoxide synthase 1,targets,DrugBank,NCBI,validated,previous_mapping
CHEMBL112,ACETAMINOPHEN,DB00316,Acetaminophen,P35354,5743,PTGS2,HGNC:9605,PTGS2,prostaglandin-endoperoxide synthase 2,targets,DrugBank,NCBI,validated,previous_mapping
CHEMBL112,ACETAMINOPHEN,DB00316,Acetaminophen,P50225,6817,SULT1A1,HGNC:11453,SULT1A1,sulfotransferase family 1A member 1,targets,DrugBank,NCBI,validated,previous_mapping
CHEMBL112,ACETAMINOPHEN,DB00316,Acetaminophen,P54855,7366,UGT2B15,HGNC:12546,UGT2B15,UDP glucuronosyltransferase family 2 member B15,targets,DrugBank,NCBI,validated,previous_mapping
CHEMBL112,ACETAMINOPHEN,DB00316,Acetaminophen,Q15185,10728,PTGES3,HGNC:16049,PTGES3,prostaglandin E synthase 3,targets,DrugBank,NCBI,validated,previous_mapping
CHEMBL112,ACETAMINOPHEN,DB00316,Acetaminophen,Q8NER1,7442,TRPV1,HGNC:12716,TRPV1,transient receptor potential cation channel subfamily V member 1,targets,DrugBank,NCBI,validated,previous_mapping
CHEMBL1120,BISMUTH SUBSALICYLATE,DB01294,Bismuth subsalicylate,P02768,213,ALB,HGNC:399,ALB,albumin,targets,DrugBank,NCBI,validated,previous_mapping
CHEMBL1120,BISMUTH SUBSALICYLATE,DB01294,Bismuth subsalicylate,P02787,7018,TF,HGNC:11740,TF,transferrin,targets,DrugBank,NCBI,validated,previous_mapping
CHEMBL1123,DICYCLOMINE,DB00804,Dicyclomine,P08172,1129,CHRM2,HGNC:1951,CHRM2,cholinergic receptor muscarinic 2,targets,DrugBank,NCBI,validated,previous_mapping
CHEMBL1123,DICYCLOMINE,DB00804,Dicyclomine,P11229,1128,CHRM1,HGNC:1950,CHRM1,cholinergic receptor muscarinic 1,targets,DrugBank,NCBI,validated,previous_mapping
CHEMBL11298,SERINE,DB00133,Serine,O15269,10558,SPTLC1,HGNC:11277,SPTLC1,serine palmitoyltransferase long chain base subunit 1,targets,DrugBank,NCBI,validated,previous_mapping
CHEMBL11298,SERINE,DB00133,Serine,O15270,9517,SPTLC2,HGNC:11278,SPTLC2,serine palmitoyltransferase long chain base subunit 2,targets,DrugBank,NCBI,validated,previous_mapping
CHEMBL11298,SERINE,DB00133,Serine,P20132,10993,SDS,HGNC:10691,SDS,serine dehydratase,targets,DrugBank,NCBI,validated,previous_mapping
CHEMBL11298,SERINE,DB00133,Serine,P21549,189,AGXT,HGNC:341,AGXT,alanine--glyoxylate aminotransferase,targets,DrugBank,NCBI,validated,previous_mapping
CHEMBL11298,SERINE,DB00133,Serine,P35520,875,CBS,HGNC:1550,CBS,cystathionine beta-synthase,targets,DrugBank,NCBI,validated,previous_mapping
CHEMBL11298,SERINE,DB00133,Serine,P49591,6301,SARS1,HGNC:10537,SARS1,seryl-tRNA synthetase 1,targets,DrugBank,NCBI,validated,previous_mapping
CHEMBL11298,SERINE,DB00133,Serine,Q8TF71,117247,SLC16A10,HGNC:17027,SLC16A10,solute carrier family 16 member 10,targets,DrugBank,NCBI,validated,previous_mapping
CHEMBL11298,SERINE,DB00133,Serine,Q9GZT4,63826,SRR,HGNC:14398,SRR,serine racemase,targets,DrugBank,NCBI,validated,previous_mapping
CHEMBL113,CAFFEINE,DB00201,Caffeine,O00329,5293,PIK3CD,HGNC:8977,PIK3CD,"phosphatidylinositol-4,5-bisphosphate 3-kinase catalytic subunit delta",targets,DrugBank,NCBI,validated,previous_mapping
CHEMBL113,CAFFEINE,DB00201,Caffeine,O00408,5138,PDE2A,HGNC:8777,PDE2A,phosphodiesterase 2A,targets,DrugBank,NCBI,validated,previous_mapping
CHEMBL113,CAFFEINE,DB00201,Caffeine,O60658,5151,PDE8A,HGNC:8793,PDE8A,phosphodiesterase 8A,targets,DrugBank,NCBI,validated,previous_mapping
CHEMBL113,CAFFEINE,DB00201,Caffeine,O76074,8654,PDE5A,HGNC:8784,PDE5A,phosphodiesterase 5A,targets,DrugBank,NCBI,validated,previous_mapping
CHEMBL113,CAFFEINE,DB00201,Caffeine,O76083,5152,PDE9A,HGNC:8795,PDE9A,phosphodiesterase 9A,targets,DrugBank,NCBI,validated,previous_mapping
CHEMBL113,CAFFEINE,DB00201,Caffeine,O95263,8622,PDE8B,HGNC:8794,PDE8B,phosphodiesterase 8B,targets,DrugBank,NCBI,validated,previous_mapping
CHEMBL113,CAFFEINE,DB00201,Caffeine,P04798,1543,CYP1A1,HGNC:2595,CYP1A1,cytochrome P450 family 1 subfamily A member 1,targets,DrugBank,NCBI,validated,previous_mapping
CHEMBL113,CAFFEINE,DB00201,Caffeine,P05177,1544,CYP1A2,HGNC:2596,CYP1A2,cytochrome P450 family 1 subfamily A member 2,targets,DrugBank,NCBI,validated,previous_mapping
CHEMBL113,CAFFEINE,DB00201,Caffeine,P05181,1571,CYP2E1,HGNC:2631,CYP2E1,cytochrome P450 family 2 subfamily E member 1,targets,DrugBank,NCBI,validated,previous_mapping
CHEMBL113,CAFFEINE,DB00201,Caffeine,P08684,1576,CYP3A4,HGNC:2637,CYP3A4,cytochrome P450 family 3 subfamily A member 4,targets,DrugBank,NCBI,validated,previous_mapping
CHEMBL113,CAFFEINE,DB00201,Caffeine,P0DMS8,140,ADORA3,HGNC:268,ADORA3,adenosine A3 receptor,targets,DrugBank,NCBI,validated,previous_mapping
CHEMBL113,CAFFEINE,DB00201,Caffeine,P10632,1558,CYP2C8,HGNC:2622,CYP2C8,cytochrome P450 family 2 subfamily C member 8,targets,DrugBank,NCBI,validated,previous_mapping
CHEMBL113,CAFFEINE,DB00201,Caffeine,P10635,1565,CYP2D6,HGNC:2625,CYP2D6,cytochrome P450 family 2 subfamily D member 6 (gene/pseudogene),targets,DrugBank,NCBI,validated,previous_mapping
CHEMBL113,CAFFEINE,DB00201,Caffeine,P11712,1559,CYP2C9,HGNC:2623,CYP2C9,cytochrome P450 family 2 subfamily C member 9,targets,DrugBank,NCBI,validated,previous_mapping
CHEMBL113,CAFFEINE,DB00201,Caffeine,P16499,5145,PDE6A,HGNC:8785,PDE6A,phosphodiesterase 6A,targets,DrugBank,NCBI,validated,previous_mapping
CHEMBL113,CAFFEINE,DB00201,Caffeine,P21817,6261,RYR1,HGNC:10483,RYR1,ryanodine receptor 1,targets,DrugBank,NCBI,validated,previous_mapping
CHEMBL113,CAFFEINE,DB00201,Caffeine,P27815,5141,PDE4A,HGNC:8780,PDE4A,phosphodiesterase 4A,targets,DrugBank,NCBI,validated,previous_mapping
CHEMBL113,CAFFEINE,DB00201,Caffeine,P29274,135,ADORA2A,HGNC:263,ADORA2A,adenosine A2a receptor,targets,DrugBank,NCBI,validated,previous_mapping
CHEMBL113,CAFFEINE,DB00201,Caffeine,P29275,136,ADORA2B,HGNC:264,ADORA2B,adenosine A2b receptor,targets,DrugBank,NCBI,validated,previous_mapping
CHEMBL113,CAFFEINE,DB00201,Caffeine,P30542,134,ADORA1,HGNC:262,ADORA1,adenosine A1 receptor,targets,DrugBank,NCBI,validated,previous_mapping
CHEMBL113,CAFFEINE,DB00201,Caffeine,P35913,5158,PDE6B,HGNC:8786,PDE6B,phosphodiesterase 6B,targets,DrugBank,NCBI,validated,previous_mapping
CHEMBL113,CAFFEINE,DB00201,Caffeine,P42336,5290,PIK3CA,HGNC:8975,PIK3CA,"phosphatidylinositol-4,5-bisphosphate 3-kinase catalytic subunit alpha",targets,DrugBank,NCBI,validated,previous_mapping
CHEMBL113,CAFFEINE,DB00201,Caffeine,P42338,5291,PIK3CB,HGNC:8976,PIK3CB,"phosphatidylinositol-4,5-bisphosphate 3-kinase catalytic subunit beta",targets,DrugBank,NCBI,validated,previous_mapping
CHEMBL113,CAFFEINE,DB00201,Caffeine,P51160,5146,PDE6C,HGNC:8787,PDE6C,phosphodiesterase 6C,targets,DrugBank,NCBI,validated,previous_mapping
CHEMBL113,CAFFEINE,DB00201,Caffeine,P54750,5136,PDE1A,HGNC:8774,PDE1A,phosphodiesterase 1A,targets,DrugBank,NCBI,validated,previous_mapping
CHEMBL113,CAFFEINE,DB00201,Caffeine,P78527,5591,PRKDC,HGNC:9413,PRKDC,"protein kinase, DNA-activated, catalytic subunit",targets,DrugBank,NCBI,validated,previous_mapping
CHEMBL113,CAFFEINE,DB00201,Caffeine,Q01064,5153,PDE1B,HGNC:8775,PDE1B,phosphodiesterase 1B,targets,DrugBank,NCBI,validated,previous_mapping
CHEMBL113,CAFFEINE,DB00201,Caffeine,Q07343,5142,PDE4B,HGNC:8781,PDE4B,phosphodiesterase 4B,targets,DrugBank,NCBI,validated,previous_mapping
CHEMBL113,CAFFEINE,DB00201,Caffeine,Q08493,5143,PDE4C,HGNC:8782,PDE4C,phosphodiesterase 4C,targets,DrugBank,NCBI,validated,previous_mapping
CHEMBL113,CAFFEINE,DB00201,Caffeine,Q08499,5144,PDE4D,HGNC:8783,PDE4D,phosphodiesterase 4D,targets,DrugBank,NCBI,validated,previous_mapping
CHEMBL113,CAFFEINE,DB00201,Caffeine,Q13315,472,ATM,HGNC:795,ATM,ATM serine/threonine kinase,targets,DrugBank,NCBI,validated,previous_mapping
CHEMBL113,CAFFEINE,DB00201,Caffeine,Q13370,5140,PDE3B,HGNC:8779,PDE3B,phosphodiesterase 3B,targets,DrugBank,NCBI,validated,previous_mapping
CHEMBL113,CAFFEINE,DB00201,Caffeine,Q13946,5150,PDE7A,HGNC:8791,PDE7A,phosphodiesterase 7A,targets,DrugBank,NCBI,validated,previous_mapping
CHEMBL113,CAFFEINE,DB00201,Caffeine,Q14123,5137,PDE1C,HGNC:8776,PDE1C,phosphodiesterase 1C,targets,DrugBank,NCBI,validated,previous_mapping
CHEMBL113,CAFFEINE,DB00201,Caffeine,Q14432,5139,PDE3A,HGNC:8778,PDE3A,phosphodiesterase 3A,targets,DrugBank,NCBI,validated,previous_mapping
CHEMBL113,CAFFEINE,DB00201,Caffeine,Q14571,3709,ITPR2,HGNC:6181,ITPR2,"inositol 1,4,5-trisphosphate receptor type 2",targets,DrugBank,NCBI,validated,previous_mapping
CHEMBL113,CAFFEINE,DB00201,Caffeine,Q14573,3710,ITPR3,HGNC:6182,ITPR3,"inositol 1,4,5-trisphosphate receptor type 3",targets,DrugBank,NCBI,validated,previous_mapping
CHEMBL113,CAFFEINE,DB00201,Caffeine,Q14643,3708,ITPR1,HGNC:6180,ITPR1,"inositol 1,4,5-trisphosphate receptor type 1",targets,DrugBank,NCBI,validated,previous_mapping
CHEMBL113,CAFFEINE,DB00201,Caffeine,Q16678,1545,CYP1B1,HGNC:2597,CYP1B1,cytochrome P450 family 1 subfamily B member 1,targets,DrugBank,NCBI,validated,previous_mapping
CHEMBL113,CAFFEINE,DB00201,Caffeine,Q9HCR9,50940,PDE11A,HGNC:8773,PDE11A,phosphodiesterase 11A,targets,DrugBank,NCBI,validated,previous_mapping
CHEMBL113,CAFFEINE,DB00201,Caffeine,Q9NP56,27115,PDE7B,HGNC:8792,PDE7B,phosphodiesterase 7B,targets,DrugBank,NCBI,validated,previous_mapping
CHEMBL113,CAFFEINE,DB00201,Caffeine,Q9UNQ0,9429,ABCG2,HGNC:74,ABCG2,ATP binding cassette subfamily G member 2 (JR blood group),targets,DrugBank,NCBI,validated,previous_mapping
CHEMBL113,CAFFEINE,DB00201,Caffeine,Q9Y233,10846,PDE10A,HGNC:8772,PDE10A,phosphodiesterase 10A,targets,DrugBank,NCBI,validated,previous_mapping
CHEMBL1131,ACITRETIN,DB00459,Acitretin,P02768,213,ALB,HGNC:399,ALB,albumin,targets,DrugBank,NCBI,validated,previous_mapping
CHEMBL1131,ACITRETIN,DB00459,Acitretin,P09455,5947,RBP1,HGNC:9919,RBP1,retinol binding protein 1,targets,DrugBank,NCBI,validated,previous_mapping
CHEMBL1131,ACITRETIN,DB00459,Acitretin,P10276,5914,RARA,HGNC:9864,RARA,retinoic acid receptor alpha,targets,DrugBank,NCBI,validated,previous_mapping
CHEMBL1131,ACITRETIN,DB00459,Acitretin,P10826,5915,RARB,HGNC:9865,RARB,retinoic acid receptor beta,targets,DrugBank,NCBI,validated,previous_mapping
CHEMBL1131,ACITRETIN,DB00459,Acitretin,P13631,5916,RARG,HGNC:9866,RARG,retinoic acid receptor gamma,targets,DrugBank,NCBI,validated,previous_mapping
CHEMBL1131,ACITRETIN,DB00459,Acitretin,P19793,6256,RXRA,HGNC:10477,RXRA,retinoid X receptor alpha,targets,DrugBank,NCBI,validated,previous_mapping
CHEMBL1131,ACITRETIN,DB00459,Acitretin,P28702,6257,RXRB,HGNC:10478,RXRB,retinoid X receptor beta,targets,DrugBank,NCBI,validated,previous_mapping
CHEMBL1131,ACITRETIN,DB00459,Acitretin,P48443,6258,RXRG,HGNC:10479,RXRG,retinoid X receptor gamma,targets,DrugBank,NCBI,validated,previous_mapping
CHEMBL1144,PRAVASTATIN,DB00175,Pravastatin,O94956,11309,SLCO2B1,HGNC:10962,SLCO2B1,solute carrier organic anion transporter family member 2B1,targets,DrugBank,NCBI,validated,previous_mapping
CHEMBL1144,PRAVASTATIN,DB00175,Pravastatin,O95342,8647,ABCB11,HGNC:42,ABCB11,ATP binding cassette subfamily B member 11,targets,DrugBank,NCBI,validated,previous_mapping
CHEMBL1144,PRAVASTATIN,DB00175,Pravastatin,P04035,3156,HMGCR,HGNC:5006,HMGCR,3-hydroxy-3-methylglutaryl-CoA reductase,targets,DrugBank,NCBI,validated,previous_mapping
CHEMBL1144,PRAVASTATIN,DB00175,Pravastatin,P08183,5243,ABCB1,HGNC:40,ABCB1,ATP binding cassette subfamily B member 1,targets,DrugBank,NCBI,validated,previous_mapping
CHEMBL1144,PRAVASTATIN,DB00175,Pravastatin,P46721,6579,SLCO1A2,HGNC:10956,SLCO1A2,solute carrier organic anion transporter family member 1A2,targets,DrugBank,NCBI,validated,previous_mapping
CHEMBL1144,PRAVASTATIN,DB00175,Pravastatin,P53985,6566,SLC16A1,HGNC:10922,SLC16A1,solute carrier family 16 member 1,targets,DrugBank,NCBI,validated,previous_mapping
CHEMBL1144,PRAVASTATIN,DB00175,Pravastatin,Q4U2R8,9356,SLC22A6,HGNC:10970,SLC22A6,solute carrier family 22 member 6,targets,DrugBank,NCBI,validated,previous_mapping
CHEMBL1144,PRAVASTATIN,DB00175,Pravastatin,Q8TCC7,9376,SLC22A8,HGNC:10972,SLC22A8,solute carrier family 22 member 8,targets,DrugBank,NCBI,validated,previous_mapping
CHEMBL1144,PRAVASTATIN,DB00175,Pravastatin,Q92769,3066,HDAC2,HGNC:4853,HDAC2,histone deacetylase 2,targets,DrugBank,NCBI,validated,previous_mapping
CHEMBL1144,PRAVASTATIN,DB00175,Pravastatin,Q92887,1244,ABCC2,HGNC:53,ABCC2,ATP binding cassette subfamily C member 2,targets,DrugBank,NCBI,validated,previous_mapping
CHEMBL1144,PRAVASTATIN,DB00175,Pravastatin,Q9NPD5,28234,SLCO1B3,HGNC:10961,SLCO1B3,solute carrier organic anion transporter family member 1B3,targets,DrugBank,NCBI,validated,previous_mapping
CHEMBL1144,PRAVASTATIN,DB00175,Pravastatin,Q9NSA0,55867,SLC22A11,HGNC:18120,SLC22A11,solute carrier family 22 member 11,targets,DrugBank,NCBI,validated,previous_mapping
CHEMBL1144,PRAVASTATIN,DB00175,Pravastatin,Q9UNQ0,9429,ABCG2,HGNC:74,ABCG2,ATP binding cassette subfamily G member 2 (JR blood group),targets,DrugBank,NCBI,validated,previous_mapping
CHEMBL1144,PRAVASTATIN,DB00175,Pravastatin,Q9Y694,10864,SLC22A7,HGNC:10971,SLC22A7,solute carrier family 22 member 7,targets,DrugBank,NCBI,validated,previous_mapping
CHEMBL1144,PRAVASTATIN,DB00175,Pravastatin,Q9Y6L6,10599,SLCO1B1,HGNC:10959,SLCO1B1,solute carrier organic anion transporter family member 1B1,targets,DrugBank,NCBI,validated,previous_mapping
CHEMBL1149,LEVOCARNITINE,DB00583,Levocarnitine,O43772,788,SLC25A20,HGNC:1421,SLC25A20,solute carrier family 25 member 20,targets,DrugBank,NCBI,validated,previous_mapping
CHEMBL1149,LEVOCARNITINE,DB00583,Levocarnitine,O76082,6584,SLC22A5,HGNC:10969,SLC22A5,solute carrier family 22 member 5,targets,DrugBank,NCBI,validated,previous_mapping
CHEMBL1149,LEVOCARNITINE,DB00583,Levocarnitine,P05164,4353,MPO,HGNC:7218,MPO,myeloperoxidase,targets,DrugBank,NCBI,validated,previous_mapping
CHEMBL1149,LEVOCARNITINE,DB00583,Levocarnitine,P23141,1066,CES1,HGNC:1863,CES1,carboxylesterase 1,targets,DrugBank,NCBI,validated,previous_mapping
CHEMBL1149,LEVOCARNITINE,DB00583,Levocarnitine,P23786,1376,CPT2,HGNC:2330,CPT2,carnitine palmitoyltransferase 2,targets,DrugBank,NCBI,validated,previous_mapping
CHEMBL1149,LEVOCARNITINE,DB00583,Levocarnitine,P43155,1384,CRAT,HGNC:2342,CRAT,carnitine O-acetyltransferase,targets,DrugBank,NCBI,validated,previous_mapping
CHEMBL1149,LEVOCARNITINE,DB00583,Levocarnitine,P47989,7498,XDH,HGNC:12805,XDH,xanthine dehydrogenase,targets,DrugBank,NCBI,validated,previous_mapping
CHEMBL1149,LEVOCARNITINE,DB00583,Levocarnitine,P50416,1374,CPT1A,HGNC:2328,CPT1A,carnitine palmitoyltransferase 1A,targets,DrugBank,NCBI,validated,previous_mapping
CHEMBL1149,LEVOCARNITINE,DB00583,Levocarnitine,Q86VW1,85413,SLC22A16,HGNC:20302,SLC22A16,solute carrier family 22 member 16,targets,DrugBank,NCBI,validated,previous_mapping
CHEMBL1149,LEVOCARNITINE,DB00583,Levocarnitine,Q8N8R3,123096,SLC25A29,HGNC:20116,SLC25A29,solute carrier family 25 member 29,targets,DrugBank,NCBI,validated,previous_mapping
CHEMBL1149,LEVOCARNITINE,DB00583,Levocarnitine,Q8TCC7,9376,SLC22A8,HGNC:10972,SLC22A8,solute carrier family 22 member 8,targets,DrugBank,NCBI,validated,previous_mapping
CHEMBL1149,LEVOCARNITINE,DB00583,Levocarnitine,Q9H015,6583,SLC22A4,HGNC:10968,SLC22A4,solute carrier family 22 member 4,targets,DrugBank,NCBI,validated,previous_mapping
CHEMBL1149,LEVOCARNITINE,DB00583,Levocarnitine,Q9UKG9,54677,CROT,HGNC:2366,CROT,carnitine O-octanoyltransferase,targets,DrugBank,NCBI,validated,previous_mapping
CHEMBL1149,LEVOCARNITINE,DB00583,Levocarnitine,Q9Y6L6,10599,SLCO1B1,HGNC:10959,SLCO1B1,solute carrier organic anion transporter family member 1B1,targets,DrugBank,NCBI,validated,previous_mapping
CHEMBL1161,MOMETASONE FUROATE,DB14512,Mometasone furoate,P04150,2908,NR3C1,HGNC:7978,NR3C1,nuclear receptor subfamily 3 group C member 1,targets,DrugBank,NCBI,validated,previous_mapping
CHEMBL1161,MOMETASONE FUROATE,DB14512,Mometasone furoate,P06401,5241,PGR,HGNC:8910,PGR,progesterone receptor,targets,DrugBank,NCBI,validated,previous_mapping
CHEMBL1161,MOMETASONE FUROATE,DB14512,Mometasone furoate,P08684,1576,CYP3A4,HGNC:2637,CYP3A4,cytochrome P450 family 3 subfamily A member 4,targets,DrugBank,NCBI,validated,previous_mapping
CHEMBL1161,MOMETASONE FUROATE,DB14512,Mometasone furoate,P10632,1558,CYP2C8,HGNC:2622,CYP2C8,cytochrome P450 family 2 subfamily C member 8,targets,DrugBank,NCBI,validated,previous_mapping
CHEMBL1161,MOMETASONE FUROATE,DB14512,Mometasone furoate,P20815,1577,CYP3A5,HGNC:2638,CYP3A5,cytochrome P450 family 3 subfamily A member 5,targets,DrugBank,NCBI,validated,previous_mapping
CHEMBL1162,NORETHINDRONE,DB00717,Norethisterone,P02768,213,ALB,HGNC:399,ALB,albumin,targets,DrugBank,NCBI,validated,synonym_match
CHEMBL1162,NORETHINDRONE,DB00717,Norethisterone,P04150,2908,NR3C1,HGNC:7978,NR3C1,nuclear receptor subfamily 3 group C member 1,targets,DrugBank,NCBI,validated,synonym_match
CHEMBL1162,NORETHINDRONE,DB00717,Norethisterone,P04278,6462,SHBG,HGNC:10839,SHBG,sex hormone binding globulin,targets,DrugBank,NCBI,validated,synonym_match
CHEMBL1162,NORETHINDRONE,DB00717,Norethisterone,P05177,1544,CYP1A2,HGNC:2596,CYP1A2,cytochrome P450 family 1 subfamily A member 2,targets,DrugBank,NCBI,validated,synonym_match
CHEMBL1162,NORETHINDRONE,DB00717,Norethisterone,P06401,5241,PGR,HGNC:8910,PGR,progesterone receptor,targets,DrugBank,NCBI,validated,synonym_match
CHEMBL1162,NORETHINDRONE,DB00717,Norethisterone,P08183,5243,ABCB1,HGNC:40,ABCB1,ATP binding cassette subfamily B member 1,targets,DrugBank,NCBI,validated,synonym_match
CHEMBL1162,NORETHINDRONE,DB00717,Norethisterone,P08684,1576,CYP3A4,HGNC:2637,CYP3A4,cytochrome P450 family 3 subfamily A member 4,targets,DrugBank,NCBI,validated,synonym_match
CHEMBL1162,NORETHINDRONE,DB00717,Norethisterone,P10275,367,AR,HGNC:644,AR,androgen receptor,targets,DrugBank,NCBI,validated,synonym_match
CHEMBL1162,NORETHINDRONE,DB00717,Norethisterone,P11509,1548,CYP2A6,HGNC:2610,CYP2A6,cytochrome P450 family 2 subfamily A member 6,targets,DrugBank,NCBI,validated,synonym_match
CHEMBL1162,NORETHINDRONE,DB00717,Norethisterone,P17516,1109,AKR1C4,HGNC:387,AKR1C4,aldo-keto reductase family 1 member C4,targets,DrugBank,NCBI,validated,synonym_match
CHEMBL1162,NORETHINDRONE,DB00717,Norethisterone,P18405,6715,SRD5A1,HGNC:11284,SRD5A1,steroid 5 alpha-reductase 1,targets,DrugBank,NCBI,validated,synonym_match
CHEMBL1162,NORETHINDRONE,DB00717,Norethisterone,P26439,3284,HSD3B2,HGNC:5218,HSD3B2,"hydroxy-delta-5-steroid dehydrogenase, 3 beta- and steroid delta-isomerase 2",targets,DrugBank,NCBI,validated,synonym_match
CHEMBL1162,NORETHINDRONE,DB00717,Norethisterone,P31213,6716,SRD5A2,HGNC:11285,SRD5A2,steroid 5 alpha-reductase 2,targets,DrugBank,NCBI,validated,synonym_match
CHEMBL1162,NORETHINDRONE,DB00717,Norethisterone,P33261,1557,CYP2C19,HGNC:2621,CYP2C19,cytochrome P450 family 2 subfamily C member 19,targets,DrugBank,NCBI,validated,synonym_match
CHEMBL1162,NORETHINDRONE,DB00717,Norethisterone,P51857,6718,AKR1D1,HGNC:388,AKR1D1,aldo-keto reductase family 1 member D1,targets,DrugBank,NCBI,validated,synonym_match
CHEMBL1162,NORETHINDRONE,DB00717,Norethisterone,Q9H8P0,79644,SRD5A3,HGNC:25812,SRD5A3,steroid 5 alpha-reductase 3,targets,DrugBank,NCBI,validated,synonym_match
CHEMBL1164729,FEBUXOSTAT,DB04854,Febuxostat,P47989,7498,XDH,HGNC:12805,XDH,xanthine dehydrogenase,targets,DrugBank,NCBI,validated,previous_mapping
CHEMBL1168,RAMIPRIL,DB00178,Ramipril,P06276,590,BCHE,HGNC:983,BCHE,butyrylcholinesterase,targets,DrugBank,NCBI,validated,previous_mapping
CHEMBL1168,RAMIPRIL,DB00178,Ramipril,P12821,1636,ACE,HGNC:2707,ACE,angiotensin I converting enzyme,targets,DrugBank,NCBI,validated,previous_mapping
CHEMBL1168,RAMIPRIL,DB00178,Ramipril,P46059,6564,SLC15A1,HGNC:10920,SLC15A1,solute carrier family 15 member 1,targets,DrugBank,NCBI,validated,previous_mapping
CHEMBL1168,RAMIPRIL,DB00178,Ramipril,P46663,623,BDKRB1,HGNC:1029,BDKRB1,bradykinin receptor B1,targets,DrugBank,NCBI,validated,previous_mapping
CHEMBL1168,RAMIPRIL,DB00178,Ramipril,Q16348,6565,SLC15A2,HGNC:10921,SLC15A2,solute carrier family 15 member 2,targets,DrugBank,NCBI,validated,previous_mapping
CHEMBL1175,DULOXETINE,DB00476,Duloxetine,P02763,5004,ORM1,HGNC:8498,ORM1,orosomucoid 1,targets,DrugBank,NCBI,validated,previous_mapping
CHEMBL1175,DULOXETINE,DB00476,Duloxetine,P02768,213,ALB,HGNC:399,ALB,albumin,targets,DrugBank,NCBI,validated,previous_mapping
CHEMBL1175,DULOXETINE,DB00476,Duloxetine,P05177,1544,CYP1A2,HGNC:2596,CYP1A2,cytochrome P450 family 1 subfamily A member 2,targets,DrugBank,NCBI,validated,previous_mapping
CHEMBL1175,DULOXETINE,DB00476,Duloxetine,P08183,5243,ABCB1,HGNC:40,ABCB1,ATP binding cassette subfamily B member 1,targets,DrugBank,NCBI,validated,previous_mapping
CHEMBL1175,DULOXETINE,DB00476,Duloxetine,P10635,1565,CYP2D6,HGNC:2625,CYP2D6,cytochrome P450 family 2 subfamily D member 6 (gene/pseudogene),targets,DrugBank,NCBI,validated,previous_mapping
CHEMBL1175,DULOXETINE,DB00476,Duloxetine,P11712,1559,CYP2C9,HGNC:2623,CYP2C9,cytochrome P450 family 2 subfamily C member 9,targets,DrugBank,NCBI,validated,previous_mapping
CHEMBL1175,DULOXETINE,DB00476,Duloxetine,P19652,5005,ORM2,HGNC:8499,ORM2,orosomucoid 2,targets,DrugBank,NCBI,validated,previous_mapping
CHEMBL1175,DULOXETINE,DB00476,Duloxetine,P23975,6530,SLC6A2,HGNC:11048,SLC6A2,solute carrier family 6 member 2,targets,DrugBank,NCBI,validated,previous_mapping
CHEMBL1175,DULOXETINE,DB00476,Duloxetine,P31645,6532,SLC6A4,HGNC:11050,SLC6A4,solute carrier family 6 member 4,targets,DrugBank,NCBI,validated,previous_mapping
CHEMBL1175,DULOXETINE,DB00476,Duloxetine,Q01959,6531,SLC6A3,HGNC:11049,SLC6A3,solute carrier family 6 member 3,targets,DrugBank,NCBI,validated,previous_mapping
CHEMBL117785,TETRABENAZINE,DB04844,Tetrabenazine,P10635,1565,CYP2D6,HGNC:2625,CYP2D6,cytochrome P450 family 2 subfamily D member 6 (gene/pseudogene),targets,DrugBank,NCBI,validated,previous_mapping
CHEMBL117785,TETRABENAZINE,DB04844,Tetrabenazine,P14416,1813,DRD2,HGNC:3023,DRD2,dopamine receptor D2,targets,DrugBank,NCBI,validated,previous_mapping
CHEMBL117785,TETRABENAZINE,DB04844,Tetrabenazine,P16152,873,CBR1,HGNC:1548,CBR1,carbonyl reductase 1,targets,DrugBank,NCBI,validated,previous_mapping
CHEMBL117785,TETRABENAZINE,DB04844,Tetrabenazine,Q05940,6571,SLC18A2,HGNC:10935,SLC18A2,solute carrier family 18 member A2,targets,DrugBank,NCBI,validated,previous_mapping
CHEMBL118,CELECOXIB,DB00482,Celecoxib,O15439,10257,ABCC4,HGNC:55,ABCC4,ATP binding cassette subfamily C member 4 (PEL blood group),targets,DrugBank,NCBI,validated,previous_mapping
CHEMBL118,CELECOXIB,DB00482,Celecoxib,O15530,5170,PDPK1,HGNC:8816,PDPK1,3-phosphoinositide dependent protein kinase 1,targets,DrugBank,NCBI,validated,previous_mapping
CHEMBL118,CELECOXIB,DB00482,Celecoxib,O95342,8647,ABCB11,HGNC:42,ABCB11,ATP binding cassette subfamily B member 11,targets,DrugBank,NCBI,validated,previous_mapping
CHEMBL118,CELECOXIB,DB00482,Celecoxib,P00918,760,CA2,HGNC:1373,CA2,carbonic anhydrase 2,targets,DrugBank,NCBI,validated,previous_mapping
CHEMBL118,CELECOXIB,DB00482,Celecoxib,P07451,761,CA3,HGNC:1374,CA3,carbonic anhydrase 3,targets,DrugBank,NCBI,validated,previous_mapping
CHEMBL118,CELECOXIB,DB00482,Celecoxib,P08183,5243,ABCB1,HGNC:40,ABCB1,ATP binding cassette subfamily B member 1,targets,DrugBank,NCBI,validated,previous_mapping
CHEMBL118,CELECOXIB,DB00482,Celecoxib,P08684,1576,CYP3A4,HGNC:2637,CYP3A4,cytochrome P450 family 3 subfamily A member 4,targets,DrugBank,NCBI,validated,previous_mapping
CHEMBL118,CELECOXIB,DB00482,Celecoxib,P10632,1558,CYP2C8,HGNC:2622,CYP2C8,cytochrome P450 family 2 subfamily C member 8,targets,DrugBank,NCBI,validated,previous_mapping
CHEMBL118,CELECOXIB,DB00482,Celecoxib,P10635,1565,CYP2D6,HGNC:2625,CYP2D6,cytochrome P450 family 2 subfamily D member 6 (gene/pseudogene),targets,DrugBank,NCBI,validated,previous_mapping
CHEMBL118,CELECOXIB,DB00482,Celecoxib,P11712,1559,CYP2C9,HGNC:2623,CYP2C9,cytochrome P450 family 2 subfamily C member 9,targets,DrugBank,NCBI,validated,previous_mapping
CHEMBL118,CELECOXIB,DB00482,Celecoxib,P35354,5743,PTGS2,HGNC:9605,PTGS2,prostaglandin-endoperoxide synthase 2,targets,DrugBank,NCBI,validated,previous_mapping
CHEMBL118,CELECOXIB,DB00482,Celecoxib,Q9UNQ0,9429,ABCG2,HGNC:74,ABCG2,ATP binding cassette subfamily G member 2 (JR blood group),targets,DrugBank,NCBI,validated,previous_mapping
CHEMBL1185,ZOLMITRIPTAN,DB00315,Zolmitriptan,P05177,1544,CYP1A2,HGNC:2596,CYP1A2,cytochrome P450 family 1 subfamily A member 2,targets,DrugBank,NCBI,validated,previous_mapping
CHEMBL1185,ZOLMITRIPTAN,DB00315,Zolmitriptan,P08183,5243,ABCB1,HGNC:40,ABCB1,ATP binding cassette subfamily B member 1,targets,DrugBank,NCBI,validated,previous_mapping
CHEMBL1185,ZOLMITRIPTAN,DB00315,Zolmitriptan,P08908,3350,HTR1A,HGNC:5286,HTR1A,5-hydroxytryptamine receptor 1A,targets,DrugBank,NCBI,validated,previous_mapping
CHEMBL1185,ZOLMITRIPTAN,DB00315,Zolmitriptan,P21397,4128,MAOA,HGNC:6833,MAOA,monoamine oxidase A,targets,DrugBank,NCBI,validated,previous_mapping
CHEMBL1185,ZOLMITRIPTAN,DB00315,Zolmitriptan,P28221,3352,HTR1D,HGNC:5289,HTR1D,5-hydroxytryptamine receptor 1D,targets,DrugBank,NCBI,validated,previous_mapping
CHEMBL1185,ZOLMITRIPTAN,DB00315,Zolmitriptan,P28222,3351,HTR1B,HGNC:5287,HTR1B,5-hydroxytryptamine receptor 1B,targets,DrugBank,NCBI,validated,previous_mapping
CHEMBL1185,ZOLMITRIPTAN,DB00315,Zolmitriptan,P28223,3356,HTR2A,HGNC:5293,HTR2A,5-hydroxytryptamine receptor 2A,targets,DrugBank,NCBI,validated,previous_mapping
CHEMBL1185,ZOLMITRIPTAN,DB00315,Zolmitriptan,P28566,3354,HTR1E,HGNC:5291,HTR1E,5-hydroxytryptamine receptor 1E,targets,DrugBank,NCBI,validated,previous_mapping
CHEMBL1185,ZOLMITRIPTAN,DB00315,Zolmitriptan,P30939,3355,HTR1F,HGNC:5292,HTR1F,5-hydroxytryptamine receptor 1F,targets,DrugBank,NCBI,validated,previous_mapping
CHEMBL1185,ZOLMITRIPTAN,DB00315,Zolmitriptan,P34969,3363,HTR7,HGNC:5302,HTR7,5-hydroxytryptamine receptor 7,targets,DrugBank,NCBI,validated,previous_mapping
CHEMBL1185,ZOLMITRIPTAN,DB00315,Zolmitriptan,P41595,3357,HTR2B,HGNC:5294,HTR2B,5-hydroxytryptamine receptor 2B,targets,DrugBank,NCBI,validated,previous_mapping
CHEMBL1193,PHENIRAMINE,DB01620,Pheniramine,P35367,3269,HRH1,HGNC:5182,HRH1,histamine receptor H1,targets,DrugBank,NCBI,validated,previous_mapping
CHEMBL1193,PHENIRAMINE,DB01620,Pheniramine,Q14994,9970,NR1I3,HGNC:7969,NR1I3,nuclear receptor subfamily 1 group I member 3,targets,DrugBank,NCBI,validated,previous_mapping
CHEMBL1193,PHENIRAMINE,DB01620,Pheniramine,Q9H3N8,59340,HRH4,HGNC:17383,HRH4,histamine receptor H4,targets,DrugBank,NCBI,validated,previous_mapping
CHEMBL1194,PRILOCAINE,DB00750,Prilocaine,Q14524,6331,SCN5A,HGNC:10593,SCN5A,sodium voltage-gated channel alpha subunit 5,targets,DrugBank,NCBI,validated,previous_mapping
CHEMBL119443,ERGONOVINE,DB01253,Ergometrine,P08183,5243,ABCB1,HGNC:40,ABCB1,ATP binding cassette subfamily B member 1,targets,DrugBank,NCBI,validated,synonym_match
CHEMBL119443,ERGONOVINE,DB01253,Ergometrine,P08684,1576,CYP3A4,HGNC:2637,CYP3A4,cytochrome P450 family 3 subfamily A member 4,targets,DrugBank,NCBI,validated,synonym_match
CHEMBL119443,ERGONOVINE,DB01253,Ergometrine,P35348,148,ADRA1A,HGNC:277,ADRA1A,adrenoceptor alpha 1A,targets,DrugBank,NCBI,validated,synonym_match
CHEMBL1194666,DIETHYLPROPION,DB00937,Diethylpropion,P23975,6530,SLC6A2,HGNC:11048,SLC6A2,solute carrier family 6 member 2,targets,DrugBank,NCBI,validated,previous_mapping
CHEMBL1194666,DIETHYLPROPION,DB00937,Diethylpropion,Q01959,6531,SLC6A3,HGNC:11049,SLC6A3,solute carrier family 6 member 3,targets,DrugBank,NCBI,validated,previous_mapping
CHEMBL1197,HEXYLCAINE,DB00473,Hexylcaine,Q14524,6331,SCN5A,HGNC:10593,SCN5A,sodium voltage-gated channel alpha subunit 5,targets,DrugBank,NCBI,validated,previous_mapping
CHEMBL1197,HEXYLCAINE,DB00473,Hexylcaine,Q9Y5Y9,6336,SCN10A,HGNC:10582,SCN10A,sodium voltage-gated channel alpha subunit 10,targets,DrugBank,NCBI,validated,previous_mapping
CHEMBL12,DIAZEPAM,DB00829,Diazepam,O00591,2568,GABRP,HGNC:4089,GABRP,gamma-aminobutyric acid type A receptor subunit pi,targets,DrugBank,NCBI,validated,previous_mapping
CHEMBL12,DIAZEPAM,DB00829,Diazepam,O14764,2563,GABRD,HGNC:4084,GABRD,gamma-aminobutyric acid type A receptor subunit delta,targets,DrugBank,NCBI,validated,previous_mapping
CHEMBL12,DIAZEPAM,DB00829,Diazepam,P02768,213,ALB,HGNC:399,ALB,albumin,targets,DrugBank,NCBI,validated,previous_mapping
CHEMBL12,DIAZEPAM,DB00829,Diazepam,P05181,1571,CYP2E1,HGNC:2631,CYP2E1,cytochrome P450 family 2 subfamily E member 1,targets,DrugBank,NCBI,validated,previous_mapping
CHEMBL12,DIAZEPAM,DB00829,Diazepam,P08183,5243,ABCB1,HGNC:40,ABCB1,ATP binding cassette subfamily B member 1,targets,DrugBank,NCBI,validated,previous_mapping
CHEMBL12,DIAZEPAM,DB00829,Diazepam,P08684,1576,CYP3A4,HGNC:2637,CYP3A4,cytochrome P450 family 3 subfamily A member 4,targets,DrugBank,NCBI,validated,previous_mapping
CHEMBL12,DIAZEPAM,DB00829,Diazepam,P10632,1558,CYP2C8,HGNC:2622,CYP2C8,cytochrome P450 family 2 subfamily C member 8,targets,DrugBank,NCBI,validated,previous_mapping
CHEMBL12,DIAZEPAM,DB00829,Diazepam,P11712,1559,CYP2C9,HGNC:2623,CYP2C9,cytochrome P450 family 2 subfamily C member 9,targets,DrugBank,NCBI,validated,previous_mapping
CHEMBL12,DIAZEPAM,DB00829,Diazepam,P14867,2554,GABRA1,HGNC:4075,GABRA1,gamma-aminobutyric acid type A receptor subunit alpha1,targets,DrugBank,NCBI,validated,previous_mapping
CHEMBL12,DIAZEPAM,DB00829,Diazepam,P18505,2560,GABRB1,HGNC:4081,GABRB1,gamma-aminobutyric acid type A receptor subunit beta1,targets,DrugBank,NCBI,validated,previous_mapping
CHEMBL12,DIAZEPAM,DB00829,Diazepam,P18507,2566,GABRG2,HGNC:4087,GABRG2,gamma-aminobutyric acid type A receptor subunit gamma2,targets,DrugBank,NCBI,validated,previous_mapping
CHEMBL12,DIAZEPAM,DB00829,Diazepam,P20813,1555,CYP2B6,HGNC:2615,CYP2B6,cytochrome P450 family 2 subfamily B member 6,targets,DrugBank,NCBI,validated,previous_mapping
CHEMBL12,DIAZEPAM,DB00829,Diazepam,P20815,1577,CYP3A5,HGNC:2638,CYP3A5,cytochrome P450 family 3 subfamily A member 5,targets,DrugBank,NCBI,validated,previous_mapping
CHEMBL12,DIAZEPAM,DB00829,Diazepam,P23219,5742,PTGS1,HGNC:9604,PTGS1,prostaglandin-endoperoxide synthase 1,targets,DrugBank,NCBI,validated,previous_mapping
CHEMBL12,DIAZEPAM,DB00829,Diazepam,P24462,1551,CYP3A7,HGNC:2640,CYP3A7,cytochrome P450 family 3 subfamily A member 7,targets,DrugBank,NCBI,validated,previous_mapping
CHEMBL12,DIAZEPAM,DB00829,Diazepam,P28472,2562,GABRB3,HGNC:4083,GABRB3,gamma-aminobutyric acid type A receptor subunit beta3,targets,DrugBank,NCBI,validated,previous_mapping
CHEMBL12,DIAZEPAM,DB00829,Diazepam,P31644,2558,GABRA5,HGNC:4079,GABRA5,gamma-aminobutyric acid type A receptor subunit alpha5,targets,DrugBank,NCBI,validated,previous_mapping
CHEMBL12,DIAZEPAM,DB00829,Diazepam,P33260,1562,CYP2C18,HGNC:2620,CYP2C18,cytochrome P450 family 2 subfamily C member 18,targets,DrugBank,NCBI,validated,previous_mapping
CHEMBL12,DIAZEPAM,DB00829,Diazepam,P33261,1557,CYP2C19,HGNC:2621,CYP2C19,cytochrome P450 family 2 subfamily C member 19,targets,DrugBank,NCBI,validated,previous_mapping
CHEMBL12,DIAZEPAM,DB00829,Diazepam,P34903,2556,GABRA3,HGNC:4077,GABRA3,gamma-aminobutyric acid type A receptor subunit alpha3,targets,DrugBank,NCBI,validated,previous_mapping
CHEMBL12,DIAZEPAM,DB00829,Diazepam,P47869,2555,GABRA2,HGNC:4076,GABRA2,gamma-aminobutyric acid type A receptor subunit alpha2,targets,DrugBank,NCBI,validated,previous_mapping
CHEMBL12,DIAZEPAM,DB00829,Diazepam,P47870,2561,GABRB2,HGNC:4082,GABRB2,gamma-aminobutyric acid type A receptor subunit beta2,targets,DrugBank,NCBI,validated,previous_mapping
CHEMBL12,DIAZEPAM,DB00829,Diazepam,P48169,2557,GABRA4,HGNC:4078,GABRA4,gamma-aminobutyric acid type A receptor subunit alpha4,targets,DrugBank,NCBI,validated,previous_mapping
CHEMBL12,DIAZEPAM,DB00829,Diazepam,P78334,2564,GABRE,HGNC:4085,GABRE,gamma-aminobutyric acid type A receptor subunit epsilon,targets,DrugBank,NCBI,validated,previous_mapping
CHEMBL12,DIAZEPAM,DB00829,Diazepam,Q16445,2559,GABRA6,HGNC:4080,GABRA6,gamma-aminobutyric acid type A receptor subunit alpha6,targets,DrugBank,NCBI,validated,previous_mapping
CHEMBL12,DIAZEPAM,DB00829,Diazepam,Q8N1C3,2565,GABRG1,HGNC:4086,GABRG1,gamma-aminobutyric acid type A receptor subunit gamma1,targets,DrugBank,NCBI,validated,previous_mapping
CHEMBL12,DIAZEPAM,DB00829,Diazepam,Q99928,2567,GABRG3,HGNC:4088,GABRG3,gamma-aminobutyric acid type A receptor subunit gamma3,targets,DrugBank,NCBI,validated,previous_mapping
CHEMBL12,DIAZEPAM,DB00829,Diazepam,Q9UN88,55879,GABRQ,HGNC:14454,GABRQ,gamma-aminobutyric acid type A receptor subunit theta,targets,DrugBank,NCBI,validated,previous_mapping
CHEMBL1200335,TESTOSTERONE ENANTHATE,DB13944,Testosterone enanthate,O75751,6581,SLC22A3,HGNC:10967,SLC22A3,solute carrier family 22 member 3,targets,DrugBank,NCBI,validated,previous_mapping
CHEMBL1200335,TESTOSTERONE ENANTHATE,DB13944,Testosterone enanthate,P02768,213,ALB,HGNC:399,ALB,albumin,targets,DrugBank,NCBI,validated,previous_mapping
CHEMBL1200335,TESTOSTERONE ENANTHATE,DB13944,Testosterone enanthate,P03372,2099,ESR1,HGNC:3467,ESR1,estrogen receptor 1,targets,DrugBank,NCBI,validated,previous_mapping
CHEMBL1200335,TESTOSTERONE ENANTHATE,DB13944,Testosterone enanthate,P04278,6462,SHBG,HGNC:10839,SHBG,sex hormone binding globulin,targets,DrugBank,NCBI,validated,previous_mapping
CHEMBL1200335,TESTOSTERONE ENANTHATE,DB13944,Testosterone enanthate,P04798,1543,CYP1A1,HGNC:2595,CYP1A1,cytochrome P450 family 1 subfamily A member 1,targets,DrugBank,NCBI,validated,previous_mapping
CHEMBL1200335,TESTOSTERONE ENANTHATE,DB13944,Testosterone enanthate,P05108,1583,CYP11A1,HGNC:2590,CYP11A1,cytochrome P450 family 11 subfamily A member 1,targets,DrugBank,NCBI,validated,previous_mapping
CHEMBL1200335,TESTOSTERONE ENANTHATE,DB13944,Testosterone enanthate,P08183,5243,ABCB1,HGNC:40,ABCB1,ATP binding cassette subfamily B member 1,targets,DrugBank,NCBI,validated,previous_mapping
CHEMBL1200335,TESTOSTERONE ENANTHATE,DB13944,Testosterone enanthate,P08235,4306,NR3C2,HGNC:7979,NR3C2,nuclear receptor subfamily 3 group C member 2,targets,DrugBank,NCBI,validated,previous_mapping
CHEMBL1200335,TESTOSTERONE ENANTHATE,DB13944,Testosterone enanthate,P08684,1576,CYP3A4,HGNC:2637,CYP3A4,cytochrome P450 family 3 subfamily A member 4,targets,DrugBank,NCBI,validated,previous_mapping
CHEMBL1200335,TESTOSTERONE ENANTHATE,DB13944,Testosterone enanthate,P10275,367,AR,HGNC:644,AR,androgen receptor,targets,DrugBank,NCBI,validated,previous_mapping
CHEMBL1200335,TESTOSTERONE ENANTHATE,DB13944,Testosterone enanthate,P10632,1558,CYP2C8,HGNC:2622,CYP2C8,cytochrome P450 family 2 subfamily C member 8,targets,DrugBank,NCBI,validated,previous_mapping
CHEMBL1200335,TESTOSTERONE ENANTHATE,DB13944,Testosterone enanthate,P11511,1588,CYP19A1,HGNC:2594,CYP19A1,cytochrome P450 family 19 subfamily A member 1,targets,DrugBank,NCBI,validated,previous_mapping
CHEMBL1200335,TESTOSTERONE ENANTHATE,DB13944,Testosterone enanthate,P11712,1559,CYP2C9,HGNC:2623,CYP2C9,cytochrome P450 family 2 subfamily C member 9,targets,DrugBank,NCBI,validated,previous_mapping
CHEMBL1200335,TESTOSTERONE ENANTHATE,DB13944,Testosterone enanthate,P18405,6715,SRD5A1,HGNC:11284,SRD5A1,steroid 5 alpha-reductase 1,targets,DrugBank,NCBI,validated,previous_mapping
CHEMBL1200335,TESTOSTERONE ENANTHATE,DB13944,Testosterone enanthate,P20813,1555,CYP2B6,HGNC:2615,CYP2B6,cytochrome P450 family 2 subfamily B member 6,targets,DrugBank,NCBI,validated,previous_mapping
CHEMBL1200335,TESTOSTERONE ENANTHATE,DB13944,Testosterone enanthate,P20815,1577,CYP3A5,HGNC:2638,CYP3A5,cytochrome P450 family 3 subfamily A member 5,targets,DrugBank,NCBI,validated,previous_mapping
CHEMBL1200335,TESTOSTERONE ENANTHATE,DB13944,Testosterone enanthate,P21397,4128,MAOA,HGNC:6833,MAOA,monoamine oxidase A,targets,DrugBank,NCBI,validated,previous_mapping
CHEMBL1200335,TESTOSTERONE ENANTHATE,DB13944,Testosterone enanthate,P24462,1551,CYP3A7,HGNC:2640,CYP3A7,cytochrome P450 family 3 subfamily A member 7,targets,DrugBank,NCBI,validated,previous_mapping
CHEMBL1200335,TESTOSTERONE ENANTHATE,DB13944,Testosterone enanthate,P31213,6716,SRD5A2,HGNC:11285,SRD5A2,steroid 5 alpha-reductase 2,targets,DrugBank,NCBI,validated,previous_mapping
CHEMBL1200335,TESTOSTERONE ENANTHATE,DB13944,Testosterone enanthate,P33261,1557,CYP2C19,HGNC:2621,CYP2C19,cytochrome P450 family 2 subfamily C member 19,targets,DrugBank,NCBI,validated,previous_mapping
CHEMBL1200335,TESTOSTERONE ENANTHATE,DB13944,Testosterone enanthate,P46721,6579,SLCO1A2,HGNC:10956,SLCO1A2,solute carrier organic anion transporter family member 1A2,targets,DrugBank,NCBI,validated,previous_mapping
CHEMBL1200335,TESTOSTERONE ENANTHATE,DB13944,Testosterone enanthate,Q14973,6554,SLC10A1,HGNC:10905,SLC10A1,solute carrier family 10 member 1,targets,DrugBank,NCBI,validated,previous_mapping
CHEMBL1200335,TESTOSTERONE ENANTHATE,DB13944,Testosterone enanthate,Q16696,1553,CYP2A13,HGNC:2608,CYP2A13,cytochrome P450 family 2 subfamily A member 13,targets,DrugBank,NCBI,validated,previous_mapping
CHEMBL1200335,TESTOSTERONE ENANTHATE,DB13944,Testosterone enanthate,Q8TCC7,9376,SLC22A8,HGNC:10972,SLC22A8,solute carrier family 22 member 8,targets,DrugBank,NCBI,validated,previous_mapping
CHEMBL1200335,TESTOSTERONE ENANTHATE,DB13944,Testosterone enanthate,Q9H015,6583,SLC22A4,HGNC:10968,SLC22A4,solute carrier family 22 member 4,targets,DrugBank,NCBI,validated,previous_mapping
CHEMBL1200335,TESTOSTERONE ENANTHATE,DB13944,Testosterone enanthate,Q9H8P0,79644,SRD5A3,HGNC:25812,SRD5A3,steroid 5 alpha-reductase 3,targets,DrugBank,NCBI,validated,previous_mapping
CHEMBL1200335,TESTOSTERONE ENANTHATE,DB13944,Testosterone enanthate,Q9HB55,64816,CYP3A43,HGNC:17450,CYP3A43,cytochrome P450 family 3 subfamily A member 43,targets,DrugBank,NCBI,validated,previous_mapping
CHEMBL1200335,TESTOSTERONE ENANTHATE,DB13944,Testosterone enanthate,Q9UNQ0,9429,ABCG2,HGNC:74,ABCG2,ATP binding cassette subfamily G member 2 (JR blood group),targets,DrugBank,NCBI,validated,previous_mapping
CHEMBL1200335,TESTOSTERONE ENANTHATE,DB13944,Testosterone enanthate,Q9Y694,10864,SLC22A7,HGNC:10971,SLC22A7,solute carrier family 22 member 7,targets,DrugBank,NCBI,validated,previous_mapping
CHEMBL1200391,TROMETHAMINE,DB03754,Tromethamine,P05067,351,APP,HGNC:620,APP,amyloid beta precursor protein,targets,DrugBank,NCBI,validated,previous_mapping
CHEMBL1200472,QUAZEPAM,DB01589,Quazepam,O00591,2568,GABRP,HGNC:4089,GABRP,gamma-aminobutyric acid type A receptor subunit pi,targets,DrugBank,NCBI,validated,previous_mapping
CHEMBL1200472,QUAZEPAM,DB01589,Quazepam,O14764,2563,GABRD,HGNC:4084,GABRD,gamma-aminobutyric acid type A receptor subunit delta,targets,DrugBank,NCBI,validated,previous_mapping
CHEMBL1200472,QUAZEPAM,DB01589,Quazepam,P08684,1576,CYP3A4,HGNC:2637,CYP3A4,cytochrome P450 family 3 subfamily A member 4,targets,DrugBank,NCBI,validated,previous_mapping
CHEMBL1200472,QUAZEPAM,DB01589,Quazepam,P11712,1559,CYP2C9,HGNC:2623,CYP2C9,cytochrome P450 family 2 subfamily C member 9,targets,DrugBank,NCBI,validated,previous_mapping
CHEMBL1200472,QUAZEPAM,DB01589,Quazepam,P14867,2554,GABRA1,HGNC:4075,GABRA1,gamma-aminobutyric acid type A receptor subunit alpha1,targets,DrugBank,NCBI,validated,previous_mapping
CHEMBL1200472,QUAZEPAM,DB01589,Quazepam,P18505,2560,GABRB1,HGNC:4081,GABRB1,gamma-aminobutyric acid type A receptor subunit beta1,targets,DrugBank,NCBI,validated,previous_mapping
CHEMBL1200472,QUAZEPAM,DB01589,Quazepam,P18507,2566,GABRG2,HGNC:4087,GABRG2,gamma-aminobutyric acid type A receptor subunit gamma2,targets,DrugBank,NCBI,validated,previous_mapping
CHEMBL1200472,QUAZEPAM,DB01589,Quazepam,P20813,1555,CYP2B6,HGNC:2615,CYP2B6,cytochrome P450 family 2 subfamily B member 6,targets,DrugBank,NCBI,validated,previous_mapping
CHEMBL1200472,QUAZEPAM,DB01589,Quazepam,P28472,2562,GABRB3,HGNC:4083,GABRB3,gamma-aminobutyric acid type A receptor subunit beta3,targets,DrugBank,NCBI,validated,previous_mapping
CHEMBL1200472,QUAZEPAM,DB01589,Quazepam,P31644,2558,GABRA5,HGNC:4079,GABRA5,gamma-aminobutyric acid type A receptor subunit alpha5,targets,DrugBank,NCBI,validated,previous_mapping
CHEMBL1200472,QUAZEPAM,DB01589,Quazepam,P33261,1557,CYP2C19,HGNC:2621,CYP2C19,cytochrome P450 family 2 subfamily C member 19,targets,DrugBank,NCBI,validated,previous_mapping
CHEMBL1200472,QUAZEPAM,DB01589,Quazepam,P34903,2556,GABRA3,HGNC:4077,GABRA3,gamma-aminobutyric acid type A receptor subunit alpha3,targets,DrugBank,NCBI,validated,previous_mapping
CHEMBL1200472,QUAZEPAM,DB01589,Quazepam,P47869,2555,GABRA2,HGNC:4076,GABRA2,gamma-aminobutyric acid type A receptor subunit alpha2,targets,DrugBank,NCBI,validated,previous_mapping
CHEMBL1200472,QUAZEPAM,DB01589,Quazepam,P47870,2561,GABRB2,HGNC:4082,GABRB2,gamma-aminobutyric acid type A receptor subunit beta2,targets,DrugBank,NCBI,validated,previous_mapping
CHEMBL1200472,QUAZEPAM,DB01589,Quazepam,P48169,2557,GABRA4,HGNC:4078,GABRA4,gamma-aminobutyric acid type A receptor subunit alpha4,targets,DrugBank,NCBI,validated,previous_mapping
CHEMBL1200472,QUAZEPAM,DB01589,Quazepam,P78334,2564,GABRE,HGNC:4085,GABRE,gamma-aminobutyric acid type A receptor subunit epsilon,targets,DrugBank,NCBI,validated,previous_mapping
CHEMBL1200472,QUAZEPAM,DB01589,Quazepam,Q16445,2559,GABRA6,HGNC:4080,GABRA6,gamma-aminobutyric acid type A receptor subunit alpha6,targets,DrugBank,NCBI,validated,previous_mapping
CHEMBL1200472,QUAZEPAM,DB01589,Quazepam,Q8N1C3,2565,GABRG1,HGNC:4086,GABRG1,gamma-aminobutyric acid type A receptor subunit gamma1,targets,DrugBank,NCBI,validated,previous_mapping
CHEMBL1200472,QUAZEPAM,DB01589,Quazepam,Q99928,2567,GABRG3,HGNC:4088,GABRG3,gamma-aminobutyric acid type A receptor subunit gamma3,targets,DrugBank,NCBI,validated,previous_mapping
CHEMBL1200472,QUAZEPAM,DB01589,Quazepam,Q9UN88,55879,GABRQ,HGNC:14454,GABRQ,gamma-aminobutyric acid type A receptor subunit theta,targets,DrugBank,NCBI,validated,previous_mapping
CHEMBL1200558,BACITRACIN,DB00626,Bacitracin,P01023,2,A2M,HGNC:7,A2M,alpha-2-macroglobulin,targets,DrugBank,NCBI,validated,previous_mapping
CHEMBL1200558,BACITRACIN,DB00626,Bacitracin,P14735,3416,IDE,HGNC:5381,IDE,insulin degrading enzyme,targets,DrugBank,NCBI,validated,previous_mapping
CHEMBL1200624,ETHYNODIOL DIACETATE,DB00823,Ethynodiol diacetate,P03372,2099,ESR1,HGNC:3467,ESR1,estrogen receptor 1,targets,DrugBank,NCBI,validated,previous_mapping
CHEMBL1200624,ETHYNODIOL DIACETATE,DB00823,Ethynodiol diacetate,P06401,5241,PGR,HGNC:8910,PGR,progesterone receptor,targets,DrugBank,NCBI,validated,previous_mapping
CHEMBL1200624,ETHYNODIOL DIACETATE,DB00823,Ethynodiol diacetate,P08684,1576,CYP3A4,HGNC:2637,CYP3A4,cytochrome P450 family 3 subfamily A member 4,targets,DrugBank,NCBI,validated,previous_mapping
CHEMBL1200640,FERROUS FUMARATE,DB14491,Ferrous fumarate,P00450,1356,CP,HGNC:2295,CP,ceruloplasmin,targets,DrugBank,NCBI,validated,previous_mapping
CHEMBL1200640,FERROUS FUMARATE,DB14491,Ferrous fumarate,P02786,7037,TFRC,HGNC:11763,TFRC,transferrin receptor,targets,DrugBank,NCBI,validated,previous_mapping
CHEMBL1200640,FERROUS FUMARATE,DB14491,Ferrous fumarate,P02787,7018,TF,HGNC:11740,TF,transferrin,targets,DrugBank,NCBI,validated,previous_mapping
CHEMBL1200640,FERROUS FUMARATE,DB14491,Ferrous fumarate,P02794,2495,FTH1,HGNC:3976,FTH1,ferritin heavy chain 1,targets,DrugBank,NCBI,validated,previous_mapping
CHEMBL1200640,FERROUS FUMARATE,DB14491,Ferrous fumarate,P06746,5423,POLB,HGNC:9174,POLB,DNA polymerase beta,targets,DrugBank,NCBI,validated,previous_mapping
CHEMBL1200640,FERROUS FUMARATE,DB14491,Ferrous fumarate,P39748,2237,FEN1,HGNC:3650,FEN1,flap structure-specific endonuclease 1,targets,DrugBank,NCBI,validated,previous_mapping
CHEMBL1200640,FERROUS FUMARATE,DB14491,Ferrous fumarate,P69905,3040,HBA2,HGNC:4824,HBA2,hemoglobin subunit alpha 2,targets,DrugBank,NCBI,validated,previous_mapping
CHEMBL1200640,FERROUS FUMARATE,DB14491,Ferrous fumarate,Q16595,2395,FXN,HGNC:3951,FXN,frataxin,targets,DrugBank,NCBI,validated,previous_mapping
CHEMBL1200640,FERROUS FUMARATE,DB14491,Ferrous fumarate,Q969S2,252969,NEIL2,HGNC:18956,NEIL2,nei like DNA glycosylase 2,targets,DrugBank,NCBI,validated,previous_mapping
CHEMBL1200640,FERROUS FUMARATE,DB14491,Ferrous fumarate,Q96FI4,79661,NEIL1,HGNC:18448,NEIL1,nei like DNA glycosylase 1,targets,DrugBank,NCBI,validated,previous_mapping
CHEMBL1200640,FERROUS FUMARATE,DB14491,Ferrous fumarate,Q9BY41,55869,HDAC8,HGNC:13315,HDAC8,histone deacetylase 8,targets,DrugBank,NCBI,validated,previous_mapping
CHEMBL1200640,FERROUS FUMARATE,DB14491,Ferrous fumarate,Q9GZT9,54583,EGLN1,HGNC:1232,EGLN1,egl-9 family hypoxia inducible factor 1,targets,DrugBank,NCBI,validated,previous_mapping
CHEMBL1200640,FERROUS FUMARATE,DB14491,Ferrous fumarate,Q9NZD4,51327,AHSP,HGNC:18075,AHSP,alpha hemoglobin stabilizing protein,targets,DrugBank,NCBI,validated,previous_mapping
CHEMBL1200682,SODIUM OXYBATE,DB09072,Sodium oxybate,P51649,7915,ALDH5A1,HGNC:408,ALDH5A1,aldehyde dehydrogenase 5 family member A1,targets,DrugBank,NCBI,validated,previous_mapping
CHEMBL1200682,SODIUM OXYBATE,DB09072,Sodium oxybate,Q8IWW8,137872,ADHFE1,HGNC:16354,ADHFE1,alcohol dehydrogenase iron containing 1,targets,DrugBank,NCBI,validated,previous_mapping
CHEMBL1200694,SEVOFLURANE,DB01236,Sevoflurane,O00591,2568,GABRP,HGNC:4089,GABRP,gamma-aminobutyric acid type A receptor subunit pi,targets,DrugBank,NCBI,validated,previous_mapping
CHEMBL1200694,SEVOFLURANE,DB01236,Sevoflurane,O14764,2563,GABRD,HGNC:4084,GABRD,gamma-aminobutyric acid type A receptor subunit delta,targets,DrugBank,NCBI,validated,previous_mapping
CHEMBL1200694,SEVOFLURANE,DB01236,Sevoflurane,P02768,213,ALB,HGNC:399,ALB,albumin,targets,DrugBank,NCBI,validated,previous_mapping
CHEMBL1200694,SEVOFLURANE,DB01236,Sevoflurane,P03886,4535,MT-ND1,HGNC:7455,MT-ND1,mitochondrially encoded NADH:ubiquinone oxidoreductase core subunit 1,targets,DrugBank,NCBI,validated,previous_mapping
CHEMBL1200694,SEVOFLURANE,DB01236,Sevoflurane,P05181,1571,CYP2E1,HGNC:2631,CYP2E1,cytochrome P450 family 2 subfamily E member 1,targets,DrugBank,NCBI,validated,previous_mapping
CHEMBL1200694,SEVOFLURANE,DB01236,Sevoflurane,P08684,1576,CYP3A4,HGNC:2637,CYP3A4,cytochrome P450 family 3 subfamily A member 4,targets,DrugBank,NCBI,validated,previous_mapping
CHEMBL1200694,SEVOFLURANE,DB01236,Sevoflurane,P11509,1548,CYP2A6,HGNC:2610,CYP2A6,cytochrome P450 family 2 subfamily A member 6,targets,DrugBank,NCBI,validated,previous_mapping
CHEMBL1200694,SEVOFLURANE,DB01236,Sevoflurane,P14867,2554,GABRA1,HGNC:4075,GABRA1,gamma-aminobutyric acid type A receptor subunit alpha1,targets,DrugBank,NCBI,validated,previous_mapping
CHEMBL1200694,SEVOFLURANE,DB01236,Sevoflurane,P18505,2560,GABRB1,HGNC:4081,GABRB1,gamma-aminobutyric acid type A receptor subunit beta1,targets,DrugBank,NCBI,validated,previous_mapping
CHEMBL1200694,SEVOFLURANE,DB01236,Sevoflurane,P18507,2566,GABRG2,HGNC:4087,GABRG2,gamma-aminobutyric acid type A receptor subunit gamma2,targets,DrugBank,NCBI,validated,previous_mapping
CHEMBL1200694,SEVOFLURANE,DB01236,Sevoflurane,P20813,1555,CYP2B6,HGNC:2615,CYP2B6,cytochrome P450 family 2 subfamily B member 6,targets,DrugBank,NCBI,validated,previous_mapping
CHEMBL1200694,SEVOFLURANE,DB01236,Sevoflurane,P23415,2741,GLRA1,HGNC:4326,GLRA1,glycine receptor alpha 1,targets,DrugBank,NCBI,validated,previous_mapping
CHEMBL1200694,SEVOFLURANE,DB01236,Sevoflurane,P28472,2562,GABRB3,HGNC:4083,GABRB3,gamma-aminobutyric acid type A receptor subunit beta3,targets,DrugBank,NCBI,validated,previous_mapping
CHEMBL1200694,SEVOFLURANE,DB01236,Sevoflurane,P31644,2558,GABRA5,HGNC:4079,GABRA5,gamma-aminobutyric acid type A receptor subunit alpha5,targets,DrugBank,NCBI,validated,previous_mapping
CHEMBL1200694,SEVOFLURANE,DB01236,Sevoflurane,P34903,2556,GABRA3,HGNC:4077,GABRA3,gamma-aminobutyric acid type A receptor subunit alpha3,targets,DrugBank,NCBI,validated,previous_mapping
CHEMBL1200694,SEVOFLURANE,DB01236,Sevoflurane,P42261,2890,GRIA1,HGNC:4571,GRIA1,glutamate ionotropic receptor AMPA type subunit 1,targets,DrugBank,NCBI,validated,previous_mapping
CHEMBL1200694,SEVOFLURANE,DB01236,Sevoflurane,P47869,2555,GABRA2,HGNC:4076,GABRA2,gamma-aminobutyric acid type A receptor subunit alpha2,targets,DrugBank,NCBI,validated,previous_mapping
CHEMBL1200694,SEVOFLURANE,DB01236,Sevoflurane,P47870,2561,GABRB2,HGNC:4082,GABRB2,gamma-aminobutyric acid type A receptor subunit beta2,targets,DrugBank,NCBI,validated,previous_mapping
CHEMBL1200694,SEVOFLURANE,DB01236,Sevoflurane,P48169,2557,GABRA4,HGNC:4078,GABRA4,gamma-aminobutyric acid type A receptor subunit alpha4,targets,DrugBank,NCBI,validated,previous_mapping
CHEMBL1200694,SEVOFLURANE,DB01236,Sevoflurane,P78334,2564,GABRE,HGNC:4085,GABRE,gamma-aminobutyric acid type A receptor subunit epsilon,targets,DrugBank,NCBI,validated,previous_mapping
CHEMBL1200694,SEVOFLURANE,DB01236,Sevoflurane,P98194,27032,ATP2C1,HGNC:13211,ATP2C1,ATPase secretory pathway Ca2+ transporting 1,targets,DrugBank,NCBI,validated,previous_mapping
CHEMBL1200694,SEVOFLURANE,DB01236,Sevoflurane,Q16445,2559,GABRA6,HGNC:4080,GABRA6,gamma-aminobutyric acid type A receptor subunit alpha6,targets,DrugBank,NCBI,validated,previous_mapping
CHEMBL1200694,SEVOFLURANE,DB01236,Sevoflurane,Q8N1C3,2565,GABRG1,HGNC:4086,GABRG1,gamma-aminobutyric acid type A receptor subunit gamma1,targets,DrugBank,NCBI,validated,previous_mapping
CHEMBL1200694,SEVOFLURANE,DB01236,Sevoflurane,Q96ER9,79714,CCDC51,HGNC:25714,CCDC51,coiled-coil domain containing 51,targets,DrugBank,NCBI,validated,previous_mapping
CHEMBL1200694,SEVOFLURANE,DB01236,Sevoflurane,Q99928,2567,GABRG3,HGNC:4088,GABRG3,gamma-aminobutyric acid type A receptor subunit gamma3,targets,DrugBank,NCBI,validated,previous_mapping
CHEMBL1200694,SEVOFLURANE,DB01236,Sevoflurane,Q9UN88,55879,GABRQ,HGNC:14454,GABRQ,gamma-aminobutyric acid type A receptor subunit theta,targets,DrugBank,NCBI,validated,previous_mapping
CHEMBL1200731,POTASSIUM CHLORIDE,DB00761,Potassium chloride,P55011,6558,SLC12A2,HGNC:10911,SLC12A2,solute carrier family 12 member 2,targets,DrugBank,NCBI,validated,previous_mapping
CHEMBL1200731,POTASSIUM CHLORIDE,DB00761,Potassium chloride,Q13621,6557,SLC12A1,HGNC:10910,SLC12A1,solute carrier family 12 member 1,targets,DrugBank,NCBI,validated,previous_mapping
CHEMBL1200731,POTASSIUM CHLORIDE,DB00761,Potassium chloride,Q9H2X9,57468,SLC12A5,HGNC:13818,SLC12A5,solute carrier family 12 member 5,targets,DrugBank,NCBI,validated,previous_mapping
CHEMBL1200731,POTASSIUM CHLORIDE,DB00761,Potassium chloride,Q9UHW9,9990,SLC12A6,HGNC:10914,SLC12A6,solute carrier family 12 member 6,targets,DrugBank,NCBI,validated,previous_mapping
CHEMBL1200731,POTASSIUM CHLORIDE,DB00761,Potassium chloride,Q9UP95,6560,SLC12A4,HGNC:10913,SLC12A4,solute carrier family 12 member 4,targets,DrugBank,NCBI,validated,previous_mapping
CHEMBL1200731,POTASSIUM CHLORIDE,DB00761,Potassium chloride,Q9Y666,10723,SLC12A7,HGNC:10915,SLC12A7,solute carrier family 12 member 7,targets,DrugBank,NCBI,validated,previous_mapping
CHEMBL1200736,MAGNESIUM CARBONATE,DB09481,Magnesium carbonate,O15399,2906,GRIN2D,HGNC:4588,GRIN2D,glutamate ionotropic receptor NMDA type subunit 2D,targets,DrugBank,NCBI,validated,previous_mapping
CHEMBL1200736,MAGNESIUM CARBONATE,DB09481,Magnesium carbonate,O60391,116444,GRIN3B,HGNC:16768,GRIN3B,glutamate ionotropic receptor NMDA type subunit 3B,targets,DrugBank,NCBI,validated,previous_mapping
CHEMBL1200736,MAGNESIUM CARBONATE,DB09481,Magnesium carbonate,Q05586,2902,GRIN1,HGNC:4584,GRIN1,glutamate ionotropic receptor NMDA type subunit 1,targets,DrugBank,NCBI,validated,previous_mapping
CHEMBL1200736,MAGNESIUM CARBONATE,DB09481,Magnesium carbonate,Q12879,2903,GRIN2A,HGNC:4585,GRIN2A,glutamate ionotropic receptor NMDA type subunit 2A,targets,DrugBank,NCBI,validated,previous_mapping
CHEMBL1200736,MAGNESIUM CARBONATE,DB09481,Magnesium carbonate,Q13224,2904,GRIN2B,HGNC:4586,GRIN2B,glutamate ionotropic receptor NMDA type subunit 2B,targets,DrugBank,NCBI,validated,previous_mapping
CHEMBL1200736,MAGNESIUM CARBONATE,DB09481,Magnesium carbonate,Q14957,2905,GRIN2C,HGNC:4587,GRIN2C,glutamate ionotropic receptor NMDA type subunit 2C,targets,DrugBank,NCBI,validated,previous_mapping
CHEMBL1200736,MAGNESIUM CARBONATE,DB09481,Magnesium carbonate,Q8TCU5,116443,GRIN3A,HGNC:16767,GRIN3A,glutamate ionotropic receptor NMDA type subunit 3A,targets,DrugBank,NCBI,validated,previous_mapping
CHEMBL1200736,MAGNESIUM CARBONATE,DB09481,Magnesium carbonate,Q96GZ6,54946,SLC41A3,HGNC:31046,SLC41A3,solute carrier family 41 member 3,targets,DrugBank,NCBI,validated,previous_mapping
CHEMBL1200736,MAGNESIUM CARBONATE,DB09481,Magnesium carbonate,Q96QT4,54822,TRPM7,HGNC:17994,TRPM7,transient receptor potential cation channel subfamily M member 7,targets,DrugBank,NCBI,validated,previous_mapping
CHEMBL1200736,MAGNESIUM CARBONATE,DB09481,Magnesium carbonate,Q9BX84,140803,TRPM6,HGNC:17995,TRPM6,transient receptor potential cation channel subfamily M member 6,targets,DrugBank,NCBI,validated,previous_mapping
CHEMBL1200736,MAGNESIUM CARBONATE,DB09481,Magnesium carbonate,Q9H8M5,54805,CNNM2,HGNC:103,CNNM2,cyclin and CBS domain divalent metal cation transport mediator 2,targets,DrugBank,NCBI,validated,previous_mapping
CHEMBL1200748,CARBIDOPA,DB00190,Carbidopa,P20711,1644,DDC,HGNC:2719,DDC,dopa decarboxylase,targets,DrugBank,NCBI,validated,previous_mapping
CHEMBL1200761,CHLOROTRIANISENE,DB00269,Chlorotrianisene,P03372,2099,ESR1,HGNC:3467,ESR1,estrogen receptor 1,targets,DrugBank,NCBI,validated,previous_mapping
CHEMBL1200761,CHLOROTRIANISENE,DB00269,Chlorotrianisene,P11511,1588,CYP19A1,HGNC:2594,CYP19A1,cytochrome P450 family 19 subfamily A member 1,targets,DrugBank,NCBI,validated,previous_mapping
CHEMBL1200807,NORELGESTROMIN,DB06713,Norelgestromin,P02768,213,ALB,HGNC:399,ALB,albumin,targets,DrugBank,NCBI,validated,previous_mapping
CHEMBL1200807,NORELGESTROMIN,DB06713,Norelgestromin,P06401,5241,PGR,HGNC:8910,PGR,progesterone receptor,targets,DrugBank,NCBI,validated,previous_mapping
CHEMBL1200807,NORELGESTROMIN,DB06713,Norelgestromin,P08684,1576,CYP3A4,HGNC:2637,CYP3A4,cytochrome P450 family 3 subfamily A member 4,targets,DrugBank,NCBI,validated,previous_mapping
CHEMBL1200807,NORELGESTROMIN,DB06713,Norelgestromin,P08842,412,STS,HGNC:11425,STS,steroid sulfatase,targets,DrugBank,NCBI,validated,previous_mapping
CHEMBL1200807,NORELGESTROMIN,DB06713,Norelgestromin,P10275,367,AR,HGNC:644,AR,androgen receptor,targets,DrugBank,NCBI,validated,previous_mapping
CHEMBL1200826,LITHIUM CARBONATE,DB14509,Lithium carbonate,O14732,3613,IMPA2,HGNC:6051,IMPA2,inositol monophosphatase 2,targets,DrugBank,NCBI,validated,previous_mapping
CHEMBL1200826,LITHIUM CARBONATE,DB14509,Lithium carbonate,P29218,3612,IMPA1,HGNC:6050,IMPA1,inositol monophosphatase 1,targets,DrugBank,NCBI,validated,previous_mapping
CHEMBL1200826,LITHIUM CARBONATE,DB14509,Lithium carbonate,P37088,6337,SCNN1A,HGNC:10599,SCNN1A,sodium channel epithelial 1 subunit alpha,targets,DrugBank,NCBI,validated,previous_mapping
CHEMBL1200826,LITHIUM CARBONATE,DB14509,Lithium carbonate,P42263,2892,GRIA3,HGNC:4573,GRIA3,glutamate ionotropic receptor AMPA type subunit 3,targets,DrugBank,NCBI,validated,previous_mapping
CHEMBL1200826,LITHIUM CARBONATE,DB14509,Lithium carbonate,P49841,2932,GSK3B,HGNC:4617,GSK3B,glycogen synthase kinase 3 beta,targets,DrugBank,NCBI,validated,previous_mapping
CHEMBL1200826,LITHIUM CARBONATE,DB14509,Lithium carbonate,P51168,6338,SCNN1B,HGNC:10600,SCNN1B,sodium channel epithelial 1 subunit beta,targets,DrugBank,NCBI,validated,previous_mapping
CHEMBL1200826,LITHIUM CARBONATE,DB14509,Lithium carbonate,P51170,6340,SCNN1G,HGNC:10602,SCNN1G,sodium channel epithelial 1 subunit gamma,targets,DrugBank,NCBI,validated,previous_mapping
CHEMBL1200848,HYDROXYPROGESTERONE CAPROATE,DB06789,Hydroxyprogesterone caproate,P06401,5241,PGR,HGNC:8910,PGR,progesterone receptor,targets,DrugBank,NCBI,validated,previous_mapping
CHEMBL1200848,HYDROXYPROGESTERONE CAPROATE,DB06789,Hydroxyprogesterone caproate,P08684,1576,CYP3A4,HGNC:2637,CYP3A4,cytochrome P450 family 3 subfamily A member 4,targets,DrugBank,NCBI,validated,previous_mapping
CHEMBL1200848,HYDROXYPROGESTERONE CAPROATE,DB06789,Hydroxyprogesterone caproate,P20815,1577,CYP3A5,HGNC:2638,CYP3A5,cytochrome P450 family 3 subfamily A member 5,targets,DrugBank,NCBI,validated,previous_mapping
CHEMBL1200848,HYDROXYPROGESTERONE CAPROATE,DB06789,Hydroxyprogesterone caproate,P33261,1557,CYP2C19,HGNC:2621,CYP2C19,cytochrome P450 family 2 subfamily C member 19,targets,DrugBank,NCBI,validated,previous_mapping
CHEMBL1200851,HOMATROPINE METHYLBROMIDE,DB00725,Homatropine methylbromide,P08172,1129,CHRM2,HGNC:1951,CHRM2,cholinergic receptor muscarinic 2,targets,DrugBank,NCBI,validated,previous_mapping
CHEMBL1200851,HOMATROPINE METHYLBROMIDE,DB00725,Homatropine methylbromide,P08173,1132,CHRM4,HGNC:1953,CHRM4,cholinergic receptor muscarinic 4,targets,DrugBank,NCBI,validated,previous_mapping
CHEMBL1200851,HOMATROPINE METHYLBROMIDE,DB00725,Homatropine methylbromide,P08912,1133,CHRM5,HGNC:1954,CHRM5,cholinergic receptor muscarinic 5,targets,DrugBank,NCBI,validated,previous_mapping
CHEMBL1200851,HOMATROPINE METHYLBROMIDE,DB00725,Homatropine methylbromide,P11229,1128,CHRM1,HGNC:1950,CHRM1,cholinergic receptor muscarinic 1,targets,DrugBank,NCBI,validated,previous_mapping
CHEMBL1200851,HOMATROPINE METHYLBROMIDE,DB00725,Homatropine methylbromide,P20309,1131,CHRM3,HGNC:1952,CHRM3,cholinergic receptor muscarinic 3,targets,DrugBank,NCBI,validated,previous_mapping
CHEMBL1200862,METYROSINE,DB00765,Metyrosine,P07101,7054,TH,HGNC:11782,TH,tyrosine hydroxylase,targets,DrugBank,NCBI,validated,previous_mapping
CHEMBL1200929,ZINC SULFATE,DB09322,Zinc sulfate,P10696,251,ALPG,HGNC:441,ALPG,"alkaline phosphatase, germ cell",targets,DrugBank,NCBI,validated,previous_mapping
CHEMBL1200934,NORGESTIMATE,DB00957,Norgestimate,P02768,213,ALB,HGNC:399,ALB,albumin,targets,DrugBank,NCBI,validated,previous_mapping
CHEMBL1200934,NORGESTIMATE,DB00957,Norgestimate,P03372,2099,ESR1,HGNC:3467,ESR1,estrogen receptor 1,targets,DrugBank,NCBI,validated,previous_mapping
CHEMBL1200934,NORGESTIMATE,DB00957,Norgestimate,P04278,6462,SHBG,HGNC:10839,SHBG,sex hormone binding globulin,targets,DrugBank,NCBI,validated,previous_mapping
CHEMBL1200934,NORGESTIMATE,DB00957,Norgestimate,P06401,5241,PGR,HGNC:8910,PGR,progesterone receptor,targets,DrugBank,NCBI,validated,previous_mapping
CHEMBL1200934,NORGESTIMATE,DB00957,Norgestimate,P08183,5243,ABCB1,HGNC:40,ABCB1,ATP binding cassette subfamily B member 1,targets,DrugBank,NCBI,validated,previous_mapping
CHEMBL1200934,NORGESTIMATE,DB00957,Norgestimate,P08684,1576,CYP3A4,HGNC:2637,CYP3A4,cytochrome P450 family 3 subfamily A member 4,targets,DrugBank,NCBI,validated,previous_mapping
CHEMBL1200934,NORGESTIMATE,DB00957,Norgestimate,P10275,367,AR,HGNC:644,AR,androgen receptor,targets,DrugBank,NCBI,validated,previous_mapping
CHEMBL1200934,NORGESTIMATE,DB00957,Norgestimate,P11712,1559,CYP2C9,HGNC:2623,CYP2C9,cytochrome P450 family 2 subfamily C member 9,targets,DrugBank,NCBI,validated,previous_mapping
CHEMBL1200934,NORGESTIMATE,DB00957,Norgestimate,P20813,1555,CYP2B6,HGNC:2615,CYP2B6,cytochrome P450 family 2 subfamily B member 6,targets,DrugBank,NCBI,validated,previous_mapping
CHEMBL1200934,NORGESTIMATE,DB00957,Norgestimate,P22309,54658,UGT1A1,HGNC:12530,UGT1A1,UDP glucuronosyltransferase family 1 member A1,targets,DrugBank,NCBI,validated,previous_mapping
CHEMBL1200934,NORGESTIMATE,DB00957,Norgestimate,Q92887,1244,ABCC2,HGNC:53,ABCC2,ATP binding cassette subfamily C member 2,targets,DrugBank,NCBI,validated,previous_mapping
CHEMBL1200973,ESTRADIOL CYPIONATE,DB13954,Estradiol cypionate,O15244,6582,SLC22A2,HGNC:10966,SLC22A2,solute carrier family 22 member 2,targets,DrugBank,NCBI,validated,previous_mapping
CHEMBL1200973,ESTRADIOL CYPIONATE,DB13954,Estradiol cypionate,O15245,6580,SLC22A1,HGNC:10963,SLC22A1,solute carrier family 22 member 1,targets,DrugBank,NCBI,validated,previous_mapping
CHEMBL1200973,ESTRADIOL CYPIONATE,DB13954,Estradiol cypionate,O75469,8856,NR1I2,HGNC:7968,NR1I2,nuclear receptor subfamily 1 group I member 2,targets,DrugBank,NCBI,validated,previous_mapping
CHEMBL1200973,ESTRADIOL CYPIONATE,DB13954,Estradiol cypionate,O75751,6581,SLC22A3,HGNC:10967,SLC22A3,solute carrier family 22 member 3,targets,DrugBank,NCBI,validated,previous_mapping
CHEMBL1200973,ESTRADIOL CYPIONATE,DB13954,Estradiol cypionate,O94956,11309,SLCO2B1,HGNC:10962,SLCO2B1,solute carrier organic anion transporter family member 2B1,targets,DrugBank,NCBI,validated,previous_mapping
CHEMBL1200973,ESTRADIOL CYPIONATE,DB13954,Estradiol cypionate,P00846,4508,MT-ATP6,HGNC:7414,MT-ATP6,mitochondrially encoded ATP synthase membrane subunit 6,targets,DrugBank,NCBI,validated,previous_mapping
CHEMBL1200973,ESTRADIOL CYPIONATE,DB13954,Estradiol cypionate,P02768,213,ALB,HGNC:399,ALB,albumin,targets,DrugBank,NCBI,validated,previous_mapping
CHEMBL1200973,ESTRADIOL CYPIONATE,DB13954,Estradiol cypionate,P03372,2099,ESR1,HGNC:3467,ESR1,estrogen receptor 1,targets,DrugBank,NCBI,validated,previous_mapping
CHEMBL1200973,ESTRADIOL CYPIONATE,DB13954,Estradiol cypionate,P04278,6462,SHBG,HGNC:10839,SHBG,sex hormone binding globulin,targets,DrugBank,NCBI,validated,previous_mapping
CHEMBL1200973,ESTRADIOL CYPIONATE,DB13954,Estradiol cypionate,P04798,1543,CYP1A1,HGNC:2595,CYP1A1,cytochrome P450 family 1 subfamily A member 1,targets,DrugBank,NCBI,validated,previous_mapping
CHEMBL1200973,ESTRADIOL CYPIONATE,DB13954,Estradiol cypionate,P05177,1544,CYP1A2,HGNC:2596,CYP1A2,cytochrome P450 family 1 subfamily A member 2,targets,DrugBank,NCBI,validated,previous_mapping
CHEMBL1200973,ESTRADIOL CYPIONATE,DB13954,Estradiol cypionate,P08183,5243,ABCB1,HGNC:40,ABCB1,ATP binding cassette subfamily B member 1,targets,DrugBank,NCBI,validated,previous_mapping
CHEMBL1200973,ESTRADIOL CYPIONATE,DB13954,Estradiol cypionate,P08684,1576,CYP3A4,HGNC:2637,CYP3A4,cytochrome P450 family 3 subfamily A member 4,targets,DrugBank,NCBI,validated,previous_mapping
CHEMBL1200973,ESTRADIOL CYPIONATE,DB13954,Estradiol cypionate,P10632,1558,CYP2C8,HGNC:2622,CYP2C8,cytochrome P450 family 2 subfamily C member 8,targets,DrugBank,NCBI,validated,previous_mapping
CHEMBL1200973,ESTRADIOL CYPIONATE,DB13954,Estradiol cypionate,P11712,1559,CYP2C9,HGNC:2623,CYP2C9,cytochrome P450 family 2 subfamily C member 9,targets,DrugBank,NCBI,validated,previous_mapping
CHEMBL1200973,ESTRADIOL CYPIONATE,DB13954,Estradiol cypionate,P12104,2169,FABP2,HGNC:3556,FABP2,fatty acid binding protein 2,targets,DrugBank,NCBI,validated,previous_mapping
CHEMBL1200973,ESTRADIOL CYPIONATE,DB13954,Estradiol cypionate,P20815,1577,CYP3A5,HGNC:2638,CYP3A5,cytochrome P450 family 3 subfamily A member 5,targets,DrugBank,NCBI,validated,previous_mapping
CHEMBL1200973,ESTRADIOL CYPIONATE,DB13954,Estradiol cypionate,P22309,54658,UGT1A1,HGNC:12530,UGT1A1,UDP glucuronosyltransferase family 1 member A1,targets,DrugBank,NCBI,validated,previous_mapping
CHEMBL1200973,ESTRADIOL CYPIONATE,DB13954,Estradiol cypionate,P24462,1551,CYP3A7,HGNC:2640,CYP3A7,cytochrome P450 family 3 subfamily A member 7,targets,DrugBank,NCBI,validated,previous_mapping
CHEMBL1200973,ESTRADIOL CYPIONATE,DB13954,Estradiol cypionate,P33261,1557,CYP2C19,HGNC:2621,CYP2C19,cytochrome P450 family 2 subfamily C member 19,targets,DrugBank,NCBI,validated,previous_mapping
CHEMBL1200973,ESTRADIOL CYPIONATE,DB13954,Estradiol cypionate,P37059,3294,HSD17B2,HGNC:5211,HSD17B2,hydroxysteroid 17-beta dehydrogenase 2,targets,DrugBank,NCBI,validated,previous_mapping
CHEMBL1200973,ESTRADIOL CYPIONATE,DB13954,Estradiol cypionate,P43681,1137,CHRNA4,HGNC:1958,CHRNA4,cholinergic receptor nicotinic alpha 4 subunit,targets,DrugBank,NCBI,validated,previous_mapping
CHEMBL1200973,ESTRADIOL CYPIONATE,DB13954,Estradiol cypionate,P46721,6579,SLCO1A2,HGNC:10956,SLCO1A2,solute carrier organic anion transporter family member 1A2,targets,DrugBank,NCBI,validated,previous_mapping
CHEMBL1200973,ESTRADIOL CYPIONATE,DB13954,Estradiol cypionate,P62508,2104,ESRRG,HGNC:3474,ESRRG,estrogen related receptor gamma,targets,DrugBank,NCBI,validated,previous_mapping
CHEMBL1200973,ESTRADIOL CYPIONATE,DB13954,Estradiol cypionate,Q14457,8678,BECN1,HGNC:1034,BECN1,beclin 1,targets,DrugBank,NCBI,validated,previous_mapping
CHEMBL1200973,ESTRADIOL CYPIONATE,DB13954,Estradiol cypionate,Q15596,10499,NCOA2,HGNC:7669,NCOA2,nuclear receptor coactivator 2,targets,DrugBank,NCBI,validated,previous_mapping
CHEMBL1200973,ESTRADIOL CYPIONATE,DB13954,Estradiol cypionate,Q16678,1545,CYP1B1,HGNC:2597,CYP1B1,cytochrome P450 family 1 subfamily B member 1,targets,DrugBank,NCBI,validated,previous_mapping
CHEMBL1200973,ESTRADIOL CYPIONATE,DB13954,Estradiol cypionate,Q5T3U5,89845,ABCC10,HGNC:52,ABCC10,ATP binding cassette subfamily C member 10,targets,DrugBank,NCBI,validated,previous_mapping
CHEMBL1200973,ESTRADIOL CYPIONATE,DB13954,Estradiol cypionate,Q8TCC7,9376,SLC22A8,HGNC:10972,SLC22A8,solute carrier family 22 member 8,targets,DrugBank,NCBI,validated,previous_mapping
CHEMBL1200973,ESTRADIOL CYPIONATE,DB13954,Estradiol cypionate,Q92731,2100,ESR2,HGNC:3468,ESR2,estrogen receptor 2,targets,DrugBank,NCBI,validated,previous_mapping
CHEMBL1200973,ESTRADIOL CYPIONATE,DB13954,Estradiol cypionate,Q96BD0,28231,SLCO4A1,HGNC:10953,SLCO4A1,solute carrier organic anion transporter family member 4A1,targets,DrugBank,NCBI,validated,previous_mapping
CHEMBL1200973,ESTRADIOL CYPIONATE,DB13954,Estradiol cypionate,Q99527,2852,GPER1,HGNC:4485,GPER1,G protein-coupled estrogen receptor 1,targets,DrugBank,NCBI,validated,previous_mapping
CHEMBL1200973,ESTRADIOL CYPIONATE,DB13954,Estradiol cypionate,Q9NPD5,28234,SLCO1B3,HGNC:10961,SLCO1B3,solute carrier organic anion transporter family member 1B3,targets,DrugBank,NCBI,validated,previous_mapping
CHEMBL1200973,ESTRADIOL CYPIONATE,DB13954,Estradiol cypionate,Q9NSA0,55867,SLC22A11,HGNC:18120,SLC22A11,solute carrier family 22 member 11,targets,DrugBank,NCBI,validated,previous_mapping
CHEMBL1200973,ESTRADIOL CYPIONATE,DB13954,Estradiol cypionate,Q9NYB5,53919,SLCO1C1,HGNC:13819,SLCO1C1,solute carrier organic anion transporter family member 1C1,targets,DrugBank,NCBI,validated,previous_mapping
CHEMBL1200973,ESTRADIOL CYPIONATE,DB13954,Estradiol cypionate,Q9UNQ0,9429,ABCG2,HGNC:74,ABCG2,ATP binding cassette subfamily G member 2 (JR blood group),targets,DrugBank,NCBI,validated,previous_mapping
CHEMBL1200973,ESTRADIOL CYPIONATE,DB13954,Estradiol cypionate,Q9Y6L6,10599,SLCO1B1,HGNC:10959,SLCO1B1,solute carrier organic anion transporter family member 1B1,targets,DrugBank,NCBI,validated,previous_mapping
CHEMBL1201,THIOTHIXENE,DB01623,Thiothixene,O15245,6580,SLC22A1,HGNC:10963,SLC22A1,solute carrier family 22 member 1,targets,DrugBank,NCBI,validated,previous_mapping
CHEMBL1201,THIOTHIXENE,DB01623,Thiothixene,P02768,213,ALB,HGNC:399,ALB,albumin,targets,DrugBank,NCBI,validated,previous_mapping
CHEMBL1201,THIOTHIXENE,DB01623,Thiothixene,P05177,1544,CYP1A2,HGNC:2596,CYP1A2,cytochrome P450 family 1 subfamily A member 2,targets,DrugBank,NCBI,validated,previous_mapping
CHEMBL1201,THIOTHIXENE,DB01623,Thiothixene,P10635,1565,CYP2D6,HGNC:2625,CYP2D6,cytochrome P450 family 2 subfamily D member 6 (gene/pseudogene),targets,DrugBank,NCBI,validated,previous_mapping
CHEMBL1201,THIOTHIXENE,DB01623,Thiothixene,P14416,1813,DRD2,HGNC:3023,DRD2,dopamine receptor D2,targets,DrugBank,NCBI,validated,previous_mapping
CHEMBL1201,THIOTHIXENE,DB01623,Thiothixene,P21728,1812,DRD1,HGNC:3020,DRD1,dopamine receptor D1,targets,DrugBank,NCBI,validated,previous_mapping
CHEMBL1201,THIOTHIXENE,DB01623,Thiothixene,P28223,3356,HTR2A,HGNC:5293,HTR2A,5-hydroxytryptamine receptor 2A,targets,DrugBank,NCBI,validated,previous_mapping
CHEMBL1201039,BENZTHIAZIDE,DB00562,Benzthiazide,O43570,771,CA12,HGNC:1371,CA12,carbonic anhydrase 12,targets,DrugBank,NCBI,validated,previous_mapping
CHEMBL1201039,BENZTHIAZIDE,DB00562,Benzthiazide,P00915,759,CA1,HGNC:1368,CA1,carbonic anhydrase 1,targets,DrugBank,NCBI,validated,previous_mapping
CHEMBL1201039,BENZTHIAZIDE,DB00562,Benzthiazide,P00918,760,CA2,HGNC:1373,CA2,carbonic anhydrase 2,targets,DrugBank,NCBI,validated,previous_mapping
CHEMBL1201039,BENZTHIAZIDE,DB00562,Benzthiazide,P07451,761,CA3,HGNC:1374,CA3,carbonic anhydrase 3,targets,DrugBank,NCBI,validated,previous_mapping
CHEMBL1201039,BENZTHIAZIDE,DB00562,Benzthiazide,P22748,762,CA4,HGNC:1375,CA4,carbonic anhydrase 4,targets,DrugBank,NCBI,validated,previous_mapping
CHEMBL1201039,BENZTHIAZIDE,DB00562,Benzthiazide,P23280,765,CA6,HGNC:1380,CA6,carbonic anhydrase 6,targets,DrugBank,NCBI,validated,previous_mapping
CHEMBL1201039,BENZTHIAZIDE,DB00562,Benzthiazide,P35218,763,CA5A,HGNC:1377,CA5A,carbonic anhydrase 5A,targets,DrugBank,NCBI,validated,previous_mapping
CHEMBL1201039,BENZTHIAZIDE,DB00562,Benzthiazide,P43166,766,CA7,HGNC:1381,CA7,carbonic anhydrase 7,targets,DrugBank,NCBI,validated,previous_mapping
CHEMBL1201039,BENZTHIAZIDE,DB00562,Benzthiazide,P55017,6559,SLC12A3,HGNC:10912,SLC12A3,solute carrier family 12 member 3,targets,DrugBank,NCBI,validated,previous_mapping
CHEMBL1201039,BENZTHIAZIDE,DB00562,Benzthiazide,Q16790,768,CA9,HGNC:1383,CA9,carbonic anhydrase 9,targets,DrugBank,NCBI,validated,previous_mapping
CHEMBL1201039,BENZTHIAZIDE,DB00562,Benzthiazide,Q8N1Q1,377677,CA13,HGNC:14914,CA13,carbonic anhydrase 13,targets,DrugBank,NCBI,validated,previous_mapping
CHEMBL1201039,BENZTHIAZIDE,DB00562,Benzthiazide,Q9ULX7,23632,CA14,HGNC:1372,CA14,carbonic anhydrase 14,targets,DrugBank,NCBI,validated,previous_mapping
CHEMBL1201039,BENZTHIAZIDE,DB00562,Benzthiazide,Q9Y2D0,11238,CA5B,HGNC:1378,CA5B,carbonic anhydrase 5B,targets,DrugBank,NCBI,validated,previous_mapping
CHEMBL1201101,TESTOSTERONE CYPIONATE,DB13943,Testosterone cypionate,O75751,6581,SLC22A3,HGNC:10967,SLC22A3,solute carrier family 22 member 3,targets,DrugBank,NCBI,validated,previous_mapping
CHEMBL1201101,TESTOSTERONE CYPIONATE,DB13943,Testosterone cypionate,P02768,213,ALB,HGNC:399,ALB,albumin,targets,DrugBank,NCBI,validated,previous_mapping
CHEMBL1201101,TESTOSTERONE CYPIONATE,DB13943,Testosterone cypionate,P03372,2099,ESR1,HGNC:3467,ESR1,estrogen receptor 1,targets,DrugBank,NCBI,validated,previous_mapping
CHEMBL1201101,TESTOSTERONE CYPIONATE,DB13943,Testosterone cypionate,P04278,6462,SHBG,HGNC:10839,SHBG,sex hormone binding globulin,targets,DrugBank,NCBI,validated,previous_mapping
CHEMBL1201101,TESTOSTERONE CYPIONATE,DB13943,Testosterone cypionate,P04798,1543,CYP1A1,HGNC:2595,CYP1A1,cytochrome P450 family 1 subfamily A member 1,targets,DrugBank,NCBI,validated,previous_mapping
CHEMBL1201101,TESTOSTERONE CYPIONATE,DB13943,Testosterone cypionate,P05108,1583,CYP11A1,HGNC:2590,CYP11A1,cytochrome P450 family 11 subfamily A member 1,targets,DrugBank,NCBI,validated,previous_mapping
CHEMBL1201101,TESTOSTERONE CYPIONATE,DB13943,Testosterone cypionate,P08183,5243,ABCB1,HGNC:40,ABCB1,ATP binding cassette subfamily B member 1,targets,DrugBank,NCBI,validated,previous_mapping
CHEMBL1201101,TESTOSTERONE CYPIONATE,DB13943,Testosterone cypionate,P08235,4306,NR3C2,HGNC:7979,NR3C2,nuclear receptor subfamily 3 group C member 2,targets,DrugBank,NCBI,validated,previous_mapping
CHEMBL1201101,TESTOSTERONE CYPIONATE,DB13943,Testosterone cypionate,P08684,1576,CYP3A4,HGNC:2637,CYP3A4,cytochrome P450 family 3 subfamily A member 4,targets,DrugBank,NCBI,validated,previous_mapping
CHEMBL1201101,TESTOSTERONE CYPIONATE,DB13943,Testosterone cypionate,P10275,367,AR,HGNC:644,AR,androgen receptor,targets,DrugBank,NCBI,validated,previous_mapping
CHEMBL1201101,TESTOSTERONE CYPIONATE,DB13943,Testosterone cypionate,P10632,1558,CYP2C8,HGNC:2622,CYP2C8,cytochrome P450 family 2 subfamily C member 8,targets,DrugBank,NCBI,validated,previous_mapping
CHEMBL1201101,TESTOSTERONE CYPIONATE,DB13943,Testosterone cypionate,P11511,1588,CYP19A1,HGNC:2594,CYP19A1,cytochrome P450 family 19 subfamily A member 1,targets,DrugBank,NCBI,validated,previous_mapping
CHEMBL1201101,TESTOSTERONE CYPIONATE,DB13943,Testosterone cypionate,P11712,1559,CYP2C9,HGNC:2623,CYP2C9,cytochrome P450 family 2 subfamily C member 9,targets,DrugBank,NCBI,validated,previous_mapping
CHEMBL1201101,TESTOSTERONE CYPIONATE,DB13943,Testosterone cypionate,P18405,6715,SRD5A1,HGNC:11284,SRD5A1,steroid 5 alpha-reductase 1,targets,DrugBank,NCBI,validated,previous_mapping
CHEMBL1201101,TESTOSTERONE CYPIONATE,DB13943,Testosterone cypionate,P20813,1555,CYP2B6,HGNC:2615,CYP2B6,cytochrome P450 family 2 subfamily B member 6,targets,DrugBank,NCBI,validated,previous_mapping
CHEMBL1201101,TESTOSTERONE CYPIONATE,DB13943,Testosterone cypionate,P20815,1577,CYP3A5,HGNC:2638,CYP3A5,cytochrome P450 family 3 subfamily A member 5,targets,DrugBank,NCBI,validated,previous_mapping
CHEMBL1201101,TESTOSTERONE CYPIONATE,DB13943,Testosterone cypionate,P21397,4128,MAOA,HGNC:6833,MAOA,monoamine oxidase A,targets,DrugBank,NCBI,validated,previous_mapping
CHEMBL1201101,TESTOSTERONE CYPIONATE,DB13943,Testosterone cypionate,P24462,1551,CYP3A7,HGNC:2640,CYP3A7,cytochrome P450 family 3 subfamily A member 7,targets,DrugBank,NCBI,validated,previous_mapping
CHEMBL1201101,TESTOSTERONE CYPIONATE,DB13943,Testosterone cypionate,P31213,6716,SRD5A2,HGNC:11285,SRD5A2,steroid 5 alpha-reductase 2,targets,DrugBank,NCBI,validated,previous_mapping
CHEMBL1201101,TESTOSTERONE CYPIONATE,DB13943,Testosterone cypionate,P33261,1557,CYP2C19,HGNC:2621,CYP2C19,cytochrome P450 family 2 subfamily C member 19,targets,DrugBank,NCBI,validated,previous_mapping
CHEMBL1201101,TESTOSTERONE CYPIONATE,DB13943,Testosterone cypionate,P46721,6579,SLCO1A2,HGNC:10956,SLCO1A2,solute carrier organic anion transporter family member 1A2,targets,DrugBank,NCBI,validated,previous_mapping
CHEMBL1201101,TESTOSTERONE CYPIONATE,DB13943,Testosterone cypionate,Q14973,6554,SLC10A1,HGNC:10905,SLC10A1,solute carrier family 10 member 1,targets,DrugBank,NCBI,validated,previous_mapping
CHEMBL1201101,TESTOSTERONE CYPIONATE,DB13943,Testosterone cypionate,Q16696,1553,CYP2A13,HGNC:2608,CYP2A13,cytochrome P450 family 2 subfamily A member 13,targets,DrugBank,NCBI,validated,previous_mapping
CHEMBL1201101,TESTOSTERONE CYPIONATE,DB13943,Testosterone cypionate,Q8TCC7,9376,SLC22A8,HGNC:10972,SLC22A8,solute carrier family 22 member 8,targets,DrugBank,NCBI,validated,previous_mapping
CHEMBL1201101,TESTOSTERONE CYPIONATE,DB13943,Testosterone cypionate,Q9H015,6583,SLC22A4,HGNC:10968,SLC22A4,solute carrier family 22 member 4,targets,DrugBank,NCBI,validated,previous_mapping
CHEMBL1201101,TESTOSTERONE CYPIONATE,DB13943,Testosterone cypionate,Q9H8P0,79644,SRD5A3,HGNC:25812,SRD5A3,steroid 5 alpha-reductase 3,targets,DrugBank,NCBI,validated,previous_mapping
CHEMBL1201101,TESTOSTERONE CYPIONATE,DB13943,Testosterone cypionate,Q9HB55,64816,CYP3A43,HGNC:17450,CYP3A43,cytochrome P450 family 3 subfamily A member 43,targets,DrugBank,NCBI,validated,previous_mapping
CHEMBL1201101,TESTOSTERONE CYPIONATE,DB13943,Testosterone cypionate,Q9UNQ0,9429,ABCG2,HGNC:74,ABCG2,ATP binding cassette subfamily G member 2 (JR blood group),targets,DrugBank,NCBI,validated,previous_mapping
CHEMBL1201101,TESTOSTERONE CYPIONATE,DB13943,Testosterone cypionate,Q9Y694,10864,SLC22A7,HGNC:10971,SLC22A7,solute carrier family 22 member 7,targets,DrugBank,NCBI,validated,previous_mapping
CHEMBL1201109,DESONIDE,DB01260,Desonide,P04150,2908,NR3C1,HGNC:7978,NR3C1,nuclear receptor subfamily 3 group C member 1,targets,DrugBank,NCBI,validated,previous_mapping
CHEMBL1201109,DESONIDE,DB01260,Desonide,P08684,1576,CYP3A4,HGNC:2637,CYP3A4,cytochrome P450 family 3 subfamily A member 4,targets,DrugBank,NCBI,validated,previous_mapping
CHEMBL1201112,NELARABINE,DB01280,Nelarabine,P00813,100,ADA,HGNC:186,ADA,adenosine deaminase,targets,DrugBank,NCBI,validated,previous_mapping
CHEMBL1201112,NELARABINE,DB01280,Nelarabine,P09884,5422,POLA1,HGNC:9173,POLA1,"DNA polymerase alpha 1, catalytic subunit",targets,DrugBank,NCBI,validated,previous_mapping
CHEMBL1201112,NELARABINE,DB01280,Nelarabine,P27707,1633,DCK,HGNC:2704,DCK,deoxycytidine kinase,targets,DrugBank,NCBI,validated,previous_mapping
CHEMBL1201112,NELARABINE,DB01280,Nelarabine,Q16854,1716,DGUOK,HGNC:2858,DGUOK,deoxyguanosine kinase,targets,DrugBank,NCBI,validated,previous_mapping
CHEMBL1201117,METHOCARBAMOL,DB00423,Methocarbamol,P00915,759,CA1,HGNC:1368,CA1,carbonic anhydrase 1,targets,DrugBank,NCBI,validated,previous_mapping
CHEMBL1201151,MESTRANOL,DB01357,Mestranol,P03372,2099,ESR1,HGNC:3467,ESR1,estrogen receptor 1,targets,DrugBank,NCBI,validated,previous_mapping
CHEMBL1201151,MESTRANOL,DB01357,Mestranol,P08684,1576,CYP3A4,HGNC:2637,CYP3A4,cytochrome P450 family 3 subfamily A member 4,targets,DrugBank,NCBI,validated,previous_mapping
CHEMBL1201151,MESTRANOL,DB01357,Mestranol,P10632,1558,CYP2C8,HGNC:2622,CYP2C8,cytochrome P450 family 2 subfamily C member 8,targets,DrugBank,NCBI,validated,previous_mapping
CHEMBL1201151,MESTRANOL,DB01357,Mestranol,P11712,1559,CYP2C9,HGNC:2623,CYP2C9,cytochrome P450 family 2 subfamily C member 9,targets,DrugBank,NCBI,validated,previous_mapping
CHEMBL1201165,QUINESTROL,DB04575,Quinestrol,P03372,2099,ESR1,HGNC:3467,ESR1,estrogen receptor 1,targets,DrugBank,NCBI,validated,previous_mapping
CHEMBL1201168,ISOCARBOXAZID,DB01247,Isocarboxazid,P21397,4128,MAOA,HGNC:6833,MAOA,monoamine oxidase A,targets,DrugBank,NCBI,validated,previous_mapping
CHEMBL1201168,ISOCARBOXAZID,DB01247,Isocarboxazid,P27338,4129,MAOB,HGNC:6834,MAOB,monoamine oxidase B,targets,DrugBank,NCBI,validated,previous_mapping
CHEMBL1201182,TEMSIROLIMUS,DB06287,Temsirolimus,P08183,5243,ABCB1,HGNC:40,ABCB1,ATP binding cassette subfamily B member 1,targets,DrugBank,NCBI,validated,previous_mapping
CHEMBL1201182,TEMSIROLIMUS,DB06287,Temsirolimus,P08684,1576,CYP3A4,HGNC:2637,CYP3A4,cytochrome P450 family 3 subfamily A member 4,targets,DrugBank,NCBI,validated,previous_mapping
CHEMBL1201182,TEMSIROLIMUS,DB06287,Temsirolimus,P10635,1565,CYP2D6,HGNC:2625,CYP2D6,cytochrome P450 family 2 subfamily D member 6 (gene/pseudogene),targets,DrugBank,NCBI,validated,previous_mapping
CHEMBL1201182,TEMSIROLIMUS,DB06287,Temsirolimus,P20815,1577,CYP3A5,HGNC:2638,CYP3A5,cytochrome P450 family 3 subfamily A member 5,targets,DrugBank,NCBI,validated,previous_mapping
CHEMBL1201182,TEMSIROLIMUS,DB06287,Temsirolimus,P24462,1551,CYP3A7,HGNC:2640,CYP3A7,cytochrome P450 family 3 subfamily A member 7,targets,DrugBank,NCBI,validated,previous_mapping
CHEMBL1201182,TEMSIROLIMUS,DB06287,Temsirolimus,P42345,2475,MTOR,HGNC:3942,MTOR,mechanistic target of rapamycin kinase,targets,DrugBank,NCBI,validated,previous_mapping
CHEMBL1201192,ARMODAFINIL,DB06413,Armodafinil,P05177,1544,CYP1A2,HGNC:2596,CYP1A2,cytochrome P450 family 1 subfamily A member 2,targets,DrugBank,NCBI,validated,previous_mapping
CHEMBL1201192,ARMODAFINIL,DB06413,Armodafinil,P08684,1576,CYP3A4,HGNC:2637,CYP3A4,cytochrome P450 family 3 subfamily A member 4,targets,DrugBank,NCBI,validated,previous_mapping
CHEMBL1201192,ARMODAFINIL,DB06413,Armodafinil,P11712,1559,CYP2C9,HGNC:2623,CYP2C9,cytochrome P450 family 2 subfamily C member 9,targets,DrugBank,NCBI,validated,previous_mapping
CHEMBL1201192,ARMODAFINIL,DB06413,Armodafinil,P20813,1555,CYP2B6,HGNC:2615,CYP2B6,cytochrome P450 family 2 subfamily B member 6,targets,DrugBank,NCBI,validated,previous_mapping
CHEMBL1201192,ARMODAFINIL,DB06413,Armodafinil,P20815,1577,CYP3A5,HGNC:2638,CYP3A5,cytochrome P450 family 3 subfamily A member 5,targets,DrugBank,NCBI,validated,previous_mapping
CHEMBL1201192,ARMODAFINIL,DB06413,Armodafinil,P33261,1557,CYP2C19,HGNC:2621,CYP2C19,cytochrome P450 family 2 subfamily C member 19,targets,DrugBank,NCBI,validated,previous_mapping
CHEMBL1201192,ARMODAFINIL,DB06413,Armodafinil,Q01959,6531,SLC6A3,HGNC:11049,SLC6A3,solute carrier family 6 member 3,targets,DrugBank,NCBI,validated,previous_mapping
CHEMBL1201199,LEUPROLIDE,DB00007,Leuprolide,P30968,2798,GNRHR,HGNC:4421,GNRHR,gonadotropin releasing hormone receptor,targets,DrugBank,NCBI,validated,previous_mapping
CHEMBL1201201,METHAMPHETAMINE,DB01577,Metamfetamine,O75751,6581,SLC22A3,HGNC:10967,SLC22A3,solute carrier family 22 member 3,targets,DrugBank,NCBI,validated,synonym_match
CHEMBL1201201,METHAMPHETAMINE,DB01577,Metamfetamine,O76082,6584,SLC22A5,HGNC:10969,SLC22A5,solute carrier family 22 member 5,targets,DrugBank,NCBI,validated,synonym_match
CHEMBL1201201,METHAMPHETAMINE,DB01577,Metamfetamine,P08913,150,ADRA2A,HGNC:281,ADRA2A,adrenoceptor alpha 2A,targets,DrugBank,NCBI,validated,synonym_match
CHEMBL1201201,METHAMPHETAMINE,DB01577,Metamfetamine,P10635,1565,CYP2D6,HGNC:2625,CYP2D6,cytochrome P450 family 2 subfamily D member 6 (gene/pseudogene),targets,DrugBank,NCBI,validated,synonym_match
CHEMBL1201201,METHAMPHETAMINE,DB01577,Metamfetamine,P18089,151,ADRA2B,HGNC:282,ADRA2B,adrenoceptor alpha 2B,targets,DrugBank,NCBI,validated,synonym_match
CHEMBL1201201,METHAMPHETAMINE,DB01577,Metamfetamine,P18825,152,ADRA2C,HGNC:283,ADRA2C,adrenoceptor alpha 2C,targets,DrugBank,NCBI,validated,synonym_match
CHEMBL1201201,METHAMPHETAMINE,DB01577,Metamfetamine,P21397,4128,MAOA,HGNC:6833,MAOA,monoamine oxidase A,targets,DrugBank,NCBI,validated,synonym_match
CHEMBL1201201,METHAMPHETAMINE,DB01577,Metamfetamine,P23975,6530,SLC6A2,HGNC:11048,SLC6A2,solute carrier family 6 member 2,targets,DrugBank,NCBI,validated,synonym_match
CHEMBL1201201,METHAMPHETAMINE,DB01577,Metamfetamine,P27338,4129,MAOB,HGNC:6834,MAOB,monoamine oxidase B,targets,DrugBank,NCBI,validated,synonym_match
CHEMBL1201201,METHAMPHETAMINE,DB01577,Metamfetamine,P31645,6532,SLC6A4,HGNC:11050,SLC6A4,solute carrier family 6 member 4,targets,DrugBank,NCBI,validated,synonym_match
CHEMBL1201201,METHAMPHETAMINE,DB01577,Metamfetamine,P54219,6570,SLC18A1,HGNC:10934,SLC18A1,solute carrier family 18 member A1,targets,DrugBank,NCBI,validated,synonym_match
CHEMBL1201201,METHAMPHETAMINE,DB01577,Metamfetamine,Q01959,6531,SLC6A3,HGNC:11049,SLC6A3,solute carrier family 6 member 3,targets,DrugBank,NCBI,validated,synonym_match
CHEMBL1201201,METHAMPHETAMINE,DB01577,Metamfetamine,Q05940,6571,SLC18A2,HGNC:10935,SLC18A2,solute carrier family 18 member A2,targets,DrugBank,NCBI,validated,synonym_match
CHEMBL1201201,METHAMPHETAMINE,DB01577,Metamfetamine,Q96RJ0,134864,TAAR1,HGNC:17734,TAAR1,trace amine associated receptor 1,targets,DrugBank,NCBI,validated,synonym_match
CHEMBL1201203,BENZTROPINE,DB00245,Benzatropine,P02768,213,ALB,HGNC:399,ALB,albumin,targets,DrugBank,NCBI,validated,synonym_match
CHEMBL1201203,BENZTROPINE,DB00245,Benzatropine,P11229,1128,CHRM1,HGNC:1950,CHRM1,cholinergic receptor muscarinic 1,targets,DrugBank,NCBI,validated,synonym_match
CHEMBL1201203,BENZTROPINE,DB00245,Benzatropine,P23975,6530,SLC6A2,HGNC:11048,SLC6A2,solute carrier family 6 member 2,targets,DrugBank,NCBI,validated,synonym_match
CHEMBL1201203,BENZTROPINE,DB00245,Benzatropine,P31645,6532,SLC6A4,HGNC:11050,SLC6A4,solute carrier family 6 member 4,targets,DrugBank,NCBI,validated,synonym_match
CHEMBL1201203,BENZTROPINE,DB00245,Benzatropine,P35367,3269,HRH1,HGNC:5182,HRH1,histamine receptor H1,targets,DrugBank,NCBI,validated,synonym_match
CHEMBL1201203,BENZTROPINE,DB00245,Benzatropine,Q01959,6531,SLC6A3,HGNC:11049,SLC6A3,solute carrier family 6 member 3,targets,DrugBank,NCBI,validated,synonym_match
CHEMBL1201208,PHENMETRAZINE,DB00830,Phenmetrazine,P23975,6530,SLC6A2,HGNC:11048,SLC6A2,solute carrier family 6 member 2,targets,DrugBank,NCBI,validated,previous_mapping
CHEMBL1201208,PHENMETRAZINE,DB00830,Phenmetrazine,Q01959,6531,SLC6A3,HGNC:11049,SLC6A3,solute carrier family 6 member 3,targets,DrugBank,NCBI,validated,previous_mapping
CHEMBL1201210,PROPIOMAZINE,DB00777,Propiomazine,P08172,1129,CHRM2,HGNC:1951,CHRM2,cholinergic receptor muscarinic 2,targets,DrugBank,NCBI,validated,previous_mapping
CHEMBL1201210,PROPIOMAZINE,DB00777,Propiomazine,P08173,1132,CHRM4,HGNC:1953,CHRM4,cholinergic receptor muscarinic 4,targets,DrugBank,NCBI,validated,previous_mapping
CHEMBL1201210,PROPIOMAZINE,DB00777,Propiomazine,P08912,1133,CHRM5,HGNC:1954,CHRM5,cholinergic receptor muscarinic 5,targets,DrugBank,NCBI,validated,previous_mapping
CHEMBL1201210,PROPIOMAZINE,DB00777,Propiomazine,P11229,1128,CHRM1,HGNC:1950,CHRM1,cholinergic receptor muscarinic 1,targets,DrugBank,NCBI,validated,previous_mapping
CHEMBL1201210,PROPIOMAZINE,DB00777,Propiomazine,P14416,1813,DRD2,HGNC:3023,DRD2,dopamine receptor D2,targets,DrugBank,NCBI,validated,previous_mapping
CHEMBL1201210,PROPIOMAZINE,DB00777,Propiomazine,P20309,1131,CHRM3,HGNC:1952,CHRM3,cholinergic receptor muscarinic 3,targets,DrugBank,NCBI,validated,previous_mapping
CHEMBL1201210,PROPIOMAZINE,DB00777,Propiomazine,P28223,3356,HTR2A,HGNC:5293,HTR2A,5-hydroxytryptamine receptor 2A,targets,DrugBank,NCBI,validated,previous_mapping
CHEMBL1201210,PROPIOMAZINE,DB00777,Propiomazine,P28335,3358,HTR2C,HGNC:5295,HTR2C,5-hydroxytryptamine receptor 2C,targets,DrugBank,NCBI,validated,previous_mapping
CHEMBL1201210,PROPIOMAZINE,DB00777,Propiomazine,P35348,148,ADRA1A,HGNC:277,ADRA1A,adrenoceptor alpha 1A,targets,DrugBank,NCBI,validated,previous_mapping
CHEMBL1201210,PROPIOMAZINE,DB00777,Propiomazine,P35367,3269,HRH1,HGNC:5182,HRH1,histamine receptor H1,targets,DrugBank,NCBI,validated,previous_mapping
CHEMBL1201217,DYCLONINE,DB00645,Dyclonine,Q9Y5Y9,6336,SCN10A,HGNC:10582,SCN10A,sodium voltage-gated channel alpha subunit 10,targets,DrugBank,NCBI,validated,previous_mapping
CHEMBL1201222,LISDEXAMFETAMINE,DB01255,Lisdexamfetamine,P10635,1565,CYP2D6,HGNC:2625,CYP2D6,cytochrome P450 family 2 subfamily D member 6 (gene/pseudogene),targets,DrugBank,NCBI,validated,previous_mapping
CHEMBL1201222,LISDEXAMFETAMINE,DB01255,Lisdexamfetamine,P46059,6564,SLC15A1,HGNC:10920,SLC15A1,solute carrier family 15 member 1,targets,DrugBank,NCBI,validated,previous_mapping
CHEMBL1201222,LISDEXAMFETAMINE,DB01255,Lisdexamfetamine,Q96RJ0,134864,TAAR1,HGNC:17734,TAAR1,trace amine associated receptor 1,targets,DrugBank,NCBI,validated,previous_mapping
CHEMBL1201225,IODINE,DB05382,Iodine,O43511,5172,SLC26A4,HGNC:8818,SLC26A4,solute carrier family 26 member 4,targets,DrugBank,NCBI,validated,previous_mapping
CHEMBL1201225,IODINE,DB05382,Iodine,P01266,7038,TG,HGNC:11764,TG,thyroglobulin,targets,DrugBank,NCBI,validated,previous_mapping
CHEMBL1201225,IODINE,DB05382,Iodine,P02768,213,ALB,HGNC:399,ALB,albumin,targets,DrugBank,NCBI,validated,previous_mapping
CHEMBL1201225,IODINE,DB05382,Iodine,P07202,7173,TPO,HGNC:12015,TPO,thyroid peroxidase,targets,DrugBank,NCBI,validated,previous_mapping
CHEMBL1201225,IODINE,DB05382,Iodine,Q92911,6528,SLC5A5,HGNC:11040,SLC5A5,solute carrier family 5 member 5,targets,DrugBank,NCBI,validated,previous_mapping
CHEMBL1201227,CYCRIMINE,DB00942,Cycrimine,P11229,1128,CHRM1,HGNC:1950,CHRM1,cholinergic receptor muscarinic 1,targets,DrugBank,NCBI,validated,previous_mapping
CHEMBL1201232,ISOPROPAMIDE,DB01625,Isopropamide,P08173,1132,CHRM4,HGNC:1953,CHRM4,cholinergic receptor muscarinic 4,targets,DrugBank,NCBI,validated,previous_mapping
CHEMBL1201232,ISOPROPAMIDE,DB01625,Isopropamide,P20309,1131,CHRM3,HGNC:1952,CHRM3,cholinergic receptor muscarinic 3,targets,DrugBank,NCBI,validated,previous_mapping
CHEMBL1201245,BROMODIPHENHYDRAMINE,DB01237,Bromodiphenhydramine,P35367,3269,HRH1,HGNC:5182,HRH1,histamine receptor H1,targets,DrugBank,NCBI,validated,previous_mapping
CHEMBL1201245,BROMODIPHENHYDRAMINE,DB01237,Bromodiphenhydramine,Q4U2R8,9356,SLC22A6,HGNC:10970,SLC22A6,solute carrier family 22 member 6,targets,DrugBank,NCBI,validated,previous_mapping
CHEMBL1201284,CINACALCET,DB01012,Cinacalcet,P05177,1544,CYP1A2,HGNC:2596,CYP1A2,cytochrome P450 family 1 subfamily A member 2,targets,DrugBank,NCBI,validated,previous_mapping
CHEMBL1201284,CINACALCET,DB01012,Cinacalcet,P08684,1576,CYP3A4,HGNC:2637,CYP3A4,cytochrome P450 family 3 subfamily A member 4,targets,DrugBank,NCBI,validated,previous_mapping
CHEMBL1201284,CINACALCET,DB01012,Cinacalcet,P10635,1565,CYP2D6,HGNC:2625,CYP2D6,cytochrome P450 family 2 subfamily D member 6 (gene/pseudogene),targets,DrugBank,NCBI,validated,previous_mapping
CHEMBL1201284,CINACALCET,DB01012,Cinacalcet,P41180,846,CASR,HGNC:1514,CASR,calcium sensing receptor,targets,DrugBank,NCBI,validated,previous_mapping
CHEMBL1201287,DEXBROMPHENIRAMINE,DB00405,Dexbrompheniramine,P35367,3269,HRH1,HGNC:5182,HRH1,histamine receptor H1,targets,DrugBank,NCBI,validated,previous_mapping
CHEMBL1201336,FOSPHENYTOIN,DB01320,Fosphenytoin,O60656,54600,UGT1A9,HGNC:12541,UGT1A9,UDP glucuronosyltransferase family 1 member A9,targets,DrugBank,NCBI,validated,previous_mapping
CHEMBL1201336,FOSPHENYTOIN,DB01320,Fosphenytoin,P02768,213,ALB,HGNC:399,ALB,albumin,targets,DrugBank,NCBI,validated,previous_mapping
CHEMBL1201336,FOSPHENYTOIN,DB01320,Fosphenytoin,P05177,1544,CYP1A2,HGNC:2596,CYP1A2,cytochrome P450 family 1 subfamily A member 2,targets,DrugBank,NCBI,validated,previous_mapping
CHEMBL1201336,FOSPHENYTOIN,DB01320,Fosphenytoin,P05543,6906,SERPINA7,HGNC:11583,SERPINA7,serpin family A member 7,targets,DrugBank,NCBI,validated,previous_mapping
CHEMBL1201336,FOSPHENYTOIN,DB01320,Fosphenytoin,P08684,1576,CYP3A4,HGNC:2637,CYP3A4,cytochrome P450 family 3 subfamily A member 4,targets,DrugBank,NCBI,validated,previous_mapping
CHEMBL1201336,FOSPHENYTOIN,DB01320,Fosphenytoin,P11712,1559,CYP2C9,HGNC:2623,CYP2C9,cytochrome P450 family 2 subfamily C member 9,targets,DrugBank,NCBI,validated,previous_mapping
CHEMBL1201336,FOSPHENYTOIN,DB01320,Fosphenytoin,P19224,54578,UGT1A6,HGNC:12538,UGT1A6,UDP glucuronosyltransferase family 1 member A6,targets,DrugBank,NCBI,validated,previous_mapping
CHEMBL1201336,FOSPHENYTOIN,DB01320,Fosphenytoin,P20813,1555,CYP2B6,HGNC:2615,CYP2B6,cytochrome P450 family 2 subfamily B member 6,targets,DrugBank,NCBI,validated,previous_mapping
CHEMBL1201336,FOSPHENYTOIN,DB01320,Fosphenytoin,P33261,1557,CYP2C19,HGNC:2621,CYP2C19,cytochrome P450 family 2 subfamily C member 19,targets,DrugBank,NCBI,validated,previous_mapping
CHEMBL1201336,FOSPHENYTOIN,DB01320,Fosphenytoin,Q14524,6331,SCN5A,HGNC:10593,SCN5A,sodium voltage-gated channel alpha subunit 5,targets,DrugBank,NCBI,validated,previous_mapping
CHEMBL1201341,ECHOTHIOPHATE,DB01057,Echothiophate,P02768,213,ALB,HGNC:399,ALB,albumin,targets,DrugBank,NCBI,validated,previous_mapping
CHEMBL1201341,ECHOTHIOPHATE,DB01057,Echothiophate,P06276,590,BCHE,HGNC:983,BCHE,butyrylcholinesterase,targets,DrugBank,NCBI,validated,previous_mapping
CHEMBL1201342,METHIXENE,DB00340,Metixene,P08172,1129,CHRM2,HGNC:1951,CHRM2,cholinergic receptor muscarinic 2,targets,DrugBank,NCBI,validated,synonym_match
CHEMBL1201342,METHIXENE,DB00340,Metixene,P08173,1132,CHRM4,HGNC:1953,CHRM4,cholinergic receptor muscarinic 4,targets,DrugBank,NCBI,validated,synonym_match
CHEMBL1201342,METHIXENE,DB00340,Metixene,P08912,1133,CHRM5,HGNC:1954,CHRM5,cholinergic receptor muscarinic 5,targets,DrugBank,NCBI,validated,synonym_match
CHEMBL1201342,METHIXENE,DB00340,Metixene,P11229,1128,CHRM1,HGNC:1950,CHRM1,cholinergic receptor muscarinic 1,targets,DrugBank,NCBI,validated,synonym_match
CHEMBL1201342,METHIXENE,DB00340,Metixene,P20309,1131,CHRM3,HGNC:1952,CHRM3,cholinergic receptor muscarinic 3,targets,DrugBank,NCBI,validated,synonym_match
CHEMBL1201353,DEXCHLORPHENIRAMINE,DB13679,Dexchlorpheniramine,P10635,1565,CYP2D6,HGNC:2625,CYP2D6,cytochrome P450 family 2 subfamily D member 6 (gene/pseudogene),targets,DrugBank,NCBI,validated,previous_mapping
CHEMBL1201354,TRIDIHEXETHYL,DB00505,Tridihexethyl,P08172,1129,CHRM2,HGNC:1951,CHRM2,cholinergic receptor muscarinic 2,targets,DrugBank,NCBI,validated,previous_mapping
CHEMBL1201354,TRIDIHEXETHYL,DB00505,Tridihexethyl,P11229,1128,CHRM1,HGNC:1950,CHRM1,cholinergic receptor muscarinic 1,targets,DrugBank,NCBI,validated,previous_mapping
CHEMBL1201354,TRIDIHEXETHYL,DB00505,Tridihexethyl,P20309,1131,CHRM3,HGNC:1952,CHRM3,cholinergic receptor muscarinic 3,targets,DrugBank,NCBI,validated,previous_mapping
CHEMBL1201356,METHYLERGONOVINE,DB00353,Methylergometrine,P08684,1576,CYP3A4,HGNC:2637,CYP3A4,cytochrome P450 family 3 subfamily A member 4,targets,DrugBank,NCBI,validated,synonym_match
CHEMBL1201356,METHYLERGONOVINE,DB00353,Methylergometrine,P21728,1812,DRD1,HGNC:3020,DRD1,dopamine receptor D1,targets,DrugBank,NCBI,validated,synonym_match
CHEMBL1201356,METHYLERGONOVINE,DB00353,Methylergometrine,P41595,3357,HTR2B,HGNC:5294,HTR2B,5-hydroxytryptamine receptor 2B,targets,DrugBank,NCBI,validated,synonym_match
CHEMBL1201478,POLYETHYLENE GLYCOL,DB09287,Polyethylene glycol,P08183,5243,ABCB1,HGNC:40,ABCB1,ATP binding cassette subfamily B member 1,targets,DrugBank,NCBI,validated,previous_mapping
CHEMBL1201593,ALTEPLASE,DB00009,Alteplase,P00747,5340,PLG,HGNC:9071,PLG,plasminogen,targets,DrugBank,NCBI,validated,previous_mapping
CHEMBL1201593,ALTEPLASE,DB00009,Alteplase,P02671,2243,FGA,HGNC:3661,FGA,fibrinogen alpha chain,targets,DrugBank,NCBI,validated,previous_mapping
CHEMBL1201593,ALTEPLASE,DB00009,Alteplase,P05121,5054,SERPINE1,HGNC:8583,SERPINE1,serpin family E member 1,targets,DrugBank,NCBI,validated,previous_mapping
CHEMBL1201593,ALTEPLASE,DB00009,Alteplase,Q03405,5329,PLAUR,HGNC:9053,PLAUR,"plasminogen activator, urokinase receptor",targets,DrugBank,NCBI,validated,previous_mapping
CHEMBL1201607,NATALIZUMAB,DB00108,Natalizumab,O75015,2215,FCGR3B,HGNC:3620,FCGR3B,Fc gamma receptor IIIb,targets,DrugBank,NCBI,validated,previous_mapping
CHEMBL1201607,NATALIZUMAB,DB00108,Natalizumab,P05362,3383,ICAM1,HGNC:5344,ICAM1,intercellular adhesion molecule 1,targets,DrugBank,NCBI,validated,previous_mapping
CHEMBL1201607,NATALIZUMAB,DB00108,Natalizumab,P12314,2209,FCGR1A,HGNC:3613,FCGR1A,Fc gamma receptor Ia,targets,DrugBank,NCBI,validated,previous_mapping
CHEMBL1201607,NATALIZUMAB,DB00108,Natalizumab,P13612,3676,ITGA4,HGNC:6140,ITGA4,integrin subunit alpha 4,targets,DrugBank,NCBI,validated,previous_mapping
CHEMBL1201666,LEPIRUDIN,DB00001,Lepirudin,P00734,2147,F2,HGNC:3535,F2,"coagulation factor II, thrombin",targets,DrugBank,NCBI,validated,previous_mapping
CHEMBL1201754,RUFINAMIDE,DB06201,Rufinamide,P02768,213,ALB,HGNC:399,ALB,albumin,targets,DrugBank,NCBI,validated,previous_mapping
CHEMBL1201754,RUFINAMIDE,DB06201,Rufinamide,P05181,1571,CYP2E1,HGNC:2631,CYP2E1,cytochrome P450 family 2 subfamily E member 1,targets,DrugBank,NCBI,validated,previous_mapping
CHEMBL1201754,RUFINAMIDE,DB06201,Rufinamide,P08684,1576,CYP3A4,HGNC:2637,CYP3A4,cytochrome P450 family 3 subfamily A member 4,targets,DrugBank,NCBI,validated,previous_mapping
CHEMBL1201754,RUFINAMIDE,DB06201,Rufinamide,P23141,1066,CES1,HGNC:1863,CES1,carboxylesterase 1,targets,DrugBank,NCBI,validated,previous_mapping
CHEMBL1201754,RUFINAMIDE,DB06201,Rufinamide,P41594,2915,GRM5,HGNC:4597,GRM5,glutamate metabotropic receptor 5,targets,DrugBank,NCBI,validated,previous_mapping
CHEMBL1201754,RUFINAMIDE,DB06201,Rufinamide,Q15858,6335,SCN9A,HGNC:10597,SCN9A,sodium voltage-gated channel alpha subunit 9,targets,DrugBank,NCBI,validated,previous_mapping
CHEMBL1201772,PRASUGREL,DB06209,Prasugrel,O00748,8824,CES2,HGNC:1864,CES2,carboxylesterase 2,targets,DrugBank,NCBI,validated,previous_mapping
CHEMBL1201772,PRASUGREL,DB06209,Prasugrel,P02768,213,ALB,HGNC:399,ALB,albumin,targets,DrugBank,NCBI,validated,previous_mapping
CHEMBL1201772,PRASUGREL,DB06209,Prasugrel,P08684,1576,CYP3A4,HGNC:2637,CYP3A4,cytochrome P450 family 3 subfamily A member 4,targets,DrugBank,NCBI,validated,previous_mapping
CHEMBL1201772,PRASUGREL,DB06209,Prasugrel,P11712,1559,CYP2C9,HGNC:2623,CYP2C9,cytochrome P450 family 2 subfamily C member 9,targets,DrugBank,NCBI,validated,previous_mapping
CHEMBL1201772,PRASUGREL,DB06209,Prasugrel,P20813,1555,CYP2B6,HGNC:2615,CYP2B6,cytochrome P450 family 2 subfamily B member 6,targets,DrugBank,NCBI,validated,previous_mapping
CHEMBL1201772,PRASUGREL,DB06209,Prasugrel,P33261,1557,CYP2C19,HGNC:2621,CYP2C19,cytochrome P450 family 2 subfamily C member 19,targets,DrugBank,NCBI,validated,previous_mapping
CHEMBL1201772,PRASUGREL,DB06209,Prasugrel,Q9H244,64805,P2RY12,HGNC:18124,P2RY12,purinergic receptor P2Y12,targets,DrugBank,NCBI,validated,previous_mapping
CHEMBL1201864,DIENOGEST,DB09123,Dienogest,P06401,5241,PGR,HGNC:8910,PGR,progesterone receptor,targets,DrugBank,NCBI,validated,previous_mapping
CHEMBL1201864,DIENOGEST,DB09123,Dienogest,P08684,1576,CYP3A4,HGNC:2637,CYP3A4,cytochrome P450 family 3 subfamily A member 4,targets,DrugBank,NCBI,validated,previous_mapping
CHEMBL1201864,DIENOGEST,DB09123,Dienogest,P10275,367,AR,HGNC:644,AR,androgen receptor,targets,DrugBank,NCBI,validated,previous_mapping
CHEMBL121,ROSIGLITAZONE,DB00412,Rosiglitazone,O60488,2182,ACSL4,HGNC:3571,ACSL4,acyl-CoA synthetase long chain family member 4,targets,DrugBank,NCBI,validated,previous_mapping
CHEMBL121,ROSIGLITAZONE,DB00412,Rosiglitazone,O95342,8647,ABCB11,HGNC:42,ABCB11,ATP binding cassette subfamily B member 11,targets,DrugBank,NCBI,validated,previous_mapping
CHEMBL121,ROSIGLITAZONE,DB00412,Rosiglitazone,P02768,213,ALB,HGNC:399,ALB,albumin,targets,DrugBank,NCBI,validated,previous_mapping
CHEMBL121,ROSIGLITAZONE,DB00412,Rosiglitazone,P05177,1544,CYP1A2,HGNC:2596,CYP1A2,cytochrome P450 family 1 subfamily A member 2,targets,DrugBank,NCBI,validated,previous_mapping
CHEMBL121,ROSIGLITAZONE,DB00412,Rosiglitazone,P08684,1576,CYP3A4,HGNC:2637,CYP3A4,cytochrome P450 family 3 subfamily A member 4,targets,DrugBank,NCBI,validated,previous_mapping
CHEMBL121,ROSIGLITAZONE,DB00412,Rosiglitazone,P10632,1558,CYP2C8,HGNC:2622,CYP2C8,cytochrome P450 family 2 subfamily C member 8,targets,DrugBank,NCBI,validated,previous_mapping
CHEMBL121,ROSIGLITAZONE,DB00412,Rosiglitazone,P10635,1565,CYP2D6,HGNC:2625,CYP2D6,cytochrome P450 family 2 subfamily D member 6 (gene/pseudogene),targets,DrugBank,NCBI,validated,previous_mapping
CHEMBL121,ROSIGLITAZONE,DB00412,Rosiglitazone,P11509,1548,CYP2A6,HGNC:2610,CYP2A6,cytochrome P450 family 2 subfamily A member 6,targets,DrugBank,NCBI,validated,previous_mapping
CHEMBL121,ROSIGLITAZONE,DB00412,Rosiglitazone,P11712,1559,CYP2C9,HGNC:2623,CYP2C9,cytochrome P450 family 2 subfamily C member 9,targets,DrugBank,NCBI,validated,previous_mapping
CHEMBL121,ROSIGLITAZONE,DB00412,Rosiglitazone,P19793,6256,RXRA,HGNC:10477,RXRA,retinoid X receptor alpha,targets,DrugBank,NCBI,validated,previous_mapping
CHEMBL121,ROSIGLITAZONE,DB00412,Rosiglitazone,P23219,5742,PTGS1,HGNC:9604,PTGS1,prostaglandin-endoperoxide synthase 1,targets,DrugBank,NCBI,validated,previous_mapping
CHEMBL121,ROSIGLITAZONE,DB00412,Rosiglitazone,P28702,6257,RXRB,HGNC:10478,RXRB,retinoid X receptor beta,targets,DrugBank,NCBI,validated,previous_mapping
CHEMBL121,ROSIGLITAZONE,DB00412,Rosiglitazone,P37231,5468,PPARG,HGNC:9236,PPARG,peroxisome proliferator activated receptor gamma,targets,DrugBank,NCBI,validated,previous_mapping
CHEMBL121,ROSIGLITAZONE,DB00412,Rosiglitazone,P48443,6258,RXRG,HGNC:10479,RXRG,retinoid X receptor gamma,targets,DrugBank,NCBI,validated,previous_mapping
CHEMBL121,ROSIGLITAZONE,DB00412,Rosiglitazone,Q03181,5467,PPARD,HGNC:9235,PPARD,peroxisome proliferator activated receptor delta,targets,DrugBank,NCBI,validated,previous_mapping
CHEMBL121,ROSIGLITAZONE,DB00412,Rosiglitazone,Q07869,5465,PPARA,HGNC:9232,PPARA,peroxisome proliferator activated receptor alpha,targets,DrugBank,NCBI,validated,previous_mapping
CHEMBL121,ROSIGLITAZONE,DB00412,Rosiglitazone,Q9Y6L6,10599,SLCO1B1,HGNC:10959,SLCO1B1,solute carrier organic anion transporter family member 1B1,targets,DrugBank,NCBI,validated,previous_mapping
CHEMBL1213351,PROPOXYPHENE,DB00647,Dextropropoxyphene,P08684,1576,CYP3A4,HGNC:2637,CYP3A4,cytochrome P450 family 3 subfamily A member 4,targets,DrugBank,NCBI,validated,parent_compound
CHEMBL1213351,PROPOXYPHENE,DB00647,Dextropropoxyphene,P10635,1565,CYP2D6,HGNC:2625,CYP2D6,cytochrome P450 family 2 subfamily D member 6 (gene/pseudogene),targets,DrugBank,NCBI,validated,parent_compound
CHEMBL1213351,PROPOXYPHENE,DB00647,Dextropropoxyphene,P23141,1066,CES1,HGNC:1863,CES1,carboxylesterase 1,targets,DrugBank,NCBI,validated,parent_compound
CHEMBL1213351,PROPOXYPHENE,DB00647,Dextropropoxyphene,P35372,4988,OPRM1,HGNC:8156,OPRM1,opioid receptor mu 1,targets,DrugBank,NCBI,validated,parent_compound
CHEMBL1213351,PROPOXYPHENE,DB00647,Dextropropoxyphene,P41143,4985,OPRD1,HGNC:8153,OPRD1,opioid receptor delta 1,targets,DrugBank,NCBI,validated,parent_compound
CHEMBL1213351,PROPOXYPHENE,DB00647,Dextropropoxyphene,P41145,4986,OPRK1,HGNC:8154,OPRK1,opioid receptor kappa 1,targets,DrugBank,NCBI,validated,parent_compound
CHEMBL1213460,ETHYL LOFLAZEPATE,DB01545,Ethyl loflazepate,O00591,2568,GABRP,HGNC:4089,GABRP,gamma-aminobutyric acid type A receptor subunit pi,targets,DrugBank,NCBI,validated,previous_mapping
CHEMBL1213460,ETHYL LOFLAZEPATE,DB01545,Ethyl loflazepate,O14764,2563,GABRD,HGNC:4084,GABRD,gamma-aminobutyric acid type A receptor subunit delta,targets,DrugBank,NCBI,validated,previous_mapping
CHEMBL1213460,ETHYL LOFLAZEPATE,DB01545,Ethyl loflazepate,P14867,2554,GABRA1,HGNC:4075,GABRA1,gamma-aminobutyric acid type A receptor subunit alpha1,targets,DrugBank,NCBI,validated,previous_mapping
CHEMBL1213460,ETHYL LOFLAZEPATE,DB01545,Ethyl loflazepate,P18505,2560,GABRB1,HGNC:4081,GABRB1,gamma-aminobutyric acid type A receptor subunit beta1,targets,DrugBank,NCBI,validated,previous_mapping
CHEMBL1213460,ETHYL LOFLAZEPATE,DB01545,Ethyl loflazepate,P18507,2566,GABRG2,HGNC:4087,GABRG2,gamma-aminobutyric acid type A receptor subunit gamma2,targets,DrugBank,NCBI,validated,previous_mapping
CHEMBL1213460,ETHYL LOFLAZEPATE,DB01545,Ethyl loflazepate,P28472,2562,GABRB3,HGNC:4083,GABRB3,gamma-aminobutyric acid type A receptor subunit beta3,targets,DrugBank,NCBI,validated,previous_mapping
CHEMBL1213460,ETHYL LOFLAZEPATE,DB01545,Ethyl loflazepate,P31644,2558,GABRA5,HGNC:4079,GABRA5,gamma-aminobutyric acid type A receptor subunit alpha5,targets,DrugBank,NCBI,validated,previous_mapping
CHEMBL1213460,ETHYL LOFLAZEPATE,DB01545,Ethyl loflazepate,P34903,2556,GABRA3,HGNC:4077,GABRA3,gamma-aminobutyric acid type A receptor subunit alpha3,targets,DrugBank,NCBI,validated,previous_mapping
CHEMBL1213460,ETHYL LOFLAZEPATE,DB01545,Ethyl loflazepate,P47869,2555,GABRA2,HGNC:4076,GABRA2,gamma-aminobutyric acid type A receptor subunit alpha2,targets,DrugBank,NCBI,validated,previous_mapping
CHEMBL1213460,ETHYL LOFLAZEPATE,DB01545,Ethyl loflazepate,P47870,2561,GABRB2,HGNC:4082,GABRB2,gamma-aminobutyric acid type A receptor subunit beta2,targets,DrugBank,NCBI,validated,previous_mapping
CHEMBL1213460,ETHYL LOFLAZEPATE,DB01545,Ethyl loflazepate,P48169,2557,GABRA4,HGNC:4078,GABRA4,gamma-aminobutyric acid type A receptor subunit alpha4,targets,DrugBank,NCBI,validated,previous_mapping
CHEMBL1213460,ETHYL LOFLAZEPATE,DB01545,Ethyl loflazepate,P78334,2564,GABRE,HGNC:4085,GABRE,gamma-aminobutyric acid type A receptor subunit epsilon,targets,DrugBank,NCBI,validated,previous_mapping
CHEMBL1213460,ETHYL LOFLAZEPATE,DB01545,Ethyl loflazepate,Q16445,2559,GABRA6,HGNC:4080,GABRA6,gamma-aminobutyric acid type A receptor subunit alpha6,targets,DrugBank,NCBI,validated,previous_mapping
CHEMBL1213460,ETHYL LOFLAZEPATE,DB01545,Ethyl loflazepate,Q8N1C3,2565,GABRG1,HGNC:4086,GABRG1,gamma-aminobutyric acid type A receptor subunit gamma1,targets,DrugBank,NCBI,validated,previous_mapping
CHEMBL1213460,ETHYL LOFLAZEPATE,DB01545,Ethyl loflazepate,Q99928,2567,GABRG3,HGNC:4088,GABRG3,gamma-aminobutyric acid type A receptor subunit gamma3,targets,DrugBank,NCBI,validated,previous_mapping
CHEMBL1213460,ETHYL LOFLAZEPATE,DB01545,Ethyl loflazepate,Q9UN88,55879,GABRQ,HGNC:14454,GABRQ,gamma-aminobutyric acid type A receptor subunit theta,targets,DrugBank,NCBI,validated,previous_mapping
CHEMBL1215,PHENYLEPHRINE,DB00388,Phenylephrine,P05177,1544,CYP1A2,HGNC:2596,CYP1A2,cytochrome P450 family 1 subfamily A member 2,targets,DrugBank,NCBI,validated,previous_mapping
CHEMBL1215,PHENYLEPHRINE,DB00388,Phenylephrine,P0DMM9,6818,SULT1A3,HGNC:11455,SULT1A3,sulfotransferase family 1A member 3,targets,DrugBank,NCBI,validated,previous_mapping
CHEMBL1215,PHENYLEPHRINE,DB00388,Phenylephrine,P21397,4128,MAOA,HGNC:6833,MAOA,monoamine oxidase A,targets,DrugBank,NCBI,validated,previous_mapping
CHEMBL1215,PHENYLEPHRINE,DB00388,Phenylephrine,P25100,146,ADRA1D,HGNC:280,ADRA1D,adrenoceptor alpha 1D,targets,DrugBank,NCBI,validated,previous_mapping
CHEMBL1215,PHENYLEPHRINE,DB00388,Phenylephrine,P27338,4129,MAOB,HGNC:6834,MAOB,monoamine oxidase B,targets,DrugBank,NCBI,validated,previous_mapping
CHEMBL1215,PHENYLEPHRINE,DB00388,Phenylephrine,P35348,148,ADRA1A,HGNC:277,ADRA1A,adrenoceptor alpha 1A,targets,DrugBank,NCBI,validated,previous_mapping
CHEMBL1215,PHENYLEPHRINE,DB00388,Phenylephrine,P35368,147,ADRA1B,HGNC:278,ADRA1B,adrenoceptor alpha 1B,targets,DrugBank,NCBI,validated,previous_mapping
CHEMBL1218,RAMELTEON,DB00980,Ramelteon,P05177,1544,CYP1A2,HGNC:2596,CYP1A2,cytochrome P450 family 1 subfamily A member 2,targets,DrugBank,NCBI,validated,previous_mapping
CHEMBL1218,RAMELTEON,DB00980,Ramelteon,P08684,1576,CYP3A4,HGNC:2637,CYP3A4,cytochrome P450 family 3 subfamily A member 4,targets,DrugBank,NCBI,validated,previous_mapping
CHEMBL1218,RAMELTEON,DB00980,Ramelteon,P11712,1559,CYP2C9,HGNC:2623,CYP2C9,cytochrome P450 family 2 subfamily C member 9,targets,DrugBank,NCBI,validated,previous_mapping
CHEMBL1218,RAMELTEON,DB00980,Ramelteon,P33261,1557,CYP2C19,HGNC:2621,CYP2C19,cytochrome P450 family 2 subfamily C member 19,targets,DrugBank,NCBI,validated,previous_mapping
CHEMBL1218,RAMELTEON,DB00980,Ramelteon,P48039,4543,MTNR1A,HGNC:7463,MTNR1A,melatonin receptor 1A,targets,DrugBank,NCBI,validated,previous_mapping
CHEMBL1218,RAMELTEON,DB00980,Ramelteon,P49286,4544,MTNR1B,HGNC:7464,MTNR1B,melatonin receptor 1B,targets,DrugBank,NCBI,validated,previous_mapping
CHEMBL122,ROFECOXIB,DB00533,Rofecoxib,O15439,10257,ABCC4,HGNC:55,ABCC4,ATP binding cassette subfamily C member 4 (PEL blood group),targets,DrugBank,NCBI,validated,previous_mapping
CHEMBL122,ROFECOXIB,DB00533,Rofecoxib,P05177,1544,CYP1A2,HGNC:2596,CYP1A2,cytochrome P450 family 1 subfamily A member 2,targets,DrugBank,NCBI,validated,previous_mapping
CHEMBL122,ROFECOXIB,DB00533,Rofecoxib,P08684,1576,CYP3A4,HGNC:2637,CYP3A4,cytochrome P450 family 3 subfamily A member 4,targets,DrugBank,NCBI,validated,previous_mapping
CHEMBL122,ROFECOXIB,DB00533,Rofecoxib,P10632,1558,CYP2C8,HGNC:2622,CYP2C8,cytochrome P450 family 2 subfamily C member 8,targets,DrugBank,NCBI,validated,previous_mapping
CHEMBL122,ROFECOXIB,DB00533,Rofecoxib,P11712,1559,CYP2C9,HGNC:2623,CYP2C9,cytochrome P450 family 2 subfamily C member 9,targets,DrugBank,NCBI,validated,previous_mapping
CHEMBL122,ROFECOXIB,DB00533,Rofecoxib,P15502,2006,ELN,HGNC:3327,ELN,elastin,targets,DrugBank,NCBI,validated,previous_mapping
CHEMBL122,ROFECOXIB,DB00533,Rofecoxib,P23219,5742,PTGS1,HGNC:9604,PTGS1,prostaglandin-endoperoxide synthase 1,targets,DrugBank,NCBI,validated,previous_mapping
CHEMBL122,ROFECOXIB,DB00533,Rofecoxib,P35354,5743,PTGS2,HGNC:9605,PTGS2,prostaglandin-endoperoxide synthase 2,targets,DrugBank,NCBI,validated,previous_mapping
CHEMBL1220,TINIDAZOLE,DB00911,Tinidazole,O95342,8647,ABCB11,HGNC:42,ABCB11,ATP binding cassette subfamily B member 11,targets,DrugBank,NCBI,validated,previous_mapping
CHEMBL1220,TINIDAZOLE,DB00911,Tinidazole,P08684,1576,CYP3A4,HGNC:2637,CYP3A4,cytochrome P450 family 3 subfamily A member 4,targets,DrugBank,NCBI,validated,previous_mapping
CHEMBL1222251,INOSITOL,DB13178,Inositol,P53794,6526,SLC5A3,HGNC:11038,SLC5A3,solute carrier family 5 member 3,targets,DrugBank,NCBI,validated,previous_mapping
CHEMBL1231574,LEVOMEFOLIC ACID,DB11256,Levomefolic acid,P41440,6573,SLC19A1,HGNC:10937,SLC19A1,solute carrier family 19 member 1,targets,DrugBank,NCBI,validated,previous_mapping
CHEMBL1231574,LEVOMEFOLIC ACID,DB11256,Levomefolic acid,Q96NT5,113235,SLC46A1,HGNC:30521,SLC46A1,solute carrier family 46 member 1,targets,DrugBank,NCBI,validated,previous_mapping
CHEMBL1231574,LEVOMEFOLIC ACID,DB11256,Levomefolic acid,Q99707,4548,MTR,HGNC:7468,MTR,5-methyltetrahydrofolate-homocysteine methyltransferase,targets,DrugBank,NCBI,validated,previous_mapping
CHEMBL1233,CARISOPRODOL,DB00395,Carisoprodol,P14867,2554,GABRA1,HGNC:4075,GABRA1,gamma-aminobutyric acid type A receptor subunit alpha1,targets,DrugBank,NCBI,validated,previous_mapping
CHEMBL1233,CARISOPRODOL,DB00395,Carisoprodol,P18507,2566,GABRG2,HGNC:4087,GABRG2,gamma-aminobutyric acid type A receptor subunit gamma2,targets,DrugBank,NCBI,validated,previous_mapping
CHEMBL1233,CARISOPRODOL,DB00395,Carisoprodol,P31644,2558,GABRA5,HGNC:4079,GABRA5,gamma-aminobutyric acid type A receptor subunit alpha5,targets,DrugBank,NCBI,validated,previous_mapping
CHEMBL1233,CARISOPRODOL,DB00395,Carisoprodol,P33261,1557,CYP2C19,HGNC:2621,CYP2C19,cytochrome P450 family 2 subfamily C member 19,targets,DrugBank,NCBI,validated,previous_mapping
CHEMBL1233,CARISOPRODOL,DB00395,Carisoprodol,P34903,2556,GABRA3,HGNC:4077,GABRA3,gamma-aminobutyric acid type A receptor subunit alpha3,targets,DrugBank,NCBI,validated,previous_mapping
CHEMBL1233,CARISOPRODOL,DB00395,Carisoprodol,P47870,2561,GABRB2,HGNC:4082,GABRB2,gamma-aminobutyric acid type A receptor subunit beta2,targets,DrugBank,NCBI,validated,previous_mapping
CHEMBL1237021,LURASIDONE,DB08815,Lurasidone,P08684,1576,CYP3A4,HGNC:2637,CYP3A4,cytochrome P450 family 3 subfamily A member 4,targets,DrugBank,NCBI,validated,previous_mapping
CHEMBL1237021,LURASIDONE,DB08815,Lurasidone,P08908,3350,HTR1A,HGNC:5286,HTR1A,5-hydroxytryptamine receptor 1A,targets,DrugBank,NCBI,validated,previous_mapping
CHEMBL1237021,LURASIDONE,DB08815,Lurasidone,P08913,150,ADRA2A,HGNC:281,ADRA2A,adrenoceptor alpha 2A,targets,DrugBank,NCBI,validated,previous_mapping
CHEMBL1237021,LURASIDONE,DB08815,Lurasidone,P14416,1813,DRD2,HGNC:3023,DRD2,dopamine receptor D2,targets,DrugBank,NCBI,validated,previous_mapping
CHEMBL1237021,LURASIDONE,DB08815,Lurasidone,P18825,152,ADRA2C,HGNC:283,ADRA2C,adrenoceptor alpha 2C,targets,DrugBank,NCBI,validated,previous_mapping
CHEMBL1237021,LURASIDONE,DB08815,Lurasidone,P28223,3356,HTR2A,HGNC:5293,HTR2A,5-hydroxytryptamine receptor 2A,targets,DrugBank,NCBI,validated,previous_mapping
CHEMBL1237021,LURASIDONE,DB08815,Lurasidone,P34969,3363,HTR7,HGNC:5302,HTR7,5-hydroxytryptamine receptor 7,targets,DrugBank,NCBI,validated,previous_mapping
CHEMBL1237044,TRAMADOL,DB00193,Tramadol,O15399,2906,GRIN2D,HGNC:4588,GRIN2D,glutamate ionotropic receptor NMDA type subunit 2D,targets,DrugBank,NCBI,validated,previous_mapping
CHEMBL1237044,TRAMADOL,DB00193,Tramadol,O60391,116444,GRIN3B,HGNC:16768,GRIN3B,glutamate ionotropic receptor NMDA type subunit 3B,targets,DrugBank,NCBI,validated,previous_mapping
CHEMBL1237044,TRAMADOL,DB00193,Tramadol,P08684,1576,CYP3A4,HGNC:2637,CYP3A4,cytochrome P450 family 3 subfamily A member 4,targets,DrugBank,NCBI,validated,previous_mapping
CHEMBL1237044,TRAMADOL,DB00193,Tramadol,P08913,150,ADRA2A,HGNC:281,ADRA2A,adrenoceptor alpha 2A,targets,DrugBank,NCBI,validated,previous_mapping
CHEMBL1237044,TRAMADOL,DB00193,Tramadol,P10635,1565,CYP2D6,HGNC:2625,CYP2D6,cytochrome P450 family 2 subfamily D member 6 (gene/pseudogene),targets,DrugBank,NCBI,validated,previous_mapping
CHEMBL1237044,TRAMADOL,DB00193,Tramadol,P11229,1128,CHRM1,HGNC:1950,CHRM1,cholinergic receptor muscarinic 1,targets,DrugBank,NCBI,validated,previous_mapping
CHEMBL1237044,TRAMADOL,DB00193,Tramadol,P18089,151,ADRA2B,HGNC:282,ADRA2B,adrenoceptor alpha 2B,targets,DrugBank,NCBI,validated,previous_mapping
CHEMBL1237044,TRAMADOL,DB00193,Tramadol,P18825,152,ADRA2C,HGNC:283,ADRA2C,adrenoceptor alpha 2C,targets,DrugBank,NCBI,validated,previous_mapping
CHEMBL1237044,TRAMADOL,DB00193,Tramadol,P20309,1131,CHRM3,HGNC:1952,CHRM3,cholinergic receptor muscarinic 3,targets,DrugBank,NCBI,validated,previous_mapping
CHEMBL1237044,TRAMADOL,DB00193,Tramadol,P20813,1555,CYP2B6,HGNC:2615,CYP2B6,cytochrome P450 family 2 subfamily B member 6,targets,DrugBank,NCBI,validated,previous_mapping
CHEMBL1237044,TRAMADOL,DB00193,Tramadol,P22309,54658,UGT1A1,HGNC:12530,UGT1A1,UDP glucuronosyltransferase family 1 member A1,targets,DrugBank,NCBI,validated,previous_mapping
CHEMBL1237044,TRAMADOL,DB00193,Tramadol,P23975,6530,SLC6A2,HGNC:11048,SLC6A2,solute carrier family 6 member 2,targets,DrugBank,NCBI,validated,previous_mapping
CHEMBL1237044,TRAMADOL,DB00193,Tramadol,P25103,6869,TACR1,HGNC:11526,TACR1,tachykinin receptor 1,targets,DrugBank,NCBI,validated,previous_mapping
CHEMBL1237044,TRAMADOL,DB00193,Tramadol,P28335,3358,HTR2C,HGNC:5295,HTR2C,5-hydroxytryptamine receptor 2C,targets,DrugBank,NCBI,validated,previous_mapping
CHEMBL1237044,TRAMADOL,DB00193,Tramadol,P30542,134,ADORA1,HGNC:262,ADORA1,adenosine A1 receptor,targets,DrugBank,NCBI,validated,previous_mapping
CHEMBL1237044,TRAMADOL,DB00193,Tramadol,P31645,6532,SLC6A4,HGNC:11050,SLC6A4,solute carrier family 6 member 4,targets,DrugBank,NCBI,validated,previous_mapping
CHEMBL1237044,TRAMADOL,DB00193,Tramadol,P35372,4988,OPRM1,HGNC:8156,OPRM1,opioid receptor mu 1,targets,DrugBank,NCBI,validated,previous_mapping
CHEMBL1237044,TRAMADOL,DB00193,Tramadol,P41143,4985,OPRD1,HGNC:8153,OPRD1,opioid receptor delta 1,targets,DrugBank,NCBI,validated,previous_mapping
CHEMBL1237044,TRAMADOL,DB00193,Tramadol,P41145,4986,OPRK1,HGNC:8154,OPRK1,opioid receptor kappa 1,targets,DrugBank,NCBI,validated,previous_mapping
CHEMBL1237044,TRAMADOL,DB00193,Tramadol,Q05586,2902,GRIN1,HGNC:4584,GRIN1,glutamate ionotropic receptor NMDA type subunit 1,targets,DrugBank,NCBI,validated,previous_mapping
CHEMBL1237044,TRAMADOL,DB00193,Tramadol,Q12879,2903,GRIN2A,HGNC:4585,GRIN2A,glutamate ionotropic receptor NMDA type subunit 2A,targets,DrugBank,NCBI,validated,previous_mapping
CHEMBL1237044,TRAMADOL,DB00193,Tramadol,Q13224,2904,GRIN2B,HGNC:4586,GRIN2B,glutamate ionotropic receptor NMDA type subunit 2B,targets,DrugBank,NCBI,validated,previous_mapping
CHEMBL1237044,TRAMADOL,DB00193,Tramadol,Q14957,2905,GRIN2C,HGNC:4587,GRIN2C,glutamate ionotropic receptor NMDA type subunit 2C,targets,DrugBank,NCBI,validated,previous_mapping
CHEMBL1237044,TRAMADOL,DB00193,Tramadol,Q8NER1,7442,TRPV1,HGNC:12716,TRPV1,transient receptor potential cation channel subfamily V member 1,targets,DrugBank,NCBI,validated,previous_mapping
CHEMBL1237044,TRAMADOL,DB00193,Tramadol,Q8TCU5,116443,GRIN3A,HGNC:16767,GRIN3A,glutamate ionotropic receptor NMDA type subunit 3A,targets,DrugBank,NCBI,validated,previous_mapping
CHEMBL1237044,TRAMADOL,DB00193,Tramadol,Q99250,6326,SCN2A,HGNC:10588,SCN2A,sodium voltage-gated channel alpha subunit 2,targets,DrugBank,NCBI,validated,previous_mapping
CHEMBL1242,PHENAZOPYRIDINE,DB01438,Phenazopyridine,P35498,6323,SCN1A,HGNC:10585,SCN1A,sodium voltage-gated channel alpha subunit 1,targets,DrugBank,NCBI,validated,previous_mapping
CHEMBL1256786,FORMOTEROL,DB00983,Formoterol,O15245,6580,SLC22A1,HGNC:10963,SLC22A1,solute carrier family 22 member 1,targets,DrugBank,NCBI,validated,previous_mapping
CHEMBL1256786,FORMOTEROL,DB00983,Formoterol,O60656,54600,UGT1A9,HGNC:12541,UGT1A9,UDP glucuronosyltransferase family 1 member A9,targets,DrugBank,NCBI,validated,previous_mapping
CHEMBL1256786,FORMOTEROL,DB00983,Formoterol,O75751,6581,SLC22A3,HGNC:10967,SLC22A3,solute carrier family 22 member 3,targets,DrugBank,NCBI,validated,previous_mapping
CHEMBL1256786,FORMOTEROL,DB00983,Formoterol,O76082,6584,SLC22A5,HGNC:10969,SLC22A5,solute carrier family 22 member 5,targets,DrugBank,NCBI,validated,previous_mapping
CHEMBL1256786,FORMOTEROL,DB00983,Formoterol,P02768,213,ALB,HGNC:399,ALB,albumin,targets,DrugBank,NCBI,validated,previous_mapping
CHEMBL1256786,FORMOTEROL,DB00983,Formoterol,P07550,154,ADRB2,HGNC:286,ADRB2,adrenoceptor beta 2,targets,DrugBank,NCBI,validated,previous_mapping
CHEMBL1256786,FORMOTEROL,DB00983,Formoterol,P08588,153,ADRB1,HGNC:285,ADRB1,adrenoceptor beta 1,targets,DrugBank,NCBI,validated,previous_mapping
CHEMBL1256786,FORMOTEROL,DB00983,Formoterol,P10635,1565,CYP2D6,HGNC:2625,CYP2D6,cytochrome P450 family 2 subfamily D member 6 (gene/pseudogene),targets,DrugBank,NCBI,validated,previous_mapping
CHEMBL1256786,FORMOTEROL,DB00983,Formoterol,P11509,1548,CYP2A6,HGNC:2610,CYP2A6,cytochrome P450 family 2 subfamily A member 6,targets,DrugBank,NCBI,validated,previous_mapping
CHEMBL1256786,FORMOTEROL,DB00983,Formoterol,P11712,1559,CYP2C9,HGNC:2623,CYP2C9,cytochrome P450 family 2 subfamily C member 9,targets,DrugBank,NCBI,validated,previous_mapping
CHEMBL1256786,FORMOTEROL,DB00983,Formoterol,P13945,155,ADRB3,HGNC:288,ADRB3,adrenoceptor beta 3,targets,DrugBank,NCBI,validated,previous_mapping
CHEMBL1256786,FORMOTEROL,DB00983,Formoterol,P16662,7364,UGT2B7,HGNC:12554,UGT2B7,UDP glucuronosyltransferase family 2 member B7,targets,DrugBank,NCBI,validated,previous_mapping
CHEMBL1256786,FORMOTEROL,DB00983,Formoterol,P22310,54657,UGT1A4,HGNC:12536,UGT1A4,UDP glucuronosyltransferase family 1 member A4,targets,DrugBank,NCBI,validated,previous_mapping
CHEMBL1256786,FORMOTEROL,DB00983,Formoterol,P33261,1557,CYP2C19,HGNC:2621,CYP2C19,cytochrome P450 family 2 subfamily C member 19,targets,DrugBank,NCBI,validated,previous_mapping
CHEMBL1256786,FORMOTEROL,DB00983,Formoterol,P54855,7366,UGT2B15,HGNC:12546,UGT2B15,UDP glucuronosyltransferase family 2 member B15,targets,DrugBank,NCBI,validated,previous_mapping
CHEMBL1256786,FORMOTEROL,DB00983,Formoterol,Q9H015,6583,SLC22A4,HGNC:10968,SLC22A4,solute carrier family 22 member 4,targets,DrugBank,NCBI,validated,previous_mapping
CHEMBL1256786,FORMOTEROL,DB00983,Formoterol,Q9HAW9,54576,UGT1A8,HGNC:12540,UGT1A8,UDP glucuronosyltransferase family 1 member A8,targets,DrugBank,NCBI,validated,previous_mapping
CHEMBL1257,ENFLURANE,DB00228,Enflurane,O00305,785,CACNB4,HGNC:1404,CACNB4,calcium voltage-gated channel auxiliary subunit beta 4,targets,DrugBank,NCBI,validated,previous_mapping
CHEMBL1257,ENFLURANE,DB00228,Enflurane,O00555,773,CACNA1A,HGNC:1388,CACNA1A,calcium voltage-gated channel subunit alpha1 A,targets,DrugBank,NCBI,validated,previous_mapping
CHEMBL1257,ENFLURANE,DB00228,Enflurane,O00591,2568,GABRP,HGNC:4089,GABRP,gamma-aminobutyric acid type A receptor subunit pi,targets,DrugBank,NCBI,validated,previous_mapping
CHEMBL1257,ENFLURANE,DB00228,Enflurane,O14764,2563,GABRD,HGNC:4084,GABRD,gamma-aminobutyric acid type A receptor subunit delta,targets,DrugBank,NCBI,validated,previous_mapping
CHEMBL1257,ENFLURANE,DB00228,Enflurane,O14983,487,ATP2A1,HGNC:811,ATP2A1,ATPase sarcoplasmic/endoplasmic reticulum Ca2+ transporting 1,targets,DrugBank,NCBI,validated,previous_mapping
CHEMBL1257,ENFLURANE,DB00228,Enflurane,O15399,2906,GRIN2D,HGNC:4588,GRIN2D,glutamate ionotropic receptor NMDA type subunit 2D,targets,DrugBank,NCBI,validated,previous_mapping
CHEMBL1257,ENFLURANE,DB00228,Enflurane,O43497,8913,CACNA1G,HGNC:1394,CACNA1G,calcium voltage-gated channel subunit alpha1 G,targets,DrugBank,NCBI,validated,previous_mapping
CHEMBL1257,ENFLURANE,DB00228,Enflurane,O60359,10368,CACNG3,HGNC:1407,CACNG3,calcium voltage-gated channel auxiliary subunit gamma 3,targets,DrugBank,NCBI,validated,previous_mapping
CHEMBL1257,ENFLURANE,DB00228,Enflurane,O60391,116444,GRIN3B,HGNC:16768,GRIN3B,glutamate ionotropic receptor NMDA type subunit 3B,targets,DrugBank,NCBI,validated,previous_mapping
CHEMBL1257,ENFLURANE,DB00228,Enflurane,O60840,778,CACNA1F,HGNC:1393,CACNA1F,calcium voltage-gated channel subunit alpha1 F,targets,DrugBank,NCBI,validated,previous_mapping
CHEMBL1257,ENFLURANE,DB00228,Enflurane,O95180,8912,CACNA1H,HGNC:1395,CACNA1H,calcium voltage-gated channel subunit alpha1 H,targets,DrugBank,NCBI,validated,previous_mapping
CHEMBL1257,ENFLURANE,DB00228,Enflurane,P02768,213,ALB,HGNC:399,ALB,albumin,targets,DrugBank,NCBI,validated,previous_mapping
CHEMBL1257,ENFLURANE,DB00228,Enflurane,P05181,1571,CYP2E1,HGNC:2631,CYP2E1,cytochrome P450 family 2 subfamily E member 1,targets,DrugBank,NCBI,validated,previous_mapping
CHEMBL1257,ENFLURANE,DB00228,Enflurane,P14867,2554,GABRA1,HGNC:4075,GABRA1,gamma-aminobutyric acid type A receptor subunit alpha1,targets,DrugBank,NCBI,validated,previous_mapping
CHEMBL1257,ENFLURANE,DB00228,Enflurane,P18505,2560,GABRB1,HGNC:4081,GABRB1,gamma-aminobutyric acid type A receptor subunit beta1,targets,DrugBank,NCBI,validated,previous_mapping
CHEMBL1257,ENFLURANE,DB00228,Enflurane,P18507,2566,GABRG2,HGNC:4087,GABRG2,gamma-aminobutyric acid type A receptor subunit gamma2,targets,DrugBank,NCBI,validated,previous_mapping
CHEMBL1257,ENFLURANE,DB00228,Enflurane,P23415,2741,GLRA1,HGNC:4326,GLRA1,glycine receptor alpha 1,targets,DrugBank,NCBI,validated,previous_mapping
CHEMBL1257,ENFLURANE,DB00228,Enflurane,P28472,2562,GABRB3,HGNC:4083,GABRB3,gamma-aminobutyric acid type A receptor subunit beta3,targets,DrugBank,NCBI,validated,previous_mapping
CHEMBL1257,ENFLURANE,DB00228,Enflurane,P31644,2558,GABRA5,HGNC:4079,GABRA5,gamma-aminobutyric acid type A receptor subunit alpha5,targets,DrugBank,NCBI,validated,previous_mapping
CHEMBL1257,ENFLURANE,DB00228,Enflurane,P34903,2556,GABRA3,HGNC:4077,GABRA3,gamma-aminobutyric acid type A receptor subunit alpha3,targets,DrugBank,NCBI,validated,previous_mapping
CHEMBL1257,ENFLURANE,DB00228,Enflurane,P47869,2555,GABRA2,HGNC:4076,GABRA2,gamma-aminobutyric acid type A receptor subunit alpha2,targets,DrugBank,NCBI,validated,previous_mapping
CHEMBL1257,ENFLURANE,DB00228,Enflurane,P47870,2561,GABRB2,HGNC:4082,GABRB2,gamma-aminobutyric acid type A receptor subunit beta2,targets,DrugBank,NCBI,validated,previous_mapping
CHEMBL1257,ENFLURANE,DB00228,Enflurane,P48169,2557,GABRA4,HGNC:4078,GABRA4,gamma-aminobutyric acid type A receptor subunit alpha4,targets,DrugBank,NCBI,validated,previous_mapping
CHEMBL1257,ENFLURANE,DB00228,Enflurane,P54284,784,CACNB3,HGNC:1403,CACNB3,calcium voltage-gated channel auxiliary subunit beta 3,targets,DrugBank,NCBI,validated,previous_mapping
CHEMBL1257,ENFLURANE,DB00228,Enflurane,P54289,781,CACNA2D1,HGNC:1399,CACNA2D1,calcium voltage-gated channel auxiliary subunit alpha2delta 1,targets,DrugBank,NCBI,validated,previous_mapping
CHEMBL1257,ENFLURANE,DB00228,Enflurane,P62955,59284,CACNG7,HGNC:13626,CACNG7,calcium voltage-gated channel auxiliary subunit gamma 7,targets,DrugBank,NCBI,validated,previous_mapping
CHEMBL1257,ENFLURANE,DB00228,Enflurane,P78334,2564,GABRE,HGNC:4085,GABRE,gamma-aminobutyric acid type A receptor subunit epsilon,targets,DrugBank,NCBI,validated,previous_mapping
CHEMBL1257,ENFLURANE,DB00228,Enflurane,P98194,27032,ATP2C1,HGNC:13211,ATP2C1,ATPase secretory pathway Ca2+ transporting 1,targets,DrugBank,NCBI,validated,previous_mapping
CHEMBL1257,ENFLURANE,DB00228,Enflurane,Q00975,774,CACNA1B,HGNC:1389,CACNA1B,calcium voltage-gated channel subunit alpha1 B,targets,DrugBank,NCBI,validated,previous_mapping
CHEMBL1257,ENFLURANE,DB00228,Enflurane,Q01668,776,CACNA1D,HGNC:1391,CACNA1D,calcium voltage-gated channel subunit alpha1 D,targets,DrugBank,NCBI,validated,previous_mapping
CHEMBL1257,ENFLURANE,DB00228,Enflurane,Q02641,782,CACNB1,HGNC:1401,CACNB1,calcium voltage-gated channel auxiliary subunit beta 1,targets,DrugBank,NCBI,validated,previous_mapping
CHEMBL1257,ENFLURANE,DB00228,Enflurane,Q05586,2902,GRIN1,HGNC:4584,GRIN1,glutamate ionotropic receptor NMDA type subunit 1,targets,DrugBank,NCBI,validated,previous_mapping
CHEMBL1257,ENFLURANE,DB00228,Enflurane,Q06432,786,CACNG1,HGNC:1405,CACNG1,calcium voltage-gated channel auxiliary subunit gamma 1,targets,DrugBank,NCBI,validated,previous_mapping
CHEMBL1257,ENFLURANE,DB00228,Enflurane,Q08289,783,CACNB2,HGNC:1402,CACNB2,calcium voltage-gated channel auxiliary subunit beta 2,targets,DrugBank,NCBI,validated,previous_mapping
CHEMBL1257,ENFLURANE,DB00228,Enflurane,Q12879,2903,GRIN2A,HGNC:4585,GRIN2A,glutamate ionotropic receptor NMDA type subunit 2A,targets,DrugBank,NCBI,validated,previous_mapping
CHEMBL1257,ENFLURANE,DB00228,Enflurane,Q13224,2904,GRIN2B,HGNC:4586,GRIN2B,glutamate ionotropic receptor NMDA type subunit 2B,targets,DrugBank,NCBI,validated,previous_mapping
CHEMBL1257,ENFLURANE,DB00228,Enflurane,Q13698,779,CACNA1S,HGNC:1397,CACNA1S,calcium voltage-gated channel subunit alpha1 S,targets,DrugBank,NCBI,validated,previous_mapping
CHEMBL1257,ENFLURANE,DB00228,Enflurane,Q13936,775,CACNA1C,HGNC:1390,CACNA1C,calcium voltage-gated channel subunit alpha1 C,targets,DrugBank,NCBI,validated,previous_mapping
CHEMBL1257,ENFLURANE,DB00228,Enflurane,Q14957,2905,GRIN2C,HGNC:4587,GRIN2C,glutamate ionotropic receptor NMDA type subunit 2C,targets,DrugBank,NCBI,validated,previous_mapping
CHEMBL1257,ENFLURANE,DB00228,Enflurane,Q15878,777,CACNA1E,HGNC:1392,CACNA1E,calcium voltage-gated channel subunit alpha1 E,targets,DrugBank,NCBI,validated,previous_mapping
CHEMBL1257,ENFLURANE,DB00228,Enflurane,Q16445,2559,GABRA6,HGNC:4080,GABRA6,gamma-aminobutyric acid type A receptor subunit alpha6,targets,DrugBank,NCBI,validated,previous_mapping
CHEMBL1257,ENFLURANE,DB00228,Enflurane,Q7Z3S7,93589,CACNA2D4,HGNC:20202,CACNA2D4,calcium voltage-gated channel auxiliary subunit alpha2delta 4,targets,DrugBank,NCBI,validated,previous_mapping
CHEMBL1257,ENFLURANE,DB00228,Enflurane,Q8IZS8,55799,CACNA2D3,HGNC:15460,CACNA2D3,calcium voltage-gated channel auxiliary subunit alpha2delta 3,targets,DrugBank,NCBI,validated,previous_mapping
CHEMBL1257,ENFLURANE,DB00228,Enflurane,Q8N1C3,2565,GABRG1,HGNC:4086,GABRG1,gamma-aminobutyric acid type A receptor subunit gamma1,targets,DrugBank,NCBI,validated,previous_mapping
CHEMBL1257,ENFLURANE,DB00228,Enflurane,Q8TCU5,116443,GRIN3A,HGNC:16767,GRIN3A,glutamate ionotropic receptor NMDA type subunit 3A,targets,DrugBank,NCBI,validated,previous_mapping
CHEMBL1257,ENFLURANE,DB00228,Enflurane,Q8WXS5,59283,CACNG8,HGNC:13628,CACNG8,calcium voltage-gated channel auxiliary subunit gamma 8,targets,DrugBank,NCBI,validated,previous_mapping
CHEMBL1257,ENFLURANE,DB00228,Enflurane,Q99928,2567,GABRG3,HGNC:4088,GABRG3,gamma-aminobutyric acid type A receptor subunit gamma3,targets,DrugBank,NCBI,validated,previous_mapping
CHEMBL1257,ENFLURANE,DB00228,Enflurane,Q9BXT2,59285,CACNG6,HGNC:13625,CACNG6,calcium voltage-gated channel auxiliary subunit gamma 6,targets,DrugBank,NCBI,validated,previous_mapping
CHEMBL1257,ENFLURANE,DB00228,Enflurane,Q9NY47,9254,CACNA2D2,HGNC:1400,CACNA2D2,calcium voltage-gated channel auxiliary subunit alpha2delta 2,targets,DrugBank,NCBI,validated,previous_mapping
CHEMBL1257,ENFLURANE,DB00228,Enflurane,Q9P0X4,8911,CACNA1I,HGNC:1396,CACNA1I,calcium voltage-gated channel subunit alpha1 I,targets,DrugBank,NCBI,validated,previous_mapping
CHEMBL1257,ENFLURANE,DB00228,Enflurane,Q9UBN1,27092,CACNG4,HGNC:1408,CACNG4,calcium voltage-gated channel auxiliary subunit gamma 4,targets,DrugBank,NCBI,validated,previous_mapping
CHEMBL1257,ENFLURANE,DB00228,Enflurane,Q9UF02,27091,CACNG5,HGNC:1409,CACNG5,calcium voltage-gated channel auxiliary subunit gamma 5,targets,DrugBank,NCBI,validated,previous_mapping
CHEMBL1257,ENFLURANE,DB00228,Enflurane,Q9UN88,55879,GABRQ,HGNC:14454,GABRQ,gamma-aminobutyric acid type A receptor subunit theta,targets,DrugBank,NCBI,validated,previous_mapping
CHEMBL1257,ENFLURANE,DB00228,Enflurane,Q9Y698,10369,CACNG2,HGNC:1406,CACNG2,calcium voltage-gated channel auxiliary subunit gamma 2,targets,DrugBank,NCBI,validated,previous_mapping
CHEMBL126,LINEZOLID,DB00601,Linezolid,P21397,4128,MAOA,HGNC:6833,MAOA,monoamine oxidase A,targets,DrugBank,NCBI,validated,previous_mapping
CHEMBL126,LINEZOLID,DB00601,Linezolid,P27338,4129,MAOB,HGNC:6834,MAOB,monoamine oxidase B,targets,DrugBank,NCBI,validated,previous_mapping
CHEMBL1261,CITRIC ACID,DB04272,Citric acid,O14964,9146,HGS,HGNC:4897,HGS,hepatocyte growth factor-regulated tyrosine kinase substrate,targets,DrugBank,NCBI,validated,previous_mapping
CHEMBL1261,CITRIC ACID,DB04272,Citric acid,O75390,1431,CS,HGNC:2422,CS,citrate synthase,targets,DrugBank,NCBI,validated,previous_mapping
CHEMBL1261,CITRIC ACID,DB04272,Citric acid,O94956,11309,SLCO2B1,HGNC:10962,SLCO2B1,solute carrier organic anion transporter family member 2B1,targets,DrugBank,NCBI,validated,previous_mapping
CHEMBL1261,CITRIC ACID,DB04272,Citric acid,P07360,733,C8G,HGNC:1354,C8G,complement C8 gamma chain,targets,DrugBank,NCBI,validated,previous_mapping
CHEMBL1261,CITRIC ACID,DB04272,Citric acid,P07741,353,APRT,HGNC:626,APRT,adenine phosphoribosyltransferase,targets,DrugBank,NCBI,validated,previous_mapping
CHEMBL1261,CITRIC ACID,DB04272,Citric acid,P07998,6035,RNASE1,HGNC:10044,RNASE1,"ribonuclease A family member 1, pancreatic",targets,DrugBank,NCBI,validated,previous_mapping
CHEMBL1261,CITRIC ACID,DB04272,Citric acid,P12724,6037,RNASE3,HGNC:10046,RNASE3,ribonuclease A family member 3,targets,DrugBank,NCBI,validated,previous_mapping
CHEMBL1261,CITRIC ACID,DB04272,Citric acid,P12931,6714,SRC,HGNC:11283,SRC,"SRC proto-oncogene, non-receptor tyrosine kinase",targets,DrugBank,NCBI,validated,previous_mapping
CHEMBL1261,CITRIC ACID,DB04272,Citric acid,P15086,1360,CPB1,HGNC:2299,CPB1,carboxypeptidase B1,targets,DrugBank,NCBI,validated,previous_mapping
CHEMBL1261,CITRIC ACID,DB04272,Citric acid,P15121,231,AKR1B1,HGNC:381,AKR1B1,aldo-keto reductase family 1 member B,targets,DrugBank,NCBI,validated,previous_mapping
CHEMBL1261,CITRIC ACID,DB04272,Citric acid,P40926,4191,MDH2,HGNC:6971,MDH2,malate dehydrogenase 2,targets,DrugBank,NCBI,validated,previous_mapping
CHEMBL1261,CITRIC ACID,DB04272,Citric acid,P62312,11157,LSM6,HGNC:17017,LSM6,"LSM6 homolog, U6 small nuclear RNA and mRNA degradation associated",targets,DrugBank,NCBI,validated,previous_mapping
CHEMBL1261,CITRIC ACID,DB04272,Citric acid,Q96RQ9,259307,IL4I1,HGNC:19094,IL4I1,interleukin 4 induced 1,targets,DrugBank,NCBI,validated,previous_mapping
CHEMBL1261,CITRIC ACID,DB04272,Citric acid,Q9BY32,3704,ITPA,HGNC:6176,ITPA,inosine triphosphatase,targets,DrugBank,NCBI,validated,previous_mapping
CHEMBL1261,CITRIC ACID,DB04272,Citric acid,Q9GZU7,58190,CTDSP1,HGNC:21614,CTDSP1,CTD small phosphatase 1,targets,DrugBank,NCBI,validated,previous_mapping
CHEMBL1261,CITRIC ACID,DB04272,Citric acid,Q9HB21,59338,PLEKHA1,HGNC:14335,PLEKHA1,pleckstrin homology domain containing A1,targets,DrugBank,NCBI,validated,previous_mapping
CHEMBL1263,SALMETEROL,DB00938,Salmeterol,O15244,6582,SLC22A2,HGNC:10966,SLC22A2,solute carrier family 22 member 2,targets,DrugBank,NCBI,validated,previous_mapping
CHEMBL1263,SALMETEROL,DB00938,Salmeterol,O15245,6580,SLC22A1,HGNC:10963,SLC22A1,solute carrier family 22 member 1,targets,DrugBank,NCBI,validated,previous_mapping
CHEMBL1263,SALMETEROL,DB00938,Salmeterol,O75751,6581,SLC22A3,HGNC:10967,SLC22A3,solute carrier family 22 member 3,targets,DrugBank,NCBI,validated,previous_mapping
CHEMBL1263,SALMETEROL,DB00938,Salmeterol,P02763,5004,ORM1,HGNC:8498,ORM1,orosomucoid 1,targets,DrugBank,NCBI,validated,previous_mapping
CHEMBL1263,SALMETEROL,DB00938,Salmeterol,P02768,213,ALB,HGNC:399,ALB,albumin,targets,DrugBank,NCBI,validated,previous_mapping
CHEMBL1263,SALMETEROL,DB00938,Salmeterol,P07550,154,ADRB2,HGNC:286,ADRB2,adrenoceptor beta 2,targets,DrugBank,NCBI,validated,previous_mapping
CHEMBL1263,SALMETEROL,DB00938,Salmeterol,P08588,153,ADRB1,HGNC:285,ADRB1,adrenoceptor beta 1,targets,DrugBank,NCBI,validated,previous_mapping
CHEMBL1263,SALMETEROL,DB00938,Salmeterol,P08684,1576,CYP3A4,HGNC:2637,CYP3A4,cytochrome P450 family 3 subfamily A member 4,targets,DrugBank,NCBI,validated,previous_mapping
CHEMBL1263,SALMETEROL,DB00938,Salmeterol,P10632,1558,CYP2C8,HGNC:2622,CYP2C8,cytochrome P450 family 2 subfamily C member 8,targets,DrugBank,NCBI,validated,previous_mapping
CHEMBL1263,SALMETEROL,DB00938,Salmeterol,P13945,155,ADRB3,HGNC:288,ADRB3,adrenoceptor beta 3,targets,DrugBank,NCBI,validated,previous_mapping
CHEMBL1263,SALMETEROL,DB00938,Salmeterol,P19652,5005,ORM2,HGNC:8499,ORM2,orosomucoid 2,targets,DrugBank,NCBI,validated,previous_mapping
CHEMBL1263,SALMETEROL,DB00938,Salmeterol,P20815,1577,CYP3A5,HGNC:2638,CYP3A5,cytochrome P450 family 3 subfamily A member 5,targets,DrugBank,NCBI,validated,previous_mapping
CHEMBL1263,SALMETEROL,DB00938,Salmeterol,P24462,1551,CYP3A7,HGNC:2640,CYP3A7,cytochrome P450 family 3 subfamily A member 7,targets,DrugBank,NCBI,validated,previous_mapping
CHEMBL12713,SERTINDOLE,DB06144,Sertindole,P08684,1576,CYP3A4,HGNC:2637,CYP3A4,cytochrome P450 family 3 subfamily A member 4,targets,DrugBank,NCBI,validated,previous_mapping
CHEMBL12713,SERTINDOLE,DB06144,Sertindole,P10635,1565,CYP2D6,HGNC:2625,CYP2D6,cytochrome P450 family 2 subfamily D member 6 (gene/pseudogene),targets,DrugBank,NCBI,validated,previous_mapping
CHEMBL12713,SERTINDOLE,DB06144,Sertindole,P14416,1813,DRD2,HGNC:3023,DRD2,dopamine receptor D2,targets,DrugBank,NCBI,validated,previous_mapping
CHEMBL12713,SERTINDOLE,DB06144,Sertindole,P25100,146,ADRA1D,HGNC:280,ADRA1D,adrenoceptor alpha 1D,targets,DrugBank,NCBI,validated,previous_mapping
CHEMBL12713,SERTINDOLE,DB06144,Sertindole,P28223,3356,HTR2A,HGNC:5293,HTR2A,5-hydroxytryptamine receptor 2A,targets,DrugBank,NCBI,validated,previous_mapping
CHEMBL12713,SERTINDOLE,DB06144,Sertindole,P28335,3358,HTR2C,HGNC:5295,HTR2C,5-hydroxytryptamine receptor 2C,targets,DrugBank,NCBI,validated,previous_mapping
CHEMBL12713,SERTINDOLE,DB06144,Sertindole,P35348,148,ADRA1A,HGNC:277,ADRA1A,adrenoceptor alpha 1A,targets,DrugBank,NCBI,validated,previous_mapping
CHEMBL12713,SERTINDOLE,DB06144,Sertindole,P35368,147,ADRA1B,HGNC:278,ADRA1B,adrenoceptor alpha 1B,targets,DrugBank,NCBI,validated,previous_mapping
CHEMBL12713,SERTINDOLE,DB06144,Sertindole,P50406,3362,HTR6,HGNC:5301,HTR6,5-hydroxytryptamine receptor 6,targets,DrugBank,NCBI,validated,previous_mapping
CHEMBL12713,SERTINDOLE,DB06144,Sertindole,Q12809,3757,KCNH2,HGNC:6251,KCNH2,potassium voltage-gated channel subfamily H member 2,targets,DrugBank,NCBI,validated,previous_mapping
CHEMBL127516,BUTAMBEN,DB11148,Butamben,O00305,785,CACNB4,HGNC:1404,CACNB4,calcium voltage-gated channel auxiliary subunit beta 4,targets,DrugBank,NCBI,validated,previous_mapping
CHEMBL127516,BUTAMBEN,DB11148,Butamben,O00555,773,CACNA1A,HGNC:1388,CACNA1A,calcium voltage-gated channel subunit alpha1 A,targets,DrugBank,NCBI,validated,previous_mapping
CHEMBL127516,BUTAMBEN,DB11148,Butamben,O43497,8913,CACNA1G,HGNC:1394,CACNA1G,calcium voltage-gated channel subunit alpha1 G,targets,DrugBank,NCBI,validated,previous_mapping
CHEMBL127516,BUTAMBEN,DB11148,Butamben,O60359,10368,CACNG3,HGNC:1407,CACNG3,calcium voltage-gated channel auxiliary subunit gamma 3,targets,DrugBank,NCBI,validated,previous_mapping
CHEMBL127516,BUTAMBEN,DB11148,Butamben,O60840,778,CACNA1F,HGNC:1393,CACNA1F,calcium voltage-gated channel subunit alpha1 F,targets,DrugBank,NCBI,validated,previous_mapping
CHEMBL127516,BUTAMBEN,DB11148,Butamben,O75762,8989,TRPA1,HGNC:497,TRPA1,transient receptor potential cation channel subfamily A member 1,targets,DrugBank,NCBI,validated,previous_mapping
CHEMBL127516,BUTAMBEN,DB11148,Butamben,O95180,8912,CACNA1H,HGNC:1395,CACNA1H,calcium voltage-gated channel subunit alpha1 H,targets,DrugBank,NCBI,validated,previous_mapping
CHEMBL127516,BUTAMBEN,DB11148,Butamben,P02763,5004,ORM1,HGNC:8498,ORM1,orosomucoid 1,targets,DrugBank,NCBI,validated,previous_mapping
CHEMBL127516,BUTAMBEN,DB11148,Butamben,P02768,213,ALB,HGNC:399,ALB,albumin,targets,DrugBank,NCBI,validated,previous_mapping
CHEMBL127516,BUTAMBEN,DB11148,Butamben,P06276,590,BCHE,HGNC:983,BCHE,butyrylcholinesterase,targets,DrugBank,NCBI,validated,previous_mapping
CHEMBL127516,BUTAMBEN,DB11148,Butamben,P48048,3758,KCNJ1,HGNC:6255,KCNJ1,potassium inwardly rectifying channel subfamily J member 1,targets,DrugBank,NCBI,validated,previous_mapping
CHEMBL127516,BUTAMBEN,DB11148,Butamben,P54284,784,CACNB3,HGNC:1403,CACNB3,calcium voltage-gated channel auxiliary subunit beta 3,targets,DrugBank,NCBI,validated,previous_mapping
CHEMBL127516,BUTAMBEN,DB11148,Butamben,P54289,781,CACNA2D1,HGNC:1399,CACNA2D1,calcium voltage-gated channel auxiliary subunit alpha2delta 1,targets,DrugBank,NCBI,validated,previous_mapping
CHEMBL127516,BUTAMBEN,DB11148,Butamben,P62955,59284,CACNG7,HGNC:13626,CACNG7,calcium voltage-gated channel auxiliary subunit gamma 7,targets,DrugBank,NCBI,validated,previous_mapping
CHEMBL127516,BUTAMBEN,DB11148,Butamben,P78508,3766,KCNJ10,HGNC:6256,KCNJ10,potassium inwardly rectifying channel subfamily J member 10,targets,DrugBank,NCBI,validated,previous_mapping
CHEMBL127516,BUTAMBEN,DB11148,Butamben,Q00975,774,CACNA1B,HGNC:1389,CACNA1B,calcium voltage-gated channel subunit alpha1 B,targets,DrugBank,NCBI,validated,previous_mapping
CHEMBL127516,BUTAMBEN,DB11148,Butamben,Q01668,776,CACNA1D,HGNC:1391,CACNA1D,calcium voltage-gated channel subunit alpha1 D,targets,DrugBank,NCBI,validated,previous_mapping
CHEMBL127516,BUTAMBEN,DB11148,Butamben,Q02641,782,CACNB1,HGNC:1401,CACNB1,calcium voltage-gated channel auxiliary subunit beta 1,targets,DrugBank,NCBI,validated,previous_mapping
CHEMBL127516,BUTAMBEN,DB11148,Butamben,Q06432,786,CACNG1,HGNC:1405,CACNG1,calcium voltage-gated channel auxiliary subunit gamma 1,targets,DrugBank,NCBI,validated,previous_mapping
CHEMBL127516,BUTAMBEN,DB11148,Butamben,Q08289,783,CACNB2,HGNC:1402,CACNB2,calcium voltage-gated channel auxiliary subunit beta 2,targets,DrugBank,NCBI,validated,previous_mapping
CHEMBL127516,BUTAMBEN,DB11148,Butamben,Q13698,779,CACNA1S,HGNC:1397,CACNA1S,calcium voltage-gated channel subunit alpha1 S,targets,DrugBank,NCBI,validated,previous_mapping
CHEMBL127516,BUTAMBEN,DB11148,Butamben,Q13936,775,CACNA1C,HGNC:1390,CACNA1C,calcium voltage-gated channel subunit alpha1 C,targets,DrugBank,NCBI,validated,previous_mapping
CHEMBL127516,BUTAMBEN,DB11148,Butamben,Q14500,3768,KCNJ12,HGNC:6258,KCNJ12,potassium inwardly rectifying channel subfamily J member 12,targets,DrugBank,NCBI,validated,previous_mapping
CHEMBL127516,BUTAMBEN,DB11148,Butamben,Q14654,3767,KCNJ11,HGNC:6257,KCNJ11,potassium inwardly rectifying channel subfamily J member 11,targets,DrugBank,NCBI,validated,previous_mapping
CHEMBL127516,BUTAMBEN,DB11148,Butamben,Q15842,3764,KCNJ8,HGNC:6269,KCNJ8,potassium inwardly rectifying channel subfamily J member 8,targets,DrugBank,NCBI,validated,previous_mapping
CHEMBL127516,BUTAMBEN,DB11148,Butamben,Q15878,777,CACNA1E,HGNC:1392,CACNA1E,calcium voltage-gated channel subunit alpha1 E,targets,DrugBank,NCBI,validated,previous_mapping
CHEMBL127516,BUTAMBEN,DB11148,Butamben,Q7Z3S7,93589,CACNA2D4,HGNC:20202,CACNA2D4,calcium voltage-gated channel auxiliary subunit alpha2delta 4,targets,DrugBank,NCBI,validated,previous_mapping
CHEMBL127516,BUTAMBEN,DB11148,Butamben,Q8IZS8,55799,CACNA2D3,HGNC:15460,CACNA2D3,calcium voltage-gated channel auxiliary subunit alpha2delta 3,targets,DrugBank,NCBI,validated,previous_mapping
CHEMBL127516,BUTAMBEN,DB11148,Butamben,Q8WXS5,59283,CACNG8,HGNC:13628,CACNG8,calcium voltage-gated channel auxiliary subunit gamma 8,targets,DrugBank,NCBI,validated,previous_mapping
CHEMBL127516,BUTAMBEN,DB11148,Butamben,Q99712,3772,KCNJ15,HGNC:6261,KCNJ15,potassium inwardly rectifying channel subfamily J member 15,targets,DrugBank,NCBI,validated,previous_mapping
CHEMBL127516,BUTAMBEN,DB11148,Butamben,Q9BXT2,59285,CACNG6,HGNC:13625,CACNG6,calcium voltage-gated channel auxiliary subunit gamma 6,targets,DrugBank,NCBI,validated,previous_mapping
CHEMBL127516,BUTAMBEN,DB11148,Butamben,Q9HBA0,59341,TRPV4,HGNC:18083,TRPV4,transient receptor potential cation channel subfamily V member 4,targets,DrugBank,NCBI,validated,previous_mapping
CHEMBL127516,BUTAMBEN,DB11148,Butamben,Q9NY47,9254,CACNA2D2,HGNC:1400,CACNA2D2,calcium voltage-gated channel auxiliary subunit alpha2delta 2,targets,DrugBank,NCBI,validated,previous_mapping
CHEMBL127516,BUTAMBEN,DB11148,Butamben,Q9P0X4,8911,CACNA1I,HGNC:1396,CACNA1I,calcium voltage-gated channel subunit alpha1 I,targets,DrugBank,NCBI,validated,previous_mapping
CHEMBL127516,BUTAMBEN,DB11148,Butamben,Q9UBN1,27092,CACNG4,HGNC:1408,CACNG4,calcium voltage-gated channel auxiliary subunit gamma 4,targets,DrugBank,NCBI,validated,previous_mapping
CHEMBL127516,BUTAMBEN,DB11148,Butamben,Q9UF02,27091,CACNG5,HGNC:1409,CACNG5,calcium voltage-gated channel auxiliary subunit gamma 5,targets,DrugBank,NCBI,validated,previous_mapping
CHEMBL127516,BUTAMBEN,DB11148,Butamben,Q9UNX9,3770,KCNJ14,HGNC:6260,KCNJ14,potassium inwardly rectifying channel subfamily J member 14,targets,DrugBank,NCBI,validated,previous_mapping
CHEMBL127516,BUTAMBEN,DB11148,Butamben,Q9Y698,10369,CACNG2,HGNC:1406,CACNG2,calcium voltage-gated channel auxiliary subunit gamma 2,targets,DrugBank,NCBI,validated,previous_mapping
CHEMBL1278,NARATRIPTAN,DB00952,Naratriptan,P08908,3350,HTR1A,HGNC:5286,HTR1A,5-hydroxytryptamine receptor 1A,targets,DrugBank,NCBI,validated,previous_mapping
CHEMBL1278,NARATRIPTAN,DB00952,Naratriptan,P21397,4128,MAOA,HGNC:6833,MAOA,monoamine oxidase A,targets,DrugBank,NCBI,validated,previous_mapping
CHEMBL1278,NARATRIPTAN,DB00952,Naratriptan,P28221,3352,HTR1D,HGNC:5289,HTR1D,5-hydroxytryptamine receptor 1D,targets,DrugBank,NCBI,validated,previous_mapping
CHEMBL1278,NARATRIPTAN,DB00952,Naratriptan,P28222,3351,HTR1B,HGNC:5287,HTR1B,5-hydroxytryptamine receptor 1B,targets,DrugBank,NCBI,validated,previous_mapping
CHEMBL1278,NARATRIPTAN,DB00952,Naratriptan,P30939,3355,HTR1F,HGNC:5292,HTR1F,5-hydroxytryptamine receptor 1F,targets,DrugBank,NCBI,validated,previous_mapping
CHEMBL1279,FROVATRIPTAN,DB00998,Frovatriptan,P05177,1544,CYP1A2,HGNC:2596,CYP1A2,cytochrome P450 family 1 subfamily A member 2,targets,DrugBank,NCBI,validated,previous_mapping
CHEMBL1279,FROVATRIPTAN,DB00998,Frovatriptan,P28221,3352,HTR1D,HGNC:5289,HTR1D,5-hydroxytryptamine receptor 1D,targets,DrugBank,NCBI,validated,previous_mapping
CHEMBL1279,FROVATRIPTAN,DB00998,Frovatriptan,P28222,3351,HTR1B,HGNC:5287,HTR1B,5-hydroxytryptamine receptor 1B,targets,DrugBank,NCBI,validated,previous_mapping
CHEMBL128,SUMATRIPTAN,DB00669,Sumatriptan,P08183,5243,ABCB1,HGNC:40,ABCB1,ATP binding cassette subfamily B member 1,targets,DrugBank,NCBI,validated,previous_mapping
CHEMBL128,SUMATRIPTAN,DB00669,Sumatriptan,P08908,3350,HTR1A,HGNC:5286,HTR1A,5-hydroxytryptamine receptor 1A,targets,DrugBank,NCBI,validated,previous_mapping
CHEMBL128,SUMATRIPTAN,DB00669,Sumatriptan,P21397,4128,MAOA,HGNC:6833,MAOA,monoamine oxidase A,targets,DrugBank,NCBI,validated,previous_mapping
CHEMBL128,SUMATRIPTAN,DB00669,Sumatriptan,P28221,3352,HTR1D,HGNC:5289,HTR1D,5-hydroxytryptamine receptor 1D,targets,DrugBank,NCBI,validated,previous_mapping
CHEMBL128,SUMATRIPTAN,DB00669,Sumatriptan,P28222,3351,HTR1B,HGNC:5287,HTR1B,5-hydroxytryptamine receptor 1B,targets,DrugBank,NCBI,validated,previous_mapping
CHEMBL128,SUMATRIPTAN,DB00669,Sumatriptan,P30939,3355,HTR1F,HGNC:5292,HTR1F,5-hydroxytryptamine receptor 1F,targets,DrugBank,NCBI,validated,previous_mapping
CHEMBL128,SUMATRIPTAN,DB00669,Sumatriptan,P46721,6579,SLCO1A2,HGNC:10956,SLCO1A2,solute carrier organic anion transporter family member 1A2,targets,DrugBank,NCBI,validated,previous_mapping
CHEMBL128,SUMATRIPTAN,DB00669,Sumatriptan,Q9UNQ0,9429,ABCG2,HGNC:74,ABCG2,ATP binding cassette subfamily G member 2 (JR blood group),targets,DrugBank,NCBI,validated,previous_mapping
CHEMBL128,SUMATRIPTAN,DB00669,Sumatriptan,Q9Y6L6,10599,SLCO1B1,HGNC:10959,SLCO1B1,solute carrier organic anion transporter family member 1B1,targets,DrugBank,NCBI,validated,previous_mapping
CHEMBL1286,LEVETIRACETAM,DB01202,Levetiracetam,P08183,5243,ABCB1,HGNC:40,ABCB1,ATP binding cassette subfamily B member 1,targets,DrugBank,NCBI,validated,previous_mapping
CHEMBL1286,LEVETIRACETAM,DB01202,Levetiracetam,Q00975,774,CACNA1B,HGNC:1389,CACNA1B,calcium voltage-gated channel subunit alpha1 B,targets,DrugBank,NCBI,validated,previous_mapping
CHEMBL1286,LEVETIRACETAM,DB01202,Levetiracetam,Q7L0J3,9900,SV2A,HGNC:20566,SV2A,synaptic vesicle glycoprotein 2A,targets,DrugBank,NCBI,validated,previous_mapping
CHEMBL1290,PENBUTOLOL,DB01359,Penbutolol,P02763,5004,ORM1,HGNC:8498,ORM1,orosomucoid 1,targets,DrugBank,NCBI,validated,previous_mapping
CHEMBL1290,PENBUTOLOL,DB01359,Penbutolol,P07550,154,ADRB2,HGNC:286,ADRB2,adrenoceptor beta 2,targets,DrugBank,NCBI,validated,previous_mapping
CHEMBL1290,PENBUTOLOL,DB01359,Penbutolol,P08588,153,ADRB1,HGNC:285,ADRB1,adrenoceptor beta 1,targets,DrugBank,NCBI,validated,previous_mapping
CHEMBL1290,PENBUTOLOL,DB01359,Penbutolol,P08908,3350,HTR1A,HGNC:5286,HTR1A,5-hydroxytryptamine receptor 1A,targets,DrugBank,NCBI,validated,previous_mapping
CHEMBL1290,PENBUTOLOL,DB01359,Penbutolol,P10635,1565,CYP2D6,HGNC:2625,CYP2D6,cytochrome P450 family 2 subfamily D member 6 (gene/pseudogene),targets,DrugBank,NCBI,validated,previous_mapping
CHEMBL1290,PENBUTOLOL,DB01359,Penbutolol,P28222,3351,HTR1B,HGNC:5287,HTR1B,5-hydroxytryptamine receptor 1B,targets,DrugBank,NCBI,validated,previous_mapping
CHEMBL1297,FENOPROFEN,DB00573,Fenoprofen,P02768,213,ALB,HGNC:399,ALB,albumin,targets,DrugBank,NCBI,validated,previous_mapping
CHEMBL1297,FENOPROFEN,DB00573,Fenoprofen,P23219,5742,PTGS1,HGNC:9604,PTGS1,prostaglandin-endoperoxide synthase 1,targets,DrugBank,NCBI,validated,previous_mapping
CHEMBL1297,FENOPROFEN,DB00573,Fenoprofen,P35354,5743,PTGS2,HGNC:9605,PTGS2,prostaglandin-endoperoxide synthase 2,targets,DrugBank,NCBI,validated,previous_mapping
CHEMBL1297,FENOPROFEN,DB00573,Fenoprofen,P37231,5468,PPARG,HGNC:9236,PPARG,peroxisome proliferator activated receptor gamma,targets,DrugBank,NCBI,validated,previous_mapping
CHEMBL1297,FENOPROFEN,DB00573,Fenoprofen,Q07869,5465,PPARA,HGNC:9232,PPARA,peroxisome proliferator activated receptor alpha,targets,DrugBank,NCBI,validated,previous_mapping
CHEMBL13,METOPROLOL,DB00264,Metoprolol,O15244,6582,SLC22A2,HGNC:10966,SLC22A2,solute carrier family 22 member 2,targets,DrugBank,NCBI,validated,previous_mapping
CHEMBL13,METOPROLOL,DB00264,Metoprolol,P02768,213,ALB,HGNC:399,ALB,albumin,targets,DrugBank,NCBI,validated,previous_mapping
CHEMBL13,METOPROLOL,DB00264,Metoprolol,P07550,154,ADRB2,HGNC:286,ADRB2,adrenoceptor beta 2,targets,DrugBank,NCBI,validated,previous_mapping
CHEMBL13,METOPROLOL,DB00264,Metoprolol,P08588,153,ADRB1,HGNC:285,ADRB1,adrenoceptor beta 1,targets,DrugBank,NCBI,validated,previous_mapping
CHEMBL13,METOPROLOL,DB00264,Metoprolol,P08684,1576,CYP3A4,HGNC:2637,CYP3A4,cytochrome P450 family 3 subfamily A member 4,targets,DrugBank,NCBI,validated,previous_mapping
CHEMBL13,METOPROLOL,DB00264,Metoprolol,P10635,1565,CYP2D6,HGNC:2625,CYP2D6,cytochrome P450 family 2 subfamily D member 6 (gene/pseudogene),targets,DrugBank,NCBI,validated,previous_mapping
CHEMBL1303,ROTIGOTINE,DB05271,Rotigotine,P08684,1576,CYP3A4,HGNC:2637,CYP3A4,cytochrome P450 family 3 subfamily A member 4,targets,DrugBank,NCBI,validated,previous_mapping
CHEMBL1303,ROTIGOTINE,DB05271,Rotigotine,P08908,3350,HTR1A,HGNC:5286,HTR1A,5-hydroxytryptamine receptor 1A,targets,DrugBank,NCBI,validated,previous_mapping
CHEMBL1303,ROTIGOTINE,DB05271,Rotigotine,P10635,1565,CYP2D6,HGNC:2625,CYP2D6,cytochrome P450 family 2 subfamily D member 6 (gene/pseudogene),targets,DrugBank,NCBI,validated,previous_mapping
CHEMBL1303,ROTIGOTINE,DB05271,Rotigotine,P14416,1813,DRD2,HGNC:3023,DRD2,dopamine receptor D2,targets,DrugBank,NCBI,validated,previous_mapping
CHEMBL1303,ROTIGOTINE,DB05271,Rotigotine,P18089,151,ADRA2B,HGNC:282,ADRA2B,adrenoceptor alpha 2B,targets,DrugBank,NCBI,validated,previous_mapping
CHEMBL1303,ROTIGOTINE,DB05271,Rotigotine,P21728,1812,DRD1,HGNC:3020,DRD1,dopamine receptor D1,targets,DrugBank,NCBI,validated,previous_mapping
CHEMBL1303,ROTIGOTINE,DB05271,Rotigotine,P21917,1815,DRD4,HGNC:3025,DRD4,dopamine receptor D4,targets,DrugBank,NCBI,validated,previous_mapping
CHEMBL1303,ROTIGOTINE,DB05271,Rotigotine,P21918,1816,DRD5,HGNC:3026,DRD5,dopamine receptor D5,targets,DrugBank,NCBI,validated,previous_mapping
CHEMBL1303,ROTIGOTINE,DB05271,Rotigotine,P35462,1814,DRD3,HGNC:3024,DRD3,dopamine receptor D3,targets,DrugBank,NCBI,validated,previous_mapping
CHEMBL131,PREDNISOLONE,DB00860,Prednisolone,P02768,213,ALB,HGNC:399,ALB,albumin,targets,DrugBank,NCBI,validated,previous_mapping
CHEMBL131,PREDNISOLONE,DB00860,Prednisolone,P04150,2908,NR3C1,HGNC:7978,NR3C1,nuclear receptor subfamily 3 group C member 1,targets,DrugBank,NCBI,validated,previous_mapping
CHEMBL131,PREDNISOLONE,DB00860,Prednisolone,P08183,5243,ABCB1,HGNC:40,ABCB1,ATP binding cassette subfamily B member 1,targets,DrugBank,NCBI,validated,previous_mapping
CHEMBL131,PREDNISOLONE,DB00860,Prednisolone,P08185,866,SERPINA6,HGNC:1540,SERPINA6,serpin family A member 6,targets,DrugBank,NCBI,validated,previous_mapping
CHEMBL131,PREDNISOLONE,DB00860,Prednisolone,P08684,1576,CYP3A4,HGNC:2637,CYP3A4,cytochrome P450 family 3 subfamily A member 4,targets,DrugBank,NCBI,validated,previous_mapping
CHEMBL131,PREDNISOLONE,DB00860,Prednisolone,P46721,6579,SLCO1A2,HGNC:10956,SLCO1A2,solute carrier organic anion transporter family member 1A2,targets,DrugBank,NCBI,validated,previous_mapping
CHEMBL1324,TOLCAPONE,DB00323,Tolcapone,P11712,1559,CYP2C9,HGNC:2623,CYP2C9,cytochrome P450 family 2 subfamily C member 9,targets,DrugBank,NCBI,validated,previous_mapping
CHEMBL1324,TOLCAPONE,DB00323,Tolcapone,P21964,1312,COMT,HGNC:2228,COMT,catechol-O-methyltransferase,targets,DrugBank,NCBI,validated,previous_mapping
CHEMBL1331216,HYOSCYAMINE,DB00424,Hyoscyamine,P08172,1129,CHRM2,HGNC:1951,CHRM2,cholinergic receptor muscarinic 2,targets,DrugBank,NCBI,validated,previous_mapping
CHEMBL1331216,HYOSCYAMINE,DB00424,Hyoscyamine,P08173,1132,CHRM4,HGNC:1953,CHRM4,cholinergic receptor muscarinic 4,targets,DrugBank,NCBI,validated,previous_mapping
CHEMBL1331216,HYOSCYAMINE,DB00424,Hyoscyamine,P11229,1128,CHRM1,HGNC:1950,CHRM1,cholinergic receptor muscarinic 1,targets,DrugBank,NCBI,validated,previous_mapping
CHEMBL1331216,HYOSCYAMINE,DB00424,Hyoscyamine,P20309,1131,CHRM3,HGNC:1952,CHRM3,cholinergic receptor muscarinic 3,targets,DrugBank,NCBI,validated,previous_mapping
CHEMBL1336,SORAFENIB,DB00398,Sorafenib,O15439,10257,ABCC4,HGNC:55,ABCC4,ATP binding cassette subfamily C member 4 (PEL blood group),targets,DrugBank,NCBI,validated,previous_mapping
CHEMBL1336,SORAFENIB,DB00398,Sorafenib,O60656,54600,UGT1A9,HGNC:12541,UGT1A9,UDP glucuronosyltransferase family 1 member A9,targets,DrugBank,NCBI,validated,previous_mapping
CHEMBL1336,SORAFENIB,DB00398,Sorafenib,P04049,5894,RAF1,HGNC:9829,RAF1,"Raf-1 proto-oncogene, serine/threonine kinase",targets,DrugBank,NCBI,validated,previous_mapping
CHEMBL1336,SORAFENIB,DB00398,Sorafenib,P05177,1544,CYP1A2,HGNC:2596,CYP1A2,cytochrome P450 family 1 subfamily A member 2,targets,DrugBank,NCBI,validated,previous_mapping
CHEMBL1336,SORAFENIB,DB00398,Sorafenib,P07949,5979,RET,HGNC:9967,RET,ret proto-oncogene,targets,DrugBank,NCBI,validated,previous_mapping
CHEMBL1336,SORAFENIB,DB00398,Sorafenib,P08183,5243,ABCB1,HGNC:40,ABCB1,ATP binding cassette subfamily B member 1,targets,DrugBank,NCBI,validated,previous_mapping
CHEMBL1336,SORAFENIB,DB00398,Sorafenib,P08684,1576,CYP3A4,HGNC:2637,CYP3A4,cytochrome P450 family 3 subfamily A member 4,targets,DrugBank,NCBI,validated,previous_mapping
CHEMBL1336,SORAFENIB,DB00398,Sorafenib,P09619,5159,PDGFRB,HGNC:8804,PDGFRB,platelet derived growth factor receptor beta,targets,DrugBank,NCBI,validated,previous_mapping
CHEMBL1336,SORAFENIB,DB00398,Sorafenib,P10632,1558,CYP2C8,HGNC:2622,CYP2C8,cytochrome P450 family 2 subfamily C member 8,targets,DrugBank,NCBI,validated,previous_mapping
CHEMBL1336,SORAFENIB,DB00398,Sorafenib,P10635,1565,CYP2D6,HGNC:2625,CYP2D6,cytochrome P450 family 2 subfamily D member 6 (gene/pseudogene),targets,DrugBank,NCBI,validated,previous_mapping
CHEMBL1336,SORAFENIB,DB00398,Sorafenib,P10721,3815,KIT,HGNC:6342,KIT,"KIT proto-oncogene, receptor tyrosine kinase",targets,DrugBank,NCBI,validated,previous_mapping
CHEMBL1336,SORAFENIB,DB00398,Sorafenib,P11362,2260,FGFR1,HGNC:3688,FGFR1,fibroblast growth factor receptor 1,targets,DrugBank,NCBI,validated,previous_mapping
CHEMBL1336,SORAFENIB,DB00398,Sorafenib,P11712,1559,CYP2C9,HGNC:2623,CYP2C9,cytochrome P450 family 2 subfamily C member 9,targets,DrugBank,NCBI,validated,previous_mapping
CHEMBL1336,SORAFENIB,DB00398,Sorafenib,P15056,673,BRAF,HGNC:1097,BRAF,"B-Raf proto-oncogene, serine/threonine kinase",targets,DrugBank,NCBI,validated,previous_mapping
CHEMBL1336,SORAFENIB,DB00398,Sorafenib,P17948,2321,FLT1,HGNC:3763,FLT1,fms related receptor tyrosine kinase 1,targets,DrugBank,NCBI,validated,previous_mapping
CHEMBL1336,SORAFENIB,DB00398,Sorafenib,P20813,1555,CYP2B6,HGNC:2615,CYP2B6,cytochrome P450 family 2 subfamily B member 6,targets,DrugBank,NCBI,validated,previous_mapping
CHEMBL1336,SORAFENIB,DB00398,Sorafenib,P20815,1577,CYP3A5,HGNC:2638,CYP3A5,cytochrome P450 family 3 subfamily A member 5,targets,DrugBank,NCBI,validated,previous_mapping
CHEMBL1336,SORAFENIB,DB00398,Sorafenib,P22309,54658,UGT1A1,HGNC:12530,UGT1A1,UDP glucuronosyltransferase family 1 member A1,targets,DrugBank,NCBI,validated,previous_mapping
CHEMBL1336,SORAFENIB,DB00398,Sorafenib,P24462,1551,CYP3A7,HGNC:2640,CYP3A7,cytochrome P450 family 3 subfamily A member 7,targets,DrugBank,NCBI,validated,previous_mapping
CHEMBL1336,SORAFENIB,DB00398,Sorafenib,P33261,1557,CYP2C19,HGNC:2621,CYP2C19,cytochrome P450 family 2 subfamily C member 19,targets,DrugBank,NCBI,validated,previous_mapping
CHEMBL1336,SORAFENIB,DB00398,Sorafenib,P35916,2324,FLT4,HGNC:3767,FLT4,fms related receptor tyrosine kinase 4,targets,DrugBank,NCBI,validated,previous_mapping
CHEMBL1336,SORAFENIB,DB00398,Sorafenib,P35968,3791,KDR,HGNC:6307,KDR,kinase insert domain receptor,targets,DrugBank,NCBI,validated,previous_mapping
CHEMBL1336,SORAFENIB,DB00398,Sorafenib,P36888,2322,FLT3,HGNC:3765,FLT3,fms related receptor tyrosine kinase 3,targets,DrugBank,NCBI,validated,previous_mapping
CHEMBL1336,SORAFENIB,DB00398,Sorafenib,Q15311,10928,RALBP1,HGNC:9841,RALBP1,ralA binding protein 1,targets,DrugBank,NCBI,validated,previous_mapping
CHEMBL1336,SORAFENIB,DB00398,Sorafenib,Q92887,1244,ABCC2,HGNC:53,ABCC2,ATP binding cassette subfamily C member 2,targets,DrugBank,NCBI,validated,previous_mapping
CHEMBL1336,SORAFENIB,DB00398,Sorafenib,Q9UNQ0,9429,ABCG2,HGNC:74,ABCG2,ATP binding cassette subfamily G member 2 (JR blood group),targets,DrugBank,NCBI,validated,previous_mapping
CHEMBL1336,SORAFENIB,DB00398,Sorafenib,Q9Y6L6,10599,SLCO1B1,HGNC:10959,SLCO1B1,solute carrier organic anion transporter family member 1B1,targets,DrugBank,NCBI,validated,previous_mapping
CHEMBL134,CLONIDINE,DB00575,Clonidine,O75751,6581,SLC22A3,HGNC:10967,SLC22A3,solute carrier family 22 member 3,targets,DrugBank,NCBI,validated,previous_mapping
CHEMBL134,CLONIDINE,DB00575,Clonidine,O76082,6584,SLC22A5,HGNC:10969,SLC22A5,solute carrier family 22 member 5,targets,DrugBank,NCBI,validated,previous_mapping
CHEMBL134,CLONIDINE,DB00575,Clonidine,P02768,213,ALB,HGNC:399,ALB,albumin,targets,DrugBank,NCBI,validated,previous_mapping
CHEMBL134,CLONIDINE,DB00575,Clonidine,P04798,1543,CYP1A1,HGNC:2595,CYP1A1,cytochrome P450 family 1 subfamily A member 1,targets,DrugBank,NCBI,validated,previous_mapping
CHEMBL134,CLONIDINE,DB00575,Clonidine,P05177,1544,CYP1A2,HGNC:2596,CYP1A2,cytochrome P450 family 1 subfamily A member 2,targets,DrugBank,NCBI,validated,previous_mapping
CHEMBL134,CLONIDINE,DB00575,Clonidine,P08684,1576,CYP3A4,HGNC:2637,CYP3A4,cytochrome P450 family 3 subfamily A member 4,targets,DrugBank,NCBI,validated,previous_mapping
CHEMBL134,CLONIDINE,DB00575,Clonidine,P08913,150,ADRA2A,HGNC:281,ADRA2A,adrenoceptor alpha 2A,targets,DrugBank,NCBI,validated,previous_mapping
CHEMBL134,CLONIDINE,DB00575,Clonidine,P10635,1565,CYP2D6,HGNC:2625,CYP2D6,cytochrome P450 family 2 subfamily D member 6 (gene/pseudogene),targets,DrugBank,NCBI,validated,previous_mapping
CHEMBL134,CLONIDINE,DB00575,Clonidine,P18089,151,ADRA2B,HGNC:282,ADRA2B,adrenoceptor alpha 2B,targets,DrugBank,NCBI,validated,previous_mapping
CHEMBL134,CLONIDINE,DB00575,Clonidine,P18825,152,ADRA2C,HGNC:283,ADRA2C,adrenoceptor alpha 2C,targets,DrugBank,NCBI,validated,previous_mapping
CHEMBL134,CLONIDINE,DB00575,Clonidine,P20815,1577,CYP3A5,HGNC:2638,CYP3A5,cytochrome P450 family 3 subfamily A member 5,targets,DrugBank,NCBI,validated,previous_mapping
CHEMBL134,CLONIDINE,DB00575,Clonidine,P25100,146,ADRA1D,HGNC:280,ADRA1D,adrenoceptor alpha 1D,targets,DrugBank,NCBI,validated,previous_mapping
CHEMBL134,CLONIDINE,DB00575,Clonidine,P35348,148,ADRA1A,HGNC:277,ADRA1A,adrenoceptor alpha 1A,targets,DrugBank,NCBI,validated,previous_mapping
CHEMBL134,CLONIDINE,DB00575,Clonidine,P35368,147,ADRA1B,HGNC:278,ADRA1B,adrenoceptor alpha 1B,targets,DrugBank,NCBI,validated,previous_mapping
CHEMBL134,CLONIDINE,DB00575,Clonidine,Q9H015,6583,SLC22A4,HGNC:10968,SLC22A4,solute carrier family 22 member 4,targets,DrugBank,NCBI,validated,previous_mapping
CHEMBL135,ESTRADIOL,DB00783,Estradiol,O15244,6582,SLC22A2,HGNC:10966,SLC22A2,solute carrier family 22 member 2,targets,DrugBank,NCBI,validated,verified_external_cross_reference
CHEMBL135,ESTRADIOL,DB00783,Estradiol,O60656,54600,UGT1A9,HGNC:12541,UGT1A9,UDP glucuronosyltransferase family 1 member A9,targets,DrugBank,NCBI,validated,verified_external_cross_reference
CHEMBL135,ESTRADIOL,DB00783,Estradiol,O75469,8856,NR1I2,HGNC:7968,NR1I2,nuclear receptor subfamily 1 group I member 2,targets,DrugBank,NCBI,validated,verified_external_cross_reference
CHEMBL135,ESTRADIOL,DB00783,Estradiol,O75751,6581,SLC22A3,HGNC:10967,SLC22A3,solute carrier family 22 member 3,targets,DrugBank,NCBI,validated,verified_external_cross_reference
CHEMBL135,ESTRADIOL,DB00783,Estradiol,P00846,4508,MT-ATP6,HGNC:7414,MT-ATP6,mitochondrially encoded ATP synthase membrane subunit 6,targets,DrugBank,NCBI,validated,verified_external_cross_reference
CHEMBL135,ESTRADIOL,DB00783,Estradiol,P02768,213,ALB,HGNC:399,ALB,albumin,targets,DrugBank,NCBI,validated,verified_external_cross_reference
CHEMBL135,ESTRADIOL,DB00783,Estradiol,P03372,2099,ESR1,HGNC:3467,ESR1,estrogen receptor 1,targets,DrugBank,NCBI,validated,verified_external_cross_reference
CHEMBL135,ESTRADIOL,DB00783,Estradiol,P04278,6462,SHBG,HGNC:10839,SHBG,sex hormone binding globulin,targets,DrugBank,NCBI,validated,verified_external_cross_reference
CHEMBL135,ESTRADIOL,DB00783,Estradiol,P04798,1543,CYP1A1,HGNC:2595,CYP1A1,cytochrome P450 family 1 subfamily A member 1,targets,DrugBank,NCBI,validated,verified_external_cross_reference
CHEMBL135,ESTRADIOL,DB00783,Estradiol,P05177,1544,CYP1A2,HGNC:2596,CYP1A2,cytochrome P450 family 1 subfamily A member 2,targets,DrugBank,NCBI,validated,verified_external_cross_reference
CHEMBL135,ESTRADIOL,DB00783,Estradiol,P06133,7363,UGT2B4,HGNC:12553,UGT2B4,UDP glucuronosyltransferase family 2 member B4,targets,DrugBank,NCBI,validated,verified_external_cross_reference
CHEMBL135,ESTRADIOL,DB00783,Estradiol,P08183,5243,ABCB1,HGNC:40,ABCB1,ATP binding cassette subfamily B member 1,targets,DrugBank,NCBI,validated,verified_external_cross_reference
CHEMBL135,ESTRADIOL,DB00783,Estradiol,P08684,1576,CYP3A4,HGNC:2637,CYP3A4,cytochrome P450 family 3 subfamily A member 4,targets,DrugBank,NCBI,validated,verified_external_cross_reference
CHEMBL135,ESTRADIOL,DB00783,Estradiol,P10632,1558,CYP2C8,HGNC:2622,CYP2C8,cytochrome P450 family 2 subfamily C member 8,targets,DrugBank,NCBI,validated,verified_external_cross_reference
CHEMBL135,ESTRADIOL,DB00783,Estradiol,P11712,1559,CYP2C9,HGNC:2623,CYP2C9,cytochrome P450 family 2 subfamily C member 9,targets,DrugBank,NCBI,validated,verified_external_cross_reference
CHEMBL135,ESTRADIOL,DB00783,Estradiol,P12104,2169,FABP2,HGNC:3556,FABP2,fatty acid binding protein 2,targets,DrugBank,NCBI,validated,verified_external_cross_reference
CHEMBL135,ESTRADIOL,DB00783,Estradiol,P16662,7364,UGT2B7,HGNC:12554,UGT2B7,UDP glucuronosyltransferase family 2 member B7,targets,DrugBank,NCBI,validated,verified_external_cross_reference
CHEMBL135,ESTRADIOL,DB00783,Estradiol,P19224,54578,UGT1A6,HGNC:12538,UGT1A6,UDP glucuronosyltransferase family 1 member A6,targets,DrugBank,NCBI,validated,verified_external_cross_reference
CHEMBL135,ESTRADIOL,DB00783,Estradiol,P20815,1577,CYP3A5,HGNC:2638,CYP3A5,cytochrome P450 family 3 subfamily A member 5,targets,DrugBank,NCBI,validated,verified_external_cross_reference
CHEMBL135,ESTRADIOL,DB00783,Estradiol,P21964,1312,COMT,HGNC:2228,COMT,catechol-O-methyltransferase,targets,DrugBank,NCBI,validated,verified_external_cross_reference
CHEMBL135,ESTRADIOL,DB00783,Estradiol,P22309,54658,UGT1A1,HGNC:12530,UGT1A1,UDP glucuronosyltransferase family 1 member A1,targets,DrugBank,NCBI,validated,verified_external_cross_reference
CHEMBL135,ESTRADIOL,DB00783,Estradiol,P22310,54657,UGT1A4,HGNC:12536,UGT1A4,UDP glucuronosyltransferase family 1 member A4,targets,DrugBank,NCBI,validated,verified_external_cross_reference
CHEMBL135,ESTRADIOL,DB00783,Estradiol,P24462,1551,CYP3A7,HGNC:2640,CYP3A7,cytochrome P450 family 3 subfamily A member 7,targets,DrugBank,NCBI,validated,verified_external_cross_reference
CHEMBL135,ESTRADIOL,DB00783,Estradiol,P33261,1557,CYP2C19,HGNC:2621,CYP2C19,cytochrome P450 family 2 subfamily C member 19,targets,DrugBank,NCBI,validated,verified_external_cross_reference
CHEMBL135,ESTRADIOL,DB00783,Estradiol,P35503,54659,UGT1A3,HGNC:12535,UGT1A3,UDP glucuronosyltransferase family 1 member A3,targets,DrugBank,NCBI,validated,verified_external_cross_reference
CHEMBL135,ESTRADIOL,DB00783,Estradiol,P43681,1137,CHRNA4,HGNC:1958,CHRNA4,cholinergic receptor nicotinic alpha 4 subunit,targets,DrugBank,NCBI,validated,verified_external_cross_reference
CHEMBL135,ESTRADIOL,DB00783,Estradiol,P54855,7366,UGT2B15,HGNC:12546,UGT2B15,UDP glucuronosyltransferase family 2 member B15,targets,DrugBank,NCBI,validated,verified_external_cross_reference
CHEMBL135,ESTRADIOL,DB00783,Estradiol,Q14457,8678,BECN1,HGNC:1034,BECN1,beclin 1,targets,DrugBank,NCBI,validated,verified_external_cross_reference
CHEMBL135,ESTRADIOL,DB00783,Estradiol,Q16678,1545,CYP1B1,HGNC:2597,CYP1B1,cytochrome P450 family 1 subfamily B member 1,targets,DrugBank,NCBI,validated,verified_external_cross_reference
CHEMBL135,ESTRADIOL,DB00783,Estradiol,Q5T3U5,89845,ABCC10,HGNC:52,ABCC10,ATP binding cassette subfamily C member 10,targets,DrugBank,NCBI,validated,verified_external_cross_reference
CHEMBL135,ESTRADIOL,DB00783,Estradiol,Q8TCC7,9376,SLC22A8,HGNC:10972,SLC22A8,solute carrier family 22 member 8,targets,DrugBank,NCBI,validated,verified_external_cross_reference
CHEMBL135,ESTRADIOL,DB00783,Estradiol,Q92731,2100,ESR2,HGNC:3468,ESR2,estrogen receptor 2,targets,DrugBank,NCBI,validated,verified_external_cross_reference
CHEMBL135,ESTRADIOL,DB00783,Estradiol,Q99527,2852,GPER1,HGNC:4485,GPER1,G protein-coupled estrogen receptor 1,targets,DrugBank,NCBI,validated,verified_external_cross_reference
CHEMBL135,ESTRADIOL,DB00783,Estradiol,Q9HAW7,54577,UGT1A7,HGNC:12539,UGT1A7,UDP glucuronosyltransferase family 1 member A7,targets,DrugBank,NCBI,validated,verified_external_cross_reference
CHEMBL135,ESTRADIOL,DB00783,Estradiol,Q9HAW8,54575,UGT1A10,HGNC:12531,UGT1A10,UDP glucuronosyltransferase family 1 member A10,targets,DrugBank,NCBI,validated,verified_external_cross_reference
CHEMBL135,ESTRADIOL,DB00783,Estradiol,Q9HAW9,54576,UGT1A8,HGNC:12540,UGT1A8,UDP glucuronosyltransferase family 1 member A8,targets,DrugBank,NCBI,validated,verified_external_cross_reference
CHEMBL135,ESTRADIOL,DB00783,Estradiol,Q9NPD5,28234,SLCO1B3,HGNC:10961,SLCO1B3,solute carrier organic anion transporter family member 1B3,targets,DrugBank,NCBI,validated,verified_external_cross_reference
CHEMBL135,ESTRADIOL,DB00783,Estradiol,Q9NSA0,55867,SLC22A11,HGNC:18120,SLC22A11,solute carrier family 22 member 11,targets,DrugBank,NCBI,validated,verified_external_cross_reference
CHEMBL135,ESTRADIOL,DB00783,Estradiol,Q9NYB5,53919,SLCO1C1,HGNC:13819,SLCO1C1,solute carrier organic anion transporter family member 1C1,targets,DrugBank,NCBI,validated,verified_external_cross_reference
CHEMBL135,ESTRADIOL,DB00783,Estradiol,Q9UNQ0,9429,ABCG2,HGNC:74,ABCG2,ATP binding cassette subfamily G member 2 (JR blood group),targets,DrugBank,NCBI,validated,verified_external_cross_reference
CHEMBL135,ESTRADIOL,DB00783,Estradiol,Q9Y6L6,10599,SLCO1B1,HGNC:10959,SLCO1B1,solute carrier organic anion transporter family member 1B1,targets,DrugBank,NCBI,validated,verified_external_cross_reference
CHEMBL135400,ZOPICLONE,DB01198,Zopiclone,P05181,1571,CYP2E1,HGNC:2631,CYP2E1,cytochrome P450 family 2 subfamily E member 1,targets,DrugBank,NCBI,validated,previous_mapping
CHEMBL135400,ZOPICLONE,DB01198,Zopiclone,P08684,1576,CYP3A4,HGNC:2637,CYP3A4,cytochrome P450 family 3 subfamily A member 4,targets,DrugBank,NCBI,validated,previous_mapping
CHEMBL135400,ZOPICLONE,DB01198,Zopiclone,P10632,1558,CYP2C8,HGNC:2622,CYP2C8,cytochrome P450 family 2 subfamily C member 8,targets,DrugBank,NCBI,validated,previous_mapping
CHEMBL135400,ZOPICLONE,DB01198,Zopiclone,P11712,1559,CYP2C9,HGNC:2623,CYP2C9,cytochrome P450 family 2 subfamily C member 9,targets,DrugBank,NCBI,validated,previous_mapping
CHEMBL135400,ZOPICLONE,DB01198,Zopiclone,P14867,2554,GABRA1,HGNC:4075,GABRA1,gamma-aminobutyric acid type A receptor subunit alpha1,targets,DrugBank,NCBI,validated,previous_mapping
CHEMBL135400,ZOPICLONE,DB01198,Zopiclone,P23219,5742,PTGS1,HGNC:9604,PTGS1,prostaglandin-endoperoxide synthase 1,targets,DrugBank,NCBI,validated,previous_mapping
CHEMBL135400,ZOPICLONE,DB01198,Zopiclone,P31644,2558,GABRA5,HGNC:4079,GABRA5,gamma-aminobutyric acid type A receptor subunit alpha5,targets,DrugBank,NCBI,validated,previous_mapping
CHEMBL135400,ZOPICLONE,DB01198,Zopiclone,P34903,2556,GABRA3,HGNC:4077,GABRA3,gamma-aminobutyric acid type A receptor subunit alpha3,targets,DrugBank,NCBI,validated,previous_mapping
CHEMBL135400,ZOPICLONE,DB01198,Zopiclone,P47869,2555,GABRA2,HGNC:4076,GABRA2,gamma-aminobutyric acid type A receptor subunit alpha2,targets,DrugBank,NCBI,validated,previous_mapping
CHEMBL1355736,THEOPHYLLINE,DB00277,Theophylline,O76074,8654,PDE5A,HGNC:8784,PDE5A,phosphodiesterase 5A,targets,DrugBank,NCBI,validated,previous_mapping
CHEMBL1355736,THEOPHYLLINE,DB00277,Theophylline,P00813,100,ADA,HGNC:186,ADA,adenosine deaminase,targets,DrugBank,NCBI,validated,previous_mapping
CHEMBL1355736,THEOPHYLLINE,DB00277,Theophylline,P04798,1543,CYP1A1,HGNC:2595,CYP1A1,cytochrome P450 family 1 subfamily A member 1,targets,DrugBank,NCBI,validated,previous_mapping
CHEMBL1355736,THEOPHYLLINE,DB00277,Theophylline,P05177,1544,CYP1A2,HGNC:2596,CYP1A2,cytochrome P450 family 1 subfamily A member 2,targets,DrugBank,NCBI,validated,previous_mapping
CHEMBL1355736,THEOPHYLLINE,DB00277,Theophylline,P05181,1571,CYP2E1,HGNC:2631,CYP2E1,cytochrome P450 family 2 subfamily E member 1,targets,DrugBank,NCBI,validated,previous_mapping
CHEMBL1355736,THEOPHYLLINE,DB00277,Theophylline,P08684,1576,CYP3A4,HGNC:2637,CYP3A4,cytochrome P450 family 3 subfamily A member 4,targets,DrugBank,NCBI,validated,previous_mapping
CHEMBL1355736,THEOPHYLLINE,DB00277,Theophylline,P09874,142,PARP1,HGNC:270,PARP1,poly(ADP-ribose) polymerase 1,targets,DrugBank,NCBI,validated,previous_mapping
CHEMBL1355736,THEOPHYLLINE,DB00277,Theophylline,P10635,1565,CYP2D6,HGNC:2625,CYP2D6,cytochrome P450 family 2 subfamily D member 6 (gene/pseudogene),targets,DrugBank,NCBI,validated,previous_mapping
CHEMBL1355736,THEOPHYLLINE,DB00277,Theophylline,P27815,5141,PDE4A,HGNC:8780,PDE4A,phosphodiesterase 4A,targets,DrugBank,NCBI,validated,previous_mapping
CHEMBL1355736,THEOPHYLLINE,DB00277,Theophylline,P29274,135,ADORA2A,HGNC:263,ADORA2A,adenosine A2a receptor,targets,DrugBank,NCBI,validated,previous_mapping
CHEMBL1355736,THEOPHYLLINE,DB00277,Theophylline,P29275,136,ADORA2B,HGNC:264,ADORA2B,adenosine A2b receptor,targets,DrugBank,NCBI,validated,previous_mapping
CHEMBL1355736,THEOPHYLLINE,DB00277,Theophylline,P30542,134,ADORA1,HGNC:262,ADORA1,adenosine A1 receptor,targets,DrugBank,NCBI,validated,previous_mapping
CHEMBL1355736,THEOPHYLLINE,DB00277,Theophylline,Q07343,5142,PDE4B,HGNC:8781,PDE4B,phosphodiesterase 4B,targets,DrugBank,NCBI,validated,previous_mapping
CHEMBL1355736,THEOPHYLLINE,DB00277,Theophylline,Q14432,5139,PDE3A,HGNC:8778,PDE3A,phosphodiesterase 3A,targets,DrugBank,NCBI,validated,previous_mapping
CHEMBL1355736,THEOPHYLLINE,DB00277,Theophylline,Q15155,23420,NOMO1,HGNC:30060,NOMO1,NODAL modulator 1,targets,DrugBank,NCBI,validated,previous_mapping
CHEMBL1355736,THEOPHYLLINE,DB00277,Theophylline,Q16678,1545,CYP1B1,HGNC:2597,CYP1B1,cytochrome P450 family 1 subfamily B member 1,targets,DrugBank,NCBI,validated,previous_mapping
CHEMBL1355736,THEOPHYLLINE,DB00277,Theophylline,Q7Z5B4,79608,RIC3,HGNC:30338,RIC3,RIC3 acetylcholine receptor chaperone,targets,DrugBank,NCBI,validated,previous_mapping
CHEMBL1355736,THEOPHYLLINE,DB00277,Theophylline,Q8TCT9,81502,HM13,HGNC:16435,HM13,histocompatibility minor 13,targets,DrugBank,NCBI,validated,previous_mapping
CHEMBL1355736,THEOPHYLLINE,DB00277,Theophylline,Q92769,3066,HDAC2,HGNC:4853,HDAC2,histone deacetylase 2,targets,DrugBank,NCBI,validated,previous_mapping
CHEMBL1355736,THEOPHYLLINE,DB00277,Theophylline,Q99829,8904,CPNE1,HGNC:2314,CPNE1,copine 1,targets,DrugBank,NCBI,validated,previous_mapping
CHEMBL1355736,THEOPHYLLINE,DB00277,Theophylline,Q9Y4R7,26140,TTLL3,HGNC:24483,TTLL3,tubulin tyrosine ligase like 3,targets,DrugBank,NCBI,validated,previous_mapping
CHEMBL1355736,THEOPHYLLINE,DB00277,Theophylline,Q9Y694,10864,SLC22A7,HGNC:10971,SLC22A7,solute carrier family 22 member 7,targets,DrugBank,NCBI,validated,previous_mapping
CHEMBL1364,PYRIDOXINE,DB00165,Pyridoxine,O00764,8566,PDXK,HGNC:8819,PDXK,pyridoxal kinase,targets,DrugBank,NCBI,validated,previous_mapping
CHEMBL1364,PYRIDOXINE,DB00165,Pyridoxine,P02768,213,ALB,HGNC:399,ALB,albumin,targets,DrugBank,NCBI,validated,previous_mapping
CHEMBL1364,PYRIDOXINE,DB00165,Pyridoxine,P04798,1543,CYP1A1,HGNC:2595,CYP1A1,cytochrome P450 family 1 subfamily A member 1,targets,DrugBank,NCBI,validated,previous_mapping
CHEMBL1364,PYRIDOXINE,DB00165,Pyridoxine,P05186,249,ALPL,HGNC:438,ALPL,"alkaline phosphatase, biomineralization associated",targets,DrugBank,NCBI,validated,previous_mapping
CHEMBL1364,PYRIDOXINE,DB00165,Pyridoxine,Q96GD0,57026,PDXP,HGNC:30259,PDXP,pyridoxal phosphatase,targets,DrugBank,NCBI,validated,previous_mapping
CHEMBL1368,"SODIUM PHOSPHATE, MONOBASIC",DB09449,"Sodium phosphate, monobasic",O95436,10568,SLC34A2,HGNC:11020,SLC34A2,solute carrier family 34 member 2,targets,DrugBank,NCBI,validated,previous_mapping
CHEMBL1368,"SODIUM PHOSPHATE, MONOBASIC",DB09449,"Sodium phosphate, monobasic",Q06495,6569,SLC34A1,HGNC:11019,SLC34A1,solute carrier family 34 member 1,targets,DrugBank,NCBI,validated,previous_mapping
CHEMBL1368,"SODIUM PHOSPHATE, MONOBASIC",DB09449,"Sodium phosphate, monobasic",Q08357,6575,SLC20A2,HGNC:10947,SLC20A2,solute carrier family 20 member 2,targets,DrugBank,NCBI,validated,previous_mapping
CHEMBL1368,"SODIUM PHOSPHATE, MONOBASIC",DB09449,"Sodium phosphate, monobasic",Q8N130,142680,SLC34A3,HGNC:20305,SLC34A3,solute carrier family 34 member 3,targets,DrugBank,NCBI,validated,previous_mapping
CHEMBL1368,"SODIUM PHOSPHATE, MONOBASIC",DB09449,"Sodium phosphate, monobasic",Q8WUM9,6574,SLC20A1,HGNC:10946,SLC20A1,solute carrier family 20 member 1,targets,DrugBank,NCBI,validated,previous_mapping
CHEMBL137,METRONIDAZOLE,DB00916,Metronidazole,P08183,5243,ABCB1,HGNC:40,ABCB1,ATP binding cassette subfamily B member 1,targets,DrugBank,NCBI,validated,previous_mapping
CHEMBL137,METRONIDAZOLE,DB00916,Metronidazole,P08684,1576,CYP3A4,HGNC:2637,CYP3A4,cytochrome P450 family 3 subfamily A member 4,targets,DrugBank,NCBI,validated,previous_mapping
CHEMBL137,METRONIDAZOLE,DB00916,Metronidazole,P10632,1558,CYP2C8,HGNC:2622,CYP2C8,cytochrome P450 family 2 subfamily C member 8,targets,DrugBank,NCBI,validated,previous_mapping
CHEMBL137,METRONIDAZOLE,DB00916,Metronidazole,P11509,1548,CYP2A6,HGNC:2610,CYP2A6,cytochrome P450 family 2 subfamily A member 6,targets,DrugBank,NCBI,validated,previous_mapping
CHEMBL137,METRONIDAZOLE,DB00916,Metronidazole,P11712,1559,CYP2C9,HGNC:2623,CYP2C9,cytochrome P450 family 2 subfamily C member 9,targets,DrugBank,NCBI,validated,previous_mapping
CHEMBL137,METRONIDAZOLE,DB00916,Metronidazole,P20815,1577,CYP3A5,HGNC:2638,CYP3A5,cytochrome P450 family 3 subfamily A member 5,targets,DrugBank,NCBI,validated,previous_mapping
CHEMBL137,METRONIDAZOLE,DB00916,Metronidazole,P22309,54658,UGT1A1,HGNC:12530,UGT1A1,UDP glucuronosyltransferase family 1 member A1,targets,DrugBank,NCBI,validated,previous_mapping
CHEMBL137,METRONIDAZOLE,DB00916,Metronidazole,P24462,1551,CYP3A7,HGNC:2640,CYP3A7,cytochrome P450 family 3 subfamily A member 7,targets,DrugBank,NCBI,validated,previous_mapping
CHEMBL1370,BUDESONIDE,DB01222,Budesonide,O95342,8647,ABCB11,HGNC:42,ABCB11,ATP binding cassette subfamily B member 11,targets,DrugBank,NCBI,validated,previous_mapping
CHEMBL1370,BUDESONIDE,DB01222,Budesonide,P02768,213,ALB,HGNC:399,ALB,albumin,targets,DrugBank,NCBI,validated,previous_mapping
CHEMBL1370,BUDESONIDE,DB01222,Budesonide,P04083,301,ANXA1,HGNC:533,ANXA1,annexin A1,targets,DrugBank,NCBI,validated,previous_mapping
CHEMBL1370,BUDESONIDE,DB01222,Budesonide,P04150,2908,NR3C1,HGNC:7978,NR3C1,nuclear receptor subfamily 3 group C member 1,targets,DrugBank,NCBI,validated,previous_mapping
CHEMBL1370,BUDESONIDE,DB01222,Budesonide,P08183,5243,ABCB1,HGNC:40,ABCB1,ATP binding cassette subfamily B member 1,targets,DrugBank,NCBI,validated,previous_mapping
CHEMBL1370,BUDESONIDE,DB01222,Budesonide,P08185,866,SERPINA6,HGNC:1540,SERPINA6,serpin family A member 6,targets,DrugBank,NCBI,validated,previous_mapping
CHEMBL1370,BUDESONIDE,DB01222,Budesonide,P08684,1576,CYP3A4,HGNC:2637,CYP3A4,cytochrome P450 family 3 subfamily A member 4,targets,DrugBank,NCBI,validated,previous_mapping
CHEMBL1370,BUDESONIDE,DB01222,Budesonide,P10632,1558,CYP2C8,HGNC:2622,CYP2C8,cytochrome P450 family 2 subfamily C member 8,targets,DrugBank,NCBI,validated,previous_mapping
CHEMBL1370,BUDESONIDE,DB01222,Budesonide,P11509,1548,CYP2A6,HGNC:2610,CYP2A6,cytochrome P450 family 2 subfamily A member 6,targets,DrugBank,NCBI,validated,previous_mapping
CHEMBL1370,BUDESONIDE,DB01222,Budesonide,P11712,1559,CYP2C9,HGNC:2623,CYP2C9,cytochrome P450 family 2 subfamily C member 9,targets,DrugBank,NCBI,validated,previous_mapping
CHEMBL1370,BUDESONIDE,DB01222,Budesonide,P20813,1555,CYP2B6,HGNC:2615,CYP2B6,cytochrome P450 family 2 subfamily B member 6,targets,DrugBank,NCBI,validated,previous_mapping
CHEMBL1370,BUDESONIDE,DB01222,Budesonide,P20815,1577,CYP3A5,HGNC:2638,CYP3A5,cytochrome P450 family 3 subfamily A member 5,targets,DrugBank,NCBI,validated,previous_mapping
CHEMBL1370,BUDESONIDE,DB01222,Budesonide,P24462,1551,CYP3A7,HGNC:2640,CYP3A7,cytochrome P450 family 3 subfamily A member 7,targets,DrugBank,NCBI,validated,previous_mapping
CHEMBL1370,BUDESONIDE,DB01222,Budesonide,P33261,1557,CYP2C19,HGNC:2621,CYP2C19,cytochrome P450 family 2 subfamily C member 19,targets,DrugBank,NCBI,validated,previous_mapping
CHEMBL1370,BUDESONIDE,DB01222,Budesonide,P46721,6579,SLCO1A2,HGNC:10956,SLCO1A2,solute carrier organic anion transporter family member 1A2,targets,DrugBank,NCBI,validated,previous_mapping
CHEMBL1370,BUDESONIDE,DB01222,Budesonide,Q16678,1545,CYP1B1,HGNC:2597,CYP1B1,cytochrome P450 family 1 subfamily B member 1,targets,DrugBank,NCBI,validated,previous_mapping
CHEMBL1370,BUDESONIDE,DB01222,Budesonide,Q8TCC7,9376,SLC22A8,HGNC:10972,SLC22A8,solute carrier family 22 member 8,targets,DrugBank,NCBI,validated,previous_mapping
CHEMBL1370,BUDESONIDE,DB01222,Budesonide,Q9HB55,64816,CYP3A43,HGNC:17450,CYP3A43,cytochrome P450 family 3 subfamily A member 43,targets,DrugBank,NCBI,validated,previous_mapping
CHEMBL1371770,PIRIBEDIL,DB12478,Piribedil,P14416,1813,DRD2,HGNC:3023,DRD2,dopamine receptor D2,targets,DrugBank,NCBI,validated,preferred_name_match
CHEMBL1371770,PIRIBEDIL,DB12478,Piribedil,P35462,1814,DRD3,HGNC:3024,DRD3,dopamine receptor D3,targets,DrugBank,NCBI,validated,preferred_name_match
CHEMBL1373,MODAFINIL,DB00745,Modafinil,P05177,1544,CYP1A2,HGNC:2596,CYP1A2,cytochrome P450 family 1 subfamily A member 2,targets,DrugBank,NCBI,validated,previous_mapping
CHEMBL1373,MODAFINIL,DB00745,Modafinil,P08684,1576,CYP3A4,HGNC:2637,CYP3A4,cytochrome P450 family 3 subfamily A member 4,targets,DrugBank,NCBI,validated,previous_mapping
CHEMBL1373,MODAFINIL,DB00745,Modafinil,P11712,1559,CYP2C9,HGNC:2623,CYP2C9,cytochrome P450 family 2 subfamily C member 9,targets,DrugBank,NCBI,validated,previous_mapping
CHEMBL1373,MODAFINIL,DB00745,Modafinil,P20813,1555,CYP2B6,HGNC:2615,CYP2B6,cytochrome P450 family 2 subfamily B member 6,targets,DrugBank,NCBI,validated,previous_mapping
CHEMBL1373,MODAFINIL,DB00745,Modafinil,P20815,1577,CYP3A5,HGNC:2638,CYP3A5,cytochrome P450 family 3 subfamily A member 5,targets,DrugBank,NCBI,validated,previous_mapping
CHEMBL1373,MODAFINIL,DB00745,Modafinil,P33261,1557,CYP2C19,HGNC:2621,CYP2C19,cytochrome P450 family 2 subfamily C member 19,targets,DrugBank,NCBI,validated,previous_mapping
CHEMBL1373,MODAFINIL,DB00745,Modafinil,P35368,147,ADRA1B,HGNC:278,ADRA1B,adrenoceptor alpha 1B,targets,DrugBank,NCBI,validated,previous_mapping
CHEMBL1373,MODAFINIL,DB00745,Modafinil,Q01959,6531,SLC6A3,HGNC:11049,SLC6A3,solute carrier family 6 member 3,targets,DrugBank,NCBI,validated,previous_mapping
CHEMBL13766,GUAIACOL,DB11359,Guaiacol,P02768,213,ALB,HGNC:399,ALB,albumin,targets,DrugBank,NCBI,validated,previous_mapping
CHEMBL1382,Tolterodine,DB01036,Tolterodine,P08172,1129,CHRM2,HGNC:1951,CHRM2,cholinergic receptor muscarinic 2,targets,DrugBank,NCBI,validated,verified_cross_reference
CHEMBL1382,Tolterodine,DB01036,Tolterodine,P08173,1132,CHRM4,HGNC:1953,CHRM4,cholinergic receptor muscarinic 4,targets,DrugBank,NCBI,validated,verified_cross_reference
CHEMBL1382,Tolterodine,DB01036,Tolterodine,P08684,1576,CYP3A4,HGNC:2637,CYP3A4,cytochrome P450 family 3 subfamily A member 4,targets,DrugBank,NCBI,validated,verified_cross_reference
CHEMBL1382,Tolterodine,DB01036,Tolterodine,P08912,1133,CHRM5,HGNC:1954,CHRM5,cholinergic receptor muscarinic 5,targets,DrugBank,NCBI,validated,verified_cross_reference
CHEMBL1382,Tolterodine,DB01036,Tolterodine,P10635,1565,CYP2D6,HGNC:2625,CYP2D6,cytochrome P450 family 2 subfamily D member 6 (gene/pseudogene),targets,DrugBank,NCBI,validated,verified_cross_reference
CHEMBL1382,Tolterodine,DB01036,Tolterodine,P11229,1128,CHRM1,HGNC:1950,CHRM1,cholinergic receptor muscarinic 1,targets,DrugBank,NCBI,validated,verified_cross_reference
CHEMBL1382,Tolterodine,DB01036,Tolterodine,P11712,1559,CYP2C9,HGNC:2623,CYP2C9,cytochrome P450 family 2 subfamily C member 9,targets,DrugBank,NCBI,validated,verified_cross_reference
CHEMBL1382,Tolterodine,DB01036,Tolterodine,P20309,1131,CHRM3,HGNC:1952,CHRM3,cholinergic receptor muscarinic 3,targets,DrugBank,NCBI,validated,verified_cross_reference
CHEMBL1382,Tolterodine,DB01036,Tolterodine,P33261,1557,CYP2C19,HGNC:2621,CYP2C19,cytochrome P450 family 2 subfamily C member 19,targets,DrugBank,NCBI,validated,verified_cross_reference
CHEMBL1389,LEVONORGESTREL,DB00367,Levonorgestrel,P03372,2099,ESR1,HGNC:3467,ESR1,estrogen receptor 1,targets,DrugBank,NCBI,validated,previous_mapping
CHEMBL1389,LEVONORGESTREL,DB00367,Levonorgestrel,P04150,2908,NR3C1,HGNC:7978,NR3C1,nuclear receptor subfamily 3 group C member 1,targets,DrugBank,NCBI,validated,previous_mapping
CHEMBL1389,LEVONORGESTREL,DB00367,Levonorgestrel,P04278,6462,SHBG,HGNC:10839,SHBG,sex hormone binding globulin,targets,DrugBank,NCBI,validated,previous_mapping
CHEMBL1389,LEVONORGESTREL,DB00367,Levonorgestrel,P06401,5241,PGR,HGNC:8910,PGR,progesterone receptor,targets,DrugBank,NCBI,validated,previous_mapping
CHEMBL1389,LEVONORGESTREL,DB00367,Levonorgestrel,P08684,1576,CYP3A4,HGNC:2637,CYP3A4,cytochrome P450 family 3 subfamily A member 4,targets,DrugBank,NCBI,validated,previous_mapping
CHEMBL1389,LEVONORGESTREL,DB00367,Levonorgestrel,P10275,367,AR,HGNC:644,AR,androgen receptor,targets,DrugBank,NCBI,validated,previous_mapping
CHEMBL1389,LEVONORGESTREL,DB00367,Levonorgestrel,P18405,6715,SRD5A1,HGNC:11284,SRD5A1,steroid 5 alpha-reductase 1,targets,DrugBank,NCBI,validated,previous_mapping
CHEMBL1389,LEVONORGESTREL,DB00367,Levonorgestrel,P20815,1577,CYP3A5,HGNC:2638,CYP3A5,cytochrome P450 family 3 subfamily A member 5,targets,DrugBank,NCBI,validated,previous_mapping
CHEMBL139,DICLOFENAC,DB00586,Diclofenac,O15439,10257,ABCC4,HGNC:55,ABCC4,ATP binding cassette subfamily C member 4 (PEL blood group),targets,DrugBank,NCBI,validated,previous_mapping
CHEMBL139,DICLOFENAC,DB00586,Diclofenac,O43525,3786,KCNQ3,HGNC:6297,KCNQ3,potassium voltage-gated channel subfamily Q member 3,targets,DrugBank,NCBI,validated,previous_mapping
CHEMBL139,DICLOFENAC,DB00586,Diclofenac,O43526,3785,KCNQ2,HGNC:6296,KCNQ2,potassium voltage-gated channel subfamily Q member 2,targets,DrugBank,NCBI,validated,previous_mapping
CHEMBL139,DICLOFENAC,DB00586,Diclofenac,O60656,54600,UGT1A9,HGNC:12541,UGT1A9,UDP glucuronosyltransferase family 1 member A9,targets,DrugBank,NCBI,validated,previous_mapping
CHEMBL139,DICLOFENAC,DB00586,Diclofenac,O95342,8647,ABCB11,HGNC:42,ABCB11,ATP binding cassette subfamily B member 11,targets,DrugBank,NCBI,validated,previous_mapping
CHEMBL139,DICLOFENAC,DB00586,Diclofenac,P02766,7276,TTR,HGNC:12405,TTR,transthyretin,targets,DrugBank,NCBI,validated,previous_mapping
CHEMBL139,DICLOFENAC,DB00586,Diclofenac,P02768,213,ALB,HGNC:399,ALB,albumin,targets,DrugBank,NCBI,validated,previous_mapping
CHEMBL139,DICLOFENAC,DB00586,Diclofenac,P05177,1544,CYP1A2,HGNC:2596,CYP1A2,cytochrome P450 family 1 subfamily A member 2,targets,DrugBank,NCBI,validated,previous_mapping
CHEMBL139,DICLOFENAC,DB00586,Diclofenac,P05181,1571,CYP2E1,HGNC:2631,CYP2E1,cytochrome P450 family 2 subfamily E member 1,targets,DrugBank,NCBI,validated,previous_mapping
CHEMBL139,DICLOFENAC,DB00586,Diclofenac,P06133,7363,UGT2B4,HGNC:12553,UGT2B4,UDP glucuronosyltransferase family 2 member B4,targets,DrugBank,NCBI,validated,previous_mapping
CHEMBL139,DICLOFENAC,DB00586,Diclofenac,P08183,5243,ABCB1,HGNC:40,ABCB1,ATP binding cassette subfamily B member 1,targets,DrugBank,NCBI,validated,previous_mapping
CHEMBL139,DICLOFENAC,DB00586,Diclofenac,P08684,1576,CYP3A4,HGNC:2637,CYP3A4,cytochrome P450 family 3 subfamily A member 4,targets,DrugBank,NCBI,validated,previous_mapping
CHEMBL139,DICLOFENAC,DB00586,Diclofenac,P09917,240,ALOX5,HGNC:435,ALOX5,arachidonate 5-lipoxygenase,targets,DrugBank,NCBI,validated,previous_mapping
CHEMBL139,DICLOFENAC,DB00586,Diclofenac,P10632,1558,CYP2C8,HGNC:2622,CYP2C8,cytochrome P450 family 2 subfamily C member 8,targets,DrugBank,NCBI,validated,previous_mapping
CHEMBL139,DICLOFENAC,DB00586,Diclofenac,P11712,1559,CYP2C9,HGNC:2623,CYP2C9,cytochrome P450 family 2 subfamily C member 9,targets,DrugBank,NCBI,validated,previous_mapping
CHEMBL139,DICLOFENAC,DB00586,Diclofenac,P14555,5320,PLA2G2A,HGNC:9031,PLA2G2A,phospholipase A2 group IIA,targets,DrugBank,NCBI,validated,previous_mapping
CHEMBL139,DICLOFENAC,DB00586,Diclofenac,P16662,7364,UGT2B7,HGNC:12554,UGT2B7,UDP glucuronosyltransferase family 2 member B7,targets,DrugBank,NCBI,validated,previous_mapping
CHEMBL139,DICLOFENAC,DB00586,Diclofenac,P20813,1555,CYP2B6,HGNC:2615,CYP2B6,cytochrome P450 family 2 subfamily B member 6,targets,DrugBank,NCBI,validated,previous_mapping
CHEMBL139,DICLOFENAC,DB00586,Diclofenac,P23219,5742,PTGS1,HGNC:9604,PTGS1,prostaglandin-endoperoxide synthase 1,targets,DrugBank,NCBI,validated,previous_mapping
CHEMBL139,DICLOFENAC,DB00586,Diclofenac,P33260,1562,CYP2C18,HGNC:2620,CYP2C18,cytochrome P450 family 2 subfamily C member 18,targets,DrugBank,NCBI,validated,previous_mapping
CHEMBL139,DICLOFENAC,DB00586,Diclofenac,P33261,1557,CYP2C19,HGNC:2621,CYP2C19,cytochrome P450 family 2 subfamily C member 19,targets,DrugBank,NCBI,validated,previous_mapping
CHEMBL139,DICLOFENAC,DB00586,Diclofenac,P33527,4363,ABCC1,HGNC:51,ABCC1,ATP binding cassette subfamily C member 1 (ABCC1 blood group),targets,DrugBank,NCBI,validated,previous_mapping
CHEMBL139,DICLOFENAC,DB00586,Diclofenac,P35354,5743,PTGS2,HGNC:9605,PTGS2,prostaglandin-endoperoxide synthase 2,targets,DrugBank,NCBI,validated,previous_mapping
CHEMBL139,DICLOFENAC,DB00586,Diclofenac,P35499,6329,SCN4A,HGNC:10591,SCN4A,sodium voltage-gated channel alpha subunit 4,targets,DrugBank,NCBI,validated,previous_mapping
CHEMBL139,DICLOFENAC,DB00586,Diclofenac,P35503,54659,UGT1A3,HGNC:12535,UGT1A3,UDP glucuronosyltransferase family 1 member A3,targets,DrugBank,NCBI,validated,previous_mapping
CHEMBL139,DICLOFENAC,DB00586,Diclofenac,P78348,41,ASIC1,HGNC:100,ASIC1,acid sensing ion channel subunit 1,targets,DrugBank,NCBI,validated,previous_mapping
CHEMBL139,DICLOFENAC,DB00586,Diclofenac,Q4U2R8,9356,SLC22A6,HGNC:10970,SLC22A6,solute carrier family 22 member 6,targets,DrugBank,NCBI,validated,previous_mapping
CHEMBL139,DICLOFENAC,DB00586,Diclofenac,Q8TCC7,9376,SLC22A8,HGNC:10972,SLC22A8,solute carrier family 22 member 8,targets,DrugBank,NCBI,validated,previous_mapping
CHEMBL139,DICLOFENAC,DB00586,Diclofenac,Q9NSA0,55867,SLC22A11,HGNC:18120,SLC22A11,solute carrier family 22 member 11,targets,DrugBank,NCBI,validated,previous_mapping
CHEMBL139,DICLOFENAC,DB00586,Diclofenac,Q9NYB5,53919,SLCO1C1,HGNC:13819,SLCO1C1,solute carrier organic anion transporter family member 1C1,targets,DrugBank,NCBI,validated,previous_mapping
CHEMBL139,DICLOFENAC,DB00586,Diclofenac,Q9Y6L6,10599,SLCO1B1,HGNC:10959,SLCO1B1,solute carrier organic anion transporter family member 1B1,targets,DrugBank,NCBI,validated,previous_mapping
CHEMBL1395,METHYLTESTOSTERONE,DB06710,Methyltestosterone,P02768,213,ALB,HGNC:399,ALB,albumin,targets,DrugBank,NCBI,validated,previous_mapping
CHEMBL1395,METHYLTESTOSTERONE,DB06710,Methyltestosterone,P03372,2099,ESR1,HGNC:3467,ESR1,estrogen receptor 1,targets,DrugBank,NCBI,validated,previous_mapping
CHEMBL1395,METHYLTESTOSTERONE,DB06710,Methyltestosterone,P04278,6462,SHBG,HGNC:10839,SHBG,sex hormone binding globulin,targets,DrugBank,NCBI,validated,previous_mapping
CHEMBL1395,METHYLTESTOSTERONE,DB06710,Methyltestosterone,P08684,1576,CYP3A4,HGNC:2637,CYP3A4,cytochrome P450 family 3 subfamily A member 4,targets,DrugBank,NCBI,validated,previous_mapping
CHEMBL1395,METHYLTESTOSTERONE,DB06710,Methyltestosterone,P10275,367,AR,HGNC:644,AR,androgen receptor,targets,DrugBank,NCBI,validated,previous_mapping
CHEMBL1395,METHYLTESTOSTERONE,DB06710,Methyltestosterone,P11511,1588,CYP19A1,HGNC:2594,CYP19A1,cytochrome P450 family 19 subfamily A member 1,targets,DrugBank,NCBI,validated,previous_mapping
CHEMBL1395,METHYLTESTOSTERONE,DB06710,Methyltestosterone,P20813,1555,CYP2B6,HGNC:2615,CYP2B6,cytochrome P450 family 2 subfamily B member 6,targets,DrugBank,NCBI,validated,previous_mapping
CHEMBL1395,METHYLTESTOSTERONE,DB06710,Methyltestosterone,P46721,6579,SLCO1A2,HGNC:10956,SLCO1A2,solute carrier organic anion transporter family member 1A2,targets,DrugBank,NCBI,validated,previous_mapping
CHEMBL1395,METHYLTESTOSTERONE,DB06710,Methyltestosterone,Q8TCC7,9376,SLC22A8,HGNC:10972,SLC22A8,solute carrier family 22 member 8,targets,DrugBank,NCBI,validated,previous_mapping
CHEMBL1405,ESTRONE,DB00655,Estrone,O94956,11309,SLCO2B1,HGNC:10962,SLCO2B1,solute carrier organic anion transporter family member 2B1,targets,DrugBank,NCBI,validated,previous_mapping
CHEMBL1405,ESTRONE,DB00655,Estrone,P02768,213,ALB,HGNC:399,ALB,albumin,targets,DrugBank,NCBI,validated,previous_mapping
CHEMBL1405,ESTRONE,DB00655,Estrone,P03372,2099,ESR1,HGNC:3467,ESR1,estrogen receptor 1,targets,DrugBank,NCBI,validated,previous_mapping
CHEMBL1405,ESTRONE,DB00655,Estrone,P04278,6462,SHBG,HGNC:10839,SHBG,sex hormone binding globulin,targets,DrugBank,NCBI,validated,previous_mapping
CHEMBL1405,ESTRONE,DB00655,Estrone,P04798,1543,CYP1A1,HGNC:2595,CYP1A1,cytochrome P450 family 1 subfamily A member 1,targets,DrugBank,NCBI,validated,previous_mapping
CHEMBL1405,ESTRONE,DB00655,Estrone,P05177,1544,CYP1A2,HGNC:2596,CYP1A2,cytochrome P450 family 1 subfamily A member 2,targets,DrugBank,NCBI,validated,previous_mapping
CHEMBL1405,ESTRONE,DB00655,Estrone,P05181,1571,CYP2E1,HGNC:2631,CYP2E1,cytochrome P450 family 2 subfamily E member 1,targets,DrugBank,NCBI,validated,previous_mapping
CHEMBL1405,ESTRONE,DB00655,Estrone,P08183,5243,ABCB1,HGNC:40,ABCB1,ATP binding cassette subfamily B member 1,targets,DrugBank,NCBI,validated,previous_mapping
CHEMBL1405,ESTRONE,DB00655,Estrone,P08684,1576,CYP3A4,HGNC:2637,CYP3A4,cytochrome P450 family 3 subfamily A member 4,targets,DrugBank,NCBI,validated,previous_mapping
CHEMBL1405,ESTRONE,DB00655,Estrone,P10275,367,AR,HGNC:644,AR,androgen receptor,targets,DrugBank,NCBI,validated,previous_mapping
CHEMBL1405,ESTRONE,DB00655,Estrone,P11511,1588,CYP19A1,HGNC:2594,CYP19A1,cytochrome P450 family 19 subfamily A member 1,targets,DrugBank,NCBI,validated,previous_mapping
CHEMBL1405,ESTRONE,DB00655,Estrone,P11712,1559,CYP2C9,HGNC:2623,CYP2C9,cytochrome P450 family 2 subfamily C member 9,targets,DrugBank,NCBI,validated,previous_mapping
CHEMBL1405,ESTRONE,DB00655,Estrone,P20813,1555,CYP2B6,HGNC:2615,CYP2B6,cytochrome P450 family 2 subfamily B member 6,targets,DrugBank,NCBI,validated,previous_mapping
CHEMBL1405,ESTRONE,DB00655,Estrone,P20815,1577,CYP3A5,HGNC:2638,CYP3A5,cytochrome P450 family 3 subfamily A member 5,targets,DrugBank,NCBI,validated,previous_mapping
CHEMBL1405,ESTRONE,DB00655,Estrone,P46721,6579,SLCO1A2,HGNC:10956,SLCO1A2,solute carrier organic anion transporter family member 1A2,targets,DrugBank,NCBI,validated,previous_mapping
CHEMBL1405,ESTRONE,DB00655,Estrone,Q16678,1545,CYP1B1,HGNC:2597,CYP1B1,cytochrome P450 family 1 subfamily B member 1,targets,DrugBank,NCBI,validated,previous_mapping
CHEMBL1405,ESTRONE,DB00655,Estrone,Q8TCC7,9376,SLC22A8,HGNC:10972,SLC22A8,solute carrier family 22 member 8,targets,DrugBank,NCBI,validated,previous_mapping
CHEMBL1405,ESTRONE,DB00655,Estrone,Q92731,2100,ESR2,HGNC:3468,ESR2,estrogen receptor 2,targets,DrugBank,NCBI,validated,previous_mapping
CHEMBL1405,ESTRONE,DB00655,Estrone,Q9UNQ0,9429,ABCG2,HGNC:74,ABCG2,ATP binding cassette subfamily G member 2 (JR blood group),targets,DrugBank,NCBI,validated,previous_mapping
CHEMBL1405,ESTRONE,DB00655,Estrone,Q9Y6L6,10599,SLCO1B1,HGNC:10959,SLCO1B1,solute carrier organic anion transporter family member 1B1,targets,DrugBank,NCBI,validated,previous_mapping
CHEMBL14060,PHENOL,DB03255,Phenol,P02768,213,ALB,HGNC:399,ALB,albumin,targets,DrugBank,NCBI,validated,previous_mapping
CHEMBL1412,PIPERAZINE,DB00592,Piperazine,P10635,1565,CYP2D6,HGNC:2625,CYP2D6,cytochrome P450 family 2 subfamily D member 6 (gene/pseudogene),targets,DrugBank,NCBI,validated,previous_mapping
CHEMBL1412,PIPERAZINE,DB00592,Piperazine,P28472,2562,GABRB3,HGNC:4083,GABRB3,gamma-aminobutyric acid type A receptor subunit beta3,targets,DrugBank,NCBI,validated,previous_mapping
CHEMBL1419,SIBUTRAMINE,DB01105,Sibutramine,P08684,1576,CYP3A4,HGNC:2637,CYP3A4,cytochrome P450 family 3 subfamily A member 4,targets,DrugBank,NCBI,validated,previous_mapping
CHEMBL1419,SIBUTRAMINE,DB01105,Sibutramine,P23975,6530,SLC6A2,HGNC:11048,SLC6A2,solute carrier family 6 member 2,targets,DrugBank,NCBI,validated,previous_mapping
CHEMBL1419,SIBUTRAMINE,DB01105,Sibutramine,P31645,6532,SLC6A4,HGNC:11050,SLC6A4,solute carrier family 6 member 4,targets,DrugBank,NCBI,validated,previous_mapping
CHEMBL1419,SIBUTRAMINE,DB01105,Sibutramine,Q01959,6531,SLC6A3,HGNC:11049,SLC6A3,solute carrier family 6 member 3,targets,DrugBank,NCBI,validated,previous_mapping
CHEMBL1423,PIMOZIDE,DB01100,Pimozide,P05177,1544,CYP1A2,HGNC:2596,CYP1A2,cytochrome P450 family 1 subfamily A member 2,targets,DrugBank,NCBI,validated,previous_mapping
CHEMBL1423,PIMOZIDE,DB01100,Pimozide,P08183,5243,ABCB1,HGNC:40,ABCB1,ATP binding cassette subfamily B member 1,targets,DrugBank,NCBI,validated,previous_mapping
CHEMBL1423,PIMOZIDE,DB01100,Pimozide,P08684,1576,CYP3A4,HGNC:2637,CYP3A4,cytochrome P450 family 3 subfamily A member 4,targets,DrugBank,NCBI,validated,previous_mapping
CHEMBL1423,PIMOZIDE,DB01100,Pimozide,P0DP23,801,CALM1,HGNC:1442,CALM1,calmodulin 1,targets,DrugBank,NCBI,validated,previous_mapping
CHEMBL1423,PIMOZIDE,DB01100,Pimozide,P10635,1565,CYP2D6,HGNC:2625,CYP2D6,cytochrome P450 family 2 subfamily D member 6 (gene/pseudogene),targets,DrugBank,NCBI,validated,previous_mapping
CHEMBL1423,PIMOZIDE,DB01100,Pimozide,P14416,1813,DRD2,HGNC:3023,DRD2,dopamine receptor D2,targets,DrugBank,NCBI,validated,previous_mapping
CHEMBL1423,PIMOZIDE,DB01100,Pimozide,P20815,1577,CYP3A5,HGNC:2638,CYP3A5,cytochrome P450 family 3 subfamily A member 5,targets,DrugBank,NCBI,validated,previous_mapping
CHEMBL1423,PIMOZIDE,DB01100,Pimozide,P24462,1551,CYP3A7,HGNC:2640,CYP3A7,cytochrome P450 family 3 subfamily A member 7,targets,DrugBank,NCBI,validated,previous_mapping
CHEMBL1423,PIMOZIDE,DB01100,Pimozide,P35462,1814,DRD3,HGNC:3024,DRD3,dopamine receptor D3,targets,DrugBank,NCBI,validated,previous_mapping
CHEMBL1423,PIMOZIDE,DB01100,Pimozide,Q12809,3757,KCNH2,HGNC:6251,KCNH2,potassium voltage-gated channel subfamily H member 2,targets,DrugBank,NCBI,validated,previous_mapping
CHEMBL1431,METFORMIN,DB00331,Metformin,O15244,6582,SLC22A2,HGNC:10966,SLC22A2,solute carrier family 22 member 2,targets,DrugBank,NCBI,validated,previous_mapping
CHEMBL1431,METFORMIN,DB00331,Metformin,O15245,6580,SLC22A1,HGNC:10963,SLC22A1,solute carrier family 22 member 1,targets,DrugBank,NCBI,validated,previous_mapping
CHEMBL1431,METFORMIN,DB00331,Metformin,O75751,6581,SLC22A3,HGNC:10967,SLC22A3,solute carrier family 22 member 3,targets,DrugBank,NCBI,validated,previous_mapping
CHEMBL1431,METFORMIN,DB00331,Metformin,P21695,2819,GPD1,HGNC:4455,GPD1,glycerol-3-phosphate dehydrogenase 1,targets,DrugBank,NCBI,validated,previous_mapping
CHEMBL1431,METFORMIN,DB00331,Metformin,Q16134,2110,ETFDH,HGNC:3483,ETFDH,electron transfer flavoprotein dehydrogenase,targets,DrugBank,NCBI,validated,previous_mapping
CHEMBL1431,METFORMIN,DB00331,Metformin,Q7RTT9,222962,SLC29A4,HGNC:23097,SLC29A4,solute carrier family 29 member 4,targets,DrugBank,NCBI,validated,previous_mapping
CHEMBL1431,METFORMIN,DB00331,Metformin,Q86VL8,146802,SLC47A2,HGNC:26439,SLC47A2,solute carrier family 47 member 2,targets,DrugBank,NCBI,validated,previous_mapping
CHEMBL1431,METFORMIN,DB00331,Metformin,Q96FL8,55244,SLC47A1,HGNC:25588,SLC47A1,solute carrier family 47 member 1,targets,DrugBank,NCBI,validated,previous_mapping
CHEMBL1431,METFORMIN,DB00331,Metformin,Q9Y478,5564,PRKAB1,HGNC:9378,PRKAB1,protein kinase AMP-activated non-catalytic subunit beta 1,targets,DrugBank,NCBI,validated,previous_mapping
CHEMBL14370,REBOXETINE,DB00234,Reboxetine,P08183,5243,ABCB1,HGNC:40,ABCB1,ATP binding cassette subfamily B member 1,targets,DrugBank,NCBI,validated,previous_mapping
CHEMBL14370,REBOXETINE,DB00234,Reboxetine,P08684,1576,CYP3A4,HGNC:2637,CYP3A4,cytochrome P450 family 3 subfamily A member 4,targets,DrugBank,NCBI,validated,previous_mapping
CHEMBL14370,REBOXETINE,DB00234,Reboxetine,P10635,1565,CYP2D6,HGNC:2625,CYP2D6,cytochrome P450 family 2 subfamily D member 6 (gene/pseudogene),targets,DrugBank,NCBI,validated,previous_mapping
CHEMBL14370,REBOXETINE,DB00234,Reboxetine,P23975,6530,SLC6A2,HGNC:11048,SLC6A2,solute carrier family 6 member 2,targets,DrugBank,NCBI,validated,previous_mapping
CHEMBL14376,ILOPERIDONE,DB04946,Iloperidone,P05181,1571,CYP2E1,HGNC:2631,CYP2E1,cytochrome P450 family 2 subfamily E member 1,targets,DrugBank,NCBI,validated,previous_mapping
CHEMBL14376,ILOPERIDONE,DB04946,Iloperidone,P08684,1576,CYP3A4,HGNC:2637,CYP3A4,cytochrome P450 family 3 subfamily A member 4,targets,DrugBank,NCBI,validated,previous_mapping
CHEMBL14376,ILOPERIDONE,DB04946,Iloperidone,P08908,3350,HTR1A,HGNC:5286,HTR1A,5-hydroxytryptamine receptor 1A,targets,DrugBank,NCBI,validated,previous_mapping
CHEMBL14376,ILOPERIDONE,DB04946,Iloperidone,P10635,1565,CYP2D6,HGNC:2625,CYP2D6,cytochrome P450 family 2 subfamily D member 6 (gene/pseudogene),targets,DrugBank,NCBI,validated,previous_mapping
CHEMBL14376,ILOPERIDONE,DB04946,Iloperidone,P14416,1813,DRD2,HGNC:3023,DRD2,dopamine receptor D2,targets,DrugBank,NCBI,validated,previous_mapping
CHEMBL14376,ILOPERIDONE,DB04946,Iloperidone,P18825,152,ADRA2C,HGNC:283,ADRA2C,adrenoceptor alpha 2C,targets,DrugBank,NCBI,validated,previous_mapping
CHEMBL14376,ILOPERIDONE,DB04946,Iloperidone,P20815,1577,CYP3A5,HGNC:2638,CYP3A5,cytochrome P450 family 3 subfamily A member 5,targets,DrugBank,NCBI,validated,previous_mapping
CHEMBL14376,ILOPERIDONE,DB04946,Iloperidone,P21728,1812,DRD1,HGNC:3020,DRD1,dopamine receptor D1,targets,DrugBank,NCBI,validated,previous_mapping
CHEMBL14376,ILOPERIDONE,DB04946,Iloperidone,P21917,1815,DRD4,HGNC:3025,DRD4,dopamine receptor D4,targets,DrugBank,NCBI,validated,previous_mapping
CHEMBL14376,ILOPERIDONE,DB04946,Iloperidone,P24462,1551,CYP3A7,HGNC:2640,CYP3A7,cytochrome P450 family 3 subfamily A member 7,targets,DrugBank,NCBI,validated,previous_mapping
CHEMBL14376,ILOPERIDONE,DB04946,Iloperidone,P28223,3356,HTR2A,HGNC:5293,HTR2A,5-hydroxytryptamine receptor 2A,targets,DrugBank,NCBI,validated,previous_mapping
CHEMBL14376,ILOPERIDONE,DB04946,Iloperidone,P34969,3363,HTR7,HGNC:5302,HTR7,5-hydroxytryptamine receptor 7,targets,DrugBank,NCBI,validated,previous_mapping
CHEMBL14376,ILOPERIDONE,DB04946,Iloperidone,P35348,148,ADRA1A,HGNC:277,ADRA1A,adrenoceptor alpha 1A,targets,DrugBank,NCBI,validated,previous_mapping
CHEMBL14376,ILOPERIDONE,DB04946,Iloperidone,P35367,3269,HRH1,HGNC:5182,HRH1,histamine receptor H1,targets,DrugBank,NCBI,validated,previous_mapping
CHEMBL14376,ILOPERIDONE,DB04946,Iloperidone,P35462,1814,DRD3,HGNC:3024,DRD3,dopamine receptor D3,targets,DrugBank,NCBI,validated,previous_mapping
CHEMBL14376,ILOPERIDONE,DB04946,Iloperidone,P50406,3362,HTR6,HGNC:5301,HTR6,5-hydroxytryptamine receptor 6,targets,DrugBank,NCBI,validated,previous_mapping
CHEMBL1440,TETRACYCLINE,DB00759,Tetracycline,O94956,11309,SLCO2B1,HGNC:10962,SLCO2B1,solute carrier organic anion transporter family member 2B1,targets,DrugBank,NCBI,validated,previous_mapping
CHEMBL1440,TETRACYCLINE,DB00759,Tetracycline,P02768,213,ALB,HGNC:399,ALB,albumin,targets,DrugBank,NCBI,validated,previous_mapping
CHEMBL1440,TETRACYCLINE,DB00759,Tetracycline,P08684,1576,CYP3A4,HGNC:2637,CYP3A4,cytochrome P450 family 3 subfamily A member 4,targets,DrugBank,NCBI,validated,previous_mapping
CHEMBL1440,TETRACYCLINE,DB00759,Tetracycline,Q4U2R8,9356,SLC22A6,HGNC:10970,SLC22A6,solute carrier family 22 member 6,targets,DrugBank,NCBI,validated,previous_mapping
CHEMBL1440,TETRACYCLINE,DB00759,Tetracycline,Q8TCC7,9376,SLC22A8,HGNC:10972,SLC22A8,solute carrier family 22 member 8,targets,DrugBank,NCBI,validated,previous_mapping
CHEMBL1440,TETRACYCLINE,DB00759,Tetracycline,Q9NSA0,55867,SLC22A11,HGNC:18120,SLC22A11,solute carrier family 22 member 11,targets,DrugBank,NCBI,validated,previous_mapping
CHEMBL1440,TETRACYCLINE,DB00759,Tetracycline,Q9UM07,23569,PADI4,HGNC:18368,PADI4,peptidyl arginine deiminase 4,targets,DrugBank,NCBI,validated,previous_mapping
CHEMBL1440,TETRACYCLINE,DB00759,Tetracycline,Q9Y694,10864,SLC22A7,HGNC:10971,SLC22A7,solute carrier family 22 member 7,targets,DrugBank,NCBI,validated,previous_mapping
CHEMBL1445,FLUOXYMESTERONE,DB01185,Fluoxymesterone,P03372,2099,ESR1,HGNC:3467,ESR1,estrogen receptor 1,targets,DrugBank,NCBI,validated,previous_mapping
CHEMBL1445,FLUOXYMESTERONE,DB01185,Fluoxymesterone,P04150,2908,NR3C1,HGNC:7978,NR3C1,nuclear receptor subfamily 3 group C member 1,targets,DrugBank,NCBI,validated,previous_mapping
CHEMBL1445,FLUOXYMESTERONE,DB01185,Fluoxymesterone,P04278,6462,SHBG,HGNC:10839,SHBG,sex hormone binding globulin,targets,DrugBank,NCBI,validated,previous_mapping
CHEMBL1445,FLUOXYMESTERONE,DB01185,Fluoxymesterone,P10275,367,AR,HGNC:644,AR,androgen receptor,targets,DrugBank,NCBI,validated,previous_mapping
CHEMBL1445,FLUOXYMESTERONE,DB01185,Fluoxymesterone,P80365,3291,HSD11B2,HGNC:5209,HSD11B2,hydroxysteroid 11-beta dehydrogenase 2,targets,DrugBank,NCBI,validated,previous_mapping
CHEMBL1451,TRIAMCINOLONE,DB00620,Triamcinolone,P02768,213,ALB,HGNC:399,ALB,albumin,targets,DrugBank,NCBI,validated,previous_mapping
CHEMBL1451,TRIAMCINOLONE,DB00620,Triamcinolone,P04150,2908,NR3C1,HGNC:7978,NR3C1,nuclear receptor subfamily 3 group C member 1,targets,DrugBank,NCBI,validated,previous_mapping
CHEMBL1451,TRIAMCINOLONE,DB00620,Triamcinolone,P06276,590,BCHE,HGNC:983,BCHE,butyrylcholinesterase,targets,DrugBank,NCBI,validated,previous_mapping
CHEMBL1451,TRIAMCINOLONE,DB00620,Triamcinolone,P08185,866,SERPINA6,HGNC:1540,SERPINA6,serpin family A member 6,targets,DrugBank,NCBI,validated,previous_mapping
CHEMBL1451,TRIAMCINOLONE,DB00620,Triamcinolone,P08684,1576,CYP3A4,HGNC:2637,CYP3A4,cytochrome P450 family 3 subfamily A member 4,targets,DrugBank,NCBI,validated,previous_mapping
CHEMBL1451,TRIAMCINOLONE,DB00620,Triamcinolone,P20815,1577,CYP3A5,HGNC:2638,CYP3A5,cytochrome P450 family 3 subfamily A member 5,targets,DrugBank,NCBI,validated,previous_mapping
CHEMBL1451,TRIAMCINOLONE,DB00620,Triamcinolone,P24462,1551,CYP3A7,HGNC:2640,CYP3A7,cytochrome P450 family 3 subfamily A member 7,targets,DrugBank,NCBI,validated,previous_mapping
CHEMBL1451,TRIAMCINOLONE,DB00620,Triamcinolone,P35354,5743,PTGS2,HGNC:9605,PTGS2,prostaglandin-endoperoxide synthase 2,targets,DrugBank,NCBI,validated,previous_mapping
CHEMBL1457,HYDROCODONE,DB00956,Hydrocodone,P08684,1576,CYP3A4,HGNC:2637,CYP3A4,cytochrome P450 family 3 subfamily A member 4,targets,DrugBank,NCBI,validated,previous_mapping
CHEMBL1457,HYDROCODONE,DB00956,Hydrocodone,P10635,1565,CYP2D6,HGNC:2625,CYP2D6,cytochrome P450 family 2 subfamily D member 6 (gene/pseudogene),targets,DrugBank,NCBI,validated,previous_mapping
CHEMBL1457,HYDROCODONE,DB00956,Hydrocodone,P20813,1555,CYP2B6,HGNC:2615,CYP2B6,cytochrome P450 family 2 subfamily B member 6,targets,DrugBank,NCBI,validated,previous_mapping
CHEMBL1457,HYDROCODONE,DB00956,Hydrocodone,P33261,1557,CYP2C19,HGNC:2621,CYP2C19,cytochrome P450 family 2 subfamily C member 19,targets,DrugBank,NCBI,validated,previous_mapping
CHEMBL1457,HYDROCODONE,DB00956,Hydrocodone,P35372,4988,OPRM1,HGNC:8156,OPRM1,opioid receptor mu 1,targets,DrugBank,NCBI,validated,previous_mapping
CHEMBL1457,HYDROCODONE,DB00956,Hydrocodone,P41143,4985,OPRD1,HGNC:8153,OPRD1,opioid receptor delta 1,targets,DrugBank,NCBI,validated,previous_mapping
CHEMBL1457,HYDROCODONE,DB00956,Hydrocodone,Q99720,10280,SIGMAR1,HGNC:8157,SIGMAR1,sigma receptor chaperone 1,targets,DrugBank,NCBI,validated,previous_mapping
CHEMBL1472975,PEROSPIRONE,DB08922,Perospirone,P04798,1543,CYP1A1,HGNC:2595,CYP1A1,cytochrome P450 family 1 subfamily A member 1,targets,DrugBank,NCBI,validated,previous_mapping
CHEMBL1472975,PEROSPIRONE,DB08922,Perospirone,P08684,1576,CYP3A4,HGNC:2637,CYP3A4,cytochrome P450 family 3 subfamily A member 4,targets,DrugBank,NCBI,validated,previous_mapping
CHEMBL1472975,PEROSPIRONE,DB08922,Perospirone,P08908,3350,HTR1A,HGNC:5286,HTR1A,5-hydroxytryptamine receptor 1A,targets,DrugBank,NCBI,validated,previous_mapping
CHEMBL1472975,PEROSPIRONE,DB08922,Perospirone,P10632,1558,CYP2C8,HGNC:2622,CYP2C8,cytochrome P450 family 2 subfamily C member 8,targets,DrugBank,NCBI,validated,previous_mapping
CHEMBL1472975,PEROSPIRONE,DB08922,Perospirone,P10635,1565,CYP2D6,HGNC:2625,CYP2D6,cytochrome P450 family 2 subfamily D member 6 (gene/pseudogene),targets,DrugBank,NCBI,validated,previous_mapping
CHEMBL1472975,PEROSPIRONE,DB08922,Perospirone,P14416,1813,DRD2,HGNC:3023,DRD2,dopamine receptor D2,targets,DrugBank,NCBI,validated,previous_mapping
CHEMBL1472975,PEROSPIRONE,DB08922,Perospirone,P21917,1815,DRD4,HGNC:3025,DRD4,dopamine receptor D4,targets,DrugBank,NCBI,validated,previous_mapping
CHEMBL1472975,PEROSPIRONE,DB08922,Perospirone,P25100,146,ADRA1D,HGNC:280,ADRA1D,adrenoceptor alpha 1D,targets,DrugBank,NCBI,validated,previous_mapping
CHEMBL1472975,PEROSPIRONE,DB08922,Perospirone,P28223,3356,HTR2A,HGNC:5293,HTR2A,5-hydroxytryptamine receptor 2A,targets,DrugBank,NCBI,validated,previous_mapping
CHEMBL1472975,PEROSPIRONE,DB08922,Perospirone,P35348,148,ADRA1A,HGNC:277,ADRA1A,adrenoceptor alpha 1A,targets,DrugBank,NCBI,validated,previous_mapping
CHEMBL1472975,PEROSPIRONE,DB08922,Perospirone,P35367,3269,HRH1,HGNC:5182,HRH1,histamine receptor H1,targets,DrugBank,NCBI,validated,previous_mapping
CHEMBL1472975,PEROSPIRONE,DB08922,Perospirone,P35368,147,ADRA1B,HGNC:278,ADRA1B,adrenoceptor alpha 1B,targets,DrugBank,NCBI,validated,previous_mapping
CHEMBL1473,FLUTICASONE PROPIONATE,DB00588,Fluticasone propionate,P04150,2908,NR3C1,HGNC:7978,NR3C1,nuclear receptor subfamily 3 group C member 1,targets,DrugBank,NCBI,validated,previous_mapping
CHEMBL1473,FLUTICASONE PROPIONATE,DB00588,Fluticasone propionate,P06401,5241,PGR,HGNC:8910,PGR,progesterone receptor,targets,DrugBank,NCBI,validated,previous_mapping
CHEMBL1473,FLUTICASONE PROPIONATE,DB00588,Fluticasone propionate,P08183,5243,ABCB1,HGNC:40,ABCB1,ATP binding cassette subfamily B member 1,targets,DrugBank,NCBI,validated,previous_mapping
CHEMBL1473,FLUTICASONE PROPIONATE,DB00588,Fluticasone propionate,P08185,866,SERPINA6,HGNC:1540,SERPINA6,serpin family A member 6,targets,DrugBank,NCBI,validated,previous_mapping
CHEMBL1473,FLUTICASONE PROPIONATE,DB00588,Fluticasone propionate,P08235,4306,NR3C2,HGNC:7979,NR3C2,nuclear receptor subfamily 3 group C member 2,targets,DrugBank,NCBI,validated,previous_mapping
CHEMBL1473,FLUTICASONE PROPIONATE,DB00588,Fluticasone propionate,P08684,1576,CYP3A4,HGNC:2637,CYP3A4,cytochrome P450 family 3 subfamily A member 4,targets,DrugBank,NCBI,validated,previous_mapping
CHEMBL1473,FLUTICASONE PROPIONATE,DB00588,Fluticasone propionate,P10632,1558,CYP2C8,HGNC:2622,CYP2C8,cytochrome P450 family 2 subfamily C member 8,targets,DrugBank,NCBI,validated,previous_mapping
CHEMBL1473,FLUTICASONE PROPIONATE,DB00588,Fluticasone propionate,P20815,1577,CYP3A5,HGNC:2638,CYP3A5,cytochrome P450 family 3 subfamily A member 5,targets,DrugBank,NCBI,validated,previous_mapping
CHEMBL1473,FLUTICASONE PROPIONATE,DB00588,Fluticasone propionate,P24462,1551,CYP3A7,HGNC:2640,CYP3A7,cytochrome P450 family 3 subfamily A member 7,targets,DrugBank,NCBI,validated,previous_mapping
CHEMBL1473,FLUTICASONE PROPIONATE,DB00588,Fluticasone propionate,P47712,5321,PLA2G4A,HGNC:9035,PLA2G4A,phospholipase A2 group IVA,targets,DrugBank,NCBI,validated,previous_mapping
CHEMBL1473,FLUTICASONE PROPIONATE,DB00588,Fluticasone propionate,Q9Y6L6,10599,SLCO1B1,HGNC:10959,SLCO1B1,solute carrier organic anion transporter family member 1B1,targets,DrugBank,NCBI,validated,previous_mapping
CHEMBL1479,DANAZOL,DB01406,Danazol,P03372,2099,ESR1,HGNC:3467,ESR1,estrogen receptor 1,targets,DrugBank,NCBI,validated,previous_mapping
CHEMBL1479,DANAZOL,DB01406,Danazol,P04278,6462,SHBG,HGNC:10839,SHBG,sex hormone binding globulin,targets,DrugBank,NCBI,validated,previous_mapping
CHEMBL1479,DANAZOL,DB01406,Danazol,P06401,5241,PGR,HGNC:8910,PGR,progesterone receptor,targets,DrugBank,NCBI,validated,previous_mapping
CHEMBL1479,DANAZOL,DB01406,Danazol,P08684,1576,CYP3A4,HGNC:2637,CYP3A4,cytochrome P450 family 3 subfamily A member 4,targets,DrugBank,NCBI,validated,previous_mapping
CHEMBL1479,DANAZOL,DB01406,Danazol,P10275,367,AR,HGNC:644,AR,androgen receptor,targets,DrugBank,NCBI,validated,previous_mapping
CHEMBL1479,DANAZOL,DB01406,Danazol,P11511,1588,CYP19A1,HGNC:2594,CYP19A1,cytochrome P450 family 19 subfamily A member 1,targets,DrugBank,NCBI,validated,previous_mapping
CHEMBL1479,DANAZOL,DB01406,Danazol,P13500,6347,CCL2,HGNC:10618,CCL2,C-C motif chemokine ligand 2,targets,DrugBank,NCBI,validated,previous_mapping
CHEMBL1479,DANAZOL,DB01406,Danazol,P30968,2798,GNRHR,HGNC:4421,GNRHR,gonadotropin releasing hormone receptor,targets,DrugBank,NCBI,validated,previous_mapping
CHEMBL1479,DANAZOL,DB01406,Danazol,Q96P88,114814,GNRHR2,HGNC:16341,GNRHR2,gonadotropin releasing hormone receptor 2 (pseudogene),targets,DrugBank,NCBI,validated,previous_mapping
CHEMBL1481,GLIMEPIRIDE,DB00222,Glimepiride,O95342,8647,ABCB11,HGNC:42,ABCB11,ATP binding cassette subfamily B member 11,targets,DrugBank,NCBI,validated,previous_mapping
CHEMBL1481,GLIMEPIRIDE,DB00222,Glimepiride,P11712,1559,CYP2C9,HGNC:2623,CYP2C9,cytochrome P450 family 2 subfamily C member 9,targets,DrugBank,NCBI,validated,previous_mapping
CHEMBL1481,GLIMEPIRIDE,DB00222,Glimepiride,P48048,3758,KCNJ1,HGNC:6255,KCNJ1,potassium inwardly rectifying channel subfamily J member 1,targets,DrugBank,NCBI,validated,previous_mapping
CHEMBL1481,GLIMEPIRIDE,DB00222,Glimepiride,Q09428,6833,ABCC8,HGNC:59,ABCC8,ATP binding cassette subfamily C member 8,targets,DrugBank,NCBI,validated,previous_mapping
CHEMBL1481,GLIMEPIRIDE,DB00222,Glimepiride,Q14654,3767,KCNJ11,HGNC:6257,KCNJ11,potassium inwardly rectifying channel subfamily J member 11,targets,DrugBank,NCBI,validated,previous_mapping
CHEMBL1482,BETHANECHOL,DB01019,Bethanechol,P08172,1129,CHRM2,HGNC:1951,CHRM2,cholinergic receptor muscarinic 2,targets,DrugBank,NCBI,validated,previous_mapping
CHEMBL1482,BETHANECHOL,DB01019,Bethanechol,P08173,1132,CHRM4,HGNC:1953,CHRM4,cholinergic receptor muscarinic 4,targets,DrugBank,NCBI,validated,previous_mapping
CHEMBL1482,BETHANECHOL,DB01019,Bethanechol,P11229,1128,CHRM1,HGNC:1950,CHRM1,cholinergic receptor muscarinic 1,targets,DrugBank,NCBI,validated,previous_mapping
CHEMBL1482,BETHANECHOL,DB01019,Bethanechol,P20309,1131,CHRM3,HGNC:1952,CHRM3,cholinergic receptor muscarinic 3,targets,DrugBank,NCBI,validated,previous_mapping
CHEMBL1487,ATORVASTATIN,DB01076,Atorvastatin,O15439,10257,ABCC4,HGNC:55,ABCC4,ATP binding cassette subfamily C member 4 (PEL blood group),targets,DrugBank,NCBI,validated,previous_mapping
CHEMBL1487,ATORVASTATIN,DB01076,Atorvastatin,O15440,10057,ABCC5,HGNC:56,ABCC5,ATP binding cassette subfamily C member 5,targets,DrugBank,NCBI,validated,previous_mapping
CHEMBL1487,ATORVASTATIN,DB01076,Atorvastatin,O94956,11309,SLCO2B1,HGNC:10962,SLCO2B1,solute carrier organic anion transporter family member 2B1,targets,DrugBank,NCBI,validated,previous_mapping
CHEMBL1487,ATORVASTATIN,DB01076,Atorvastatin,O95342,8647,ABCB11,HGNC:42,ABCB11,ATP binding cassette subfamily B member 11,targets,DrugBank,NCBI,validated,previous_mapping
CHEMBL1487,ATORVASTATIN,DB01076,Atorvastatin,P02768,213,ALB,HGNC:399,ALB,albumin,targets,DrugBank,NCBI,validated,previous_mapping
CHEMBL1487,ATORVASTATIN,DB01076,Atorvastatin,P04035,3156,HMGCR,HGNC:5006,HMGCR,3-hydroxy-3-methylglutaryl-CoA reductase,targets,DrugBank,NCBI,validated,previous_mapping
CHEMBL1487,ATORVASTATIN,DB01076,Atorvastatin,P08183,5243,ABCB1,HGNC:40,ABCB1,ATP binding cassette subfamily B member 1,targets,DrugBank,NCBI,validated,previous_mapping
CHEMBL1487,ATORVASTATIN,DB01076,Atorvastatin,P08684,1576,CYP3A4,HGNC:2637,CYP3A4,cytochrome P450 family 3 subfamily A member 4,targets,DrugBank,NCBI,validated,previous_mapping
CHEMBL1487,ATORVASTATIN,DB01076,Atorvastatin,P10632,1558,CYP2C8,HGNC:2622,CYP2C8,cytochrome P450 family 2 subfamily C member 8,targets,DrugBank,NCBI,validated,previous_mapping
CHEMBL1487,ATORVASTATIN,DB01076,Atorvastatin,P10635,1565,CYP2D6,HGNC:2625,CYP2D6,cytochrome P450 family 2 subfamily D member 6 (gene/pseudogene),targets,DrugBank,NCBI,validated,previous_mapping
CHEMBL1487,ATORVASTATIN,DB01076,Atorvastatin,P11712,1559,CYP2C9,HGNC:2623,CYP2C9,cytochrome P450 family 2 subfamily C member 9,targets,DrugBank,NCBI,validated,previous_mapping
CHEMBL1487,ATORVASTATIN,DB01076,Atorvastatin,P20813,1555,CYP2B6,HGNC:2615,CYP2B6,cytochrome P450 family 2 subfamily B member 6,targets,DrugBank,NCBI,validated,previous_mapping
CHEMBL1487,ATORVASTATIN,DB01076,Atorvastatin,P20815,1577,CYP3A5,HGNC:2638,CYP3A5,cytochrome P450 family 3 subfamily A member 5,targets,DrugBank,NCBI,validated,previous_mapping
CHEMBL1487,ATORVASTATIN,DB01076,Atorvastatin,P22309,54658,UGT1A1,HGNC:12530,UGT1A1,UDP glucuronosyltransferase family 1 member A1,targets,DrugBank,NCBI,validated,previous_mapping
CHEMBL1487,ATORVASTATIN,DB01076,Atorvastatin,P24462,1551,CYP3A7,HGNC:2640,CYP3A7,cytochrome P450 family 3 subfamily A member 7,targets,DrugBank,NCBI,validated,previous_mapping
CHEMBL1487,ATORVASTATIN,DB01076,Atorvastatin,P27487,1803,DPP4,HGNC:3009,DPP4,dipeptidyl peptidase 4,targets,DrugBank,NCBI,validated,previous_mapping
CHEMBL1487,ATORVASTATIN,DB01076,Atorvastatin,P33261,1557,CYP2C19,HGNC:2621,CYP2C19,cytochrome P450 family 2 subfamily C member 19,targets,DrugBank,NCBI,validated,previous_mapping
CHEMBL1487,ATORVASTATIN,DB01076,Atorvastatin,P33527,4363,ABCC1,HGNC:51,ABCC1,ATP binding cassette subfamily C member 1 (ABCC1 blood group),targets,DrugBank,NCBI,validated,previous_mapping
CHEMBL1487,ATORVASTATIN,DB01076,Atorvastatin,P35503,54659,UGT1A3,HGNC:12535,UGT1A3,UDP glucuronosyltransferase family 1 member A3,targets,DrugBank,NCBI,validated,previous_mapping
CHEMBL1487,ATORVASTATIN,DB01076,Atorvastatin,P35869,196,AHR,HGNC:348,AHR,aryl hydrocarbon receptor,targets,DrugBank,NCBI,validated,previous_mapping
CHEMBL1487,ATORVASTATIN,DB01076,Atorvastatin,P46721,6579,SLCO1A2,HGNC:10956,SLCO1A2,solute carrier organic anion transporter family member 1A2,targets,DrugBank,NCBI,validated,previous_mapping
CHEMBL1487,ATORVASTATIN,DB01076,Atorvastatin,Q14994,9970,NR1I3,HGNC:7969,NR1I3,nuclear receptor subfamily 1 group I member 3,targets,DrugBank,NCBI,validated,previous_mapping
CHEMBL1487,ATORVASTATIN,DB01076,Atorvastatin,Q92769,3066,HDAC2,HGNC:4853,HDAC2,histone deacetylase 2,targets,DrugBank,NCBI,validated,previous_mapping
CHEMBL1487,ATORVASTATIN,DB01076,Atorvastatin,Q92887,1244,ABCC2,HGNC:53,ABCC2,ATP binding cassette subfamily C member 2,targets,DrugBank,NCBI,validated,previous_mapping
CHEMBL1487,ATORVASTATIN,DB01076,Atorvastatin,Q9NPD5,28234,SLCO1B3,HGNC:10961,SLCO1B3,solute carrier organic anion transporter family member 1B3,targets,DrugBank,NCBI,validated,previous_mapping
CHEMBL1487,ATORVASTATIN,DB01076,Atorvastatin,Q9Y6L6,10599,SLCO1B1,HGNC:10959,SLCO1B1,solute carrier organic anion transporter family member 1B1,targets,DrugBank,NCBI,validated,previous_mapping
CHEMBL1490,TRIHEXYPHENIDYL,DB00376,Trihexyphenidyl,P08172,1129,CHRM2,HGNC:1951,CHRM2,cholinergic receptor muscarinic 2,targets,DrugBank,NCBI,validated,previous_mapping
CHEMBL1490,TRIHEXYPHENIDYL,DB00376,Trihexyphenidyl,P08173,1132,CHRM4,HGNC:1953,CHRM4,cholinergic receptor muscarinic 4,targets,DrugBank,NCBI,validated,previous_mapping
CHEMBL1490,TRIHEXYPHENIDYL,DB00376,Trihexyphenidyl,P08912,1133,CHRM5,HGNC:1954,CHRM5,cholinergic receptor muscarinic 5,targets,DrugBank,NCBI,validated,previous_mapping
CHEMBL1490,TRIHEXYPHENIDYL,DB00376,Trihexyphenidyl,P11229,1128,CHRM1,HGNC:1950,CHRM1,cholinergic receptor muscarinic 1,targets,DrugBank,NCBI,validated,previous_mapping
CHEMBL1490,TRIHEXYPHENIDYL,DB00376,Trihexyphenidyl,P20309,1131,CHRM3,HGNC:1952,CHRM3,cholinergic receptor muscarinic 3,targets,DrugBank,NCBI,validated,previous_mapping
CHEMBL1491,AMLODIPINE,DB00381,Amlodipine,P00915,759,CA1,HGNC:1368,CA1,carbonic anhydrase 1,targets,DrugBank,NCBI,validated,previous_mapping
CHEMBL1491,AMLODIPINE,DB00381,Amlodipine,P04798,1543,CYP1A1,HGNC:2595,CYP1A1,cytochrome P450 family 1 subfamily A member 1,targets,DrugBank,NCBI,validated,previous_mapping
CHEMBL1491,AMLODIPINE,DB00381,Amlodipine,P08183,5243,ABCB1,HGNC:40,ABCB1,ATP binding cassette subfamily B member 1,targets,DrugBank,NCBI,validated,previous_mapping
CHEMBL1491,AMLODIPINE,DB00381,Amlodipine,P08684,1576,CYP3A4,HGNC:2637,CYP3A4,cytochrome P450 family 3 subfamily A member 4,targets,DrugBank,NCBI,validated,previous_mapping
CHEMBL1491,AMLODIPINE,DB00381,Amlodipine,P10632,1558,CYP2C8,HGNC:2622,CYP2C8,cytochrome P450 family 2 subfamily C member 8,targets,DrugBank,NCBI,validated,previous_mapping
CHEMBL1491,AMLODIPINE,DB00381,Amlodipine,P10635,1565,CYP2D6,HGNC:2625,CYP2D6,cytochrome P450 family 2 subfamily D member 6 (gene/pseudogene),targets,DrugBank,NCBI,validated,previous_mapping
CHEMBL1491,AMLODIPINE,DB00381,Amlodipine,P17405,6609,SMPD1,HGNC:11120,SMPD1,sphingomyelin phosphodiesterase 1,targets,DrugBank,NCBI,validated,previous_mapping
CHEMBL1491,AMLODIPINE,DB00381,Amlodipine,P20813,1555,CYP2B6,HGNC:2615,CYP2B6,cytochrome P450 family 2 subfamily B member 6,targets,DrugBank,NCBI,validated,previous_mapping
CHEMBL1491,AMLODIPINE,DB00381,Amlodipine,P20815,1577,CYP3A5,HGNC:2638,CYP3A5,cytochrome P450 family 3 subfamily A member 5,targets,DrugBank,NCBI,validated,previous_mapping
CHEMBL1491,AMLODIPINE,DB00381,Amlodipine,Q00975,774,CACNA1B,HGNC:1389,CACNA1B,calcium voltage-gated channel subunit alpha1 B,targets,DrugBank,NCBI,validated,previous_mapping
CHEMBL1491,AMLODIPINE,DB00381,Amlodipine,Q02641,782,CACNB1,HGNC:1401,CACNB1,calcium voltage-gated channel auxiliary subunit beta 1,targets,DrugBank,NCBI,validated,previous_mapping
CHEMBL1491,AMLODIPINE,DB00381,Amlodipine,Q13936,775,CACNA1C,HGNC:1390,CACNA1C,calcium voltage-gated channel subunit alpha1 C,targets,DrugBank,NCBI,validated,previous_mapping
CHEMBL1491,AMLODIPINE,DB00381,Amlodipine,Q8IZS8,55799,CACNA2D3,HGNC:15460,CACNA2D3,calcium voltage-gated channel auxiliary subunit alpha2delta 3,targets,DrugBank,NCBI,validated,previous_mapping
CHEMBL1491,AMLODIPINE,DB00381,Amlodipine,Q9P0X4,8911,CACNA1I,HGNC:1396,CACNA1I,calcium voltage-gated channel subunit alpha1 I,targets,DrugBank,NCBI,validated,previous_mapping
CHEMBL1492500,DOTHIEPIN,DB09167,Dosulepin,P05177,1544,CYP1A2,HGNC:2596,CYP1A2,cytochrome P450 family 1 subfamily A member 2,targets,DrugBank,NCBI,validated,synonym_match
CHEMBL1492500,DOTHIEPIN,DB09167,Dosulepin,P08172,1129,CHRM2,HGNC:1951,CHRM2,cholinergic receptor muscarinic 2,targets,DrugBank,NCBI,validated,synonym_match
CHEMBL1492500,DOTHIEPIN,DB09167,Dosulepin,P08173,1132,CHRM4,HGNC:1953,CHRM4,cholinergic receptor muscarinic 4,targets,DrugBank,NCBI,validated,synonym_match
CHEMBL1492500,DOTHIEPIN,DB09167,Dosulepin,P08908,3350,HTR1A,HGNC:5286,HTR1A,5-hydroxytryptamine receptor 1A,targets,DrugBank,NCBI,validated,synonym_match
CHEMBL1492500,DOTHIEPIN,DB09167,Dosulepin,P08912,1133,CHRM5,HGNC:1954,CHRM5,cholinergic receptor muscarinic 5,targets,DrugBank,NCBI,validated,synonym_match
CHEMBL1492500,DOTHIEPIN,DB09167,Dosulepin,P08913,150,ADRA2A,HGNC:281,ADRA2A,adrenoceptor alpha 2A,targets,DrugBank,NCBI,validated,synonym_match
CHEMBL1492500,DOTHIEPIN,DB09167,Dosulepin,P10635,1565,CYP2D6,HGNC:2625,CYP2D6,cytochrome P450 family 2 subfamily D member 6 (gene/pseudogene),targets,DrugBank,NCBI,validated,synonym_match
CHEMBL1492500,DOTHIEPIN,DB09167,Dosulepin,P11229,1128,CHRM1,HGNC:1950,CHRM1,cholinergic receptor muscarinic 1,targets,DrugBank,NCBI,validated,synonym_match
CHEMBL1492500,DOTHIEPIN,DB09167,Dosulepin,P11712,1559,CYP2C9,HGNC:2623,CYP2C9,cytochrome P450 family 2 subfamily C member 9,targets,DrugBank,NCBI,validated,synonym_match
CHEMBL1492500,DOTHIEPIN,DB09167,Dosulepin,P18089,151,ADRA2B,HGNC:282,ADRA2B,adrenoceptor alpha 2B,targets,DrugBank,NCBI,validated,synonym_match
CHEMBL1492500,DOTHIEPIN,DB09167,Dosulepin,P18825,152,ADRA2C,HGNC:283,ADRA2C,adrenoceptor alpha 2C,targets,DrugBank,NCBI,validated,synonym_match
CHEMBL1492500,DOTHIEPIN,DB09167,Dosulepin,P20309,1131,CHRM3,HGNC:1952,CHRM3,cholinergic receptor muscarinic 3,targets,DrugBank,NCBI,validated,synonym_match
CHEMBL1492500,DOTHIEPIN,DB09167,Dosulepin,P23975,6530,SLC6A2,HGNC:11048,SLC6A2,solute carrier family 6 member 2,targets,DrugBank,NCBI,validated,synonym_match
CHEMBL1492500,DOTHIEPIN,DB09167,Dosulepin,P25100,146,ADRA1D,HGNC:280,ADRA1D,adrenoceptor alpha 1D,targets,DrugBank,NCBI,validated,synonym_match
CHEMBL1492500,DOTHIEPIN,DB09167,Dosulepin,P28223,3356,HTR2A,HGNC:5293,HTR2A,5-hydroxytryptamine receptor 2A,targets,DrugBank,NCBI,validated,synonym_match
CHEMBL1492500,DOTHIEPIN,DB09167,Dosulepin,P31645,6532,SLC6A4,HGNC:11050,SLC6A4,solute carrier family 6 member 4,targets,DrugBank,NCBI,validated,synonym_match
CHEMBL1492500,DOTHIEPIN,DB09167,Dosulepin,P33261,1557,CYP2C19,HGNC:2621,CYP2C19,cytochrome P450 family 2 subfamily C member 19,targets,DrugBank,NCBI,validated,synonym_match
CHEMBL1492500,DOTHIEPIN,DB09167,Dosulepin,P35348,148,ADRA1A,HGNC:277,ADRA1A,adrenoceptor alpha 1A,targets,DrugBank,NCBI,validated,synonym_match
CHEMBL1492500,DOTHIEPIN,DB09167,Dosulepin,P35367,3269,HRH1,HGNC:5182,HRH1,histamine receptor H1,targets,DrugBank,NCBI,validated,synonym_match
CHEMBL1492500,DOTHIEPIN,DB09167,Dosulepin,P35368,147,ADRA1B,HGNC:278,ADRA1B,adrenoceptor alpha 1B,targets,DrugBank,NCBI,validated,synonym_match
CHEMBL1495,OXYPHENCYCLIMINE,DB00383,Oxyphencyclimine,P08172,1129,CHRM2,HGNC:1951,CHRM2,cholinergic receptor muscarinic 2,targets,DrugBank,NCBI,validated,previous_mapping
CHEMBL1495,OXYPHENCYCLIMINE,DB00383,Oxyphencyclimine,P11229,1128,CHRM1,HGNC:1950,CHRM1,cholinergic receptor muscarinic 1,targets,DrugBank,NCBI,validated,previous_mapping
CHEMBL1495,OXYPHENCYCLIMINE,DB00383,Oxyphencyclimine,P20309,1131,CHRM3,HGNC:1952,CHRM3,cholinergic receptor muscarinic 3,targets,DrugBank,NCBI,validated,previous_mapping
CHEMBL1496,ROSUVASTATIN,DB01098,Rosuvastatin,O15439,10257,ABCC4,HGNC:55,ABCC4,ATP binding cassette subfamily C member 4 (PEL blood group),targets,DrugBank,NCBI,validated,previous_mapping
CHEMBL1496,ROSUVASTATIN,DB01098,Rosuvastatin,O94956,11309,SLCO2B1,HGNC:10962,SLCO2B1,solute carrier organic anion transporter family member 2B1,targets,DrugBank,NCBI,validated,previous_mapping
CHEMBL1496,ROSUVASTATIN,DB01098,Rosuvastatin,O95342,8647,ABCB11,HGNC:42,ABCB11,ATP binding cassette subfamily B member 11,targets,DrugBank,NCBI,validated,previous_mapping
CHEMBL1496,ROSUVASTATIN,DB01098,Rosuvastatin,P02768,213,ALB,HGNC:399,ALB,albumin,targets,DrugBank,NCBI,validated,previous_mapping
CHEMBL1496,ROSUVASTATIN,DB01098,Rosuvastatin,P04035,3156,HMGCR,HGNC:5006,HMGCR,3-hydroxy-3-methylglutaryl-CoA reductase,targets,DrugBank,NCBI,validated,previous_mapping
CHEMBL1496,ROSUVASTATIN,DB01098,Rosuvastatin,P11712,1559,CYP2C9,HGNC:2623,CYP2C9,cytochrome P450 family 2 subfamily C member 9,targets,DrugBank,NCBI,validated,previous_mapping
CHEMBL1496,ROSUVASTATIN,DB01098,Rosuvastatin,P20701,3683,ITGAL,HGNC:6148,ITGAL,integrin subunit alpha L,targets,DrugBank,NCBI,validated,previous_mapping
CHEMBL1496,ROSUVASTATIN,DB01098,Rosuvastatin,P46721,6579,SLCO1A2,HGNC:10956,SLCO1A2,solute carrier organic anion transporter family member 1A2,targets,DrugBank,NCBI,validated,previous_mapping
CHEMBL1496,ROSUVASTATIN,DB01098,Rosuvastatin,Q14973,6554,SLC10A1,HGNC:10905,SLC10A1,solute carrier family 10 member 1,targets,DrugBank,NCBI,validated,previous_mapping
CHEMBL1496,ROSUVASTATIN,DB01098,Rosuvastatin,Q8TCC7,9376,SLC22A8,HGNC:10972,SLC22A8,solute carrier family 22 member 8,targets,DrugBank,NCBI,validated,previous_mapping
CHEMBL1496,ROSUVASTATIN,DB01098,Rosuvastatin,Q92887,1244,ABCC2,HGNC:53,ABCC2,ATP binding cassette subfamily C member 2,targets,DrugBank,NCBI,validated,previous_mapping
CHEMBL1496,ROSUVASTATIN,DB01098,Rosuvastatin,Q9NPD5,28234,SLCO1B3,HGNC:10961,SLCO1B3,solute carrier organic anion transporter family member 1B3,targets,DrugBank,NCBI,validated,previous_mapping
CHEMBL1496,ROSUVASTATIN,DB01098,Rosuvastatin,Q9UNQ0,9429,ABCG2,HGNC:74,ABCG2,ATP binding cassette subfamily G member 2 (JR blood group),targets,DrugBank,NCBI,validated,previous_mapping
CHEMBL1496,ROSUVASTATIN,DB01098,Rosuvastatin,Q9UPY5,23657,SLC7A11,HGNC:11059,SLC7A11,solute carrier family 7 member 11,targets,DrugBank,NCBI,validated,previous_mapping
CHEMBL1496,ROSUVASTATIN,DB01098,Rosuvastatin,Q9Y6L6,10599,SLCO1B1,HGNC:10959,SLCO1B1,solute carrier organic anion transporter family member 1B1,targets,DrugBank,NCBI,validated,previous_mapping
CHEMBL1505,ALMOTRIPTAN,DB00918,Almotriptan,P05181,1571,CYP2E1,HGNC:2631,CYP2E1,cytochrome P450 family 2 subfamily E member 1,targets,DrugBank,NCBI,validated,previous_mapping
CHEMBL1505,ALMOTRIPTAN,DB00918,Almotriptan,P08684,1576,CYP3A4,HGNC:2637,CYP3A4,cytochrome P450 family 3 subfamily A member 4,targets,DrugBank,NCBI,validated,previous_mapping
CHEMBL1505,ALMOTRIPTAN,DB00918,Almotriptan,P10632,1558,CYP2C8,HGNC:2622,CYP2C8,cytochrome P450 family 2 subfamily C member 8,targets,DrugBank,NCBI,validated,previous_mapping
CHEMBL1505,ALMOTRIPTAN,DB00918,Almotriptan,P10635,1565,CYP2D6,HGNC:2625,CYP2D6,cytochrome P450 family 2 subfamily D member 6 (gene/pseudogene),targets,DrugBank,NCBI,validated,previous_mapping
CHEMBL1505,ALMOTRIPTAN,DB00918,Almotriptan,P21397,4128,MAOA,HGNC:6833,MAOA,monoamine oxidase A,targets,DrugBank,NCBI,validated,previous_mapping
CHEMBL1505,ALMOTRIPTAN,DB00918,Almotriptan,P28221,3352,HTR1D,HGNC:5289,HTR1D,5-hydroxytryptamine receptor 1D,targets,DrugBank,NCBI,validated,previous_mapping
CHEMBL1505,ALMOTRIPTAN,DB00918,Almotriptan,P28222,3351,HTR1B,HGNC:5287,HTR1B,5-hydroxytryptamine receptor 1B,targets,DrugBank,NCBI,validated,previous_mapping
CHEMBL1505,ALMOTRIPTAN,DB00918,Almotriptan,P31513,2328,FMO3,HGNC:3771,FMO3,flavin containing dimethylaniline monoxygenase 3,targets,DrugBank,NCBI,validated,previous_mapping
CHEMBL1505,ALMOTRIPTAN,DB00918,Almotriptan,P33261,1557,CYP2C19,HGNC:2621,CYP2C19,cytochrome P450 family 2 subfamily C member 19,targets,DrugBank,NCBI,validated,previous_mapping
CHEMBL1508,ESCITALOPRAM,DB01175,Escitalopram,P08183,5243,ABCB1,HGNC:40,ABCB1,ATP binding cassette subfamily B member 1,targets,DrugBank,NCBI,validated,previous_mapping
CHEMBL1508,ESCITALOPRAM,DB01175,Escitalopram,P08684,1576,CYP3A4,HGNC:2637,CYP3A4,cytochrome P450 family 3 subfamily A member 4,targets,DrugBank,NCBI,validated,previous_mapping
CHEMBL1508,ESCITALOPRAM,DB01175,Escitalopram,P08908,3350,HTR1A,HGNC:5286,HTR1A,5-hydroxytryptamine receptor 1A,targets,DrugBank,NCBI,validated,previous_mapping
CHEMBL1508,ESCITALOPRAM,DB01175,Escitalopram,P08913,150,ADRA2A,HGNC:281,ADRA2A,adrenoceptor alpha 2A,targets,DrugBank,NCBI,validated,previous_mapping
CHEMBL1508,ESCITALOPRAM,DB01175,Escitalopram,P10635,1565,CYP2D6,HGNC:2625,CYP2D6,cytochrome P450 family 2 subfamily D member 6 (gene/pseudogene),targets,DrugBank,NCBI,validated,previous_mapping
CHEMBL1508,ESCITALOPRAM,DB01175,Escitalopram,P11229,1128,CHRM1,HGNC:1950,CHRM1,cholinergic receptor muscarinic 1,targets,DrugBank,NCBI,validated,previous_mapping
CHEMBL1508,ESCITALOPRAM,DB01175,Escitalopram,P14416,1813,DRD2,HGNC:3023,DRD2,dopamine receptor D2,targets,DrugBank,NCBI,validated,previous_mapping
CHEMBL1508,ESCITALOPRAM,DB01175,Escitalopram,P18089,151,ADRA2B,HGNC:282,ADRA2B,adrenoceptor alpha 2B,targets,DrugBank,NCBI,validated,previous_mapping
CHEMBL1508,ESCITALOPRAM,DB01175,Escitalopram,P18825,152,ADRA2C,HGNC:283,ADRA2C,adrenoceptor alpha 2C,targets,DrugBank,NCBI,validated,previous_mapping
CHEMBL1508,ESCITALOPRAM,DB01175,Escitalopram,P21397,4128,MAOA,HGNC:6833,MAOA,monoamine oxidase A,targets,DrugBank,NCBI,validated,previous_mapping
CHEMBL1508,ESCITALOPRAM,DB01175,Escitalopram,P23975,6530,SLC6A2,HGNC:11048,SLC6A2,solute carrier family 6 member 2,targets,DrugBank,NCBI,validated,previous_mapping
CHEMBL1508,ESCITALOPRAM,DB01175,Escitalopram,P25100,146,ADRA1D,HGNC:280,ADRA1D,adrenoceptor alpha 1D,targets,DrugBank,NCBI,validated,previous_mapping
CHEMBL1508,ESCITALOPRAM,DB01175,Escitalopram,P27338,4129,MAOB,HGNC:6834,MAOB,monoamine oxidase B,targets,DrugBank,NCBI,validated,previous_mapping
CHEMBL1508,ESCITALOPRAM,DB01175,Escitalopram,P28223,3356,HTR2A,HGNC:5293,HTR2A,5-hydroxytryptamine receptor 2A,targets,DrugBank,NCBI,validated,previous_mapping
CHEMBL1508,ESCITALOPRAM,DB01175,Escitalopram,P28335,3358,HTR2C,HGNC:5295,HTR2C,5-hydroxytryptamine receptor 2C,targets,DrugBank,NCBI,validated,previous_mapping
CHEMBL1508,ESCITALOPRAM,DB01175,Escitalopram,P31645,6532,SLC6A4,HGNC:11050,SLC6A4,solute carrier family 6 member 4,targets,DrugBank,NCBI,validated,previous_mapping
CHEMBL1508,ESCITALOPRAM,DB01175,Escitalopram,P33261,1557,CYP2C19,HGNC:2621,CYP2C19,cytochrome P450 family 2 subfamily C member 19,targets,DrugBank,NCBI,validated,previous_mapping
CHEMBL1508,ESCITALOPRAM,DB01175,Escitalopram,P35348,148,ADRA1A,HGNC:277,ADRA1A,adrenoceptor alpha 1A,targets,DrugBank,NCBI,validated,previous_mapping
CHEMBL1508,ESCITALOPRAM,DB01175,Escitalopram,P35367,3269,HRH1,HGNC:5182,HRH1,histamine receptor H1,targets,DrugBank,NCBI,validated,previous_mapping
CHEMBL1508,ESCITALOPRAM,DB01175,Escitalopram,P35368,147,ADRA1B,HGNC:278,ADRA1B,adrenoceptor alpha 1B,targets,DrugBank,NCBI,validated,previous_mapping
CHEMBL1508,ESCITALOPRAM,DB01175,Escitalopram,Q01959,6531,SLC6A3,HGNC:11049,SLC6A3,solute carrier family 6 member 3,targets,DrugBank,NCBI,validated,previous_mapping
CHEMBL1509,DROSPIRENONE,DB01395,Drospirenone,P04150,2908,NR3C1,HGNC:7978,NR3C1,nuclear receptor subfamily 3 group C member 1,targets,DrugBank,NCBI,validated,previous_mapping
CHEMBL1509,DROSPIRENONE,DB01395,Drospirenone,P06401,5241,PGR,HGNC:8910,PGR,progesterone receptor,targets,DrugBank,NCBI,validated,previous_mapping
CHEMBL1509,DROSPIRENONE,DB01395,Drospirenone,P08235,4306,NR3C2,HGNC:7979,NR3C2,nuclear receptor subfamily 3 group C member 2,targets,DrugBank,NCBI,validated,previous_mapping
CHEMBL1509,DROSPIRENONE,DB01395,Drospirenone,P08684,1576,CYP3A4,HGNC:2637,CYP3A4,cytochrome P450 family 3 subfamily A member 4,targets,DrugBank,NCBI,validated,previous_mapping
CHEMBL1509,DROSPIRENONE,DB01395,Drospirenone,P10275,367,AR,HGNC:644,AR,androgen receptor,targets,DrugBank,NCBI,validated,previous_mapping
CHEMBL1509,DROSPIRENONE,DB01395,Drospirenone,P27169,5444,PON1,HGNC:9204,PON1,paraoxonase 1,targets,DrugBank,NCBI,validated,previous_mapping
CHEMBL1509,DROSPIRENONE,DB01395,Drospirenone,P35354,5743,PTGS2,HGNC:9605,PTGS2,prostaglandin-endoperoxide synthase 2,targets,DrugBank,NCBI,validated,previous_mapping
CHEMBL1510,ELETRIPTAN,DB00216,Eletriptan,P08183,5243,ABCB1,HGNC:40,ABCB1,ATP binding cassette subfamily B member 1,targets,DrugBank,NCBI,validated,previous_mapping
CHEMBL1510,ELETRIPTAN,DB00216,Eletriptan,P08684,1576,CYP3A4,HGNC:2637,CYP3A4,cytochrome P450 family 3 subfamily A member 4,targets,DrugBank,NCBI,validated,previous_mapping
CHEMBL1510,ELETRIPTAN,DB00216,Eletriptan,P08908,3350,HTR1A,HGNC:5286,HTR1A,5-hydroxytryptamine receptor 1A,targets,DrugBank,NCBI,validated,previous_mapping
CHEMBL1510,ELETRIPTAN,DB00216,Eletriptan,P10635,1565,CYP2D6,HGNC:2625,CYP2D6,cytochrome P450 family 2 subfamily D member 6 (gene/pseudogene),targets,DrugBank,NCBI,validated,previous_mapping
CHEMBL1510,ELETRIPTAN,DB00216,Eletriptan,P11509,1548,CYP2A6,HGNC:2610,CYP2A6,cytochrome P450 family 2 subfamily A member 6,targets,DrugBank,NCBI,validated,previous_mapping
CHEMBL1510,ELETRIPTAN,DB00216,Eletriptan,P11712,1559,CYP2C9,HGNC:2623,CYP2C9,cytochrome P450 family 2 subfamily C member 9,targets,DrugBank,NCBI,validated,previous_mapping
CHEMBL1510,ELETRIPTAN,DB00216,Eletriptan,P23219,5742,PTGS1,HGNC:9604,PTGS1,prostaglandin-endoperoxide synthase 1,targets,DrugBank,NCBI,validated,previous_mapping
CHEMBL1510,ELETRIPTAN,DB00216,Eletriptan,P28221,3352,HTR1D,HGNC:5289,HTR1D,5-hydroxytryptamine receptor 1D,targets,DrugBank,NCBI,validated,previous_mapping
CHEMBL1510,ELETRIPTAN,DB00216,Eletriptan,P28222,3351,HTR1B,HGNC:5287,HTR1B,5-hydroxytryptamine receptor 1B,targets,DrugBank,NCBI,validated,previous_mapping
CHEMBL1510,ELETRIPTAN,DB00216,Eletriptan,P30939,3355,HTR1F,HGNC:5292,HTR1F,5-hydroxytryptamine receptor 1F,targets,DrugBank,NCBI,validated,previous_mapping
CHEMBL1510,ELETRIPTAN,DB00216,Eletriptan,P33261,1557,CYP2C19,HGNC:2621,CYP2C19,cytochrome P450 family 2 subfamily C member 19,targets,DrugBank,NCBI,validated,previous_mapping
CHEMBL1511,ESTRADIOL VALERATE,DB13956,Estradiol valerate,O15244,6582,SLC22A2,HGNC:10966,SLC22A2,solute carrier family 22 member 2,targets,DrugBank,NCBI,validated,previous_mapping
CHEMBL1511,ESTRADIOL VALERATE,DB13956,Estradiol valerate,O15245,6580,SLC22A1,HGNC:10963,SLC22A1,solute carrier family 22 member 1,targets,DrugBank,NCBI,validated,previous_mapping
CHEMBL1511,ESTRADIOL VALERATE,DB13956,Estradiol valerate,O75469,8856,NR1I2,HGNC:7968,NR1I2,nuclear receptor subfamily 1 group I member 2,targets,DrugBank,NCBI,validated,previous_mapping
CHEMBL1511,ESTRADIOL VALERATE,DB13956,Estradiol valerate,O75751,6581,SLC22A3,HGNC:10967,SLC22A3,solute carrier family 22 member 3,targets,DrugBank,NCBI,validated,previous_mapping
CHEMBL1511,ESTRADIOL VALERATE,DB13956,Estradiol valerate,O94956,11309,SLCO2B1,HGNC:10962,SLCO2B1,solute carrier organic anion transporter family member 2B1,targets,DrugBank,NCBI,validated,previous_mapping
CHEMBL1511,ESTRADIOL VALERATE,DB13956,Estradiol valerate,P00846,4508,MT-ATP6,HGNC:7414,MT-ATP6,mitochondrially encoded ATP synthase membrane subunit 6,targets,DrugBank,NCBI,validated,previous_mapping
CHEMBL1511,ESTRADIOL VALERATE,DB13956,Estradiol valerate,P02768,213,ALB,HGNC:399,ALB,albumin,targets,DrugBank,NCBI,validated,previous_mapping
CHEMBL1511,ESTRADIOL VALERATE,DB13956,Estradiol valerate,P03372,2099,ESR1,HGNC:3467,ESR1,estrogen receptor 1,targets,DrugBank,NCBI,validated,previous_mapping
CHEMBL1511,ESTRADIOL VALERATE,DB13956,Estradiol valerate,P04278,6462,SHBG,HGNC:10839,SHBG,sex hormone binding globulin,targets,DrugBank,NCBI,validated,previous_mapping
CHEMBL1511,ESTRADIOL VALERATE,DB13956,Estradiol valerate,P04798,1543,CYP1A1,HGNC:2595,CYP1A1,cytochrome P450 family 1 subfamily A member 1,targets,DrugBank,NCBI,validated,previous_mapping
CHEMBL1511,ESTRADIOL VALERATE,DB13956,Estradiol valerate,P05177,1544,CYP1A2,HGNC:2596,CYP1A2,cytochrome P450 family 1 subfamily A member 2,targets,DrugBank,NCBI,validated,previous_mapping
CHEMBL1511,ESTRADIOL VALERATE,DB13956,Estradiol valerate,P08183,5243,ABCB1,HGNC:40,ABCB1,ATP binding cassette subfamily B member 1,targets,DrugBank,NCBI,validated,previous_mapping
CHEMBL1511,ESTRADIOL VALERATE,DB13956,Estradiol valerate,P08684,1576,CYP3A4,HGNC:2637,CYP3A4,cytochrome P450 family 3 subfamily A member 4,targets,DrugBank,NCBI,validated,previous_mapping
CHEMBL1511,ESTRADIOL VALERATE,DB13956,Estradiol valerate,P10632,1558,CYP2C8,HGNC:2622,CYP2C8,cytochrome P450 family 2 subfamily C member 8,targets,DrugBank,NCBI,validated,previous_mapping
CHEMBL1511,ESTRADIOL VALERATE,DB13956,Estradiol valerate,P11712,1559,CYP2C9,HGNC:2623,CYP2C9,cytochrome P450 family 2 subfamily C member 9,targets,DrugBank,NCBI,validated,previous_mapping
CHEMBL1511,ESTRADIOL VALERATE,DB13956,Estradiol valerate,P12104,2169,FABP2,HGNC:3556,FABP2,fatty acid binding protein 2,targets,DrugBank,NCBI,validated,previous_mapping
CHEMBL1511,ESTRADIOL VALERATE,DB13956,Estradiol valerate,P20815,1577,CYP3A5,HGNC:2638,CYP3A5,cytochrome P450 family 3 subfamily A member 5,targets,DrugBank,NCBI,validated,previous_mapping
CHEMBL1511,ESTRADIOL VALERATE,DB13956,Estradiol valerate,P22309,54658,UGT1A1,HGNC:12530,UGT1A1,UDP glucuronosyltransferase family 1 member A1,targets,DrugBank,NCBI,validated,previous_mapping
CHEMBL1511,ESTRADIOL VALERATE,DB13956,Estradiol valerate,P24462,1551,CYP3A7,HGNC:2640,CYP3A7,cytochrome P450 family 3 subfamily A member 7,targets,DrugBank,NCBI,validated,previous_mapping
CHEMBL1511,ESTRADIOL VALERATE,DB13956,Estradiol valerate,P33261,1557,CYP2C19,HGNC:2621,CYP2C19,cytochrome P450 family 2 subfamily C member 19,targets,DrugBank,NCBI,validated,previous_mapping
CHEMBL1511,ESTRADIOL VALERATE,DB13956,Estradiol valerate,P37059,3294,HSD17B2,HGNC:5211,HSD17B2,hydroxysteroid 17-beta dehydrogenase 2,targets,DrugBank,NCBI,validated,previous_mapping
CHEMBL1511,ESTRADIOL VALERATE,DB13956,Estradiol valerate,P43681,1137,CHRNA4,HGNC:1958,CHRNA4,cholinergic receptor nicotinic alpha 4 subunit,targets,DrugBank,NCBI,validated,previous_mapping
CHEMBL1511,ESTRADIOL VALERATE,DB13956,Estradiol valerate,P46721,6579,SLCO1A2,HGNC:10956,SLCO1A2,solute carrier organic anion transporter family member 1A2,targets,DrugBank,NCBI,validated,previous_mapping
CHEMBL1511,ESTRADIOL VALERATE,DB13956,Estradiol valerate,P62508,2104,ESRRG,HGNC:3474,ESRRG,estrogen related receptor gamma,targets,DrugBank,NCBI,validated,previous_mapping
CHEMBL1511,ESTRADIOL VALERATE,DB13956,Estradiol valerate,Q14457,8678,BECN1,HGNC:1034,BECN1,beclin 1,targets,DrugBank,NCBI,validated,previous_mapping
CHEMBL1511,ESTRADIOL VALERATE,DB13956,Estradiol valerate,Q15596,10499,NCOA2,HGNC:7669,NCOA2,nuclear receptor coactivator 2,targets,DrugBank,NCBI,validated,previous_mapping
CHEMBL1511,ESTRADIOL VALERATE,DB13956,Estradiol valerate,Q16678,1545,CYP1B1,HGNC:2597,CYP1B1,cytochrome P450 family 1 subfamily B member 1,targets,DrugBank,NCBI,validated,previous_mapping
CHEMBL1511,ESTRADIOL VALERATE,DB13956,Estradiol valerate,Q5T3U5,89845,ABCC10,HGNC:52,ABCC10,ATP binding cassette subfamily C member 10,targets,DrugBank,NCBI,validated,previous_mapping
CHEMBL1511,ESTRADIOL VALERATE,DB13956,Estradiol valerate,Q8TCC7,9376,SLC22A8,HGNC:10972,SLC22A8,solute carrier family 22 member 8,targets,DrugBank,NCBI,validated,previous_mapping
CHEMBL1511,ESTRADIOL VALERATE,DB13956,Estradiol valerate,Q92731,2100,ESR2,HGNC:3468,ESR2,estrogen receptor 2,targets,DrugBank,NCBI,validated,previous_mapping
CHEMBL1511,ESTRADIOL VALERATE,DB13956,Estradiol valerate,Q96BD0,28231,SLCO4A1,HGNC:10953,SLCO4A1,solute carrier organic anion transporter family member 4A1,targets,DrugBank,NCBI,validated,previous_mapping
CHEMBL1511,ESTRADIOL VALERATE,DB13956,Estradiol valerate,Q99527,2852,GPER1,HGNC:4485,GPER1,G protein-coupled estrogen receptor 1,targets,DrugBank,NCBI,validated,previous_mapping
CHEMBL1511,ESTRADIOL VALERATE,DB13956,Estradiol valerate,Q9NPD5,28234,SLCO1B3,HGNC:10961,SLCO1B3,solute carrier organic anion transporter family member 1B3,targets,DrugBank,NCBI,validated,previous_mapping
CHEMBL1511,ESTRADIOL VALERATE,DB13956,Estradiol valerate,Q9NSA0,55867,SLC22A11,HGNC:18120,SLC22A11,solute carrier family 22 member 11,targets,DrugBank,NCBI,validated,previous_mapping
CHEMBL1511,ESTRADIOL VALERATE,DB13956,Estradiol valerate,Q9NYB5,53919,SLCO1C1,HGNC:13819,SLCO1C1,solute carrier organic anion transporter family member 1C1,targets,DrugBank,NCBI,validated,previous_mapping
CHEMBL1511,ESTRADIOL VALERATE,DB13956,Estradiol valerate,Q9UNQ0,9429,ABCG2,HGNC:74,ABCG2,ATP binding cassette subfamily G member 2 (JR blood group),targets,DrugBank,NCBI,validated,previous_mapping
CHEMBL1511,ESTRADIOL VALERATE,DB13956,Estradiol valerate,Q9Y6L6,10599,SLCO1B1,HGNC:10959,SLCO1B1,solute carrier organic anion transporter family member 1B1,targets,DrugBank,NCBI,validated,previous_mapping
CHEMBL1520,VARDENAFIL,DB00862,Vardenafil,O76074,8654,PDE5A,HGNC:8784,PDE5A,phosphodiesterase 5A,targets,DrugBank,NCBI,validated,previous_mapping
CHEMBL1520,VARDENAFIL,DB00862,Vardenafil,P08183,5243,ABCB1,HGNC:40,ABCB1,ATP binding cassette subfamily B member 1,targets,DrugBank,NCBI,validated,previous_mapping
CHEMBL1520,VARDENAFIL,DB00862,Vardenafil,P08684,1576,CYP3A4,HGNC:2637,CYP3A4,cytochrome P450 family 3 subfamily A member 4,targets,DrugBank,NCBI,validated,previous_mapping
CHEMBL1520,VARDENAFIL,DB00862,Vardenafil,P18545,5148,PDE6G,HGNC:8789,PDE6G,phosphodiesterase 6G,targets,DrugBank,NCBI,validated,previous_mapping
CHEMBL1520,VARDENAFIL,DB00862,Vardenafil,P20815,1577,CYP3A5,HGNC:2638,CYP3A5,cytochrome P450 family 3 subfamily A member 5,targets,DrugBank,NCBI,validated,previous_mapping
CHEMBL1520,VARDENAFIL,DB00862,Vardenafil,Q13956,5149,PDE6H,HGNC:8790,PDE6H,phosphodiesterase 6H,targets,DrugBank,NCBI,validated,previous_mapping
CHEMBL1521,ZALEPLON,DB00962,Zaleplon,P08684,1576,CYP3A4,HGNC:2637,CYP3A4,cytochrome P450 family 3 subfamily A member 4,targets,DrugBank,NCBI,validated,previous_mapping
CHEMBL1521,ZALEPLON,DB00962,Zaleplon,P14867,2554,GABRA1,HGNC:4075,GABRA1,gamma-aminobutyric acid type A receptor subunit alpha1,targets,DrugBank,NCBI,validated,previous_mapping
CHEMBL1521,ZALEPLON,DB00962,Zaleplon,P20815,1577,CYP3A5,HGNC:2638,CYP3A5,cytochrome P450 family 3 subfamily A member 5,targets,DrugBank,NCBI,validated,previous_mapping
CHEMBL1521,ZALEPLON,DB00962,Zaleplon,P24462,1551,CYP3A7,HGNC:2640,CYP3A7,cytochrome P450 family 3 subfamily A member 7,targets,DrugBank,NCBI,validated,previous_mapping
CHEMBL1521,ZALEPLON,DB00962,Zaleplon,Q06278,316,AOX1,HGNC:553,AOX1,aldehyde oxidase 1,targets,DrugBank,NCBI,validated,previous_mapping
CHEMBL1522,ESZOPICLONE,DB00402,Eszopiclone,O00591,2568,GABRP,HGNC:4089,GABRP,gamma-aminobutyric acid type A receptor subunit pi,targets,DrugBank,NCBI,validated,previous_mapping
CHEMBL1522,ESZOPICLONE,DB00402,Eszopiclone,O14764,2563,GABRD,HGNC:4084,GABRD,gamma-aminobutyric acid type A receptor subunit delta,targets,DrugBank,NCBI,validated,previous_mapping
CHEMBL1522,ESZOPICLONE,DB00402,Eszopiclone,P08684,1576,CYP3A4,HGNC:2637,CYP3A4,cytochrome P450 family 3 subfamily A member 4,targets,DrugBank,NCBI,validated,previous_mapping
CHEMBL1522,ESZOPICLONE,DB00402,Eszopiclone,P10632,1558,CYP2C8,HGNC:2622,CYP2C8,cytochrome P450 family 2 subfamily C member 8,targets,DrugBank,NCBI,validated,previous_mapping
CHEMBL1522,ESZOPICLONE,DB00402,Eszopiclone,P14867,2554,GABRA1,HGNC:4075,GABRA1,gamma-aminobutyric acid type A receptor subunit alpha1,targets,DrugBank,NCBI,validated,previous_mapping
CHEMBL1522,ESZOPICLONE,DB00402,Eszopiclone,P18505,2560,GABRB1,HGNC:4081,GABRB1,gamma-aminobutyric acid type A receptor subunit beta1,targets,DrugBank,NCBI,validated,previous_mapping
CHEMBL1522,ESZOPICLONE,DB00402,Eszopiclone,P18507,2566,GABRG2,HGNC:4087,GABRG2,gamma-aminobutyric acid type A receptor subunit gamma2,targets,DrugBank,NCBI,validated,previous_mapping
CHEMBL1522,ESZOPICLONE,DB00402,Eszopiclone,P28472,2562,GABRB3,HGNC:4083,GABRB3,gamma-aminobutyric acid type A receptor subunit beta3,targets,DrugBank,NCBI,validated,previous_mapping
CHEMBL1522,ESZOPICLONE,DB00402,Eszopiclone,P31644,2558,GABRA5,HGNC:4079,GABRA5,gamma-aminobutyric acid type A receptor subunit alpha5,targets,DrugBank,NCBI,validated,previous_mapping
CHEMBL1522,ESZOPICLONE,DB00402,Eszopiclone,P34903,2556,GABRA3,HGNC:4077,GABRA3,gamma-aminobutyric acid type A receptor subunit alpha3,targets,DrugBank,NCBI,validated,previous_mapping
CHEMBL1522,ESZOPICLONE,DB00402,Eszopiclone,P47869,2555,GABRA2,HGNC:4076,GABRA2,gamma-aminobutyric acid type A receptor subunit alpha2,targets,DrugBank,NCBI,validated,previous_mapping
CHEMBL1522,ESZOPICLONE,DB00402,Eszopiclone,P47870,2561,GABRB2,HGNC:4082,GABRB2,gamma-aminobutyric acid type A receptor subunit beta2,targets,DrugBank,NCBI,validated,previous_mapping
CHEMBL1522,ESZOPICLONE,DB00402,Eszopiclone,P48169,2557,GABRA4,HGNC:4078,GABRA4,gamma-aminobutyric acid type A receptor subunit alpha4,targets,DrugBank,NCBI,validated,previous_mapping
CHEMBL1522,ESZOPICLONE,DB00402,Eszopiclone,P78334,2564,GABRE,HGNC:4085,GABRE,gamma-aminobutyric acid type A receptor subunit epsilon,targets,DrugBank,NCBI,validated,previous_mapping
CHEMBL1522,ESZOPICLONE,DB00402,Eszopiclone,Q16445,2559,GABRA6,HGNC:4080,GABRA6,gamma-aminobutyric acid type A receptor subunit alpha6,targets,DrugBank,NCBI,validated,previous_mapping
CHEMBL1522,ESZOPICLONE,DB00402,Eszopiclone,Q8N1C3,2565,GABRG1,HGNC:4086,GABRG1,gamma-aminobutyric acid type A receptor subunit gamma1,targets,DrugBank,NCBI,validated,previous_mapping
CHEMBL1522,ESZOPICLONE,DB00402,Eszopiclone,Q99928,2567,GABRG3,HGNC:4088,GABRG3,gamma-aminobutyric acid type A receptor subunit gamma3,targets,DrugBank,NCBI,validated,previous_mapping
CHEMBL1522,ESZOPICLONE,DB00402,Eszopiclone,Q9UN88,55879,GABRQ,HGNC:14454,GABRQ,gamma-aminobutyric acid type A receptor subunit theta,targets,DrugBank,NCBI,validated,previous_mapping
CHEMBL15245,YOHIMBINE,DB01392,Yohimbine,P08684,1576,CYP3A4,HGNC:2637,CYP3A4,cytochrome P450 family 3 subfamily A member 4,targets,DrugBank,NCBI,validated,previous_mapping
CHEMBL15245,YOHIMBINE,DB01392,Yohimbine,P08908,3350,HTR1A,HGNC:5286,HTR1A,5-hydroxytryptamine receptor 1A,targets,DrugBank,NCBI,validated,previous_mapping
CHEMBL15245,YOHIMBINE,DB01392,Yohimbine,P08913,150,ADRA2A,HGNC:281,ADRA2A,adrenoceptor alpha 2A,targets,DrugBank,NCBI,validated,previous_mapping
CHEMBL15245,YOHIMBINE,DB01392,Yohimbine,P10635,1565,CYP2D6,HGNC:2625,CYP2D6,cytochrome P450 family 2 subfamily D member 6 (gene/pseudogene),targets,DrugBank,NCBI,validated,previous_mapping
CHEMBL15245,YOHIMBINE,DB01392,Yohimbine,P14416,1813,DRD2,HGNC:3023,DRD2,dopamine receptor D2,targets,DrugBank,NCBI,validated,previous_mapping
CHEMBL15245,YOHIMBINE,DB01392,Yohimbine,P18089,151,ADRA2B,HGNC:282,ADRA2B,adrenoceptor alpha 2B,targets,DrugBank,NCBI,validated,previous_mapping
CHEMBL15245,YOHIMBINE,DB01392,Yohimbine,P18825,152,ADRA2C,HGNC:283,ADRA2C,adrenoceptor alpha 2C,targets,DrugBank,NCBI,validated,previous_mapping
CHEMBL15245,YOHIMBINE,DB01392,Yohimbine,P28221,3352,HTR1D,HGNC:5289,HTR1D,5-hydroxytryptamine receptor 1D,targets,DrugBank,NCBI,validated,previous_mapping
CHEMBL15245,YOHIMBINE,DB01392,Yohimbine,P28222,3351,HTR1B,HGNC:5287,HTR1B,5-hydroxytryptamine receptor 1B,targets,DrugBank,NCBI,validated,previous_mapping
CHEMBL15245,YOHIMBINE,DB01392,Yohimbine,P28223,3356,HTR2A,HGNC:5293,HTR2A,5-hydroxytryptamine receptor 2A,targets,DrugBank,NCBI,validated,previous_mapping
CHEMBL15245,YOHIMBINE,DB01392,Yohimbine,P28335,3358,HTR2C,HGNC:5295,HTR2C,5-hydroxytryptamine receptor 2C,targets,DrugBank,NCBI,validated,previous_mapping
CHEMBL15245,YOHIMBINE,DB01392,Yohimbine,P35462,1814,DRD3,HGNC:3024,DRD3,dopamine receptor D3,targets,DrugBank,NCBI,validated,previous_mapping
CHEMBL15245,YOHIMBINE,DB01392,Yohimbine,P41595,3357,HTR2B,HGNC:5294,HTR2B,5-hydroxytryptamine receptor 2B,targets,DrugBank,NCBI,validated,previous_mapping
CHEMBL15245,YOHIMBINE,DB01392,Yohimbine,P48048,3758,KCNJ1,HGNC:6255,KCNJ1,potassium inwardly rectifying channel subfamily J member 1,targets,DrugBank,NCBI,validated,previous_mapping
CHEMBL15245,YOHIMBINE,DB01392,Yohimbine,P78508,3766,KCNJ10,HGNC:6256,KCNJ10,potassium inwardly rectifying channel subfamily J member 10,targets,DrugBank,NCBI,validated,previous_mapping
CHEMBL15245,YOHIMBINE,DB01392,Yohimbine,Q14500,3768,KCNJ12,HGNC:6258,KCNJ12,potassium inwardly rectifying channel subfamily J member 12,targets,DrugBank,NCBI,validated,previous_mapping
CHEMBL15245,YOHIMBINE,DB01392,Yohimbine,Q14654,3767,KCNJ11,HGNC:6257,KCNJ11,potassium inwardly rectifying channel subfamily J member 11,targets,DrugBank,NCBI,validated,previous_mapping
CHEMBL15245,YOHIMBINE,DB01392,Yohimbine,Q15842,3764,KCNJ8,HGNC:6269,KCNJ8,potassium inwardly rectifying channel subfamily J member 8,targets,DrugBank,NCBI,validated,previous_mapping
CHEMBL15245,YOHIMBINE,DB01392,Yohimbine,Q99712,3772,KCNJ15,HGNC:6261,KCNJ15,potassium inwardly rectifying channel subfamily J member 15,targets,DrugBank,NCBI,validated,previous_mapping
CHEMBL15245,YOHIMBINE,DB01392,Yohimbine,Q9UNX9,3770,KCNJ14,HGNC:6260,KCNJ14,potassium inwardly rectifying channel subfamily J member 14,targets,DrugBank,NCBI,validated,previous_mapping
CHEMBL1531,ETONOGESTREL,DB00294,Etonogestrel,P02768,213,ALB,HGNC:399,ALB,albumin,targets,DrugBank,NCBI,validated,previous_mapping
CHEMBL1531,ETONOGESTREL,DB00294,Etonogestrel,P04278,6462,SHBG,HGNC:10839,SHBG,sex hormone binding globulin,targets,DrugBank,NCBI,validated,previous_mapping
CHEMBL1531,ETONOGESTREL,DB00294,Etonogestrel,P06401,5241,PGR,HGNC:8910,PGR,progesterone receptor,targets,DrugBank,NCBI,validated,previous_mapping
CHEMBL1531,ETONOGESTREL,DB00294,Etonogestrel,P08684,1576,CYP3A4,HGNC:2637,CYP3A4,cytochrome P450 family 3 subfamily A member 4,targets,DrugBank,NCBI,validated,previous_mapping
CHEMBL1532,QUINETHAZONE,DB01325,Quinethazone,P00915,759,CA1,HGNC:1368,CA1,carbonic anhydrase 1,targets,DrugBank,NCBI,validated,previous_mapping
CHEMBL1532,QUINETHAZONE,DB01325,Quinethazone,P00918,760,CA2,HGNC:1373,CA2,carbonic anhydrase 2,targets,DrugBank,NCBI,validated,previous_mapping
CHEMBL1532,QUINETHAZONE,DB01325,Quinethazone,P55011,6558,SLC12A2,HGNC:10911,SLC12A2,solute carrier family 12 member 2,targets,DrugBank,NCBI,validated,previous_mapping
CHEMBL1532,QUINETHAZONE,DB01325,Quinethazone,P55017,6559,SLC12A3,HGNC:10912,SLC12A3,solute carrier family 12 member 3,targets,DrugBank,NCBI,validated,previous_mapping
CHEMBL1532,QUINETHAZONE,DB01325,Quinethazone,Q13621,6557,SLC12A1,HGNC:10910,SLC12A1,solute carrier family 12 member 1,targets,DrugBank,NCBI,validated,previous_mapping
CHEMBL1533,DESOGESTREL,DB00304,Desogestrel,P02768,213,ALB,HGNC:399,ALB,albumin,targets,DrugBank,NCBI,validated,previous_mapping
CHEMBL1533,DESOGESTREL,DB00304,Desogestrel,P03372,2099,ESR1,HGNC:3467,ESR1,estrogen receptor 1,targets,DrugBank,NCBI,validated,previous_mapping
CHEMBL1533,DESOGESTREL,DB00304,Desogestrel,P04278,6462,SHBG,HGNC:10839,SHBG,sex hormone binding globulin,targets,DrugBank,NCBI,validated,previous_mapping
CHEMBL1533,DESOGESTREL,DB00304,Desogestrel,P06401,5241,PGR,HGNC:8910,PGR,progesterone receptor,targets,DrugBank,NCBI,validated,previous_mapping
CHEMBL1533,DESOGESTREL,DB00304,Desogestrel,P08684,1576,CYP3A4,HGNC:2637,CYP3A4,cytochrome P450 family 3 subfamily A member 4,targets,DrugBank,NCBI,validated,previous_mapping
CHEMBL1533,DESOGESTREL,DB00304,Desogestrel,P11712,1559,CYP2C9,HGNC:2623,CYP2C9,cytochrome P450 family 2 subfamily C member 9,targets,DrugBank,NCBI,validated,previous_mapping
CHEMBL1533,DESOGESTREL,DB00304,Desogestrel,P22309,54658,UGT1A1,HGNC:12530,UGT1A1,UDP glucuronosyltransferase family 1 member A1,targets,DrugBank,NCBI,validated,previous_mapping
CHEMBL1534,RIBOFLAVIN,DB00140,Riboflavin,P21397,4128,MAOA,HGNC:6833,MAOA,monoamine oxidase A,targets,DrugBank,NCBI,validated,previous_mapping
CHEMBL1534,RIBOFLAVIN,DB00140,Riboflavin,P30043,645,BLVRB,HGNC:1063,BLVRB,biliverdin reductase B,targets,DrugBank,NCBI,validated,previous_mapping
CHEMBL1534,RIBOFLAVIN,DB00140,Riboflavin,P42898,4524,MTHFR,HGNC:7436,MTHFR,methylenetetrahydrofolate reductase,targets,DrugBank,NCBI,validated,previous_mapping
CHEMBL1534,RIBOFLAVIN,DB00140,Riboflavin,Q4U2R8,9356,SLC22A6,HGNC:10970,SLC22A6,solute carrier family 22 member 6,targets,DrugBank,NCBI,validated,previous_mapping
CHEMBL1534,RIBOFLAVIN,DB00140,Riboflavin,Q969G6,55312,RFK,HGNC:30324,RFK,riboflavin kinase,targets,DrugBank,NCBI,validated,previous_mapping
CHEMBL1538,TENOFOVIR DISOPROXIL,DB00300,Tenofovir disoproxil,O15439,10257,ABCC4,HGNC:55,ABCC4,ATP binding cassette subfamily C member 4 (PEL blood group),targets,DrugBank,NCBI,validated,previous_mapping
CHEMBL1538,TENOFOVIR DISOPROXIL,DB00300,Tenofovir disoproxil,P06732,1158,CKM,HGNC:1994,CKM,"creatine kinase, M-type",targets,DrugBank,NCBI,validated,previous_mapping
CHEMBL1538,TENOFOVIR DISOPROXIL,DB00300,Tenofovir disoproxil,P08183,5243,ABCB1,HGNC:40,ABCB1,ATP binding cassette subfamily B member 1,targets,DrugBank,NCBI,validated,previous_mapping
CHEMBL1538,TENOFOVIR DISOPROXIL,DB00300,Tenofovir disoproxil,P12277,1152,CKB,HGNC:1991,CKB,creatine kinase B,targets,DrugBank,NCBI,validated,previous_mapping
CHEMBL1538,TENOFOVIR DISOPROXIL,DB00300,Tenofovir disoproxil,P12532,1159,CKMT1B,HGNC:1995,CKMT1B,"creatine kinase, mitochondrial 1B",targets,DrugBank,NCBI,validated,previous_mapping
CHEMBL1538,TENOFOVIR DISOPROXIL,DB00300,Tenofovir disoproxil,P15531,4830,NME1,HGNC:7849,NME1,NME/NM23 nucleoside diphosphate kinase 1,targets,DrugBank,NCBI,validated,previous_mapping
CHEMBL1538,TENOFOVIR DISOPROXIL,DB00300,Tenofovir disoproxil,P17540,1160,CKMT2,HGNC:1996,CKMT2,"creatine kinase, mitochondrial 2",targets,DrugBank,NCBI,validated,previous_mapping
CHEMBL1538,TENOFOVIR DISOPROXIL,DB00300,Tenofovir disoproxil,P22392,4831,NME2,HGNC:7850,NME2,NME/NM23 nucleoside diphosphate kinase 2,targets,DrugBank,NCBI,validated,previous_mapping
CHEMBL1538,TENOFOVIR DISOPROXIL,DB00300,Tenofovir disoproxil,P27144,205,AK4,HGNC:363,AK4,adenylate kinase 4,targets,DrugBank,NCBI,validated,previous_mapping
CHEMBL1538,TENOFOVIR DISOPROXIL,DB00300,Tenofovir disoproxil,P54819,204,AK2,HGNC:362,AK2,adenylate kinase 2,targets,DrugBank,NCBI,validated,previous_mapping
CHEMBL1538,TENOFOVIR DISOPROXIL,DB00300,Tenofovir disoproxil,Q4U2R8,9356,SLC22A6,HGNC:10970,SLC22A6,solute carrier family 22 member 6,targets,DrugBank,NCBI,validated,previous_mapping
CHEMBL1538,TENOFOVIR DISOPROXIL,DB00300,Tenofovir disoproxil,Q5T3U5,89845,ABCC10,HGNC:52,ABCC10,ATP binding cassette subfamily C member 10,targets,DrugBank,NCBI,validated,previous_mapping
CHEMBL1538,TENOFOVIR DISOPROXIL,DB00300,Tenofovir disoproxil,Q8TCC7,9376,SLC22A8,HGNC:10972,SLC22A8,solute carrier family 22 member 8,targets,DrugBank,NCBI,validated,previous_mapping
CHEMBL1538,TENOFOVIR DISOPROXIL,DB00300,Tenofovir disoproxil,Q92887,1244,ABCC2,HGNC:53,ABCC2,ATP binding cassette subfamily C member 2,targets,DrugBank,NCBI,validated,previous_mapping
CHEMBL154,NAPROXEN,DB00788,Naproxen,O60656,54600,UGT1A9,HGNC:12541,UGT1A9,UDP glucuronosyltransferase family 1 member A9,targets,DrugBank,NCBI,validated,previous_mapping
CHEMBL154,NAPROXEN,DB00788,Naproxen,O95342,8647,ABCB11,HGNC:42,ABCB11,ATP binding cassette subfamily B member 11,targets,DrugBank,NCBI,validated,previous_mapping
CHEMBL154,NAPROXEN,DB00788,Naproxen,P02768,213,ALB,HGNC:399,ALB,albumin,targets,DrugBank,NCBI,validated,previous_mapping
CHEMBL154,NAPROXEN,DB00788,Naproxen,P05177,1544,CYP1A2,HGNC:2596,CYP1A2,cytochrome P450 family 1 subfamily A member 2,targets,DrugBank,NCBI,validated,previous_mapping
CHEMBL154,NAPROXEN,DB00788,Naproxen,P08183,5243,ABCB1,HGNC:40,ABCB1,ATP binding cassette subfamily B member 1,targets,DrugBank,NCBI,validated,previous_mapping
CHEMBL154,NAPROXEN,DB00788,Naproxen,P10632,1558,CYP2C8,HGNC:2622,CYP2C8,cytochrome P450 family 2 subfamily C member 8,targets,DrugBank,NCBI,validated,previous_mapping
CHEMBL154,NAPROXEN,DB00788,Naproxen,P11712,1559,CYP2C9,HGNC:2623,CYP2C9,cytochrome P450 family 2 subfamily C member 9,targets,DrugBank,NCBI,validated,previous_mapping
CHEMBL154,NAPROXEN,DB00788,Naproxen,P16662,7364,UGT2B7,HGNC:12554,UGT2B7,UDP glucuronosyltransferase family 2 member B7,targets,DrugBank,NCBI,validated,previous_mapping
CHEMBL154,NAPROXEN,DB00788,Naproxen,P19224,54578,UGT1A6,HGNC:12538,UGT1A6,UDP glucuronosyltransferase family 1 member A6,targets,DrugBank,NCBI,validated,previous_mapping
CHEMBL154,NAPROXEN,DB00788,Naproxen,P23219,5742,PTGS1,HGNC:9604,PTGS1,prostaglandin-endoperoxide synthase 1,targets,DrugBank,NCBI,validated,previous_mapping
CHEMBL154,NAPROXEN,DB00788,Naproxen,P35354,5743,PTGS2,HGNC:9605,PTGS2,prostaglandin-endoperoxide synthase 2,targets,DrugBank,NCBI,validated,previous_mapping
CHEMBL154,NAPROXEN,DB00788,Naproxen,P35503,54659,UGT1A3,HGNC:12535,UGT1A3,UDP glucuronosyltransferase family 1 member A3,targets,DrugBank,NCBI,validated,previous_mapping
CHEMBL154,NAPROXEN,DB00788,Naproxen,P46721,6579,SLCO1A2,HGNC:10956,SLCO1A2,solute carrier organic anion transporter family member 1A2,targets,DrugBank,NCBI,validated,previous_mapping
CHEMBL154,NAPROXEN,DB00788,Naproxen,Q4U2R8,9356,SLC22A6,HGNC:10970,SLC22A6,solute carrier family 22 member 6,targets,DrugBank,NCBI,validated,previous_mapping
CHEMBL154,NAPROXEN,DB00788,Naproxen,Q8TCC7,9376,SLC22A8,HGNC:10972,SLC22A8,solute carrier family 22 member 8,targets,DrugBank,NCBI,validated,previous_mapping
CHEMBL154,NAPROXEN,DB00788,Naproxen,Q9HAW7,54577,UGT1A7,HGNC:12539,UGT1A7,UDP glucuronosyltransferase family 1 member A7,targets,DrugBank,NCBI,validated,previous_mapping
CHEMBL154,NAPROXEN,DB00788,Naproxen,Q9HAW8,54575,UGT1A10,HGNC:12531,UGT1A10,UDP glucuronosyltransferase family 1 member A10,targets,DrugBank,NCBI,validated,previous_mapping
CHEMBL154,NAPROXEN,DB00788,Naproxen,Q9HAW9,54576,UGT1A8,HGNC:12540,UGT1A8,UDP glucuronosyltransferase family 1 member A8,targets,DrugBank,NCBI,validated,previous_mapping
CHEMBL157138,LISURIDE,DB00589,Lisuride,P08684,1576,CYP3A4,HGNC:2637,CYP3A4,cytochrome P450 family 3 subfamily A member 4,targets,DrugBank,NCBI,validated,previous_mapping
CHEMBL157138,LISURIDE,DB00589,Lisuride,P08908,3350,HTR1A,HGNC:5286,HTR1A,5-hydroxytryptamine receptor 1A,targets,DrugBank,NCBI,validated,previous_mapping
CHEMBL157138,LISURIDE,DB00589,Lisuride,P08913,150,ADRA2A,HGNC:281,ADRA2A,adrenoceptor alpha 2A,targets,DrugBank,NCBI,validated,previous_mapping
CHEMBL157138,LISURIDE,DB00589,Lisuride,P14416,1813,DRD2,HGNC:3023,DRD2,dopamine receptor D2,targets,DrugBank,NCBI,validated,previous_mapping
CHEMBL157138,LISURIDE,DB00589,Lisuride,P18089,151,ADRA2B,HGNC:282,ADRA2B,adrenoceptor alpha 2B,targets,DrugBank,NCBI,validated,previous_mapping
CHEMBL157138,LISURIDE,DB00589,Lisuride,P18825,152,ADRA2C,HGNC:283,ADRA2C,adrenoceptor alpha 2C,targets,DrugBank,NCBI,validated,previous_mapping
CHEMBL157138,LISURIDE,DB00589,Lisuride,P21728,1812,DRD1,HGNC:3020,DRD1,dopamine receptor D1,targets,DrugBank,NCBI,validated,previous_mapping
CHEMBL157138,LISURIDE,DB00589,Lisuride,P21917,1815,DRD4,HGNC:3025,DRD4,dopamine receptor D4,targets,DrugBank,NCBI,validated,previous_mapping
CHEMBL157138,LISURIDE,DB00589,Lisuride,P21918,1816,DRD5,HGNC:3026,DRD5,dopamine receptor D5,targets,DrugBank,NCBI,validated,previous_mapping
CHEMBL157138,LISURIDE,DB00589,Lisuride,P28221,3352,HTR1D,HGNC:5289,HTR1D,5-hydroxytryptamine receptor 1D,targets,DrugBank,NCBI,validated,previous_mapping
CHEMBL157138,LISURIDE,DB00589,Lisuride,P28222,3351,HTR1B,HGNC:5287,HTR1B,5-hydroxytryptamine receptor 1B,targets,DrugBank,NCBI,validated,previous_mapping
CHEMBL157138,LISURIDE,DB00589,Lisuride,P28223,3356,HTR2A,HGNC:5293,HTR2A,5-hydroxytryptamine receptor 2A,targets,DrugBank,NCBI,validated,previous_mapping
CHEMBL157138,LISURIDE,DB00589,Lisuride,P28335,3358,HTR2C,HGNC:5295,HTR2C,5-hydroxytryptamine receptor 2C,targets,DrugBank,NCBI,validated,previous_mapping
CHEMBL157138,LISURIDE,DB00589,Lisuride,P34969,3363,HTR7,HGNC:5302,HTR7,5-hydroxytryptamine receptor 7,targets,DrugBank,NCBI,validated,previous_mapping
CHEMBL157138,LISURIDE,DB00589,Lisuride,P35462,1814,DRD3,HGNC:3024,DRD3,dopamine receptor D3,targets,DrugBank,NCBI,validated,previous_mapping
CHEMBL157138,LISURIDE,DB00589,Lisuride,P41595,3357,HTR2B,HGNC:5294,HTR2B,5-hydroxytryptamine receptor 2B,targets,DrugBank,NCBI,validated,previous_mapping
CHEMBL1575,ESTRAMUSTINE,DB01196,Estramustine,P03372,2099,ESR1,HGNC:3467,ESR1,estrogen receptor 1,targets,DrugBank,NCBI,validated,previous_mapping
CHEMBL1575,ESTRAMUSTINE,DB01196,Estramustine,P08183,5243,ABCB1,HGNC:40,ABCB1,ATP binding cassette subfamily B member 1,targets,DrugBank,NCBI,validated,previous_mapping
CHEMBL1575,ESTRAMUSTINE,DB01196,Estramustine,P08684,1576,CYP3A4,HGNC:2637,CYP3A4,cytochrome P450 family 3 subfamily A member 4,targets,DrugBank,NCBI,validated,previous_mapping
CHEMBL1575,ESTRAMUSTINE,DB01196,Estramustine,P11137,4133,MAP2,HGNC:6839,MAP2,microtubule associated protein 2,targets,DrugBank,NCBI,validated,previous_mapping
CHEMBL1575,ESTRAMUSTINE,DB01196,Estramustine,P78559,4130,MAP1A,HGNC:6835,MAP1A,microtubule associated protein 1A,targets,DrugBank,NCBI,validated,previous_mapping
CHEMBL1575,ESTRAMUSTINE,DB01196,Estramustine,Q92731,2100,ESR2,HGNC:3468,ESR2,estrogen receptor 2,targets,DrugBank,NCBI,validated,previous_mapping
CHEMBL1577,METHYCLOTHIAZIDE,DB00232,Methyclothiazide,P00915,759,CA1,HGNC:1368,CA1,carbonic anhydrase 1,targets,DrugBank,NCBI,validated,previous_mapping
CHEMBL1577,METHYCLOTHIAZIDE,DB00232,Methyclothiazide,P00918,760,CA2,HGNC:1373,CA2,carbonic anhydrase 2,targets,DrugBank,NCBI,validated,previous_mapping
CHEMBL1577,METHYCLOTHIAZIDE,DB00232,Methyclothiazide,P22748,762,CA4,HGNC:1375,CA4,carbonic anhydrase 4,targets,DrugBank,NCBI,validated,previous_mapping
CHEMBL1577,METHYCLOTHIAZIDE,DB00232,Methyclothiazide,Q13621,6557,SLC12A1,HGNC:10910,SLC12A1,solute carrier family 12 member 1,targets,DrugBank,NCBI,validated,previous_mapping
CHEMBL1587,POLYTHIAZIDE,DB01324,Polythiazide,P02768,213,ALB,HGNC:399,ALB,albumin,targets,DrugBank,NCBI,validated,previous_mapping
CHEMBL1587,POLYTHIAZIDE,DB01324,Polythiazide,P55017,6559,SLC12A3,HGNC:10912,SLC12A3,solute carrier family 12 member 3,targets,DrugBank,NCBI,validated,previous_mapping
CHEMBL1587,POLYTHIAZIDE,DB01324,Polythiazide,Q4U2R8,9356,SLC22A6,HGNC:10970,SLC22A6,solute carrier family 22 member 6,targets,DrugBank,NCBI,validated,previous_mapping
CHEMBL1587,POLYTHIAZIDE,DB01324,Polythiazide,Q8TCC7,9376,SLC22A8,HGNC:10972,SLC22A8,solute carrier family 22 member 8,targets,DrugBank,NCBI,validated,previous_mapping
CHEMBL15891,LINDANE,DB00431,Lindane,O75311,8001,GLRA3,HGNC:4328,GLRA3,glycine receptor alpha 3,targets,DrugBank,NCBI,validated,previous_mapping
CHEMBL15891,LINDANE,DB00431,Lindane,O75469,8856,NR1I2,HGNC:7968,NR1I2,nuclear receptor subfamily 1 group I member 2,targets,DrugBank,NCBI,validated,previous_mapping
CHEMBL15891,LINDANE,DB00431,Lindane,P03372,2099,ESR1,HGNC:3467,ESR1,estrogen receptor 1,targets,DrugBank,NCBI,validated,previous_mapping
CHEMBL15891,LINDANE,DB00431,Lindane,P06401,5241,PGR,HGNC:8910,PGR,progesterone receptor,targets,DrugBank,NCBI,validated,previous_mapping
CHEMBL15891,LINDANE,DB00431,Lindane,P18505,2560,GABRB1,HGNC:4081,GABRB1,gamma-aminobutyric acid type A receptor subunit beta1,targets,DrugBank,NCBI,validated,previous_mapping
CHEMBL15891,LINDANE,DB00431,Lindane,P23415,2741,GLRA1,HGNC:4326,GLRA1,glycine receptor alpha 1,targets,DrugBank,NCBI,validated,previous_mapping
CHEMBL15891,LINDANE,DB00431,Lindane,P23416,2742,GLRA2,HGNC:4327,GLRA2,glycine receptor alpha 2,targets,DrugBank,NCBI,validated,previous_mapping
CHEMBL15891,LINDANE,DB00431,Lindane,P24046,2569,GABRR1,HGNC:4090,GABRR1,gamma-aminobutyric acid type A receptor subunit rho1,targets,DrugBank,NCBI,validated,previous_mapping
CHEMBL15891,LINDANE,DB00431,Lindane,P28472,2562,GABRB3,HGNC:4083,GABRB3,gamma-aminobutyric acid type A receptor subunit beta3,targets,DrugBank,NCBI,validated,previous_mapping
CHEMBL15891,LINDANE,DB00431,Lindane,P48167,2743,GLRB,HGNC:4329,GLRB,glycine receptor beta,targets,DrugBank,NCBI,validated,previous_mapping
CHEMBL159,VINBLASTINE,DB00570,Vinblastine,O95255,368,ABCC6,HGNC:57,ABCC6,ATP binding cassette subfamily C member 6,targets,DrugBank,NCBI,validated,previous_mapping
CHEMBL159,VINBLASTINE,DB00570,Vinblastine,O95342,8647,ABCB11,HGNC:42,ABCB11,ATP binding cassette subfamily B member 11,targets,DrugBank,NCBI,validated,previous_mapping
CHEMBL159,VINBLASTINE,DB00570,Vinblastine,P05412,3725,JUN,HGNC:6204,JUN,"Jun proto-oncogene, AP-1 transcription factor subunit",targets,DrugBank,NCBI,validated,previous_mapping
CHEMBL159,VINBLASTINE,DB00570,Vinblastine,P07437,203068,TUBB,HGNC:20778,TUBB,tubulin beta class I,targets,DrugBank,NCBI,validated,previous_mapping
CHEMBL159,VINBLASTINE,DB00570,Vinblastine,P08183,5243,ABCB1,HGNC:40,ABCB1,ATP binding cassette subfamily B member 1,targets,DrugBank,NCBI,validated,previous_mapping
CHEMBL159,VINBLASTINE,DB00570,Vinblastine,P08684,1576,CYP3A4,HGNC:2637,CYP3A4,cytochrome P450 family 3 subfamily A member 4,targets,DrugBank,NCBI,validated,previous_mapping
CHEMBL159,VINBLASTINE,DB00570,Vinblastine,P10635,1565,CYP2D6,HGNC:2625,CYP2D6,cytochrome P450 family 2 subfamily D member 6 (gene/pseudogene),targets,DrugBank,NCBI,validated,previous_mapping
CHEMBL159,VINBLASTINE,DB00570,Vinblastine,P23258,7283,TUBG1,HGNC:12417,TUBG1,tubulin gamma 1,targets,DrugBank,NCBI,validated,previous_mapping
CHEMBL159,VINBLASTINE,DB00570,Vinblastine,P33527,4363,ABCC1,HGNC:51,ABCC1,ATP binding cassette subfamily C member 1 (ABCC1 blood group),targets,DrugBank,NCBI,validated,previous_mapping
CHEMBL159,VINBLASTINE,DB00570,Vinblastine,Q71U36,7846,TUBA1A,HGNC:20766,TUBA1A,tubulin alpha 1a,targets,DrugBank,NCBI,validated,previous_mapping
CHEMBL159,VINBLASTINE,DB00570,Vinblastine,Q92887,1244,ABCC2,HGNC:53,ABCC2,ATP binding cassette subfamily C member 2,targets,DrugBank,NCBI,validated,previous_mapping
CHEMBL159,VINBLASTINE,DB00570,Vinblastine,Q9UJT0,51175,TUBE1,HGNC:20775,TUBE1,tubulin epsilon 1,targets,DrugBank,NCBI,validated,previous_mapping
CHEMBL159,VINBLASTINE,DB00570,Vinblastine,Q9UJT1,51174,TUBD1,HGNC:16811,TUBD1,tubulin delta 1,targets,DrugBank,NCBI,validated,previous_mapping
CHEMBL159,VINBLASTINE,DB00570,Vinblastine,Q9Y6L6,10599,SLCO1B1,HGNC:10959,SLCO1B1,solute carrier organic anion transporter family member 1B1,targets,DrugBank,NCBI,validated,previous_mapping
CHEMBL1590,PSEUDOEPHEDRINE,DB00852,Pseudoephedrine,O95644,4772,NFATC1,HGNC:7775,NFATC1,nuclear factor of activated T cells 1,targets,DrugBank,NCBI,validated,previous_mapping
CHEMBL1590,PSEUDOEPHEDRINE,DB00852,Pseudoephedrine,P01100,2353,FOS,HGNC:3796,FOS,"Fos proto-oncogene, AP-1 transcription factor subunit",targets,DrugBank,NCBI,validated,previous_mapping
CHEMBL1590,PSEUDOEPHEDRINE,DB00852,Pseudoephedrine,P01375,7124,TNF,HGNC:11892,TNF,tumor necrosis factor,targets,DrugBank,NCBI,validated,previous_mapping
CHEMBL1590,PSEUDOEPHEDRINE,DB00852,Pseudoephedrine,P02768,213,ALB,HGNC:399,ALB,albumin,targets,DrugBank,NCBI,validated,previous_mapping
CHEMBL1590,PSEUDOEPHEDRINE,DB00852,Pseudoephedrine,P05412,3725,JUN,HGNC:6204,JUN,"Jun proto-oncogene, AP-1 transcription factor subunit",targets,DrugBank,NCBI,validated,previous_mapping
CHEMBL1590,PSEUDOEPHEDRINE,DB00852,Pseudoephedrine,P07550,154,ADRB2,HGNC:286,ADRB2,adrenoceptor beta 2,targets,DrugBank,NCBI,validated,previous_mapping
CHEMBL1590,PSEUDOEPHEDRINE,DB00852,Pseudoephedrine,P08588,153,ADRB1,HGNC:285,ADRB1,adrenoceptor beta 1,targets,DrugBank,NCBI,validated,previous_mapping
CHEMBL1590,PSEUDOEPHEDRINE,DB00852,Pseudoephedrine,P08913,150,ADRA2A,HGNC:281,ADRA2A,adrenoceptor alpha 2A,targets,DrugBank,NCBI,validated,previous_mapping
CHEMBL1590,PSEUDOEPHEDRINE,DB00852,Pseudoephedrine,P15336,1386,ATF2,HGNC:784,ATF2,activating transcription factor 2,targets,DrugBank,NCBI,validated,previous_mapping
CHEMBL1590,PSEUDOEPHEDRINE,DB00852,Pseudoephedrine,P17544,11016,ATF7,HGNC:792,ATF7,activating transcription factor 7,targets,DrugBank,NCBI,validated,previous_mapping
CHEMBL1590,PSEUDOEPHEDRINE,DB00852,Pseudoephedrine,P18846,466,ATF1,HGNC:783,ATF1,activating transcription factor 1,targets,DrugBank,NCBI,validated,previous_mapping
CHEMBL1590,PSEUDOEPHEDRINE,DB00852,Pseudoephedrine,P18847,467,ATF3,HGNC:785,ATF3,activating transcription factor 3,targets,DrugBank,NCBI,validated,previous_mapping
CHEMBL1590,PSEUDOEPHEDRINE,DB00852,Pseudoephedrine,P18848,468,ATF4,HGNC:786,ATF4,activating transcription factor 4,targets,DrugBank,NCBI,validated,previous_mapping
CHEMBL1590,PSEUDOEPHEDRINE,DB00852,Pseudoephedrine,P18850,22926,ATF6,HGNC:791,ATF6,activating transcription factor 6,targets,DrugBank,NCBI,validated,previous_mapping
CHEMBL1590,PSEUDOEPHEDRINE,DB00852,Pseudoephedrine,P19838,4790,NFKB1,HGNC:7794,NFKB1,nuclear factor kappa B subunit 1,targets,DrugBank,NCBI,validated,previous_mapping
CHEMBL1590,PSEUDOEPHEDRINE,DB00852,Pseudoephedrine,P21397,4128,MAOA,HGNC:6833,MAOA,monoamine oxidase A,targets,DrugBank,NCBI,validated,previous_mapping
CHEMBL1590,PSEUDOEPHEDRINE,DB00852,Pseudoephedrine,P23975,6530,SLC6A2,HGNC:11048,SLC6A2,solute carrier family 6 member 2,targets,DrugBank,NCBI,validated,previous_mapping
CHEMBL1590,PSEUDOEPHEDRINE,DB00852,Pseudoephedrine,P31645,6532,SLC6A4,HGNC:11050,SLC6A4,solute carrier family 6 member 4,targets,DrugBank,NCBI,validated,previous_mapping
CHEMBL1590,PSEUDOEPHEDRINE,DB00852,Pseudoephedrine,P35348,148,ADRA1A,HGNC:277,ADRA1A,adrenoceptor alpha 1A,targets,DrugBank,NCBI,validated,previous_mapping
CHEMBL1590,PSEUDOEPHEDRINE,DB00852,Pseudoephedrine,P60568,3558,IL2,HGNC:6001,IL2,interleukin 2,targets,DrugBank,NCBI,validated,previous_mapping
CHEMBL1590,PSEUDOEPHEDRINE,DB00852,Pseudoephedrine,Q01959,6531,SLC6A3,HGNC:11049,SLC6A3,solute carrier family 6 member 3,targets,DrugBank,NCBI,validated,previous_mapping
CHEMBL1590,PSEUDOEPHEDRINE,DB00852,Pseudoephedrine,Q8WYK2,122953,JDP2,HGNC:17546,JDP2,Jun dimerization protein 2,targets,DrugBank,NCBI,validated,previous_mapping
CHEMBL1590,PSEUDOEPHEDRINE,DB00852,Pseudoephedrine,Q9Y2D1,22809,ATF5,HGNC:790,ATF5,activating transcription factor 5,targets,DrugBank,NCBI,validated,previous_mapping
CHEMBL1595,DIHYDROCODEINE,DB01551,Dihydrocodeine,P08684,1576,CYP3A4,HGNC:2637,CYP3A4,cytochrome P450 family 3 subfamily A member 4,targets,DrugBank,NCBI,validated,previous_mapping
CHEMBL1595,DIHYDROCODEINE,DB01551,Dihydrocodeine,P10635,1565,CYP2D6,HGNC:2625,CYP2D6,cytochrome P450 family 2 subfamily D member 6 (gene/pseudogene),targets,DrugBank,NCBI,validated,previous_mapping
CHEMBL16,PHENYTOIN,DB00252,Phenytoin,O00305,785,CACNB4,HGNC:1404,CACNB4,calcium voltage-gated channel auxiliary subunit beta 4,targets,DrugBank,NCBI,validated,previous_mapping
CHEMBL16,PHENYTOIN,DB00252,Phenytoin,O00555,773,CACNA1A,HGNC:1388,CACNA1A,calcium voltage-gated channel subunit alpha1 A,targets,DrugBank,NCBI,validated,previous_mapping
CHEMBL16,PHENYTOIN,DB00252,Phenytoin,O00591,2568,GABRP,HGNC:4089,GABRP,gamma-aminobutyric acid type A receptor subunit pi,targets,DrugBank,NCBI,validated,previous_mapping
CHEMBL16,PHENYTOIN,DB00252,Phenytoin,O14764,2563,GABRD,HGNC:4084,GABRD,gamma-aminobutyric acid type A receptor subunit delta,targets,DrugBank,NCBI,validated,previous_mapping
CHEMBL16,PHENYTOIN,DB00252,Phenytoin,O60656,54600,UGT1A9,HGNC:12541,UGT1A9,UDP glucuronosyltransferase family 1 member A9,targets,DrugBank,NCBI,validated,previous_mapping
CHEMBL16,PHENYTOIN,DB00252,Phenytoin,O60840,778,CACNA1F,HGNC:1393,CACNA1F,calcium voltage-gated channel subunit alpha1 F,targets,DrugBank,NCBI,validated,previous_mapping
CHEMBL16,PHENYTOIN,DB00252,Phenytoin,O75469,8856,NR1I2,HGNC:7968,NR1I2,nuclear receptor subfamily 1 group I member 2,targets,DrugBank,NCBI,validated,previous_mapping
CHEMBL16,PHENYTOIN,DB00252,Phenytoin,P02768,213,ALB,HGNC:399,ALB,albumin,targets,DrugBank,NCBI,validated,previous_mapping
CHEMBL16,PHENYTOIN,DB00252,Phenytoin,P05177,1544,CYP1A2,HGNC:2596,CYP1A2,cytochrome P450 family 1 subfamily A member 2,targets,DrugBank,NCBI,validated,previous_mapping
CHEMBL16,PHENYTOIN,DB00252,Phenytoin,P05181,1571,CYP2E1,HGNC:2631,CYP2E1,cytochrome P450 family 2 subfamily E member 1,targets,DrugBank,NCBI,validated,previous_mapping
CHEMBL16,PHENYTOIN,DB00252,Phenytoin,P05543,6906,SERPINA7,HGNC:11583,SERPINA7,serpin family A member 7,targets,DrugBank,NCBI,validated,previous_mapping
CHEMBL16,PHENYTOIN,DB00252,Phenytoin,P07099,2052,EPHX1,HGNC:3401,EPHX1,epoxide hydrolase 1,targets,DrugBank,NCBI,validated,previous_mapping
CHEMBL16,PHENYTOIN,DB00252,Phenytoin,P08183,5243,ABCB1,HGNC:40,ABCB1,ATP binding cassette subfamily B member 1,targets,DrugBank,NCBI,validated,previous_mapping
CHEMBL16,PHENYTOIN,DB00252,Phenytoin,P08684,1576,CYP3A4,HGNC:2637,CYP3A4,cytochrome P450 family 3 subfamily A member 4,targets,DrugBank,NCBI,validated,previous_mapping
CHEMBL16,PHENYTOIN,DB00252,Phenytoin,P10632,1558,CYP2C8,HGNC:2622,CYP2C8,cytochrome P450 family 2 subfamily C member 8,targets,DrugBank,NCBI,validated,previous_mapping
CHEMBL16,PHENYTOIN,DB00252,Phenytoin,P10635,1565,CYP2D6,HGNC:2625,CYP2D6,cytochrome P450 family 2 subfamily D member 6 (gene/pseudogene),targets,DrugBank,NCBI,validated,previous_mapping
CHEMBL16,PHENYTOIN,DB00252,Phenytoin,P11509,1548,CYP2A6,HGNC:2610,CYP2A6,cytochrome P450 family 2 subfamily A member 6,targets,DrugBank,NCBI,validated,previous_mapping
CHEMBL16,PHENYTOIN,DB00252,Phenytoin,P11712,1559,CYP2C9,HGNC:2623,CYP2C9,cytochrome P450 family 2 subfamily C member 9,targets,DrugBank,NCBI,validated,previous_mapping
CHEMBL16,PHENYTOIN,DB00252,Phenytoin,P14867,2554,GABRA1,HGNC:4075,GABRA1,gamma-aminobutyric acid type A receptor subunit alpha1,targets,DrugBank,NCBI,validated,previous_mapping
CHEMBL16,PHENYTOIN,DB00252,Phenytoin,P15538,1584,CYP11B1,HGNC:2591,CYP11B1,cytochrome P450 family 11 subfamily B member 1,targets,DrugBank,NCBI,validated,previous_mapping
CHEMBL16,PHENYTOIN,DB00252,Phenytoin,P15559,1728,NQO1,HGNC:2874,NQO1,NAD(P)H quinone dehydrogenase 1,targets,DrugBank,NCBI,validated,previous_mapping
CHEMBL16,PHENYTOIN,DB00252,Phenytoin,P18505,2560,GABRB1,HGNC:4081,GABRB1,gamma-aminobutyric acid type A receptor subunit beta1,targets,DrugBank,NCBI,validated,previous_mapping
CHEMBL16,PHENYTOIN,DB00252,Phenytoin,P18507,2566,GABRG2,HGNC:4087,GABRG2,gamma-aminobutyric acid type A receptor subunit gamma2,targets,DrugBank,NCBI,validated,previous_mapping
CHEMBL16,PHENYTOIN,DB00252,Phenytoin,P19224,54578,UGT1A6,HGNC:12538,UGT1A6,UDP glucuronosyltransferase family 1 member A6,targets,DrugBank,NCBI,validated,previous_mapping
CHEMBL16,PHENYTOIN,DB00252,Phenytoin,P20813,1555,CYP2B6,HGNC:2615,CYP2B6,cytochrome P450 family 2 subfamily B member 6,targets,DrugBank,NCBI,validated,previous_mapping
CHEMBL16,PHENYTOIN,DB00252,Phenytoin,P20815,1577,CYP3A5,HGNC:2638,CYP3A5,cytochrome P450 family 3 subfamily A member 5,targets,DrugBank,NCBI,validated,previous_mapping
CHEMBL16,PHENYTOIN,DB00252,Phenytoin,P21964,1312,COMT,HGNC:2228,COMT,catechol-O-methyltransferase,targets,DrugBank,NCBI,validated,previous_mapping
CHEMBL16,PHENYTOIN,DB00252,Phenytoin,P22309,54658,UGT1A1,HGNC:12530,UGT1A1,UDP glucuronosyltransferase family 1 member A1,targets,DrugBank,NCBI,validated,previous_mapping
CHEMBL16,PHENYTOIN,DB00252,Phenytoin,P22310,54657,UGT1A4,HGNC:12536,UGT1A4,UDP glucuronosyltransferase family 1 member A4,targets,DrugBank,NCBI,validated,previous_mapping
CHEMBL16,PHENYTOIN,DB00252,Phenytoin,P24462,1551,CYP3A7,HGNC:2640,CYP3A7,cytochrome P450 family 3 subfamily A member 7,targets,DrugBank,NCBI,validated,previous_mapping
CHEMBL16,PHENYTOIN,DB00252,Phenytoin,P28472,2562,GABRB3,HGNC:4083,GABRB3,gamma-aminobutyric acid type A receptor subunit beta3,targets,DrugBank,NCBI,validated,previous_mapping
CHEMBL16,PHENYTOIN,DB00252,Phenytoin,P31644,2558,GABRA5,HGNC:4079,GABRA5,gamma-aminobutyric acid type A receptor subunit alpha5,targets,DrugBank,NCBI,validated,previous_mapping
CHEMBL16,PHENYTOIN,DB00252,Phenytoin,P33260,1562,CYP2C18,HGNC:2620,CYP2C18,cytochrome P450 family 2 subfamily C member 18,targets,DrugBank,NCBI,validated,previous_mapping
CHEMBL16,PHENYTOIN,DB00252,Phenytoin,P33261,1557,CYP2C19,HGNC:2621,CYP2C19,cytochrome P450 family 2 subfamily C member 19,targets,DrugBank,NCBI,validated,previous_mapping
CHEMBL16,PHENYTOIN,DB00252,Phenytoin,P34903,2556,GABRA3,HGNC:4077,GABRA3,gamma-aminobutyric acid type A receptor subunit alpha3,targets,DrugBank,NCBI,validated,previous_mapping
CHEMBL16,PHENYTOIN,DB00252,Phenytoin,P35498,6323,SCN1A,HGNC:10585,SCN1A,sodium voltage-gated channel alpha subunit 1,targets,DrugBank,NCBI,validated,previous_mapping
CHEMBL16,PHENYTOIN,DB00252,Phenytoin,P47869,2555,GABRA2,HGNC:4076,GABRA2,gamma-aminobutyric acid type A receptor subunit alpha2,targets,DrugBank,NCBI,validated,previous_mapping
CHEMBL16,PHENYTOIN,DB00252,Phenytoin,P47870,2561,GABRB2,HGNC:4082,GABRB2,gamma-aminobutyric acid type A receptor subunit beta2,targets,DrugBank,NCBI,validated,previous_mapping
CHEMBL16,PHENYTOIN,DB00252,Phenytoin,P48169,2557,GABRA4,HGNC:4078,GABRA4,gamma-aminobutyric acid type A receptor subunit alpha4,targets,DrugBank,NCBI,validated,previous_mapping
CHEMBL16,PHENYTOIN,DB00252,Phenytoin,P54284,784,CACNB3,HGNC:1403,CACNB3,calcium voltage-gated channel auxiliary subunit beta 3,targets,DrugBank,NCBI,validated,previous_mapping
CHEMBL16,PHENYTOIN,DB00252,Phenytoin,P78334,2564,GABRE,HGNC:4085,GABRE,gamma-aminobutyric acid type A receptor subunit epsilon,targets,DrugBank,NCBI,validated,previous_mapping
CHEMBL16,PHENYTOIN,DB00252,Phenytoin,Q01668,776,CACNA1D,HGNC:1391,CACNA1D,calcium voltage-gated channel subunit alpha1 D,targets,DrugBank,NCBI,validated,previous_mapping
CHEMBL16,PHENYTOIN,DB00252,Phenytoin,Q02641,782,CACNB1,HGNC:1401,CACNB1,calcium voltage-gated channel auxiliary subunit beta 1,targets,DrugBank,NCBI,validated,previous_mapping
CHEMBL16,PHENYTOIN,DB00252,Phenytoin,Q07699,6324,SCN1B,HGNC:10586,SCN1B,sodium voltage-gated channel beta subunit 1,targets,DrugBank,NCBI,validated,previous_mapping
CHEMBL16,PHENYTOIN,DB00252,Phenytoin,Q08289,783,CACNB2,HGNC:1402,CACNB2,calcium voltage-gated channel auxiliary subunit beta 2,targets,DrugBank,NCBI,validated,previous_mapping
CHEMBL16,PHENYTOIN,DB00252,Phenytoin,Q12809,3757,KCNH2,HGNC:6251,KCNH2,potassium voltage-gated channel subfamily H member 2,targets,DrugBank,NCBI,validated,previous_mapping
CHEMBL16,PHENYTOIN,DB00252,Phenytoin,Q13698,779,CACNA1S,HGNC:1397,CACNA1S,calcium voltage-gated channel subunit alpha1 S,targets,DrugBank,NCBI,validated,previous_mapping
CHEMBL16,PHENYTOIN,DB00252,Phenytoin,Q13936,775,CACNA1C,HGNC:1390,CACNA1C,calcium voltage-gated channel subunit alpha1 C,targets,DrugBank,NCBI,validated,previous_mapping
CHEMBL16,PHENYTOIN,DB00252,Phenytoin,Q14524,6331,SCN5A,HGNC:10593,SCN5A,sodium voltage-gated channel alpha subunit 5,targets,DrugBank,NCBI,validated,previous_mapping
CHEMBL16,PHENYTOIN,DB00252,Phenytoin,Q16445,2559,GABRA6,HGNC:4080,GABRA6,gamma-aminobutyric acid type A receptor subunit alpha6,targets,DrugBank,NCBI,validated,previous_mapping
CHEMBL16,PHENYTOIN,DB00252,Phenytoin,Q8N1C3,2565,GABRG1,HGNC:4086,GABRG1,gamma-aminobutyric acid type A receptor subunit gamma1,targets,DrugBank,NCBI,validated,previous_mapping
CHEMBL16,PHENYTOIN,DB00252,Phenytoin,Q92887,1244,ABCC2,HGNC:53,ABCC2,ATP binding cassette subfamily C member 2,targets,DrugBank,NCBI,validated,previous_mapping
CHEMBL16,PHENYTOIN,DB00252,Phenytoin,Q99250,6326,SCN2A,HGNC:10588,SCN2A,sodium voltage-gated channel alpha subunit 2,targets,DrugBank,NCBI,validated,previous_mapping
CHEMBL16,PHENYTOIN,DB00252,Phenytoin,Q99928,2567,GABRG3,HGNC:4088,GABRG3,gamma-aminobutyric acid type A receptor subunit gamma3,targets,DrugBank,NCBI,validated,previous_mapping
CHEMBL16,PHENYTOIN,DB00252,Phenytoin,Q9NY46,6328,SCN3A,HGNC:10590,SCN3A,sodium voltage-gated channel alpha subunit 3,targets,DrugBank,NCBI,validated,previous_mapping
CHEMBL16,PHENYTOIN,DB00252,Phenytoin,Q9NYB5,53919,SLCO1C1,HGNC:13819,SLCO1C1,solute carrier organic anion transporter family member 1C1,targets,DrugBank,NCBI,validated,previous_mapping
CHEMBL16,PHENYTOIN,DB00252,Phenytoin,Q9UN88,55879,GABRQ,HGNC:14454,GABRQ,gamma-aminobutyric acid type A receptor subunit theta,targets,DrugBank,NCBI,validated,previous_mapping
CHEMBL16,PHENYTOIN,DB00252,Phenytoin,Q9UQD0,6334,SCN8A,HGNC:10596,SCN8A,sodium voltage-gated channel alpha subunit 8,targets,DrugBank,NCBI,validated,previous_mapping
CHEMBL160,CYCLOSPORINE,DB00091,Cyclosporine,O95342,8647,ABCB11,HGNC:42,ABCB11,ATP binding cassette subfamily B member 11,targets,DrugBank,NCBI,validated,previous_mapping
CHEMBL160,CYCLOSPORINE,DB00091,Cyclosporine,P08183,5243,ABCB1,HGNC:40,ABCB1,ATP binding cassette subfamily B member 1,targets,DrugBank,NCBI,validated,previous_mapping
CHEMBL160,CYCLOSPORINE,DB00091,Cyclosporine,P08684,1576,CYP3A4,HGNC:2637,CYP3A4,cytochrome P450 family 3 subfamily A member 4,targets,DrugBank,NCBI,validated,previous_mapping
CHEMBL160,CYCLOSPORINE,DB00091,Cyclosporine,P10635,1565,CYP2D6,HGNC:2625,CYP2D6,cytochrome P450 family 2 subfamily D member 6 (gene/pseudogene),targets,DrugBank,NCBI,validated,previous_mapping
CHEMBL160,CYCLOSPORINE,DB00091,Cyclosporine,P20815,1577,CYP3A5,HGNC:2638,CYP3A5,cytochrome P450 family 3 subfamily A member 5,targets,DrugBank,NCBI,validated,previous_mapping
CHEMBL160,CYCLOSPORINE,DB00091,Cyclosporine,P30405,10105,PPIF,HGNC:9259,PPIF,peptidylprolyl isomerase F,targets,DrugBank,NCBI,validated,previous_mapping
CHEMBL160,CYCLOSPORINE,DB00091,Cyclosporine,P33261,1557,CYP2C19,HGNC:2621,CYP2C19,cytochrome P450 family 2 subfamily C member 19,targets,DrugBank,NCBI,validated,previous_mapping
CHEMBL160,CYCLOSPORINE,DB00091,Cyclosporine,P49069,819,CAMLG,HGNC:1471,CAMLG,calcium modulating ligand,targets,DrugBank,NCBI,validated,previous_mapping
CHEMBL160,CYCLOSPORINE,DB00091,Cyclosporine,P62937,5478,PPIA,HGNC:9253,PPIA,peptidylprolyl isomerase A,targets,DrugBank,NCBI,validated,previous_mapping
CHEMBL160,CYCLOSPORINE,DB00091,Cyclosporine,Q12908,6555,SLC10A2,HGNC:10906,SLC10A2,solute carrier family 10 member 2,targets,DrugBank,NCBI,validated,previous_mapping
CHEMBL160,CYCLOSPORINE,DB00091,Cyclosporine,Q14973,6554,SLC10A1,HGNC:10905,SLC10A1,solute carrier family 10 member 1,targets,DrugBank,NCBI,validated,previous_mapping
CHEMBL160,CYCLOSPORINE,DB00091,Cyclosporine,Q4U2R8,9356,SLC22A6,HGNC:10970,SLC22A6,solute carrier family 22 member 6,targets,DrugBank,NCBI,validated,previous_mapping
CHEMBL160,CYCLOSPORINE,DB00091,Cyclosporine,Q5T3U5,89845,ABCC10,HGNC:52,ABCC10,ATP binding cassette subfamily C member 10,targets,DrugBank,NCBI,validated,previous_mapping
CHEMBL160,CYCLOSPORINE,DB00091,Cyclosporine,Q92887,1244,ABCC2,HGNC:53,ABCC2,ATP binding cassette subfamily C member 2,targets,DrugBank,NCBI,validated,previous_mapping
CHEMBL160,CYCLOSPORINE,DB00091,Cyclosporine,Q96LZ3,5535,PPP3R2,HGNC:9318,PPP3R2,"protein phosphatase 3 regulatory subunit B, beta",targets,DrugBank,NCBI,validated,previous_mapping
CHEMBL160,CYCLOSPORINE,DB00091,Cyclosporine,Q9NPD5,28234,SLCO1B3,HGNC:10961,SLCO1B3,solute carrier organic anion transporter family member 1B3,targets,DrugBank,NCBI,validated,previous_mapping
CHEMBL160,CYCLOSPORINE,DB00091,Cyclosporine,Q9UNQ0,9429,ABCG2,HGNC:74,ABCG2,ATP binding cassette subfamily G member 2 (JR blood group),targets,DrugBank,NCBI,validated,previous_mapping
CHEMBL160,CYCLOSPORINE,DB00091,Cyclosporine,Q9Y6L6,10599,SLCO1B1,HGNC:10959,SLCO1B1,solute carrier organic anion transporter family member 1B1,targets,DrugBank,NCBI,validated,previous_mapping
CHEMBL16073,PHENACETIN,DB03783,Phenacetin,P04798,1543,CYP1A1,HGNC:2595,CYP1A1,cytochrome P450 family 1 subfamily A member 1,targets,DrugBank,NCBI,validated,previous_mapping
CHEMBL16073,PHENACETIN,DB03783,Phenacetin,P05177,1544,CYP1A2,HGNC:2596,CYP1A2,cytochrome P450 family 1 subfamily A member 2,targets,DrugBank,NCBI,validated,previous_mapping
CHEMBL16073,PHENACETIN,DB03783,Phenacetin,P05181,1571,CYP2E1,HGNC:2631,CYP2E1,cytochrome P450 family 2 subfamily E member 1,targets,DrugBank,NCBI,validated,previous_mapping
CHEMBL16073,PHENACETIN,DB03783,Phenacetin,P08684,1576,CYP3A4,HGNC:2637,CYP3A4,cytochrome P450 family 3 subfamily A member 4,targets,DrugBank,NCBI,validated,previous_mapping
CHEMBL16073,PHENACETIN,DB03783,Phenacetin,P10635,1565,CYP2D6,HGNC:2625,CYP2D6,cytochrome P450 family 2 subfamily D member 6 (gene/pseudogene),targets,DrugBank,NCBI,validated,previous_mapping
CHEMBL16073,PHENACETIN,DB03783,Phenacetin,P11509,1548,CYP2A6,HGNC:2610,CYP2A6,cytochrome P450 family 2 subfamily A member 6,targets,DrugBank,NCBI,validated,previous_mapping
CHEMBL16073,PHENACETIN,DB03783,Phenacetin,P11712,1559,CYP2C9,HGNC:2623,CYP2C9,cytochrome P450 family 2 subfamily C member 9,targets,DrugBank,NCBI,validated,previous_mapping
CHEMBL16073,PHENACETIN,DB03783,Phenacetin,P23219,5742,PTGS1,HGNC:9604,PTGS1,prostaglandin-endoperoxide synthase 1,targets,DrugBank,NCBI,validated,previous_mapping
CHEMBL16073,PHENACETIN,DB03783,Phenacetin,P33261,1557,CYP2C19,HGNC:2621,CYP2C19,cytochrome P450 family 2 subfamily C member 19,targets,DrugBank,NCBI,validated,previous_mapping
CHEMBL16073,PHENACETIN,DB03783,Phenacetin,Q16696,1553,CYP2A13,HGNC:2608,CYP2A13,cytochrome P450 family 2 subfamily A member 13,targets,DrugBank,NCBI,validated,previous_mapping
CHEMBL16073,PHENACETIN,DB03783,Phenacetin,Q4U2R8,9356,SLC22A6,HGNC:10970,SLC22A6,solute carrier family 22 member 6,targets,DrugBank,NCBI,validated,previous_mapping
CHEMBL1618018,HOMATROPINE,DB11181,Homatropine,P08172,1129,CHRM2,HGNC:1951,CHRM2,cholinergic receptor muscarinic 2,targets,DrugBank,NCBI,validated,previous_mapping
CHEMBL1618018,HOMATROPINE,DB11181,Homatropine,P08173,1132,CHRM4,HGNC:1953,CHRM4,cholinergic receptor muscarinic 4,targets,DrugBank,NCBI,validated,previous_mapping
CHEMBL1618018,HOMATROPINE,DB11181,Homatropine,P08912,1133,CHRM5,HGNC:1954,CHRM5,cholinergic receptor muscarinic 5,targets,DrugBank,NCBI,validated,previous_mapping
CHEMBL1618018,HOMATROPINE,DB11181,Homatropine,P11229,1128,CHRM1,HGNC:1950,CHRM1,cholinergic receptor muscarinic 1,targets,DrugBank,NCBI,validated,previous_mapping
CHEMBL1618018,HOMATROPINE,DB11181,Homatropine,P20309,1131,CHRM3,HGNC:1952,CHRM3,cholinergic receptor muscarinic 3,targets,DrugBank,NCBI,validated,previous_mapping
CHEMBL1618018,HOMATROPINE,DB11181,Homatropine,P23141,1066,CES1,HGNC:1863,CES1,carboxylesterase 1,targets,DrugBank,NCBI,validated,previous_mapping
CHEMBL1621,PALIPERIDONE,DB01267,Paliperidone,P08183,5243,ABCB1,HGNC:40,ABCB1,ATP binding cassette subfamily B member 1,targets,DrugBank,NCBI,validated,previous_mapping
CHEMBL1621,PALIPERIDONE,DB01267,Paliperidone,P08684,1576,CYP3A4,HGNC:2637,CYP3A4,cytochrome P450 family 3 subfamily A member 4,targets,DrugBank,NCBI,validated,previous_mapping
CHEMBL1621,PALIPERIDONE,DB01267,Paliperidone,P08908,3350,HTR1A,HGNC:5286,HTR1A,5-hydroxytryptamine receptor 1A,targets,DrugBank,NCBI,validated,previous_mapping
CHEMBL1621,PALIPERIDONE,DB01267,Paliperidone,P08913,150,ADRA2A,HGNC:281,ADRA2A,adrenoceptor alpha 2A,targets,DrugBank,NCBI,validated,previous_mapping
CHEMBL1621,PALIPERIDONE,DB01267,Paliperidone,P10635,1565,CYP2D6,HGNC:2625,CYP2D6,cytochrome P450 family 2 subfamily D member 6 (gene/pseudogene),targets,DrugBank,NCBI,validated,previous_mapping
CHEMBL1621,PALIPERIDONE,DB01267,Paliperidone,P14416,1813,DRD2,HGNC:3023,DRD2,dopamine receptor D2,targets,DrugBank,NCBI,validated,previous_mapping
CHEMBL1621,PALIPERIDONE,DB01267,Paliperidone,P18089,151,ADRA2B,HGNC:282,ADRA2B,adrenoceptor alpha 2B,targets,DrugBank,NCBI,validated,previous_mapping
CHEMBL1621,PALIPERIDONE,DB01267,Paliperidone,P18825,152,ADRA2C,HGNC:283,ADRA2C,adrenoceptor alpha 2C,targets,DrugBank,NCBI,validated,previous_mapping
CHEMBL1621,PALIPERIDONE,DB01267,Paliperidone,P20815,1577,CYP3A5,HGNC:2638,CYP3A5,cytochrome P450 family 3 subfamily A member 5,targets,DrugBank,NCBI,validated,previous_mapping
CHEMBL1621,PALIPERIDONE,DB01267,Paliperidone,P21728,1812,DRD1,HGNC:3020,DRD1,dopamine receptor D1,targets,DrugBank,NCBI,validated,previous_mapping
CHEMBL1621,PALIPERIDONE,DB01267,Paliperidone,P21917,1815,DRD4,HGNC:3025,DRD4,dopamine receptor D4,targets,DrugBank,NCBI,validated,previous_mapping
CHEMBL1621,PALIPERIDONE,DB01267,Paliperidone,P28221,3352,HTR1D,HGNC:5289,HTR1D,5-hydroxytryptamine receptor 1D,targets,DrugBank,NCBI,validated,previous_mapping
CHEMBL1621,PALIPERIDONE,DB01267,Paliperidone,P28223,3356,HTR2A,HGNC:5293,HTR2A,5-hydroxytryptamine receptor 2A,targets,DrugBank,NCBI,validated,previous_mapping
CHEMBL1621,PALIPERIDONE,DB01267,Paliperidone,P28335,3358,HTR2C,HGNC:5295,HTR2C,5-hydroxytryptamine receptor 2C,targets,DrugBank,NCBI,validated,previous_mapping
CHEMBL1621,PALIPERIDONE,DB01267,Paliperidone,P34969,3363,HTR7,HGNC:5302,HTR7,5-hydroxytryptamine receptor 7,targets,DrugBank,NCBI,validated,previous_mapping
CHEMBL1621,PALIPERIDONE,DB01267,Paliperidone,P35348,148,ADRA1A,HGNC:277,ADRA1A,adrenoceptor alpha 1A,targets,DrugBank,NCBI,validated,previous_mapping
CHEMBL1621,PALIPERIDONE,DB01267,Paliperidone,P35367,3269,HRH1,HGNC:5182,HRH1,histamine receptor H1,targets,DrugBank,NCBI,validated,previous_mapping
CHEMBL1621,PALIPERIDONE,DB01267,Paliperidone,P35368,147,ADRA1B,HGNC:278,ADRA1B,adrenoceptor alpha 1B,targets,DrugBank,NCBI,validated,previous_mapping
CHEMBL1621,PALIPERIDONE,DB01267,Paliperidone,P35462,1814,DRD3,HGNC:3024,DRD3,dopamine receptor D3,targets,DrugBank,NCBI,validated,previous_mapping
CHEMBL1621597,IPRATROPIUM,DB00332,Ipratropium,O76082,6584,SLC22A5,HGNC:10969,SLC22A5,solute carrier family 22 member 5,targets,DrugBank,NCBI,validated,previous_mapping
CHEMBL1621597,IPRATROPIUM,DB00332,Ipratropium,P02763,5004,ORM1,HGNC:8498,ORM1,orosomucoid 1,targets,DrugBank,NCBI,validated,previous_mapping
CHEMBL1621597,IPRATROPIUM,DB00332,Ipratropium,P02768,213,ALB,HGNC:399,ALB,albumin,targets,DrugBank,NCBI,validated,previous_mapping
CHEMBL1621597,IPRATROPIUM,DB00332,Ipratropium,P08172,1129,CHRM2,HGNC:1951,CHRM2,cholinergic receptor muscarinic 2,targets,DrugBank,NCBI,validated,previous_mapping
CHEMBL1621597,IPRATROPIUM,DB00332,Ipratropium,P11229,1128,CHRM1,HGNC:1950,CHRM1,cholinergic receptor muscarinic 1,targets,DrugBank,NCBI,validated,previous_mapping
CHEMBL1621597,IPRATROPIUM,DB00332,Ipratropium,P19652,5005,ORM2,HGNC:8499,ORM2,orosomucoid 2,targets,DrugBank,NCBI,validated,previous_mapping
CHEMBL1621597,IPRATROPIUM,DB00332,Ipratropium,P20309,1131,CHRM3,HGNC:1952,CHRM3,cholinergic receptor muscarinic 3,targets,DrugBank,NCBI,validated,previous_mapping
CHEMBL1621597,IPRATROPIUM,DB00332,Ipratropium,Q9H015,6583,SLC22A4,HGNC:10968,SLC22A4,solute carrier family 22 member 4,targets,DrugBank,NCBI,validated,previous_mapping
CHEMBL1622,FOLIC ACID,DB00158,Folic acid,O15438,8714,ABCC3,HGNC:54,ABCC3,ATP binding cassette subfamily C member 3,targets,DrugBank,NCBI,validated,previous_mapping
CHEMBL1622,FOLIC ACID,DB00158,Folic acid,O15439,10257,ABCC4,HGNC:55,ABCC4,ATP binding cassette subfamily C member 4 (PEL blood group),targets,DrugBank,NCBI,validated,previous_mapping
CHEMBL1622,FOLIC ACID,DB00158,Folic acid,P00374,1719,DHFR,HGNC:2861,DHFR,dihydrofolate reductase,targets,DrugBank,NCBI,validated,previous_mapping
CHEMBL1622,FOLIC ACID,DB00158,Folic acid,P14207,2350,FOLR2,HGNC:3793,FOLR2,folate receptor beta,targets,DrugBank,NCBI,validated,previous_mapping
CHEMBL1622,FOLIC ACID,DB00158,Folic acid,P15328,2348,FOLR1,HGNC:3791,FOLR1,folate receptor alpha,targets,DrugBank,NCBI,validated,previous_mapping
CHEMBL1622,FOLIC ACID,DB00158,Folic acid,P41439,2352,FOLR3,HGNC:3795,FOLR3,folate receptor gamma,targets,DrugBank,NCBI,validated,previous_mapping
CHEMBL1622,FOLIC ACID,DB00158,Folic acid,P42898,4524,MTHFR,HGNC:7436,MTHFR,methylenetetrahydrofolate reductase,targets,DrugBank,NCBI,validated,previous_mapping
CHEMBL1622,FOLIC ACID,DB00158,Folic acid,Q4U2R8,9356,SLC22A6,HGNC:10970,SLC22A6,solute carrier family 22 member 6,targets,DrugBank,NCBI,validated,previous_mapping
CHEMBL1622,FOLIC ACID,DB00158,Folic acid,Q92820,8836,GGH,HGNC:4248,GGH,gamma-glutamyl hydrolase,targets,DrugBank,NCBI,validated,previous_mapping
CHEMBL1622,FOLIC ACID,DB00158,Folic acid,Q96J66,85320,ABCC11,HGNC:14639,ABCC11,ATP binding cassette subfamily C member 11,targets,DrugBank,NCBI,validated,previous_mapping
CHEMBL1622,FOLIC ACID,DB00158,Folic acid,Q96NT5,113235,SLC46A1,HGNC:30521,SLC46A1,solute carrier family 46 member 1,targets,DrugBank,NCBI,validated,previous_mapping
CHEMBL1622,FOLIC ACID,DB00158,Folic acid,Q9H2D1,81034,SLC25A32,HGNC:29683,SLC25A32,solute carrier family 25 member 32,targets,DrugBank,NCBI,validated,previous_mapping
CHEMBL1622,FOLIC ACID,DB00158,Folic acid,Q9UNQ0,9429,ABCG2,HGNC:74,ABCG2,ATP binding cassette subfamily G member 2 (JR blood group),targets,DrugBank,NCBI,validated,previous_mapping
CHEMBL1628227,DOXEPIN,DB01142,Doxepin,P02763,5004,ORM1,HGNC:8498,ORM1,orosomucoid 1,targets,DrugBank,NCBI,validated,previous_mapping
CHEMBL1628227,DOXEPIN,DB01142,Doxepin,P02768,213,ALB,HGNC:399,ALB,albumin,targets,DrugBank,NCBI,validated,previous_mapping
CHEMBL1628227,DOXEPIN,DB01142,Doxepin,P05177,1544,CYP1A2,HGNC:2596,CYP1A2,cytochrome P450 family 1 subfamily A member 2,targets,DrugBank,NCBI,validated,previous_mapping
CHEMBL1628227,DOXEPIN,DB01142,Doxepin,P08172,1129,CHRM2,HGNC:1951,CHRM2,cholinergic receptor muscarinic 2,targets,DrugBank,NCBI,validated,previous_mapping
CHEMBL1628227,DOXEPIN,DB01142,Doxepin,P08173,1132,CHRM4,HGNC:1953,CHRM4,cholinergic receptor muscarinic 4,targets,DrugBank,NCBI,validated,previous_mapping
CHEMBL1628227,DOXEPIN,DB01142,Doxepin,P08183,5243,ABCB1,HGNC:40,ABCB1,ATP binding cassette subfamily B member 1,targets,DrugBank,NCBI,validated,previous_mapping
CHEMBL1628227,DOXEPIN,DB01142,Doxepin,P08684,1576,CYP3A4,HGNC:2637,CYP3A4,cytochrome P450 family 3 subfamily A member 4,targets,DrugBank,NCBI,validated,previous_mapping
CHEMBL1628227,DOXEPIN,DB01142,Doxepin,P08908,3350,HTR1A,HGNC:5286,HTR1A,5-hydroxytryptamine receptor 1A,targets,DrugBank,NCBI,validated,previous_mapping
CHEMBL1628227,DOXEPIN,DB01142,Doxepin,P08912,1133,CHRM5,HGNC:1954,CHRM5,cholinergic receptor muscarinic 5,targets,DrugBank,NCBI,validated,previous_mapping
CHEMBL1628227,DOXEPIN,DB01142,Doxepin,P10635,1565,CYP2D6,HGNC:2625,CYP2D6,cytochrome P450 family 2 subfamily D member 6 (gene/pseudogene),targets,DrugBank,NCBI,validated,previous_mapping
CHEMBL1628227,DOXEPIN,DB01142,Doxepin,P11229,1128,CHRM1,HGNC:1950,CHRM1,cholinergic receptor muscarinic 1,targets,DrugBank,NCBI,validated,previous_mapping
CHEMBL1628227,DOXEPIN,DB01142,Doxepin,P11712,1559,CYP2C9,HGNC:2623,CYP2C9,cytochrome P450 family 2 subfamily C member 9,targets,DrugBank,NCBI,validated,previous_mapping
CHEMBL1628227,DOXEPIN,DB01142,Doxepin,P20309,1131,CHRM3,HGNC:1952,CHRM3,cholinergic receptor muscarinic 3,targets,DrugBank,NCBI,validated,previous_mapping
CHEMBL1628227,DOXEPIN,DB01142,Doxepin,P23975,6530,SLC6A2,HGNC:11048,SLC6A2,solute carrier family 6 member 2,targets,DrugBank,NCBI,validated,previous_mapping
CHEMBL1628227,DOXEPIN,DB01142,Doxepin,P25021,3274,HRH2,HGNC:5183,HRH2,histamine receptor H2,targets,DrugBank,NCBI,validated,previous_mapping
CHEMBL1628227,DOXEPIN,DB01142,Doxepin,P25100,146,ADRA1D,HGNC:280,ADRA1D,adrenoceptor alpha 1D,targets,DrugBank,NCBI,validated,previous_mapping
CHEMBL1628227,DOXEPIN,DB01142,Doxepin,P28223,3356,HTR2A,HGNC:5293,HTR2A,5-hydroxytryptamine receptor 2A,targets,DrugBank,NCBI,validated,previous_mapping
CHEMBL1628227,DOXEPIN,DB01142,Doxepin,P28335,3358,HTR2C,HGNC:5295,HTR2C,5-hydroxytryptamine receptor 2C,targets,DrugBank,NCBI,validated,previous_mapping
CHEMBL1628227,DOXEPIN,DB01142,Doxepin,P31645,6532,SLC6A4,HGNC:11050,SLC6A4,solute carrier family 6 member 4,targets,DrugBank,NCBI,validated,previous_mapping
CHEMBL1628227,DOXEPIN,DB01142,Doxepin,P33261,1557,CYP2C19,HGNC:2621,CYP2C19,cytochrome P450 family 2 subfamily C member 19,targets,DrugBank,NCBI,validated,previous_mapping
CHEMBL1628227,DOXEPIN,DB01142,Doxepin,P35348,148,ADRA1A,HGNC:277,ADRA1A,adrenoceptor alpha 1A,targets,DrugBank,NCBI,validated,previous_mapping
CHEMBL1628227,DOXEPIN,DB01142,Doxepin,P35367,3269,HRH1,HGNC:5182,HRH1,histamine receptor H1,targets,DrugBank,NCBI,validated,previous_mapping
CHEMBL1628227,DOXEPIN,DB01142,Doxepin,P35368,147,ADRA1B,HGNC:278,ADRA1B,adrenoceptor alpha 1B,targets,DrugBank,NCBI,validated,previous_mapping
CHEMBL1628227,DOXEPIN,DB01142,Doxepin,P41595,3357,HTR2B,HGNC:5294,HTR2B,5-hydroxytryptamine receptor 2B,targets,DrugBank,NCBI,validated,previous_mapping
CHEMBL1628227,DOXEPIN,DB01142,Doxepin,P50406,3362,HTR6,HGNC:5301,HTR6,5-hydroxytryptamine receptor 6,targets,DrugBank,NCBI,validated,previous_mapping
CHEMBL1628227,DOXEPIN,DB01142,Doxepin,Q12809,3757,KCNH2,HGNC:6251,KCNH2,potassium voltage-gated channel subfamily H member 2,targets,DrugBank,NCBI,validated,previous_mapping
CHEMBL1628227,DOXEPIN,DB01142,Doxepin,Q9H3N8,59340,HRH4,HGNC:17383,HRH4,histamine receptor H4,targets,DrugBank,NCBI,validated,previous_mapping
CHEMBL1628502,GABAPENTIN ENACARBIL,DB08872,Gabapentin enacarbil,P54289,781,CACNA2D1,HGNC:1399,CACNA2D1,calcium voltage-gated channel auxiliary subunit alpha2delta 1,targets,DrugBank,NCBI,validated,previous_mapping
CHEMBL1628502,GABAPENTIN ENACARBIL,DB08872,Gabapentin enacarbil,Q8N695,160728,SLC5A8,HGNC:19119,SLC5A8,solute carrier family 5 member 8,targets,DrugBank,NCBI,validated,previous_mapping
CHEMBL1628502,GABAPENTIN ENACARBIL,DB08872,Gabapentin enacarbil,Q9NY47,9254,CACNA2D2,HGNC:1400,CACNA2D2,calcium voltage-gated channel auxiliary subunit alpha2delta 2,targets,DrugBank,NCBI,validated,previous_mapping
CHEMBL1628502,GABAPENTIN ENACARBIL,DB08872,Gabapentin enacarbil,Q9Y289,8884,SLC5A6,HGNC:11041,SLC5A6,solute carrier family 5 member 6,targets,DrugBank,NCBI,validated,previous_mapping
CHEMBL1650,CORTISONE ACETATE,DB01380,Cortisone acetate,P04150,2908,NR3C1,HGNC:7978,NR3C1,nuclear receptor subfamily 3 group C member 1,targets,DrugBank,NCBI,validated,previous_mapping
CHEMBL1650,CORTISONE ACETATE,DB01380,Cortisone acetate,P08684,1576,CYP3A4,HGNC:2637,CYP3A4,cytochrome P450 family 3 subfamily A member 4,targets,DrugBank,NCBI,validated,previous_mapping
CHEMBL1650,CORTISONE ACETATE,DB01380,Cortisone acetate,P20815,1577,CYP3A5,HGNC:2638,CYP3A5,cytochrome P450 family 3 subfamily A member 5,targets,DrugBank,NCBI,validated,previous_mapping
CHEMBL1652,AMBENONIUM,DB01122,Ambenonium,P06276,590,BCHE,HGNC:983,BCHE,butyrylcholinesterase,targets,DrugBank,NCBI,validated,previous_mapping
CHEMBL1652,AMBENONIUM,DB01122,Ambenonium,P22303,43,ACHE,HGNC:108,ACHE,acetylcholinesterase (Yt blood group),targets,DrugBank,NCBI,validated,previous_mapping
CHEMBL1684,BENDROFLUMETHIAZIDE,DB00436,Bendroflumethiazide,P00915,759,CA1,HGNC:1368,CA1,carbonic anhydrase 1,targets,DrugBank,NCBI,validated,previous_mapping
CHEMBL1684,BENDROFLUMETHIAZIDE,DB00436,Bendroflumethiazide,P00918,760,CA2,HGNC:1373,CA2,carbonic anhydrase 2,targets,DrugBank,NCBI,validated,previous_mapping
CHEMBL1684,BENDROFLUMETHIAZIDE,DB00436,Bendroflumethiazide,P22748,762,CA4,HGNC:1375,CA4,carbonic anhydrase 4,targets,DrugBank,NCBI,validated,previous_mapping
CHEMBL1684,BENDROFLUMETHIAZIDE,DB00436,Bendroflumethiazide,P51580,7172,TPMT,HGNC:12014,TPMT,thiopurine S-methyltransferase,targets,DrugBank,NCBI,validated,previous_mapping
CHEMBL1684,BENDROFLUMETHIAZIDE,DB00436,Bendroflumethiazide,P55017,6559,SLC12A3,HGNC:10912,SLC12A3,solute carrier family 12 member 3,targets,DrugBank,NCBI,validated,previous_mapping
CHEMBL1684,BENDROFLUMETHIAZIDE,DB00436,Bendroflumethiazide,Q12791,3778,KCNMA1,HGNC:6284,KCNMA1,potassium calcium-activated channel subfamily M alpha 1,targets,DrugBank,NCBI,validated,previous_mapping
CHEMBL1697733,ACETYLCARNITINE,DB08842,Acetylcarnitine,O76082,6584,SLC22A5,HGNC:10969,SLC22A5,solute carrier family 22 member 5,targets,DrugBank,NCBI,validated,previous_mapping
CHEMBL1697841,ISOMETHEPTENE,DB06706,Isometheptene,P35348,148,ADRA1A,HGNC:277,ADRA1A,adrenoceptor alpha 1A,targets,DrugBank,NCBI,validated,previous_mapping
CHEMBL1697841,ISOMETHEPTENE,DB06706,Isometheptene,Q05940,6571,SLC18A2,HGNC:10935,SLC18A2,solute carrier family 18 member A2,targets,DrugBank,NCBI,validated,previous_mapping
CHEMBL1729,CISAPRIDE,DB00604,Cisapride,P08684,1576,CYP3A4,HGNC:2637,CYP3A4,cytochrome P450 family 3 subfamily A member 4,targets,DrugBank,NCBI,validated,previous_mapping
CHEMBL1729,CISAPRIDE,DB00604,Cisapride,P10632,1558,CYP2C8,HGNC:2622,CYP2C8,cytochrome P450 family 2 subfamily C member 8,targets,DrugBank,NCBI,validated,previous_mapping
CHEMBL1729,CISAPRIDE,DB00604,Cisapride,P10635,1565,CYP2D6,HGNC:2625,CYP2D6,cytochrome P450 family 2 subfamily D member 6 (gene/pseudogene),targets,DrugBank,NCBI,validated,previous_mapping
CHEMBL1729,CISAPRIDE,DB00604,Cisapride,P11509,1548,CYP2A6,HGNC:2610,CYP2A6,cytochrome P450 family 2 subfamily A member 6,targets,DrugBank,NCBI,validated,previous_mapping
CHEMBL1729,CISAPRIDE,DB00604,Cisapride,P11712,1559,CYP2C9,HGNC:2623,CYP2C9,cytochrome P450 family 2 subfamily C member 9,targets,DrugBank,NCBI,validated,previous_mapping
CHEMBL1729,CISAPRIDE,DB00604,Cisapride,P20813,1555,CYP2B6,HGNC:2615,CYP2B6,cytochrome P450 family 2 subfamily B member 6,targets,DrugBank,NCBI,validated,previous_mapping
CHEMBL1729,CISAPRIDE,DB00604,Cisapride,P20815,1577,CYP3A5,HGNC:2638,CYP3A5,cytochrome P450 family 3 subfamily A member 5,targets,DrugBank,NCBI,validated,previous_mapping
CHEMBL1729,CISAPRIDE,DB00604,Cisapride,P24462,1551,CYP3A7,HGNC:2640,CYP3A7,cytochrome P450 family 3 subfamily A member 7,targets,DrugBank,NCBI,validated,previous_mapping
CHEMBL1729,CISAPRIDE,DB00604,Cisapride,P28223,3356,HTR2A,HGNC:5293,HTR2A,5-hydroxytryptamine receptor 2A,targets,DrugBank,NCBI,validated,previous_mapping
CHEMBL1729,CISAPRIDE,DB00604,Cisapride,P33261,1557,CYP2C19,HGNC:2621,CYP2C19,cytochrome P450 family 2 subfamily C member 19,targets,DrugBank,NCBI,validated,previous_mapping
CHEMBL1729,CISAPRIDE,DB00604,Cisapride,P46098,3359,HTR3A,HGNC:5297,HTR3A,5-hydroxytryptamine receptor 3A,targets,DrugBank,NCBI,validated,previous_mapping
CHEMBL1729,CISAPRIDE,DB00604,Cisapride,Q12809,3757,KCNH2,HGNC:6251,KCNH2,potassium voltage-gated channel subfamily H member 2,targets,DrugBank,NCBI,validated,previous_mapping
CHEMBL1729,CISAPRIDE,DB00604,Cisapride,Q13639,3360,HTR4,HGNC:5299,HTR4,5-hydroxytryptamine receptor 4,targets,DrugBank,NCBI,validated,previous_mapping
CHEMBL1732,DIHYDROERGOTAMINE,DB00320,Dihydroergotamine,P08183,5243,ABCB1,HGNC:40,ABCB1,ATP binding cassette subfamily B member 1,targets,DrugBank,NCBI,validated,previous_mapping
CHEMBL1732,DIHYDROERGOTAMINE,DB00320,Dihydroergotamine,P08684,1576,CYP3A4,HGNC:2637,CYP3A4,cytochrome P450 family 3 subfamily A member 4,targets,DrugBank,NCBI,validated,previous_mapping
CHEMBL1732,DIHYDROERGOTAMINE,DB00320,Dihydroergotamine,P08913,150,ADRA2A,HGNC:281,ADRA2A,adrenoceptor alpha 2A,targets,DrugBank,NCBI,validated,previous_mapping
CHEMBL1732,DIHYDROERGOTAMINE,DB00320,Dihydroergotamine,P28221,3352,HTR1D,HGNC:5289,HTR1D,5-hydroxytryptamine receptor 1D,targets,DrugBank,NCBI,validated,previous_mapping
CHEMBL1732,DIHYDROERGOTAMINE,DB00320,Dihydroergotamine,P28222,3351,HTR1B,HGNC:5287,HTR1B,5-hydroxytryptamine receptor 1B,targets,DrugBank,NCBI,validated,previous_mapping
CHEMBL1732,DIHYDROERGOTAMINE,DB00320,Dihydroergotamine,P41595,3357,HTR2B,HGNC:5294,HTR2B,5-hydroxytryptamine receptor 2B,targets,DrugBank,NCBI,validated,previous_mapping
CHEMBL1752,DYPHYLLINE,DB00651,Dyphylline,P27815,5141,PDE4A,HGNC:8780,PDE4A,phosphodiesterase 4A,targets,DrugBank,NCBI,validated,previous_mapping
CHEMBL1752,DYPHYLLINE,DB00651,Dyphylline,P29274,135,ADORA2A,HGNC:263,ADORA2A,adenosine A2a receptor,targets,DrugBank,NCBI,validated,previous_mapping
CHEMBL1752,DYPHYLLINE,DB00651,Dyphylline,P30542,134,ADORA1,HGNC:262,ADORA1,adenosine A1 receptor,targets,DrugBank,NCBI,validated,previous_mapping
CHEMBL1752,DYPHYLLINE,DB00651,Dyphylline,Q07343,5142,PDE4B,HGNC:8781,PDE4B,phosphodiesterase 4B,targets,DrugBank,NCBI,validated,previous_mapping
CHEMBL1752,DYPHYLLINE,DB00651,Dyphylline,Q08493,5143,PDE4C,HGNC:8782,PDE4C,phosphodiesterase 4C,targets,DrugBank,NCBI,validated,previous_mapping
CHEMBL1752,DYPHYLLINE,DB00651,Dyphylline,Q08499,5144,PDE4D,HGNC:8783,PDE4D,phosphodiesterase 4D,targets,DrugBank,NCBI,validated,previous_mapping
CHEMBL1754,DOXAPRAM,DB00561,Doxapram,O14649,3777,KCNK3,HGNC:6278,KCNK3,potassium two pore domain channel subfamily K member 3,targets,DrugBank,NCBI,validated,previous_mapping
CHEMBL1754,DOXAPRAM,DB00561,Doxapram,Q9NPC2,51305,KCNK9,HGNC:6283,KCNK9,potassium two pore domain channel subfamily K member 9,targets,DrugBank,NCBI,validated,previous_mapping
CHEMBL1760,TERBUTALINE,DB00871,Terbutaline,P06276,590,BCHE,HGNC:983,BCHE,butyrylcholinesterase,targets,DrugBank,NCBI,validated,previous_mapping
CHEMBL1760,TERBUTALINE,DB00871,Terbutaline,P07550,154,ADRB2,HGNC:286,ADRB2,adrenoceptor beta 2,targets,DrugBank,NCBI,validated,previous_mapping
CHEMBL1760,TERBUTALINE,DB00871,Terbutaline,P08588,153,ADRB1,HGNC:285,ADRB1,adrenoceptor beta 1,targets,DrugBank,NCBI,validated,previous_mapping
CHEMBL1760,TERBUTALINE,DB00871,Terbutaline,P13945,155,ADRB3,HGNC:288,ADRB3,adrenoceptor beta 3,targets,DrugBank,NCBI,validated,previous_mapping
CHEMBL1763,HYDROFLUMETHIAZIDE,DB00774,Hydroflumethiazide,O43570,771,CA12,HGNC:1371,CA12,carbonic anhydrase 12,targets,DrugBank,NCBI,validated,previous_mapping
CHEMBL1763,HYDROFLUMETHIAZIDE,DB00774,Hydroflumethiazide,P00915,759,CA1,HGNC:1368,CA1,carbonic anhydrase 1,targets,DrugBank,NCBI,validated,previous_mapping
CHEMBL1763,HYDROFLUMETHIAZIDE,DB00774,Hydroflumethiazide,P00918,760,CA2,HGNC:1373,CA2,carbonic anhydrase 2,targets,DrugBank,NCBI,validated,previous_mapping
CHEMBL1763,HYDROFLUMETHIAZIDE,DB00774,Hydroflumethiazide,P02768,213,ALB,HGNC:399,ALB,albumin,targets,DrugBank,NCBI,validated,previous_mapping
CHEMBL1763,HYDROFLUMETHIAZIDE,DB00774,Hydroflumethiazide,P05023,476,ATP1A1,HGNC:799,ATP1A1,ATPase Na+/K+ transporting subunit alpha 1,targets,DrugBank,NCBI,validated,previous_mapping
CHEMBL1763,HYDROFLUMETHIAZIDE,DB00774,Hydroflumethiazide,P22748,762,CA4,HGNC:1375,CA4,carbonic anhydrase 4,targets,DrugBank,NCBI,validated,previous_mapping
CHEMBL1763,HYDROFLUMETHIAZIDE,DB00774,Hydroflumethiazide,P43166,766,CA7,HGNC:1381,CA7,carbonic anhydrase 7,targets,DrugBank,NCBI,validated,previous_mapping
CHEMBL1763,HYDROFLUMETHIAZIDE,DB00774,Hydroflumethiazide,Q12791,3778,KCNMA1,HGNC:6284,KCNMA1,potassium calcium-activated channel subfamily M alpha 1,targets,DrugBank,NCBI,validated,previous_mapping
CHEMBL1763,HYDROFLUMETHIAZIDE,DB00774,Hydroflumethiazide,Q13621,6557,SLC12A1,HGNC:10910,SLC12A1,solute carrier family 12 member 1,targets,DrugBank,NCBI,validated,previous_mapping
CHEMBL1763,HYDROFLUMETHIAZIDE,DB00774,Hydroflumethiazide,Q16790,768,CA9,HGNC:1383,CA9,carbonic anhydrase 9,targets,DrugBank,NCBI,validated,previous_mapping
CHEMBL1763,HYDROFLUMETHIAZIDE,DB00774,Hydroflumethiazide,Q4U2R8,9356,SLC22A6,HGNC:10970,SLC22A6,solute carrier family 22 member 6,targets,DrugBank,NCBI,validated,previous_mapping
CHEMBL1763,HYDROFLUMETHIAZIDE,DB00774,Hydroflumethiazide,Q8TCC7,9376,SLC22A8,HGNC:10972,SLC22A8,solute carrier family 22 member 8,targets,DrugBank,NCBI,validated,previous_mapping
CHEMBL1764,LEVOMEPROMAZINE,DB01403,Methotrimeprazine,P05181,1571,CYP2E1,HGNC:2631,CYP2E1,cytochrome P450 family 2 subfamily E member 1,targets,DrugBank,NCBI,validated,synonym_match
CHEMBL1764,LEVOMEPROMAZINE,DB01403,Methotrimeprazine,P08172,1129,CHRM2,HGNC:1951,CHRM2,cholinergic receptor muscarinic 2,targets,DrugBank,NCBI,validated,synonym_match
CHEMBL1764,LEVOMEPROMAZINE,DB01403,Methotrimeprazine,P08173,1132,CHRM4,HGNC:1953,CHRM4,cholinergic receptor muscarinic 4,targets,DrugBank,NCBI,validated,synonym_match
CHEMBL1764,LEVOMEPROMAZINE,DB01403,Methotrimeprazine,P08912,1133,CHRM5,HGNC:1954,CHRM5,cholinergic receptor muscarinic 5,targets,DrugBank,NCBI,validated,synonym_match
CHEMBL1764,LEVOMEPROMAZINE,DB01403,Methotrimeprazine,P08913,150,ADRA2A,HGNC:281,ADRA2A,adrenoceptor alpha 2A,targets,DrugBank,NCBI,validated,synonym_match
CHEMBL1764,LEVOMEPROMAZINE,DB01403,Methotrimeprazine,P10635,1565,CYP2D6,HGNC:2625,CYP2D6,cytochrome P450 family 2 subfamily D member 6 (gene/pseudogene),targets,DrugBank,NCBI,validated,synonym_match
CHEMBL1764,LEVOMEPROMAZINE,DB01403,Methotrimeprazine,P11229,1128,CHRM1,HGNC:1950,CHRM1,cholinergic receptor muscarinic 1,targets,DrugBank,NCBI,validated,synonym_match
CHEMBL1764,LEVOMEPROMAZINE,DB01403,Methotrimeprazine,P14416,1813,DRD2,HGNC:3023,DRD2,dopamine receptor D2,targets,DrugBank,NCBI,validated,synonym_match
CHEMBL1764,LEVOMEPROMAZINE,DB01403,Methotrimeprazine,P18089,151,ADRA2B,HGNC:282,ADRA2B,adrenoceptor alpha 2B,targets,DrugBank,NCBI,validated,synonym_match
CHEMBL1764,LEVOMEPROMAZINE,DB01403,Methotrimeprazine,P18825,152,ADRA2C,HGNC:283,ADRA2C,adrenoceptor alpha 2C,targets,DrugBank,NCBI,validated,synonym_match
CHEMBL1764,LEVOMEPROMAZINE,DB01403,Methotrimeprazine,P20309,1131,CHRM3,HGNC:1952,CHRM3,cholinergic receptor muscarinic 3,targets,DrugBank,NCBI,validated,synonym_match
CHEMBL1764,LEVOMEPROMAZINE,DB01403,Methotrimeprazine,P21728,1812,DRD1,HGNC:3020,DRD1,dopamine receptor D1,targets,DrugBank,NCBI,validated,synonym_match
CHEMBL1764,LEVOMEPROMAZINE,DB01403,Methotrimeprazine,P21917,1815,DRD4,HGNC:3025,DRD4,dopamine receptor D4,targets,DrugBank,NCBI,validated,synonym_match
CHEMBL1764,LEVOMEPROMAZINE,DB01403,Methotrimeprazine,P21918,1816,DRD5,HGNC:3026,DRD5,dopamine receptor D5,targets,DrugBank,NCBI,validated,synonym_match
CHEMBL1764,LEVOMEPROMAZINE,DB01403,Methotrimeprazine,P25100,146,ADRA1D,HGNC:280,ADRA1D,adrenoceptor alpha 1D,targets,DrugBank,NCBI,validated,synonym_match
CHEMBL1764,LEVOMEPROMAZINE,DB01403,Methotrimeprazine,P28223,3356,HTR2A,HGNC:5293,HTR2A,5-hydroxytryptamine receptor 2A,targets,DrugBank,NCBI,validated,synonym_match
CHEMBL1764,LEVOMEPROMAZINE,DB01403,Methotrimeprazine,P28335,3358,HTR2C,HGNC:5295,HTR2C,5-hydroxytryptamine receptor 2C,targets,DrugBank,NCBI,validated,synonym_match
CHEMBL1764,LEVOMEPROMAZINE,DB01403,Methotrimeprazine,P35348,148,ADRA1A,HGNC:277,ADRA1A,adrenoceptor alpha 1A,targets,DrugBank,NCBI,validated,synonym_match
CHEMBL1764,LEVOMEPROMAZINE,DB01403,Methotrimeprazine,P35367,3269,HRH1,HGNC:5182,HRH1,histamine receptor H1,targets,DrugBank,NCBI,validated,synonym_match
CHEMBL1764,LEVOMEPROMAZINE,DB01403,Methotrimeprazine,P35368,147,ADRA1B,HGNC:278,ADRA1B,adrenoceptor alpha 1B,targets,DrugBank,NCBI,validated,synonym_match
CHEMBL1764,LEVOMEPROMAZINE,DB01403,Methotrimeprazine,P35462,1814,DRD3,HGNC:3024,DRD3,dopamine receptor D3,targets,DrugBank,NCBI,validated,synonym_match
CHEMBL178,DAUNORUBICIN,DB00694,Daunorubicin,O95255,368,ABCC6,HGNC:57,ABCC6,ATP binding cassette subfamily C member 6,targets,DrugBank,NCBI,validated,previous_mapping
CHEMBL178,DAUNORUBICIN,DB00694,Daunorubicin,O95342,8647,ABCB11,HGNC:42,ABCB11,ATP binding cassette subfamily B member 11,targets,DrugBank,NCBI,validated,previous_mapping
CHEMBL178,DAUNORUBICIN,DB00694,Daunorubicin,P04798,1543,CYP1A1,HGNC:2595,CYP1A1,cytochrome P450 family 1 subfamily A member 1,targets,DrugBank,NCBI,validated,previous_mapping
CHEMBL178,DAUNORUBICIN,DB00694,Daunorubicin,P08183,5243,ABCB1,HGNC:40,ABCB1,ATP binding cassette subfamily B member 1,targets,DrugBank,NCBI,validated,previous_mapping
CHEMBL178,DAUNORUBICIN,DB00694,Daunorubicin,P08684,1576,CYP3A4,HGNC:2637,CYP3A4,cytochrome P450 family 3 subfamily A member 4,targets,DrugBank,NCBI,validated,previous_mapping
CHEMBL178,DAUNORUBICIN,DB00694,Daunorubicin,P11388,7153,TOP2A,HGNC:11989,TOP2A,DNA topoisomerase II alpha,targets,DrugBank,NCBI,validated,previous_mapping
CHEMBL178,DAUNORUBICIN,DB00694,Daunorubicin,P16435,5447,POR,HGNC:9208,POR,cytochrome p450 oxidoreductase,targets,DrugBank,NCBI,validated,previous_mapping
CHEMBL178,DAUNORUBICIN,DB00694,Daunorubicin,P20815,1577,CYP3A5,HGNC:2638,CYP3A5,cytochrome P450 family 3 subfamily A member 5,targets,DrugBank,NCBI,validated,previous_mapping
CHEMBL178,DAUNORUBICIN,DB00694,Daunorubicin,P33527,4363,ABCC1,HGNC:51,ABCC1,ATP binding cassette subfamily C member 1 (ABCC1 blood group),targets,DrugBank,NCBI,validated,previous_mapping
CHEMBL178,DAUNORUBICIN,DB00694,Daunorubicin,P47989,7498,XDH,HGNC:12805,XDH,xanthine dehydrogenase,targets,DrugBank,NCBI,validated,previous_mapping
CHEMBL178,DAUNORUBICIN,DB00694,Daunorubicin,Q02880,7155,TOP2B,HGNC:11990,TOP2B,DNA topoisomerase II beta,targets,DrugBank,NCBI,validated,previous_mapping
CHEMBL178,DAUNORUBICIN,DB00694,Daunorubicin,Q16678,1545,CYP1B1,HGNC:2597,CYP1B1,cytochrome P450 family 1 subfamily B member 1,targets,DrugBank,NCBI,validated,previous_mapping
CHEMBL178,DAUNORUBICIN,DB00694,Daunorubicin,Q5T3U5,89845,ABCC10,HGNC:52,ABCC10,ATP binding cassette subfamily C member 10,targets,DrugBank,NCBI,validated,previous_mapping
CHEMBL178,DAUNORUBICIN,DB00694,Daunorubicin,Q92887,1244,ABCC2,HGNC:53,ABCC2,ATP binding cassette subfamily C member 2,targets,DrugBank,NCBI,validated,previous_mapping
CHEMBL178,DAUNORUBICIN,DB00694,Daunorubicin,Q9UNQ0,9429,ABCG2,HGNC:74,ABCG2,ATP binding cassette subfamily G member 2 (JR blood group),targets,DrugBank,NCBI,validated,previous_mapping
CHEMBL178803,BLONANSERIN,DB09223,Blonanserin,P02768,213,ALB,HGNC:399,ALB,albumin,targets,DrugBank,NCBI,validated,previous_mapping
CHEMBL178803,BLONANSERIN,DB09223,Blonanserin,P08684,1576,CYP3A4,HGNC:2637,CYP3A4,cytochrome P450 family 3 subfamily A member 4,targets,DrugBank,NCBI,validated,previous_mapping
CHEMBL178803,BLONANSERIN,DB09223,Blonanserin,P14416,1813,DRD2,HGNC:3023,DRD2,dopamine receptor D2,targets,DrugBank,NCBI,validated,previous_mapping
CHEMBL178803,BLONANSERIN,DB09223,Blonanserin,P28223,3356,HTR2A,HGNC:5293,HTR2A,5-hydroxytryptamine receptor 2A,targets,DrugBank,NCBI,validated,previous_mapping
CHEMBL178803,BLONANSERIN,DB09223,Blonanserin,P35462,1814,DRD3,HGNC:3024,DRD3,dopamine receptor D3,targets,DrugBank,NCBI,validated,previous_mapping
CHEMBL18116,TOLOXATONE,DB09245,Toloxatone,P21397,4128,MAOA,HGNC:6833,MAOA,monoamine oxidase A,targets,DrugBank,NCBI,validated,previous_mapping
CHEMBL184,ACYCLOVIR,DB00787,Acyclovir,O15245,6580,SLC22A1,HGNC:10963,SLC22A1,solute carrier family 22 member 1,targets,DrugBank,NCBI,validated,previous_mapping
CHEMBL184,ACYCLOVIR,DB00787,Acyclovir,P00558,5230,PGK1,HGNC:8896,PGK1,phosphoglycerate kinase 1,targets,DrugBank,NCBI,validated,previous_mapping
CHEMBL184,ACYCLOVIR,DB00787,Acyclovir,P02768,213,ALB,HGNC:399,ALB,albumin,targets,DrugBank,NCBI,validated,previous_mapping
CHEMBL184,ACYCLOVIR,DB00787,Acyclovir,P06732,1158,CKM,HGNC:1994,CKM,"creatine kinase, M-type",targets,DrugBank,NCBI,validated,previous_mapping
CHEMBL184,ACYCLOVIR,DB00787,Acyclovir,P07205,5232,PGK2,HGNC:8898,PGK2,phosphoglycerate kinase 2,targets,DrugBank,NCBI,validated,previous_mapping
CHEMBL184,ACYCLOVIR,DB00787,Acyclovir,P12277,1152,CKB,HGNC:1991,CKB,creatine kinase B,targets,DrugBank,NCBI,validated,previous_mapping
CHEMBL184,ACYCLOVIR,DB00787,Acyclovir,P12532,1159,CKMT1B,HGNC:1995,CKMT1B,"creatine kinase, mitochondrial 1B",targets,DrugBank,NCBI,validated,previous_mapping
CHEMBL184,ACYCLOVIR,DB00787,Acyclovir,P14618,5315,PKM,HGNC:9021,PKM,pyruvate kinase M1/2,targets,DrugBank,NCBI,validated,previous_mapping
CHEMBL184,ACYCLOVIR,DB00787,Acyclovir,P15531,4830,NME1,HGNC:7849,NME1,NME/NM23 nucleoside diphosphate kinase 1,targets,DrugBank,NCBI,validated,previous_mapping
CHEMBL184,ACYCLOVIR,DB00787,Acyclovir,P17540,1160,CKMT2,HGNC:1996,CKMT2,"creatine kinase, mitochondrial 2",targets,DrugBank,NCBI,validated,previous_mapping
CHEMBL184,ACYCLOVIR,DB00787,Acyclovir,P22392,4831,NME2,HGNC:7850,NME2,NME/NM23 nucleoside diphosphate kinase 2,targets,DrugBank,NCBI,validated,previous_mapping
CHEMBL184,ACYCLOVIR,DB00787,Acyclovir,P30520,159,ADSS2,HGNC:292,ADSS2,adenylosuccinate synthase 2,targets,DrugBank,NCBI,validated,previous_mapping
CHEMBL184,ACYCLOVIR,DB00787,Acyclovir,P30613,5313,PKLR,HGNC:9020,PKLR,pyruvate kinase L/R,targets,DrugBank,NCBI,validated,previous_mapping
CHEMBL184,ACYCLOVIR,DB00787,Acyclovir,P35558,5105,PCK1,HGNC:8724,PCK1,phosphoenolpyruvate carboxykinase 1,targets,DrugBank,NCBI,validated,previous_mapping
CHEMBL184,ACYCLOVIR,DB00787,Acyclovir,P53597,8802,SUCLG1,HGNC:11449,SUCLG1,succinate-CoA ligase GDP/ADP-forming subunit alpha,targets,DrugBank,NCBI,validated,previous_mapping
CHEMBL184,ACYCLOVIR,DB00787,Acyclovir,Q12908,6555,SLC10A2,HGNC:10906,SLC10A2,solute carrier family 10 member 2,targets,DrugBank,NCBI,validated,previous_mapping
CHEMBL184,ACYCLOVIR,DB00787,Acyclovir,Q16774,2987,GUK1,HGNC:4693,GUK1,guanylate kinase 1,targets,DrugBank,NCBI,validated,previous_mapping
CHEMBL184,ACYCLOVIR,DB00787,Acyclovir,Q16822,5106,PCK2,HGNC:8725,PCK2,"phosphoenolpyruvate carboxykinase 2, mitochondrial",targets,DrugBank,NCBI,validated,previous_mapping
CHEMBL184,ACYCLOVIR,DB00787,Acyclovir,Q4U2R8,9356,SLC22A6,HGNC:10970,SLC22A6,solute carrier family 22 member 6,targets,DrugBank,NCBI,validated,previous_mapping
CHEMBL184,ACYCLOVIR,DB00787,Acyclovir,Q86VL8,146802,SLC47A2,HGNC:26439,SLC47A2,solute carrier family 47 member 2,targets,DrugBank,NCBI,validated,previous_mapping
CHEMBL184,ACYCLOVIR,DB00787,Acyclovir,Q8N142,122622,ADSS1,HGNC:20093,ADSS1,adenylosuccinate synthase 1,targets,DrugBank,NCBI,validated,previous_mapping
CHEMBL184,ACYCLOVIR,DB00787,Acyclovir,Q8TCC7,9376,SLC22A8,HGNC:10972,SLC22A8,solute carrier family 22 member 8,targets,DrugBank,NCBI,validated,previous_mapping
CHEMBL184,ACYCLOVIR,DB00787,Acyclovir,Q96FL8,55244,SLC47A1,HGNC:25588,SLC47A1,solute carrier family 47 member 1,targets,DrugBank,NCBI,validated,previous_mapping
CHEMBL184,ACYCLOVIR,DB00787,Acyclovir,Q96I99,8801,SUCLG2,HGNC:11450,SUCLG2,succinate-CoA ligase GDP-forming subunit beta,targets,DrugBank,NCBI,validated,previous_mapping
CHEMBL184,ACYCLOVIR,DB00787,Acyclovir,Q9P2R7,8803,SUCLA2,HGNC:11448,SUCLA2,succinate-CoA ligase ADP-forming subunit beta,targets,DrugBank,NCBI,validated,previous_mapping
CHEMBL186,CEFEPIME,DB01413,Cefepime,O76082,6584,SLC22A5,HGNC:10969,SLC22A5,solute carrier family 22 member 5,targets,DrugBank,NCBI,validated,previous_mapping
CHEMBL186,CEFEPIME,DB01413,Cefepime,P46059,6564,SLC15A1,HGNC:10920,SLC15A1,solute carrier family 15 member 1,targets,DrugBank,NCBI,validated,previous_mapping
CHEMBL186,CEFEPIME,DB01413,Cefepime,Q16348,6565,SLC15A2,HGNC:10921,SLC15A2,solute carrier family 15 member 2,targets,DrugBank,NCBI,validated,previous_mapping
CHEMBL19019,NALTREXONE,DB00704,Naltrexone,P22309,54658,UGT1A1,HGNC:12530,UGT1A1,UDP glucuronosyltransferase family 1 member A1,targets,DrugBank,NCBI,validated,previous_mapping
CHEMBL19019,NALTREXONE,DB00704,Naltrexone,P35372,4988,OPRM1,HGNC:8156,OPRM1,opioid receptor mu 1,targets,DrugBank,NCBI,validated,previous_mapping
CHEMBL19019,NALTREXONE,DB00704,Naltrexone,P41143,4985,OPRD1,HGNC:8153,OPRD1,opioid receptor delta 1,targets,DrugBank,NCBI,validated,previous_mapping
CHEMBL19019,NALTREXONE,DB00704,Naltrexone,P41145,4986,OPRK1,HGNC:8154,OPRK1,opioid receptor kappa 1,targets,DrugBank,NCBI,validated,previous_mapping
CHEMBL192,SILDENAFIL,DB00203,Sildenafil,O15439,10257,ABCC4,HGNC:55,ABCC4,ATP binding cassette subfamily C member 4 (PEL blood group),targets,DrugBank,NCBI,validated,previous_mapping
CHEMBL192,SILDENAFIL,DB00203,Sildenafil,O15440,10057,ABCC5,HGNC:56,ABCC5,ATP binding cassette subfamily C member 5,targets,DrugBank,NCBI,validated,previous_mapping
CHEMBL192,SILDENAFIL,DB00203,Sildenafil,O76074,8654,PDE5A,HGNC:8784,PDE5A,phosphodiesterase 5A,targets,DrugBank,NCBI,validated,previous_mapping
CHEMBL192,SILDENAFIL,DB00203,Sildenafil,P05181,1571,CYP2E1,HGNC:2631,CYP2E1,cytochrome P450 family 2 subfamily E member 1,targets,DrugBank,NCBI,validated,previous_mapping
CHEMBL192,SILDENAFIL,DB00203,Sildenafil,P08183,5243,ABCB1,HGNC:40,ABCB1,ATP binding cassette subfamily B member 1,targets,DrugBank,NCBI,validated,previous_mapping
CHEMBL192,SILDENAFIL,DB00203,Sildenafil,P08684,1576,CYP3A4,HGNC:2637,CYP3A4,cytochrome P450 family 3 subfamily A member 4,targets,DrugBank,NCBI,validated,previous_mapping
CHEMBL192,SILDENAFIL,DB00203,Sildenafil,P10635,1565,CYP2D6,HGNC:2625,CYP2D6,cytochrome P450 family 2 subfamily D member 6 (gene/pseudogene),targets,DrugBank,NCBI,validated,previous_mapping
CHEMBL192,SILDENAFIL,DB00203,Sildenafil,P11712,1559,CYP2C9,HGNC:2623,CYP2C9,cytochrome P450 family 2 subfamily C member 9,targets,DrugBank,NCBI,validated,previous_mapping
CHEMBL192,SILDENAFIL,DB00203,Sildenafil,P18545,5148,PDE6G,HGNC:8789,PDE6G,phosphodiesterase 6G,targets,DrugBank,NCBI,validated,previous_mapping
CHEMBL192,SILDENAFIL,DB00203,Sildenafil,P20815,1577,CYP3A5,HGNC:2638,CYP3A5,cytochrome P450 family 3 subfamily A member 5,targets,DrugBank,NCBI,validated,previous_mapping
CHEMBL192,SILDENAFIL,DB00203,Sildenafil,P24462,1551,CYP3A7,HGNC:2640,CYP3A7,cytochrome P450 family 3 subfamily A member 7,targets,DrugBank,NCBI,validated,previous_mapping
CHEMBL192,SILDENAFIL,DB00203,Sildenafil,P33261,1557,CYP2C19,HGNC:2621,CYP2C19,cytochrome P450 family 2 subfamily C member 19,targets,DrugBank,NCBI,validated,previous_mapping
CHEMBL192,SILDENAFIL,DB00203,Sildenafil,Q13956,5149,PDE6H,HGNC:8790,PDE6H,phosphodiesterase 6H,targets,DrugBank,NCBI,validated,previous_mapping
CHEMBL192,SILDENAFIL,DB00203,Sildenafil,Q5T3U5,89845,ABCC10,HGNC:52,ABCC10,ATP binding cassette subfamily C member 10,targets,DrugBank,NCBI,validated,previous_mapping
CHEMBL192,SILDENAFIL,DB00203,Sildenafil,Q9Y6L6,10599,SLCO1B1,HGNC:10959,SLCO1B1,solute carrier organic anion transporter family member 1B1,targets,DrugBank,NCBI,validated,previous_mapping
CHEMBL193240,ROFLUMILAST,DB01656,Roflumilast,P08684,1576,CYP3A4,HGNC:2637,CYP3A4,cytochrome P450 family 3 subfamily A member 4,targets,DrugBank,NCBI,validated,previous_mapping
CHEMBL193240,ROFLUMILAST,DB01656,Roflumilast,P27815,5141,PDE4A,HGNC:8780,PDE4A,phosphodiesterase 4A,targets,DrugBank,NCBI,validated,previous_mapping
CHEMBL193240,ROFLUMILAST,DB01656,Roflumilast,Q07343,5142,PDE4B,HGNC:8781,PDE4B,phosphodiesterase 4B,targets,DrugBank,NCBI,validated,previous_mapping
CHEMBL193240,ROFLUMILAST,DB01656,Roflumilast,Q08493,5143,PDE4C,HGNC:8782,PDE4C,phosphodiesterase 4C,targets,DrugBank,NCBI,validated,previous_mapping
CHEMBL193240,ROFLUMILAST,DB01656,Roflumilast,Q08499,5144,PDE4D,HGNC:8783,PDE4D,phosphodiesterase 4D,targets,DrugBank,NCBI,validated,previous_mapping
CHEMBL196,ASCORBIC ACID,DB00126,Ascorbic acid,O00469,5352,PLOD2,HGNC:9082,PLOD2,"procollagen-lysine,2-oxoglutarate 5-dioxygenase 2",targets,DrugBank,NCBI,validated,previous_mapping
CHEMBL196,ASCORBIC ACID,DB00126,Ascorbic acid,O14832,5264,PHYH,HGNC:8940,PHYH,phytanoyl-CoA 2-hydroxylase,targets,DrugBank,NCBI,validated,previous_mapping
CHEMBL196,ASCORBIC ACID,DB00126,Ascorbic acid,O60568,8985,PLOD3,HGNC:9083,PLOD3,"procollagen-lysine,2-oxoglutarate 5-dioxygenase 3",targets,DrugBank,NCBI,validated,previous_mapping
CHEMBL196,ASCORBIC ACID,DB00126,Ascorbic acid,O75936,8424,BBOX1,HGNC:964,BBOX1,gamma-butyrobetaine hydroxylase 1,targets,DrugBank,NCBI,validated,previous_mapping
CHEMBL196,ASCORBIC ACID,DB00126,Ascorbic acid,P02768,213,ALB,HGNC:399,ALB,albumin,targets,DrugBank,NCBI,validated,previous_mapping
CHEMBL196,ASCORBIC ACID,DB00126,Ascorbic acid,P09172,1621,DBH,HGNC:2689,DBH,dopamine beta-hydroxylase,targets,DrugBank,NCBI,validated,previous_mapping
CHEMBL196,ASCORBIC ACID,DB00126,Ascorbic acid,P11166,6513,SLC2A1,HGNC:11005,SLC2A1,solute carrier family 2 member 1,targets,DrugBank,NCBI,validated,previous_mapping
CHEMBL196,ASCORBIC ACID,DB00126,Ascorbic acid,P11169,6515,SLC2A3,HGNC:11007,SLC2A3,solute carrier family 2 member 3,targets,DrugBank,NCBI,validated,previous_mapping
CHEMBL196,ASCORBIC ACID,DB00126,Ascorbic acid,P13674,5033,P4HA1,HGNC:8546,P4HA1,prolyl 4-hydroxylase subunit alpha 1,targets,DrugBank,NCBI,validated,previous_mapping
CHEMBL196,ASCORBIC ACID,DB00126,Ascorbic acid,P14672,6517,SLC2A4,HGNC:11009,SLC2A4,solute carrier family 2 member 4,targets,DrugBank,NCBI,validated,previous_mapping
CHEMBL196,ASCORBIC ACID,DB00126,Ascorbic acid,P19021,5066,PAM,HGNC:8596,PAM,peptidylglycine alpha-amidating monooxygenase,targets,DrugBank,NCBI,validated,previous_mapping
CHEMBL196,ASCORBIC ACID,DB00126,Ascorbic acid,Q02809,5351,PLOD1,HGNC:9081,PLOD1,"procollagen-lysine,2-oxoglutarate 5-dioxygenase 1",targets,DrugBank,NCBI,validated,previous_mapping
CHEMBL196,ASCORBIC ACID,DB00126,Ascorbic acid,Q16881,7296,TXNRD1,HGNC:12437,TXNRD1,thioredoxin reductase 1,targets,DrugBank,NCBI,validated,previous_mapping
CHEMBL196,ASCORBIC ACID,DB00126,Ascorbic acid,Q32P28,64175,P3H1,HGNC:19316,P3H1,prolyl 3-hydroxylase 1,targets,DrugBank,NCBI,validated,previous_mapping
CHEMBL196,ASCORBIC ACID,DB00126,Ascorbic acid,Q6N063,79676,OGFOD2,HGNC:25823,OGFOD2,2-oxoglutarate and iron dependent oxygenase domain containing 2,targets,DrugBank,NCBI,validated,previous_mapping
CHEMBL196,ASCORBIC ACID,DB00126,Ascorbic acid,Q6NS38,121642,ALKBH2,HGNC:32487,ALKBH2,"alkB homolog 2, alpha-ketoglutarate dependent dioxygenase",targets,DrugBank,NCBI,validated,previous_mapping
CHEMBL196,ASCORBIC ACID,DB00126,Ascorbic acid,Q8IVL5,55214,P3H2,HGNC:19317,P3H2,prolyl 3-hydroxylase 2,targets,DrugBank,NCBI,validated,previous_mapping
CHEMBL196,ASCORBIC ACID,DB00126,Ascorbic acid,Q8IVL6,10536,P3H3,HGNC:19318,P3H3,prolyl 3-hydroxylase 3,targets,DrugBank,NCBI,validated,previous_mapping
CHEMBL196,ASCORBIC ACID,DB00126,Ascorbic acid,Q8N543,55239,OGFOD1,HGNC:25585,OGFOD1,2-oxoglutarate and iron dependent oxygenase domain containing 1,targets,DrugBank,NCBI,validated,previous_mapping
CHEMBL196,ASCORBIC ACID,DB00126,Ascorbic acid,Q96KS0,112398,EGLN2,HGNC:14660,EGLN2,egl-9 family hypoxia inducible factor 2,targets,DrugBank,NCBI,validated,previous_mapping
CHEMBL196,ASCORBIC ACID,DB00126,Ascorbic acid,Q96Q83,221120,ALKBH3,HGNC:30141,ALKBH3,"alkB homolog 3, alpha-ketoglutarate dependent dioxygenase",targets,DrugBank,NCBI,validated,previous_mapping
CHEMBL196,ASCORBIC ACID,DB00126,Ascorbic acid,Q9BY66,8284,KDM5D,HGNC:11115,KDM5D,lysine demethylase 5D,targets,DrugBank,NCBI,validated,previous_mapping
CHEMBL196,ASCORBIC ACID,DB00126,Ascorbic acid,Q9GZT9,54583,EGLN1,HGNC:1232,EGLN1,egl-9 family hypoxia inducible factor 1,targets,DrugBank,NCBI,validated,previous_mapping
CHEMBL196,ASCORBIC ACID,DB00126,Ascorbic acid,Q9H6Z9,112399,EGLN3,HGNC:14661,EGLN3,egl-9 family hypoxia inducible factor 3,targets,DrugBank,NCBI,validated,previous_mapping
CHEMBL196,ASCORBIC ACID,DB00126,Ascorbic acid,Q9NVH6,55217,TMLHE,HGNC:18308,TMLHE,"trimethyllysine hydroxylase, epsilon",targets,DrugBank,NCBI,validated,previous_mapping
CHEMBL196,ASCORBIC ACID,DB00126,Ascorbic acid,Q9NXG6,54681,P4HTM,HGNC:28858,P4HTM,"prolyl 4-hydroxylase, transmembrane",targets,DrugBank,NCBI,validated,previous_mapping
CHEMBL196,ASCORBIC ACID,DB00126,Ascorbic acid,Q9UGH3,9962,SLC23A2,HGNC:10973,SLC23A2,solute carrier family 23 member 2,targets,DrugBank,NCBI,validated,previous_mapping
CHEMBL196,ASCORBIC ACID,DB00126,Ascorbic acid,Q9UHI7,9963,SLC23A1,HGNC:10974,SLC23A1,solute carrier family 23 member 1,targets,DrugBank,NCBI,validated,previous_mapping
CHEMBL20,ACETAZOLAMIDE,DB00819,Acetazolamide,O43570,771,CA12,HGNC:1371,CA12,carbonic anhydrase 12,targets,DrugBank,NCBI,validated,previous_mapping
CHEMBL20,ACETAZOLAMIDE,DB00819,Acetazolamide,P00915,759,CA1,HGNC:1368,CA1,carbonic anhydrase 1,targets,DrugBank,NCBI,validated,previous_mapping
CHEMBL20,ACETAZOLAMIDE,DB00819,Acetazolamide,P00918,760,CA2,HGNC:1373,CA2,carbonic anhydrase 2,targets,DrugBank,NCBI,validated,previous_mapping
CHEMBL20,ACETAZOLAMIDE,DB00819,Acetazolamide,P07451,761,CA3,HGNC:1374,CA3,carbonic anhydrase 3,targets,DrugBank,NCBI,validated,previous_mapping
CHEMBL20,ACETAZOLAMIDE,DB00819,Acetazolamide,P08684,1576,CYP3A4,HGNC:2637,CYP3A4,cytochrome P450 family 3 subfamily A member 4,targets,DrugBank,NCBI,validated,previous_mapping
CHEMBL20,ACETAZOLAMIDE,DB00819,Acetazolamide,P22748,762,CA4,HGNC:1375,CA4,carbonic anhydrase 4,targets,DrugBank,NCBI,validated,previous_mapping
CHEMBL20,ACETAZOLAMIDE,DB00819,Acetazolamide,P29972,358,AQP1,HGNC:633,AQP1,aquaporin 1 (Colton blood group),targets,DrugBank,NCBI,validated,previous_mapping
CHEMBL20,ACETAZOLAMIDE,DB00819,Acetazolamide,P43166,766,CA7,HGNC:1381,CA7,carbonic anhydrase 7,targets,DrugBank,NCBI,validated,previous_mapping
CHEMBL20,ACETAZOLAMIDE,DB00819,Acetazolamide,Q4U2R8,9356,SLC22A6,HGNC:10970,SLC22A6,solute carrier family 22 member 6,targets,DrugBank,NCBI,validated,previous_mapping
CHEMBL20,ACETAZOLAMIDE,DB00819,Acetazolamide,Q9ULX7,23632,CA14,HGNC:1372,CA14,carbonic anhydrase 14,targets,DrugBank,NCBI,validated,previous_mapping
CHEMBL2028019,CARIPRAZINE,DB06016,Cariprazine,P08684,1576,CYP3A4,HGNC:2637,CYP3A4,cytochrome P450 family 3 subfamily A member 4,targets,DrugBank,NCBI,validated,previous_mapping
CHEMBL2028019,CARIPRAZINE,DB06016,Cariprazine,P08908,3350,HTR1A,HGNC:5286,HTR1A,5-hydroxytryptamine receptor 1A,targets,DrugBank,NCBI,validated,previous_mapping
CHEMBL2028019,CARIPRAZINE,DB06016,Cariprazine,P10635,1565,CYP2D6,HGNC:2625,CYP2D6,cytochrome P450 family 2 subfamily D member 6 (gene/pseudogene),targets,DrugBank,NCBI,validated,previous_mapping
CHEMBL2028019,CARIPRAZINE,DB06016,Cariprazine,P14416,1813,DRD2,HGNC:3023,DRD2,dopamine receptor D2,targets,DrugBank,NCBI,validated,previous_mapping
CHEMBL2028019,CARIPRAZINE,DB06016,Cariprazine,P28223,3356,HTR2A,HGNC:5293,HTR2A,5-hydroxytryptamine receptor 2A,targets,DrugBank,NCBI,validated,previous_mapping
CHEMBL2028019,CARIPRAZINE,DB06016,Cariprazine,P35367,3269,HRH1,HGNC:5182,HRH1,histamine receptor H1,targets,DrugBank,NCBI,validated,previous_mapping
CHEMBL2028019,CARIPRAZINE,DB06016,Cariprazine,P35462,1814,DRD3,HGNC:3024,DRD3,dopamine receptor D3,targets,DrugBank,NCBI,validated,previous_mapping
CHEMBL2028019,CARIPRAZINE,DB06016,Cariprazine,P41595,3357,HTR2B,HGNC:5294,HTR2B,5-hydroxytryptamine receptor 2B,targets,DrugBank,NCBI,validated,previous_mapping
CHEMBL2103738,LITHIUM CITRATE,DB14507,Lithium citrate,O14732,3613,IMPA2,HGNC:6051,IMPA2,inositol monophosphatase 2,targets,DrugBank,NCBI,validated,previous_mapping
CHEMBL2103738,LITHIUM CITRATE,DB14507,Lithium citrate,P29218,3612,IMPA1,HGNC:6050,IMPA1,inositol monophosphatase 1,targets,DrugBank,NCBI,validated,previous_mapping
CHEMBL2103738,LITHIUM CITRATE,DB14507,Lithium citrate,P42263,2892,GRIA3,HGNC:4573,GRIA3,glutamate ionotropic receptor AMPA type subunit 3,targets,DrugBank,NCBI,validated,previous_mapping
CHEMBL2103738,LITHIUM CITRATE,DB14507,Lithium citrate,P49841,2932,GSK3B,HGNC:4617,GSK3B,glycogen synthase kinase 3 beta,targets,DrugBank,NCBI,validated,previous_mapping
CHEMBL2103827,DROXIDOPA,DB06262,Droxidopa,P00439,5053,PAH,HGNC:8582,PAH,phenylalanine hydroxylase,targets,DrugBank,NCBI,validated,previous_mapping
CHEMBL2103827,DROXIDOPA,DB06262,Droxidopa,P07550,154,ADRB2,HGNC:286,ADRB2,adrenoceptor beta 2,targets,DrugBank,NCBI,validated,previous_mapping
CHEMBL2103827,DROXIDOPA,DB06262,Droxidopa,P08588,153,ADRB1,HGNC:285,ADRB1,adrenoceptor beta 1,targets,DrugBank,NCBI,validated,previous_mapping
CHEMBL2103827,DROXIDOPA,DB06262,Droxidopa,P08913,150,ADRA2A,HGNC:281,ADRA2A,adrenoceptor alpha 2A,targets,DrugBank,NCBI,validated,previous_mapping
CHEMBL2103827,DROXIDOPA,DB06262,Droxidopa,P13945,155,ADRB3,HGNC:288,ADRB3,adrenoceptor beta 3,targets,DrugBank,NCBI,validated,previous_mapping
CHEMBL2103827,DROXIDOPA,DB06262,Droxidopa,P18089,151,ADRA2B,HGNC:282,ADRA2B,adrenoceptor alpha 2B,targets,DrugBank,NCBI,validated,previous_mapping
CHEMBL2103827,DROXIDOPA,DB06262,Droxidopa,P18825,152,ADRA2C,HGNC:283,ADRA2C,adrenoceptor alpha 2C,targets,DrugBank,NCBI,validated,previous_mapping
CHEMBL2103827,DROXIDOPA,DB06262,Droxidopa,P20711,1644,DDC,HGNC:2719,DDC,dopa decarboxylase,targets,DrugBank,NCBI,validated,previous_mapping
CHEMBL2103827,DROXIDOPA,DB06262,Droxidopa,P23975,6530,SLC6A2,HGNC:11048,SLC6A2,solute carrier family 6 member 2,targets,DrugBank,NCBI,validated,previous_mapping
CHEMBL2103827,DROXIDOPA,DB06262,Droxidopa,P25100,146,ADRA1D,HGNC:280,ADRA1D,adrenoceptor alpha 1D,targets,DrugBank,NCBI,validated,previous_mapping
CHEMBL2103827,DROXIDOPA,DB06262,Droxidopa,P35348,148,ADRA1A,HGNC:277,ADRA1A,adrenoceptor alpha 1A,targets,DrugBank,NCBI,validated,previous_mapping
CHEMBL2103827,DROXIDOPA,DB06262,Droxidopa,P35368,147,ADRA1B,HGNC:278,ADRA1B,adrenoceptor alpha 1B,targets,DrugBank,NCBI,validated,previous_mapping
CHEMBL2103827,DROXIDOPA,DB06262,Droxidopa,Q8TF71,117247,SLC16A10,HGNC:17027,SLC16A10,solute carrier family 16 member 10,targets,DrugBank,NCBI,validated,previous_mapping
CHEMBL2104895,SETIPTILINE,DB09304,Setiptiline,A5X5Y0,285242,HTR3E,HGNC:24005,HTR3E,5-hydroxytryptamine receptor 3E,targets,DrugBank,NCBI,validated,previous_mapping
CHEMBL2104895,SETIPTILINE,DB09304,Setiptiline,O95264,9177,HTR3B,HGNC:5298,HTR3B,5-hydroxytryptamine receptor 3B,targets,DrugBank,NCBI,validated,previous_mapping
CHEMBL2104895,SETIPTILINE,DB09304,Setiptiline,P08908,3350,HTR1A,HGNC:5286,HTR1A,5-hydroxytryptamine receptor 1A,targets,DrugBank,NCBI,validated,previous_mapping
CHEMBL2104895,SETIPTILINE,DB09304,Setiptiline,P08913,150,ADRA2A,HGNC:281,ADRA2A,adrenoceptor alpha 2A,targets,DrugBank,NCBI,validated,previous_mapping
CHEMBL2104895,SETIPTILINE,DB09304,Setiptiline,P18089,151,ADRA2B,HGNC:282,ADRA2B,adrenoceptor alpha 2B,targets,DrugBank,NCBI,validated,previous_mapping
CHEMBL2104895,SETIPTILINE,DB09304,Setiptiline,P18825,152,ADRA2C,HGNC:283,ADRA2C,adrenoceptor alpha 2C,targets,DrugBank,NCBI,validated,previous_mapping
CHEMBL2104895,SETIPTILINE,DB09304,Setiptiline,P28221,3352,HTR1D,HGNC:5289,HTR1D,5-hydroxytryptamine receptor 1D,targets,DrugBank,NCBI,validated,previous_mapping
CHEMBL2104895,SETIPTILINE,DB09304,Setiptiline,P28222,3351,HTR1B,HGNC:5287,HTR1B,5-hydroxytryptamine receptor 1B,targets,DrugBank,NCBI,validated,previous_mapping
CHEMBL2104895,SETIPTILINE,DB09304,Setiptiline,P28223,3356,HTR2A,HGNC:5293,HTR2A,5-hydroxytryptamine receptor 2A,targets,DrugBank,NCBI,validated,previous_mapping
CHEMBL2104895,SETIPTILINE,DB09304,Setiptiline,P28335,3358,HTR2C,HGNC:5295,HTR2C,5-hydroxytryptamine receptor 2C,targets,DrugBank,NCBI,validated,previous_mapping
CHEMBL2104895,SETIPTILINE,DB09304,Setiptiline,P28566,3354,HTR1E,HGNC:5291,HTR1E,5-hydroxytryptamine receptor 1E,targets,DrugBank,NCBI,validated,previous_mapping
CHEMBL2104895,SETIPTILINE,DB09304,Setiptiline,P30939,3355,HTR1F,HGNC:5292,HTR1F,5-hydroxytryptamine receptor 1F,targets,DrugBank,NCBI,validated,previous_mapping
CHEMBL2104895,SETIPTILINE,DB09304,Setiptiline,P34969,3363,HTR7,HGNC:5302,HTR7,5-hydroxytryptamine receptor 7,targets,DrugBank,NCBI,validated,previous_mapping
CHEMBL2104895,SETIPTILINE,DB09304,Setiptiline,P41595,3357,HTR2B,HGNC:5294,HTR2B,5-hydroxytryptamine receptor 2B,targets,DrugBank,NCBI,validated,previous_mapping
CHEMBL2104895,SETIPTILINE,DB09304,Setiptiline,P46098,3359,HTR3A,HGNC:5297,HTR3A,5-hydroxytryptamine receptor 3A,targets,DrugBank,NCBI,validated,previous_mapping
CHEMBL2104895,SETIPTILINE,DB09304,Setiptiline,P50406,3362,HTR6,HGNC:5301,HTR6,5-hydroxytryptamine receptor 6,targets,DrugBank,NCBI,validated,previous_mapping
CHEMBL2104895,SETIPTILINE,DB09304,Setiptiline,Q13639,3360,HTR4,HGNC:5299,HTR4,5-hydroxytryptamine receptor 4,targets,DrugBank,NCBI,validated,previous_mapping
CHEMBL2104895,SETIPTILINE,DB09304,Setiptiline,Q70Z44,200909,HTR3D,HGNC:24004,HTR3D,5-hydroxytryptamine receptor 3D,targets,DrugBank,NCBI,validated,previous_mapping
CHEMBL2104895,SETIPTILINE,DB09304,Setiptiline,Q8WXA8,170572,HTR3C,HGNC:24003,HTR3C,5-hydroxytryptamine receptor 3C,targets,DrugBank,NCBI,validated,previous_mapping
CHEMBL2104993,VORTIOXETINE,DB09068,Vortioxetine,P08588,153,ADRB1,HGNC:285,ADRB1,adrenoceptor beta 1,targets,DrugBank,NCBI,validated,previous_mapping
CHEMBL2104993,VORTIOXETINE,DB09068,Vortioxetine,P08684,1576,CYP3A4,HGNC:2637,CYP3A4,cytochrome P450 family 3 subfamily A member 4,targets,DrugBank,NCBI,validated,previous_mapping
CHEMBL2104993,VORTIOXETINE,DB09068,Vortioxetine,P08908,3350,HTR1A,HGNC:5286,HTR1A,5-hydroxytryptamine receptor 1A,targets,DrugBank,NCBI,validated,previous_mapping
CHEMBL2104993,VORTIOXETINE,DB09068,Vortioxetine,P10632,1558,CYP2C8,HGNC:2622,CYP2C8,cytochrome P450 family 2 subfamily C member 8,targets,DrugBank,NCBI,validated,previous_mapping
CHEMBL2104993,VORTIOXETINE,DB09068,Vortioxetine,P10635,1565,CYP2D6,HGNC:2625,CYP2D6,cytochrome P450 family 2 subfamily D member 6 (gene/pseudogene),targets,DrugBank,NCBI,validated,previous_mapping
CHEMBL2104993,VORTIOXETINE,DB09068,Vortioxetine,P11509,1548,CYP2A6,HGNC:2610,CYP2A6,cytochrome P450 family 2 subfamily A member 6,targets,DrugBank,NCBI,validated,previous_mapping
CHEMBL2104993,VORTIOXETINE,DB09068,Vortioxetine,P11712,1559,CYP2C9,HGNC:2623,CYP2C9,cytochrome P450 family 2 subfamily C member 9,targets,DrugBank,NCBI,validated,previous_mapping
CHEMBL2104993,VORTIOXETINE,DB09068,Vortioxetine,P20813,1555,CYP2B6,HGNC:2615,CYP2B6,cytochrome P450 family 2 subfamily B member 6,targets,DrugBank,NCBI,validated,previous_mapping
CHEMBL2104993,VORTIOXETINE,DB09068,Vortioxetine,P20815,1577,CYP3A5,HGNC:2638,CYP3A5,cytochrome P450 family 3 subfamily A member 5,targets,DrugBank,NCBI,validated,previous_mapping
CHEMBL2104993,VORTIOXETINE,DB09068,Vortioxetine,P23975,6530,SLC6A2,HGNC:11048,SLC6A2,solute carrier family 6 member 2,targets,DrugBank,NCBI,validated,previous_mapping
CHEMBL2104993,VORTIOXETINE,DB09068,Vortioxetine,P28222,3351,HTR1B,HGNC:5287,HTR1B,5-hydroxytryptamine receptor 1B,targets,DrugBank,NCBI,validated,previous_mapping
CHEMBL2104993,VORTIOXETINE,DB09068,Vortioxetine,P31645,6532,SLC6A4,HGNC:11050,SLC6A4,solute carrier family 6 member 4,targets,DrugBank,NCBI,validated,previous_mapping
CHEMBL2104993,VORTIOXETINE,DB09068,Vortioxetine,P33261,1557,CYP2C19,HGNC:2621,CYP2C19,cytochrome P450 family 2 subfamily C member 19,targets,DrugBank,NCBI,validated,previous_mapping
CHEMBL2104993,VORTIOXETINE,DB09068,Vortioxetine,P34969,3363,HTR7,HGNC:5302,HTR7,5-hydroxytryptamine receptor 7,targets,DrugBank,NCBI,validated,previous_mapping
CHEMBL2104993,VORTIOXETINE,DB09068,Vortioxetine,P46098,3359,HTR3A,HGNC:5297,HTR3A,5-hydroxytryptamine receptor 3A,targets,DrugBank,NCBI,validated,previous_mapping
CHEMBL2105760,BREXPIPRAZOLE,DB09128,Brexpiprazole,P08684,1576,CYP3A4,HGNC:2637,CYP3A4,cytochrome P450 family 3 subfamily A member 4,targets,DrugBank,NCBI,validated,previous_mapping
CHEMBL2105760,BREXPIPRAZOLE,DB09128,Brexpiprazole,P08908,3350,HTR1A,HGNC:5286,HTR1A,5-hydroxytryptamine receptor 1A,targets,DrugBank,NCBI,validated,previous_mapping
CHEMBL2105760,BREXPIPRAZOLE,DB09128,Brexpiprazole,P10635,1565,CYP2D6,HGNC:2625,CYP2D6,cytochrome P450 family 2 subfamily D member 6 (gene/pseudogene),targets,DrugBank,NCBI,validated,previous_mapping
CHEMBL2105760,BREXPIPRAZOLE,DB09128,Brexpiprazole,P14416,1813,DRD2,HGNC:3023,DRD2,dopamine receptor D2,targets,DrugBank,NCBI,validated,previous_mapping
CHEMBL2105760,BREXPIPRAZOLE,DB09128,Brexpiprazole,P18825,152,ADRA2C,HGNC:283,ADRA2C,adrenoceptor alpha 2C,targets,DrugBank,NCBI,validated,previous_mapping
CHEMBL2105760,BREXPIPRAZOLE,DB09128,Brexpiprazole,P28223,3356,HTR2A,HGNC:5293,HTR2A,5-hydroxytryptamine receptor 2A,targets,DrugBank,NCBI,validated,previous_mapping
CHEMBL2105760,BREXPIPRAZOLE,DB09128,Brexpiprazole,P35368,147,ADRA1B,HGNC:278,ADRA1B,adrenoceptor alpha 1B,targets,DrugBank,NCBI,validated,previous_mapping
CHEMBL2106411,EPICRIPTINE,DB11275,Epicriptine,P14416,1813,DRD2,HGNC:3023,DRD2,dopamine receptor D2,targets,DrugBank,NCBI,validated,previous_mapping
CHEMBL2106411,EPICRIPTINE,DB11275,Epicriptine,P21728,1812,DRD1,HGNC:3020,DRD1,dopamine receptor D1,targets,DrugBank,NCBI,validated,previous_mapping
CHEMBL2106411,EPICRIPTINE,DB11275,Epicriptine,P21917,1815,DRD4,HGNC:3025,DRD4,dopamine receptor D4,targets,DrugBank,NCBI,validated,previous_mapping
CHEMBL2106411,EPICRIPTINE,DB11275,Epicriptine,P21918,1816,DRD5,HGNC:3026,DRD5,dopamine receptor D5,targets,DrugBank,NCBI,validated,previous_mapping
CHEMBL2106411,EPICRIPTINE,DB11275,Epicriptine,P35462,1814,DRD3,HGNC:3024,DRD3,dopamine receptor D3,targets,DrugBank,NCBI,validated,previous_mapping
CHEMBL2110809,CAPTODIAME,DB09014,Captodiame,P28335,3358,HTR2C,HGNC:5295,HTR2C,5-hydroxytryptamine receptor 2C,targets,DrugBank,NCBI,validated,previous_mapping
CHEMBL2110809,CAPTODIAME,DB09014,Captodiame,P35462,1814,DRD3,HGNC:3024,DRD3,dopamine receptor D3,targets,DrugBank,NCBI,validated,previous_mapping
CHEMBL2110809,CAPTODIAME,DB09014,Captodiame,Q99720,10280,SIGMAR1,HGNC:8157,SIGMAR1,sigma receptor chaperone 1,targets,DrugBank,NCBI,validated,previous_mapping
CHEMBL2110816,BUTRIPTYLINE,DB09016,Butriptyline,P28223,3356,HTR2A,HGNC:5293,HTR2A,5-hydroxytryptamine receptor 2A,targets,DrugBank,NCBI,validated,previous_mapping
CHEMBL2110816,BUTRIPTYLINE,DB09016,Butriptyline,P31645,6532,SLC6A4,HGNC:11050,SLC6A4,solute carrier family 6 member 4,targets,DrugBank,NCBI,validated,previous_mapping
CHEMBL2110816,BUTRIPTYLINE,DB09016,Butriptyline,P35367,3269,HRH1,HGNC:5182,HRH1,histamine receptor H1,targets,DrugBank,NCBI,validated,previous_mapping
CHEMBL2111101,PIMAVANSERIN,DB05316,Pimavanserin,P14416,1813,DRD2,HGNC:3023,DRD2,dopamine receptor D2,targets,DrugBank,NCBI,validated,previous_mapping
CHEMBL2111101,PIMAVANSERIN,DB05316,Pimavanserin,P28223,3356,HTR2A,HGNC:5293,HTR2A,5-hydroxytryptamine receptor 2A,targets,DrugBank,NCBI,validated,previous_mapping
CHEMBL211456,EPHEDRINE,DB01364,Ephedrine,P02768,213,ALB,HGNC:399,ALB,albumin,targets,DrugBank,NCBI,validated,previous_mapping
CHEMBL211456,EPHEDRINE,DB01364,Ephedrine,P06276,590,BCHE,HGNC:983,BCHE,butyrylcholinesterase,targets,DrugBank,NCBI,validated,previous_mapping
CHEMBL211456,EPHEDRINE,DB01364,Ephedrine,P07550,154,ADRB2,HGNC:286,ADRB2,adrenoceptor beta 2,targets,DrugBank,NCBI,validated,previous_mapping
CHEMBL211456,EPHEDRINE,DB01364,Ephedrine,P08588,153,ADRB1,HGNC:285,ADRB1,adrenoceptor beta 1,targets,DrugBank,NCBI,validated,previous_mapping
CHEMBL211456,EPHEDRINE,DB01364,Ephedrine,P22303,43,ACHE,HGNC:108,ACHE,acetylcholinesterase (Yt blood group),targets,DrugBank,NCBI,validated,previous_mapping
CHEMBL211456,EPHEDRINE,DB01364,Ephedrine,P23975,6530,SLC6A2,HGNC:11048,SLC6A2,solute carrier family 6 member 2,targets,DrugBank,NCBI,validated,previous_mapping
CHEMBL211456,EPHEDRINE,DB01364,Ephedrine,P35348,148,ADRA1A,HGNC:277,ADRA1A,adrenoceptor alpha 1A,targets,DrugBank,NCBI,validated,previous_mapping
CHEMBL211456,EPHEDRINE,DB01364,Ephedrine,Q05940,6571,SLC18A2,HGNC:10935,SLC18A2,solute carrier family 18 member A2,targets,DrugBank,NCBI,validated,previous_mapping
CHEMBL21731,MAPROTILINE,DB00934,Maprotiline,P02763,5004,ORM1,HGNC:8498,ORM1,orosomucoid 1,targets,DrugBank,NCBI,validated,previous_mapping
CHEMBL21731,MAPROTILINE,DB00934,Maprotiline,P05177,1544,CYP1A2,HGNC:2596,CYP1A2,cytochrome P450 family 1 subfamily A member 2,targets,DrugBank,NCBI,validated,previous_mapping
CHEMBL21731,MAPROTILINE,DB00934,Maprotiline,P08172,1129,CHRM2,HGNC:1951,CHRM2,cholinergic receptor muscarinic 2,targets,DrugBank,NCBI,validated,previous_mapping
CHEMBL21731,MAPROTILINE,DB00934,Maprotiline,P08173,1132,CHRM4,HGNC:1953,CHRM4,cholinergic receptor muscarinic 4,targets,DrugBank,NCBI,validated,previous_mapping
CHEMBL21731,MAPROTILINE,DB00934,Maprotiline,P08912,1133,CHRM5,HGNC:1954,CHRM5,cholinergic receptor muscarinic 5,targets,DrugBank,NCBI,validated,previous_mapping
CHEMBL21731,MAPROTILINE,DB00934,Maprotiline,P08913,150,ADRA2A,HGNC:281,ADRA2A,adrenoceptor alpha 2A,targets,DrugBank,NCBI,validated,previous_mapping
CHEMBL21731,MAPROTILINE,DB00934,Maprotiline,P10635,1565,CYP2D6,HGNC:2625,CYP2D6,cytochrome P450 family 2 subfamily D member 6 (gene/pseudogene),targets,DrugBank,NCBI,validated,previous_mapping
CHEMBL21731,MAPROTILINE,DB00934,Maprotiline,P11229,1128,CHRM1,HGNC:1950,CHRM1,cholinergic receptor muscarinic 1,targets,DrugBank,NCBI,validated,previous_mapping
CHEMBL21731,MAPROTILINE,DB00934,Maprotiline,P14416,1813,DRD2,HGNC:3023,DRD2,dopamine receptor D2,targets,DrugBank,NCBI,validated,previous_mapping
CHEMBL21731,MAPROTILINE,DB00934,Maprotiline,P18089,151,ADRA2B,HGNC:282,ADRA2B,adrenoceptor alpha 2B,targets,DrugBank,NCBI,validated,previous_mapping
CHEMBL21731,MAPROTILINE,DB00934,Maprotiline,P18825,152,ADRA2C,HGNC:283,ADRA2C,adrenoceptor alpha 2C,targets,DrugBank,NCBI,validated,previous_mapping
CHEMBL21731,MAPROTILINE,DB00934,Maprotiline,P20309,1131,CHRM3,HGNC:1952,CHRM3,cholinergic receptor muscarinic 3,targets,DrugBank,NCBI,validated,previous_mapping
CHEMBL21731,MAPROTILINE,DB00934,Maprotiline,P23975,6530,SLC6A2,HGNC:11048,SLC6A2,solute carrier family 6 member 2,targets,DrugBank,NCBI,validated,previous_mapping
CHEMBL21731,MAPROTILINE,DB00934,Maprotiline,P25100,146,ADRA1D,HGNC:280,ADRA1D,adrenoceptor alpha 1D,targets,DrugBank,NCBI,validated,previous_mapping
CHEMBL21731,MAPROTILINE,DB00934,Maprotiline,P28223,3356,HTR2A,HGNC:5293,HTR2A,5-hydroxytryptamine receptor 2A,targets,DrugBank,NCBI,validated,previous_mapping
CHEMBL21731,MAPROTILINE,DB00934,Maprotiline,P28335,3358,HTR2C,HGNC:5295,HTR2C,5-hydroxytryptamine receptor 2C,targets,DrugBank,NCBI,validated,previous_mapping
CHEMBL21731,MAPROTILINE,DB00934,Maprotiline,P34969,3363,HTR7,HGNC:5302,HTR7,5-hydroxytryptamine receptor 7,targets,DrugBank,NCBI,validated,previous_mapping
CHEMBL21731,MAPROTILINE,DB00934,Maprotiline,P35348,148,ADRA1A,HGNC:277,ADRA1A,adrenoceptor alpha 1A,targets,DrugBank,NCBI,validated,previous_mapping
CHEMBL21731,MAPROTILINE,DB00934,Maprotiline,P35367,3269,HRH1,HGNC:5182,HRH1,histamine receptor H1,targets,DrugBank,NCBI,validated,previous_mapping
CHEMBL21731,MAPROTILINE,DB00934,Maprotiline,P35368,147,ADRA1B,HGNC:278,ADRA1B,adrenoceptor alpha 1B,targets,DrugBank,NCBI,validated,previous_mapping
CHEMBL2178422,RIMEGEPANT,DB12457,Rimegepant,O15244,6582,SLC22A2,HGNC:10966,SLC22A2,solute carrier family 22 member 2,targets,DrugBank,NCBI,validated,previous_mapping
CHEMBL2178422,RIMEGEPANT,DB12457,Rimegepant,P08183,5243,ABCB1,HGNC:40,ABCB1,ATP binding cassette subfamily B member 1,targets,DrugBank,NCBI,validated,previous_mapping
CHEMBL2178422,RIMEGEPANT,DB12457,Rimegepant,P08684,1576,CYP3A4,HGNC:2637,CYP3A4,cytochrome P450 family 3 subfamily A member 4,targets,DrugBank,NCBI,validated,previous_mapping
CHEMBL2178422,RIMEGEPANT,DB12457,Rimegepant,P11712,1559,CYP2C9,HGNC:2623,CYP2C9,cytochrome P450 family 2 subfamily C member 9,targets,DrugBank,NCBI,validated,previous_mapping
CHEMBL2178422,RIMEGEPANT,DB12457,Rimegepant,Q16602,10203,CALCRL,HGNC:16709,CALCRL,calcitonin receptor like receptor,targets,DrugBank,NCBI,validated,previous_mapping
CHEMBL2178422,RIMEGEPANT,DB12457,Rimegepant,Q8TCC7,9376,SLC22A8,HGNC:10972,SLC22A8,solute carrier family 22 member 8,targets,DrugBank,NCBI,validated,previous_mapping
CHEMBL2178422,RIMEGEPANT,DB12457,Rimegepant,Q96FL8,55244,SLC47A1,HGNC:25588,SLC47A1,solute carrier family 47 member 1,targets,DrugBank,NCBI,validated,previous_mapping
CHEMBL2178422,RIMEGEPANT,DB12457,Rimegepant,Q9NPD5,28234,SLCO1B3,HGNC:10961,SLCO1B3,solute carrier organic anion transporter family member 1B3,targets,DrugBank,NCBI,validated,previous_mapping
CHEMBL2178422,RIMEGEPANT,DB12457,Rimegepant,Q9UNQ0,9429,ABCG2,HGNC:74,ABCG2,ATP binding cassette subfamily G member 2 (JR blood group),targets,DrugBank,NCBI,validated,previous_mapping
CHEMBL2178422,RIMEGEPANT,DB12457,Rimegepant,Q9Y6L6,10599,SLCO1B1,HGNC:10959,SLCO1B1,solute carrier organic anion transporter family member 1B1,targets,DrugBank,NCBI,validated,previous_mapping
CHEMBL220492,TOPIRAMATE,DB00273,Topiramate,O00305,785,CACNB4,HGNC:1404,CACNB4,calcium voltage-gated channel auxiliary subunit beta 4,targets,DrugBank,NCBI,validated,previous_mapping
CHEMBL220492,TOPIRAMATE,DB00273,Topiramate,O43741,5565,PRKAB2,HGNC:9379,PRKAB2,protein kinase AMP-activated non-catalytic subunit beta 2,targets,DrugBank,NCBI,validated,previous_mapping
CHEMBL220492,TOPIRAMATE,DB00273,Topiramate,O60840,778,CACNA1F,HGNC:1393,CACNA1F,calcium voltage-gated channel subunit alpha1 F,targets,DrugBank,NCBI,validated,previous_mapping
CHEMBL220492,TOPIRAMATE,DB00273,Topiramate,P00915,759,CA1,HGNC:1368,CA1,carbonic anhydrase 1,targets,DrugBank,NCBI,validated,previous_mapping
CHEMBL220492,TOPIRAMATE,DB00273,Topiramate,P00918,760,CA2,HGNC:1373,CA2,carbonic anhydrase 2,targets,DrugBank,NCBI,validated,previous_mapping
CHEMBL220492,TOPIRAMATE,DB00273,Topiramate,P02768,213,ALB,HGNC:399,ALB,albumin,targets,DrugBank,NCBI,validated,previous_mapping
CHEMBL220492,TOPIRAMATE,DB00273,Topiramate,P07451,761,CA3,HGNC:1374,CA3,carbonic anhydrase 3,targets,DrugBank,NCBI,validated,previous_mapping
CHEMBL220492,TOPIRAMATE,DB00273,Topiramate,P08183,5243,ABCB1,HGNC:40,ABCB1,ATP binding cassette subfamily B member 1,targets,DrugBank,NCBI,validated,previous_mapping
CHEMBL220492,TOPIRAMATE,DB00273,Topiramate,P08684,1576,CYP3A4,HGNC:2637,CYP3A4,cytochrome P450 family 3 subfamily A member 4,targets,DrugBank,NCBI,validated,previous_mapping
CHEMBL220492,TOPIRAMATE,DB00273,Topiramate,P14867,2554,GABRA1,HGNC:4075,GABRA1,gamma-aminobutyric acid type A receptor subunit alpha1,targets,DrugBank,NCBI,validated,previous_mapping
CHEMBL220492,TOPIRAMATE,DB00273,Topiramate,P22748,762,CA4,HGNC:1375,CA4,carbonic anhydrase 4,targets,DrugBank,NCBI,validated,previous_mapping
CHEMBL220492,TOPIRAMATE,DB00273,Topiramate,P33261,1557,CYP2C19,HGNC:2621,CYP2C19,cytochrome P450 family 2 subfamily C member 19,targets,DrugBank,NCBI,validated,previous_mapping
CHEMBL220492,TOPIRAMATE,DB00273,Topiramate,P35498,6323,SCN1A,HGNC:10585,SCN1A,sodium voltage-gated channel alpha subunit 1,targets,DrugBank,NCBI,validated,previous_mapping
CHEMBL220492,TOPIRAMATE,DB00273,Topiramate,P35499,6329,SCN4A,HGNC:10591,SCN4A,sodium voltage-gated channel alpha subunit 4,targets,DrugBank,NCBI,validated,previous_mapping
CHEMBL220492,TOPIRAMATE,DB00273,Topiramate,P39086,2897,GRIK1,HGNC:4579,GRIK1,glutamate ionotropic receptor kainate type subunit 1,targets,DrugBank,NCBI,validated,previous_mapping
CHEMBL220492,TOPIRAMATE,DB00273,Topiramate,P54284,784,CACNB3,HGNC:1403,CACNB3,calcium voltage-gated channel auxiliary subunit beta 3,targets,DrugBank,NCBI,validated,previous_mapping
CHEMBL220492,TOPIRAMATE,DB00273,Topiramate,P54619,5571,PRKAG1,HGNC:9385,PRKAG1,protein kinase AMP-activated non-catalytic subunit gamma 1,targets,DrugBank,NCBI,validated,previous_mapping
CHEMBL220492,TOPIRAMATE,DB00273,Topiramate,P54646,5563,PRKAA2,HGNC:9377,PRKAA2,protein kinase AMP-activated catalytic subunit alpha 2,targets,DrugBank,NCBI,validated,previous_mapping
CHEMBL220492,TOPIRAMATE,DB00273,Topiramate,Q01118,6332,SCN7A,HGNC:10594,SCN7A,sodium voltage-gated channel alpha subunit 7,targets,DrugBank,NCBI,validated,previous_mapping
CHEMBL220492,TOPIRAMATE,DB00273,Topiramate,Q01668,776,CACNA1D,HGNC:1391,CACNA1D,calcium voltage-gated channel subunit alpha1 D,targets,DrugBank,NCBI,validated,previous_mapping
CHEMBL220492,TOPIRAMATE,DB00273,Topiramate,Q02641,782,CACNB1,HGNC:1401,CACNB1,calcium voltage-gated channel auxiliary subunit beta 1,targets,DrugBank,NCBI,validated,previous_mapping
CHEMBL220492,TOPIRAMATE,DB00273,Topiramate,Q08289,783,CACNB2,HGNC:1402,CACNB2,calcium voltage-gated channel auxiliary subunit beta 2,targets,DrugBank,NCBI,validated,previous_mapping
CHEMBL220492,TOPIRAMATE,DB00273,Topiramate,Q13002,2898,GRIK2,HGNC:4580,GRIK2,glutamate ionotropic receptor kainate type subunit 2,targets,DrugBank,NCBI,validated,previous_mapping
CHEMBL220492,TOPIRAMATE,DB00273,Topiramate,Q13003,2899,GRIK3,HGNC:4581,GRIK3,glutamate ionotropic receptor kainate type subunit 3,targets,DrugBank,NCBI,validated,previous_mapping
CHEMBL220492,TOPIRAMATE,DB00273,Topiramate,Q13131,5562,PRKAA1,HGNC:9376,PRKAA1,protein kinase AMP-activated catalytic subunit alpha 1,targets,DrugBank,NCBI,validated,previous_mapping
CHEMBL220492,TOPIRAMATE,DB00273,Topiramate,Q13698,779,CACNA1S,HGNC:1397,CACNA1S,calcium voltage-gated channel subunit alpha1 S,targets,DrugBank,NCBI,validated,previous_mapping
CHEMBL220492,TOPIRAMATE,DB00273,Topiramate,Q13936,775,CACNA1C,HGNC:1390,CACNA1C,calcium voltage-gated channel subunit alpha1 C,targets,DrugBank,NCBI,validated,previous_mapping
CHEMBL220492,TOPIRAMATE,DB00273,Topiramate,Q14524,6331,SCN5A,HGNC:10593,SCN5A,sodium voltage-gated channel alpha subunit 5,targets,DrugBank,NCBI,validated,previous_mapping
CHEMBL220492,TOPIRAMATE,DB00273,Topiramate,Q15858,6335,SCN9A,HGNC:10597,SCN9A,sodium voltage-gated channel alpha subunit 9,targets,DrugBank,NCBI,validated,previous_mapping
CHEMBL220492,TOPIRAMATE,DB00273,Topiramate,Q15878,777,CACNA1E,HGNC:1392,CACNA1E,calcium voltage-gated channel subunit alpha1 E,targets,DrugBank,NCBI,validated,previous_mapping
CHEMBL220492,TOPIRAMATE,DB00273,Topiramate,Q16099,2900,GRIK4,HGNC:4582,GRIK4,glutamate ionotropic receptor kainate type subunit 4,targets,DrugBank,NCBI,validated,previous_mapping
CHEMBL220492,TOPIRAMATE,DB00273,Topiramate,Q16478,2901,GRIK5,HGNC:4583,GRIK5,glutamate ionotropic receptor kainate type subunit 5,targets,DrugBank,NCBI,validated,previous_mapping
CHEMBL220492,TOPIRAMATE,DB00273,Topiramate,Q99250,6326,SCN2A,HGNC:10588,SCN2A,sodium voltage-gated channel alpha subunit 2,targets,DrugBank,NCBI,validated,previous_mapping
CHEMBL220492,TOPIRAMATE,DB00273,Topiramate,Q9NY46,6328,SCN3A,HGNC:10590,SCN3A,sodium voltage-gated channel alpha subunit 3,targets,DrugBank,NCBI,validated,previous_mapping
CHEMBL220492,TOPIRAMATE,DB00273,Topiramate,Q9UGI9,53632,PRKAG3,HGNC:9387,PRKAG3,protein kinase AMP-activated non-catalytic subunit gamma 3,targets,DrugBank,NCBI,validated,previous_mapping
CHEMBL220492,TOPIRAMATE,DB00273,Topiramate,Q9UGJ0,51422,PRKAG2,HGNC:9386,PRKAG2,protein kinase AMP-activated non-catalytic subunit gamma 2,targets,DrugBank,NCBI,validated,previous_mapping
CHEMBL220492,TOPIRAMATE,DB00273,Topiramate,Q9UI33,11280,SCN11A,HGNC:10583,SCN11A,sodium voltage-gated channel alpha subunit 11,targets,DrugBank,NCBI,validated,previous_mapping
CHEMBL220492,TOPIRAMATE,DB00273,Topiramate,Q9UQD0,6334,SCN8A,HGNC:10596,SCN8A,sodium voltage-gated channel alpha subunit 8,targets,DrugBank,NCBI,validated,previous_mapping
CHEMBL220492,TOPIRAMATE,DB00273,Topiramate,Q9Y478,5564,PRKAB1,HGNC:9378,PRKAB1,protein kinase AMP-activated non-catalytic subunit beta 1,targets,DrugBank,NCBI,validated,previous_mapping
CHEMBL220492,TOPIRAMATE,DB00273,Topiramate,Q9Y5Y9,6336,SCN10A,HGNC:10582,SCN10A,sodium voltage-gated channel alpha subunit 10,targets,DrugBank,NCBI,validated,previous_mapping
CHEMBL22150,CHLORCYCLIZINE,DB08936,Chlorcyclizine,P35367,3269,HRH1,HGNC:5182,HRH1,histamine receptor H1,targets,DrugBank,NCBI,validated,previous_mapping
CHEMBL2218896,NABILONE,DB00486,Nabilone,P05181,1571,CYP2E1,HGNC:2631,CYP2E1,cytochrome P450 family 2 subfamily E member 1,targets,DrugBank,NCBI,validated,previous_mapping
CHEMBL2218896,NABILONE,DB00486,Nabilone,P10632,1558,CYP2C8,HGNC:2622,CYP2C8,cytochrome P450 family 2 subfamily C member 8,targets,DrugBank,NCBI,validated,previous_mapping
CHEMBL2218896,NABILONE,DB00486,Nabilone,P11712,1559,CYP2C9,HGNC:2623,CYP2C9,cytochrome P450 family 2 subfamily C member 9,targets,DrugBank,NCBI,validated,previous_mapping
CHEMBL2218896,NABILONE,DB00486,Nabilone,P21554,1268,CNR1,HGNC:2159,CNR1,cannabinoid receptor 1,targets,DrugBank,NCBI,validated,previous_mapping
CHEMBL2218896,NABILONE,DB00486,Nabilone,P34972,1269,CNR2,HGNC:2160,CNR2,cannabinoid receptor 2,targets,DrugBank,NCBI,validated,previous_mapping
CHEMBL2219425,ARIPIPRAZOLE LAUROXIL,DB14185,Aripiprazole lauroxil,P02768,213,ALB,HGNC:399,ALB,albumin,targets,DrugBank,NCBI,validated,previous_mapping
CHEMBL2219425,ARIPIPRAZOLE LAUROXIL,DB14185,Aripiprazole lauroxil,P08172,1129,CHRM2,HGNC:1951,CHRM2,cholinergic receptor muscarinic 2,targets,DrugBank,NCBI,validated,previous_mapping
CHEMBL2219425,ARIPIPRAZOLE LAUROXIL,DB14185,Aripiprazole lauroxil,P08173,1132,CHRM4,HGNC:1953,CHRM4,cholinergic receptor muscarinic 4,targets,DrugBank,NCBI,validated,previous_mapping
CHEMBL2219425,ARIPIPRAZOLE LAUROXIL,DB14185,Aripiprazole lauroxil,P08684,1576,CYP3A4,HGNC:2637,CYP3A4,cytochrome P450 family 3 subfamily A member 4,targets,DrugBank,NCBI,validated,previous_mapping
CHEMBL2219425,ARIPIPRAZOLE LAUROXIL,DB14185,Aripiprazole lauroxil,P08908,3350,HTR1A,HGNC:5286,HTR1A,5-hydroxytryptamine receptor 1A,targets,DrugBank,NCBI,validated,previous_mapping
CHEMBL2219425,ARIPIPRAZOLE LAUROXIL,DB14185,Aripiprazole lauroxil,P08912,1133,CHRM5,HGNC:1954,CHRM5,cholinergic receptor muscarinic 5,targets,DrugBank,NCBI,validated,previous_mapping
CHEMBL2219425,ARIPIPRAZOLE LAUROXIL,DB14185,Aripiprazole lauroxil,P08913,150,ADRA2A,HGNC:281,ADRA2A,adrenoceptor alpha 2A,targets,DrugBank,NCBI,validated,previous_mapping
CHEMBL2219425,ARIPIPRAZOLE LAUROXIL,DB14185,Aripiprazole lauroxil,P10635,1565,CYP2D6,HGNC:2625,CYP2D6,cytochrome P450 family 2 subfamily D member 6 (gene/pseudogene),targets,DrugBank,NCBI,validated,previous_mapping
CHEMBL2219425,ARIPIPRAZOLE LAUROXIL,DB14185,Aripiprazole lauroxil,P11229,1128,CHRM1,HGNC:1950,CHRM1,cholinergic receptor muscarinic 1,targets,DrugBank,NCBI,validated,previous_mapping
CHEMBL2219425,ARIPIPRAZOLE LAUROXIL,DB14185,Aripiprazole lauroxil,P14416,1813,DRD2,HGNC:3023,DRD2,dopamine receptor D2,targets,DrugBank,NCBI,validated,previous_mapping
CHEMBL2219425,ARIPIPRAZOLE LAUROXIL,DB14185,Aripiprazole lauroxil,P18089,151,ADRA2B,HGNC:282,ADRA2B,adrenoceptor alpha 2B,targets,DrugBank,NCBI,validated,previous_mapping
CHEMBL2219425,ARIPIPRAZOLE LAUROXIL,DB14185,Aripiprazole lauroxil,P18825,152,ADRA2C,HGNC:283,ADRA2C,adrenoceptor alpha 2C,targets,DrugBank,NCBI,validated,previous_mapping
CHEMBL2219425,ARIPIPRAZOLE LAUROXIL,DB14185,Aripiprazole lauroxil,P20309,1131,CHRM3,HGNC:1952,CHRM3,cholinergic receptor muscarinic 3,targets,DrugBank,NCBI,validated,previous_mapping
CHEMBL2219425,ARIPIPRAZOLE LAUROXIL,DB14185,Aripiprazole lauroxil,P20815,1577,CYP3A5,HGNC:2638,CYP3A5,cytochrome P450 family 3 subfamily A member 5,targets,DrugBank,NCBI,validated,previous_mapping
CHEMBL2219425,ARIPIPRAZOLE LAUROXIL,DB14185,Aripiprazole lauroxil,P21728,1812,DRD1,HGNC:3020,DRD1,dopamine receptor D1,targets,DrugBank,NCBI,validated,previous_mapping
CHEMBL2219425,ARIPIPRAZOLE LAUROXIL,DB14185,Aripiprazole lauroxil,P21917,1815,DRD4,HGNC:3025,DRD4,dopamine receptor D4,targets,DrugBank,NCBI,validated,previous_mapping
CHEMBL2219425,ARIPIPRAZOLE LAUROXIL,DB14185,Aripiprazole lauroxil,P21918,1816,DRD5,HGNC:3026,DRD5,dopamine receptor D5,targets,DrugBank,NCBI,validated,previous_mapping
CHEMBL2219425,ARIPIPRAZOLE LAUROXIL,DB14185,Aripiprazole lauroxil,P24462,1551,CYP3A7,HGNC:2640,CYP3A7,cytochrome P450 family 3 subfamily A member 7,targets,DrugBank,NCBI,validated,previous_mapping
CHEMBL2219425,ARIPIPRAZOLE LAUROXIL,DB14185,Aripiprazole lauroxil,P28221,3352,HTR1D,HGNC:5289,HTR1D,5-hydroxytryptamine receptor 1D,targets,DrugBank,NCBI,validated,previous_mapping
CHEMBL2219425,ARIPIPRAZOLE LAUROXIL,DB14185,Aripiprazole lauroxil,P28222,3351,HTR1B,HGNC:5287,HTR1B,5-hydroxytryptamine receptor 1B,targets,DrugBank,NCBI,validated,previous_mapping
CHEMBL2219425,ARIPIPRAZOLE LAUROXIL,DB14185,Aripiprazole lauroxil,P28223,3356,HTR2A,HGNC:5293,HTR2A,5-hydroxytryptamine receptor 2A,targets,DrugBank,NCBI,validated,previous_mapping
CHEMBL2219425,ARIPIPRAZOLE LAUROXIL,DB14185,Aripiprazole lauroxil,P28335,3358,HTR2C,HGNC:5295,HTR2C,5-hydroxytryptamine receptor 2C,targets,DrugBank,NCBI,validated,previous_mapping
CHEMBL2219425,ARIPIPRAZOLE LAUROXIL,DB14185,Aripiprazole lauroxil,P28566,3354,HTR1E,HGNC:5291,HTR1E,5-hydroxytryptamine receptor 1E,targets,DrugBank,NCBI,validated,previous_mapping
CHEMBL2219425,ARIPIPRAZOLE LAUROXIL,DB14185,Aripiprazole lauroxil,P34969,3363,HTR7,HGNC:5302,HTR7,5-hydroxytryptamine receptor 7,targets,DrugBank,NCBI,validated,previous_mapping
CHEMBL2219425,ARIPIPRAZOLE LAUROXIL,DB14185,Aripiprazole lauroxil,P35348,148,ADRA1A,HGNC:277,ADRA1A,adrenoceptor alpha 1A,targets,DrugBank,NCBI,validated,previous_mapping
CHEMBL2219425,ARIPIPRAZOLE LAUROXIL,DB14185,Aripiprazole lauroxil,P35367,3269,HRH1,HGNC:5182,HRH1,histamine receptor H1,targets,DrugBank,NCBI,validated,previous_mapping
CHEMBL2219425,ARIPIPRAZOLE LAUROXIL,DB14185,Aripiprazole lauroxil,P35368,147,ADRA1B,HGNC:278,ADRA1B,adrenoceptor alpha 1B,targets,DrugBank,NCBI,validated,previous_mapping
CHEMBL2219425,ARIPIPRAZOLE LAUROXIL,DB14185,Aripiprazole lauroxil,P35462,1814,DRD3,HGNC:3024,DRD3,dopamine receptor D3,targets,DrugBank,NCBI,validated,previous_mapping
CHEMBL2219425,ARIPIPRAZOLE LAUROXIL,DB14185,Aripiprazole lauroxil,P46098,3359,HTR3A,HGNC:5297,HTR3A,5-hydroxytryptamine receptor 3A,targets,DrugBank,NCBI,validated,previous_mapping
CHEMBL2219425,ARIPIPRAZOLE LAUROXIL,DB14185,Aripiprazole lauroxil,P50406,3362,HTR6,HGNC:5301,HTR6,5-hydroxytryptamine receptor 6,targets,DrugBank,NCBI,validated,previous_mapping
CHEMBL2220442,FLUVASTATIN,DB01095,Fluvastatin,O94956,11309,SLCO2B1,HGNC:10962,SLCO2B1,solute carrier organic anion transporter family member 2B1,targets,DrugBank,NCBI,validated,previous_mapping
CHEMBL2220442,FLUVASTATIN,DB01095,Fluvastatin,P04035,3156,HMGCR,HGNC:5006,HMGCR,3-hydroxy-3-methylglutaryl-CoA reductase,targets,DrugBank,NCBI,validated,previous_mapping
CHEMBL2220442,FLUVASTATIN,DB01095,Fluvastatin,P04798,1543,CYP1A1,HGNC:2595,CYP1A1,cytochrome P450 family 1 subfamily A member 1,targets,DrugBank,NCBI,validated,previous_mapping
CHEMBL2220442,FLUVASTATIN,DB01095,Fluvastatin,P08684,1576,CYP3A4,HGNC:2637,CYP3A4,cytochrome P450 family 3 subfamily A member 4,targets,DrugBank,NCBI,validated,previous_mapping
CHEMBL2220442,FLUVASTATIN,DB01095,Fluvastatin,P10632,1558,CYP2C8,HGNC:2622,CYP2C8,cytochrome P450 family 2 subfamily C member 8,targets,DrugBank,NCBI,validated,previous_mapping
CHEMBL2220442,FLUVASTATIN,DB01095,Fluvastatin,P10635,1565,CYP2D6,HGNC:2625,CYP2D6,cytochrome P450 family 2 subfamily D member 6 (gene/pseudogene),targets,DrugBank,NCBI,validated,previous_mapping
CHEMBL2220442,FLUVASTATIN,DB01095,Fluvastatin,P11712,1559,CYP2C9,HGNC:2623,CYP2C9,cytochrome P450 family 2 subfamily C member 9,targets,DrugBank,NCBI,validated,previous_mapping
CHEMBL2220442,FLUVASTATIN,DB01095,Fluvastatin,P16662,7364,UGT2B7,HGNC:12554,UGT2B7,UDP glucuronosyltransferase family 2 member B7,targets,DrugBank,NCBI,validated,previous_mapping
CHEMBL2220442,FLUVASTATIN,DB01095,Fluvastatin,P20813,1555,CYP2B6,HGNC:2615,CYP2B6,cytochrome P450 family 2 subfamily B member 6,targets,DrugBank,NCBI,validated,previous_mapping
CHEMBL2220442,FLUVASTATIN,DB01095,Fluvastatin,P20815,1577,CYP3A5,HGNC:2638,CYP3A5,cytochrome P450 family 3 subfamily A member 5,targets,DrugBank,NCBI,validated,previous_mapping
CHEMBL2220442,FLUVASTATIN,DB01095,Fluvastatin,P22309,54658,UGT1A1,HGNC:12530,UGT1A1,UDP glucuronosyltransferase family 1 member A1,targets,DrugBank,NCBI,validated,previous_mapping
CHEMBL2220442,FLUVASTATIN,DB01095,Fluvastatin,P33261,1557,CYP2C19,HGNC:2621,CYP2C19,cytochrome P450 family 2 subfamily C member 19,targets,DrugBank,NCBI,validated,previous_mapping
CHEMBL2220442,FLUVASTATIN,DB01095,Fluvastatin,P35503,54659,UGT1A3,HGNC:12535,UGT1A3,UDP glucuronosyltransferase family 1 member A3,targets,DrugBank,NCBI,validated,previous_mapping
CHEMBL2220442,FLUVASTATIN,DB01095,Fluvastatin,P46059,6564,SLC15A1,HGNC:10920,SLC15A1,solute carrier family 15 member 1,targets,DrugBank,NCBI,validated,previous_mapping
CHEMBL2220442,FLUVASTATIN,DB01095,Fluvastatin,Q92769,3066,HDAC2,HGNC:4853,HDAC2,histone deacetylase 2,targets,DrugBank,NCBI,validated,previous_mapping
CHEMBL2220442,FLUVASTATIN,DB01095,Fluvastatin,Q92887,1244,ABCC2,HGNC:53,ABCC2,ATP binding cassette subfamily C member 2,targets,DrugBank,NCBI,validated,previous_mapping
CHEMBL2220442,FLUVASTATIN,DB01095,Fluvastatin,Q9NPD5,28234,SLCO1B3,HGNC:10961,SLCO1B3,solute carrier organic anion transporter family member 1B3,targets,DrugBank,NCBI,validated,previous_mapping
CHEMBL2220442,FLUVASTATIN,DB01095,Fluvastatin,Q9Y6L6,10599,SLCO1B1,HGNC:10959,SLCO1B1,solute carrier organic anion transporter family member 1B1,targets,DrugBank,NCBI,validated,previous_mapping
CHEMBL222813,ZANAMIVIR,DB00558,Zanamivir,Q9Y3R4,4759,NEU2,HGNC:7759,NEU2,neuraminidase 2,targets,DrugBank,NCBI,validated,previous_mapping
CHEMBL223228,EFAVIRENZ,DB00625,Efavirenz,O15245,6580,SLC22A1,HGNC:10963,SLC22A1,solute carrier family 22 member 1,targets,DrugBank,NCBI,validated,previous_mapping
CHEMBL223228,EFAVIRENZ,DB00625,Efavirenz,O95342,8647,ABCB11,HGNC:42,ABCB11,ATP binding cassette subfamily B member 11,targets,DrugBank,NCBI,validated,previous_mapping
CHEMBL223228,EFAVIRENZ,DB00625,Efavirenz,P02768,213,ALB,HGNC:399,ALB,albumin,targets,DrugBank,NCBI,validated,previous_mapping
CHEMBL223228,EFAVIRENZ,DB00625,Efavirenz,P05177,1544,CYP1A2,HGNC:2596,CYP1A2,cytochrome P450 family 1 subfamily A member 2,targets,DrugBank,NCBI,validated,previous_mapping
CHEMBL223228,EFAVIRENZ,DB00625,Efavirenz,P08684,1576,CYP3A4,HGNC:2637,CYP3A4,cytochrome P450 family 3 subfamily A member 4,targets,DrugBank,NCBI,validated,previous_mapping
CHEMBL223228,EFAVIRENZ,DB00625,Efavirenz,P10632,1558,CYP2C8,HGNC:2622,CYP2C8,cytochrome P450 family 2 subfamily C member 8,targets,DrugBank,NCBI,validated,previous_mapping
CHEMBL223228,EFAVIRENZ,DB00625,Efavirenz,P10635,1565,CYP2D6,HGNC:2625,CYP2D6,cytochrome P450 family 2 subfamily D member 6 (gene/pseudogene),targets,DrugBank,NCBI,validated,previous_mapping
CHEMBL223228,EFAVIRENZ,DB00625,Efavirenz,P11712,1559,CYP2C9,HGNC:2623,CYP2C9,cytochrome P450 family 2 subfamily C member 9,targets,DrugBank,NCBI,validated,previous_mapping
CHEMBL223228,EFAVIRENZ,DB00625,Efavirenz,P20813,1555,CYP2B6,HGNC:2615,CYP2B6,cytochrome P450 family 2 subfamily B member 6,targets,DrugBank,NCBI,validated,previous_mapping
CHEMBL223228,EFAVIRENZ,DB00625,Efavirenz,P20815,1577,CYP3A5,HGNC:2638,CYP3A5,cytochrome P450 family 3 subfamily A member 5,targets,DrugBank,NCBI,validated,previous_mapping
CHEMBL223228,EFAVIRENZ,DB00625,Efavirenz,P22309,54658,UGT1A1,HGNC:12530,UGT1A1,UDP glucuronosyltransferase family 1 member A1,targets,DrugBank,NCBI,validated,previous_mapping
CHEMBL223228,EFAVIRENZ,DB00625,Efavirenz,P24462,1551,CYP3A7,HGNC:2640,CYP3A7,cytochrome P450 family 3 subfamily A member 7,targets,DrugBank,NCBI,validated,previous_mapping
CHEMBL223228,EFAVIRENZ,DB00625,Efavirenz,P33261,1557,CYP2C19,HGNC:2621,CYP2C19,cytochrome P450 family 2 subfamily C member 19,targets,DrugBank,NCBI,validated,previous_mapping
CHEMBL2311030,Dihydroergotoxine Mesylate,DB01049,Ergoloid mesylate,A5X5Y0,285242,HTR3E,HGNC:24005,HTR3E,5-hydroxytryptamine receptor 3E,targets,DrugBank,NCBI,validated,verified_cross_reference
CHEMBL2311030,Dihydroergotoxine Mesylate,DB01049,Ergoloid mesylate,O95264,9177,HTR3B,HGNC:5298,HTR3B,5-hydroxytryptamine receptor 3B,targets,DrugBank,NCBI,validated,verified_cross_reference
CHEMBL2311030,Dihydroergotoxine Mesylate,DB01049,Ergoloid mesylate,P07550,154,ADRB2,HGNC:286,ADRB2,adrenoceptor beta 2,targets,DrugBank,NCBI,validated,verified_cross_reference
CHEMBL2311030,Dihydroergotoxine Mesylate,DB01049,Ergoloid mesylate,P08588,153,ADRB1,HGNC:285,ADRB1,adrenoceptor beta 1,targets,DrugBank,NCBI,validated,verified_cross_reference
CHEMBL2311030,Dihydroergotoxine Mesylate,DB01049,Ergoloid mesylate,P08684,1576,CYP3A4,HGNC:2637,CYP3A4,cytochrome P450 family 3 subfamily A member 4,targets,DrugBank,NCBI,validated,verified_cross_reference
CHEMBL2311030,Dihydroergotoxine Mesylate,DB01049,Ergoloid mesylate,P08908,3350,HTR1A,HGNC:5286,HTR1A,5-hydroxytryptamine receptor 1A,targets,DrugBank,NCBI,validated,verified_cross_reference
CHEMBL2311030,Dihydroergotoxine Mesylate,DB01049,Ergoloid mesylate,P08913,150,ADRA2A,HGNC:281,ADRA2A,adrenoceptor alpha 2A,targets,DrugBank,NCBI,validated,verified_cross_reference
CHEMBL2311030,Dihydroergotoxine Mesylate,DB01049,Ergoloid mesylate,P13945,155,ADRB3,HGNC:288,ADRB3,adrenoceptor beta 3,targets,DrugBank,NCBI,validated,verified_cross_reference
CHEMBL2311030,Dihydroergotoxine Mesylate,DB01049,Ergoloid mesylate,P14416,1813,DRD2,HGNC:3023,DRD2,dopamine receptor D2,targets,DrugBank,NCBI,validated,verified_cross_reference
CHEMBL2311030,Dihydroergotoxine Mesylate,DB01049,Ergoloid mesylate,P18089,151,ADRA2B,HGNC:282,ADRA2B,adrenoceptor alpha 2B,targets,DrugBank,NCBI,validated,verified_cross_reference
CHEMBL2311030,Dihydroergotoxine Mesylate,DB01049,Ergoloid mesylate,P18825,152,ADRA2C,HGNC:283,ADRA2C,adrenoceptor alpha 2C,targets,DrugBank,NCBI,validated,verified_cross_reference
CHEMBL2311030,Dihydroergotoxine Mesylate,DB01049,Ergoloid mesylate,P21728,1812,DRD1,HGNC:3020,DRD1,dopamine receptor D1,targets,DrugBank,NCBI,validated,verified_cross_reference
CHEMBL2311030,Dihydroergotoxine Mesylate,DB01049,Ergoloid mesylate,P21917,1815,DRD4,HGNC:3025,DRD4,dopamine receptor D4,targets,DrugBank,NCBI,validated,verified_cross_reference
CHEMBL2311030,Dihydroergotoxine Mesylate,DB01049,Ergoloid mesylate,P21918,1816,DRD5,HGNC:3026,DRD5,dopamine receptor D5,targets,DrugBank,NCBI,validated,verified_cross_reference
CHEMBL2311030,Dihydroergotoxine Mesylate,DB01049,Ergoloid mesylate,P25100,146,ADRA1D,HGNC:280,ADRA1D,adrenoceptor alpha 1D,targets,DrugBank,NCBI,validated,verified_cross_reference
CHEMBL2311030,Dihydroergotoxine Mesylate,DB01049,Ergoloid mesylate,P28221,3352,HTR1D,HGNC:5289,HTR1D,5-hydroxytryptamine receptor 1D,targets,DrugBank,NCBI,validated,verified_cross_reference
CHEMBL2311030,Dihydroergotoxine Mesylate,DB01049,Ergoloid mesylate,P28222,3351,HTR1B,HGNC:5287,HTR1B,5-hydroxytryptamine receptor 1B,targets,DrugBank,NCBI,validated,verified_cross_reference
CHEMBL2311030,Dihydroergotoxine Mesylate,DB01049,Ergoloid mesylate,P28223,3356,HTR2A,HGNC:5293,HTR2A,5-hydroxytryptamine receptor 2A,targets,DrugBank,NCBI,validated,verified_cross_reference
CHEMBL2311030,Dihydroergotoxine Mesylate,DB01049,Ergoloid mesylate,P28335,3358,HTR2C,HGNC:5295,HTR2C,5-hydroxytryptamine receptor 2C,targets,DrugBank,NCBI,validated,verified_cross_reference
CHEMBL2311030,Dihydroergotoxine Mesylate,DB01049,Ergoloid mesylate,P28566,3354,HTR1E,HGNC:5291,HTR1E,5-hydroxytryptamine receptor 1E,targets,DrugBank,NCBI,validated,verified_cross_reference
CHEMBL2311030,Dihydroergotoxine Mesylate,DB01049,Ergoloid mesylate,P30939,3355,HTR1F,HGNC:5292,HTR1F,5-hydroxytryptamine receptor 1F,targets,DrugBank,NCBI,validated,verified_cross_reference
CHEMBL2311030,Dihydroergotoxine Mesylate,DB01049,Ergoloid mesylate,P34969,3363,HTR7,HGNC:5302,HTR7,5-hydroxytryptamine receptor 7,targets,DrugBank,NCBI,validated,verified_cross_reference
CHEMBL2311030,Dihydroergotoxine Mesylate,DB01049,Ergoloid mesylate,P35348,148,ADRA1A,HGNC:277,ADRA1A,adrenoceptor alpha 1A,targets,DrugBank,NCBI,validated,verified_cross_reference
CHEMBL2311030,Dihydroergotoxine Mesylate,DB01049,Ergoloid mesylate,P35368,147,ADRA1B,HGNC:278,ADRA1B,adrenoceptor alpha 1B,targets,DrugBank,NCBI,validated,verified_cross_reference
CHEMBL2311030,Dihydroergotoxine Mesylate,DB01049,Ergoloid mesylate,P35462,1814,DRD3,HGNC:3024,DRD3,dopamine receptor D3,targets,DrugBank,NCBI,validated,verified_cross_reference
CHEMBL2311030,Dihydroergotoxine Mesylate,DB01049,Ergoloid mesylate,P41595,3357,HTR2B,HGNC:5294,HTR2B,5-hydroxytryptamine receptor 2B,targets,DrugBank,NCBI,validated,verified_cross_reference
CHEMBL2311030,Dihydroergotoxine Mesylate,DB01049,Ergoloid mesylate,P46098,3359,HTR3A,HGNC:5297,HTR3A,5-hydroxytryptamine receptor 3A,targets,DrugBank,NCBI,validated,verified_cross_reference
CHEMBL2311030,Dihydroergotoxine Mesylate,DB01049,Ergoloid mesylate,P50406,3362,HTR6,HGNC:5301,HTR6,5-hydroxytryptamine receptor 6,targets,DrugBank,NCBI,validated,verified_cross_reference
CHEMBL2311030,Dihydroergotoxine Mesylate,DB01049,Ergoloid mesylate,Q13639,3360,HTR4,HGNC:5299,HTR4,5-hydroxytryptamine receptor 4,targets,DrugBank,NCBI,validated,verified_cross_reference
CHEMBL2311030,Dihydroergotoxine Mesylate,DB01049,Ergoloid mesylate,Q70Z44,200909,HTR3D,HGNC:24004,HTR3D,5-hydroxytryptamine receptor 3D,targets,DrugBank,NCBI,validated,verified_cross_reference
CHEMBL2311030,Dihydroergotoxine Mesylate,DB01049,Ergoloid mesylate,Q8WXA8,170572,HTR3C,HGNC:24003,HTR3C,5-hydroxytryptamine receptor 3C,targets,DrugBank,NCBI,validated,verified_cross_reference
CHEMBL2355051,CLOMIPHENE,DB00882,Clomifene,P03372,2099,ESR1,HGNC:3467,ESR1,estrogen receptor 1,targets,DrugBank,NCBI,validated,synonym_match
CHEMBL2355051,CLOMIPHENE,DB00882,Clomifene,P04278,6462,SHBG,HGNC:10839,SHBG,sex hormone binding globulin,targets,DrugBank,NCBI,validated,synonym_match
CHEMBL2355051,CLOMIPHENE,DB00882,Clomifene,P05093,1586,CYP17A1,HGNC:2593,CYP17A1,cytochrome P450 family 17 subfamily A member 1,targets,DrugBank,NCBI,validated,synonym_match
CHEMBL2355051,CLOMIPHENE,DB00882,Clomifene,P08183,5243,ABCB1,HGNC:40,ABCB1,ATP binding cassette subfamily B member 1,targets,DrugBank,NCBI,validated,synonym_match
CHEMBL2364638,UBROGEPANT,DB15328,Ubrogepant,O15244,6582,SLC22A2,HGNC:10966,SLC22A2,solute carrier family 22 member 2,targets,DrugBank,NCBI,validated,previous_mapping
CHEMBL2364638,UBROGEPANT,DB15328,Ubrogepant,P08183,5243,ABCB1,HGNC:40,ABCB1,ATP binding cassette subfamily B member 1,targets,DrugBank,NCBI,validated,previous_mapping
CHEMBL2364638,UBROGEPANT,DB15328,Ubrogepant,P08684,1576,CYP3A4,HGNC:2637,CYP3A4,cytochrome P450 family 3 subfamily A member 4,targets,DrugBank,NCBI,validated,previous_mapping
CHEMBL2364638,UBROGEPANT,DB15328,Ubrogepant,P10632,1558,CYP2C8,HGNC:2622,CYP2C8,cytochrome P450 family 2 subfamily C member 8,targets,DrugBank,NCBI,validated,previous_mapping
CHEMBL2364638,UBROGEPANT,DB15328,Ubrogepant,P10635,1565,CYP2D6,HGNC:2625,CYP2D6,cytochrome P450 family 2 subfamily D member 6 (gene/pseudogene),targets,DrugBank,NCBI,validated,previous_mapping
CHEMBL2364638,UBROGEPANT,DB15328,Ubrogepant,P11712,1559,CYP2C9,HGNC:2623,CYP2C9,cytochrome P450 family 2 subfamily C member 9,targets,DrugBank,NCBI,validated,previous_mapping
CHEMBL2364638,UBROGEPANT,DB15328,Ubrogepant,P21397,4128,MAOA,HGNC:6833,MAOA,monoamine oxidase A,targets,DrugBank,NCBI,validated,previous_mapping
CHEMBL2364638,UBROGEPANT,DB15328,Ubrogepant,P22309,54658,UGT1A1,HGNC:12530,UGT1A1,UDP glucuronosyltransferase family 1 member A1,targets,DrugBank,NCBI,validated,previous_mapping
CHEMBL2364638,UBROGEPANT,DB15328,Ubrogepant,P33261,1557,CYP2C19,HGNC:2621,CYP2C19,cytochrome P450 family 2 subfamily C member 19,targets,DrugBank,NCBI,validated,previous_mapping
CHEMBL2364638,UBROGEPANT,DB15328,Ubrogepant,Q16602,10203,CALCRL,HGNC:16709,CALCRL,calcitonin receptor like receptor,targets,DrugBank,NCBI,validated,previous_mapping
CHEMBL2364638,UBROGEPANT,DB15328,Ubrogepant,Q4U2R8,9356,SLC22A6,HGNC:10970,SLC22A6,solute carrier family 22 member 6,targets,DrugBank,NCBI,validated,previous_mapping
CHEMBL2364638,UBROGEPANT,DB15328,Ubrogepant,Q9NPD5,28234,SLCO1B3,HGNC:10961,SLCO1B3,solute carrier organic anion transporter family member 1B3,targets,DrugBank,NCBI,validated,previous_mapping
CHEMBL2364638,UBROGEPANT,DB15328,Ubrogepant,Q9UNQ0,9429,ABCG2,HGNC:74,ABCG2,ATP binding cassette subfamily G member 2 (JR blood group),targets,DrugBank,NCBI,validated,previous_mapping
CHEMBL2364638,UBROGEPANT,DB15328,Ubrogepant,Q9Y6L6,10599,SLCO1B1,HGNC:10959,SLCO1B1,solute carrier organic anion transporter family member 1B1,targets,DrugBank,NCBI,validated,previous_mapping
CHEMBL2365712,Dihydroergocornine,DB11273,Dihydroergocornine,A5X5Y0,285242,HTR3E,HGNC:24005,HTR3E,5-hydroxytryptamine receptor 3E,targets,DrugBank,NCBI,validated,verified_cross_reference
CHEMBL2365712,Dihydroergocornine,DB11273,Dihydroergocornine,O95264,9177,HTR3B,HGNC:5298,HTR3B,5-hydroxytryptamine receptor 3B,targets,DrugBank,NCBI,validated,verified_cross_reference
CHEMBL2365712,Dihydroergocornine,DB11273,Dihydroergocornine,P07550,154,ADRB2,HGNC:286,ADRB2,adrenoceptor beta 2,targets,DrugBank,NCBI,validated,verified_cross_reference
CHEMBL2365712,Dihydroergocornine,DB11273,Dihydroergocornine,P08588,153,ADRB1,HGNC:285,ADRB1,adrenoceptor beta 1,targets,DrugBank,NCBI,validated,verified_cross_reference
CHEMBL2365712,Dihydroergocornine,DB11273,Dihydroergocornine,P08684,1576,CYP3A4,HGNC:2637,CYP3A4,cytochrome P450 family 3 subfamily A member 4,targets,DrugBank,NCBI,validated,verified_cross_reference
CHEMBL2365712,Dihydroergocornine,DB11273,Dihydroergocornine,P08908,3350,HTR1A,HGNC:5286,HTR1A,5-hydroxytryptamine receptor 1A,targets,DrugBank,NCBI,validated,verified_cross_reference
CHEMBL2365712,Dihydroergocornine,DB11273,Dihydroergocornine,P08913,150,ADRA2A,HGNC:281,ADRA2A,adrenoceptor alpha 2A,targets,DrugBank,NCBI,validated,verified_cross_reference
CHEMBL2365712,Dihydroergocornine,DB11273,Dihydroergocornine,P13945,155,ADRB3,HGNC:288,ADRB3,adrenoceptor beta 3,targets,DrugBank,NCBI,validated,verified_cross_reference
CHEMBL2365712,Dihydroergocornine,DB11273,Dihydroergocornine,P18089,151,ADRA2B,HGNC:282,ADRA2B,adrenoceptor alpha 2B,targets,DrugBank,NCBI,validated,verified_cross_reference
CHEMBL2365712,Dihydroergocornine,DB11273,Dihydroergocornine,P18825,152,ADRA2C,HGNC:283,ADRA2C,adrenoceptor alpha 2C,targets,DrugBank,NCBI,validated,verified_cross_reference
CHEMBL2365712,Dihydroergocornine,DB11273,Dihydroergocornine,P25100,146,ADRA1D,HGNC:280,ADRA1D,adrenoceptor alpha 1D,targets,DrugBank,NCBI,validated,verified_cross_reference
CHEMBL2365712,Dihydroergocornine,DB11273,Dihydroergocornine,P28221,3352,HTR1D,HGNC:5289,HTR1D,5-hydroxytryptamine receptor 1D,targets,DrugBank,NCBI,validated,verified_cross_reference
CHEMBL2365712,Dihydroergocornine,DB11273,Dihydroergocornine,P28222,3351,HTR1B,HGNC:5287,HTR1B,5-hydroxytryptamine receptor 1B,targets,DrugBank,NCBI,validated,verified_cross_reference
CHEMBL2365712,Dihydroergocornine,DB11273,Dihydroergocornine,P28223,3356,HTR2A,HGNC:5293,HTR2A,5-hydroxytryptamine receptor 2A,targets,DrugBank,NCBI,validated,verified_cross_reference
CHEMBL2365712,Dihydroergocornine,DB11273,Dihydroergocornine,P28335,3358,HTR2C,HGNC:5295,HTR2C,5-hydroxytryptamine receptor 2C,targets,DrugBank,NCBI,validated,verified_cross_reference
CHEMBL2365712,Dihydroergocornine,DB11273,Dihydroergocornine,P28566,3354,HTR1E,HGNC:5291,HTR1E,5-hydroxytryptamine receptor 1E,targets,DrugBank,NCBI,validated,verified_cross_reference
CHEMBL2365712,Dihydroergocornine,DB11273,Dihydroergocornine,P30939,3355,HTR1F,HGNC:5292,HTR1F,5-hydroxytryptamine receptor 1F,targets,DrugBank,NCBI,validated,verified_cross_reference
CHEMBL2365712,Dihydroergocornine,DB11273,Dihydroergocornine,P34969,3363,HTR7,HGNC:5302,HTR7,5-hydroxytryptamine receptor 7,targets,DrugBank,NCBI,validated,verified_cross_reference
CHEMBL2365712,Dihydroergocornine,DB11273,Dihydroergocornine,P35348,148,ADRA1A,HGNC:277,ADRA1A,adrenoceptor alpha 1A,targets,DrugBank,NCBI,validated,verified_cross_reference
CHEMBL2365712,Dihydroergocornine,DB11273,Dihydroergocornine,P35368,147,ADRA1B,HGNC:278,ADRA1B,adrenoceptor alpha 1B,targets,DrugBank,NCBI,validated,verified_cross_reference
CHEMBL2365712,Dihydroergocornine,DB11273,Dihydroergocornine,P41595,3357,HTR2B,HGNC:5294,HTR2B,5-hydroxytryptamine receptor 2B,targets,DrugBank,NCBI,validated,verified_cross_reference
CHEMBL2365712,Dihydroergocornine,DB11273,Dihydroergocornine,P46098,3359,HTR3A,HGNC:5297,HTR3A,5-hydroxytryptamine receptor 3A,targets,DrugBank,NCBI,validated,verified_cross_reference
CHEMBL2365712,Dihydroergocornine,DB11273,Dihydroergocornine,P50406,3362,HTR6,HGNC:5301,HTR6,5-hydroxytryptamine receptor 6,targets,DrugBank,NCBI,validated,verified_cross_reference
CHEMBL2365712,Dihydroergocornine,DB11273,Dihydroergocornine,Q13639,3360,HTR4,HGNC:5299,HTR4,5-hydroxytryptamine receptor 4,targets,DrugBank,NCBI,validated,verified_cross_reference
CHEMBL2365712,Dihydroergocornine,DB11273,Dihydroergocornine,Q70Z44,200909,HTR3D,HGNC:24004,HTR3D,5-hydroxytryptamine receptor 3D,targets,DrugBank,NCBI,validated,verified_cross_reference
CHEMBL2365712,Dihydroergocornine,DB11273,Dihydroergocornine,Q8WXA8,170572,HTR3C,HGNC:24003,HTR3C,5-hydroxytryptamine receptor 3C,targets,DrugBank,NCBI,validated,verified_cross_reference
CHEMBL24,ATENOLOL,DB00335,Atenolol,O95342,8647,ABCB11,HGNC:42,ABCB11,ATP binding cassette subfamily B member 11,targets,DrugBank,NCBI,validated,previous_mapping
CHEMBL24,ATENOLOL,DB00335,Atenolol,P02768,213,ALB,HGNC:399,ALB,albumin,targets,DrugBank,NCBI,validated,previous_mapping
CHEMBL24,ATENOLOL,DB00335,Atenolol,P07550,154,ADRB2,HGNC:286,ADRB2,adrenoceptor beta 2,targets,DrugBank,NCBI,validated,previous_mapping
CHEMBL24,ATENOLOL,DB00335,Atenolol,P08588,153,ADRB1,HGNC:285,ADRB1,adrenoceptor beta 1,targets,DrugBank,NCBI,validated,previous_mapping
CHEMBL24,ATENOLOL,DB00335,Atenolol,P10635,1565,CYP2D6,HGNC:2625,CYP2D6,cytochrome P450 family 2 subfamily D member 6 (gene/pseudogene),targets,DrugBank,NCBI,validated,previous_mapping
CHEMBL24147,RESORCINOL,DB11085,Resorcinol,P07202,7173,TPO,HGNC:12015,TPO,thyroid peroxidase,targets,DrugBank,NCBI,validated,previous_mapping
CHEMBL25,ASPIRIN,DB00945,Acetylsalicylic acid,O14920,3551,IKBKB,HGNC:5960,IKBKB,inhibitor of nuclear factor kappa B kinase subunit beta,targets,DrugBank,NCBI,validated,synonym_match
CHEMBL25,ASPIRIN,DB00945,Acetylsalicylic acid,O43741,5565,PRKAB2,HGNC:9379,PRKAB2,protein kinase AMP-activated non-catalytic subunit beta 2,targets,DrugBank,NCBI,validated,synonym_match
CHEMBL25,ASPIRIN,DB00945,Acetylsalicylic acid,P01106,4609,MYC,HGNC:7553,MYC,"MYC proto-oncogene, bHLH transcription factor",targets,DrugBank,NCBI,validated,synonym_match
CHEMBL25,ASPIRIN,DB00945,Acetylsalicylic acid,P04637,7157,TP53,HGNC:11998,TP53,tumor protein p53,targets,DrugBank,NCBI,validated,synonym_match
CHEMBL25,ASPIRIN,DB00945,Acetylsalicylic acid,P08183,5243,ABCB1,HGNC:40,ABCB1,ATP binding cassette subfamily B member 1,targets,DrugBank,NCBI,validated,synonym_match
CHEMBL25,ASPIRIN,DB00945,Acetylsalicylic acid,P11021,3309,HSPA5,HGNC:5238,HSPA5,heat shock protein family A (Hsp70) member 5,targets,DrugBank,NCBI,validated,synonym_match
CHEMBL25,ASPIRIN,DB00945,Acetylsalicylic acid,P11245,10,NAT2,HGNC:7646,NAT2,N-acetyltransferase 2,targets,DrugBank,NCBI,validated,synonym_match
CHEMBL25,ASPIRIN,DB00945,Acetylsalicylic acid,P11712,1559,CYP2C9,HGNC:2623,CYP2C9,cytochrome P450 family 2 subfamily C member 9,targets,DrugBank,NCBI,validated,synonym_match
CHEMBL25,ASPIRIN,DB00945,Acetylsalicylic acid,P12004,5111,PCNA,HGNC:8729,PCNA,proliferating cell nuclear antigen,targets,DrugBank,NCBI,validated,synonym_match
CHEMBL25,ASPIRIN,DB00945,Acetylsalicylic acid,P19224,54578,UGT1A6,HGNC:12538,UGT1A6,UDP glucuronosyltransferase family 1 member A6,targets,DrugBank,NCBI,validated,synonym_match
CHEMBL25,ASPIRIN,DB00945,Acetylsalicylic acid,P23219,5742,PTGS1,HGNC:9604,PTGS1,prostaglandin-endoperoxide synthase 1,targets,DrugBank,NCBI,validated,synonym_match
CHEMBL25,ASPIRIN,DB00945,Acetylsalicylic acid,P24385,595,CCND1,HGNC:1582,CCND1,cyclin D1,targets,DrugBank,NCBI,validated,synonym_match
CHEMBL25,ASPIRIN,DB00945,Acetylsalicylic acid,P25101,1909,EDNRA,HGNC:3179,EDNRA,endothelin receptor type A,targets,DrugBank,NCBI,validated,synonym_match
CHEMBL25,ASPIRIN,DB00945,Acetylsalicylic acid,P25963,4792,NFKBIA,HGNC:7797,NFKBIA,NFKB inhibitor alpha,targets,DrugBank,NCBI,validated,synonym_match
CHEMBL25,ASPIRIN,DB00945,Acetylsalicylic acid,P27361,5595,MAPK3,HGNC:6877,MAPK3,mitogen-activated protein kinase 3,targets,DrugBank,NCBI,validated,synonym_match
CHEMBL25,ASPIRIN,DB00945,Acetylsalicylic acid,P28482,5594,MAPK1,HGNC:6871,MAPK1,mitogen-activated protein kinase 1,targets,DrugBank,NCBI,validated,synonym_match
CHEMBL25,ASPIRIN,DB00945,Acetylsalicylic acid,P29466,834,CASP1,HGNC:1499,CASP1,caspase 1,targets,DrugBank,NCBI,validated,synonym_match
CHEMBL25,ASPIRIN,DB00945,Acetylsalicylic acid,P31152,5596,MAPK4,HGNC:6878,MAPK4,mitogen-activated protein kinase 4,targets,DrugBank,NCBI,validated,synonym_match
CHEMBL25,ASPIRIN,DB00945,Acetylsalicylic acid,P33261,1557,CYP2C19,HGNC:2621,CYP2C19,cytochrome P450 family 2 subfamily C member 19,targets,DrugBank,NCBI,validated,synonym_match
CHEMBL25,ASPIRIN,DB00945,Acetylsalicylic acid,P35354,5743,PTGS2,HGNC:9605,PTGS2,prostaglandin-endoperoxide synthase 2,targets,DrugBank,NCBI,validated,synonym_match
CHEMBL25,ASPIRIN,DB00945,Acetylsalicylic acid,P42574,836,CASP3,HGNC:1504,CASP3,caspase 3,targets,DrugBank,NCBI,validated,synonym_match
CHEMBL25,ASPIRIN,DB00945,Acetylsalicylic acid,P51812,6197,RPS6KA3,HGNC:10432,RPS6KA3,ribosomal protein S6 kinase A3,targets,DrugBank,NCBI,validated,synonym_match
CHEMBL25,ASPIRIN,DB00945,Acetylsalicylic acid,P54619,5571,PRKAG1,HGNC:9385,PRKAG1,protein kinase AMP-activated non-catalytic subunit gamma 1,targets,DrugBank,NCBI,validated,synonym_match
CHEMBL25,ASPIRIN,DB00945,Acetylsalicylic acid,P54646,5563,PRKAA2,HGNC:9377,PRKAA2,protein kinase AMP-activated catalytic subunit alpha 2,targets,DrugBank,NCBI,validated,synonym_match
CHEMBL25,ASPIRIN,DB00945,Acetylsalicylic acid,P98066,7130,TNFAIP6,HGNC:11898,TNFAIP6,TNF alpha induced protein 6,targets,DrugBank,NCBI,validated,synonym_match
CHEMBL25,ASPIRIN,DB00945,Acetylsalicylic acid,Q04828,1645,AKR1C1,HGNC:384,AKR1C1,aldo-keto reductase family 1 member C1,targets,DrugBank,NCBI,validated,synonym_match
CHEMBL25,ASPIRIN,DB00945,Acetylsalicylic acid,Q13131,5562,PRKAA1,HGNC:9376,PRKAA1,protein kinase AMP-activated catalytic subunit alpha 1,targets,DrugBank,NCBI,validated,synonym_match
CHEMBL25,ASPIRIN,DB00945,Acetylsalicylic acid,Q13164,5598,MAPK7,HGNC:6880,MAPK7,mitogen-activated protein kinase 7,targets,DrugBank,NCBI,validated,synonym_match
CHEMBL25,ASPIRIN,DB00945,Acetylsalicylic acid,Q16659,5597,MAPK6,HGNC:6879,MAPK6,mitogen-activated protein kinase 6,targets,DrugBank,NCBI,validated,synonym_match
CHEMBL25,ASPIRIN,DB00945,Acetylsalicylic acid,Q4U2R8,9356,SLC22A6,HGNC:10970,SLC22A6,solute carrier family 22 member 6,targets,DrugBank,NCBI,validated,synonym_match
CHEMBL25,ASPIRIN,DB00945,Acetylsalicylic acid,Q8TCC7,9376,SLC22A8,HGNC:10972,SLC22A8,solute carrier family 22 member 8,targets,DrugBank,NCBI,validated,synonym_match
CHEMBL25,ASPIRIN,DB00945,Acetylsalicylic acid,Q8TD08,225689,MAPK15,HGNC:24667,MAPK15,mitogen-activated protein kinase 15,targets,DrugBank,NCBI,validated,synonym_match
CHEMBL25,ASPIRIN,DB00945,Acetylsalicylic acid,Q9UGI9,53632,PRKAG3,HGNC:9387,PRKAG3,protein kinase AMP-activated non-catalytic subunit gamma 3,targets,DrugBank,NCBI,validated,synonym_match
CHEMBL25,ASPIRIN,DB00945,Acetylsalicylic acid,Q9UGJ0,51422,PRKAG2,HGNC:9386,PRKAG2,protein kinase AMP-activated non-catalytic subunit gamma 2,targets,DrugBank,NCBI,validated,synonym_match
CHEMBL25,ASPIRIN,DB00945,Acetylsalicylic acid,Q9Y478,5564,PRKAB1,HGNC:9378,PRKAB1,protein kinase AMP-activated non-catalytic subunit beta 1,targets,DrugBank,NCBI,validated,synonym_match
CHEMBL259209,MILNACIPRAN,DB04896,Milnacipran,O15399,2906,GRIN2D,HGNC:4588,GRIN2D,glutamate ionotropic receptor NMDA type subunit 2D,targets,DrugBank,NCBI,validated,previous_mapping
CHEMBL259209,MILNACIPRAN,DB04896,Milnacipran,O60391,116444,GRIN3B,HGNC:16768,GRIN3B,glutamate ionotropic receptor NMDA type subunit 3B,targets,DrugBank,NCBI,validated,previous_mapping
CHEMBL259209,MILNACIPRAN,DB04896,Milnacipran,P08684,1576,CYP3A4,HGNC:2637,CYP3A4,cytochrome P450 family 3 subfamily A member 4,targets,DrugBank,NCBI,validated,previous_mapping
CHEMBL259209,MILNACIPRAN,DB04896,Milnacipran,P23975,6530,SLC6A2,HGNC:11048,SLC6A2,solute carrier family 6 member 2,targets,DrugBank,NCBI,validated,previous_mapping
CHEMBL259209,MILNACIPRAN,DB04896,Milnacipran,P31645,6532,SLC6A4,HGNC:11050,SLC6A4,solute carrier family 6 member 4,targets,DrugBank,NCBI,validated,previous_mapping
CHEMBL259209,MILNACIPRAN,DB04896,Milnacipran,Q05586,2902,GRIN1,HGNC:4584,GRIN1,glutamate ionotropic receptor NMDA type subunit 1,targets,DrugBank,NCBI,validated,previous_mapping
CHEMBL259209,MILNACIPRAN,DB04896,Milnacipran,Q12879,2903,GRIN2A,HGNC:4585,GRIN2A,glutamate ionotropic receptor NMDA type subunit 2A,targets,DrugBank,NCBI,validated,previous_mapping
CHEMBL259209,MILNACIPRAN,DB04896,Milnacipran,Q13224,2904,GRIN2B,HGNC:4586,GRIN2B,glutamate ionotropic receptor NMDA type subunit 2B,targets,DrugBank,NCBI,validated,previous_mapping
CHEMBL259209,MILNACIPRAN,DB04896,Milnacipran,Q14957,2905,GRIN2C,HGNC:4587,GRIN2C,glutamate ionotropic receptor NMDA type subunit 2C,targets,DrugBank,NCBI,validated,previous_mapping
CHEMBL259209,MILNACIPRAN,DB04896,Milnacipran,Q8TCU5,116443,GRIN3A,HGNC:16767,GRIN3A,glutamate ionotropic receptor NMDA type subunit 3A,targets,DrugBank,NCBI,validated,previous_mapping
CHEMBL26,SULPIRIDE,DB00391,Sulpiride,P00918,760,CA2,HGNC:1373,CA2,carbonic anhydrase 2,targets,DrugBank,NCBI,validated,previous_mapping
CHEMBL26,SULPIRIDE,DB00391,Sulpiride,P06276,590,BCHE,HGNC:983,BCHE,butyrylcholinesterase,targets,DrugBank,NCBI,validated,previous_mapping
CHEMBL26,SULPIRIDE,DB00391,Sulpiride,P07451,761,CA3,HGNC:1374,CA3,carbonic anhydrase 3,targets,DrugBank,NCBI,validated,previous_mapping
CHEMBL26,SULPIRIDE,DB00391,Sulpiride,P14416,1813,DRD2,HGNC:3023,DRD2,dopamine receptor D2,targets,DrugBank,NCBI,validated,previous_mapping
CHEMBL26,SULPIRIDE,DB00391,Sulpiride,P35462,1814,DRD3,HGNC:3024,DRD3,dopamine receptor D3,targets,DrugBank,NCBI,validated,previous_mapping
CHEMBL267894,AMOBARBITAL,DB01351,Amobarbital,P14867,2554,GABRA1,HGNC:4075,GABRA1,gamma-aminobutyric acid type A receptor subunit alpha1,targets,DrugBank,NCBI,validated,previous_mapping
CHEMBL267894,AMOBARBITAL,DB01351,Amobarbital,P31644,2558,GABRA5,HGNC:4079,GABRA5,gamma-aminobutyric acid type A receptor subunit alpha5,targets,DrugBank,NCBI,validated,previous_mapping
CHEMBL267894,AMOBARBITAL,DB01351,Amobarbital,P34903,2556,GABRA3,HGNC:4077,GABRA3,gamma-aminobutyric acid type A receptor subunit alpha3,targets,DrugBank,NCBI,validated,previous_mapping
CHEMBL267894,AMOBARBITAL,DB01351,Amobarbital,P36544,1139,CHRNA7,HGNC:1960,CHRNA7,cholinergic receptor nicotinic alpha 7 subunit,targets,DrugBank,NCBI,validated,previous_mapping
CHEMBL267894,AMOBARBITAL,DB01351,Amobarbital,P42262,2891,GRIA2,HGNC:4572,GRIA2,glutamate ionotropic receptor AMPA type subunit 2,targets,DrugBank,NCBI,validated,previous_mapping
CHEMBL267894,AMOBARBITAL,DB01351,Amobarbital,P43681,1137,CHRNA4,HGNC:1958,CHRNA4,cholinergic receptor nicotinic alpha 4 subunit,targets,DrugBank,NCBI,validated,previous_mapping
CHEMBL267894,AMOBARBITAL,DB01351,Amobarbital,P47869,2555,GABRA2,HGNC:4076,GABRA2,gamma-aminobutyric acid type A receptor subunit alpha2,targets,DrugBank,NCBI,validated,previous_mapping
CHEMBL267894,AMOBARBITAL,DB01351,Amobarbital,P48169,2557,GABRA4,HGNC:4078,GABRA4,gamma-aminobutyric acid type A receptor subunit alpha4,targets,DrugBank,NCBI,validated,previous_mapping
CHEMBL267894,AMOBARBITAL,DB01351,Amobarbital,Q13002,2898,GRIK2,HGNC:4580,GRIK2,glutamate ionotropic receptor kainate type subunit 2,targets,DrugBank,NCBI,validated,previous_mapping
CHEMBL267894,AMOBARBITAL,DB01351,Amobarbital,Q16445,2559,GABRA6,HGNC:4080,GABRA6,gamma-aminobutyric acid type A receptor subunit alpha6,targets,DrugBank,NCBI,validated,previous_mapping
CHEMBL27,PROPRANOLOL,DB00571,Propranolol,O15244,6582,SLC22A2,HGNC:10966,SLC22A2,solute carrier family 22 member 2,targets,DrugBank,NCBI,validated,previous_mapping
CHEMBL27,PROPRANOLOL,DB00571,Propranolol,P02763,5004,ORM1,HGNC:8498,ORM1,orosomucoid 1,targets,DrugBank,NCBI,validated,previous_mapping
CHEMBL27,PROPRANOLOL,DB00571,Propranolol,P02768,213,ALB,HGNC:399,ALB,albumin,targets,DrugBank,NCBI,validated,previous_mapping
CHEMBL27,PROPRANOLOL,DB00571,Propranolol,P04798,1543,CYP1A1,HGNC:2595,CYP1A1,cytochrome P450 family 1 subfamily A member 1,targets,DrugBank,NCBI,validated,previous_mapping
CHEMBL27,PROPRANOLOL,DB00571,Propranolol,P05177,1544,CYP1A2,HGNC:2596,CYP1A2,cytochrome P450 family 1 subfamily A member 2,targets,DrugBank,NCBI,validated,previous_mapping
CHEMBL27,PROPRANOLOL,DB00571,Propranolol,P07550,154,ADRB2,HGNC:286,ADRB2,adrenoceptor beta 2,targets,DrugBank,NCBI,validated,previous_mapping
CHEMBL27,PROPRANOLOL,DB00571,Propranolol,P08183,5243,ABCB1,HGNC:40,ABCB1,ATP binding cassette subfamily B member 1,targets,DrugBank,NCBI,validated,previous_mapping
CHEMBL27,PROPRANOLOL,DB00571,Propranolol,P08588,153,ADRB1,HGNC:285,ADRB1,adrenoceptor beta 1,targets,DrugBank,NCBI,validated,previous_mapping
CHEMBL27,PROPRANOLOL,DB00571,Propranolol,P08684,1576,CYP3A4,HGNC:2637,CYP3A4,cytochrome P450 family 3 subfamily A member 4,targets,DrugBank,NCBI,validated,previous_mapping
CHEMBL27,PROPRANOLOL,DB00571,Propranolol,P08908,3350,HTR1A,HGNC:5286,HTR1A,5-hydroxytryptamine receptor 1A,targets,DrugBank,NCBI,validated,previous_mapping
CHEMBL27,PROPRANOLOL,DB00571,Propranolol,P10635,1565,CYP2D6,HGNC:2625,CYP2D6,cytochrome P450 family 2 subfamily D member 6 (gene/pseudogene),targets,DrugBank,NCBI,validated,previous_mapping
CHEMBL27,PROPRANOLOL,DB00571,Propranolol,P13945,155,ADRB3,HGNC:288,ADRB3,adrenoceptor beta 3,targets,DrugBank,NCBI,validated,previous_mapping
CHEMBL27,PROPRANOLOL,DB00571,Propranolol,P20815,1577,CYP3A5,HGNC:2638,CYP3A5,cytochrome P450 family 3 subfamily A member 5,targets,DrugBank,NCBI,validated,previous_mapping
CHEMBL27,PROPRANOLOL,DB00571,Propranolol,P21397,4128,MAOA,HGNC:6833,MAOA,monoamine oxidase A,targets,DrugBank,NCBI,validated,previous_mapping
CHEMBL27,PROPRANOLOL,DB00571,Propranolol,P24462,1551,CYP3A7,HGNC:2640,CYP3A7,cytochrome P450 family 3 subfamily A member 7,targets,DrugBank,NCBI,validated,previous_mapping
CHEMBL27,PROPRANOLOL,DB00571,Propranolol,P28222,3351,HTR1B,HGNC:5287,HTR1B,5-hydroxytryptamine receptor 1B,targets,DrugBank,NCBI,validated,previous_mapping
CHEMBL27,PROPRANOLOL,DB00571,Propranolol,P33261,1557,CYP2C19,HGNC:2621,CYP2C19,cytochrome P450 family 2 subfamily C member 19,targets,DrugBank,NCBI,validated,previous_mapping
CHEMBL276832,HYDRALAZINE,DB01275,Hydralazine,P02768,213,ALB,HGNC:399,ALB,albumin,targets,DrugBank,NCBI,validated,previous_mapping
CHEMBL276832,HYDRALAZINE,DB01275,Hydralazine,P08684,1576,CYP3A4,HGNC:2637,CYP3A4,cytochrome P450 family 3 subfamily A member 4,targets,DrugBank,NCBI,validated,previous_mapping
CHEMBL276832,HYDRALAZINE,DB01275,Hydralazine,P13674,5033,P4HA1,HGNC:8546,P4HA1,prolyl 4-hydroxylase subunit alpha 1,targets,DrugBank,NCBI,validated,previous_mapping
CHEMBL276832,HYDRALAZINE,DB01275,Hydralazine,Q16665,3091,HIF1A,HGNC:4910,HIF1A,hypoxia inducible factor 1 subunit alpha,targets,DrugBank,NCBI,validated,previous_mapping
CHEMBL276832,HYDRALAZINE,DB01275,Hydralazine,Q16853,8639,AOC3,HGNC:550,AOC3,amine oxidase copper containing 3,targets,DrugBank,NCBI,validated,previous_mapping
CHEMBL277474,ANTIPYRINE,DB01435,Antipyrine,P05177,1544,CYP1A2,HGNC:2596,CYP1A2,cytochrome P450 family 1 subfamily A member 2,targets,DrugBank,NCBI,validated,previous_mapping
CHEMBL277474,ANTIPYRINE,DB01435,Antipyrine,P05181,1571,CYP2E1,HGNC:2631,CYP2E1,cytochrome P450 family 2 subfamily E member 1,targets,DrugBank,NCBI,validated,previous_mapping
CHEMBL277474,ANTIPYRINE,DB01435,Antipyrine,P08684,1576,CYP3A4,HGNC:2637,CYP3A4,cytochrome P450 family 3 subfamily A member 4,targets,DrugBank,NCBI,validated,previous_mapping
CHEMBL277474,ANTIPYRINE,DB01435,Antipyrine,P10632,1558,CYP2C8,HGNC:2622,CYP2C8,cytochrome P450 family 2 subfamily C member 8,targets,DrugBank,NCBI,validated,previous_mapping
CHEMBL277474,ANTIPYRINE,DB01435,Antipyrine,P10635,1565,CYP2D6,HGNC:2625,CYP2D6,cytochrome P450 family 2 subfamily D member 6 (gene/pseudogene),targets,DrugBank,NCBI,validated,previous_mapping
CHEMBL277474,ANTIPYRINE,DB01435,Antipyrine,P11509,1548,CYP2A6,HGNC:2610,CYP2A6,cytochrome P450 family 2 subfamily A member 6,targets,DrugBank,NCBI,validated,previous_mapping
CHEMBL277474,ANTIPYRINE,DB01435,Antipyrine,P11712,1559,CYP2C9,HGNC:2623,CYP2C9,cytochrome P450 family 2 subfamily C member 9,targets,DrugBank,NCBI,validated,previous_mapping
CHEMBL277474,ANTIPYRINE,DB01435,Antipyrine,P20813,1555,CYP2B6,HGNC:2615,CYP2B6,cytochrome P450 family 2 subfamily B member 6,targets,DrugBank,NCBI,validated,previous_mapping
CHEMBL277474,ANTIPYRINE,DB01435,Antipyrine,P23219,5742,PTGS1,HGNC:9604,PTGS1,prostaglandin-endoperoxide synthase 1,targets,DrugBank,NCBI,validated,previous_mapping
CHEMBL277474,ANTIPYRINE,DB01435,Antipyrine,P33260,1562,CYP2C18,HGNC:2620,CYP2C18,cytochrome P450 family 2 subfamily C member 18,targets,DrugBank,NCBI,validated,previous_mapping
CHEMBL277474,ANTIPYRINE,DB01435,Antipyrine,P33261,1557,CYP2C19,HGNC:2621,CYP2C19,cytochrome P450 family 2 subfamily C member 19,targets,DrugBank,NCBI,validated,previous_mapping
CHEMBL277474,ANTIPYRINE,DB01435,Antipyrine,P35354,5743,PTGS2,HGNC:9605,PTGS2,prostaglandin-endoperoxide synthase 2,targets,DrugBank,NCBI,validated,previous_mapping
CHEMBL277474,ANTIPYRINE,DB01435,Antipyrine,Q4U2R8,9356,SLC22A6,HGNC:10970,SLC22A6,solute carrier family 22 member 6,targets,DrugBank,NCBI,validated,previous_mapping
CHEMBL278020,NEOSTIGMINE,DB01400,Neostigmine,P06276,590,BCHE,HGNC:983,BCHE,butyrylcholinesterase,targets,DrugBank,NCBI,validated,previous_mapping
CHEMBL278020,NEOSTIGMINE,DB01400,Neostigmine,P22303,43,ACHE,HGNC:108,ACHE,acetylcholinesterase (Yt blood group),targets,DrugBank,NCBI,validated,previous_mapping
CHEMBL278172,BENZOCAINE,DB01086,Benzocaine,P08183,5243,ABCB1,HGNC:40,ABCB1,ATP binding cassette subfamily B member 1,targets,DrugBank,NCBI,validated,previous_mapping
CHEMBL278172,BENZOCAINE,DB01086,Benzocaine,P23141,1066,CES1,HGNC:1863,CES1,carboxylesterase 1,targets,DrugBank,NCBI,validated,previous_mapping
CHEMBL278172,BENZOCAINE,DB01086,Benzocaine,Q9Y5Y9,6336,SCN10A,HGNC:10582,SCN10A,sodium voltage-gated channel alpha subunit 10,targets,DrugBank,NCBI,validated,previous_mapping
CHEMBL284348,DALFAMPRIDINE,DB06637,Dalfampridine,O15244,6582,SLC22A2,HGNC:10966,SLC22A2,solute carrier family 22 member 2,targets,DrugBank,NCBI,validated,previous_mapping
CHEMBL284348,DALFAMPRIDINE,DB06637,Dalfampridine,P05181,1571,CYP2E1,HGNC:2631,CYP2E1,cytochrome P450 family 2 subfamily E member 1,targets,DrugBank,NCBI,validated,previous_mapping
CHEMBL284348,DALFAMPRIDINE,DB06637,Dalfampridine,P16389,3737,KCNA2,HGNC:6220,KCNA2,potassium voltage-gated channel subfamily A member 2,targets,DrugBank,NCBI,validated,previous_mapping
CHEMBL284348,DALFAMPRIDINE,DB06637,Dalfampridine,P17658,3742,KCNA6,HGNC:6225,KCNA6,potassium voltage-gated channel subfamily A member 6,targets,DrugBank,NCBI,validated,previous_mapping
CHEMBL284348,DALFAMPRIDINE,DB06637,Dalfampridine,P22001,3738,KCNA3,HGNC:6221,KCNA3,potassium voltage-gated channel subfamily A member 3,targets,DrugBank,NCBI,validated,previous_mapping
CHEMBL284348,DALFAMPRIDINE,DB06637,Dalfampridine,P22459,3739,KCNA4,HGNC:6222,KCNA4,potassium voltage-gated channel subfamily A member 4,targets,DrugBank,NCBI,validated,previous_mapping
CHEMBL284348,DALFAMPRIDINE,DB06637,Dalfampridine,P22460,3741,KCNA5,HGNC:6224,KCNA5,potassium voltage-gated channel subfamily A member 5,targets,DrugBank,NCBI,validated,previous_mapping
CHEMBL284348,DALFAMPRIDINE,DB06637,Dalfampridine,P48547,3746,KCNC1,HGNC:6233,KCNC1,potassium voltage-gated channel subfamily C member 1,targets,DrugBank,NCBI,validated,previous_mapping
CHEMBL284348,DALFAMPRIDINE,DB06637,Dalfampridine,Q09470,3736,KCNA1,HGNC:6218,KCNA1,potassium voltage-gated channel subfamily A member 1,targets,DrugBank,NCBI,validated,previous_mapping
CHEMBL284348,DALFAMPRIDINE,DB06637,Dalfampridine,Q14003,3748,KCNC3,HGNC:6235,KCNC3,potassium voltage-gated channel subfamily C member 3,targets,DrugBank,NCBI,validated,previous_mapping
CHEMBL284348,DALFAMPRIDINE,DB06637,Dalfampridine,Q14721,3745,KCNB1,HGNC:6231,KCNB1,potassium voltage-gated channel subfamily B member 1,targets,DrugBank,NCBI,validated,previous_mapping
CHEMBL284348,DALFAMPRIDINE,DB06637,Dalfampridine,Q16322,3744,KCNA10,HGNC:6219,KCNA10,potassium voltage-gated channel subfamily A member 10,targets,DrugBank,NCBI,validated,previous_mapping
CHEMBL284348,DALFAMPRIDINE,DB06637,Dalfampridine,Q92953,9312,KCNB2,HGNC:6232,KCNB2,potassium voltage-gated channel subfamily B member 2,targets,DrugBank,NCBI,validated,previous_mapping
CHEMBL284348,DALFAMPRIDINE,DB06637,Dalfampridine,Q96PR1,3747,KCNC2,HGNC:6234,KCNC2,potassium voltage-gated channel subfamily C member 2,targets,DrugBank,NCBI,validated,previous_mapping
CHEMBL284348,DALFAMPRIDINE,DB06637,Dalfampridine,Q96RP8,3743,KCNA7,HGNC:6226,KCNA7,potassium voltage-gated channel subfamily A member 7,targets,DrugBank,NCBI,validated,previous_mapping
CHEMBL284348,DALFAMPRIDINE,DB06637,Dalfampridine,Q9NSA2,3750,KCND1,HGNC:6237,KCND1,potassium voltage-gated channel subfamily D member 1,targets,DrugBank,NCBI,validated,previous_mapping
CHEMBL284348,DALFAMPRIDINE,DB06637,Dalfampridine,Q9NZV8,3751,KCND2,HGNC:6238,KCND2,potassium voltage-gated channel subfamily D member 2,targets,DrugBank,NCBI,validated,previous_mapping
CHEMBL284348,DALFAMPRIDINE,DB06637,Dalfampridine,Q9UK17,3752,KCND3,HGNC:6239,KCND3,potassium voltage-gated channel subfamily D member 3,targets,DrugBank,NCBI,validated,previous_mapping
CHEMBL285674,ESTAZOLAM,DB01215,Estazolam,O00591,2568,GABRP,HGNC:4089,GABRP,gamma-aminobutyric acid type A receptor subunit pi,targets,DrugBank,NCBI,validated,previous_mapping
CHEMBL285674,ESTAZOLAM,DB01215,Estazolam,O14764,2563,GABRD,HGNC:4084,GABRD,gamma-aminobutyric acid type A receptor subunit delta,targets,DrugBank,NCBI,validated,previous_mapping
CHEMBL285674,ESTAZOLAM,DB01215,Estazolam,P08684,1576,CYP3A4,HGNC:2637,CYP3A4,cytochrome P450 family 3 subfamily A member 4,targets,DrugBank,NCBI,validated,previous_mapping
CHEMBL285674,ESTAZOLAM,DB01215,Estazolam,P14867,2554,GABRA1,HGNC:4075,GABRA1,gamma-aminobutyric acid type A receptor subunit alpha1,targets,DrugBank,NCBI,validated,previous_mapping
CHEMBL285674,ESTAZOLAM,DB01215,Estazolam,P18505,2560,GABRB1,HGNC:4081,GABRB1,gamma-aminobutyric acid type A receptor subunit beta1,targets,DrugBank,NCBI,validated,previous_mapping
CHEMBL285674,ESTAZOLAM,DB01215,Estazolam,P18507,2566,GABRG2,HGNC:4087,GABRG2,gamma-aminobutyric acid type A receptor subunit gamma2,targets,DrugBank,NCBI,validated,previous_mapping
CHEMBL285674,ESTAZOLAM,DB01215,Estazolam,P28472,2562,GABRB3,HGNC:4083,GABRB3,gamma-aminobutyric acid type A receptor subunit beta3,targets,DrugBank,NCBI,validated,previous_mapping
CHEMBL285674,ESTAZOLAM,DB01215,Estazolam,P31644,2558,GABRA5,HGNC:4079,GABRA5,gamma-aminobutyric acid type A receptor subunit alpha5,targets,DrugBank,NCBI,validated,previous_mapping
CHEMBL285674,ESTAZOLAM,DB01215,Estazolam,P34903,2556,GABRA3,HGNC:4077,GABRA3,gamma-aminobutyric acid type A receptor subunit alpha3,targets,DrugBank,NCBI,validated,previous_mapping
CHEMBL285674,ESTAZOLAM,DB01215,Estazolam,P47869,2555,GABRA2,HGNC:4076,GABRA2,gamma-aminobutyric acid type A receptor subunit alpha2,targets,DrugBank,NCBI,validated,previous_mapping
CHEMBL285674,ESTAZOLAM,DB01215,Estazolam,P47870,2561,GABRB2,HGNC:4082,GABRB2,gamma-aminobutyric acid type A receptor subunit beta2,targets,DrugBank,NCBI,validated,previous_mapping
CHEMBL285674,ESTAZOLAM,DB01215,Estazolam,P48169,2557,GABRA4,HGNC:4078,GABRA4,gamma-aminobutyric acid type A receptor subunit alpha4,targets,DrugBank,NCBI,validated,previous_mapping
CHEMBL285674,ESTAZOLAM,DB01215,Estazolam,P78334,2564,GABRE,HGNC:4085,GABRE,gamma-aminobutyric acid type A receptor subunit epsilon,targets,DrugBank,NCBI,validated,previous_mapping
CHEMBL285674,ESTAZOLAM,DB01215,Estazolam,Q16445,2559,GABRA6,HGNC:4080,GABRA6,gamma-aminobutyric acid type A receptor subunit alpha6,targets,DrugBank,NCBI,validated,previous_mapping
CHEMBL285674,ESTAZOLAM,DB01215,Estazolam,Q8N1C3,2565,GABRG1,HGNC:4086,GABRG1,gamma-aminobutyric acid type A receptor subunit gamma1,targets,DrugBank,NCBI,validated,previous_mapping
CHEMBL285674,ESTAZOLAM,DB01215,Estazolam,Q99928,2567,GABRG3,HGNC:4088,GABRG3,gamma-aminobutyric acid type A receptor subunit gamma3,targets,DrugBank,NCBI,validated,previous_mapping
CHEMBL285674,ESTAZOLAM,DB01215,Estazolam,Q9UN88,55879,GABRQ,HGNC:14454,GABRQ,gamma-aminobutyric acid type A receptor subunit theta,targets,DrugBank,NCBI,validated,previous_mapping
CHEMBL290916,EDARAVONE,DB12243,Edaravone,Q4U2R8,9356,SLC22A6,HGNC:10970,SLC22A6,solute carrier family 22 member 6,targets,DrugBank,NCBI,validated,previous_mapping
CHEMBL290916,EDARAVONE,DB12243,Edaravone,Q8TCC7,9376,SLC22A8,HGNC:10972,SLC22A8,solute carrier family 22 member 8,targets,DrugBank,NCBI,validated,previous_mapping
CHEMBL294199,CAPSAICIN,DB06774,Capsaicin,P05164,4353,MPO,HGNC:7218,MPO,myeloperoxidase,targets,DrugBank,NCBI,validated,previous_mapping
CHEMBL294199,CAPSAICIN,DB06774,Capsaicin,P05177,1544,CYP1A2,HGNC:2596,CYP1A2,cytochrome P450 family 1 subfamily A member 2,targets,DrugBank,NCBI,validated,previous_mapping
CHEMBL294199,CAPSAICIN,DB06774,Capsaicin,P05181,1571,CYP2E1,HGNC:2631,CYP2E1,cytochrome P450 family 2 subfamily E member 1,targets,DrugBank,NCBI,validated,previous_mapping
CHEMBL294199,CAPSAICIN,DB06774,Capsaicin,P06276,590,BCHE,HGNC:983,BCHE,butyrylcholinesterase,targets,DrugBank,NCBI,validated,previous_mapping
CHEMBL294199,CAPSAICIN,DB06774,Capsaicin,P08684,1576,CYP3A4,HGNC:2637,CYP3A4,cytochrome P450 family 3 subfamily A member 4,targets,DrugBank,NCBI,validated,previous_mapping
CHEMBL294199,CAPSAICIN,DB06774,Capsaicin,P09172,1621,DBH,HGNC:2689,DBH,dopamine beta-hydroxylase,targets,DrugBank,NCBI,validated,previous_mapping
CHEMBL294199,CAPSAICIN,DB06774,Capsaicin,P15104,2752,GLUL,HGNC:4341,GLUL,glutamate-ammonia ligase,targets,DrugBank,NCBI,validated,previous_mapping
CHEMBL294199,CAPSAICIN,DB06774,Capsaicin,P21397,4128,MAOA,HGNC:6833,MAOA,monoamine oxidase A,targets,DrugBank,NCBI,validated,previous_mapping
CHEMBL294199,CAPSAICIN,DB06774,Capsaicin,P35354,5743,PTGS2,HGNC:9605,PTGS2,prostaglandin-endoperoxide synthase 2,targets,DrugBank,NCBI,validated,previous_mapping
CHEMBL294199,CAPSAICIN,DB06774,Capsaicin,Q8NER1,7442,TRPV1,HGNC:12716,TRPV1,transient receptor potential cation channel subfamily V member 1,targets,DrugBank,NCBI,validated,previous_mapping
CHEMBL294199,CAPSAICIN,DB06774,Capsaicin,Q99623,11331,PHB2,HGNC:30306,PHB2,prohibitin 2,targets,DrugBank,NCBI,validated,previous_mapping
CHEMBL301265,PRAMIPEXOLE,DB00413,Pramipexole,O15244,6582,SLC22A2,HGNC:10966,SLC22A2,solute carrier family 22 member 2,targets,DrugBank,NCBI,validated,previous_mapping
CHEMBL301265,PRAMIPEXOLE,DB00413,Pramipexole,O15245,6580,SLC22A1,HGNC:10963,SLC22A1,solute carrier family 22 member 1,targets,DrugBank,NCBI,validated,previous_mapping
CHEMBL301265,PRAMIPEXOLE,DB00413,Pramipexole,O75751,6581,SLC22A3,HGNC:10967,SLC22A3,solute carrier family 22 member 3,targets,DrugBank,NCBI,validated,previous_mapping
CHEMBL301265,PRAMIPEXOLE,DB00413,Pramipexole,P08908,3350,HTR1A,HGNC:5286,HTR1A,5-hydroxytryptamine receptor 1A,targets,DrugBank,NCBI,validated,previous_mapping
CHEMBL301265,PRAMIPEXOLE,DB00413,Pramipexole,P08913,150,ADRA2A,HGNC:281,ADRA2A,adrenoceptor alpha 2A,targets,DrugBank,NCBI,validated,previous_mapping
CHEMBL301265,PRAMIPEXOLE,DB00413,Pramipexole,P14416,1813,DRD2,HGNC:3023,DRD2,dopamine receptor D2,targets,DrugBank,NCBI,validated,previous_mapping
CHEMBL301265,PRAMIPEXOLE,DB00413,Pramipexole,P21917,1815,DRD4,HGNC:3025,DRD4,dopamine receptor D4,targets,DrugBank,NCBI,validated,previous_mapping
CHEMBL301265,PRAMIPEXOLE,DB00413,Pramipexole,P35462,1814,DRD3,HGNC:3024,DRD3,dopamine receptor D3,targets,DrugBank,NCBI,validated,previous_mapping
CHEMBL3039520,LASMIDITAN,DB11732,Lasmiditan,O15245,6580,SLC22A1,HGNC:10963,SLC22A1,solute carrier family 22 member 1,targets,DrugBank,NCBI,validated,previous_mapping
CHEMBL3039520,LASMIDITAN,DB11732,Lasmiditan,P08183,5243,ABCB1,HGNC:40,ABCB1,ATP binding cassette subfamily B member 1,targets,DrugBank,NCBI,validated,previous_mapping
CHEMBL3039520,LASMIDITAN,DB11732,Lasmiditan,P10635,1565,CYP2D6,HGNC:2625,CYP2D6,cytochrome P450 family 2 subfamily D member 6 (gene/pseudogene),targets,DrugBank,NCBI,validated,previous_mapping
CHEMBL3039520,LASMIDITAN,DB11732,Lasmiditan,P30939,3355,HTR1F,HGNC:5292,HTR1F,5-hydroxytryptamine receptor 1F,targets,DrugBank,NCBI,validated,previous_mapping
CHEMBL3039520,LASMIDITAN,DB11732,Lasmiditan,Q86VL8,146802,SLC47A2,HGNC:26439,SLC47A2,solute carrier family 47 member 2,targets,DrugBank,NCBI,validated,previous_mapping
CHEMBL3039520,LASMIDITAN,DB11732,Lasmiditan,Q96FL8,55244,SLC47A1,HGNC:25588,SLC47A1,solute carrier family 47 member 1,targets,DrugBank,NCBI,validated,previous_mapping
CHEMBL3039520,LASMIDITAN,DB11732,Lasmiditan,Q9UNQ0,9429,ABCG2,HGNC:74,ABCG2,ATP binding cassette subfamily G member 2 (JR blood group),targets,DrugBank,NCBI,validated,previous_mapping
CHEMBL3187365,ASENAPINE,DB06216,Asenapine,P02763,5004,ORM1,HGNC:8498,ORM1,orosomucoid 1,targets,DrugBank,NCBI,validated,previous_mapping
CHEMBL3187365,ASENAPINE,DB06216,Asenapine,P02768,213,ALB,HGNC:399,ALB,albumin,targets,DrugBank,NCBI,validated,previous_mapping
CHEMBL3187365,ASENAPINE,DB06216,Asenapine,P05177,1544,CYP1A2,HGNC:2596,CYP1A2,cytochrome P450 family 1 subfamily A member 2,targets,DrugBank,NCBI,validated,previous_mapping
CHEMBL3187365,ASENAPINE,DB06216,Asenapine,P07550,154,ADRB2,HGNC:286,ADRB2,adrenoceptor beta 2,targets,DrugBank,NCBI,validated,previous_mapping
CHEMBL3187365,ASENAPINE,DB06216,Asenapine,P08588,153,ADRB1,HGNC:285,ADRB1,adrenoceptor beta 1,targets,DrugBank,NCBI,validated,previous_mapping
CHEMBL3187365,ASENAPINE,DB06216,Asenapine,P08684,1576,CYP3A4,HGNC:2637,CYP3A4,cytochrome P450 family 3 subfamily A member 4,targets,DrugBank,NCBI,validated,previous_mapping
CHEMBL3187365,ASENAPINE,DB06216,Asenapine,P08908,3350,HTR1A,HGNC:5286,HTR1A,5-hydroxytryptamine receptor 1A,targets,DrugBank,NCBI,validated,previous_mapping
CHEMBL3187365,ASENAPINE,DB06216,Asenapine,P08913,150,ADRA2A,HGNC:281,ADRA2A,adrenoceptor alpha 2A,targets,DrugBank,NCBI,validated,previous_mapping
CHEMBL3187365,ASENAPINE,DB06216,Asenapine,P10635,1565,CYP2D6,HGNC:2625,CYP2D6,cytochrome P450 family 2 subfamily D member 6 (gene/pseudogene),targets,DrugBank,NCBI,validated,previous_mapping
CHEMBL3187365,ASENAPINE,DB06216,Asenapine,P14416,1813,DRD2,HGNC:3023,DRD2,dopamine receptor D2,targets,DrugBank,NCBI,validated,previous_mapping
CHEMBL3187365,ASENAPINE,DB06216,Asenapine,P18089,151,ADRA2B,HGNC:282,ADRA2B,adrenoceptor alpha 2B,targets,DrugBank,NCBI,validated,previous_mapping
CHEMBL3187365,ASENAPINE,DB06216,Asenapine,P18825,152,ADRA2C,HGNC:283,ADRA2C,adrenoceptor alpha 2C,targets,DrugBank,NCBI,validated,previous_mapping
CHEMBL3187365,ASENAPINE,DB06216,Asenapine,P19652,5005,ORM2,HGNC:8499,ORM2,orosomucoid 2,targets,DrugBank,NCBI,validated,previous_mapping
CHEMBL3187365,ASENAPINE,DB06216,Asenapine,P21728,1812,DRD1,HGNC:3020,DRD1,dopamine receptor D1,targets,DrugBank,NCBI,validated,previous_mapping
CHEMBL3187365,ASENAPINE,DB06216,Asenapine,P21917,1815,DRD4,HGNC:3025,DRD4,dopamine receptor D4,targets,DrugBank,NCBI,validated,previous_mapping
CHEMBL3187365,ASENAPINE,DB06216,Asenapine,P22310,54657,UGT1A4,HGNC:12536,UGT1A4,UDP glucuronosyltransferase family 1 member A4,targets,DrugBank,NCBI,validated,previous_mapping
CHEMBL3187365,ASENAPINE,DB06216,Asenapine,P25021,3274,HRH2,HGNC:5183,HRH2,histamine receptor H2,targets,DrugBank,NCBI,validated,previous_mapping
CHEMBL3187365,ASENAPINE,DB06216,Asenapine,P28222,3351,HTR1B,HGNC:5287,HTR1B,5-hydroxytryptamine receptor 1B,targets,DrugBank,NCBI,validated,previous_mapping
CHEMBL3187365,ASENAPINE,DB06216,Asenapine,P28223,3356,HTR2A,HGNC:5293,HTR2A,5-hydroxytryptamine receptor 2A,targets,DrugBank,NCBI,validated,previous_mapping
CHEMBL3187365,ASENAPINE,DB06216,Asenapine,P28335,3358,HTR2C,HGNC:5295,HTR2C,5-hydroxytryptamine receptor 2C,targets,DrugBank,NCBI,validated,previous_mapping
CHEMBL3187365,ASENAPINE,DB06216,Asenapine,P34969,3363,HTR7,HGNC:5302,HTR7,5-hydroxytryptamine receptor 7,targets,DrugBank,NCBI,validated,previous_mapping
CHEMBL3187365,ASENAPINE,DB06216,Asenapine,P35348,148,ADRA1A,HGNC:277,ADRA1A,adrenoceptor alpha 1A,targets,DrugBank,NCBI,validated,previous_mapping
CHEMBL3187365,ASENAPINE,DB06216,Asenapine,P35367,3269,HRH1,HGNC:5182,HRH1,histamine receptor H1,targets,DrugBank,NCBI,validated,previous_mapping
CHEMBL3187365,ASENAPINE,DB06216,Asenapine,P35462,1814,DRD3,HGNC:3024,DRD3,dopamine receptor D3,targets,DrugBank,NCBI,validated,previous_mapping
CHEMBL3187365,ASENAPINE,DB06216,Asenapine,P41595,3357,HTR2B,HGNC:5294,HTR2B,5-hydroxytryptamine receptor 2B,targets,DrugBank,NCBI,validated,previous_mapping
CHEMBL3187365,ASENAPINE,DB06216,Asenapine,P47898,3361,HTR5A,HGNC:5300,HTR5A,5-hydroxytryptamine receptor 5A,targets,DrugBank,NCBI,validated,previous_mapping
CHEMBL3187365,ASENAPINE,DB06216,Asenapine,P50406,3362,HTR6,HGNC:5301,HTR6,5-hydroxytryptamine receptor 6,targets,DrugBank,NCBI,validated,previous_mapping
CHEMBL32,MOXIFLOXACIN,DB00218,Moxifloxacin,P05177,1544,CYP1A2,HGNC:2596,CYP1A2,cytochrome P450 family 1 subfamily A member 2,targets,DrugBank,NCBI,validated,previous_mapping
CHEMBL32,MOXIFLOXACIN,DB00218,Moxifloxacin,P11388,7153,TOP2A,HGNC:11989,TOP2A,DNA topoisomerase II alpha,targets,DrugBank,NCBI,validated,previous_mapping
CHEMBL32350,PIRLINDOLE,DB09244,Pirlindole,P08908,3350,HTR1A,HGNC:5286,HTR1A,5-hydroxytryptamine receptor 1A,targets,DrugBank,NCBI,validated,previous_mapping
CHEMBL32350,PIRLINDOLE,DB09244,Pirlindole,P08913,150,ADRA2A,HGNC:281,ADRA2A,adrenoceptor alpha 2A,targets,DrugBank,NCBI,validated,previous_mapping
CHEMBL32350,PIRLINDOLE,DB09244,Pirlindole,P21397,4128,MAOA,HGNC:6833,MAOA,monoamine oxidase A,targets,DrugBank,NCBI,validated,previous_mapping
CHEMBL3306803,LUMATEPERONE,DB06077,Lumateperone,C9JRZ8,441282,AKR1B15,HGNC:37281,AKR1B15,aldo-keto reductase family 1 member B15,targets,DrugBank,NCBI,validated,previous_mapping
CHEMBL3306803,LUMATEPERONE,DB06077,Lumateperone,O60218,57016,AKR1B10,HGNC:382,AKR1B10,aldo-keto reductase family 1 member B10,targets,DrugBank,NCBI,validated,previous_mapping
CHEMBL3306803,LUMATEPERONE,DB06077,Lumateperone,P05177,1544,CYP1A2,HGNC:2596,CYP1A2,cytochrome P450 family 1 subfamily A member 2,targets,DrugBank,NCBI,validated,previous_mapping
CHEMBL3306803,LUMATEPERONE,DB06077,Lumateperone,P08684,1576,CYP3A4,HGNC:2637,CYP3A4,cytochrome P450 family 3 subfamily A member 4,targets,DrugBank,NCBI,validated,previous_mapping
CHEMBL3306803,LUMATEPERONE,DB06077,Lumateperone,P10632,1558,CYP2C8,HGNC:2622,CYP2C8,cytochrome P450 family 2 subfamily C member 8,targets,DrugBank,NCBI,validated,previous_mapping
CHEMBL3306803,LUMATEPERONE,DB06077,Lumateperone,P14416,1813,DRD2,HGNC:3023,DRD2,dopamine receptor D2,targets,DrugBank,NCBI,validated,previous_mapping
CHEMBL3306803,LUMATEPERONE,DB06077,Lumateperone,P14550,10327,AKR1A1,HGNC:380,AKR1A1,aldo-keto reductase family 1 member A1,targets,DrugBank,NCBI,validated,previous_mapping
CHEMBL3306803,LUMATEPERONE,DB06077,Lumateperone,P15121,231,AKR1B1,HGNC:381,AKR1B1,aldo-keto reductase family 1 member B,targets,DrugBank,NCBI,validated,previous_mapping
CHEMBL3306803,LUMATEPERONE,DB06077,Lumateperone,P17516,1109,AKR1C4,HGNC:387,AKR1C4,aldo-keto reductase family 1 member C4,targets,DrugBank,NCBI,validated,previous_mapping
CHEMBL3306803,LUMATEPERONE,DB06077,Lumateperone,P21728,1812,DRD1,HGNC:3020,DRD1,dopamine receptor D1,targets,DrugBank,NCBI,validated,previous_mapping
CHEMBL3306803,LUMATEPERONE,DB06077,Lumateperone,P22309,54658,UGT1A1,HGNC:12530,UGT1A1,UDP glucuronosyltransferase family 1 member A1,targets,DrugBank,NCBI,validated,previous_mapping
CHEMBL3306803,LUMATEPERONE,DB06077,Lumateperone,P22310,54657,UGT1A4,HGNC:12536,UGT1A4,UDP glucuronosyltransferase family 1 member A4,targets,DrugBank,NCBI,validated,previous_mapping
CHEMBL3306803,LUMATEPERONE,DB06077,Lumateperone,P28223,3356,HTR2A,HGNC:5293,HTR2A,5-hydroxytryptamine receptor 2A,targets,DrugBank,NCBI,validated,previous_mapping
CHEMBL3306803,LUMATEPERONE,DB06077,Lumateperone,P31645,6532,SLC6A4,HGNC:11050,SLC6A4,solute carrier family 6 member 4,targets,DrugBank,NCBI,validated,previous_mapping
CHEMBL3306803,LUMATEPERONE,DB06077,Lumateperone,P42330,8644,AKR1C3,HGNC:386,AKR1C3,aldo-keto reductase family 1 member C3,targets,DrugBank,NCBI,validated,previous_mapping
CHEMBL3306803,LUMATEPERONE,DB06077,Lumateperone,P51857,6718,AKR1D1,HGNC:388,AKR1D1,aldo-keto reductase family 1 member D1,targets,DrugBank,NCBI,validated,previous_mapping
CHEMBL3306803,LUMATEPERONE,DB06077,Lumateperone,P52895,1646,AKR1C2,HGNC:385,AKR1C2,aldo-keto reductase family 1 member C2,targets,DrugBank,NCBI,validated,previous_mapping
CHEMBL3306803,LUMATEPERONE,DB06077,Lumateperone,P54855,7366,UGT2B15,HGNC:12546,UGT2B15,UDP glucuronosyltransferase family 2 member B15,targets,DrugBank,NCBI,validated,previous_mapping
CHEMBL3306803,LUMATEPERONE,DB06077,Lumateperone,Q04828,1645,AKR1C1,HGNC:384,AKR1C1,aldo-keto reductase family 1 member C1,targets,DrugBank,NCBI,validated,previous_mapping
CHEMBL3306803,LUMATEPERONE,DB06077,Lumateperone,Q13224,2904,GRIN2B,HGNC:4586,GRIN2B,glutamate ionotropic receptor NMDA type subunit 2B,targets,DrugBank,NCBI,validated,previous_mapping
CHEMBL3306803,LUMATEPERONE,DB06077,Lumateperone,Q96JD6,83592,AKR1E2,HGNC:23437,AKR1E2,aldo-keto reductase family 1 member E2,targets,DrugBank,NCBI,validated,previous_mapping
CHEMBL33986,BUTORPHANOL,DB00611,Butorphanol,P35372,4988,OPRM1,HGNC:8156,OPRM1,opioid receptor mu 1,targets,DrugBank,NCBI,validated,previous_mapping
CHEMBL33986,BUTORPHANOL,DB00611,Butorphanol,P41143,4985,OPRD1,HGNC:8153,OPRD1,opioid receptor delta 1,targets,DrugBank,NCBI,validated,previous_mapping
CHEMBL33986,BUTORPHANOL,DB00611,Butorphanol,P41145,4986,OPRK1,HGNC:8154,OPRK1,opioid receptor kappa 1,targets,DrugBank,NCBI,validated,previous_mapping
CHEMBL3545985,BENZPHETAMINE,DB00865,Benzphetamine,P08684,1576,CYP3A4,HGNC:2637,CYP3A4,cytochrome P450 family 3 subfamily A member 4,targets,DrugBank,NCBI,validated,previous_mapping
CHEMBL3545985,BENZPHETAMINE,DB00865,Benzphetamine,P08913,150,ADRA2A,HGNC:281,ADRA2A,adrenoceptor alpha 2A,targets,DrugBank,NCBI,validated,previous_mapping
CHEMBL3545985,BENZPHETAMINE,DB00865,Benzphetamine,P16435,5447,POR,HGNC:9208,POR,cytochrome p450 oxidoreductase,targets,DrugBank,NCBI,validated,previous_mapping
CHEMBL3545985,BENZPHETAMINE,DB00865,Benzphetamine,P20813,1555,CYP2B6,HGNC:2615,CYP2B6,cytochrome P450 family 2 subfamily B member 6,targets,DrugBank,NCBI,validated,previous_mapping
CHEMBL3545985,BENZPHETAMINE,DB00865,Benzphetamine,P35348,148,ADRA1A,HGNC:277,ADRA1A,adrenoceptor alpha 1A,targets,DrugBank,NCBI,validated,previous_mapping
CHEMBL3545985,BENZPHETAMINE,DB00865,Benzphetamine,Q01959,6531,SLC6A3,HGNC:11049,SLC6A3,solute carrier family 6 member 3,targets,DrugBank,NCBI,validated,previous_mapping
CHEMBL3545985,BENZPHETAMINE,DB00865,Benzphetamine,Q05940,6571,SLC18A2,HGNC:10935,SLC18A2,solute carrier family 18 member A2,targets,DrugBank,NCBI,validated,previous_mapping
CHEMBL36,PYRIMETHAMINE,DB00205,Pyrimethamine,P00374,1719,DHFR,HGNC:2861,DHFR,dihydrofolate reductase,targets,DrugBank,NCBI,validated,previous_mapping
CHEMBL36,PYRIMETHAMINE,DB00205,Pyrimethamine,P07686,3074,HEXB,HGNC:4879,HEXB,hexosaminidase subunit beta,targets,DrugBank,NCBI,validated,previous_mapping
CHEMBL36,PYRIMETHAMINE,DB00205,Pyrimethamine,P10632,1558,CYP2C8,HGNC:2622,CYP2C8,cytochrome P450 family 2 subfamily C member 8,targets,DrugBank,NCBI,validated,previous_mapping
CHEMBL36,PYRIMETHAMINE,DB00205,Pyrimethamine,Q86VL8,146802,SLC47A2,HGNC:26439,SLC47A2,solute carrier family 47 member 2,targets,DrugBank,NCBI,validated,previous_mapping
CHEMBL36,PYRIMETHAMINE,DB00205,Pyrimethamine,Q96FL8,55244,SLC47A1,HGNC:25588,SLC47A1,solute carrier family 47 member 1,targets,DrugBank,NCBI,validated,previous_mapping
CHEMBL364713,NOSCAPINE,DB06174,Noscapine,P08684,1576,CYP3A4,HGNC:2637,CYP3A4,cytochrome P450 family 3 subfamily A member 4,targets,DrugBank,NCBI,validated,previous_mapping
CHEMBL364713,NOSCAPINE,DB06174,Noscapine,P11712,1559,CYP2C9,HGNC:2623,CYP2C9,cytochrome P450 family 2 subfamily C member 9,targets,DrugBank,NCBI,validated,previous_mapping
CHEMBL364713,NOSCAPINE,DB06174,Noscapine,Q99720,10280,SIGMAR1,HGNC:8157,SIGMAR1,sigma receptor chaperone 1,targets,DrugBank,NCBI,validated,previous_mapping
CHEMBL3707247,OZANIMOD,DB12612,Ozanimod,P08183,5243,ABCB1,HGNC:40,ABCB1,ATP binding cassette subfamily B member 1,targets,DrugBank,NCBI,validated,previous_mapping
CHEMBL3707247,OZANIMOD,DB12612,Ozanimod,P08684,1576,CYP3A4,HGNC:2637,CYP3A4,cytochrome P450 family 3 subfamily A member 4,targets,DrugBank,NCBI,validated,previous_mapping
CHEMBL3707247,OZANIMOD,DB12612,Ozanimod,P10632,1558,CYP2C8,HGNC:2622,CYP2C8,cytochrome P450 family 2 subfamily C member 8,targets,DrugBank,NCBI,validated,previous_mapping
CHEMBL3707247,OZANIMOD,DB12612,Ozanimod,P11245,10,NAT2,HGNC:7646,NAT2,N-acetyltransferase 2,targets,DrugBank,NCBI,validated,previous_mapping
CHEMBL3707247,OZANIMOD,DB12612,Ozanimod,P11766,128,ADH5,HGNC:253,ADH5,"alcohol dehydrogenase 5 (class III), chi polypeptide",targets,DrugBank,NCBI,validated,previous_mapping
CHEMBL3707247,OZANIMOD,DB12612,Ozanimod,P21453,1901,S1PR1,HGNC:3165,S1PR1,sphingosine-1-phosphate receptor 1,targets,DrugBank,NCBI,validated,previous_mapping
CHEMBL3707247,OZANIMOD,DB12612,Ozanimod,P27338,4129,MAOB,HGNC:6834,MAOB,monoamine oxidase B,targets,DrugBank,NCBI,validated,previous_mapping
CHEMBL3707247,OZANIMOD,DB12612,Ozanimod,P51648,224,ALDH3A2,HGNC:403,ALDH3A2,aldehyde dehydrogenase 3 family member A2,targets,DrugBank,NCBI,validated,previous_mapping
CHEMBL3707247,OZANIMOD,DB12612,Ozanimod,P52895,1646,AKR1C2,HGNC:385,AKR1C2,aldo-keto reductase family 1 member C2,targets,DrugBank,NCBI,validated,previous_mapping
CHEMBL3707247,OZANIMOD,DB12612,Ozanimod,Q04828,1645,AKR1C1,HGNC:384,AKR1C1,aldo-keto reductase family 1 member C1,targets,DrugBank,NCBI,validated,previous_mapping
CHEMBL3707247,OZANIMOD,DB12612,Ozanimod,Q9H228,53637,S1PR5,HGNC:14299,S1PR5,sphingosine-1-phosphate receptor 5,targets,DrugBank,NCBI,validated,previous_mapping
CHEMBL3707247,OZANIMOD,DB12612,Ozanimod,Q9UNQ0,9429,ABCG2,HGNC:74,ABCG2,ATP binding cassette subfamily G member 2 (JR blood group),targets,DrugBank,NCBI,validated,previous_mapping
CHEMBL3707328,GALCANEZUMAB,DB14042,Galcanezumab,P10092,797,CALCB,HGNC:1438,CALCB,calcitonin related polypeptide beta,targets,DrugBank,NCBI,validated,previous_mapping
CHEMBL3707389,NEOCITRULLAMON,DB13396,Neocitrullamon,P05543,6906,SERPINA7,HGNC:11583,SERPINA7,serpin family A member 7,targets,DrugBank,NCBI,validated,verified_external_cross_reference
CHEMBL370805,COCAINE,DB00907,Cocaine,O15244,6582,SLC22A2,HGNC:10966,SLC22A2,solute carrier family 22 member 2,targets,DrugBank,NCBI,validated,previous_mapping
CHEMBL370805,COCAINE,DB00907,Cocaine,O60939,6327,SCN2B,HGNC:10589,SCN2B,sodium voltage-gated channel beta subunit 2,targets,DrugBank,NCBI,validated,previous_mapping
CHEMBL370805,COCAINE,DB00907,Cocaine,P02763,5004,ORM1,HGNC:8498,ORM1,orosomucoid 1,targets,DrugBank,NCBI,validated,previous_mapping
CHEMBL370805,COCAINE,DB00907,Cocaine,P06276,590,BCHE,HGNC:983,BCHE,butyrylcholinesterase,targets,DrugBank,NCBI,validated,previous_mapping
CHEMBL370805,COCAINE,DB00907,Cocaine,P08172,1129,CHRM2,HGNC:1951,CHRM2,cholinergic receptor muscarinic 2,targets,DrugBank,NCBI,validated,previous_mapping
CHEMBL370805,COCAINE,DB00907,Cocaine,P08684,1576,CYP3A4,HGNC:2637,CYP3A4,cytochrome P450 family 3 subfamily A member 4,targets,DrugBank,NCBI,validated,previous_mapping
CHEMBL370805,COCAINE,DB00907,Cocaine,P10632,1558,CYP2C8,HGNC:2622,CYP2C8,cytochrome P450 family 2 subfamily C member 8,targets,DrugBank,NCBI,validated,previous_mapping
CHEMBL370805,COCAINE,DB00907,Cocaine,P10635,1565,CYP2D6,HGNC:2625,CYP2D6,cytochrome P450 family 2 subfamily D member 6 (gene/pseudogene),targets,DrugBank,NCBI,validated,previous_mapping
CHEMBL370805,COCAINE,DB00907,Cocaine,P11229,1128,CHRM1,HGNC:1950,CHRM1,cholinergic receptor muscarinic 1,targets,DrugBank,NCBI,validated,previous_mapping
CHEMBL370805,COCAINE,DB00907,Cocaine,P19652,5005,ORM2,HGNC:8499,ORM2,orosomucoid 2,targets,DrugBank,NCBI,validated,previous_mapping
CHEMBL370805,COCAINE,DB00907,Cocaine,P23141,1066,CES1,HGNC:1863,CES1,carboxylesterase 1,targets,DrugBank,NCBI,validated,previous_mapping
CHEMBL370805,COCAINE,DB00907,Cocaine,P23975,6530,SLC6A2,HGNC:11048,SLC6A2,solute carrier family 6 member 2,targets,DrugBank,NCBI,validated,previous_mapping
CHEMBL370805,COCAINE,DB00907,Cocaine,P31645,6532,SLC6A4,HGNC:11050,SLC6A4,solute carrier family 6 member 4,targets,DrugBank,NCBI,validated,previous_mapping
CHEMBL370805,COCAINE,DB00907,Cocaine,P35498,6323,SCN1A,HGNC:10585,SCN1A,sodium voltage-gated channel alpha subunit 1,targets,DrugBank,NCBI,validated,previous_mapping
CHEMBL370805,COCAINE,DB00907,Cocaine,P35499,6329,SCN4A,HGNC:10591,SCN4A,sodium voltage-gated channel alpha subunit 4,targets,DrugBank,NCBI,validated,previous_mapping
CHEMBL370805,COCAINE,DB00907,Cocaine,Q01118,6332,SCN7A,HGNC:10594,SCN7A,sodium voltage-gated channel alpha subunit 7,targets,DrugBank,NCBI,validated,previous_mapping
CHEMBL370805,COCAINE,DB00907,Cocaine,Q01959,6531,SLC6A3,HGNC:11049,SLC6A3,solute carrier family 6 member 3,targets,DrugBank,NCBI,validated,previous_mapping
CHEMBL370805,COCAINE,DB00907,Cocaine,Q07699,6324,SCN1B,HGNC:10586,SCN1B,sodium voltage-gated channel beta subunit 1,targets,DrugBank,NCBI,validated,previous_mapping
CHEMBL370805,COCAINE,DB00907,Cocaine,Q14524,6331,SCN5A,HGNC:10593,SCN5A,sodium voltage-gated channel alpha subunit 5,targets,DrugBank,NCBI,validated,previous_mapping
CHEMBL370805,COCAINE,DB00907,Cocaine,Q15858,6335,SCN9A,HGNC:10597,SCN9A,sodium voltage-gated channel alpha subunit 9,targets,DrugBank,NCBI,validated,previous_mapping
CHEMBL370805,COCAINE,DB00907,Cocaine,Q8IWT1,6330,SCN4B,HGNC:10592,SCN4B,sodium voltage-gated channel beta subunit 4,targets,DrugBank,NCBI,validated,previous_mapping
CHEMBL370805,COCAINE,DB00907,Cocaine,Q99250,6326,SCN2A,HGNC:10588,SCN2A,sodium voltage-gated channel alpha subunit 2,targets,DrugBank,NCBI,validated,previous_mapping
CHEMBL370805,COCAINE,DB00907,Cocaine,Q99720,10280,SIGMAR1,HGNC:8157,SIGMAR1,sigma receptor chaperone 1,targets,DrugBank,NCBI,validated,previous_mapping
CHEMBL370805,COCAINE,DB00907,Cocaine,Q9NY46,6328,SCN3A,HGNC:10590,SCN3A,sodium voltage-gated channel alpha subunit 3,targets,DrugBank,NCBI,validated,previous_mapping
CHEMBL370805,COCAINE,DB00907,Cocaine,Q9NY72,55800,SCN3B,HGNC:20665,SCN3B,sodium voltage-gated channel beta subunit 3,targets,DrugBank,NCBI,validated,previous_mapping
CHEMBL370805,COCAINE,DB00907,Cocaine,Q9UI33,11280,SCN11A,HGNC:10583,SCN11A,sodium voltage-gated channel alpha subunit 11,targets,DrugBank,NCBI,validated,previous_mapping
CHEMBL370805,COCAINE,DB00907,Cocaine,Q9UQD0,6334,SCN8A,HGNC:10596,SCN8A,sodium voltage-gated channel alpha subunit 8,targets,DrugBank,NCBI,validated,previous_mapping
CHEMBL370805,COCAINE,DB00907,Cocaine,Q9Y5Y9,6336,SCN10A,HGNC:10582,SCN10A,sodium voltage-gated channel alpha subunit 10,targets,DrugBank,NCBI,validated,previous_mapping
CHEMBL372795,STREPTOMYCIN,DB01082,Streptomycin,Q4U2R8,9356,SLC22A6,HGNC:10970,SLC22A6,solute carrier family 22 member 6,targets,DrugBank,NCBI,validated,previous_mapping
CHEMBL372795,STREPTOMYCIN,DB01082,Streptomycin,Q9UM07,23569,PADI4,HGNC:18368,PADI4,peptidyl arginine deiminase 4,targets,DrugBank,NCBI,validated,previous_mapping
CHEMBL374478,RIFAMPIN,DB01045,Rifampicin,O15438,8714,ABCC3,HGNC:54,ABCC3,ATP binding cassette subfamily C member 3,targets,DrugBank,NCBI,validated,synonym_match
CHEMBL374478,RIFAMPIN,DB01045,Rifampicin,O15440,10057,ABCC5,HGNC:56,ABCC5,ATP binding cassette subfamily C member 5,targets,DrugBank,NCBI,validated,synonym_match
CHEMBL374478,RIFAMPIN,DB01045,Rifampicin,O60656,54600,UGT1A9,HGNC:12541,UGT1A9,UDP glucuronosyltransferase family 1 member A9,targets,DrugBank,NCBI,validated,synonym_match
CHEMBL374478,RIFAMPIN,DB01045,Rifampicin,O75469,8856,NR1I2,HGNC:7968,NR1I2,nuclear receptor subfamily 1 group I member 2,targets,DrugBank,NCBI,validated,synonym_match
CHEMBL374478,RIFAMPIN,DB01045,Rifampicin,O94956,11309,SLCO2B1,HGNC:10962,SLCO2B1,solute carrier organic anion transporter family member 2B1,targets,DrugBank,NCBI,validated,synonym_match
CHEMBL374478,RIFAMPIN,DB01045,Rifampicin,O95342,8647,ABCB11,HGNC:42,ABCB11,ATP binding cassette subfamily B member 11,targets,DrugBank,NCBI,validated,synonym_match
CHEMBL374478,RIFAMPIN,DB01045,Rifampicin,P02763,5004,ORM1,HGNC:8498,ORM1,orosomucoid 1,targets,DrugBank,NCBI,validated,synonym_match
CHEMBL374478,RIFAMPIN,DB01045,Rifampicin,P02768,213,ALB,HGNC:399,ALB,albumin,targets,DrugBank,NCBI,validated,synonym_match
CHEMBL374478,RIFAMPIN,DB01045,Rifampicin,P05177,1544,CYP1A2,HGNC:2596,CYP1A2,cytochrome P450 family 1 subfamily A member 2,targets,DrugBank,NCBI,validated,synonym_match
CHEMBL374478,RIFAMPIN,DB01045,Rifampicin,P05181,1571,CYP2E1,HGNC:2631,CYP2E1,cytochrome P450 family 2 subfamily E member 1,targets,DrugBank,NCBI,validated,synonym_match
CHEMBL374478,RIFAMPIN,DB01045,Rifampicin,P08183,5243,ABCB1,HGNC:40,ABCB1,ATP binding cassette subfamily B member 1,targets,DrugBank,NCBI,validated,synonym_match
CHEMBL374478,RIFAMPIN,DB01045,Rifampicin,P08684,1576,CYP3A4,HGNC:2637,CYP3A4,cytochrome P450 family 3 subfamily A member 4,targets,DrugBank,NCBI,validated,synonym_match
CHEMBL374478,RIFAMPIN,DB01045,Rifampicin,P10632,1558,CYP2C8,HGNC:2622,CYP2C8,cytochrome P450 family 2 subfamily C member 8,targets,DrugBank,NCBI,validated,synonym_match
CHEMBL374478,RIFAMPIN,DB01045,Rifampicin,P11509,1548,CYP2A6,HGNC:2610,CYP2A6,cytochrome P450 family 2 subfamily A member 6,targets,DrugBank,NCBI,validated,synonym_match
CHEMBL374478,RIFAMPIN,DB01045,Rifampicin,P11712,1559,CYP2C9,HGNC:2623,CYP2C9,cytochrome P450 family 2 subfamily C member 9,targets,DrugBank,NCBI,validated,synonym_match
CHEMBL374478,RIFAMPIN,DB01045,Rifampicin,P19652,5005,ORM2,HGNC:8499,ORM2,orosomucoid 2,targets,DrugBank,NCBI,validated,synonym_match
CHEMBL374478,RIFAMPIN,DB01045,Rifampicin,P20813,1555,CYP2B6,HGNC:2615,CYP2B6,cytochrome P450 family 2 subfamily B member 6,targets,DrugBank,NCBI,validated,synonym_match
CHEMBL374478,RIFAMPIN,DB01045,Rifampicin,P20815,1577,CYP3A5,HGNC:2638,CYP3A5,cytochrome P450 family 3 subfamily A member 5,targets,DrugBank,NCBI,validated,synonym_match
CHEMBL374478,RIFAMPIN,DB01045,Rifampicin,P22309,54658,UGT1A1,HGNC:12530,UGT1A1,UDP glucuronosyltransferase family 1 member A1,targets,DrugBank,NCBI,validated,synonym_match
CHEMBL374478,RIFAMPIN,DB01045,Rifampicin,P24462,1551,CYP3A7,HGNC:2640,CYP3A7,cytochrome P450 family 3 subfamily A member 7,targets,DrugBank,NCBI,validated,synonym_match
CHEMBL374478,RIFAMPIN,DB01045,Rifampicin,P33261,1557,CYP2C19,HGNC:2621,CYP2C19,cytochrome P450 family 2 subfamily C member 19,targets,DrugBank,NCBI,validated,synonym_match
CHEMBL374478,RIFAMPIN,DB01045,Rifampicin,P33527,4363,ABCC1,HGNC:51,ABCC1,ATP binding cassette subfamily C member 1 (ABCC1 blood group),targets,DrugBank,NCBI,validated,synonym_match
CHEMBL374478,RIFAMPIN,DB01045,Rifampicin,P46721,6579,SLCO1A2,HGNC:10956,SLCO1A2,solute carrier organic anion transporter family member 1A2,targets,DrugBank,NCBI,validated,synonym_match
CHEMBL374478,RIFAMPIN,DB01045,Rifampicin,Q4U2R8,9356,SLC22A6,HGNC:10970,SLC22A6,solute carrier family 22 member 6,targets,DrugBank,NCBI,validated,synonym_match
CHEMBL374478,RIFAMPIN,DB01045,Rifampicin,Q8TCC7,9376,SLC22A8,HGNC:10972,SLC22A8,solute carrier family 22 member 8,targets,DrugBank,NCBI,validated,synonym_match
CHEMBL374478,RIFAMPIN,DB01045,Rifampicin,Q92887,1244,ABCC2,HGNC:53,ABCC2,ATP binding cassette subfamily C member 2,targets,DrugBank,NCBI,validated,synonym_match
CHEMBL374478,RIFAMPIN,DB01045,Rifampicin,Q9HB55,64816,CYP3A43,HGNC:17450,CYP3A43,cytochrome P450 family 3 subfamily A member 43,targets,DrugBank,NCBI,validated,synonym_match
CHEMBL374478,RIFAMPIN,DB01045,Rifampicin,Q9NPD5,28234,SLCO1B3,HGNC:10961,SLCO1B3,solute carrier organic anion transporter family member 1B3,targets,DrugBank,NCBI,validated,synonym_match
CHEMBL374478,RIFAMPIN,DB01045,Rifampicin,Q9Y694,10864,SLC22A7,HGNC:10971,SLC22A7,solute carrier family 22 member 7,targets,DrugBank,NCBI,validated,synonym_match
CHEMBL374478,RIFAMPIN,DB01045,Rifampicin,Q9Y6L6,10599,SLCO1B1,HGNC:10959,SLCO1B1,solute carrier organic anion transporter family member 1B1,targets,DrugBank,NCBI,validated,synonym_match
CHEMBL374975,FUSIDIC ACID,DB02703,Fusidic acid,O95342,8647,ABCB11,HGNC:42,ABCB11,ATP binding cassette subfamily B member 11,targets,DrugBank,NCBI,validated,previous_mapping
CHEMBL374975,FUSIDIC ACID,DB02703,Fusidic acid,P08684,1576,CYP3A4,HGNC:2637,CYP3A4,cytochrome P450 family 3 subfamily A member 4,targets,DrugBank,NCBI,validated,previous_mapping
CHEMBL374975,FUSIDIC ACID,DB02703,Fusidic acid,P10635,1565,CYP2D6,HGNC:2625,CYP2D6,cytochrome P450 family 2 subfamily D member 6 (gene/pseudogene),targets,DrugBank,NCBI,validated,previous_mapping
CHEMBL374975,FUSIDIC ACID,DB02703,Fusidic acid,P22309,54658,UGT1A1,HGNC:12530,UGT1A1,UDP glucuronosyltransferase family 1 member A1,targets,DrugBank,NCBI,validated,previous_mapping
CHEMBL374975,FUSIDIC ACID,DB02703,Fusidic acid,Q92887,1244,ABCC2,HGNC:53,ABCC2,ATP binding cassette subfamily C member 2,targets,DrugBank,NCBI,validated,previous_mapping
CHEMBL374975,FUSIDIC ACID,DB02703,Fusidic acid,Q9UNQ0,9429,ABCG2,HGNC:74,ABCG2,ATP binding cassette subfamily G member 2 (JR blood group),targets,DrugBank,NCBI,validated,previous_mapping
CHEMBL374975,FUSIDIC ACID,DB02703,Fusidic acid,Q9Y6L6,10599,SLCO1B1,HGNC:10959,SLCO1B1,solute carrier organic anion transporter family member 1B1,targets,DrugBank,NCBI,validated,previous_mapping
CHEMBL38,TRETINOIN,DB00755,Tretinoin,O43174,1592,CYP26A1,HGNC:2603,CYP26A1,cytochrome P450 family 26 subfamily A member 1,targets,DrugBank,NCBI,validated,previous_mapping
CHEMBL38,TRETINOIN,DB00755,Tretinoin,O60760,27306,HPGDS,HGNC:17890,HPGDS,hematopoietic prostaglandin D synthase,targets,DrugBank,NCBI,validated,previous_mapping
CHEMBL38,TRETINOIN,DB00755,Tretinoin,O94788,8854,ALDH1A2,HGNC:15472,ALDH1A2,aldehyde dehydrogenase 1 family member A2,targets,DrugBank,NCBI,validated,previous_mapping
CHEMBL38,TRETINOIN,DB00755,Tretinoin,P00352,216,ALDH1A1,HGNC:402,ALDH1A1,aldehyde dehydrogenase 1 family member A1,targets,DrugBank,NCBI,validated,previous_mapping
CHEMBL38,TRETINOIN,DB00755,Tretinoin,P02753,5950,RBP4,HGNC:9922,RBP4,retinol binding protein 4,targets,DrugBank,NCBI,validated,previous_mapping
CHEMBL38,TRETINOIN,DB00755,Tretinoin,P02768,213,ALB,HGNC:399,ALB,albumin,targets,DrugBank,NCBI,validated,previous_mapping
CHEMBL38,TRETINOIN,DB00755,Tretinoin,P04798,1543,CYP1A1,HGNC:2595,CYP1A1,cytochrome P450 family 1 subfamily A member 1,targets,DrugBank,NCBI,validated,previous_mapping
CHEMBL38,TRETINOIN,DB00755,Tretinoin,P08684,1576,CYP3A4,HGNC:2637,CYP3A4,cytochrome P450 family 3 subfamily A member 4,targets,DrugBank,NCBI,validated,previous_mapping
CHEMBL38,TRETINOIN,DB00755,Tretinoin,P10276,5914,RARA,HGNC:9864,RARA,retinoic acid receptor alpha,targets,DrugBank,NCBI,validated,previous_mapping
CHEMBL38,TRETINOIN,DB00755,Tretinoin,P10632,1558,CYP2C8,HGNC:2622,CYP2C8,cytochrome P450 family 2 subfamily C member 8,targets,DrugBank,NCBI,validated,previous_mapping
CHEMBL38,TRETINOIN,DB00755,Tretinoin,P10826,5915,RARB,HGNC:9865,RARB,retinoic acid receptor beta,targets,DrugBank,NCBI,validated,previous_mapping
CHEMBL38,TRETINOIN,DB00755,Tretinoin,P11509,1548,CYP2A6,HGNC:2610,CYP2A6,cytochrome P450 family 2 subfamily A member 6,targets,DrugBank,NCBI,validated,previous_mapping
CHEMBL38,TRETINOIN,DB00755,Tretinoin,P11712,1559,CYP2C9,HGNC:2623,CYP2C9,cytochrome P450 family 2 subfamily C member 9,targets,DrugBank,NCBI,validated,previous_mapping
CHEMBL38,TRETINOIN,DB00755,Tretinoin,P13631,5916,RARG,HGNC:9866,RARG,retinoic acid receptor gamma,targets,DrugBank,NCBI,validated,previous_mapping
CHEMBL38,TRETINOIN,DB00755,Tretinoin,P19793,6256,RXRA,HGNC:10477,RXRA,retinoid X receptor alpha,targets,DrugBank,NCBI,validated,previous_mapping
CHEMBL38,TRETINOIN,DB00755,Tretinoin,P20813,1555,CYP2B6,HGNC:2615,CYP2B6,cytochrome P450 family 2 subfamily B member 6,targets,DrugBank,NCBI,validated,previous_mapping
CHEMBL38,TRETINOIN,DB00755,Tretinoin,P20815,1577,CYP3A5,HGNC:2638,CYP3A5,cytochrome P450 family 3 subfamily A member 5,targets,DrugBank,NCBI,validated,previous_mapping
CHEMBL38,TRETINOIN,DB00755,Tretinoin,P24462,1551,CYP3A7,HGNC:2640,CYP3A7,cytochrome P450 family 3 subfamily A member 7,targets,DrugBank,NCBI,validated,previous_mapping
CHEMBL38,TRETINOIN,DB00755,Tretinoin,P28702,6257,RXRB,HGNC:10478,RXRB,retinoid X receptor beta,targets,DrugBank,NCBI,validated,previous_mapping
CHEMBL38,TRETINOIN,DB00755,Tretinoin,P29373,1382,CRABP2,HGNC:2339,CRABP2,cellular retinoic acid binding protein 2,targets,DrugBank,NCBI,validated,previous_mapping
CHEMBL38,TRETINOIN,DB00755,Tretinoin,P29762,1381,CRABP1,HGNC:2338,CRABP1,cellular retinoic acid binding protein 1,targets,DrugBank,NCBI,validated,previous_mapping
CHEMBL38,TRETINOIN,DB00755,Tretinoin,P31025,3933,LCN1,HGNC:6525,LCN1,lipocalin 1,targets,DrugBank,NCBI,validated,previous_mapping
CHEMBL38,TRETINOIN,DB00755,Tretinoin,P33260,1562,CYP2C18,HGNC:2620,CYP2C18,cytochrome P450 family 2 subfamily C member 18,targets,DrugBank,NCBI,validated,previous_mapping
CHEMBL38,TRETINOIN,DB00755,Tretinoin,P48443,6258,RXRG,HGNC:10479,RXRG,retinoid X receptor gamma,targets,DrugBank,NCBI,validated,previous_mapping
CHEMBL38,TRETINOIN,DB00755,Tretinoin,P49788,5918,RARRES1,HGNC:9867,RARRES1,retinoic acid receptor responder 1,targets,DrugBank,NCBI,validated,previous_mapping
CHEMBL38,TRETINOIN,DB00755,Tretinoin,Q02928,1579,CYP4A11,HGNC:2642,CYP4A11,cytochrome P450 family 4 subfamily A member 11,targets,DrugBank,NCBI,validated,previous_mapping
CHEMBL38,TRETINOIN,DB00755,Tretinoin,Q16654,5166,PDK4,HGNC:8812,PDK4,pyruvate dehydrogenase kinase 4,targets,DrugBank,NCBI,validated,previous_mapping
CHEMBL38,TRETINOIN,DB00755,Tretinoin,Q6V0L0,340665,CYP26C1,HGNC:20577,CYP26C1,cytochrome P450 family 26 subfamily C member 1,targets,DrugBank,NCBI,validated,previous_mapping
CHEMBL38,TRETINOIN,DB00755,Tretinoin,Q8NFJ5,9052,GPRC5A,HGNC:9836,GPRC5A,G protein-coupled receptor class C group 5 member A,targets,DrugBank,NCBI,validated,previous_mapping
CHEMBL38,TRETINOIN,DB00755,Tretinoin,Q9NR63,56603,CYP26B1,HGNC:20581,CYP26B1,cytochrome P450 family 26 subfamily B member 1,targets,DrugBank,NCBI,validated,previous_mapping
CHEMBL38,TRETINOIN,DB00755,Tretinoin,Q9NY56,29991,OBP2A,HGNC:23380,OBP2A,odorant binding protein 2A,targets,DrugBank,NCBI,validated,previous_mapping
CHEMBL3833320,EPTINEZUMAB,DB14040,Eptinezumab,P10092,797,CALCB,HGNC:1438,CALCB,calcitonin related polypeptide beta,targets,DrugBank,NCBI,validated,previous_mapping
CHEMBL3833329,ERENUMAB,DB14039,Erenumab,Q16602,10203,CALCRL,HGNC:16709,CALCRL,calcitonin receptor like receptor,targets,DrugBank,NCBI,validated,previous_mapping
CHEMBL384467,DEXAMETHASONE,DB01234,Dexamethasone,O75469,8856,NR1I2,HGNC:7968,NR1I2,nuclear receptor subfamily 1 group I member 2,targets,DrugBank,NCBI,validated,previous_mapping
CHEMBL384467,DEXAMETHASONE,DB01234,Dexamethasone,O95342,8647,ABCB11,HGNC:42,ABCB11,ATP binding cassette subfamily B member 11,targets,DrugBank,NCBI,validated,previous_mapping
CHEMBL384467,DEXAMETHASONE,DB01234,Dexamethasone,P02768,213,ALB,HGNC:399,ALB,albumin,targets,DrugBank,NCBI,validated,previous_mapping
CHEMBL384467,DEXAMETHASONE,DB01234,Dexamethasone,P04083,301,ANXA1,HGNC:533,ANXA1,annexin A1,targets,DrugBank,NCBI,validated,previous_mapping
CHEMBL384467,DEXAMETHASONE,DB01234,Dexamethasone,P04150,2908,NR3C1,HGNC:7978,NR3C1,nuclear receptor subfamily 3 group C member 1,targets,DrugBank,NCBI,validated,previous_mapping
CHEMBL384467,DEXAMETHASONE,DB01234,Dexamethasone,P04798,1543,CYP1A1,HGNC:2595,CYP1A1,cytochrome P450 family 1 subfamily A member 1,targets,DrugBank,NCBI,validated,previous_mapping
CHEMBL384467,DEXAMETHASONE,DB01234,Dexamethasone,P05093,1586,CYP17A1,HGNC:2593,CYP17A1,cytochrome P450 family 17 subfamily A member 1,targets,DrugBank,NCBI,validated,previous_mapping
CHEMBL384467,DEXAMETHASONE,DB01234,Dexamethasone,P05181,1571,CYP2E1,HGNC:2631,CYP2E1,cytochrome P450 family 2 subfamily E member 1,targets,DrugBank,NCBI,validated,previous_mapping
CHEMBL384467,DEXAMETHASONE,DB01234,Dexamethasone,P08183,5243,ABCB1,HGNC:40,ABCB1,ATP binding cassette subfamily B member 1,targets,DrugBank,NCBI,validated,previous_mapping
CHEMBL384467,DEXAMETHASONE,DB01234,Dexamethasone,P08684,1576,CYP3A4,HGNC:2637,CYP3A4,cytochrome P450 family 3 subfamily A member 4,targets,DrugBank,NCBI,validated,previous_mapping
CHEMBL384467,DEXAMETHASONE,DB01234,Dexamethasone,P10632,1558,CYP2C8,HGNC:2622,CYP2C8,cytochrome P450 family 2 subfamily C member 8,targets,DrugBank,NCBI,validated,previous_mapping
CHEMBL384467,DEXAMETHASONE,DB01234,Dexamethasone,P11509,1548,CYP2A6,HGNC:2610,CYP2A6,cytochrome P450 family 2 subfamily A member 6,targets,DrugBank,NCBI,validated,previous_mapping
CHEMBL384467,DEXAMETHASONE,DB01234,Dexamethasone,P15538,1584,CYP11B1,HGNC:2591,CYP11B1,cytochrome P450 family 11 subfamily B member 1,targets,DrugBank,NCBI,validated,previous_mapping
CHEMBL384467,DEXAMETHASONE,DB01234,Dexamethasone,P20813,1555,CYP2B6,HGNC:2615,CYP2B6,cytochrome P450 family 2 subfamily B member 6,targets,DrugBank,NCBI,validated,previous_mapping
CHEMBL384467,DEXAMETHASONE,DB01234,Dexamethasone,P20815,1577,CYP3A5,HGNC:2638,CYP3A5,cytochrome P450 family 3 subfamily A member 5,targets,DrugBank,NCBI,validated,previous_mapping
CHEMBL384467,DEXAMETHASONE,DB01234,Dexamethasone,P24462,1551,CYP3A7,HGNC:2640,CYP3A7,cytochrome P450 family 3 subfamily A member 7,targets,DrugBank,NCBI,validated,previous_mapping
CHEMBL384467,DEXAMETHASONE,DB01234,Dexamethasone,P28845,3290,HSD11B1,HGNC:5208,HSD11B1,hydroxysteroid 11-beta dehydrogenase 1,targets,DrugBank,NCBI,validated,previous_mapping
CHEMBL384467,DEXAMETHASONE,DB01234,Dexamethasone,P33261,1557,CYP2C19,HGNC:2621,CYP2C19,cytochrome P450 family 2 subfamily C member 19,targets,DrugBank,NCBI,validated,previous_mapping
CHEMBL384467,DEXAMETHASONE,DB01234,Dexamethasone,P35228,4843,NOS2,HGNC:7873,NOS2,nitric oxide synthase 2,targets,DrugBank,NCBI,validated,previous_mapping
CHEMBL384467,DEXAMETHASONE,DB01234,Dexamethasone,P46721,6579,SLCO1A2,HGNC:10956,SLCO1A2,solute carrier organic anion transporter family member 1A2,targets,DrugBank,NCBI,validated,previous_mapping
CHEMBL384467,DEXAMETHASONE,DB01234,Dexamethasone,P51843,190,NR0B1,HGNC:7960,NR0B1,nuclear receptor subfamily 0 group B member 1,targets,DrugBank,NCBI,validated,previous_mapping
CHEMBL384467,DEXAMETHASONE,DB01234,Dexamethasone,P80365,3291,HSD11B2,HGNC:5209,HSD11B2,hydroxysteroid 11-beta dehydrogenase 2,targets,DrugBank,NCBI,validated,previous_mapping
CHEMBL384467,DEXAMETHASONE,DB01234,Dexamethasone,Q02928,1579,CYP4A11,HGNC:2642,CYP4A11,cytochrome P450 family 4 subfamily A member 11,targets,DrugBank,NCBI,validated,previous_mapping
CHEMBL384467,DEXAMETHASONE,DB01234,Dexamethasone,Q8TCC7,9376,SLC22A8,HGNC:10972,SLC22A8,solute carrier family 22 member 8,targets,DrugBank,NCBI,validated,previous_mapping
CHEMBL384467,DEXAMETHASONE,DB01234,Dexamethasone,Q92887,1244,ABCC2,HGNC:53,ABCC2,ATP binding cassette subfamily C member 2,targets,DrugBank,NCBI,validated,previous_mapping
CHEMBL384467,DEXAMETHASONE,DB01234,Dexamethasone,Q9HB55,64816,CYP3A43,HGNC:17450,CYP3A43,cytochrome P450 family 3 subfamily A member 43,targets,DrugBank,NCBI,validated,previous_mapping
CHEMBL384467,DEXAMETHASONE,DB01234,Dexamethasone,Q9UNQ0,9429,ABCG2,HGNC:74,ABCG2,ATP binding cassette subfamily G member 2 (JR blood group),targets,DrugBank,NCBI,validated,previous_mapping
CHEMBL386630,TESTOSTERONE,DB00624,Testosterone,P02768,213,ALB,HGNC:399,ALB,albumin,targets,DrugBank,NCBI,validated,previous_mapping
CHEMBL386630,TESTOSTERONE,DB00624,Testosterone,P03372,2099,ESR1,HGNC:3467,ESR1,estrogen receptor 1,targets,DrugBank,NCBI,validated,previous_mapping
CHEMBL386630,TESTOSTERONE,DB00624,Testosterone,P04278,6462,SHBG,HGNC:10839,SHBG,sex hormone binding globulin,targets,DrugBank,NCBI,validated,previous_mapping
CHEMBL386630,TESTOSTERONE,DB00624,Testosterone,P04798,1543,CYP1A1,HGNC:2595,CYP1A1,cytochrome P450 family 1 subfamily A member 1,targets,DrugBank,NCBI,validated,previous_mapping
CHEMBL386630,TESTOSTERONE,DB00624,Testosterone,P05108,1583,CYP11A1,HGNC:2590,CYP11A1,cytochrome P450 family 11 subfamily A member 1,targets,DrugBank,NCBI,validated,previous_mapping
CHEMBL386630,TESTOSTERONE,DB00624,Testosterone,P08235,4306,NR3C2,HGNC:7979,NR3C2,nuclear receptor subfamily 3 group C member 2,targets,DrugBank,NCBI,validated,previous_mapping
CHEMBL386630,TESTOSTERONE,DB00624,Testosterone,P08684,1576,CYP3A4,HGNC:2637,CYP3A4,cytochrome P450 family 3 subfamily A member 4,targets,DrugBank,NCBI,validated,previous_mapping
CHEMBL386630,TESTOSTERONE,DB00624,Testosterone,P10275,367,AR,HGNC:644,AR,androgen receptor,targets,DrugBank,NCBI,validated,previous_mapping
CHEMBL386630,TESTOSTERONE,DB00624,Testosterone,P10632,1558,CYP2C8,HGNC:2622,CYP2C8,cytochrome P450 family 2 subfamily C member 8,targets,DrugBank,NCBI,validated,previous_mapping
CHEMBL386630,TESTOSTERONE,DB00624,Testosterone,P11511,1588,CYP19A1,HGNC:2594,CYP19A1,cytochrome P450 family 19 subfamily A member 1,targets,DrugBank,NCBI,validated,previous_mapping
CHEMBL386630,TESTOSTERONE,DB00624,Testosterone,P11712,1559,CYP2C9,HGNC:2623,CYP2C9,cytochrome P450 family 2 subfamily C member 9,targets,DrugBank,NCBI,validated,previous_mapping
CHEMBL386630,TESTOSTERONE,DB00624,Testosterone,P20813,1555,CYP2B6,HGNC:2615,CYP2B6,cytochrome P450 family 2 subfamily B member 6,targets,DrugBank,NCBI,validated,previous_mapping
CHEMBL386630,TESTOSTERONE,DB00624,Testosterone,P20815,1577,CYP3A5,HGNC:2638,CYP3A5,cytochrome P450 family 3 subfamily A member 5,targets,DrugBank,NCBI,validated,previous_mapping
CHEMBL386630,TESTOSTERONE,DB00624,Testosterone,P21397,4128,MAOA,HGNC:6833,MAOA,monoamine oxidase A,targets,DrugBank,NCBI,validated,previous_mapping
CHEMBL386630,TESTOSTERONE,DB00624,Testosterone,P24462,1551,CYP3A7,HGNC:2640,CYP3A7,cytochrome P450 family 3 subfamily A member 7,targets,DrugBank,NCBI,validated,previous_mapping
CHEMBL386630,TESTOSTERONE,DB00624,Testosterone,P33261,1557,CYP2C19,HGNC:2621,CYP2C19,cytochrome P450 family 2 subfamily C member 19,targets,DrugBank,NCBI,validated,previous_mapping
CHEMBL386630,TESTOSTERONE,DB00624,Testosterone,Q14973,6554,SLC10A1,HGNC:10905,SLC10A1,solute carrier family 10 member 1,targets,DrugBank,NCBI,validated,previous_mapping
CHEMBL386630,TESTOSTERONE,DB00624,Testosterone,Q16678,1545,CYP1B1,HGNC:2597,CYP1B1,cytochrome P450 family 1 subfamily B member 1,targets,DrugBank,NCBI,validated,previous_mapping
CHEMBL386630,TESTOSTERONE,DB00624,Testosterone,Q16696,1553,CYP2A13,HGNC:2608,CYP2A13,cytochrome P450 family 2 subfamily A member 13,targets,DrugBank,NCBI,validated,previous_mapping
CHEMBL386630,TESTOSTERONE,DB00624,Testosterone,Q8TCC7,9376,SLC22A8,HGNC:10972,SLC22A8,solute carrier family 22 member 8,targets,DrugBank,NCBI,validated,previous_mapping
CHEMBL386630,TESTOSTERONE,DB00624,Testosterone,Q9HB55,64816,CYP3A43,HGNC:17450,CYP3A43,cytochrome P450 family 3 subfamily A member 43,targets,DrugBank,NCBI,validated,previous_mapping
CHEMBL386630,TESTOSTERONE,DB00624,Testosterone,Q9NPD5,28234,SLCO1B3,HGNC:10961,SLCO1B3,solute carrier organic anion transporter family member 1B3,targets,DrugBank,NCBI,validated,previous_mapping
CHEMBL386630,TESTOSTERONE,DB00624,Testosterone,Q9UNQ0,9429,ABCG2,HGNC:74,ABCG2,ATP binding cassette subfamily G member 2 (JR blood group),targets,DrugBank,NCBI,validated,previous_mapping
CHEMBL386630,TESTOSTERONE,DB00624,Testosterone,Q9Y694,10864,SLC22A7,HGNC:10971,SLC22A7,solute carrier family 22 member 7,targets,DrugBank,NCBI,validated,previous_mapping
CHEMBL389621,HYDROCORTISONE,DB00741,Hydrocortisone,P04083,301,ANXA1,HGNC:533,ANXA1,annexin A1,targets,DrugBank,NCBI,validated,previous_mapping
CHEMBL389621,HYDROCORTISONE,DB00741,Hydrocortisone,P04150,2908,NR3C1,HGNC:7978,NR3C1,nuclear receptor subfamily 3 group C member 1,targets,DrugBank,NCBI,validated,previous_mapping
CHEMBL389621,HYDROCORTISONE,DB00741,Hydrocortisone,P04278,6462,SHBG,HGNC:10839,SHBG,sex hormone binding globulin,targets,DrugBank,NCBI,validated,previous_mapping
CHEMBL389621,HYDROCORTISONE,DB00741,Hydrocortisone,P08183,5243,ABCB1,HGNC:40,ABCB1,ATP binding cassette subfamily B member 1,targets,DrugBank,NCBI,validated,previous_mapping
CHEMBL389621,HYDROCORTISONE,DB00741,Hydrocortisone,P08185,866,SERPINA6,HGNC:1540,SERPINA6,serpin family A member 6,targets,DrugBank,NCBI,validated,previous_mapping
CHEMBL389621,HYDROCORTISONE,DB00741,Hydrocortisone,P08684,1576,CYP3A4,HGNC:2637,CYP3A4,cytochrome P450 family 3 subfamily A member 4,targets,DrugBank,NCBI,validated,previous_mapping
CHEMBL389621,HYDROCORTISONE,DB00741,Hydrocortisone,P10632,1558,CYP2C8,HGNC:2622,CYP2C8,cytochrome P450 family 2 subfamily C member 8,targets,DrugBank,NCBI,validated,previous_mapping
CHEMBL389621,HYDROCORTISONE,DB00741,Hydrocortisone,P11509,1548,CYP2A6,HGNC:2610,CYP2A6,cytochrome P450 family 2 subfamily A member 6,targets,DrugBank,NCBI,validated,previous_mapping
CHEMBL389621,HYDROCORTISONE,DB00741,Hydrocortisone,P11712,1559,CYP2C9,HGNC:2623,CYP2C9,cytochrome P450 family 2 subfamily C member 9,targets,DrugBank,NCBI,validated,previous_mapping
CHEMBL389621,HYDROCORTISONE,DB00741,Hydrocortisone,P15538,1584,CYP11B1,HGNC:2591,CYP11B1,cytochrome P450 family 11 subfamily B member 1,targets,DrugBank,NCBI,validated,previous_mapping
CHEMBL389621,HYDROCORTISONE,DB00741,Hydrocortisone,P19099,1585,CYP11B2,HGNC:2592,CYP11B2,cytochrome P450 family 11 subfamily B member 2,targets,DrugBank,NCBI,validated,previous_mapping
CHEMBL389621,HYDROCORTISONE,DB00741,Hydrocortisone,P20813,1555,CYP2B6,HGNC:2615,CYP2B6,cytochrome P450 family 2 subfamily B member 6,targets,DrugBank,NCBI,validated,previous_mapping
CHEMBL389621,HYDROCORTISONE,DB00741,Hydrocortisone,P20815,1577,CYP3A5,HGNC:2638,CYP3A5,cytochrome P450 family 3 subfamily A member 5,targets,DrugBank,NCBI,validated,previous_mapping
CHEMBL389621,HYDROCORTISONE,DB00741,Hydrocortisone,P24462,1551,CYP3A7,HGNC:2640,CYP3A7,cytochrome P450 family 3 subfamily A member 7,targets,DrugBank,NCBI,validated,previous_mapping
CHEMBL389621,HYDROCORTISONE,DB00741,Hydrocortisone,P28845,3290,HSD11B1,HGNC:5208,HSD11B1,hydroxysteroid 11-beta dehydrogenase 1,targets,DrugBank,NCBI,validated,previous_mapping
CHEMBL389621,HYDROCORTISONE,DB00741,Hydrocortisone,P31213,6716,SRD5A2,HGNC:11285,SRD5A2,steroid 5 alpha-reductase 2,targets,DrugBank,NCBI,validated,previous_mapping
CHEMBL389621,HYDROCORTISONE,DB00741,Hydrocortisone,P33261,1557,CYP2C19,HGNC:2621,CYP2C19,cytochrome P450 family 2 subfamily C member 19,targets,DrugBank,NCBI,validated,previous_mapping
CHEMBL389621,HYDROCORTISONE,DB00741,Hydrocortisone,P46721,6579,SLCO1A2,HGNC:10956,SLCO1A2,solute carrier organic anion transporter family member 1A2,targets,DrugBank,NCBI,validated,previous_mapping
CHEMBL389621,HYDROCORTISONE,DB00741,Hydrocortisone,P51857,6718,AKR1D1,HGNC:388,AKR1D1,aldo-keto reductase family 1 member D1,targets,DrugBank,NCBI,validated,previous_mapping
CHEMBL389621,HYDROCORTISONE,DB00741,Hydrocortisone,P80365,3291,HSD11B2,HGNC:5209,HSD11B2,hydroxysteroid 11-beta dehydrogenase 2,targets,DrugBank,NCBI,validated,previous_mapping
CHEMBL389621,HYDROCORTISONE,DB00741,Hydrocortisone,Q16678,1545,CYP1B1,HGNC:2597,CYP1B1,cytochrome P450 family 1 subfamily B member 1,targets,DrugBank,NCBI,validated,previous_mapping
CHEMBL389621,HYDROCORTISONE,DB00741,Hydrocortisone,Q8TCC7,9376,SLC22A8,HGNC:10972,SLC22A8,solute carrier family 22 member 8,targets,DrugBank,NCBI,validated,previous_mapping
CHEMBL395091,ESKETAMINE,DB11823,Esketamine,O15399,2906,GRIN2D,HGNC:4588,GRIN2D,glutamate ionotropic receptor NMDA type subunit 2D,targets,DrugBank,NCBI,validated,previous_mapping
CHEMBL395091,ESKETAMINE,DB11823,Esketamine,O60391,116444,GRIN3B,HGNC:16768,GRIN3B,glutamate ionotropic receptor NMDA type subunit 3B,targets,DrugBank,NCBI,validated,previous_mapping
CHEMBL395091,ESKETAMINE,DB11823,Esketamine,P08684,1576,CYP3A4,HGNC:2637,CYP3A4,cytochrome P450 family 3 subfamily A member 4,targets,DrugBank,NCBI,validated,previous_mapping
CHEMBL395091,ESKETAMINE,DB11823,Esketamine,P11712,1559,CYP2C9,HGNC:2623,CYP2C9,cytochrome P450 family 2 subfamily C member 9,targets,DrugBank,NCBI,validated,previous_mapping
CHEMBL395091,ESKETAMINE,DB11823,Esketamine,P13639,1938,EEF2,HGNC:3214,EEF2,eukaryotic translation elongation factor 2,targets,DrugBank,NCBI,validated,previous_mapping
CHEMBL395091,ESKETAMINE,DB11823,Esketamine,P20813,1555,CYP2B6,HGNC:2615,CYP2B6,cytochrome P450 family 2 subfamily B member 6,targets,DrugBank,NCBI,validated,previous_mapping
CHEMBL395091,ESKETAMINE,DB11823,Esketamine,P23560,627,BDNF,HGNC:1033,BDNF,brain derived neurotrophic factor,targets,DrugBank,NCBI,validated,previous_mapping
CHEMBL395091,ESKETAMINE,DB11823,Esketamine,P33261,1557,CYP2C19,HGNC:2621,CYP2C19,cytochrome P450 family 2 subfamily C member 19,targets,DrugBank,NCBI,validated,previous_mapping
CHEMBL395091,ESKETAMINE,DB11823,Esketamine,Q05586,2902,GRIN1,HGNC:4584,GRIN1,glutamate ionotropic receptor NMDA type subunit 1,targets,DrugBank,NCBI,validated,previous_mapping
CHEMBL395091,ESKETAMINE,DB11823,Esketamine,Q12879,2903,GRIN2A,HGNC:4585,GRIN2A,glutamate ionotropic receptor NMDA type subunit 2A,targets,DrugBank,NCBI,validated,previous_mapping
CHEMBL395091,ESKETAMINE,DB11823,Esketamine,Q13224,2904,GRIN2B,HGNC:4586,GRIN2B,glutamate ionotropic receptor NMDA type subunit 2B,targets,DrugBank,NCBI,validated,previous_mapping
CHEMBL395091,ESKETAMINE,DB11823,Esketamine,Q14957,2905,GRIN2C,HGNC:4587,GRIN2C,glutamate ionotropic receptor NMDA type subunit 2C,targets,DrugBank,NCBI,validated,previous_mapping
CHEMBL395091,ESKETAMINE,DB11823,Esketamine,Q16620,4915,NTRK2,HGNC:8032,NTRK2,neurotrophic receptor tyrosine kinase 2,targets,DrugBank,NCBI,validated,previous_mapping
CHEMBL395091,ESKETAMINE,DB11823,Esketamine,Q8TCU5,116443,GRIN3A,HGNC:16767,GRIN3A,glutamate ionotropic receptor NMDA type subunit 3A,targets,DrugBank,NCBI,validated,previous_mapping
CHEMBL396778,SAFINAMIDE,DB06654,Safinamide,P04798,1543,CYP1A1,HGNC:2595,CYP1A1,cytochrome P450 family 1 subfamily A member 1,targets,DrugBank,NCBI,validated,previous_mapping
CHEMBL396778,SAFINAMIDE,DB06654,Safinamide,P05177,1544,CYP1A2,HGNC:2596,CYP1A2,cytochrome P450 family 1 subfamily A member 2,targets,DrugBank,NCBI,validated,previous_mapping
CHEMBL396778,SAFINAMIDE,DB06654,Safinamide,P05181,1571,CYP2E1,HGNC:2631,CYP2E1,cytochrome P450 family 2 subfamily E member 1,targets,DrugBank,NCBI,validated,previous_mapping
CHEMBL396778,SAFINAMIDE,DB06654,Safinamide,P08684,1576,CYP3A4,HGNC:2637,CYP3A4,cytochrome P450 family 3 subfamily A member 4,targets,DrugBank,NCBI,validated,previous_mapping
CHEMBL396778,SAFINAMIDE,DB06654,Safinamide,P10635,1565,CYP2D6,HGNC:2625,CYP2D6,cytochrome P450 family 2 subfamily D member 6 (gene/pseudogene),targets,DrugBank,NCBI,validated,previous_mapping
CHEMBL396778,SAFINAMIDE,DB06654,Safinamide,P11712,1559,CYP2C9,HGNC:2623,CYP2C9,cytochrome P450 family 2 subfamily C member 9,targets,DrugBank,NCBI,validated,previous_mapping
CHEMBL396778,SAFINAMIDE,DB06654,Safinamide,P20813,1555,CYP2B6,HGNC:2615,CYP2B6,cytochrome P450 family 2 subfamily B member 6,targets,DrugBank,NCBI,validated,previous_mapping
CHEMBL396778,SAFINAMIDE,DB06654,Safinamide,P20815,1577,CYP3A5,HGNC:2638,CYP3A5,cytochrome P450 family 3 subfamily A member 5,targets,DrugBank,NCBI,validated,previous_mapping
CHEMBL396778,SAFINAMIDE,DB06654,Safinamide,P21397,4128,MAOA,HGNC:6833,MAOA,monoamine oxidase A,targets,DrugBank,NCBI,validated,previous_mapping
CHEMBL396778,SAFINAMIDE,DB06654,Safinamide,P27338,4129,MAOB,HGNC:6834,MAOB,monoamine oxidase B,targets,DrugBank,NCBI,validated,previous_mapping
CHEMBL396778,SAFINAMIDE,DB06654,Safinamide,P33261,1557,CYP2C19,HGNC:2621,CYP2C19,cytochrome P450 family 2 subfamily C member 19,targets,DrugBank,NCBI,validated,previous_mapping
CHEMBL396778,SAFINAMIDE,DB06654,Safinamide,Q9UIG8,28232,SLCO3A1,HGNC:10952,SLCO3A1,solute carrier organic anion transporter family member 3A1,targets,DrugBank,NCBI,validated,previous_mapping
CHEMBL396778,SAFINAMIDE,DB06654,Safinamide,Q9UNQ0,9429,ABCG2,HGNC:74,ABCG2,ATP binding cassette subfamily G member 2 (JR blood group),targets,DrugBank,NCBI,validated,previous_mapping
CHEMBL398707,HYDROMORPHONE,DB00327,Hydromorphone,P02768,213,ALB,HGNC:399,ALB,albumin,targets,DrugBank,NCBI,validated,previous_mapping
CHEMBL398707,HYDROMORPHONE,DB00327,Hydromorphone,P11712,1559,CYP2C9,HGNC:2623,CYP2C9,cytochrome P450 family 2 subfamily C member 9,targets,DrugBank,NCBI,validated,previous_mapping
CHEMBL398707,HYDROMORPHONE,DB00327,Hydromorphone,P16662,7364,UGT2B7,HGNC:12554,UGT2B7,UDP glucuronosyltransferase family 2 member B7,targets,DrugBank,NCBI,validated,previous_mapping
CHEMBL398707,HYDROMORPHONE,DB00327,Hydromorphone,P35372,4988,OPRM1,HGNC:8156,OPRM1,opioid receptor mu 1,targets,DrugBank,NCBI,validated,previous_mapping
CHEMBL398707,HYDROMORPHONE,DB00327,Hydromorphone,P35503,54659,UGT1A3,HGNC:12535,UGT1A3,UDP glucuronosyltransferase family 1 member A3,targets,DrugBank,NCBI,validated,previous_mapping
CHEMBL398707,HYDROMORPHONE,DB00327,Hydromorphone,P41143,4985,OPRD1,HGNC:8153,OPRD1,opioid receptor delta 1,targets,DrugBank,NCBI,validated,previous_mapping
CHEMBL398707,HYDROMORPHONE,DB00327,Hydromorphone,P41145,4986,OPRK1,HGNC:8154,OPRK1,opioid receptor kappa 1,targets,DrugBank,NCBI,validated,previous_mapping
CHEMBL3989695,REGADENOSON,DB06213,Regadenoson,P29274,135,ADORA2A,HGNC:263,ADORA2A,adenosine A2a receptor,targets,DrugBank,NCBI,validated,previous_mapping
CHEMBL3989702,TENOFOVIR,DB14126,Tenofovir,O15439,10257,ABCC4,HGNC:55,ABCC4,ATP binding cassette subfamily C member 4 (PEL blood group),targets,DrugBank,NCBI,validated,previous_mapping
CHEMBL3989702,TENOFOVIR,DB14126,Tenofovir,P00568,203,AK1,HGNC:361,AK1,adenylate kinase 1,targets,DrugBank,NCBI,validated,previous_mapping
CHEMBL3989702,TENOFOVIR,DB14126,Tenofovir,P02768,213,ALB,HGNC:399,ALB,albumin,targets,DrugBank,NCBI,validated,previous_mapping
CHEMBL3989702,TENOFOVIR,DB14126,Tenofovir,P08183,5243,ABCB1,HGNC:40,ABCB1,ATP binding cassette subfamily B member 1,targets,DrugBank,NCBI,validated,previous_mapping
CHEMBL3989702,TENOFOVIR,DB14126,Tenofovir,P08684,1576,CYP3A4,HGNC:2637,CYP3A4,cytochrome P450 family 3 subfamily A member 4,targets,DrugBank,NCBI,validated,previous_mapping
CHEMBL3989702,TENOFOVIR,DB14126,Tenofovir,P15531,4830,NME1,HGNC:7849,NME1,NME/NM23 nucleoside diphosphate kinase 1,targets,DrugBank,NCBI,validated,previous_mapping
CHEMBL3989702,TENOFOVIR,DB14126,Tenofovir,P22392,4831,NME2,HGNC:7850,NME2,NME/NM23 nucleoside diphosphate kinase 2,targets,DrugBank,NCBI,validated,previous_mapping
CHEMBL3989702,TENOFOVIR,DB14126,Tenofovir,P54819,204,AK2,HGNC:362,AK2,adenylate kinase 2,targets,DrugBank,NCBI,validated,previous_mapping
CHEMBL3989702,TENOFOVIR,DB14126,Tenofovir,Q4U2R8,9356,SLC22A6,HGNC:10970,SLC22A6,solute carrier family 22 member 6,targets,DrugBank,NCBI,validated,previous_mapping
CHEMBL3989702,TENOFOVIR,DB14126,Tenofovir,Q8TCC7,9376,SLC22A8,HGNC:10972,SLC22A8,solute carrier family 22 member 8,targets,DrugBank,NCBI,validated,previous_mapping
CHEMBL3989810,MAGNESIUM SALICYLATE,DB01397,Magnesium salicylate,P02768,213,ALB,HGNC:399,ALB,albumin,targets,DrugBank,NCBI,validated,exact_preferred_name
CHEMBL3989810,MAGNESIUM SALICYLATE,DB01397,Magnesium salicylate,P23219,5742,PTGS1,HGNC:9604,PTGS1,prostaglandin-endoperoxide synthase 1,targets,DrugBank,NCBI,validated,exact_preferred_name
CHEMBL3989810,MAGNESIUM SALICYLATE,DB01397,Magnesium salicylate,P35354,5743,PTGS2,HGNC:9605,PTGS2,prostaglandin-endoperoxide synthase 2,targets,DrugBank,NCBI,validated,exact_preferred_name
CHEMBL3989843,TRANYLCYPROMINE,DB00752,Tranylcypromine,P05177,1544,CYP1A2,HGNC:2596,CYP1A2,cytochrome P450 family 1 subfamily A member 2,targets,DrugBank,NCBI,validated,previous_mapping
CHEMBL3989843,TRANYLCYPROMINE,DB00752,Tranylcypromine,P05181,1571,CYP2E1,HGNC:2631,CYP2E1,cytochrome P450 family 2 subfamily E member 1,targets,DrugBank,NCBI,validated,previous_mapping
CHEMBL3989843,TRANYLCYPROMINE,DB00752,Tranylcypromine,P10635,1565,CYP2D6,HGNC:2625,CYP2D6,cytochrome P450 family 2 subfamily D member 6 (gene/pseudogene),targets,DrugBank,NCBI,validated,previous_mapping
CHEMBL3989843,TRANYLCYPROMINE,DB00752,Tranylcypromine,P11509,1548,CYP2A6,HGNC:2610,CYP2A6,cytochrome P450 family 2 subfamily A member 6,targets,DrugBank,NCBI,validated,previous_mapping
CHEMBL3989843,TRANYLCYPROMINE,DB00752,Tranylcypromine,P11712,1559,CYP2C9,HGNC:2623,CYP2C9,cytochrome P450 family 2 subfamily C member 9,targets,DrugBank,NCBI,validated,previous_mapping
CHEMBL3989843,TRANYLCYPROMINE,DB00752,Tranylcypromine,P21397,4128,MAOA,HGNC:6833,MAOA,monoamine oxidase A,targets,DrugBank,NCBI,validated,previous_mapping
CHEMBL3989843,TRANYLCYPROMINE,DB00752,Tranylcypromine,P27338,4129,MAOB,HGNC:6834,MAOB,monoamine oxidase B,targets,DrugBank,NCBI,validated,previous_mapping
CHEMBL3989843,TRANYLCYPROMINE,DB00752,Tranylcypromine,P33261,1557,CYP2C19,HGNC:2621,CYP2C19,cytochrome P450 family 2 subfamily C member 19,targets,DrugBank,NCBI,validated,previous_mapping
CHEMBL3989856,SODIUM SULFATE,DB09472,Sodium sulfate,P00915,759,CA1,HGNC:1368,CA1,carbonic anhydrase 1,targets,DrugBank,NCBI,validated,previous_mapping
CHEMBL3989856,SODIUM SULFATE,DB09472,Sodium sulfate,P00918,760,CA2,HGNC:1373,CA2,carbonic anhydrase 2,targets,DrugBank,NCBI,validated,previous_mapping
CHEMBL3989887,TACROLIMUS,DB00864,Tacrolimus,P02763,5004,ORM1,HGNC:8498,ORM1,orosomucoid 1,targets,DrugBank,NCBI,validated,previous_mapping
CHEMBL3989887,TACROLIMUS,DB00864,Tacrolimus,P02768,213,ALB,HGNC:399,ALB,albumin,targets,DrugBank,NCBI,validated,previous_mapping
CHEMBL3989887,TACROLIMUS,DB00864,Tacrolimus,P08183,5243,ABCB1,HGNC:40,ABCB1,ATP binding cassette subfamily B member 1,targets,DrugBank,NCBI,validated,previous_mapping
CHEMBL3989887,TACROLIMUS,DB00864,Tacrolimus,P08684,1576,CYP3A4,HGNC:2637,CYP3A4,cytochrome P450 family 3 subfamily A member 4,targets,DrugBank,NCBI,validated,previous_mapping
CHEMBL3989887,TACROLIMUS,DB00864,Tacrolimus,P20815,1577,CYP3A5,HGNC:2638,CYP3A5,cytochrome P450 family 3 subfamily A member 5,targets,DrugBank,NCBI,validated,previous_mapping
CHEMBL3989887,TACROLIMUS,DB00864,Tacrolimus,P62942,2280,FKBP1A,HGNC:3711,FKBP1A,FKBP prolyl isomerase 1A,targets,DrugBank,NCBI,validated,previous_mapping
CHEMBL3989887,TACROLIMUS,DB00864,Tacrolimus,Q8WWZ7,23461,ABCA5,HGNC:35,ABCA5,ATP binding cassette subfamily A member 5,targets,DrugBank,NCBI,validated,previous_mapping
CHEMBL3989887,TACROLIMUS,DB00864,Tacrolimus,Q9Y6L6,10599,SLCO1B1,HGNC:10959,SLCO1B1,solute carrier organic anion transporter family member 1B1,targets,DrugBank,NCBI,validated,previous_mapping
CHEMBL4,OFLOXACIN,DB01165,Ofloxacin,O76082,6584,SLC22A5,HGNC:10969,SLC22A5,solute carrier family 22 member 5,targets,DrugBank,NCBI,validated,previous_mapping
CHEMBL4,OFLOXACIN,DB01165,Ofloxacin,O95342,8647,ABCB11,HGNC:42,ABCB11,ATP binding cassette subfamily B member 11,targets,DrugBank,NCBI,validated,previous_mapping
CHEMBL4,OFLOXACIN,DB01165,Ofloxacin,P05177,1544,CYP1A2,HGNC:2596,CYP1A2,cytochrome P450 family 1 subfamily A member 2,targets,DrugBank,NCBI,validated,previous_mapping
CHEMBL4,OFLOXACIN,DB01165,Ofloxacin,P11388,7153,TOP2A,HGNC:11989,TOP2A,DNA topoisomerase II alpha,targets,DrugBank,NCBI,validated,previous_mapping
CHEMBL4,OFLOXACIN,DB01165,Ofloxacin,P33527,4363,ABCC1,HGNC:51,ABCC1,ATP binding cassette subfamily C member 1 (ABCC1 blood group),targets,DrugBank,NCBI,validated,previous_mapping
CHEMBL4,OFLOXACIN,DB01165,Ofloxacin,Q4U2R8,9356,SLC22A6,HGNC:10970,SLC22A6,solute carrier family 22 member 6,targets,DrugBank,NCBI,validated,previous_mapping
CHEMBL4,OFLOXACIN,DB01165,Ofloxacin,Q92887,1244,ABCC2,HGNC:53,ABCC2,ATP binding cassette subfamily C member 2,targets,DrugBank,NCBI,validated,previous_mapping
CHEMBL4,OFLOXACIN,DB01165,Ofloxacin,Q9H015,6583,SLC22A4,HGNC:10968,SLC22A4,solute carrier family 22 member 4,targets,DrugBank,NCBI,validated,previous_mapping
CHEMBL40,PHENOBARBITAL,DB01174,Phenobarbital,O15399,2906,GRIN2D,HGNC:4588,GRIN2D,glutamate ionotropic receptor NMDA type subunit 2D,targets,DrugBank,NCBI,validated,previous_mapping
CHEMBL40,PHENOBARBITAL,DB01174,Phenobarbital,O15438,8714,ABCC3,HGNC:54,ABCC3,ATP binding cassette subfamily C member 3,targets,DrugBank,NCBI,validated,previous_mapping
CHEMBL40,PHENOBARBITAL,DB01174,Phenobarbital,O60391,116444,GRIN3B,HGNC:16768,GRIN3B,glutamate ionotropic receptor NMDA type subunit 3B,targets,DrugBank,NCBI,validated,previous_mapping
CHEMBL40,PHENOBARBITAL,DB01174,Phenobarbital,O75469,8856,NR1I2,HGNC:7968,NR1I2,nuclear receptor subfamily 1 group I member 2,targets,DrugBank,NCBI,validated,previous_mapping
CHEMBL40,PHENOBARBITAL,DB01174,Phenobarbital,O95342,8647,ABCB11,HGNC:42,ABCB11,ATP binding cassette subfamily B member 11,targets,DrugBank,NCBI,validated,previous_mapping
CHEMBL40,PHENOBARBITAL,DB01174,Phenobarbital,P04798,1543,CYP1A1,HGNC:2595,CYP1A1,cytochrome P450 family 1 subfamily A member 1,targets,DrugBank,NCBI,validated,previous_mapping
CHEMBL40,PHENOBARBITAL,DB01174,Phenobarbital,P05177,1544,CYP1A2,HGNC:2596,CYP1A2,cytochrome P450 family 1 subfamily A member 2,targets,DrugBank,NCBI,validated,previous_mapping
CHEMBL40,PHENOBARBITAL,DB01174,Phenobarbital,P05181,1571,CYP2E1,HGNC:2631,CYP2E1,cytochrome P450 family 2 subfamily E member 1,targets,DrugBank,NCBI,validated,previous_mapping
CHEMBL40,PHENOBARBITAL,DB01174,Phenobarbital,P08183,5243,ABCB1,HGNC:40,ABCB1,ATP binding cassette subfamily B member 1,targets,DrugBank,NCBI,validated,previous_mapping
CHEMBL40,PHENOBARBITAL,DB01174,Phenobarbital,P08684,1576,CYP3A4,HGNC:2637,CYP3A4,cytochrome P450 family 3 subfamily A member 4,targets,DrugBank,NCBI,validated,previous_mapping
CHEMBL40,PHENOBARBITAL,DB01174,Phenobarbital,P10632,1558,CYP2C8,HGNC:2622,CYP2C8,cytochrome P450 family 2 subfamily C member 8,targets,DrugBank,NCBI,validated,previous_mapping
CHEMBL40,PHENOBARBITAL,DB01174,Phenobarbital,P11509,1548,CYP2A6,HGNC:2610,CYP2A6,cytochrome P450 family 2 subfamily A member 6,targets,DrugBank,NCBI,validated,previous_mapping
CHEMBL40,PHENOBARBITAL,DB01174,Phenobarbital,P11712,1559,CYP2C9,HGNC:2623,CYP2C9,cytochrome P450 family 2 subfamily C member 9,targets,DrugBank,NCBI,validated,previous_mapping
CHEMBL40,PHENOBARBITAL,DB01174,Phenobarbital,P13584,1580,CYP4B1,HGNC:2644,CYP4B1,cytochrome P450 family 4 subfamily B member 1,targets,DrugBank,NCBI,validated,previous_mapping
CHEMBL40,PHENOBARBITAL,DB01174,Phenobarbital,P14867,2554,GABRA1,HGNC:4075,GABRA1,gamma-aminobutyric acid type A receptor subunit alpha1,targets,DrugBank,NCBI,validated,previous_mapping
CHEMBL40,PHENOBARBITAL,DB01174,Phenobarbital,P16662,7364,UGT2B7,HGNC:12554,UGT2B7,UDP glucuronosyltransferase family 2 member B7,targets,DrugBank,NCBI,validated,previous_mapping
CHEMBL40,PHENOBARBITAL,DB01174,Phenobarbital,P20813,1555,CYP2B6,HGNC:2615,CYP2B6,cytochrome P450 family 2 subfamily B member 6,targets,DrugBank,NCBI,validated,previous_mapping
CHEMBL40,PHENOBARBITAL,DB01174,Phenobarbital,P20815,1577,CYP3A5,HGNC:2638,CYP3A5,cytochrome P450 family 3 subfamily A member 5,targets,DrugBank,NCBI,validated,previous_mapping
CHEMBL40,PHENOBARBITAL,DB01174,Phenobarbital,P22309,54658,UGT1A1,HGNC:12530,UGT1A1,UDP glucuronosyltransferase family 1 member A1,targets,DrugBank,NCBI,validated,previous_mapping
CHEMBL40,PHENOBARBITAL,DB01174,Phenobarbital,P24462,1551,CYP3A7,HGNC:2640,CYP3A7,cytochrome P450 family 3 subfamily A member 7,targets,DrugBank,NCBI,validated,previous_mapping
CHEMBL40,PHENOBARBITAL,DB01174,Phenobarbital,P33260,1562,CYP2C18,HGNC:2620,CYP2C18,cytochrome P450 family 2 subfamily C member 18,targets,DrugBank,NCBI,validated,previous_mapping
CHEMBL40,PHENOBARBITAL,DB01174,Phenobarbital,P33261,1557,CYP2C19,HGNC:2621,CYP2C19,cytochrome P450 family 2 subfamily C member 19,targets,DrugBank,NCBI,validated,previous_mapping
CHEMBL40,PHENOBARBITAL,DB01174,Phenobarbital,P33527,4363,ABCC1,HGNC:51,ABCC1,ATP binding cassette subfamily C member 1 (ABCC1 blood group),targets,DrugBank,NCBI,validated,previous_mapping
CHEMBL40,PHENOBARBITAL,DB01174,Phenobarbital,P36544,1139,CHRNA7,HGNC:1960,CHRNA7,cholinergic receptor nicotinic alpha 7 subunit,targets,DrugBank,NCBI,validated,previous_mapping
CHEMBL40,PHENOBARBITAL,DB01174,Phenobarbital,P42262,2891,GRIA2,HGNC:4572,GRIA2,glutamate ionotropic receptor AMPA type subunit 2,targets,DrugBank,NCBI,validated,previous_mapping
CHEMBL40,PHENOBARBITAL,DB01174,Phenobarbital,P43681,1137,CHRNA4,HGNC:1958,CHRNA4,cholinergic receptor nicotinic alpha 4 subunit,targets,DrugBank,NCBI,validated,previous_mapping
CHEMBL40,PHENOBARBITAL,DB01174,Phenobarbital,Q05586,2902,GRIN1,HGNC:4584,GRIN1,glutamate ionotropic receptor NMDA type subunit 1,targets,DrugBank,NCBI,validated,previous_mapping
CHEMBL40,PHENOBARBITAL,DB01174,Phenobarbital,Q12879,2903,GRIN2A,HGNC:4585,GRIN2A,glutamate ionotropic receptor NMDA type subunit 2A,targets,DrugBank,NCBI,validated,previous_mapping
CHEMBL40,PHENOBARBITAL,DB01174,Phenobarbital,Q13002,2898,GRIK2,HGNC:4580,GRIK2,glutamate ionotropic receptor kainate type subunit 2,targets,DrugBank,NCBI,validated,previous_mapping
CHEMBL40,PHENOBARBITAL,DB01174,Phenobarbital,Q13224,2904,GRIN2B,HGNC:4586,GRIN2B,glutamate ionotropic receptor NMDA type subunit 2B,targets,DrugBank,NCBI,validated,previous_mapping
CHEMBL40,PHENOBARBITAL,DB01174,Phenobarbital,Q14957,2905,GRIN2C,HGNC:4587,GRIN2C,glutamate ionotropic receptor NMDA type subunit 2C,targets,DrugBank,NCBI,validated,previous_mapping
CHEMBL40,PHENOBARBITAL,DB01174,Phenobarbital,Q8TCU5,116443,GRIN3A,HGNC:16767,GRIN3A,glutamate ionotropic receptor NMDA type subunit 3A,targets,DrugBank,NCBI,validated,previous_mapping
CHEMBL40,PHENOBARBITAL,DB01174,Phenobarbital,Q92887,1244,ABCC2,HGNC:53,ABCC2,ATP binding cassette subfamily C member 2,targets,DrugBank,NCBI,validated,previous_mapping
CHEMBL40,PHENOBARBITAL,DB01174,Phenobarbital,Q92959,6578,SLCO2A1,HGNC:10955,SLCO2A1,solute carrier organic anion transporter family member 2A1,targets,DrugBank,NCBI,validated,previous_mapping
CHEMBL404422,BUTETHAL,DB01353,Butobarbital,P14867,2554,GABRA1,HGNC:4075,GABRA1,gamma-aminobutyric acid type A receptor subunit alpha1,targets,DrugBank,NCBI,validated,previous_mapping
CHEMBL404422,BUTETHAL,DB01353,Butobarbital,P31644,2558,GABRA5,HGNC:4079,GABRA5,gamma-aminobutyric acid type A receptor subunit alpha5,targets,DrugBank,NCBI,validated,previous_mapping
CHEMBL404422,BUTETHAL,DB01353,Butobarbital,P34903,2556,GABRA3,HGNC:4077,GABRA3,gamma-aminobutyric acid type A receptor subunit alpha3,targets,DrugBank,NCBI,validated,previous_mapping
CHEMBL404422,BUTETHAL,DB01353,Butobarbital,P36544,1139,CHRNA7,HGNC:1960,CHRNA7,cholinergic receptor nicotinic alpha 7 subunit,targets,DrugBank,NCBI,validated,previous_mapping
CHEMBL404422,BUTETHAL,DB01353,Butobarbital,P42262,2891,GRIA2,HGNC:4572,GRIA2,glutamate ionotropic receptor AMPA type subunit 2,targets,DrugBank,NCBI,validated,previous_mapping
CHEMBL404422,BUTETHAL,DB01353,Butobarbital,P43681,1137,CHRNA4,HGNC:1958,CHRNA4,cholinergic receptor nicotinic alpha 4 subunit,targets,DrugBank,NCBI,validated,previous_mapping
CHEMBL404422,BUTETHAL,DB01353,Butobarbital,P47869,2555,GABRA2,HGNC:4076,GABRA2,gamma-aminobutyric acid type A receptor subunit alpha2,targets,DrugBank,NCBI,validated,previous_mapping
CHEMBL404422,BUTETHAL,DB01353,Butobarbital,P48169,2557,GABRA4,HGNC:4078,GABRA4,gamma-aminobutyric acid type A receptor subunit alpha4,targets,DrugBank,NCBI,validated,previous_mapping
CHEMBL404422,BUTETHAL,DB01353,Butobarbital,Q13002,2898,GRIK2,HGNC:4580,GRIK2,glutamate ionotropic receptor kainate type subunit 2,targets,DrugBank,NCBI,validated,previous_mapping
CHEMBL404422,BUTETHAL,DB01353,Butobarbital,Q16445,2559,GABRA6,HGNC:4080,GABRA6,gamma-aminobutyric acid type A receptor subunit alpha6,targets,DrugBank,NCBI,validated,previous_mapping
CHEMBL405,AMPHETAMINE,DB00182,Amphetamine,O75751,6581,SLC22A3,HGNC:10967,SLC22A3,solute carrier family 22 member 3,targets,DrugBank,NCBI,validated,previous_mapping
CHEMBL405,AMPHETAMINE,DB00182,Amphetamine,O76082,6584,SLC22A5,HGNC:10969,SLC22A5,solute carrier family 22 member 5,targets,DrugBank,NCBI,validated,previous_mapping
CHEMBL405,AMPHETAMINE,DB00182,Amphetamine,P07550,154,ADRB2,HGNC:286,ADRB2,adrenoceptor beta 2,targets,DrugBank,NCBI,validated,previous_mapping
CHEMBL405,AMPHETAMINE,DB00182,Amphetamine,P08588,153,ADRB1,HGNC:285,ADRB1,adrenoceptor beta 1,targets,DrugBank,NCBI,validated,previous_mapping
CHEMBL405,AMPHETAMINE,DB00182,Amphetamine,P08913,150,ADRA2A,HGNC:281,ADRA2A,adrenoceptor alpha 2A,targets,DrugBank,NCBI,validated,previous_mapping
CHEMBL405,AMPHETAMINE,DB00182,Amphetamine,P10635,1565,CYP2D6,HGNC:2625,CYP2D6,cytochrome P450 family 2 subfamily D member 6 (gene/pseudogene),targets,DrugBank,NCBI,validated,previous_mapping
CHEMBL405,AMPHETAMINE,DB00182,Amphetamine,P11509,1548,CYP2A6,HGNC:2610,CYP2A6,cytochrome P450 family 2 subfamily A member 6,targets,DrugBank,NCBI,validated,previous_mapping
CHEMBL405,AMPHETAMINE,DB00182,Amphetamine,P13945,155,ADRB3,HGNC:288,ADRB3,adrenoceptor beta 3,targets,DrugBank,NCBI,validated,previous_mapping
CHEMBL405,AMPHETAMINE,DB00182,Amphetamine,P14416,1813,DRD2,HGNC:3023,DRD2,dopamine receptor D2,targets,DrugBank,NCBI,validated,previous_mapping
CHEMBL405,AMPHETAMINE,DB00182,Amphetamine,P18089,151,ADRA2B,HGNC:282,ADRA2B,adrenoceptor alpha 2B,targets,DrugBank,NCBI,validated,previous_mapping
CHEMBL405,AMPHETAMINE,DB00182,Amphetamine,P18825,152,ADRA2C,HGNC:283,ADRA2C,adrenoceptor alpha 2C,targets,DrugBank,NCBI,validated,previous_mapping
CHEMBL405,AMPHETAMINE,DB00182,Amphetamine,P21397,4128,MAOA,HGNC:6833,MAOA,monoamine oxidase A,targets,DrugBank,NCBI,validated,previous_mapping
CHEMBL405,AMPHETAMINE,DB00182,Amphetamine,P23975,6530,SLC6A2,HGNC:11048,SLC6A2,solute carrier family 6 member 2,targets,DrugBank,NCBI,validated,previous_mapping
CHEMBL405,AMPHETAMINE,DB00182,Amphetamine,P25100,146,ADRA1D,HGNC:280,ADRA1D,adrenoceptor alpha 1D,targets,DrugBank,NCBI,validated,previous_mapping
CHEMBL405,AMPHETAMINE,DB00182,Amphetamine,P27338,4129,MAOB,HGNC:6834,MAOB,monoamine oxidase B,targets,DrugBank,NCBI,validated,previous_mapping
CHEMBL405,AMPHETAMINE,DB00182,Amphetamine,P31645,6532,SLC6A4,HGNC:11050,SLC6A4,solute carrier family 6 member 4,targets,DrugBank,NCBI,validated,previous_mapping
CHEMBL405,AMPHETAMINE,DB00182,Amphetamine,P35348,148,ADRA1A,HGNC:277,ADRA1A,adrenoceptor alpha 1A,targets,DrugBank,NCBI,validated,previous_mapping
CHEMBL405,AMPHETAMINE,DB00182,Amphetamine,P35368,147,ADRA1B,HGNC:278,ADRA1B,adrenoceptor alpha 1B,targets,DrugBank,NCBI,validated,previous_mapping
CHEMBL405,AMPHETAMINE,DB00182,Amphetamine,Q01959,6531,SLC6A3,HGNC:11049,SLC6A3,solute carrier family 6 member 3,targets,DrugBank,NCBI,validated,previous_mapping
CHEMBL405,AMPHETAMINE,DB00182,Amphetamine,Q05940,6571,SLC18A2,HGNC:10935,SLC18A2,solute carrier family 18 member A2,targets,DrugBank,NCBI,validated,previous_mapping
CHEMBL405,AMPHETAMINE,DB00182,Amphetamine,Q16568,9607,CARTPT,HGNC:24323,CARTPT,CART prepropeptide,targets,DrugBank,NCBI,validated,previous_mapping
CHEMBL405,AMPHETAMINE,DB00182,Amphetamine,Q96RJ0,134864,TAAR1,HGNC:17734,TAAR1,trace amine associated receptor 1,targets,DrugBank,NCBI,validated,previous_mapping
CHEMBL407,FLUMAZENIL,DB01205,Flumazenil,O00591,2568,GABRP,HGNC:4089,GABRP,gamma-aminobutyric acid type A receptor subunit pi,targets,DrugBank,NCBI,validated,previous_mapping
CHEMBL407,FLUMAZENIL,DB01205,Flumazenil,O14764,2563,GABRD,HGNC:4084,GABRD,gamma-aminobutyric acid type A receptor subunit delta,targets,DrugBank,NCBI,validated,previous_mapping
CHEMBL407,FLUMAZENIL,DB01205,Flumazenil,P14867,2554,GABRA1,HGNC:4075,GABRA1,gamma-aminobutyric acid type A receptor subunit alpha1,targets,DrugBank,NCBI,validated,previous_mapping
CHEMBL407,FLUMAZENIL,DB01205,Flumazenil,P18505,2560,GABRB1,HGNC:4081,GABRB1,gamma-aminobutyric acid type A receptor subunit beta1,targets,DrugBank,NCBI,validated,previous_mapping
CHEMBL407,FLUMAZENIL,DB01205,Flumazenil,P18507,2566,GABRG2,HGNC:4087,GABRG2,gamma-aminobutyric acid type A receptor subunit gamma2,targets,DrugBank,NCBI,validated,previous_mapping
CHEMBL407,FLUMAZENIL,DB01205,Flumazenil,P28472,2562,GABRB3,HGNC:4083,GABRB3,gamma-aminobutyric acid type A receptor subunit beta3,targets,DrugBank,NCBI,validated,previous_mapping
CHEMBL407,FLUMAZENIL,DB01205,Flumazenil,P31644,2558,GABRA5,HGNC:4079,GABRA5,gamma-aminobutyric acid type A receptor subunit alpha5,targets,DrugBank,NCBI,validated,previous_mapping
CHEMBL407,FLUMAZENIL,DB01205,Flumazenil,P34903,2556,GABRA3,HGNC:4077,GABRA3,gamma-aminobutyric acid type A receptor subunit alpha3,targets,DrugBank,NCBI,validated,previous_mapping
CHEMBL407,FLUMAZENIL,DB01205,Flumazenil,P47869,2555,GABRA2,HGNC:4076,GABRA2,gamma-aminobutyric acid type A receptor subunit alpha2,targets,DrugBank,NCBI,validated,previous_mapping
CHEMBL407,FLUMAZENIL,DB01205,Flumazenil,P47870,2561,GABRB2,HGNC:4082,GABRB2,gamma-aminobutyric acid type A receptor subunit beta2,targets,DrugBank,NCBI,validated,previous_mapping
CHEMBL407,FLUMAZENIL,DB01205,Flumazenil,P48169,2557,GABRA4,HGNC:4078,GABRA4,gamma-aminobutyric acid type A receptor subunit alpha4,targets,DrugBank,NCBI,validated,previous_mapping
CHEMBL407,FLUMAZENIL,DB01205,Flumazenil,P78334,2564,GABRE,HGNC:4085,GABRE,gamma-aminobutyric acid type A receptor subunit epsilon,targets,DrugBank,NCBI,validated,previous_mapping
CHEMBL407,FLUMAZENIL,DB01205,Flumazenil,Q16445,2559,GABRA6,HGNC:4080,GABRA6,gamma-aminobutyric acid type A receptor subunit alpha6,targets,DrugBank,NCBI,validated,previous_mapping
CHEMBL407,FLUMAZENIL,DB01205,Flumazenil,Q8N1C3,2565,GABRG1,HGNC:4086,GABRG1,gamma-aminobutyric acid type A receptor subunit gamma1,targets,DrugBank,NCBI,validated,previous_mapping
CHEMBL407,FLUMAZENIL,DB01205,Flumazenil,Q99928,2567,GABRG3,HGNC:4088,GABRG3,gamma-aminobutyric acid type A receptor subunit gamma3,targets,DrugBank,NCBI,validated,previous_mapping
CHEMBL407,FLUMAZENIL,DB01205,Flumazenil,Q9UN88,55879,GABRQ,HGNC:14454,GABRQ,gamma-aminobutyric acid type A receptor subunit theta,targets,DrugBank,NCBI,validated,previous_mapping
CHEMBL41,FLUOXETINE,DB00472,Fluoxetine,P02763,5004,ORM1,HGNC:8498,ORM1,orosomucoid 1,targets,DrugBank,NCBI,validated,previous_mapping
CHEMBL41,FLUOXETINE,DB00472,Fluoxetine,P02768,213,ALB,HGNC:399,ALB,albumin,targets,DrugBank,NCBI,validated,previous_mapping
CHEMBL41,FLUOXETINE,DB00472,Fluoxetine,P05177,1544,CYP1A2,HGNC:2596,CYP1A2,cytochrome P450 family 1 subfamily A member 2,targets,DrugBank,NCBI,validated,previous_mapping
CHEMBL41,FLUOXETINE,DB00472,Fluoxetine,P08183,5243,ABCB1,HGNC:40,ABCB1,ATP binding cassette subfamily B member 1,targets,DrugBank,NCBI,validated,previous_mapping
CHEMBL41,FLUOXETINE,DB00472,Fluoxetine,P08684,1576,CYP3A4,HGNC:2637,CYP3A4,cytochrome P450 family 3 subfamily A member 4,targets,DrugBank,NCBI,validated,previous_mapping
CHEMBL41,FLUOXETINE,DB00472,Fluoxetine,P10635,1565,CYP2D6,HGNC:2625,CYP2D6,cytochrome P450 family 2 subfamily D member 6 (gene/pseudogene),targets,DrugBank,NCBI,validated,previous_mapping
CHEMBL41,FLUOXETINE,DB00472,Fluoxetine,P11712,1559,CYP2C9,HGNC:2623,CYP2C9,cytochrome P450 family 2 subfamily C member 9,targets,DrugBank,NCBI,validated,previous_mapping
CHEMBL41,FLUOXETINE,DB00472,Fluoxetine,P20813,1555,CYP2B6,HGNC:2615,CYP2B6,cytochrome P450 family 2 subfamily B member 6,targets,DrugBank,NCBI,validated,previous_mapping
CHEMBL41,FLUOXETINE,DB00472,Fluoxetine,P20815,1577,CYP3A5,HGNC:2638,CYP3A5,cytochrome P450 family 3 subfamily A member 5,targets,DrugBank,NCBI,validated,previous_mapping
CHEMBL41,FLUOXETINE,DB00472,Fluoxetine,P28335,3358,HTR2C,HGNC:5295,HTR2C,5-hydroxytryptamine receptor 2C,targets,DrugBank,NCBI,validated,previous_mapping
CHEMBL41,FLUOXETINE,DB00472,Fluoxetine,P30926,1143,CHRNB4,HGNC:1964,CHRNB4,cholinergic receptor nicotinic beta 4 subunit,targets,DrugBank,NCBI,validated,previous_mapping
CHEMBL41,FLUOXETINE,DB00472,Fluoxetine,P31645,6532,SLC6A4,HGNC:11050,SLC6A4,solute carrier family 6 member 4,targets,DrugBank,NCBI,validated,previous_mapping
CHEMBL41,FLUOXETINE,DB00472,Fluoxetine,P32297,1136,CHRNA3,HGNC:1957,CHRNA3,cholinergic receptor nicotinic alpha 3 subunit,targets,DrugBank,NCBI,validated,previous_mapping
CHEMBL41,FLUOXETINE,DB00472,Fluoxetine,P33261,1557,CYP2C19,HGNC:2621,CYP2C19,cytochrome P450 family 2 subfamily C member 19,targets,DrugBank,NCBI,validated,previous_mapping
CHEMBL41,FLUOXETINE,DB00472,Fluoxetine,P61024,1163,CKS1B,HGNC:19083,CKS1B,CDC28 protein kinase regulatory subunit 1B,targets,DrugBank,NCBI,validated,previous_mapping
CHEMBL41,FLUOXETINE,DB00472,Fluoxetine,Q12809,3757,KCNH2,HGNC:6251,KCNH2,potassium voltage-gated channel subfamily H member 2,targets,DrugBank,NCBI,validated,previous_mapping
CHEMBL41,FLUOXETINE,DB00472,Fluoxetine,Q15822,1135,CHRNA2,HGNC:1956,CHRNA2,cholinergic receptor nicotinic alpha 2 subunit,targets,DrugBank,NCBI,validated,previous_mapping
CHEMBL411,DIETHYLSTILBESTROL,DB00255,Diethylstilbestrol,O75469,8856,NR1I2,HGNC:7968,NR1I2,nuclear receptor subfamily 1 group I member 2,targets,DrugBank,NCBI,validated,previous_mapping
CHEMBL411,DIETHYLSTILBESTROL,DB00255,Diethylstilbestrol,O94956,11309,SLCO2B1,HGNC:10962,SLCO2B1,solute carrier organic anion transporter family member 2B1,targets,DrugBank,NCBI,validated,previous_mapping
CHEMBL411,DIETHYLSTILBESTROL,DB00255,Diethylstilbestrol,O95342,8647,ABCB11,HGNC:42,ABCB11,ATP binding cassette subfamily B member 11,targets,DrugBank,NCBI,validated,previous_mapping
CHEMBL411,DIETHYLSTILBESTROL,DB00255,Diethylstilbestrol,O95718,2103,ESRRB,HGNC:3473,ESRRB,estrogen related receptor beta,targets,DrugBank,NCBI,validated,previous_mapping
CHEMBL411,DIETHYLSTILBESTROL,DB00255,Diethylstilbestrol,P02766,7276,TTR,HGNC:12405,TTR,transthyretin,targets,DrugBank,NCBI,validated,previous_mapping
CHEMBL411,DIETHYLSTILBESTROL,DB00255,Diethylstilbestrol,P03372,2099,ESR1,HGNC:3467,ESR1,estrogen receptor 1,targets,DrugBank,NCBI,validated,previous_mapping
CHEMBL411,DIETHYLSTILBESTROL,DB00255,Diethylstilbestrol,P04278,6462,SHBG,HGNC:10839,SHBG,sex hormone binding globulin,targets,DrugBank,NCBI,validated,previous_mapping
CHEMBL411,DIETHYLSTILBESTROL,DB00255,Diethylstilbestrol,P05181,1571,CYP2E1,HGNC:2631,CYP2E1,cytochrome P450 family 2 subfamily E member 1,targets,DrugBank,NCBI,validated,previous_mapping
CHEMBL411,DIETHYLSTILBESTROL,DB00255,Diethylstilbestrol,P08183,5243,ABCB1,HGNC:40,ABCB1,ATP binding cassette subfamily B member 1,targets,DrugBank,NCBI,validated,previous_mapping
CHEMBL411,DIETHYLSTILBESTROL,DB00255,Diethylstilbestrol,P08684,1576,CYP3A4,HGNC:2637,CYP3A4,cytochrome P450 family 3 subfamily A member 4,targets,DrugBank,NCBI,validated,previous_mapping
CHEMBL411,DIETHYLSTILBESTROL,DB00255,Diethylstilbestrol,P10275,367,AR,HGNC:644,AR,androgen receptor,targets,DrugBank,NCBI,validated,previous_mapping
CHEMBL411,DIETHYLSTILBESTROL,DB00255,Diethylstilbestrol,P10632,1558,CYP2C8,HGNC:2622,CYP2C8,cytochrome P450 family 2 subfamily C member 8,targets,DrugBank,NCBI,validated,previous_mapping
CHEMBL411,DIETHYLSTILBESTROL,DB00255,Diethylstilbestrol,P11474,2101,ESRRA,HGNC:3471,ESRRA,estrogen related receptor alpha,targets,DrugBank,NCBI,validated,previous_mapping
CHEMBL411,DIETHYLSTILBESTROL,DB00255,Diethylstilbestrol,P11511,1588,CYP19A1,HGNC:2594,CYP19A1,cytochrome P450 family 19 subfamily A member 1,targets,DrugBank,NCBI,validated,previous_mapping
CHEMBL411,DIETHYLSTILBESTROL,DB00255,Diethylstilbestrol,P11712,1559,CYP2C9,HGNC:2623,CYP2C9,cytochrome P450 family 2 subfamily C member 9,targets,DrugBank,NCBI,validated,previous_mapping
CHEMBL411,DIETHYLSTILBESTROL,DB00255,Diethylstilbestrol,P21964,1312,COMT,HGNC:2228,COMT,catechol-O-methyltransferase,targets,DrugBank,NCBI,validated,previous_mapping
CHEMBL411,DIETHYLSTILBESTROL,DB00255,Diethylstilbestrol,P62508,2104,ESRRG,HGNC:3474,ESRRG,estrogen related receptor gamma,targets,DrugBank,NCBI,validated,previous_mapping
CHEMBL411,DIETHYLSTILBESTROL,DB00255,Diethylstilbestrol,Q15596,10499,NCOA2,HGNC:7669,NCOA2,nuclear receptor coactivator 2,targets,DrugBank,NCBI,validated,previous_mapping
CHEMBL411,DIETHYLSTILBESTROL,DB00255,Diethylstilbestrol,Q92731,2100,ESR2,HGNC:3468,ESR2,estrogen receptor 2,targets,DrugBank,NCBI,validated,previous_mapping
CHEMBL411,DIETHYLSTILBESTROL,DB00255,Diethylstilbestrol,Q9UNQ0,9429,ABCG2,HGNC:74,ABCG2,ATP binding cassette subfamily G member 2 (JR blood group),targets,DrugBank,NCBI,validated,previous_mapping
CHEMBL411,DIETHYLSTILBESTROL,DB00255,Diethylstilbestrol,Q9Y6L6,10599,SLCO1B1,HGNC:10959,SLCO1B1,solute carrier organic anion transporter family member 1B1,targets,DrugBank,NCBI,validated,previous_mapping
CHEMBL413,SIROLIMUS,DB00877,Sirolimus,P08183,5243,ABCB1,HGNC:40,ABCB1,ATP binding cassette subfamily B member 1,targets,DrugBank,NCBI,validated,previous_mapping
CHEMBL413,SIROLIMUS,DB00877,Sirolimus,P08684,1576,CYP3A4,HGNC:2637,CYP3A4,cytochrome P450 family 3 subfamily A member 4,targets,DrugBank,NCBI,validated,previous_mapping
CHEMBL413,SIROLIMUS,DB00877,Sirolimus,P09038,2247,FGF2,HGNC:3676,FGF2,fibroblast growth factor 2,targets,DrugBank,NCBI,validated,previous_mapping
CHEMBL413,SIROLIMUS,DB00877,Sirolimus,P20815,1577,CYP3A5,HGNC:2638,CYP3A5,cytochrome P450 family 3 subfamily A member 5,targets,DrugBank,NCBI,validated,previous_mapping
CHEMBL413,SIROLIMUS,DB00877,Sirolimus,P24462,1551,CYP3A7,HGNC:2640,CYP3A7,cytochrome P450 family 3 subfamily A member 7,targets,DrugBank,NCBI,validated,previous_mapping
CHEMBL413,SIROLIMUS,DB00877,Sirolimus,P42345,2475,MTOR,HGNC:3942,MTOR,mechanistic target of rapamycin kinase,targets,DrugBank,NCBI,validated,previous_mapping
CHEMBL413,SIROLIMUS,DB00877,Sirolimus,P62942,2280,FKBP1A,HGNC:3711,FKBP1A,FKBP prolyl isomerase 1A,targets,DrugBank,NCBI,validated,previous_mapping
CHEMBL413,SIROLIMUS,DB00877,Sirolimus,Q96FL8,55244,SLC47A1,HGNC:25588,SLC47A1,solute carrier family 47 member 1,targets,DrugBank,NCBI,validated,previous_mapping
CHEMBL413,SIROLIMUS,DB00877,Sirolimus,Q9Y6L6,10599,SLCO1B1,HGNC:10959,SLCO1B1,solute carrier organic anion transporter family member 1B1,targets,DrugBank,NCBI,validated,previous_mapping
CHEMBL415,CLOMIPRAMINE,DB01242,Clomipramine,P02768,213,ALB,HGNC:399,ALB,albumin,targets,DrugBank,NCBI,validated,previous_mapping
CHEMBL415,CLOMIPRAMINE,DB01242,Clomipramine,P05177,1544,CYP1A2,HGNC:2596,CYP1A2,cytochrome P450 family 1 subfamily A member 2,targets,DrugBank,NCBI,validated,previous_mapping
CHEMBL415,CLOMIPRAMINE,DB01242,Clomipramine,P08183,5243,ABCB1,HGNC:40,ABCB1,ATP binding cassette subfamily B member 1,targets,DrugBank,NCBI,validated,previous_mapping
CHEMBL415,CLOMIPRAMINE,DB01242,Clomipramine,P08684,1576,CYP3A4,HGNC:2637,CYP3A4,cytochrome P450 family 3 subfamily A member 4,targets,DrugBank,NCBI,validated,previous_mapping
CHEMBL415,CLOMIPRAMINE,DB01242,Clomipramine,P09211,2950,GSTP1,HGNC:4638,GSTP1,glutathione S-transferase pi 1,targets,DrugBank,NCBI,validated,previous_mapping
CHEMBL415,CLOMIPRAMINE,DB01242,Clomipramine,P10635,1565,CYP2D6,HGNC:2625,CYP2D6,cytochrome P450 family 2 subfamily D member 6 (gene/pseudogene),targets,DrugBank,NCBI,validated,previous_mapping
CHEMBL415,CLOMIPRAMINE,DB01242,Clomipramine,P23975,6530,SLC6A2,HGNC:11048,SLC6A2,solute carrier family 6 member 2,targets,DrugBank,NCBI,validated,previous_mapping
CHEMBL415,CLOMIPRAMINE,DB01242,Clomipramine,P28223,3356,HTR2A,HGNC:5293,HTR2A,5-hydroxytryptamine receptor 2A,targets,DrugBank,NCBI,validated,previous_mapping
CHEMBL415,CLOMIPRAMINE,DB01242,Clomipramine,P28335,3358,HTR2C,HGNC:5295,HTR2C,5-hydroxytryptamine receptor 2C,targets,DrugBank,NCBI,validated,previous_mapping
CHEMBL415,CLOMIPRAMINE,DB01242,Clomipramine,P31645,6532,SLC6A4,HGNC:11050,SLC6A4,solute carrier family 6 member 4,targets,DrugBank,NCBI,validated,previous_mapping
CHEMBL415,CLOMIPRAMINE,DB01242,Clomipramine,P33261,1557,CYP2C19,HGNC:2621,CYP2C19,cytochrome P450 family 2 subfamily C member 19,targets,DrugBank,NCBI,validated,previous_mapping
CHEMBL415,CLOMIPRAMINE,DB01242,Clomipramine,P41595,3357,HTR2B,HGNC:5294,HTR2B,5-hydroxytryptamine receptor 2B,targets,DrugBank,NCBI,validated,previous_mapping
CHEMBL416956,MEFLOQUINE,DB00358,Mefloquine,P06276,590,BCHE,HGNC:983,BCHE,butyrylcholinesterase,targets,DrugBank,NCBI,validated,previous_mapping
CHEMBL416956,MEFLOQUINE,DB00358,Mefloquine,P08183,5243,ABCB1,HGNC:40,ABCB1,ATP binding cassette subfamily B member 1,targets,DrugBank,NCBI,validated,previous_mapping
CHEMBL416956,MEFLOQUINE,DB00358,Mefloquine,P08684,1576,CYP3A4,HGNC:2637,CYP3A4,cytochrome P450 family 3 subfamily A member 4,targets,DrugBank,NCBI,validated,previous_mapping
CHEMBL416956,MEFLOQUINE,DB00358,Mefloquine,P11511,1588,CYP19A1,HGNC:2594,CYP19A1,cytochrome P450 family 19 subfamily A member 1,targets,DrugBank,NCBI,validated,previous_mapping
CHEMBL416956,MEFLOQUINE,DB00358,Mefloquine,P22303,43,ACHE,HGNC:108,ACHE,acetylcholinesterase (Yt blood group),targets,DrugBank,NCBI,validated,previous_mapping
CHEMBL416956,MEFLOQUINE,DB00358,Mefloquine,P29274,135,ADORA2A,HGNC:263,ADORA2A,adenosine A2a receptor,targets,DrugBank,NCBI,validated,previous_mapping
CHEMBL418995,AMINEPTINE,DB04836,Amineptine,P23975,6530,SLC6A2,HGNC:11048,SLC6A2,solute carrier family 6 member 2,targets,DrugBank,NCBI,validated,previous_mapping
CHEMBL418995,AMINEPTINE,DB04836,Amineptine,P31645,6532,SLC6A4,HGNC:11050,SLC6A4,solute carrier family 6 member 4,targets,DrugBank,NCBI,validated,previous_mapping
CHEMBL42,CLOZAPINE,DB00363,Clozapine,P04798,1543,CYP1A1,HGNC:2595,CYP1A1,cytochrome P450 family 1 subfamily A member 1,targets,DrugBank,NCBI,validated,previous_mapping
CHEMBL42,CLOZAPINE,DB00363,Clozapine,P05177,1544,CYP1A2,HGNC:2596,CYP1A2,cytochrome P450 family 1 subfamily A member 2,targets,DrugBank,NCBI,validated,previous_mapping
CHEMBL42,CLOZAPINE,DB00363,Clozapine,P08172,1129,CHRM2,HGNC:1951,CHRM2,cholinergic receptor muscarinic 2,targets,DrugBank,NCBI,validated,previous_mapping
CHEMBL42,CLOZAPINE,DB00363,Clozapine,P08173,1132,CHRM4,HGNC:1953,CHRM4,cholinergic receptor muscarinic 4,targets,DrugBank,NCBI,validated,previous_mapping
CHEMBL42,CLOZAPINE,DB00363,Clozapine,P08183,5243,ABCB1,HGNC:40,ABCB1,ATP binding cassette subfamily B member 1,targets,DrugBank,NCBI,validated,previous_mapping
CHEMBL42,CLOZAPINE,DB00363,Clozapine,P08684,1576,CYP3A4,HGNC:2637,CYP3A4,cytochrome P450 family 3 subfamily A member 4,targets,DrugBank,NCBI,validated,previous_mapping
CHEMBL42,CLOZAPINE,DB00363,Clozapine,P08908,3350,HTR1A,HGNC:5286,HTR1A,5-hydroxytryptamine receptor 1A,targets,DrugBank,NCBI,validated,previous_mapping
CHEMBL42,CLOZAPINE,DB00363,Clozapine,P08912,1133,CHRM5,HGNC:1954,CHRM5,cholinergic receptor muscarinic 5,targets,DrugBank,NCBI,validated,previous_mapping
CHEMBL42,CLOZAPINE,DB00363,Clozapine,P08913,150,ADRA2A,HGNC:281,ADRA2A,adrenoceptor alpha 2A,targets,DrugBank,NCBI,validated,previous_mapping
CHEMBL42,CLOZAPINE,DB00363,Clozapine,P09211,2950,GSTP1,HGNC:4638,GSTP1,glutathione S-transferase pi 1,targets,DrugBank,NCBI,validated,previous_mapping
CHEMBL42,CLOZAPINE,DB00363,Clozapine,P10632,1558,CYP2C8,HGNC:2622,CYP2C8,cytochrome P450 family 2 subfamily C member 8,targets,DrugBank,NCBI,validated,previous_mapping
CHEMBL42,CLOZAPINE,DB00363,Clozapine,P10635,1565,CYP2D6,HGNC:2625,CYP2D6,cytochrome P450 family 2 subfamily D member 6 (gene/pseudogene),targets,DrugBank,NCBI,validated,previous_mapping
CHEMBL42,CLOZAPINE,DB00363,Clozapine,P11229,1128,CHRM1,HGNC:1950,CHRM1,cholinergic receptor muscarinic 1,targets,DrugBank,NCBI,validated,previous_mapping
CHEMBL42,CLOZAPINE,DB00363,Clozapine,P11509,1548,CYP2A6,HGNC:2610,CYP2A6,cytochrome P450 family 2 subfamily A member 6,targets,DrugBank,NCBI,validated,previous_mapping
CHEMBL42,CLOZAPINE,DB00363,Clozapine,P11712,1559,CYP2C9,HGNC:2623,CYP2C9,cytochrome P450 family 2 subfamily C member 9,targets,DrugBank,NCBI,validated,previous_mapping
CHEMBL42,CLOZAPINE,DB00363,Clozapine,P14416,1813,DRD2,HGNC:3023,DRD2,dopamine receptor D2,targets,DrugBank,NCBI,validated,previous_mapping
CHEMBL42,CLOZAPINE,DB00363,Clozapine,P18089,151,ADRA2B,HGNC:282,ADRA2B,adrenoceptor alpha 2B,targets,DrugBank,NCBI,validated,previous_mapping
CHEMBL42,CLOZAPINE,DB00363,Clozapine,P18825,152,ADRA2C,HGNC:283,ADRA2C,adrenoceptor alpha 2C,targets,DrugBank,NCBI,validated,previous_mapping
CHEMBL42,CLOZAPINE,DB00363,Clozapine,P20309,1131,CHRM3,HGNC:1952,CHRM3,cholinergic receptor muscarinic 3,targets,DrugBank,NCBI,validated,previous_mapping
CHEMBL42,CLOZAPINE,DB00363,Clozapine,P21728,1812,DRD1,HGNC:3020,DRD1,dopamine receptor D1,targets,DrugBank,NCBI,validated,previous_mapping
CHEMBL42,CLOZAPINE,DB00363,Clozapine,P21917,1815,DRD4,HGNC:3025,DRD4,dopamine receptor D4,targets,DrugBank,NCBI,validated,previous_mapping
CHEMBL42,CLOZAPINE,DB00363,Clozapine,P22310,54657,UGT1A4,HGNC:12536,UGT1A4,UDP glucuronosyltransferase family 1 member A4,targets,DrugBank,NCBI,validated,previous_mapping
CHEMBL42,CLOZAPINE,DB00363,Clozapine,P28221,3352,HTR1D,HGNC:5289,HTR1D,5-hydroxytryptamine receptor 1D,targets,DrugBank,NCBI,validated,previous_mapping
CHEMBL42,CLOZAPINE,DB00363,Clozapine,P28222,3351,HTR1B,HGNC:5287,HTR1B,5-hydroxytryptamine receptor 1B,targets,DrugBank,NCBI,validated,previous_mapping
CHEMBL42,CLOZAPINE,DB00363,Clozapine,P28223,3356,HTR2A,HGNC:5293,HTR2A,5-hydroxytryptamine receptor 2A,targets,DrugBank,NCBI,validated,previous_mapping
CHEMBL42,CLOZAPINE,DB00363,Clozapine,P28335,3358,HTR2C,HGNC:5295,HTR2C,5-hydroxytryptamine receptor 2C,targets,DrugBank,NCBI,validated,previous_mapping
CHEMBL42,CLOZAPINE,DB00363,Clozapine,P28566,3354,HTR1E,HGNC:5291,HTR1E,5-hydroxytryptamine receptor 1E,targets,DrugBank,NCBI,validated,previous_mapping
CHEMBL42,CLOZAPINE,DB00363,Clozapine,P31513,2328,FMO3,HGNC:3771,FMO3,flavin containing dimethylaniline monoxygenase 3,targets,DrugBank,NCBI,validated,previous_mapping
CHEMBL42,CLOZAPINE,DB00363,Clozapine,P33261,1557,CYP2C19,HGNC:2621,CYP2C19,cytochrome P450 family 2 subfamily C member 19,targets,DrugBank,NCBI,validated,previous_mapping
CHEMBL42,CLOZAPINE,DB00363,Clozapine,P34969,3363,HTR7,HGNC:5302,HTR7,5-hydroxytryptamine receptor 7,targets,DrugBank,NCBI,validated,previous_mapping
CHEMBL42,CLOZAPINE,DB00363,Clozapine,P35348,148,ADRA1A,HGNC:277,ADRA1A,adrenoceptor alpha 1A,targets,DrugBank,NCBI,validated,previous_mapping
CHEMBL42,CLOZAPINE,DB00363,Clozapine,P35367,3269,HRH1,HGNC:5182,HRH1,histamine receptor H1,targets,DrugBank,NCBI,validated,previous_mapping
CHEMBL42,CLOZAPINE,DB00363,Clozapine,P35368,147,ADRA1B,HGNC:278,ADRA1B,adrenoceptor alpha 1B,targets,DrugBank,NCBI,validated,previous_mapping
CHEMBL42,CLOZAPINE,DB00363,Clozapine,P35462,1814,DRD3,HGNC:3024,DRD3,dopamine receptor D3,targets,DrugBank,NCBI,validated,previous_mapping
CHEMBL42,CLOZAPINE,DB00363,Clozapine,P46098,3359,HTR3A,HGNC:5297,HTR3A,5-hydroxytryptamine receptor 3A,targets,DrugBank,NCBI,validated,previous_mapping
CHEMBL42,CLOZAPINE,DB00363,Clozapine,P50406,3362,HTR6,HGNC:5301,HTR6,5-hydroxytryptamine receptor 6,targets,DrugBank,NCBI,validated,previous_mapping
CHEMBL42,CLOZAPINE,DB00363,Clozapine,Q9H3N8,59340,HRH4,HGNC:17383,HRH4,histamine receptor H4,targets,DrugBank,NCBI,validated,previous_mapping
CHEMBL42,CLOZAPINE,DB00363,Clozapine,Q9NYX4,50632,CALY,HGNC:17938,CALY,calcyon neuron specific vesicular protein,targets,DrugBank,NCBI,validated,previous_mapping
CHEMBL422,TRIFLUOPERAZINE,DB00831,Trifluoperazine,P05177,1544,CYP1A2,HGNC:2596,CYP1A2,cytochrome P450 family 1 subfamily A member 2,targets,DrugBank,NCBI,validated,previous_mapping
CHEMBL422,TRIFLUOPERAZINE,DB00831,Trifluoperazine,P08183,5243,ABCB1,HGNC:40,ABCB1,ATP binding cassette subfamily B member 1,targets,DrugBank,NCBI,validated,previous_mapping
CHEMBL422,TRIFLUOPERAZINE,DB00831,Trifluoperazine,P0DP23,801,CALM1,HGNC:1442,CALM1,calmodulin 1,targets,DrugBank,NCBI,validated,previous_mapping
CHEMBL422,TRIFLUOPERAZINE,DB00831,Trifluoperazine,P14416,1813,DRD2,HGNC:3023,DRD2,dopamine receptor D2,targets,DrugBank,NCBI,validated,previous_mapping
CHEMBL422,TRIFLUOPERAZINE,DB00831,Trifluoperazine,P22310,54657,UGT1A4,HGNC:12536,UGT1A4,UDP glucuronosyltransferase family 1 member A4,targets,DrugBank,NCBI,validated,previous_mapping
CHEMBL422,TRIFLUOPERAZINE,DB00831,Trifluoperazine,P26447,6275,S100A4,HGNC:10494,S100A4,S100 calcium binding protein A4,targets,DrugBank,NCBI,validated,previous_mapping
CHEMBL422,TRIFLUOPERAZINE,DB00831,Trifluoperazine,P35348,148,ADRA1A,HGNC:277,ADRA1A,adrenoceptor alpha 1A,targets,DrugBank,NCBI,validated,previous_mapping
CHEMBL422,TRIFLUOPERAZINE,DB00831,Trifluoperazine,P47989,7498,XDH,HGNC:12805,XDH,xanthine dehydrogenase,targets,DrugBank,NCBI,validated,previous_mapping
CHEMBL422,TRIFLUOPERAZINE,DB00831,Trifluoperazine,P63316,7134,TNNC1,HGNC:11943,TNNC1,"troponin C1, slow skeletal and cardiac type",targets,DrugBank,NCBI,validated,previous_mapping
CHEMBL422,TRIFLUOPERAZINE,DB00831,Trifluoperazine,Q9NYX4,50632,CALY,HGNC:17938,CALY,calcyon neuron specific vesicular protein,targets,DrugBank,NCBI,validated,previous_mapping
CHEMBL423,BETAXOLOL,DB00195,Betaxolol,P05177,1544,CYP1A2,HGNC:2596,CYP1A2,cytochrome P450 family 1 subfamily A member 2,targets,DrugBank,NCBI,validated,previous_mapping
CHEMBL423,BETAXOLOL,DB00195,Betaxolol,P07550,154,ADRB2,HGNC:286,ADRB2,adrenoceptor beta 2,targets,DrugBank,NCBI,validated,previous_mapping
CHEMBL423,BETAXOLOL,DB00195,Betaxolol,P08588,153,ADRB1,HGNC:285,ADRB1,adrenoceptor beta 1,targets,DrugBank,NCBI,validated,previous_mapping
CHEMBL423,BETAXOLOL,DB00195,Betaxolol,P10635,1565,CYP2D6,HGNC:2625,CYP2D6,cytochrome P450 family 2 subfamily D member 6 (gene/pseudogene),targets,DrugBank,NCBI,validated,previous_mapping
CHEMBL428647,PACLITAXEL,DB01229,Paclitaxel,O75469,8856,NR1I2,HGNC:7968,NR1I2,nuclear receptor subfamily 1 group I member 2,targets,DrugBank,NCBI,validated,previous_mapping
CHEMBL428647,PACLITAXEL,DB01229,Paclitaxel,O95342,8647,ABCB11,HGNC:42,ABCB11,ATP binding cassette subfamily B member 11,targets,DrugBank,NCBI,validated,previous_mapping
CHEMBL428647,PACLITAXEL,DB01229,Paclitaxel,P08183,5243,ABCB1,HGNC:40,ABCB1,ATP binding cassette subfamily B member 1,targets,DrugBank,NCBI,validated,previous_mapping
CHEMBL428647,PACLITAXEL,DB01229,Paclitaxel,P08684,1576,CYP3A4,HGNC:2637,CYP3A4,cytochrome P450 family 3 subfamily A member 4,targets,DrugBank,NCBI,validated,previous_mapping
CHEMBL428647,PACLITAXEL,DB01229,Paclitaxel,P10415,596,BCL2,HGNC:990,BCL2,BCL2 apoptosis regulator,targets,DrugBank,NCBI,validated,previous_mapping
CHEMBL428647,PACLITAXEL,DB01229,Paclitaxel,P10632,1558,CYP2C8,HGNC:2622,CYP2C8,cytochrome P450 family 2 subfamily C member 8,targets,DrugBank,NCBI,validated,previous_mapping
CHEMBL428647,PACLITAXEL,DB01229,Paclitaxel,P10636,4137,MAPT,HGNC:6893,MAPT,microtubule associated protein tau,targets,DrugBank,NCBI,validated,previous_mapping
CHEMBL428647,PACLITAXEL,DB01229,Paclitaxel,P11137,4133,MAP2,HGNC:6839,MAP2,microtubule associated protein 2,targets,DrugBank,NCBI,validated,previous_mapping
CHEMBL428647,PACLITAXEL,DB01229,Paclitaxel,P11511,1588,CYP19A1,HGNC:2594,CYP19A1,cytochrome P450 family 19 subfamily A member 1,targets,DrugBank,NCBI,validated,previous_mapping
CHEMBL428647,PACLITAXEL,DB01229,Paclitaxel,P20815,1577,CYP3A5,HGNC:2638,CYP3A5,cytochrome P450 family 3 subfamily A member 5,targets,DrugBank,NCBI,validated,previous_mapping
CHEMBL428647,PACLITAXEL,DB01229,Paclitaxel,P24462,1551,CYP3A7,HGNC:2640,CYP3A7,cytochrome P450 family 3 subfamily A member 7,targets,DrugBank,NCBI,validated,previous_mapping
CHEMBL428647,PACLITAXEL,DB01229,Paclitaxel,P27816,4134,MAP4,HGNC:6862,MAP4,microtubule associated protein 4,targets,DrugBank,NCBI,validated,previous_mapping
CHEMBL428647,PACLITAXEL,DB01229,Paclitaxel,P33527,4363,ABCC1,HGNC:51,ABCC1,ATP binding cassette subfamily C member 1 (ABCC1 blood group),targets,DrugBank,NCBI,validated,previous_mapping
CHEMBL428647,PACLITAXEL,DB01229,Paclitaxel,Q16678,1545,CYP1B1,HGNC:2597,CYP1B1,cytochrome P450 family 1 subfamily B member 1,targets,DrugBank,NCBI,validated,previous_mapping
CHEMBL428647,PACLITAXEL,DB01229,Paclitaxel,Q5T3U5,89845,ABCC10,HGNC:52,ABCC10,ATP binding cassette subfamily C member 10,targets,DrugBank,NCBI,validated,previous_mapping
CHEMBL428647,PACLITAXEL,DB01229,Paclitaxel,Q92887,1244,ABCC2,HGNC:53,ABCC2,ATP binding cassette subfamily C member 2,targets,DrugBank,NCBI,validated,previous_mapping
CHEMBL428647,PACLITAXEL,DB01229,Paclitaxel,Q9H4B7,81027,TUBB1,HGNC:16257,TUBB1,tubulin beta 1 class VI,targets,DrugBank,NCBI,validated,previous_mapping
CHEMBL428647,PACLITAXEL,DB01229,Paclitaxel,Q9NPD5,28234,SLCO1B3,HGNC:10961,SLCO1B3,solute carrier organic anion transporter family member 1B3,targets,DrugBank,NCBI,validated,previous_mapping
CHEMBL429,LABETALOL,DB00598,Labetalol,O60656,54600,UGT1A9,HGNC:12541,UGT1A9,UDP glucuronosyltransferase family 1 member A9,targets,DrugBank,NCBI,validated,previous_mapping
CHEMBL429,LABETALOL,DB00598,Labetalol,P02763,5004,ORM1,HGNC:8498,ORM1,orosomucoid 1,targets,DrugBank,NCBI,validated,previous_mapping
CHEMBL429,LABETALOL,DB00598,Labetalol,P02768,213,ALB,HGNC:399,ALB,albumin,targets,DrugBank,NCBI,validated,previous_mapping
CHEMBL429,LABETALOL,DB00598,Labetalol,P07550,154,ADRB2,HGNC:286,ADRB2,adrenoceptor beta 2,targets,DrugBank,NCBI,validated,previous_mapping
CHEMBL429,LABETALOL,DB00598,Labetalol,P08588,153,ADRB1,HGNC:285,ADRB1,adrenoceptor beta 1,targets,DrugBank,NCBI,validated,previous_mapping
CHEMBL429,LABETALOL,DB00598,Labetalol,P10635,1565,CYP2D6,HGNC:2625,CYP2D6,cytochrome P450 family 2 subfamily D member 6 (gene/pseudogene),targets,DrugBank,NCBI,validated,previous_mapping
CHEMBL429,LABETALOL,DB00598,Labetalol,P16662,7364,UGT2B7,HGNC:12554,UGT2B7,UDP glucuronosyltransferase family 2 member B7,targets,DrugBank,NCBI,validated,previous_mapping
CHEMBL429,LABETALOL,DB00598,Labetalol,P19652,5005,ORM2,HGNC:8499,ORM2,orosomucoid 2,targets,DrugBank,NCBI,validated,previous_mapping
CHEMBL429,LABETALOL,DB00598,Labetalol,P22309,54658,UGT1A1,HGNC:12530,UGT1A1,UDP glucuronosyltransferase family 1 member A1,targets,DrugBank,NCBI,validated,previous_mapping
CHEMBL429,LABETALOL,DB00598,Labetalol,P25100,146,ADRA1D,HGNC:280,ADRA1D,adrenoceptor alpha 1D,targets,DrugBank,NCBI,validated,previous_mapping
CHEMBL429,LABETALOL,DB00598,Labetalol,P33261,1557,CYP2C19,HGNC:2621,CYP2C19,cytochrome P450 family 2 subfamily C member 19,targets,DrugBank,NCBI,validated,previous_mapping
CHEMBL429,LABETALOL,DB00598,Labetalol,P35348,148,ADRA1A,HGNC:277,ADRA1A,adrenoceptor alpha 1A,targets,DrugBank,NCBI,validated,previous_mapping
CHEMBL429,LABETALOL,DB00598,Labetalol,P35368,147,ADRA1B,HGNC:278,ADRA1B,adrenoceptor alpha 1B,targets,DrugBank,NCBI,validated,previous_mapping
CHEMBL429,LABETALOL,DB00598,Labetalol,Q2M3G0,340273,ABCB5,HGNC:46,ABCB5,ATP binding cassette subfamily B member 5,targets,DrugBank,NCBI,validated,previous_mapping
CHEMBL4297756,FREMANEZUMAB,DB14041,Fremanezumab,P10092,797,CALCB,HGNC:1438,CALCB,calcitonin related polypeptide beta,targets,DrugBank,NCBI,validated,previous_mapping
CHEMBL430,GEMIFLOXACIN,DB01155,Gemifloxacin,P05177,1544,CYP1A2,HGNC:2596,CYP1A2,cytochrome P450 family 1 subfamily A member 2,targets,DrugBank,NCBI,validated,previous_mapping
CHEMBL431770,ISTRADEFYLLINE,DB11757,Istradefylline,P02763,5004,ORM1,HGNC:8498,ORM1,orosomucoid 1,targets,DrugBank,NCBI,validated,previous_mapping
CHEMBL431770,ISTRADEFYLLINE,DB11757,Istradefylline,P02768,213,ALB,HGNC:399,ALB,albumin,targets,DrugBank,NCBI,validated,previous_mapping
CHEMBL431770,ISTRADEFYLLINE,DB11757,Istradefylline,P04798,1543,CYP1A1,HGNC:2595,CYP1A1,cytochrome P450 family 1 subfamily A member 1,targets,DrugBank,NCBI,validated,previous_mapping
CHEMBL431770,ISTRADEFYLLINE,DB11757,Istradefylline,P05177,1544,CYP1A2,HGNC:2596,CYP1A2,cytochrome P450 family 1 subfamily A member 2,targets,DrugBank,NCBI,validated,previous_mapping
CHEMBL431770,ISTRADEFYLLINE,DB11757,Istradefylline,P08183,5243,ABCB1,HGNC:40,ABCB1,ATP binding cassette subfamily B member 1,targets,DrugBank,NCBI,validated,previous_mapping
CHEMBL431770,ISTRADEFYLLINE,DB11757,Istradefylline,P08684,1576,CYP3A4,HGNC:2637,CYP3A4,cytochrome P450 family 3 subfamily A member 4,targets,DrugBank,NCBI,validated,previous_mapping
CHEMBL431770,ISTRADEFYLLINE,DB11757,Istradefylline,P09086,5452,POU2F2,HGNC:9213,POU2F2,POU class 2 homeobox 2,targets,DrugBank,NCBI,validated,previous_mapping
CHEMBL431770,ISTRADEFYLLINE,DB11757,Istradefylline,P10632,1558,CYP2C8,HGNC:2622,CYP2C8,cytochrome P450 family 2 subfamily C member 8,targets,DrugBank,NCBI,validated,previous_mapping
CHEMBL431770,ISTRADEFYLLINE,DB11757,Istradefylline,P10635,1565,CYP2D6,HGNC:2625,CYP2D6,cytochrome P450 family 2 subfamily D member 6 (gene/pseudogene),targets,DrugBank,NCBI,validated,previous_mapping
CHEMBL431770,ISTRADEFYLLINE,DB11757,Istradefylline,P11712,1559,CYP2C9,HGNC:2623,CYP2C9,cytochrome P450 family 2 subfamily C member 9,targets,DrugBank,NCBI,validated,previous_mapping
CHEMBL431770,ISTRADEFYLLINE,DB11757,Istradefylline,P19652,5005,ORM2,HGNC:8499,ORM2,orosomucoid 2,targets,DrugBank,NCBI,validated,previous_mapping
CHEMBL431770,ISTRADEFYLLINE,DB11757,Istradefylline,P20813,1555,CYP2B6,HGNC:2615,CYP2B6,cytochrome P450 family 2 subfamily B member 6,targets,DrugBank,NCBI,validated,previous_mapping
CHEMBL431770,ISTRADEFYLLINE,DB11757,Istradefylline,P20815,1577,CYP3A5,HGNC:2638,CYP3A5,cytochrome P450 family 3 subfamily A member 5,targets,DrugBank,NCBI,validated,previous_mapping
CHEMBL431770,ISTRADEFYLLINE,DB11757,Istradefylline,P24462,1551,CYP3A7,HGNC:2640,CYP3A7,cytochrome P450 family 3 subfamily A member 7,targets,DrugBank,NCBI,validated,previous_mapping
CHEMBL431770,ISTRADEFYLLINE,DB11757,Istradefylline,P29274,135,ADORA2A,HGNC:263,ADORA2A,adenosine A2a receptor,targets,DrugBank,NCBI,validated,previous_mapping
CHEMBL431770,ISTRADEFYLLINE,DB11757,Istradefylline,P30542,134,ADORA1,HGNC:262,ADORA1,adenosine A1 receptor,targets,DrugBank,NCBI,validated,previous_mapping
CHEMBL431770,ISTRADEFYLLINE,DB11757,Istradefylline,P33260,1562,CYP2C18,HGNC:2620,CYP2C18,cytochrome P450 family 2 subfamily C member 18,targets,DrugBank,NCBI,validated,previous_mapping
CHEMBL431770,ISTRADEFYLLINE,DB11757,Istradefylline,Q4U2R8,9356,SLC22A6,HGNC:10970,SLC22A6,solute carrier family 22 member 6,targets,DrugBank,NCBI,validated,previous_mapping
CHEMBL431770,ISTRADEFYLLINE,DB11757,Istradefylline,Q86VL8,146802,SLC47A2,HGNC:26439,SLC47A2,solute carrier family 47 member 2,targets,DrugBank,NCBI,validated,previous_mapping
CHEMBL431770,ISTRADEFYLLINE,DB11757,Istradefylline,Q96FL8,55244,SLC47A1,HGNC:25588,SLC47A1,solute carrier family 47 member 1,targets,DrugBank,NCBI,validated,previous_mapping
CHEMBL431770,ISTRADEFYLLINE,DB11757,Istradefylline,Q9HB55,64816,CYP3A43,HGNC:17450,CYP3A43,cytochrome P450 family 3 subfamily A member 43,targets,DrugBank,NCBI,validated,previous_mapping
CHEMBL431770,ISTRADEFYLLINE,DB11757,Istradefylline,Q9NPD5,28234,SLCO1B3,HGNC:10961,SLCO1B3,solute carrier organic anion transporter family member 1B3,targets,DrugBank,NCBI,validated,previous_mapping
CHEMBL431770,ISTRADEFYLLINE,DB11757,Istradefylline,Q9UNQ0,9429,ABCG2,HGNC:74,ABCG2,ATP binding cassette subfamily G member 2 (JR blood group),targets,DrugBank,NCBI,validated,previous_mapping
CHEMBL431770,ISTRADEFYLLINE,DB11757,Istradefylline,Q9Y6L6,10599,SLCO1B1,HGNC:10959,SLCO1B1,solute carrier organic anion transporter family member 1B1,targets,DrugBank,NCBI,validated,previous_mapping
CHEMBL435,HYDROCHLOROTHIAZIDE,DB00999,Hydrochlorothiazide,O15439,10257,ABCC4,HGNC:55,ABCC4,ATP binding cassette subfamily C member 4 (PEL blood group),targets,DrugBank,NCBI,validated,previous_mapping
CHEMBL435,HYDROCHLOROTHIAZIDE,DB00999,Hydrochlorothiazide,P02768,213,ALB,HGNC:399,ALB,albumin,targets,DrugBank,NCBI,validated,previous_mapping
CHEMBL435,HYDROCHLOROTHIAZIDE,DB00999,Hydrochlorothiazide,P55017,6559,SLC12A3,HGNC:10912,SLC12A3,solute carrier family 12 member 3,targets,DrugBank,NCBI,validated,previous_mapping
CHEMBL435,HYDROCHLOROTHIAZIDE,DB00999,Hydrochlorothiazide,Q12791,3778,KCNMA1,HGNC:6284,KCNMA1,potassium calcium-activated channel subfamily M alpha 1,targets,DrugBank,NCBI,validated,previous_mapping
CHEMBL435,HYDROCHLOROTHIAZIDE,DB00999,Hydrochlorothiazide,Q4U2R8,9356,SLC22A6,HGNC:10970,SLC22A6,solute carrier family 22 member 6,targets,DrugBank,NCBI,validated,previous_mapping
CHEMBL435,HYDROCHLOROTHIAZIDE,DB00999,Hydrochlorothiazide,Q8TCC7,9376,SLC22A8,HGNC:10972,SLC22A8,solute carrier family 22 member 8,targets,DrugBank,NCBI,validated,previous_mapping
CHEMBL435,HYDROCHLOROTHIAZIDE,DB00999,Hydrochlorothiazide,Q9NSA0,55867,SLC22A11,HGNC:18120,SLC22A11,solute carrier family 22 member 11,targets,DrugBank,NCBI,validated,previous_mapping
CHEMBL43708,IMIPENEM,DB01598,Imipenem,P16444,1800,DPEP1,HGNC:3002,DPEP1,dipeptidase 1,targets,DrugBank,NCBI,validated,previous_mapping
CHEMBL439849,VILAZODONE,DB06684,Vilazodone,P08684,1576,CYP3A4,HGNC:2637,CYP3A4,cytochrome P450 family 3 subfamily A member 4,targets,DrugBank,NCBI,validated,previous_mapping
CHEMBL439849,VILAZODONE,DB06684,Vilazodone,P08908,3350,HTR1A,HGNC:5286,HTR1A,5-hydroxytryptamine receptor 1A,targets,DrugBank,NCBI,validated,previous_mapping
CHEMBL439849,VILAZODONE,DB06684,Vilazodone,P10635,1565,CYP2D6,HGNC:2625,CYP2D6,cytochrome P450 family 2 subfamily D member 6 (gene/pseudogene),targets,DrugBank,NCBI,validated,previous_mapping
CHEMBL439849,VILAZODONE,DB06684,Vilazodone,P31645,6532,SLC6A4,HGNC:11050,SLC6A4,solute carrier family 6 member 4,targets,DrugBank,NCBI,validated,previous_mapping
CHEMBL439849,VILAZODONE,DB06684,Vilazodone,P33261,1557,CYP2C19,HGNC:2621,CYP2C19,cytochrome P450 family 2 subfamily C member 19,targets,DrugBank,NCBI,validated,previous_mapping
CHEMBL441,THIOPENTAL,DB00599,Thiopental,O00519,2166,FAAH,HGNC:3553,FAAH,fatty acid amide hydrolase,targets,DrugBank,NCBI,validated,previous_mapping
CHEMBL441,THIOPENTAL,DB00599,Thiopental,P08684,1576,CYP3A4,HGNC:2637,CYP3A4,cytochrome P450 family 3 subfamily A member 4,targets,DrugBank,NCBI,validated,previous_mapping
CHEMBL441,THIOPENTAL,DB00599,Thiopental,P14867,2554,GABRA1,HGNC:4075,GABRA1,gamma-aminobutyric acid type A receptor subunit alpha1,targets,DrugBank,NCBI,validated,previous_mapping
CHEMBL441,THIOPENTAL,DB00599,Thiopental,P20309,1131,CHRM3,HGNC:1952,CHRM3,cholinergic receptor muscarinic 3,targets,DrugBank,NCBI,validated,previous_mapping
CHEMBL441,THIOPENTAL,DB00599,Thiopental,P20815,1577,CYP3A5,HGNC:2638,CYP3A5,cytochrome P450 family 3 subfamily A member 5,targets,DrugBank,NCBI,validated,previous_mapping
CHEMBL441,THIOPENTAL,DB00599,Thiopental,P24462,1551,CYP3A7,HGNC:2640,CYP3A7,cytochrome P450 family 3 subfamily A member 7,targets,DrugBank,NCBI,validated,previous_mapping
CHEMBL441,THIOPENTAL,DB00599,Thiopental,P31644,2558,GABRA5,HGNC:4079,GABRA5,gamma-aminobutyric acid type A receptor subunit alpha5,targets,DrugBank,NCBI,validated,previous_mapping
CHEMBL441,THIOPENTAL,DB00599,Thiopental,P33261,1557,CYP2C19,HGNC:2621,CYP2C19,cytochrome P450 family 2 subfamily C member 19,targets,DrugBank,NCBI,validated,previous_mapping
CHEMBL441,THIOPENTAL,DB00599,Thiopental,P34903,2556,GABRA3,HGNC:4077,GABRA3,gamma-aminobutyric acid type A receptor subunit alpha3,targets,DrugBank,NCBI,validated,previous_mapping
CHEMBL441,THIOPENTAL,DB00599,Thiopental,P36544,1139,CHRNA7,HGNC:1960,CHRNA7,cholinergic receptor nicotinic alpha 7 subunit,targets,DrugBank,NCBI,validated,previous_mapping
CHEMBL441,THIOPENTAL,DB00599,Thiopental,P42262,2891,GRIA2,HGNC:4572,GRIA2,glutamate ionotropic receptor AMPA type subunit 2,targets,DrugBank,NCBI,validated,previous_mapping
CHEMBL441,THIOPENTAL,DB00599,Thiopental,P43681,1137,CHRNA4,HGNC:1958,CHRNA4,cholinergic receptor nicotinic alpha 4 subunit,targets,DrugBank,NCBI,validated,previous_mapping
CHEMBL441,THIOPENTAL,DB00599,Thiopental,P47869,2555,GABRA2,HGNC:4076,GABRA2,gamma-aminobutyric acid type A receptor subunit alpha2,targets,DrugBank,NCBI,validated,previous_mapping
CHEMBL441,THIOPENTAL,DB00599,Thiopental,P48169,2557,GABRA4,HGNC:4078,GABRA4,gamma-aminobutyric acid type A receptor subunit alpha4,targets,DrugBank,NCBI,validated,previous_mapping
CHEMBL441,THIOPENTAL,DB00599,Thiopental,Q13002,2898,GRIK2,HGNC:4580,GRIK2,glutamate ionotropic receptor kainate type subunit 2,targets,DrugBank,NCBI,validated,previous_mapping
CHEMBL441,THIOPENTAL,DB00599,Thiopental,Q16445,2559,GABRA6,HGNC:4080,GABRA6,gamma-aminobutyric acid type A receptor subunit alpha6,targets,DrugBank,NCBI,validated,previous_mapping
CHEMBL441,THIOPENTAL,DB00599,Thiopental,Q9HB55,64816,CYP3A43,HGNC:17450,CYP3A43,cytochrome P450 family 3 subfamily A member 43,targets,DrugBank,NCBI,validated,previous_mapping
CHEMBL442,ERGOTAMINE,DB00696,Ergotamine,P08183,5243,ABCB1,HGNC:40,ABCB1,ATP binding cassette subfamily B member 1,targets,DrugBank,NCBI,validated,previous_mapping
CHEMBL442,ERGOTAMINE,DB00696,Ergotamine,P08684,1576,CYP3A4,HGNC:2637,CYP3A4,cytochrome P450 family 3 subfamily A member 4,targets,DrugBank,NCBI,validated,previous_mapping
CHEMBL442,ERGOTAMINE,DB00696,Ergotamine,P08908,3350,HTR1A,HGNC:5286,HTR1A,5-hydroxytryptamine receptor 1A,targets,DrugBank,NCBI,validated,previous_mapping
CHEMBL442,ERGOTAMINE,DB00696,Ergotamine,P08913,150,ADRA2A,HGNC:281,ADRA2A,adrenoceptor alpha 2A,targets,DrugBank,NCBI,validated,previous_mapping
CHEMBL442,ERGOTAMINE,DB00696,Ergotamine,P14416,1813,DRD2,HGNC:3023,DRD2,dopamine receptor D2,targets,DrugBank,NCBI,validated,previous_mapping
CHEMBL442,ERGOTAMINE,DB00696,Ergotamine,P18825,152,ADRA2C,HGNC:283,ADRA2C,adrenoceptor alpha 2C,targets,DrugBank,NCBI,validated,previous_mapping
CHEMBL442,ERGOTAMINE,DB00696,Ergotamine,P21728,1812,DRD1,HGNC:3020,DRD1,dopamine receptor D1,targets,DrugBank,NCBI,validated,previous_mapping
CHEMBL442,ERGOTAMINE,DB00696,Ergotamine,P21918,1816,DRD5,HGNC:3026,DRD5,dopamine receptor D5,targets,DrugBank,NCBI,validated,previous_mapping
CHEMBL442,ERGOTAMINE,DB00696,Ergotamine,P25100,146,ADRA1D,HGNC:280,ADRA1D,adrenoceptor alpha 1D,targets,DrugBank,NCBI,validated,previous_mapping
CHEMBL442,ERGOTAMINE,DB00696,Ergotamine,P28221,3352,HTR1D,HGNC:5289,HTR1D,5-hydroxytryptamine receptor 1D,targets,DrugBank,NCBI,validated,previous_mapping
CHEMBL442,ERGOTAMINE,DB00696,Ergotamine,P28222,3351,HTR1B,HGNC:5287,HTR1B,5-hydroxytryptamine receptor 1B,targets,DrugBank,NCBI,validated,previous_mapping
CHEMBL442,ERGOTAMINE,DB00696,Ergotamine,P28223,3356,HTR2A,HGNC:5293,HTR2A,5-hydroxytryptamine receptor 2A,targets,DrugBank,NCBI,validated,previous_mapping
CHEMBL442,ERGOTAMINE,DB00696,Ergotamine,P28335,3358,HTR2C,HGNC:5295,HTR2C,5-hydroxytryptamine receptor 2C,targets,DrugBank,NCBI,validated,previous_mapping
CHEMBL442,ERGOTAMINE,DB00696,Ergotamine,P30939,3355,HTR1F,HGNC:5292,HTR1F,5-hydroxytryptamine receptor 1F,targets,DrugBank,NCBI,validated,previous_mapping
CHEMBL442,ERGOTAMINE,DB00696,Ergotamine,P35348,148,ADRA1A,HGNC:277,ADRA1A,adrenoceptor alpha 1A,targets,DrugBank,NCBI,validated,previous_mapping
CHEMBL442,ERGOTAMINE,DB00696,Ergotamine,P35368,147,ADRA1B,HGNC:278,ADRA1B,adrenoceptor alpha 1B,targets,DrugBank,NCBI,validated,previous_mapping
CHEMBL442,ERGOTAMINE,DB00696,Ergotamine,P41595,3357,HTR2B,HGNC:5294,HTR2B,5-hydroxytryptamine receptor 2B,targets,DrugBank,NCBI,validated,previous_mapping
CHEMBL445,NORTRIPTYLINE,DB00540,Nortriptyline,O00264,10857,PGRMC1,HGNC:16090,PGRMC1,progesterone receptor membrane component 1,targets,DrugBank,NCBI,validated,previous_mapping
CHEMBL445,NORTRIPTYLINE,DB00540,Nortriptyline,P02763,5004,ORM1,HGNC:8498,ORM1,orosomucoid 1,targets,DrugBank,NCBI,validated,previous_mapping
CHEMBL445,NORTRIPTYLINE,DB00540,Nortriptyline,P02768,213,ALB,HGNC:399,ALB,albumin,targets,DrugBank,NCBI,validated,previous_mapping
CHEMBL445,NORTRIPTYLINE,DB00540,Nortriptyline,P05177,1544,CYP1A2,HGNC:2596,CYP1A2,cytochrome P450 family 1 subfamily A member 2,targets,DrugBank,NCBI,validated,previous_mapping
CHEMBL445,NORTRIPTYLINE,DB00540,Nortriptyline,P05181,1571,CYP2E1,HGNC:2631,CYP2E1,cytochrome P450 family 2 subfamily E member 1,targets,DrugBank,NCBI,validated,previous_mapping
CHEMBL445,NORTRIPTYLINE,DB00540,Nortriptyline,P07550,154,ADRB2,HGNC:286,ADRB2,adrenoceptor beta 2,targets,DrugBank,NCBI,validated,previous_mapping
CHEMBL445,NORTRIPTYLINE,DB00540,Nortriptyline,P08172,1129,CHRM2,HGNC:1951,CHRM2,cholinergic receptor muscarinic 2,targets,DrugBank,NCBI,validated,previous_mapping
CHEMBL445,NORTRIPTYLINE,DB00540,Nortriptyline,P08173,1132,CHRM4,HGNC:1953,CHRM4,cholinergic receptor muscarinic 4,targets,DrugBank,NCBI,validated,previous_mapping
CHEMBL445,NORTRIPTYLINE,DB00540,Nortriptyline,P08183,5243,ABCB1,HGNC:40,ABCB1,ATP binding cassette subfamily B member 1,targets,DrugBank,NCBI,validated,previous_mapping
CHEMBL445,NORTRIPTYLINE,DB00540,Nortriptyline,P08588,153,ADRB1,HGNC:285,ADRB1,adrenoceptor beta 1,targets,DrugBank,NCBI,validated,previous_mapping
CHEMBL445,NORTRIPTYLINE,DB00540,Nortriptyline,P08684,1576,CYP3A4,HGNC:2637,CYP3A4,cytochrome P450 family 3 subfamily A member 4,targets,DrugBank,NCBI,validated,previous_mapping
CHEMBL445,NORTRIPTYLINE,DB00540,Nortriptyline,P08908,3350,HTR1A,HGNC:5286,HTR1A,5-hydroxytryptamine receptor 1A,targets,DrugBank,NCBI,validated,previous_mapping
CHEMBL445,NORTRIPTYLINE,DB00540,Nortriptyline,P08912,1133,CHRM5,HGNC:1954,CHRM5,cholinergic receptor muscarinic 5,targets,DrugBank,NCBI,validated,previous_mapping
CHEMBL445,NORTRIPTYLINE,DB00540,Nortriptyline,P08913,150,ADRA2A,HGNC:281,ADRA2A,adrenoceptor alpha 2A,targets,DrugBank,NCBI,validated,previous_mapping
CHEMBL445,NORTRIPTYLINE,DB00540,Nortriptyline,P10635,1565,CYP2D6,HGNC:2625,CYP2D6,cytochrome P450 family 2 subfamily D member 6 (gene/pseudogene),targets,DrugBank,NCBI,validated,previous_mapping
CHEMBL445,NORTRIPTYLINE,DB00540,Nortriptyline,P11229,1128,CHRM1,HGNC:1950,CHRM1,cholinergic receptor muscarinic 1,targets,DrugBank,NCBI,validated,previous_mapping
CHEMBL445,NORTRIPTYLINE,DB00540,Nortriptyline,P13945,155,ADRB3,HGNC:288,ADRB3,adrenoceptor beta 3,targets,DrugBank,NCBI,validated,previous_mapping
CHEMBL445,NORTRIPTYLINE,DB00540,Nortriptyline,P14416,1813,DRD2,HGNC:3023,DRD2,dopamine receptor D2,targets,DrugBank,NCBI,validated,previous_mapping
CHEMBL445,NORTRIPTYLINE,DB00540,Nortriptyline,P18089,151,ADRA2B,HGNC:282,ADRA2B,adrenoceptor alpha 2B,targets,DrugBank,NCBI,validated,previous_mapping
CHEMBL445,NORTRIPTYLINE,DB00540,Nortriptyline,P18825,152,ADRA2C,HGNC:283,ADRA2C,adrenoceptor alpha 2C,targets,DrugBank,NCBI,validated,previous_mapping
CHEMBL445,NORTRIPTYLINE,DB00540,Nortriptyline,P20309,1131,CHRM3,HGNC:1952,CHRM3,cholinergic receptor muscarinic 3,targets,DrugBank,NCBI,validated,previous_mapping
CHEMBL445,NORTRIPTYLINE,DB00540,Nortriptyline,P20815,1577,CYP3A5,HGNC:2638,CYP3A5,cytochrome P450 family 3 subfamily A member 5,targets,DrugBank,NCBI,validated,previous_mapping
CHEMBL445,NORTRIPTYLINE,DB00540,Nortriptyline,P23975,6530,SLC6A2,HGNC:11048,SLC6A2,solute carrier family 6 member 2,targets,DrugBank,NCBI,validated,previous_mapping
CHEMBL445,NORTRIPTYLINE,DB00540,Nortriptyline,P25100,146,ADRA1D,HGNC:280,ADRA1D,adrenoceptor alpha 1D,targets,DrugBank,NCBI,validated,previous_mapping
CHEMBL445,NORTRIPTYLINE,DB00540,Nortriptyline,P28223,3356,HTR2A,HGNC:5293,HTR2A,5-hydroxytryptamine receptor 2A,targets,DrugBank,NCBI,validated,previous_mapping
CHEMBL445,NORTRIPTYLINE,DB00540,Nortriptyline,P28335,3358,HTR2C,HGNC:5295,HTR2C,5-hydroxytryptamine receptor 2C,targets,DrugBank,NCBI,validated,previous_mapping
CHEMBL445,NORTRIPTYLINE,DB00540,Nortriptyline,P31645,6532,SLC6A4,HGNC:11050,SLC6A4,solute carrier family 6 member 4,targets,DrugBank,NCBI,validated,previous_mapping
CHEMBL445,NORTRIPTYLINE,DB00540,Nortriptyline,P33261,1557,CYP2C19,HGNC:2621,CYP2C19,cytochrome P450 family 2 subfamily C member 19,targets,DrugBank,NCBI,validated,previous_mapping
CHEMBL445,NORTRIPTYLINE,DB00540,Nortriptyline,P35348,148,ADRA1A,HGNC:277,ADRA1A,adrenoceptor alpha 1A,targets,DrugBank,NCBI,validated,previous_mapping
CHEMBL445,NORTRIPTYLINE,DB00540,Nortriptyline,P35367,3269,HRH1,HGNC:5182,HRH1,histamine receptor H1,targets,DrugBank,NCBI,validated,previous_mapping
CHEMBL445,NORTRIPTYLINE,DB00540,Nortriptyline,P35368,147,ADRA1B,HGNC:278,ADRA1B,adrenoceptor alpha 1B,targets,DrugBank,NCBI,validated,previous_mapping
CHEMBL445,NORTRIPTYLINE,DB00540,Nortriptyline,Q99720,10280,SIGMAR1,HGNC:8157,SIGMAR1,sigma receptor chaperone 1,targets,DrugBank,NCBI,validated,previous_mapping
CHEMBL447,SECOBARBITAL,DB00418,Secobarbital,O15399,2906,GRIN2D,HGNC:4588,GRIN2D,glutamate ionotropic receptor NMDA type subunit 2D,targets,DrugBank,NCBI,validated,previous_mapping
CHEMBL447,SECOBARBITAL,DB00418,Secobarbital,O60391,116444,GRIN3B,HGNC:16768,GRIN3B,glutamate ionotropic receptor NMDA type subunit 3B,targets,DrugBank,NCBI,validated,previous_mapping
CHEMBL447,SECOBARBITAL,DB00418,Secobarbital,P05177,1544,CYP1A2,HGNC:2596,CYP1A2,cytochrome P450 family 1 subfamily A member 2,targets,DrugBank,NCBI,validated,previous_mapping
CHEMBL447,SECOBARBITAL,DB00418,Secobarbital,P10632,1558,CYP2C8,HGNC:2622,CYP2C8,cytochrome P450 family 2 subfamily C member 8,targets,DrugBank,NCBI,validated,previous_mapping
CHEMBL447,SECOBARBITAL,DB00418,Secobarbital,P11712,1559,CYP2C9,HGNC:2623,CYP2C9,cytochrome P450 family 2 subfamily C member 9,targets,DrugBank,NCBI,validated,previous_mapping
CHEMBL447,SECOBARBITAL,DB00418,Secobarbital,P14867,2554,GABRA1,HGNC:4075,GABRA1,gamma-aminobutyric acid type A receptor subunit alpha1,targets,DrugBank,NCBI,validated,previous_mapping
CHEMBL447,SECOBARBITAL,DB00418,Secobarbital,P31644,2558,GABRA5,HGNC:4079,GABRA5,gamma-aminobutyric acid type A receptor subunit alpha5,targets,DrugBank,NCBI,validated,previous_mapping
CHEMBL447,SECOBARBITAL,DB00418,Secobarbital,P33261,1557,CYP2C19,HGNC:2621,CYP2C19,cytochrome P450 family 2 subfamily C member 19,targets,DrugBank,NCBI,validated,previous_mapping
CHEMBL447,SECOBARBITAL,DB00418,Secobarbital,P34903,2556,GABRA3,HGNC:4077,GABRA3,gamma-aminobutyric acid type A receptor subunit alpha3,targets,DrugBank,NCBI,validated,previous_mapping
CHEMBL447,SECOBARBITAL,DB00418,Secobarbital,P36544,1139,CHRNA7,HGNC:1960,CHRNA7,cholinergic receptor nicotinic alpha 7 subunit,targets,DrugBank,NCBI,validated,previous_mapping
CHEMBL447,SECOBARBITAL,DB00418,Secobarbital,P42262,2891,GRIA2,HGNC:4572,GRIA2,glutamate ionotropic receptor AMPA type subunit 2,targets,DrugBank,NCBI,validated,previous_mapping
CHEMBL447,SECOBARBITAL,DB00418,Secobarbital,P43681,1137,CHRNA4,HGNC:1958,CHRNA4,cholinergic receptor nicotinic alpha 4 subunit,targets,DrugBank,NCBI,validated,previous_mapping
CHEMBL447,SECOBARBITAL,DB00418,Secobarbital,P47869,2555,GABRA2,HGNC:4076,GABRA2,gamma-aminobutyric acid type A receptor subunit alpha2,targets,DrugBank,NCBI,validated,previous_mapping
CHEMBL447,SECOBARBITAL,DB00418,Secobarbital,P48169,2557,GABRA4,HGNC:4078,GABRA4,gamma-aminobutyric acid type A receptor subunit alpha4,targets,DrugBank,NCBI,validated,previous_mapping
CHEMBL447,SECOBARBITAL,DB00418,Secobarbital,Q05586,2902,GRIN1,HGNC:4584,GRIN1,glutamate ionotropic receptor NMDA type subunit 1,targets,DrugBank,NCBI,validated,previous_mapping
CHEMBL447,SECOBARBITAL,DB00418,Secobarbital,Q12879,2903,GRIN2A,HGNC:4585,GRIN2A,glutamate ionotropic receptor NMDA type subunit 2A,targets,DrugBank,NCBI,validated,previous_mapping
CHEMBL447,SECOBARBITAL,DB00418,Secobarbital,Q13002,2898,GRIK2,HGNC:4580,GRIK2,glutamate ionotropic receptor kainate type subunit 2,targets,DrugBank,NCBI,validated,previous_mapping
CHEMBL447,SECOBARBITAL,DB00418,Secobarbital,Q13224,2904,GRIN2B,HGNC:4586,GRIN2B,glutamate ionotropic receptor NMDA type subunit 2B,targets,DrugBank,NCBI,validated,previous_mapping
CHEMBL447,SECOBARBITAL,DB00418,Secobarbital,Q14957,2905,GRIN2C,HGNC:4587,GRIN2C,glutamate ionotropic receptor NMDA type subunit 2C,targets,DrugBank,NCBI,validated,previous_mapping
CHEMBL447,SECOBARBITAL,DB00418,Secobarbital,Q16445,2559,GABRA6,HGNC:4080,GABRA6,gamma-aminobutyric acid type A receptor subunit alpha6,targets,DrugBank,NCBI,validated,previous_mapping
CHEMBL447,SECOBARBITAL,DB00418,Secobarbital,Q8TCU5,116443,GRIN3A,HGNC:16767,GRIN3A,glutamate ionotropic receptor NMDA type subunit 3A,targets,DrugBank,NCBI,validated,previous_mapping
CHEMBL448,PENTOBARBITAL,DB00312,Pentobarbital,O00591,2568,GABRP,HGNC:4089,GABRP,gamma-aminobutyric acid type A receptor subunit pi,targets,DrugBank,NCBI,validated,previous_mapping
CHEMBL448,PENTOBARBITAL,DB00312,Pentobarbital,O14764,2563,GABRD,HGNC:4084,GABRD,gamma-aminobutyric acid type A receptor subunit delta,targets,DrugBank,NCBI,validated,previous_mapping
CHEMBL448,PENTOBARBITAL,DB00312,Pentobarbital,O15399,2906,GRIN2D,HGNC:4588,GRIN2D,glutamate ionotropic receptor NMDA type subunit 2D,targets,DrugBank,NCBI,validated,previous_mapping
CHEMBL448,PENTOBARBITAL,DB00312,Pentobarbital,O60391,116444,GRIN3B,HGNC:16768,GRIN3B,glutamate ionotropic receptor NMDA type subunit 3B,targets,DrugBank,NCBI,validated,previous_mapping
CHEMBL448,PENTOBARBITAL,DB00312,Pentobarbital,O75469,8856,NR1I2,HGNC:7968,NR1I2,nuclear receptor subfamily 1 group I member 2,targets,DrugBank,NCBI,validated,previous_mapping
CHEMBL448,PENTOBARBITAL,DB00312,Pentobarbital,P08684,1576,CYP3A4,HGNC:2637,CYP3A4,cytochrome P450 family 3 subfamily A member 4,targets,DrugBank,NCBI,validated,previous_mapping
CHEMBL448,PENTOBARBITAL,DB00312,Pentobarbital,P11509,1548,CYP2A6,HGNC:2610,CYP2A6,cytochrome P450 family 2 subfamily A member 6,targets,DrugBank,NCBI,validated,previous_mapping
CHEMBL448,PENTOBARBITAL,DB00312,Pentobarbital,P14867,2554,GABRA1,HGNC:4075,GABRA1,gamma-aminobutyric acid type A receptor subunit alpha1,targets,DrugBank,NCBI,validated,previous_mapping
CHEMBL448,PENTOBARBITAL,DB00312,Pentobarbital,P18505,2560,GABRB1,HGNC:4081,GABRB1,gamma-aminobutyric acid type A receptor subunit beta1,targets,DrugBank,NCBI,validated,previous_mapping
CHEMBL448,PENTOBARBITAL,DB00312,Pentobarbital,P18507,2566,GABRG2,HGNC:4087,GABRG2,gamma-aminobutyric acid type A receptor subunit gamma2,targets,DrugBank,NCBI,validated,previous_mapping
CHEMBL448,PENTOBARBITAL,DB00312,Pentobarbital,P28472,2562,GABRB3,HGNC:4083,GABRB3,gamma-aminobutyric acid type A receptor subunit beta3,targets,DrugBank,NCBI,validated,previous_mapping
CHEMBL448,PENTOBARBITAL,DB00312,Pentobarbital,P31644,2558,GABRA5,HGNC:4079,GABRA5,gamma-aminobutyric acid type A receptor subunit alpha5,targets,DrugBank,NCBI,validated,previous_mapping
CHEMBL448,PENTOBARBITAL,DB00312,Pentobarbital,P33261,1557,CYP2C19,HGNC:2621,CYP2C19,cytochrome P450 family 2 subfamily C member 19,targets,DrugBank,NCBI,validated,previous_mapping
CHEMBL448,PENTOBARBITAL,DB00312,Pentobarbital,P34903,2556,GABRA3,HGNC:4077,GABRA3,gamma-aminobutyric acid type A receptor subunit alpha3,targets,DrugBank,NCBI,validated,previous_mapping
CHEMBL448,PENTOBARBITAL,DB00312,Pentobarbital,P36544,1139,CHRNA7,HGNC:1960,CHRNA7,cholinergic receptor nicotinic alpha 7 subunit,targets,DrugBank,NCBI,validated,previous_mapping
CHEMBL448,PENTOBARBITAL,DB00312,Pentobarbital,P42262,2891,GRIA2,HGNC:4572,GRIA2,glutamate ionotropic receptor AMPA type subunit 2,targets,DrugBank,NCBI,validated,previous_mapping
CHEMBL448,PENTOBARBITAL,DB00312,Pentobarbital,P43681,1137,CHRNA4,HGNC:1958,CHRNA4,cholinergic receptor nicotinic alpha 4 subunit,targets,DrugBank,NCBI,validated,previous_mapping
CHEMBL448,PENTOBARBITAL,DB00312,Pentobarbital,P47869,2555,GABRA2,HGNC:4076,GABRA2,gamma-aminobutyric acid type A receptor subunit alpha2,targets,DrugBank,NCBI,validated,previous_mapping
CHEMBL448,PENTOBARBITAL,DB00312,Pentobarbital,P47870,2561,GABRB2,HGNC:4082,GABRB2,gamma-aminobutyric acid type A receptor subunit beta2,targets,DrugBank,NCBI,validated,previous_mapping
CHEMBL448,PENTOBARBITAL,DB00312,Pentobarbital,P48169,2557,GABRA4,HGNC:4078,GABRA4,gamma-aminobutyric acid type A receptor subunit alpha4,targets,DrugBank,NCBI,validated,previous_mapping
CHEMBL448,PENTOBARBITAL,DB00312,Pentobarbital,P78334,2564,GABRE,HGNC:4085,GABRE,gamma-aminobutyric acid type A receptor subunit epsilon,targets,DrugBank,NCBI,validated,previous_mapping
CHEMBL448,PENTOBARBITAL,DB00312,Pentobarbital,Q05586,2902,GRIN1,HGNC:4584,GRIN1,glutamate ionotropic receptor NMDA type subunit 1,targets,DrugBank,NCBI,validated,previous_mapping
CHEMBL448,PENTOBARBITAL,DB00312,Pentobarbital,Q12879,2903,GRIN2A,HGNC:4585,GRIN2A,glutamate ionotropic receptor NMDA type subunit 2A,targets,DrugBank,NCBI,validated,previous_mapping
CHEMBL448,PENTOBARBITAL,DB00312,Pentobarbital,Q13002,2898,GRIK2,HGNC:4580,GRIK2,glutamate ionotropic receptor kainate type subunit 2,targets,DrugBank,NCBI,validated,previous_mapping
CHEMBL448,PENTOBARBITAL,DB00312,Pentobarbital,Q13224,2904,GRIN2B,HGNC:4586,GRIN2B,glutamate ionotropic receptor NMDA type subunit 2B,targets,DrugBank,NCBI,validated,previous_mapping
CHEMBL448,PENTOBARBITAL,DB00312,Pentobarbital,Q14957,2905,GRIN2C,HGNC:4587,GRIN2C,glutamate ionotropic receptor NMDA type subunit 2C,targets,DrugBank,NCBI,validated,previous_mapping
CHEMBL448,PENTOBARBITAL,DB00312,Pentobarbital,Q16445,2559,GABRA6,HGNC:4080,GABRA6,gamma-aminobutyric acid type A receptor subunit alpha6,targets,DrugBank,NCBI,validated,previous_mapping
CHEMBL448,PENTOBARBITAL,DB00312,Pentobarbital,Q8N1C3,2565,GABRG1,HGNC:4086,GABRG1,gamma-aminobutyric acid type A receptor subunit gamma1,targets,DrugBank,NCBI,validated,previous_mapping
CHEMBL448,PENTOBARBITAL,DB00312,Pentobarbital,Q8TCU5,116443,GRIN3A,HGNC:16767,GRIN3A,glutamate ionotropic receptor NMDA type subunit 3A,targets,DrugBank,NCBI,validated,previous_mapping
CHEMBL448,PENTOBARBITAL,DB00312,Pentobarbital,Q99928,2567,GABRG3,HGNC:4088,GABRG3,gamma-aminobutyric acid type A receptor subunit gamma3,targets,DrugBank,NCBI,validated,previous_mapping
CHEMBL448,PENTOBARBITAL,DB00312,Pentobarbital,Q9UN88,55879,GABRQ,HGNC:14454,GABRQ,gamma-aminobutyric acid type A receptor subunit theta,targets,DrugBank,NCBI,validated,previous_mapping
CHEMBL449,BUTABARBITAL,DB00237,Butabarbital,O00591,2568,GABRP,HGNC:4089,GABRP,gamma-aminobutyric acid type A receptor subunit pi,targets,DrugBank,NCBI,validated,previous_mapping
CHEMBL449,BUTABARBITAL,DB00237,Butabarbital,O14764,2563,GABRD,HGNC:4084,GABRD,gamma-aminobutyric acid type A receptor subunit delta,targets,DrugBank,NCBI,validated,previous_mapping
CHEMBL449,BUTABARBITAL,DB00237,Butabarbital,P02768,213,ALB,HGNC:399,ALB,albumin,targets,DrugBank,NCBI,validated,previous_mapping
CHEMBL449,BUTABARBITAL,DB00237,Butabarbital,P11166,6513,SLC2A1,HGNC:11005,SLC2A1,solute carrier family 2 member 1,targets,DrugBank,NCBI,validated,previous_mapping
CHEMBL449,BUTABARBITAL,DB00237,Butabarbital,P14867,2554,GABRA1,HGNC:4075,GABRA1,gamma-aminobutyric acid type A receptor subunit alpha1,targets,DrugBank,NCBI,validated,previous_mapping
CHEMBL449,BUTABARBITAL,DB00237,Butabarbital,P17787,1141,CHRNB2,HGNC:1962,CHRNB2,cholinergic receptor nicotinic beta 2 subunit,targets,DrugBank,NCBI,validated,previous_mapping
CHEMBL449,BUTABARBITAL,DB00237,Butabarbital,P18505,2560,GABRB1,HGNC:4081,GABRB1,gamma-aminobutyric acid type A receptor subunit beta1,targets,DrugBank,NCBI,validated,previous_mapping
CHEMBL449,BUTABARBITAL,DB00237,Butabarbital,P18507,2566,GABRG2,HGNC:4087,GABRG2,gamma-aminobutyric acid type A receptor subunit gamma2,targets,DrugBank,NCBI,validated,previous_mapping
CHEMBL449,BUTABARBITAL,DB00237,Butabarbital,P28472,2562,GABRB3,HGNC:4083,GABRB3,gamma-aminobutyric acid type A receptor subunit beta3,targets,DrugBank,NCBI,validated,previous_mapping
CHEMBL449,BUTABARBITAL,DB00237,Butabarbital,P30532,1138,CHRNA5,HGNC:1959,CHRNA5,cholinergic receptor nicotinic alpha 5 subunit,targets,DrugBank,NCBI,validated,previous_mapping
CHEMBL449,BUTABARBITAL,DB00237,Butabarbital,P30926,1143,CHRNB4,HGNC:1964,CHRNB4,cholinergic receptor nicotinic beta 4 subunit,targets,DrugBank,NCBI,validated,previous_mapping
CHEMBL449,BUTABARBITAL,DB00237,Butabarbital,P31644,2558,GABRA5,HGNC:4079,GABRA5,gamma-aminobutyric acid type A receptor subunit alpha5,targets,DrugBank,NCBI,validated,previous_mapping
CHEMBL449,BUTABARBITAL,DB00237,Butabarbital,P32297,1136,CHRNA3,HGNC:1957,CHRNA3,cholinergic receptor nicotinic alpha 3 subunit,targets,DrugBank,NCBI,validated,previous_mapping
CHEMBL449,BUTABARBITAL,DB00237,Butabarbital,P34903,2556,GABRA3,HGNC:4077,GABRA3,gamma-aminobutyric acid type A receptor subunit alpha3,targets,DrugBank,NCBI,validated,previous_mapping
CHEMBL449,BUTABARBITAL,DB00237,Butabarbital,P36544,1139,CHRNA7,HGNC:1960,CHRNA7,cholinergic receptor nicotinic alpha 7 subunit,targets,DrugBank,NCBI,validated,previous_mapping
CHEMBL449,BUTABARBITAL,DB00237,Butabarbital,P39086,2897,GRIK1,HGNC:4579,GRIK1,glutamate ionotropic receptor kainate type subunit 1,targets,DrugBank,NCBI,validated,previous_mapping
CHEMBL449,BUTABARBITAL,DB00237,Butabarbital,P42261,2890,GRIA1,HGNC:4571,GRIA1,glutamate ionotropic receptor AMPA type subunit 1,targets,DrugBank,NCBI,validated,previous_mapping
CHEMBL449,BUTABARBITAL,DB00237,Butabarbital,P42262,2891,GRIA2,HGNC:4572,GRIA2,glutamate ionotropic receptor AMPA type subunit 2,targets,DrugBank,NCBI,validated,previous_mapping
CHEMBL449,BUTABARBITAL,DB00237,Butabarbital,P42263,2892,GRIA3,HGNC:4573,GRIA3,glutamate ionotropic receptor AMPA type subunit 3,targets,DrugBank,NCBI,validated,previous_mapping
CHEMBL449,BUTABARBITAL,DB00237,Butabarbital,P43681,1137,CHRNA4,HGNC:1958,CHRNA4,cholinergic receptor nicotinic alpha 4 subunit,targets,DrugBank,NCBI,validated,previous_mapping
CHEMBL449,BUTABARBITAL,DB00237,Butabarbital,P47869,2555,GABRA2,HGNC:4076,GABRA2,gamma-aminobutyric acid type A receptor subunit alpha2,targets,DrugBank,NCBI,validated,previous_mapping
CHEMBL449,BUTABARBITAL,DB00237,Butabarbital,P47870,2561,GABRB2,HGNC:4082,GABRB2,gamma-aminobutyric acid type A receptor subunit beta2,targets,DrugBank,NCBI,validated,previous_mapping
CHEMBL449,BUTABARBITAL,DB00237,Butabarbital,P48058,2893,GRIA4,HGNC:4574,GRIA4,glutamate ionotropic receptor AMPA type subunit 4,targets,DrugBank,NCBI,validated,previous_mapping
CHEMBL449,BUTABARBITAL,DB00237,Butabarbital,P48169,2557,GABRA4,HGNC:4078,GABRA4,gamma-aminobutyric acid type A receptor subunit alpha4,targets,DrugBank,NCBI,validated,previous_mapping
CHEMBL449,BUTABARBITAL,DB00237,Butabarbital,P78334,2564,GABRE,HGNC:4085,GABRE,gamma-aminobutyric acid type A receptor subunit epsilon,targets,DrugBank,NCBI,validated,previous_mapping
CHEMBL449,BUTABARBITAL,DB00237,Butabarbital,Q05901,1142,CHRNB3,HGNC:1963,CHRNB3,cholinergic receptor nicotinic beta 3 subunit,targets,DrugBank,NCBI,validated,previous_mapping
CHEMBL449,BUTABARBITAL,DB00237,Butabarbital,Q13002,2898,GRIK2,HGNC:4580,GRIK2,glutamate ionotropic receptor kainate type subunit 2,targets,DrugBank,NCBI,validated,previous_mapping
CHEMBL449,BUTABARBITAL,DB00237,Butabarbital,Q13003,2899,GRIK3,HGNC:4581,GRIK3,glutamate ionotropic receptor kainate type subunit 3,targets,DrugBank,NCBI,validated,previous_mapping
CHEMBL449,BUTABARBITAL,DB00237,Butabarbital,Q15822,1135,CHRNA2,HGNC:1956,CHRNA2,cholinergic receptor nicotinic alpha 2 subunit,targets,DrugBank,NCBI,validated,previous_mapping
CHEMBL449,BUTABARBITAL,DB00237,Butabarbital,Q15825,8973,CHRNA6,HGNC:15963,CHRNA6,cholinergic receptor nicotinic alpha 6 subunit,targets,DrugBank,NCBI,validated,previous_mapping
CHEMBL449,BUTABARBITAL,DB00237,Butabarbital,Q16099,2900,GRIK4,HGNC:4582,GRIK4,glutamate ionotropic receptor kainate type subunit 4,targets,DrugBank,NCBI,validated,previous_mapping
CHEMBL449,BUTABARBITAL,DB00237,Butabarbital,Q16445,2559,GABRA6,HGNC:4080,GABRA6,gamma-aminobutyric acid type A receptor subunit alpha6,targets,DrugBank,NCBI,validated,previous_mapping
CHEMBL449,BUTABARBITAL,DB00237,Butabarbital,Q16478,2901,GRIK5,HGNC:4583,GRIK5,glutamate ionotropic receptor kainate type subunit 5,targets,DrugBank,NCBI,validated,previous_mapping
CHEMBL449,BUTABARBITAL,DB00237,Butabarbital,Q8N1C3,2565,GABRG1,HGNC:4086,GABRG1,gamma-aminobutyric acid type A receptor subunit gamma1,targets,DrugBank,NCBI,validated,previous_mapping
CHEMBL449,BUTABARBITAL,DB00237,Butabarbital,Q99928,2567,GABRG3,HGNC:4088,GABRG3,gamma-aminobutyric acid type A receptor subunit gamma3,targets,DrugBank,NCBI,validated,previous_mapping
CHEMBL449,BUTABARBITAL,DB00237,Butabarbital,Q9GZZ6,57053,CHRNA10,HGNC:13800,CHRNA10,cholinergic receptor nicotinic alpha 10 subunit,targets,DrugBank,NCBI,validated,previous_mapping
CHEMBL449,BUTABARBITAL,DB00237,Butabarbital,Q9UGM1,55584,CHRNA9,HGNC:14079,CHRNA9,cholinergic receptor nicotinic alpha 9 subunit,targets,DrugBank,NCBI,validated,previous_mapping
CHEMBL449,BUTABARBITAL,DB00237,Butabarbital,Q9UN88,55879,GABRQ,HGNC:14454,GABRQ,gamma-aminobutyric acid type A receptor subunit theta,targets,DrugBank,NCBI,validated,previous_mapping
CHEMBL45,MELATONIN,DB01065,Melatonin,P03372,2099,ESR1,HGNC:3467,ESR1,estrogen receptor 1,targets,DrugBank,NCBI,validated,previous_mapping
CHEMBL45,MELATONIN,DB01065,Melatonin,P04798,1543,CYP1A1,HGNC:2595,CYP1A1,cytochrome P450 family 1 subfamily A member 1,targets,DrugBank,NCBI,validated,previous_mapping
CHEMBL45,MELATONIN,DB01065,Melatonin,P05164,4353,MPO,HGNC:7218,MPO,myeloperoxidase,targets,DrugBank,NCBI,validated,previous_mapping
CHEMBL45,MELATONIN,DB01065,Melatonin,P05177,1544,CYP1A2,HGNC:2596,CYP1A2,cytochrome P450 family 1 subfamily A member 2,targets,DrugBank,NCBI,validated,previous_mapping
CHEMBL45,MELATONIN,DB01065,Melatonin,P0DP23,801,CALM1,HGNC:1442,CALM1,calmodulin 1,targets,DrugBank,NCBI,validated,previous_mapping
CHEMBL45,MELATONIN,DB01065,Melatonin,P11511,1588,CYP19A1,HGNC:2594,CYP19A1,cytochrome P450 family 19 subfamily A member 1,targets,DrugBank,NCBI,validated,previous_mapping
CHEMBL45,MELATONIN,DB01065,Melatonin,P11678,8288,EPX,HGNC:3423,EPX,eosinophil peroxidase,targets,DrugBank,NCBI,validated,previous_mapping
CHEMBL45,MELATONIN,DB01065,Melatonin,P11712,1559,CYP2C9,HGNC:2623,CYP2C9,cytochrome P450 family 2 subfamily C member 9,targets,DrugBank,NCBI,validated,previous_mapping
CHEMBL45,MELATONIN,DB01065,Melatonin,P14902,3620,IDO1,HGNC:6059,IDO1,"indoleamine 2,3-dioxygenase 1",targets,DrugBank,NCBI,validated,previous_mapping
CHEMBL45,MELATONIN,DB01065,Melatonin,P16083,4835,NQO2,HGNC:7856,NQO2,N-ribosyldihydronicotinamide:quinone dehydrogenase 2,targets,DrugBank,NCBI,validated,previous_mapping
CHEMBL45,MELATONIN,DB01065,Melatonin,P27797,811,CALR,HGNC:1455,CALR,calreticulin,targets,DrugBank,NCBI,validated,previous_mapping
CHEMBL45,MELATONIN,DB01065,Melatonin,P33261,1557,CYP2C19,HGNC:2621,CYP2C19,cytochrome P450 family 2 subfamily C member 19,targets,DrugBank,NCBI,validated,previous_mapping
CHEMBL45,MELATONIN,DB01065,Melatonin,P46597,438,ASMT,HGNC:750,ASMT,acetylserotonin O-methyltransferase,targets,DrugBank,NCBI,validated,previous_mapping
CHEMBL45,MELATONIN,DB01065,Melatonin,P48039,4543,MTNR1A,HGNC:7463,MTNR1A,melatonin receptor 1A,targets,DrugBank,NCBI,validated,previous_mapping
CHEMBL45,MELATONIN,DB01065,Melatonin,P49286,4544,MTNR1B,HGNC:7464,MTNR1B,melatonin receptor 1B,targets,DrugBank,NCBI,validated,previous_mapping
CHEMBL45,MELATONIN,DB01065,Melatonin,Q16678,1545,CYP1B1,HGNC:2597,CYP1B1,cytochrome P450 family 1 subfamily B member 1,targets,DrugBank,NCBI,validated,previous_mapping
CHEMBL45,MELATONIN,DB01065,Melatonin,Q8TCC7,9376,SLC22A8,HGNC:10972,SLC22A8,solute carrier family 22 member 8,targets,DrugBank,NCBI,validated,previous_mapping
CHEMBL45,MELATONIN,DB01065,Melatonin,Q92753,6096,RORB,HGNC:10259,RORB,RAR related orphan receptor B,targets,DrugBank,NCBI,validated,previous_mapping
CHEMBL450,METHARBITAL,DB00463,Metharbital,O00591,2568,GABRP,HGNC:4089,GABRP,gamma-aminobutyric acid type A receptor subunit pi,targets,DrugBank,NCBI,validated,previous_mapping
CHEMBL450,METHARBITAL,DB00463,Metharbital,O14764,2563,GABRD,HGNC:4084,GABRD,gamma-aminobutyric acid type A receptor subunit delta,targets,DrugBank,NCBI,validated,previous_mapping
CHEMBL450,METHARBITAL,DB00463,Metharbital,P14867,2554,GABRA1,HGNC:4075,GABRA1,gamma-aminobutyric acid type A receptor subunit alpha1,targets,DrugBank,NCBI,validated,previous_mapping
CHEMBL450,METHARBITAL,DB00463,Metharbital,P18505,2560,GABRB1,HGNC:4081,GABRB1,gamma-aminobutyric acid type A receptor subunit beta1,targets,DrugBank,NCBI,validated,previous_mapping
CHEMBL450,METHARBITAL,DB00463,Metharbital,P18507,2566,GABRG2,HGNC:4087,GABRG2,gamma-aminobutyric acid type A receptor subunit gamma2,targets,DrugBank,NCBI,validated,previous_mapping
CHEMBL450,METHARBITAL,DB00463,Metharbital,P28472,2562,GABRB3,HGNC:4083,GABRB3,gamma-aminobutyric acid type A receptor subunit beta3,targets,DrugBank,NCBI,validated,previous_mapping
CHEMBL450,METHARBITAL,DB00463,Metharbital,P31644,2558,GABRA5,HGNC:4079,GABRA5,gamma-aminobutyric acid type A receptor subunit alpha5,targets,DrugBank,NCBI,validated,previous_mapping
CHEMBL450,METHARBITAL,DB00463,Metharbital,P34903,2556,GABRA3,HGNC:4077,GABRA3,gamma-aminobutyric acid type A receptor subunit alpha3,targets,DrugBank,NCBI,validated,previous_mapping
CHEMBL450,METHARBITAL,DB00463,Metharbital,P36544,1139,CHRNA7,HGNC:1960,CHRNA7,cholinergic receptor nicotinic alpha 7 subunit,targets,DrugBank,NCBI,validated,previous_mapping
CHEMBL450,METHARBITAL,DB00463,Metharbital,P42262,2891,GRIA2,HGNC:4572,GRIA2,glutamate ionotropic receptor AMPA type subunit 2,targets,DrugBank,NCBI,validated,previous_mapping
CHEMBL450,METHARBITAL,DB00463,Metharbital,P43681,1137,CHRNA4,HGNC:1958,CHRNA4,cholinergic receptor nicotinic alpha 4 subunit,targets,DrugBank,NCBI,validated,previous_mapping
CHEMBL450,METHARBITAL,DB00463,Metharbital,P47869,2555,GABRA2,HGNC:4076,GABRA2,gamma-aminobutyric acid type A receptor subunit alpha2,targets,DrugBank,NCBI,validated,previous_mapping
CHEMBL450,METHARBITAL,DB00463,Metharbital,P47870,2561,GABRB2,HGNC:4082,GABRB2,gamma-aminobutyric acid type A receptor subunit beta2,targets,DrugBank,NCBI,validated,previous_mapping
CHEMBL450,METHARBITAL,DB00463,Metharbital,P48169,2557,GABRA4,HGNC:4078,GABRA4,gamma-aminobutyric acid type A receptor subunit alpha4,targets,DrugBank,NCBI,validated,previous_mapping
CHEMBL450,METHARBITAL,DB00463,Metharbital,P78334,2564,GABRE,HGNC:4085,GABRE,gamma-aminobutyric acid type A receptor subunit epsilon,targets,DrugBank,NCBI,validated,previous_mapping
CHEMBL450,METHARBITAL,DB00463,Metharbital,Q13002,2898,GRIK2,HGNC:4580,GRIK2,glutamate ionotropic receptor kainate type subunit 2,targets,DrugBank,NCBI,validated,previous_mapping
CHEMBL450,METHARBITAL,DB00463,Metharbital,Q16445,2559,GABRA6,HGNC:4080,GABRA6,gamma-aminobutyric acid type A receptor subunit alpha6,targets,DrugBank,NCBI,validated,previous_mapping
CHEMBL450,METHARBITAL,DB00463,Metharbital,Q8N1C3,2565,GABRG1,HGNC:4086,GABRG1,gamma-aminobutyric acid type A receptor subunit gamma1,targets,DrugBank,NCBI,validated,previous_mapping
CHEMBL450,METHARBITAL,DB00463,Metharbital,Q99928,2567,GABRG3,HGNC:4088,GABRG3,gamma-aminobutyric acid type A receptor subunit gamma3,targets,DrugBank,NCBI,validated,previous_mapping
CHEMBL450,METHARBITAL,DB00463,Metharbital,Q9UN88,55879,GABRQ,HGNC:14454,GABRQ,gamma-aminobutyric acid type A receptor subunit theta,targets,DrugBank,NCBI,validated,previous_mapping
CHEMBL45029,MEPHOBARBITAL,DB00849,Methylphenobarbital,O75469,8856,NR1I2,HGNC:7968,NR1I2,nuclear receptor subfamily 1 group I member 2,targets,DrugBank,NCBI,validated,synonym_match
CHEMBL45029,MEPHOBARBITAL,DB00849,Methylphenobarbital,P14867,2554,GABRA1,HGNC:4075,GABRA1,gamma-aminobutyric acid type A receptor subunit alpha1,targets,DrugBank,NCBI,validated,synonym_match
CHEMBL45029,MEPHOBARBITAL,DB00849,Methylphenobarbital,P20813,1555,CYP2B6,HGNC:2615,CYP2B6,cytochrome P450 family 2 subfamily B member 6,targets,DrugBank,NCBI,validated,synonym_match
CHEMBL45029,MEPHOBARBITAL,DB00849,Methylphenobarbital,P31644,2558,GABRA5,HGNC:4079,GABRA5,gamma-aminobutyric acid type A receptor subunit alpha5,targets,DrugBank,NCBI,validated,synonym_match
CHEMBL45029,MEPHOBARBITAL,DB00849,Methylphenobarbital,P33261,1557,CYP2C19,HGNC:2621,CYP2C19,cytochrome P450 family 2 subfamily C member 19,targets,DrugBank,NCBI,validated,synonym_match
CHEMBL45029,MEPHOBARBITAL,DB00849,Methylphenobarbital,P34903,2556,GABRA3,HGNC:4077,GABRA3,gamma-aminobutyric acid type A receptor subunit alpha3,targets,DrugBank,NCBI,validated,synonym_match
CHEMBL45029,MEPHOBARBITAL,DB00849,Methylphenobarbital,P36544,1139,CHRNA7,HGNC:1960,CHRNA7,cholinergic receptor nicotinic alpha 7 subunit,targets,DrugBank,NCBI,validated,synonym_match
CHEMBL45029,MEPHOBARBITAL,DB00849,Methylphenobarbital,P42262,2891,GRIA2,HGNC:4572,GRIA2,glutamate ionotropic receptor AMPA type subunit 2,targets,DrugBank,NCBI,validated,synonym_match
CHEMBL45029,MEPHOBARBITAL,DB00849,Methylphenobarbital,P43681,1137,CHRNA4,HGNC:1958,CHRNA4,cholinergic receptor nicotinic alpha 4 subunit,targets,DrugBank,NCBI,validated,synonym_match
CHEMBL45029,MEPHOBARBITAL,DB00849,Methylphenobarbital,P47869,2555,GABRA2,HGNC:4076,GABRA2,gamma-aminobutyric acid type A receptor subunit alpha2,targets,DrugBank,NCBI,validated,synonym_match
CHEMBL45029,MEPHOBARBITAL,DB00849,Methylphenobarbital,P48169,2557,GABRA4,HGNC:4078,GABRA4,gamma-aminobutyric acid type A receptor subunit alpha4,targets,DrugBank,NCBI,validated,synonym_match
CHEMBL45029,MEPHOBARBITAL,DB00849,Methylphenobarbital,Q13002,2898,GRIK2,HGNC:4580,GRIK2,glutamate ionotropic receptor kainate type subunit 2,targets,DrugBank,NCBI,validated,synonym_match
CHEMBL45029,MEPHOBARBITAL,DB00849,Methylphenobarbital,Q16445,2559,GABRA6,HGNC:4080,GABRA6,gamma-aminobutyric acid type A receptor subunit alpha6,targets,DrugBank,NCBI,validated,synonym_match
CHEMBL451,CHLORDIAZEPOXIDE,DB00475,Chlordiazepoxide,O00591,2568,GABRP,HGNC:4089,GABRP,gamma-aminobutyric acid type A receptor subunit pi,targets,DrugBank,NCBI,validated,previous_mapping
CHEMBL451,CHLORDIAZEPOXIDE,DB00475,Chlordiazepoxide,O14764,2563,GABRD,HGNC:4084,GABRD,gamma-aminobutyric acid type A receptor subunit delta,targets,DrugBank,NCBI,validated,previous_mapping
CHEMBL451,CHLORDIAZEPOXIDE,DB00475,Chlordiazepoxide,P14867,2554,GABRA1,HGNC:4075,GABRA1,gamma-aminobutyric acid type A receptor subunit alpha1,targets,DrugBank,NCBI,validated,previous_mapping
CHEMBL451,CHLORDIAZEPOXIDE,DB00475,Chlordiazepoxide,P18505,2560,GABRB1,HGNC:4081,GABRB1,gamma-aminobutyric acid type A receptor subunit beta1,targets,DrugBank,NCBI,validated,previous_mapping
CHEMBL451,CHLORDIAZEPOXIDE,DB00475,Chlordiazepoxide,P18507,2566,GABRG2,HGNC:4087,GABRG2,gamma-aminobutyric acid type A receptor subunit gamma2,targets,DrugBank,NCBI,validated,previous_mapping
CHEMBL451,CHLORDIAZEPOXIDE,DB00475,Chlordiazepoxide,P28472,2562,GABRB3,HGNC:4083,GABRB3,gamma-aminobutyric acid type A receptor subunit beta3,targets,DrugBank,NCBI,validated,previous_mapping
CHEMBL451,CHLORDIAZEPOXIDE,DB00475,Chlordiazepoxide,P31644,2558,GABRA5,HGNC:4079,GABRA5,gamma-aminobutyric acid type A receptor subunit alpha5,targets,DrugBank,NCBI,validated,previous_mapping
CHEMBL451,CHLORDIAZEPOXIDE,DB00475,Chlordiazepoxide,P34903,2556,GABRA3,HGNC:4077,GABRA3,gamma-aminobutyric acid type A receptor subunit alpha3,targets,DrugBank,NCBI,validated,previous_mapping
CHEMBL451,CHLORDIAZEPOXIDE,DB00475,Chlordiazepoxide,P47869,2555,GABRA2,HGNC:4076,GABRA2,gamma-aminobutyric acid type A receptor subunit alpha2,targets,DrugBank,NCBI,validated,previous_mapping
CHEMBL451,CHLORDIAZEPOXIDE,DB00475,Chlordiazepoxide,P47870,2561,GABRB2,HGNC:4082,GABRB2,gamma-aminobutyric acid type A receptor subunit beta2,targets,DrugBank,NCBI,validated,previous_mapping
CHEMBL451,CHLORDIAZEPOXIDE,DB00475,Chlordiazepoxide,P48169,2557,GABRA4,HGNC:4078,GABRA4,gamma-aminobutyric acid type A receptor subunit alpha4,targets,DrugBank,NCBI,validated,previous_mapping
CHEMBL451,CHLORDIAZEPOXIDE,DB00475,Chlordiazepoxide,P78334,2564,GABRE,HGNC:4085,GABRE,gamma-aminobutyric acid type A receptor subunit epsilon,targets,DrugBank,NCBI,validated,previous_mapping
CHEMBL451,CHLORDIAZEPOXIDE,DB00475,Chlordiazepoxide,Q16445,2559,GABRA6,HGNC:4080,GABRA6,gamma-aminobutyric acid type A receptor subunit alpha6,targets,DrugBank,NCBI,validated,previous_mapping
CHEMBL451,CHLORDIAZEPOXIDE,DB00475,Chlordiazepoxide,Q8N1C3,2565,GABRG1,HGNC:4086,GABRG1,gamma-aminobutyric acid type A receptor subunit gamma1,targets,DrugBank,NCBI,validated,previous_mapping
CHEMBL451,CHLORDIAZEPOXIDE,DB00475,Chlordiazepoxide,Q99928,2567,GABRG3,HGNC:4088,GABRG3,gamma-aminobutyric acid type A receptor subunit gamma3,targets,DrugBank,NCBI,validated,previous_mapping
CHEMBL451,CHLORDIAZEPOXIDE,DB00475,Chlordiazepoxide,Q9UN88,55879,GABRQ,HGNC:14454,GABRQ,gamma-aminobutyric acid type A receptor subunit theta,targets,DrugBank,NCBI,validated,previous_mapping
CHEMBL452,CLONAZEPAM,DB01068,Clonazepam,O00591,2568,GABRP,HGNC:4089,GABRP,gamma-aminobutyric acid type A receptor subunit pi,targets,DrugBank,NCBI,validated,previous_mapping
CHEMBL452,CLONAZEPAM,DB01068,Clonazepam,O14764,2563,GABRD,HGNC:4084,GABRD,gamma-aminobutyric acid type A receptor subunit delta,targets,DrugBank,NCBI,validated,previous_mapping
CHEMBL452,CLONAZEPAM,DB01068,Clonazepam,O75469,8856,NR1I2,HGNC:7968,NR1I2,nuclear receptor subfamily 1 group I member 2,targets,DrugBank,NCBI,validated,previous_mapping
CHEMBL452,CLONAZEPAM,DB01068,Clonazepam,P02768,213,ALB,HGNC:399,ALB,albumin,targets,DrugBank,NCBI,validated,previous_mapping
CHEMBL452,CLONAZEPAM,DB01068,Clonazepam,P05181,1571,CYP2E1,HGNC:2631,CYP2E1,cytochrome P450 family 2 subfamily E member 1,targets,DrugBank,NCBI,validated,previous_mapping
CHEMBL452,CLONAZEPAM,DB01068,Clonazepam,P08684,1576,CYP3A4,HGNC:2637,CYP3A4,cytochrome P450 family 3 subfamily A member 4,targets,DrugBank,NCBI,validated,previous_mapping
CHEMBL452,CLONAZEPAM,DB01068,Clonazepam,P11245,10,NAT2,HGNC:7646,NAT2,N-acetyltransferase 2,targets,DrugBank,NCBI,validated,previous_mapping
CHEMBL452,CLONAZEPAM,DB01068,Clonazepam,P14867,2554,GABRA1,HGNC:4075,GABRA1,gamma-aminobutyric acid type A receptor subunit alpha1,targets,DrugBank,NCBI,validated,previous_mapping
CHEMBL452,CLONAZEPAM,DB01068,Clonazepam,P18505,2560,GABRB1,HGNC:4081,GABRB1,gamma-aminobutyric acid type A receptor subunit beta1,targets,DrugBank,NCBI,validated,previous_mapping
CHEMBL452,CLONAZEPAM,DB01068,Clonazepam,P18507,2566,GABRG2,HGNC:4087,GABRG2,gamma-aminobutyric acid type A receptor subunit gamma2,targets,DrugBank,NCBI,validated,previous_mapping
CHEMBL452,CLONAZEPAM,DB01068,Clonazepam,P28472,2562,GABRB3,HGNC:4083,GABRB3,gamma-aminobutyric acid type A receptor subunit beta3,targets,DrugBank,NCBI,validated,previous_mapping
CHEMBL452,CLONAZEPAM,DB01068,Clonazepam,P31644,2558,GABRA5,HGNC:4079,GABRA5,gamma-aminobutyric acid type A receptor subunit alpha5,targets,DrugBank,NCBI,validated,previous_mapping
CHEMBL452,CLONAZEPAM,DB01068,Clonazepam,P34903,2556,GABRA3,HGNC:4077,GABRA3,gamma-aminobutyric acid type A receptor subunit alpha3,targets,DrugBank,NCBI,validated,previous_mapping
CHEMBL452,CLONAZEPAM,DB01068,Clonazepam,P47869,2555,GABRA2,HGNC:4076,GABRA2,gamma-aminobutyric acid type A receptor subunit alpha2,targets,DrugBank,NCBI,validated,previous_mapping
CHEMBL452,CLONAZEPAM,DB01068,Clonazepam,P47870,2561,GABRB2,HGNC:4082,GABRB2,gamma-aminobutyric acid type A receptor subunit beta2,targets,DrugBank,NCBI,validated,previous_mapping
CHEMBL452,CLONAZEPAM,DB01068,Clonazepam,P48169,2557,GABRA4,HGNC:4078,GABRA4,gamma-aminobutyric acid type A receptor subunit alpha4,targets,DrugBank,NCBI,validated,previous_mapping
CHEMBL452,CLONAZEPAM,DB01068,Clonazepam,P78334,2564,GABRE,HGNC:4085,GABRE,gamma-aminobutyric acid type A receptor subunit epsilon,targets,DrugBank,NCBI,validated,previous_mapping
CHEMBL452,CLONAZEPAM,DB01068,Clonazepam,Q16445,2559,GABRA6,HGNC:4080,GABRA6,gamma-aminobutyric acid type A receptor subunit alpha6,targets,DrugBank,NCBI,validated,previous_mapping
CHEMBL452,CLONAZEPAM,DB01068,Clonazepam,Q8N1C3,2565,GABRG1,HGNC:4086,GABRG1,gamma-aminobutyric acid type A receptor subunit gamma1,targets,DrugBank,NCBI,validated,previous_mapping
CHEMBL452,CLONAZEPAM,DB01068,Clonazepam,Q99928,2567,GABRG3,HGNC:4088,GABRG3,gamma-aminobutyric acid type A receptor subunit gamma3,targets,DrugBank,NCBI,validated,previous_mapping
CHEMBL452,CLONAZEPAM,DB01068,Clonazepam,Q9UN88,55879,GABRQ,HGNC:14454,GABRQ,gamma-aminobutyric acid type A receptor subunit theta,targets,DrugBank,NCBI,validated,previous_mapping
CHEMBL454,BUTALBITAL,DB00241,Butalbital,O00591,2568,GABRP,HGNC:4089,GABRP,gamma-aminobutyric acid type A receptor subunit pi,targets,DrugBank,NCBI,validated,previous_mapping
CHEMBL454,BUTALBITAL,DB00241,Butalbital,O14764,2563,GABRD,HGNC:4084,GABRD,gamma-aminobutyric acid type A receptor subunit delta,targets,DrugBank,NCBI,validated,previous_mapping
CHEMBL454,BUTALBITAL,DB00241,Butalbital,P14867,2554,GABRA1,HGNC:4075,GABRA1,gamma-aminobutyric acid type A receptor subunit alpha1,targets,DrugBank,NCBI,validated,previous_mapping
CHEMBL454,BUTALBITAL,DB00241,Butalbital,P18505,2560,GABRB1,HGNC:4081,GABRB1,gamma-aminobutyric acid type A receptor subunit beta1,targets,DrugBank,NCBI,validated,previous_mapping
CHEMBL454,BUTALBITAL,DB00241,Butalbital,P18507,2566,GABRG2,HGNC:4087,GABRG2,gamma-aminobutyric acid type A receptor subunit gamma2,targets,DrugBank,NCBI,validated,previous_mapping
CHEMBL454,BUTALBITAL,DB00241,Butalbital,P28472,2562,GABRB3,HGNC:4083,GABRB3,gamma-aminobutyric acid type A receptor subunit beta3,targets,DrugBank,NCBI,validated,previous_mapping
CHEMBL454,BUTALBITAL,DB00241,Butalbital,P31644,2558,GABRA5,HGNC:4079,GABRA5,gamma-aminobutyric acid type A receptor subunit alpha5,targets,DrugBank,NCBI,validated,previous_mapping
CHEMBL454,BUTALBITAL,DB00241,Butalbital,P34903,2556,GABRA3,HGNC:4077,GABRA3,gamma-aminobutyric acid type A receptor subunit alpha3,targets,DrugBank,NCBI,validated,previous_mapping
CHEMBL454,BUTALBITAL,DB00241,Butalbital,P36544,1139,CHRNA7,HGNC:1960,CHRNA7,cholinergic receptor nicotinic alpha 7 subunit,targets,DrugBank,NCBI,validated,previous_mapping
CHEMBL454,BUTALBITAL,DB00241,Butalbital,P42262,2891,GRIA2,HGNC:4572,GRIA2,glutamate ionotropic receptor AMPA type subunit 2,targets,DrugBank,NCBI,validated,previous_mapping
CHEMBL454,BUTALBITAL,DB00241,Butalbital,P43681,1137,CHRNA4,HGNC:1958,CHRNA4,cholinergic receptor nicotinic alpha 4 subunit,targets,DrugBank,NCBI,validated,previous_mapping
CHEMBL454,BUTALBITAL,DB00241,Butalbital,P47869,2555,GABRA2,HGNC:4076,GABRA2,gamma-aminobutyric acid type A receptor subunit alpha2,targets,DrugBank,NCBI,validated,previous_mapping
CHEMBL454,BUTALBITAL,DB00241,Butalbital,P47870,2561,GABRB2,HGNC:4082,GABRB2,gamma-aminobutyric acid type A receptor subunit beta2,targets,DrugBank,NCBI,validated,previous_mapping
CHEMBL454,BUTALBITAL,DB00241,Butalbital,P48169,2557,GABRA4,HGNC:4078,GABRA4,gamma-aminobutyric acid type A receptor subunit alpha4,targets,DrugBank,NCBI,validated,previous_mapping
CHEMBL454,BUTALBITAL,DB00241,Butalbital,P78334,2564,GABRE,HGNC:4085,GABRE,gamma-aminobutyric acid type A receptor subunit epsilon,targets,DrugBank,NCBI,validated,previous_mapping
CHEMBL454,BUTALBITAL,DB00241,Butalbital,Q13002,2898,GRIK2,HGNC:4580,GRIK2,glutamate ionotropic receptor kainate type subunit 2,targets,DrugBank,NCBI,validated,previous_mapping
CHEMBL454,BUTALBITAL,DB00241,Butalbital,Q16445,2559,GABRA6,HGNC:4080,GABRA6,gamma-aminobutyric acid type A receptor subunit alpha6,targets,DrugBank,NCBI,validated,previous_mapping
CHEMBL454,BUTALBITAL,DB00241,Butalbital,Q8N1C3,2565,GABRG1,HGNC:4086,GABRG1,gamma-aminobutyric acid type A receptor subunit gamma1,targets,DrugBank,NCBI,validated,previous_mapping
CHEMBL454,BUTALBITAL,DB00241,Butalbital,Q99928,2567,GABRG3,HGNC:4088,GABRG3,gamma-aminobutyric acid type A receptor subunit gamma3,targets,DrugBank,NCBI,validated,previous_mapping
CHEMBL454,BUTALBITAL,DB00241,Butalbital,Q9UN88,55879,GABRQ,HGNC:14454,GABRQ,gamma-aminobutyric acid type A receptor subunit theta,targets,DrugBank,NCBI,validated,previous_mapping
CHEMBL459,METHYLDOPA,DB00968,Methyldopa,P08913,150,ADRA2A,HGNC:281,ADRA2A,adrenoceptor alpha 2A,targets,DrugBank,NCBI,validated,previous_mapping
CHEMBL459,METHYLDOPA,DB00968,Methyldopa,P20711,1644,DDC,HGNC:2719,DDC,dopa decarboxylase,targets,DrugBank,NCBI,validated,previous_mapping
CHEMBL459,METHYLDOPA,DB00968,Methyldopa,P21964,1312,COMT,HGNC:2228,COMT,catechol-O-methyltransferase,targets,DrugBank,NCBI,validated,previous_mapping
CHEMBL459,METHYLDOPA,DB00968,Methyldopa,P46059,6564,SLC15A1,HGNC:10920,SLC15A1,solute carrier family 15 member 1,targets,DrugBank,NCBI,validated,previous_mapping
CHEMBL46,ONDANSETRON,DB00904,Ondansetron,P05177,1544,CYP1A2,HGNC:2596,CYP1A2,cytochrome P450 family 1 subfamily A member 2,targets,DrugBank,NCBI,validated,previous_mapping
CHEMBL46,ONDANSETRON,DB00904,Ondansetron,P05181,1571,CYP2E1,HGNC:2631,CYP2E1,cytochrome P450 family 2 subfamily E member 1,targets,DrugBank,NCBI,validated,previous_mapping
CHEMBL46,ONDANSETRON,DB00904,Ondansetron,P08684,1576,CYP3A4,HGNC:2637,CYP3A4,cytochrome P450 family 3 subfamily A member 4,targets,DrugBank,NCBI,validated,previous_mapping
CHEMBL46,ONDANSETRON,DB00904,Ondansetron,P08908,3350,HTR1A,HGNC:5286,HTR1A,5-hydroxytryptamine receptor 1A,targets,DrugBank,NCBI,validated,previous_mapping
CHEMBL46,ONDANSETRON,DB00904,Ondansetron,P10635,1565,CYP2D6,HGNC:2625,CYP2D6,cytochrome P450 family 2 subfamily D member 6 (gene/pseudogene),targets,DrugBank,NCBI,validated,previous_mapping
CHEMBL46,ONDANSETRON,DB00904,Ondansetron,P11712,1559,CYP2C9,HGNC:2623,CYP2C9,cytochrome P450 family 2 subfamily C member 9,targets,DrugBank,NCBI,validated,previous_mapping
CHEMBL46,ONDANSETRON,DB00904,Ondansetron,P20815,1577,CYP3A5,HGNC:2638,CYP3A5,cytochrome P450 family 3 subfamily A member 5,targets,DrugBank,NCBI,validated,previous_mapping
CHEMBL46,ONDANSETRON,DB00904,Ondansetron,P24462,1551,CYP3A7,HGNC:2640,CYP3A7,cytochrome P450 family 3 subfamily A member 7,targets,DrugBank,NCBI,validated,previous_mapping
CHEMBL46,ONDANSETRON,DB00904,Ondansetron,P28222,3351,HTR1B,HGNC:5287,HTR1B,5-hydroxytryptamine receptor 1B,targets,DrugBank,NCBI,validated,previous_mapping
CHEMBL46,ONDANSETRON,DB00904,Ondansetron,P35372,4988,OPRM1,HGNC:8156,OPRM1,opioid receptor mu 1,targets,DrugBank,NCBI,validated,previous_mapping
CHEMBL46,ONDANSETRON,DB00904,Ondansetron,P46098,3359,HTR3A,HGNC:5297,HTR3A,5-hydroxytryptamine receptor 3A,targets,DrugBank,NCBI,validated,previous_mapping
CHEMBL46,ONDANSETRON,DB00904,Ondansetron,Q13639,3360,HTR4,HGNC:5299,HTR4,5-hydroxytryptamine receptor 4,targets,DrugBank,NCBI,validated,previous_mapping
CHEMBL460,MOLINDONE,DB01618,Molindone,P08908,3350,HTR1A,HGNC:5286,HTR1A,5-hydroxytryptamine receptor 1A,targets,DrugBank,NCBI,validated,previous_mapping
CHEMBL460,MOLINDONE,DB01618,Molindone,P11229,1128,CHRM1,HGNC:1950,CHRM1,cholinergic receptor muscarinic 1,targets,DrugBank,NCBI,validated,previous_mapping
CHEMBL460,MOLINDONE,DB01618,Molindone,P14416,1813,DRD2,HGNC:3023,DRD2,dopamine receptor D2,targets,DrugBank,NCBI,validated,previous_mapping
CHEMBL460,MOLINDONE,DB01618,Molindone,P28223,3356,HTR2A,HGNC:5293,HTR2A,5-hydroxytryptamine receptor 2A,targets,DrugBank,NCBI,validated,previous_mapping
CHEMBL460026,ICOSAPENT,DB00159,Icosapent,O14842,2864,FFAR1,HGNC:4498,FFAR1,free fatty acid receptor 1,targets,DrugBank,NCBI,validated,previous_mapping
CHEMBL460026,ICOSAPENT,DB00159,Icosapent,O15540,2173,FABP7,HGNC:3562,FABP7,fatty acid binding protein 7,targets,DrugBank,NCBI,validated,previous_mapping
CHEMBL460026,ICOSAPENT,DB00159,Icosapent,O60427,3992,FADS1,HGNC:3574,FADS1,fatty acid desaturase 1,targets,DrugBank,NCBI,validated,previous_mapping
CHEMBL460026,ICOSAPENT,DB00159,Icosapent,O60488,2182,ACSL4,HGNC:3571,ACSL4,acyl-CoA synthetase long chain family member 4,targets,DrugBank,NCBI,validated,previous_mapping
CHEMBL460026,ICOSAPENT,DB00159,Icosapent,P02768,213,ALB,HGNC:399,ALB,albumin,targets,DrugBank,NCBI,validated,previous_mapping
CHEMBL460026,ICOSAPENT,DB00159,Icosapent,P23219,5742,PTGS1,HGNC:9604,PTGS1,prostaglandin-endoperoxide synthase 1,targets,DrugBank,NCBI,validated,previous_mapping
CHEMBL460026,ICOSAPENT,DB00159,Icosapent,P32418,6546,SLC8A1,HGNC:11068,SLC8A1,solute carrier family 8 member A1,targets,DrugBank,NCBI,validated,previous_mapping
CHEMBL460026,ICOSAPENT,DB00159,Icosapent,P35354,5743,PTGS2,HGNC:9605,PTGS2,prostaglandin-endoperoxide synthase 2,targets,DrugBank,NCBI,validated,previous_mapping
CHEMBL460026,ICOSAPENT,DB00159,Icosapent,P37231,5468,PPARG,HGNC:9236,PPARG,peroxisome proliferator activated receptor gamma,targets,DrugBank,NCBI,validated,previous_mapping
CHEMBL460026,ICOSAPENT,DB00159,Icosapent,Q03181,5467,PPARD,HGNC:9235,PPARD,peroxisome proliferator activated receptor delta,targets,DrugBank,NCBI,validated,previous_mapping
CHEMBL460026,ICOSAPENT,DB00159,Icosapent,Q07869,5465,PPARA,HGNC:9232,PPARA,peroxisome proliferator activated receptor alpha,targets,DrugBank,NCBI,validated,previous_mapping
CHEMBL460026,ICOSAPENT,DB00159,Icosapent,Q8NER1,7442,TRPV1,HGNC:12716,TRPV1,transient receptor potential cation channel subfamily V member 1,targets,DrugBank,NCBI,validated,previous_mapping
CHEMBL465,DRONABINOL,DB00470,Dronabinol,P08183,5243,ABCB1,HGNC:40,ABCB1,ATP binding cassette subfamily B member 1,targets,DrugBank,NCBI,validated,previous_mapping
CHEMBL465,DRONABINOL,DB00470,Dronabinol,P08684,1576,CYP3A4,HGNC:2637,CYP3A4,cytochrome P450 family 3 subfamily A member 4,targets,DrugBank,NCBI,validated,previous_mapping
CHEMBL465,DRONABINOL,DB00470,Dronabinol,P11712,1559,CYP2C9,HGNC:2623,CYP2C9,cytochrome P450 family 2 subfamily C member 9,targets,DrugBank,NCBI,validated,previous_mapping
CHEMBL465,DRONABINOL,DB00470,Dronabinol,P21554,1268,CNR1,HGNC:2159,CNR1,cannabinoid receptor 1,targets,DrugBank,NCBI,validated,previous_mapping
CHEMBL465,DRONABINOL,DB00470,Dronabinol,P23219,5742,PTGS1,HGNC:9604,PTGS1,prostaglandin-endoperoxide synthase 1,targets,DrugBank,NCBI,validated,previous_mapping
CHEMBL465,DRONABINOL,DB00470,Dronabinol,P34972,1269,CNR2,HGNC:2160,CNR2,cannabinoid receptor 2,targets,DrugBank,NCBI,validated,previous_mapping
CHEMBL465,DRONABINOL,DB00470,Dronabinol,Q9UNQ0,9429,ABCG2,HGNC:74,ABCG2,ATP binding cassette subfamily G member 2 (JR blood group),targets,DrugBank,NCBI,validated,previous_mapping
CHEMBL46516,FLUSPIRILENE,DB04842,Fluspirilene,P08684,1576,CYP3A4,HGNC:2637,CYP3A4,cytochrome P450 family 3 subfamily A member 4,targets,DrugBank,NCBI,validated,previous_mapping
CHEMBL46516,FLUSPIRILENE,DB04842,Fluspirilene,P14416,1813,DRD2,HGNC:3023,DRD2,dopamine receptor D2,targets,DrugBank,NCBI,validated,previous_mapping
CHEMBL46516,FLUSPIRILENE,DB04842,Fluspirilene,P28223,3356,HTR2A,HGNC:5293,HTR2A,5-hydroxytryptamine receptor 2A,targets,DrugBank,NCBI,validated,previous_mapping
CHEMBL46516,FLUSPIRILENE,DB04842,Fluspirilene,Q06432,786,CACNG1,HGNC:1405,CACNG1,calcium voltage-gated channel auxiliary subunit gamma 1,targets,DrugBank,NCBI,validated,previous_mapping
CHEMBL468,THALIDOMIDE,DB01041,Thalidomide,P01375,7124,TNF,HGNC:11892,TNF,tumor necrosis factor,targets,DrugBank,NCBI,validated,previous_mapping
CHEMBL468,THALIDOMIDE,DB01041,Thalidomide,P02763,5004,ORM1,HGNC:8498,ORM1,orosomucoid 1,targets,DrugBank,NCBI,validated,previous_mapping
CHEMBL468,THALIDOMIDE,DB01041,Thalidomide,P04798,1543,CYP1A1,HGNC:2595,CYP1A1,cytochrome P450 family 1 subfamily A member 1,targets,DrugBank,NCBI,validated,previous_mapping
CHEMBL468,THALIDOMIDE,DB01041,Thalidomide,P05181,1571,CYP2E1,HGNC:2631,CYP2E1,cytochrome P450 family 2 subfamily E member 1,targets,DrugBank,NCBI,validated,previous_mapping
CHEMBL468,THALIDOMIDE,DB01041,Thalidomide,P11712,1559,CYP2C9,HGNC:2623,CYP2C9,cytochrome P450 family 2 subfamily C member 9,targets,DrugBank,NCBI,validated,previous_mapping
CHEMBL468,THALIDOMIDE,DB01041,Thalidomide,P19652,5005,ORM2,HGNC:8499,ORM2,orosomucoid 2,targets,DrugBank,NCBI,validated,previous_mapping
CHEMBL468,THALIDOMIDE,DB01041,Thalidomide,P19838,4790,NFKB1,HGNC:7794,NFKB1,nuclear factor kappa B subunit 1,targets,DrugBank,NCBI,validated,previous_mapping
CHEMBL468,THALIDOMIDE,DB01041,Thalidomide,P20815,1577,CYP3A5,HGNC:2638,CYP3A5,cytochrome P450 family 3 subfamily A member 5,targets,DrugBank,NCBI,validated,previous_mapping
CHEMBL468,THALIDOMIDE,DB01041,Thalidomide,P21802,2263,FGFR2,HGNC:3689,FGFR2,fibroblast growth factor receptor 2,targets,DrugBank,NCBI,validated,previous_mapping
CHEMBL468,THALIDOMIDE,DB01041,Thalidomide,P23219,5742,PTGS1,HGNC:9604,PTGS1,prostaglandin-endoperoxide synthase 1,targets,DrugBank,NCBI,validated,previous_mapping
CHEMBL468,THALIDOMIDE,DB01041,Thalidomide,P33261,1557,CYP2C19,HGNC:2621,CYP2C19,cytochrome P450 family 2 subfamily C member 19,targets,DrugBank,NCBI,validated,previous_mapping
CHEMBL468,THALIDOMIDE,DB01041,Thalidomide,P35354,5743,PTGS2,HGNC:9605,PTGS2,prostaglandin-endoperoxide synthase 2,targets,DrugBank,NCBI,validated,previous_mapping
CHEMBL468,THALIDOMIDE,DB01041,Thalidomide,Q96SW2,51185,CRBN,HGNC:30185,CRBN,cereblon,targets,DrugBank,NCBI,validated,previous_mapping
CHEMBL469,KETOROLAC,DB00465,Ketorolac,P10632,1558,CYP2C8,HGNC:2622,CYP2C8,cytochrome P450 family 2 subfamily C member 8,targets,DrugBank,NCBI,validated,previous_mapping
CHEMBL469,KETOROLAC,DB00465,Ketorolac,P11712,1559,CYP2C9,HGNC:2623,CYP2C9,cytochrome P450 family 2 subfamily C member 9,targets,DrugBank,NCBI,validated,previous_mapping
CHEMBL469,KETOROLAC,DB00465,Ketorolac,P16662,7364,UGT2B7,HGNC:12554,UGT2B7,UDP glucuronosyltransferase family 2 member B7,targets,DrugBank,NCBI,validated,previous_mapping
CHEMBL469,KETOROLAC,DB00465,Ketorolac,P23219,5742,PTGS1,HGNC:9604,PTGS1,prostaglandin-endoperoxide synthase 1,targets,DrugBank,NCBI,validated,previous_mapping
CHEMBL469,KETOROLAC,DB00465,Ketorolac,P35354,5743,PTGS2,HGNC:9605,PTGS2,prostaglandin-endoperoxide synthase 2,targets,DrugBank,NCBI,validated,previous_mapping
CHEMBL479,THIORIDAZINE,DB00679,Thioridazine,P05181,1571,CYP2E1,HGNC:2631,CYP2E1,cytochrome P450 family 2 subfamily E member 1,targets,DrugBank,NCBI,validated,previous_mapping
CHEMBL479,THIORIDAZINE,DB00679,Thioridazine,P10635,1565,CYP2D6,HGNC:2625,CYP2D6,cytochrome P450 family 2 subfamily D member 6 (gene/pseudogene),targets,DrugBank,NCBI,validated,previous_mapping
CHEMBL479,THIORIDAZINE,DB00679,Thioridazine,P14416,1813,DRD2,HGNC:3023,DRD2,dopamine receptor D2,targets,DrugBank,NCBI,validated,previous_mapping
CHEMBL479,THIORIDAZINE,DB00679,Thioridazine,P21728,1812,DRD1,HGNC:3020,DRD1,dopamine receptor D1,targets,DrugBank,NCBI,validated,previous_mapping
CHEMBL479,THIORIDAZINE,DB00679,Thioridazine,P28223,3356,HTR2A,HGNC:5293,HTR2A,5-hydroxytryptamine receptor 2A,targets,DrugBank,NCBI,validated,previous_mapping
CHEMBL479,THIORIDAZINE,DB00679,Thioridazine,P33261,1557,CYP2C19,HGNC:2621,CYP2C19,cytochrome P450 family 2 subfamily C member 19,targets,DrugBank,NCBI,validated,previous_mapping
CHEMBL479,THIORIDAZINE,DB00679,Thioridazine,P35348,148,ADRA1A,HGNC:277,ADRA1A,adrenoceptor alpha 1A,targets,DrugBank,NCBI,validated,previous_mapping
CHEMBL479,THIORIDAZINE,DB00679,Thioridazine,P35368,147,ADRA1B,HGNC:278,ADRA1B,adrenoceptor alpha 1B,targets,DrugBank,NCBI,validated,previous_mapping
CHEMBL479,THIORIDAZINE,DB00679,Thioridazine,Q12809,3757,KCNH2,HGNC:6251,KCNH2,potassium voltage-gated channel subfamily H member 2,targets,DrugBank,NCBI,validated,previous_mapping
CHEMBL480,LANSOPRAZOLE,DB00448,Lansoprazole,O15244,6582,SLC22A2,HGNC:10966,SLC22A2,solute carrier family 22 member 2,targets,DrugBank,NCBI,validated,previous_mapping
CHEMBL480,LANSOPRAZOLE,DB00448,Lansoprazole,O15245,6580,SLC22A1,HGNC:10963,SLC22A1,solute carrier family 22 member 1,targets,DrugBank,NCBI,validated,previous_mapping
CHEMBL480,LANSOPRAZOLE,DB00448,Lansoprazole,O75751,6581,SLC22A3,HGNC:10967,SLC22A3,solute carrier family 22 member 3,targets,DrugBank,NCBI,validated,previous_mapping
CHEMBL480,LANSOPRAZOLE,DB00448,Lansoprazole,P04798,1543,CYP1A1,HGNC:2595,CYP1A1,cytochrome P450 family 1 subfamily A member 1,targets,DrugBank,NCBI,validated,previous_mapping
CHEMBL480,LANSOPRAZOLE,DB00448,Lansoprazole,P08183,5243,ABCB1,HGNC:40,ABCB1,ATP binding cassette subfamily B member 1,targets,DrugBank,NCBI,validated,previous_mapping
CHEMBL480,LANSOPRAZOLE,DB00448,Lansoprazole,P08684,1576,CYP3A4,HGNC:2637,CYP3A4,cytochrome P450 family 3 subfamily A member 4,targets,DrugBank,NCBI,validated,previous_mapping
CHEMBL480,LANSOPRAZOLE,DB00448,Lansoprazole,P10632,1558,CYP2C8,HGNC:2622,CYP2C8,cytochrome P450 family 2 subfamily C member 8,targets,DrugBank,NCBI,validated,previous_mapping
CHEMBL480,LANSOPRAZOLE,DB00448,Lansoprazole,P10635,1565,CYP2D6,HGNC:2625,CYP2D6,cytochrome P450 family 2 subfamily D member 6 (gene/pseudogene),targets,DrugBank,NCBI,validated,previous_mapping
CHEMBL480,LANSOPRAZOLE,DB00448,Lansoprazole,P10636,4137,MAPT,HGNC:6893,MAPT,microtubule associated protein tau,targets,DrugBank,NCBI,validated,previous_mapping
CHEMBL480,LANSOPRAZOLE,DB00448,Lansoprazole,P11712,1559,CYP2C9,HGNC:2623,CYP2C9,cytochrome P450 family 2 subfamily C member 9,targets,DrugBank,NCBI,validated,previous_mapping
CHEMBL480,LANSOPRAZOLE,DB00448,Lansoprazole,P20648,495,ATP4A,HGNC:819,ATP4A,ATPase H+/K+ transporting subunit alpha,targets,DrugBank,NCBI,validated,previous_mapping
CHEMBL480,LANSOPRAZOLE,DB00448,Lansoprazole,P33260,1562,CYP2C18,HGNC:2620,CYP2C18,cytochrome P450 family 2 subfamily C member 18,targets,DrugBank,NCBI,validated,previous_mapping
CHEMBL480,LANSOPRAZOLE,DB00448,Lansoprazole,P33261,1557,CYP2C19,HGNC:2621,CYP2C19,cytochrome P450 family 2 subfamily C member 19,targets,DrugBank,NCBI,validated,previous_mapping
CHEMBL480,LANSOPRAZOLE,DB00448,Lansoprazole,Q16678,1545,CYP1B1,HGNC:2597,CYP1B1,cytochrome P450 family 1 subfamily B member 1,targets,DrugBank,NCBI,validated,previous_mapping
CHEMBL480,LANSOPRAZOLE,DB00448,Lansoprazole,Q8TCC7,9376,SLC22A8,HGNC:10972,SLC22A8,solute carrier family 22 member 8,targets,DrugBank,NCBI,validated,previous_mapping
CHEMBL480,LANSOPRAZOLE,DB00448,Lansoprazole,Q9UNQ0,9429,ABCG2,HGNC:74,ABCG2,ATP binding cassette subfamily G member 2 (JR blood group),targets,DrugBank,NCBI,validated,previous_mapping
CHEMBL485,CODEINE,DB00318,Codeine,O15245,6580,SLC22A1,HGNC:10963,SLC22A1,solute carrier family 22 member 1,targets,DrugBank,NCBI,validated,previous_mapping
CHEMBL485,CODEINE,DB00318,Codeine,P06133,7363,UGT2B4,HGNC:12553,UGT2B4,UDP glucuronosyltransferase family 2 member B4,targets,DrugBank,NCBI,validated,previous_mapping
CHEMBL485,CODEINE,DB00318,Codeine,P08684,1576,CYP3A4,HGNC:2637,CYP3A4,cytochrome P450 family 3 subfamily A member 4,targets,DrugBank,NCBI,validated,previous_mapping
CHEMBL485,CODEINE,DB00318,Codeine,P10635,1565,CYP2D6,HGNC:2625,CYP2D6,cytochrome P450 family 2 subfamily D member 6 (gene/pseudogene),targets,DrugBank,NCBI,validated,previous_mapping
CHEMBL485,CODEINE,DB00318,Codeine,P16662,7364,UGT2B7,HGNC:12554,UGT2B7,UDP glucuronosyltransferase family 2 member B7,targets,DrugBank,NCBI,validated,previous_mapping
CHEMBL485,CODEINE,DB00318,Codeine,P35372,4988,OPRM1,HGNC:8156,OPRM1,opioid receptor mu 1,targets,DrugBank,NCBI,validated,previous_mapping
CHEMBL485,CODEINE,DB00318,Codeine,P41143,4985,OPRD1,HGNC:8153,OPRD1,opioid receptor delta 1,targets,DrugBank,NCBI,validated,previous_mapping
CHEMBL485,CODEINE,DB00318,Codeine,P41145,4986,OPRK1,HGNC:8154,OPRK1,opioid receptor kappa 1,targets,DrugBank,NCBI,validated,previous_mapping
CHEMBL49,BUSPIRONE,DB00490,Buspirone,P02763,5004,ORM1,HGNC:8498,ORM1,orosomucoid 1,targets,DrugBank,NCBI,validated,previous_mapping
CHEMBL49,BUSPIRONE,DB00490,Buspirone,P02768,213,ALB,HGNC:399,ALB,albumin,targets,DrugBank,NCBI,validated,previous_mapping
CHEMBL49,BUSPIRONE,DB00490,Buspirone,P08183,5243,ABCB1,HGNC:40,ABCB1,ATP binding cassette subfamily B member 1,targets,DrugBank,NCBI,validated,previous_mapping
CHEMBL49,BUSPIRONE,DB00490,Buspirone,P08684,1576,CYP3A4,HGNC:2637,CYP3A4,cytochrome P450 family 3 subfamily A member 4,targets,DrugBank,NCBI,validated,previous_mapping
CHEMBL49,BUSPIRONE,DB00490,Buspirone,P08908,3350,HTR1A,HGNC:5286,HTR1A,5-hydroxytryptamine receptor 1A,targets,DrugBank,NCBI,validated,previous_mapping
CHEMBL49,BUSPIRONE,DB00490,Buspirone,P10635,1565,CYP2D6,HGNC:2625,CYP2D6,cytochrome P450 family 2 subfamily D member 6 (gene/pseudogene),targets,DrugBank,NCBI,validated,previous_mapping
CHEMBL49,BUSPIRONE,DB00490,Buspirone,P14416,1813,DRD2,HGNC:3023,DRD2,dopamine receptor D2,targets,DrugBank,NCBI,validated,previous_mapping
CHEMBL49,BUSPIRONE,DB00490,Buspirone,P20815,1577,CYP3A5,HGNC:2638,CYP3A5,cytochrome P450 family 3 subfamily A member 5,targets,DrugBank,NCBI,validated,previous_mapping
CHEMBL49,BUSPIRONE,DB00490,Buspirone,P21917,1815,DRD4,HGNC:3025,DRD4,dopamine receptor D4,targets,DrugBank,NCBI,validated,previous_mapping
CHEMBL49,BUSPIRONE,DB00490,Buspirone,P24462,1551,CYP3A7,HGNC:2640,CYP3A7,cytochrome P450 family 3 subfamily A member 7,targets,DrugBank,NCBI,validated,previous_mapping
CHEMBL49,BUSPIRONE,DB00490,Buspirone,P25100,146,ADRA1D,HGNC:280,ADRA1D,adrenoceptor alpha 1D,targets,DrugBank,NCBI,validated,previous_mapping
CHEMBL49,BUSPIRONE,DB00490,Buspirone,P35348,148,ADRA1A,HGNC:277,ADRA1A,adrenoceptor alpha 1A,targets,DrugBank,NCBI,validated,previous_mapping
CHEMBL49,BUSPIRONE,DB00490,Buspirone,P35368,147,ADRA1B,HGNC:278,ADRA1B,adrenoceptor alpha 1B,targets,DrugBank,NCBI,validated,previous_mapping
CHEMBL49,BUSPIRONE,DB00490,Buspirone,P35462,1814,DRD3,HGNC:3024,DRD3,dopamine receptor D3,targets,DrugBank,NCBI,validated,previous_mapping
CHEMBL490,PAROXETINE,DB00715,Paroxetine,A5X5Y0,285242,HTR3E,HGNC:24005,HTR3E,5-hydroxytryptamine receptor 3E,targets,DrugBank,NCBI,validated,previous_mapping
CHEMBL490,PAROXETINE,DB00715,Paroxetine,O95264,9177,HTR3B,HGNC:5298,HTR3B,5-hydroxytryptamine receptor 3B,targets,DrugBank,NCBI,validated,previous_mapping
CHEMBL490,PAROXETINE,DB00715,Paroxetine,P05177,1544,CYP1A2,HGNC:2596,CYP1A2,cytochrome P450 family 1 subfamily A member 2,targets,DrugBank,NCBI,validated,previous_mapping
CHEMBL490,PAROXETINE,DB00715,Paroxetine,P07550,154,ADRB2,HGNC:286,ADRB2,adrenoceptor beta 2,targets,DrugBank,NCBI,validated,previous_mapping
CHEMBL490,PAROXETINE,DB00715,Paroxetine,P08172,1129,CHRM2,HGNC:1951,CHRM2,cholinergic receptor muscarinic 2,targets,DrugBank,NCBI,validated,previous_mapping
CHEMBL490,PAROXETINE,DB00715,Paroxetine,P08173,1132,CHRM4,HGNC:1953,CHRM4,cholinergic receptor muscarinic 4,targets,DrugBank,NCBI,validated,previous_mapping
CHEMBL490,PAROXETINE,DB00715,Paroxetine,P08183,5243,ABCB1,HGNC:40,ABCB1,ATP binding cassette subfamily B member 1,targets,DrugBank,NCBI,validated,previous_mapping
CHEMBL490,PAROXETINE,DB00715,Paroxetine,P08588,153,ADRB1,HGNC:285,ADRB1,adrenoceptor beta 1,targets,DrugBank,NCBI,validated,previous_mapping
CHEMBL490,PAROXETINE,DB00715,Paroxetine,P08684,1576,CYP3A4,HGNC:2637,CYP3A4,cytochrome P450 family 3 subfamily A member 4,targets,DrugBank,NCBI,validated,previous_mapping
CHEMBL490,PAROXETINE,DB00715,Paroxetine,P08908,3350,HTR1A,HGNC:5286,HTR1A,5-hydroxytryptamine receptor 1A,targets,DrugBank,NCBI,validated,previous_mapping
CHEMBL490,PAROXETINE,DB00715,Paroxetine,P08912,1133,CHRM5,HGNC:1954,CHRM5,cholinergic receptor muscarinic 5,targets,DrugBank,NCBI,validated,previous_mapping
CHEMBL490,PAROXETINE,DB00715,Paroxetine,P08913,150,ADRA2A,HGNC:281,ADRA2A,adrenoceptor alpha 2A,targets,DrugBank,NCBI,validated,previous_mapping
CHEMBL490,PAROXETINE,DB00715,Paroxetine,P10635,1565,CYP2D6,HGNC:2625,CYP2D6,cytochrome P450 family 2 subfamily D member 6 (gene/pseudogene),targets,DrugBank,NCBI,validated,previous_mapping
CHEMBL490,PAROXETINE,DB00715,Paroxetine,P11229,1128,CHRM1,HGNC:1950,CHRM1,cholinergic receptor muscarinic 1,targets,DrugBank,NCBI,validated,previous_mapping
CHEMBL490,PAROXETINE,DB00715,Paroxetine,P11712,1559,CYP2C9,HGNC:2623,CYP2C9,cytochrome P450 family 2 subfamily C member 9,targets,DrugBank,NCBI,validated,previous_mapping
CHEMBL490,PAROXETINE,DB00715,Paroxetine,P13945,155,ADRB3,HGNC:288,ADRB3,adrenoceptor beta 3,targets,DrugBank,NCBI,validated,previous_mapping
CHEMBL490,PAROXETINE,DB00715,Paroxetine,P14416,1813,DRD2,HGNC:3023,DRD2,dopamine receptor D2,targets,DrugBank,NCBI,validated,previous_mapping
CHEMBL490,PAROXETINE,DB00715,Paroxetine,P18089,151,ADRA2B,HGNC:282,ADRA2B,adrenoceptor alpha 2B,targets,DrugBank,NCBI,validated,previous_mapping
CHEMBL490,PAROXETINE,DB00715,Paroxetine,P18825,152,ADRA2C,HGNC:283,ADRA2C,adrenoceptor alpha 2C,targets,DrugBank,NCBI,validated,previous_mapping
CHEMBL490,PAROXETINE,DB00715,Paroxetine,P20309,1131,CHRM3,HGNC:1952,CHRM3,cholinergic receptor muscarinic 3,targets,DrugBank,NCBI,validated,previous_mapping
CHEMBL490,PAROXETINE,DB00715,Paroxetine,P20813,1555,CYP2B6,HGNC:2615,CYP2B6,cytochrome P450 family 2 subfamily B member 6,targets,DrugBank,NCBI,validated,previous_mapping
CHEMBL490,PAROXETINE,DB00715,Paroxetine,P21728,1812,DRD1,HGNC:3020,DRD1,dopamine receptor D1,targets,DrugBank,NCBI,validated,previous_mapping
CHEMBL490,PAROXETINE,DB00715,Paroxetine,P21918,1816,DRD5,HGNC:3026,DRD5,dopamine receptor D5,targets,DrugBank,NCBI,validated,previous_mapping
CHEMBL490,PAROXETINE,DB00715,Paroxetine,P23975,6530,SLC6A2,HGNC:11048,SLC6A2,solute carrier family 6 member 2,targets,DrugBank,NCBI,validated,previous_mapping
CHEMBL490,PAROXETINE,DB00715,Paroxetine,P25100,146,ADRA1D,HGNC:280,ADRA1D,adrenoceptor alpha 1D,targets,DrugBank,NCBI,validated,previous_mapping
CHEMBL490,PAROXETINE,DB00715,Paroxetine,P28221,3352,HTR1D,HGNC:5289,HTR1D,5-hydroxytryptamine receptor 1D,targets,DrugBank,NCBI,validated,previous_mapping
CHEMBL490,PAROXETINE,DB00715,Paroxetine,P28222,3351,HTR1B,HGNC:5287,HTR1B,5-hydroxytryptamine receptor 1B,targets,DrugBank,NCBI,validated,previous_mapping
CHEMBL490,PAROXETINE,DB00715,Paroxetine,P28223,3356,HTR2A,HGNC:5293,HTR2A,5-hydroxytryptamine receptor 2A,targets,DrugBank,NCBI,validated,previous_mapping
CHEMBL490,PAROXETINE,DB00715,Paroxetine,P28335,3358,HTR2C,HGNC:5295,HTR2C,5-hydroxytryptamine receptor 2C,targets,DrugBank,NCBI,validated,previous_mapping
CHEMBL490,PAROXETINE,DB00715,Paroxetine,P28566,3354,HTR1E,HGNC:5291,HTR1E,5-hydroxytryptamine receptor 1E,targets,DrugBank,NCBI,validated,previous_mapping
CHEMBL490,PAROXETINE,DB00715,Paroxetine,P30939,3355,HTR1F,HGNC:5292,HTR1F,5-hydroxytryptamine receptor 1F,targets,DrugBank,NCBI,validated,previous_mapping
CHEMBL490,PAROXETINE,DB00715,Paroxetine,P31645,6532,SLC6A4,HGNC:11050,SLC6A4,solute carrier family 6 member 4,targets,DrugBank,NCBI,validated,previous_mapping
CHEMBL490,PAROXETINE,DB00715,Paroxetine,P33261,1557,CYP2C19,HGNC:2621,CYP2C19,cytochrome P450 family 2 subfamily C member 19,targets,DrugBank,NCBI,validated,previous_mapping
CHEMBL490,PAROXETINE,DB00715,Paroxetine,P34969,3363,HTR7,HGNC:5302,HTR7,5-hydroxytryptamine receptor 7,targets,DrugBank,NCBI,validated,previous_mapping
CHEMBL490,PAROXETINE,DB00715,Paroxetine,P35348,148,ADRA1A,HGNC:277,ADRA1A,adrenoceptor alpha 1A,targets,DrugBank,NCBI,validated,previous_mapping
CHEMBL490,PAROXETINE,DB00715,Paroxetine,P35367,3269,HRH1,HGNC:5182,HRH1,histamine receptor H1,targets,DrugBank,NCBI,validated,previous_mapping
CHEMBL490,PAROXETINE,DB00715,Paroxetine,P35368,147,ADRA1B,HGNC:278,ADRA1B,adrenoceptor alpha 1B,targets,DrugBank,NCBI,validated,previous_mapping
CHEMBL490,PAROXETINE,DB00715,Paroxetine,P41595,3357,HTR2B,HGNC:5294,HTR2B,5-hydroxytryptamine receptor 2B,targets,DrugBank,NCBI,validated,previous_mapping
CHEMBL490,PAROXETINE,DB00715,Paroxetine,P46098,3359,HTR3A,HGNC:5297,HTR3A,5-hydroxytryptamine receptor 3A,targets,DrugBank,NCBI,validated,previous_mapping
CHEMBL490,PAROXETINE,DB00715,Paroxetine,P50406,3362,HTR6,HGNC:5301,HTR6,5-hydroxytryptamine receptor 6,targets,DrugBank,NCBI,validated,previous_mapping
CHEMBL490,PAROXETINE,DB00715,Paroxetine,Q13639,3360,HTR4,HGNC:5299,HTR4,5-hydroxytryptamine receptor 4,targets,DrugBank,NCBI,validated,previous_mapping
CHEMBL490,PAROXETINE,DB00715,Paroxetine,Q70Z44,200909,HTR3D,HGNC:24004,HTR3D,5-hydroxytryptamine receptor 3D,targets,DrugBank,NCBI,validated,previous_mapping
CHEMBL490,PAROXETINE,DB00715,Paroxetine,Q8WXA8,170572,HTR3C,HGNC:24003,HTR3C,5-hydroxytryptamine receptor 3C,targets,DrugBank,NCBI,validated,previous_mapping
CHEMBL493,BROMOCRIPTINE,DB01200,Bromocriptine,P08183,5243,ABCB1,HGNC:40,ABCB1,ATP binding cassette subfamily B member 1,targets,DrugBank,NCBI,validated,previous_mapping
CHEMBL493,BROMOCRIPTINE,DB01200,Bromocriptine,P08684,1576,CYP3A4,HGNC:2637,CYP3A4,cytochrome P450 family 3 subfamily A member 4,targets,DrugBank,NCBI,validated,previous_mapping
CHEMBL493,BROMOCRIPTINE,DB01200,Bromocriptine,P08908,3350,HTR1A,HGNC:5286,HTR1A,5-hydroxytryptamine receptor 1A,targets,DrugBank,NCBI,validated,previous_mapping
CHEMBL493,BROMOCRIPTINE,DB01200,Bromocriptine,P08913,150,ADRA2A,HGNC:281,ADRA2A,adrenoceptor alpha 2A,targets,DrugBank,NCBI,validated,previous_mapping
CHEMBL493,BROMOCRIPTINE,DB01200,Bromocriptine,P14416,1813,DRD2,HGNC:3023,DRD2,dopamine receptor D2,targets,DrugBank,NCBI,validated,previous_mapping
CHEMBL493,BROMOCRIPTINE,DB01200,Bromocriptine,P18089,151,ADRA2B,HGNC:282,ADRA2B,adrenoceptor alpha 2B,targets,DrugBank,NCBI,validated,previous_mapping
CHEMBL493,BROMOCRIPTINE,DB01200,Bromocriptine,P18825,152,ADRA2C,HGNC:283,ADRA2C,adrenoceptor alpha 2C,targets,DrugBank,NCBI,validated,previous_mapping
CHEMBL493,BROMOCRIPTINE,DB01200,Bromocriptine,P21728,1812,DRD1,HGNC:3020,DRD1,dopamine receptor D1,targets,DrugBank,NCBI,validated,previous_mapping
CHEMBL493,BROMOCRIPTINE,DB01200,Bromocriptine,P21917,1815,DRD4,HGNC:3025,DRD4,dopamine receptor D4,targets,DrugBank,NCBI,validated,previous_mapping
CHEMBL493,BROMOCRIPTINE,DB01200,Bromocriptine,P21918,1816,DRD5,HGNC:3026,DRD5,dopamine receptor D5,targets,DrugBank,NCBI,validated,previous_mapping
CHEMBL493,BROMOCRIPTINE,DB01200,Bromocriptine,P25100,146,ADRA1D,HGNC:280,ADRA1D,adrenoceptor alpha 1D,targets,DrugBank,NCBI,validated,previous_mapping
CHEMBL493,BROMOCRIPTINE,DB01200,Bromocriptine,P28221,3352,HTR1D,HGNC:5289,HTR1D,5-hydroxytryptamine receptor 1D,targets,DrugBank,NCBI,validated,previous_mapping
CHEMBL493,BROMOCRIPTINE,DB01200,Bromocriptine,P28222,3351,HTR1B,HGNC:5287,HTR1B,5-hydroxytryptamine receptor 1B,targets,DrugBank,NCBI,validated,previous_mapping
CHEMBL493,BROMOCRIPTINE,DB01200,Bromocriptine,P28223,3356,HTR2A,HGNC:5293,HTR2A,5-hydroxytryptamine receptor 2A,targets,DrugBank,NCBI,validated,previous_mapping
CHEMBL493,BROMOCRIPTINE,DB01200,Bromocriptine,P28335,3358,HTR2C,HGNC:5295,HTR2C,5-hydroxytryptamine receptor 2C,targets,DrugBank,NCBI,validated,previous_mapping
CHEMBL493,BROMOCRIPTINE,DB01200,Bromocriptine,P34969,3363,HTR7,HGNC:5302,HTR7,5-hydroxytryptamine receptor 7,targets,DrugBank,NCBI,validated,previous_mapping
CHEMBL493,BROMOCRIPTINE,DB01200,Bromocriptine,P35348,148,ADRA1A,HGNC:277,ADRA1A,adrenoceptor alpha 1A,targets,DrugBank,NCBI,validated,previous_mapping
CHEMBL493,BROMOCRIPTINE,DB01200,Bromocriptine,P35368,147,ADRA1B,HGNC:278,ADRA1B,adrenoceptor alpha 1B,targets,DrugBank,NCBI,validated,previous_mapping
CHEMBL493,BROMOCRIPTINE,DB01200,Bromocriptine,P35462,1814,DRD3,HGNC:3024,DRD3,dopamine receptor D3,targets,DrugBank,NCBI,validated,previous_mapping
CHEMBL493,BROMOCRIPTINE,DB01200,Bromocriptine,P41595,3357,HTR2B,HGNC:5294,HTR2B,5-hydroxytryptamine receptor 2B,targets,DrugBank,NCBI,validated,previous_mapping
CHEMBL493982,VORAPAXAR,DB09030,Vorapaxar,P08183,5243,ABCB1,HGNC:40,ABCB1,ATP binding cassette subfamily B member 1,targets,DrugBank,NCBI,validated,previous_mapping
CHEMBL493982,VORAPAXAR,DB09030,Vorapaxar,P08684,1576,CYP3A4,HGNC:2637,CYP3A4,cytochrome P450 family 3 subfamily A member 4,targets,DrugBank,NCBI,validated,previous_mapping
CHEMBL493982,VORAPAXAR,DB09030,Vorapaxar,P25116,2149,F2R,HGNC:3537,F2R,coagulation factor II thrombin receptor,targets,DrugBank,NCBI,validated,previous_mapping
CHEMBL493982,VORAPAXAR,DB09030,Vorapaxar,P51589,1573,CYP2J2,HGNC:2634,CYP2J2,cytochrome P450 family 2 subfamily J member 2,targets,DrugBank,NCBI,validated,previous_mapping
CHEMBL499,TIMOLOL,DB00373,Timolol,P07550,154,ADRB2,HGNC:286,ADRB2,adrenoceptor beta 2,targets,DrugBank,NCBI,validated,previous_mapping
CHEMBL499,TIMOLOL,DB00373,Timolol,P08183,5243,ABCB1,HGNC:40,ABCB1,ATP binding cassette subfamily B member 1,targets,DrugBank,NCBI,validated,previous_mapping
CHEMBL499,TIMOLOL,DB00373,Timolol,P08588,153,ADRB1,HGNC:285,ADRB1,adrenoceptor beta 1,targets,DrugBank,NCBI,validated,previous_mapping
CHEMBL499,TIMOLOL,DB00373,Timolol,P10635,1565,CYP2D6,HGNC:2625,CYP2D6,cytochrome P450 family 2 subfamily D member 6 (gene/pseudogene),targets,DrugBank,NCBI,validated,previous_mapping
CHEMBL499,TIMOLOL,DB00373,Timolol,P33261,1557,CYP2C19,HGNC:2621,CYP2C19,cytochrome P450 family 2 subfamily C member 19,targets,DrugBank,NCBI,validated,previous_mapping
CHEMBL5,NALIDIXIC ACID,DB00779,Nalidixic acid,P05177,1544,CYP1A2,HGNC:2596,CYP1A2,cytochrome P450 family 1 subfamily A member 2,targets,DrugBank,NCBI,validated,previous_mapping
CHEMBL5,NALIDIXIC ACID,DB00779,Nalidixic acid,P48775,6999,TDO2,HGNC:11708,TDO2,"tryptophan 2,3-dioxygenase",targets,DrugBank,NCBI,validated,previous_mapping
CHEMBL5,NALIDIXIC ACID,DB00779,Nalidixic acid,Q4U2R8,9356,SLC22A6,HGNC:10970,SLC22A6,solute carrier family 22 member 6,targets,DrugBank,NCBI,validated,previous_mapping
CHEMBL500,PINDOLOL,DB00960,Pindolol,P07550,154,ADRB2,HGNC:286,ADRB2,adrenoceptor beta 2,targets,DrugBank,NCBI,validated,previous_mapping
CHEMBL500,PINDOLOL,DB00960,Pindolol,P08588,153,ADRB1,HGNC:285,ADRB1,adrenoceptor beta 1,targets,DrugBank,NCBI,validated,previous_mapping
CHEMBL500,PINDOLOL,DB00960,Pindolol,P08908,3350,HTR1A,HGNC:5286,HTR1A,5-hydroxytryptamine receptor 1A,targets,DrugBank,NCBI,validated,previous_mapping
CHEMBL500,PINDOLOL,DB00960,Pindolol,P10635,1565,CYP2D6,HGNC:2625,CYP2D6,cytochrome P450 family 2 subfamily D member 6 (gene/pseudogene),targets,DrugBank,NCBI,validated,previous_mapping
CHEMBL500,PINDOLOL,DB00960,Pindolol,P13945,155,ADRB3,HGNC:288,ADRB3,adrenoceptor beta 3,targets,DrugBank,NCBI,validated,previous_mapping
CHEMBL500,PINDOLOL,DB00960,Pindolol,P28222,3351,HTR1B,HGNC:5287,HTR1B,5-hydroxytryptamine receptor 1B,targets,DrugBank,NCBI,validated,previous_mapping
CHEMBL502,DONEPEZIL,DB00843,Donepezil,O15399,2906,GRIN2D,HGNC:4588,GRIN2D,glutamate ionotropic receptor NMDA type subunit 2D,targets,DrugBank,NCBI,validated,previous_mapping
CHEMBL502,DONEPEZIL,DB00843,Donepezil,O60391,116444,GRIN3B,HGNC:16768,GRIN3B,glutamate ionotropic receptor NMDA type subunit 3B,targets,DrugBank,NCBI,validated,previous_mapping
CHEMBL502,DONEPEZIL,DB00843,Donepezil,P01584,3553,IL1B,HGNC:5992,IL1B,interleukin 1 beta,targets,DrugBank,NCBI,validated,previous_mapping
CHEMBL502,DONEPEZIL,DB00843,Donepezil,P06276,590,BCHE,HGNC:983,BCHE,butyrylcholinesterase,targets,DrugBank,NCBI,validated,previous_mapping
CHEMBL502,DONEPEZIL,DB00843,Donepezil,P08684,1576,CYP3A4,HGNC:2637,CYP3A4,cytochrome P450 family 3 subfamily A member 4,targets,DrugBank,NCBI,validated,previous_mapping
CHEMBL502,DONEPEZIL,DB00843,Donepezil,P10635,1565,CYP2D6,HGNC:2625,CYP2D6,cytochrome P450 family 2 subfamily D member 6 (gene/pseudogene),targets,DrugBank,NCBI,validated,previous_mapping
CHEMBL502,DONEPEZIL,DB00843,Donepezil,P11712,1559,CYP2C9,HGNC:2623,CYP2C9,cytochrome P450 family 2 subfamily C member 9,targets,DrugBank,NCBI,validated,previous_mapping
CHEMBL502,DONEPEZIL,DB00843,Donepezil,P19838,4790,NFKB1,HGNC:7794,NFKB1,nuclear factor kappa B subunit 1,targets,DrugBank,NCBI,validated,previous_mapping
CHEMBL502,DONEPEZIL,DB00843,Donepezil,P22303,43,ACHE,HGNC:108,ACHE,acetylcholinesterase (Yt blood group),targets,DrugBank,NCBI,validated,previous_mapping
CHEMBL502,DONEPEZIL,DB00843,Donepezil,P28223,3356,HTR2A,HGNC:5293,HTR2A,5-hydroxytryptamine receptor 2A,targets,DrugBank,NCBI,validated,previous_mapping
CHEMBL502,DONEPEZIL,DB00843,Donepezil,P29475,4842,NOS1,HGNC:7872,NOS1,nitric oxide synthase 1,targets,DrugBank,NCBI,validated,previous_mapping
CHEMBL502,DONEPEZIL,DB00843,Donepezil,P98066,7130,TNFAIP6,HGNC:11898,TNFAIP6,TNF alpha induced protein 6,targets,DrugBank,NCBI,validated,previous_mapping
CHEMBL502,DONEPEZIL,DB00843,Donepezil,Q00653,4791,NFKB2,HGNC:7795,NFKB2,nuclear factor kappa B subunit 2,targets,DrugBank,NCBI,validated,previous_mapping
CHEMBL502,DONEPEZIL,DB00843,Donepezil,Q05586,2902,GRIN1,HGNC:4584,GRIN1,glutamate ionotropic receptor NMDA type subunit 1,targets,DrugBank,NCBI,validated,previous_mapping
CHEMBL502,DONEPEZIL,DB00843,Donepezil,Q12879,2903,GRIN2A,HGNC:4585,GRIN2A,glutamate ionotropic receptor NMDA type subunit 2A,targets,DrugBank,NCBI,validated,previous_mapping
CHEMBL502,DONEPEZIL,DB00843,Donepezil,Q13224,2904,GRIN2B,HGNC:4586,GRIN2B,glutamate ionotropic receptor NMDA type subunit 2B,targets,DrugBank,NCBI,validated,previous_mapping
CHEMBL502,DONEPEZIL,DB00843,Donepezil,Q14957,2905,GRIN2C,HGNC:4587,GRIN2C,glutamate ionotropic receptor NMDA type subunit 2C,targets,DrugBank,NCBI,validated,previous_mapping
CHEMBL502,DONEPEZIL,DB00843,Donepezil,Q8TCU5,116443,GRIN3A,HGNC:16767,GRIN3A,glutamate ionotropic receptor NMDA type subunit 3A,targets,DrugBank,NCBI,validated,previous_mapping
CHEMBL502,DONEPEZIL,DB00843,Donepezil,Q9UNQ0,9429,ABCG2,HGNC:74,ABCG2,ATP binding cassette subfamily G member 2 (JR blood group),targets,DrugBank,NCBI,validated,previous_mapping
CHEMBL503,LOVASTATIN,DB00227,Lovastatin,O94956,11309,SLCO2B1,HGNC:10962,SLCO2B1,solute carrier organic anion transporter family member 2B1,targets,DrugBank,NCBI,validated,previous_mapping
CHEMBL503,LOVASTATIN,DB00227,Lovastatin,O95342,8647,ABCB11,HGNC:42,ABCB11,ATP binding cassette subfamily B member 11,targets,DrugBank,NCBI,validated,previous_mapping
CHEMBL503,LOVASTATIN,DB00227,Lovastatin,P02768,213,ALB,HGNC:399,ALB,albumin,targets,DrugBank,NCBI,validated,previous_mapping
CHEMBL503,LOVASTATIN,DB00227,Lovastatin,P04035,3156,HMGCR,HGNC:5006,HMGCR,3-hydroxy-3-methylglutaryl-CoA reductase,targets,DrugBank,NCBI,validated,previous_mapping
CHEMBL503,LOVASTATIN,DB00227,Lovastatin,P08183,5243,ABCB1,HGNC:40,ABCB1,ATP binding cassette subfamily B member 1,targets,DrugBank,NCBI,validated,previous_mapping
CHEMBL503,LOVASTATIN,DB00227,Lovastatin,P08684,1576,CYP3A4,HGNC:2637,CYP3A4,cytochrome P450 family 3 subfamily A member 4,targets,DrugBank,NCBI,validated,previous_mapping
CHEMBL503,LOVASTATIN,DB00227,Lovastatin,P10632,1558,CYP2C8,HGNC:2622,CYP2C8,cytochrome P450 family 2 subfamily C member 8,targets,DrugBank,NCBI,validated,previous_mapping
CHEMBL503,LOVASTATIN,DB00227,Lovastatin,P16662,7364,UGT2B7,HGNC:12554,UGT2B7,UDP glucuronosyltransferase family 2 member B7,targets,DrugBank,NCBI,validated,previous_mapping
CHEMBL503,LOVASTATIN,DB00227,Lovastatin,P20701,3683,ITGAL,HGNC:6148,ITGAL,integrin subunit alpha L,targets,DrugBank,NCBI,validated,previous_mapping
CHEMBL503,LOVASTATIN,DB00227,Lovastatin,P22309,54658,UGT1A1,HGNC:12530,UGT1A1,UDP glucuronosyltransferase family 1 member A1,targets,DrugBank,NCBI,validated,previous_mapping
CHEMBL503,LOVASTATIN,DB00227,Lovastatin,P33261,1557,CYP2C19,HGNC:2621,CYP2C19,cytochrome P450 family 2 subfamily C member 19,targets,DrugBank,NCBI,validated,previous_mapping
CHEMBL503,LOVASTATIN,DB00227,Lovastatin,P35503,54659,UGT1A3,HGNC:12535,UGT1A3,UDP glucuronosyltransferase family 1 member A3,targets,DrugBank,NCBI,validated,previous_mapping
CHEMBL503,LOVASTATIN,DB00227,Lovastatin,P46721,6579,SLCO1A2,HGNC:10956,SLCO1A2,solute carrier organic anion transporter family member 1A2,targets,DrugBank,NCBI,validated,previous_mapping
CHEMBL503,LOVASTATIN,DB00227,Lovastatin,Q15166,5446,PON3,HGNC:9206,PON3,paraoxonase 3,targets,DrugBank,NCBI,validated,previous_mapping
CHEMBL503,LOVASTATIN,DB00227,Lovastatin,Q92769,3066,HDAC2,HGNC:4853,HDAC2,histone deacetylase 2,targets,DrugBank,NCBI,validated,previous_mapping
CHEMBL503,LOVASTATIN,DB00227,Lovastatin,Q92887,1244,ABCC2,HGNC:53,ABCC2,ATP binding cassette subfamily C member 2,targets,DrugBank,NCBI,validated,previous_mapping
CHEMBL503,LOVASTATIN,DB00227,Lovastatin,Q9NPD5,28234,SLCO1B3,HGNC:10961,SLCO1B3,solute carrier organic anion transporter family member 1B3,targets,DrugBank,NCBI,validated,previous_mapping
CHEMBL503,LOVASTATIN,DB00227,Lovastatin,Q9Y6L6,10599,SLCO1B1,HGNC:10959,SLCO1B1,solute carrier organic anion transporter family member 1B1,targets,DrugBank,NCBI,validated,previous_mapping
CHEMBL505,CHLORPHENIRAMINE,DB01114,Chlorpheniramine,O15244,6582,SLC22A2,HGNC:10966,SLC22A2,solute carrier family 22 member 2,targets,DrugBank,NCBI,validated,previous_mapping
CHEMBL505,CHLORPHENIRAMINE,DB01114,Chlorpheniramine,O15245,6580,SLC22A1,HGNC:10963,SLC22A1,solute carrier family 22 member 1,targets,DrugBank,NCBI,validated,previous_mapping
CHEMBL505,CHLORPHENIRAMINE,DB01114,Chlorpheniramine,P08684,1576,CYP3A4,HGNC:2637,CYP3A4,cytochrome P450 family 3 subfamily A member 4,targets,DrugBank,NCBI,validated,previous_mapping
CHEMBL505,CHLORPHENIRAMINE,DB01114,Chlorpheniramine,P10635,1565,CYP2D6,HGNC:2625,CYP2D6,cytochrome P450 family 2 subfamily D member 6 (gene/pseudogene),targets,DrugBank,NCBI,validated,previous_mapping
CHEMBL505,CHLORPHENIRAMINE,DB01114,Chlorpheniramine,P20815,1577,CYP3A5,HGNC:2638,CYP3A5,cytochrome P450 family 3 subfamily A member 5,targets,DrugBank,NCBI,validated,previous_mapping
CHEMBL505,CHLORPHENIRAMINE,DB01114,Chlorpheniramine,P23975,6530,SLC6A2,HGNC:11048,SLC6A2,solute carrier family 6 member 2,targets,DrugBank,NCBI,validated,previous_mapping
CHEMBL505,CHLORPHENIRAMINE,DB01114,Chlorpheniramine,P24462,1551,CYP3A7,HGNC:2640,CYP3A7,cytochrome P450 family 3 subfamily A member 7,targets,DrugBank,NCBI,validated,previous_mapping
CHEMBL505,CHLORPHENIRAMINE,DB01114,Chlorpheniramine,P31645,6532,SLC6A4,HGNC:11050,SLC6A4,solute carrier family 6 member 4,targets,DrugBank,NCBI,validated,previous_mapping
CHEMBL505,CHLORPHENIRAMINE,DB01114,Chlorpheniramine,P35367,3269,HRH1,HGNC:5182,HRH1,histamine receptor H1,targets,DrugBank,NCBI,validated,previous_mapping
CHEMBL505,CHLORPHENIRAMINE,DB01114,Chlorpheniramine,Q01959,6531,SLC6A3,HGNC:11049,SLC6A3,solute carrier family 6 member 3,targets,DrugBank,NCBI,validated,previous_mapping
CHEMBL511,PYRILAMINE,DB06691,Mepyramine,O76082,6584,SLC22A5,HGNC:10969,SLC22A5,solute carrier family 22 member 5,targets,DrugBank,NCBI,validated,synonym_match
CHEMBL511,PYRILAMINE,DB06691,Mepyramine,P10635,1565,CYP2D6,HGNC:2625,CYP2D6,cytochrome P450 family 2 subfamily D member 6 (gene/pseudogene),targets,DrugBank,NCBI,validated,synonym_match
CHEMBL511,PYRILAMINE,DB06691,Mepyramine,P35367,3269,HRH1,HGNC:5182,HRH1,histamine receptor H1,targets,DrugBank,NCBI,validated,synonym_match
CHEMBL511,PYRILAMINE,DB06691,Mepyramine,Q9H015,6583,SLC22A4,HGNC:10968,SLC22A4,solute carrier family 22 member 4,targets,DrugBank,NCBI,validated,synonym_match
CHEMBL513,CARMUSTINE,DB00262,Carmustine,P00390,2936,GSR,HGNC:4623,GSR,glutathione-disulfide reductase,targets,DrugBank,NCBI,validated,previous_mapping
CHEMBL515,CHLORAMBUCIL,DB00291,Chlorambucil,P09211,2950,GSTP1,HGNC:4638,GSTP1,glutathione S-transferase pi 1,targets,DrugBank,NCBI,validated,previous_mapping
CHEMBL515,CHLORAMBUCIL,DB00291,Chlorambucil,P46721,6579,SLCO1A2,HGNC:10956,SLCO1A2,solute carrier organic anion transporter family member 1A2,targets,DrugBank,NCBI,validated,previous_mapping
CHEMBL521,IBUPROFEN,DB01050,Ibuprofen,O15439,10257,ABCC4,HGNC:55,ABCC4,ATP binding cassette subfamily C member 4 (PEL blood group),targets,DrugBank,NCBI,validated,previous_mapping
CHEMBL521,IBUPROFEN,DB01050,Ibuprofen,O60656,54600,UGT1A9,HGNC:12541,UGT1A9,UDP glucuronosyltransferase family 1 member A9,targets,DrugBank,NCBI,validated,previous_mapping
CHEMBL521,IBUPROFEN,DB01050,Ibuprofen,O94956,11309,SLCO2B1,HGNC:10962,SLCO2B1,solute carrier organic anion transporter family member 2B1,targets,DrugBank,NCBI,validated,previous_mapping
CHEMBL521,IBUPROFEN,DB01050,Ibuprofen,P02768,213,ALB,HGNC:399,ALB,albumin,targets,DrugBank,NCBI,validated,previous_mapping
CHEMBL521,IBUPROFEN,DB01050,Ibuprofen,P06133,7363,UGT2B4,HGNC:12553,UGT2B4,UDP glucuronosyltransferase family 2 member B4,targets,DrugBank,NCBI,validated,previous_mapping
CHEMBL521,IBUPROFEN,DB01050,Ibuprofen,P07204,7056,THBD,HGNC:11784,THBD,thrombomodulin,targets,DrugBank,NCBI,validated,previous_mapping
CHEMBL521,IBUPROFEN,DB01050,Ibuprofen,P07359,2811,GP1BA,HGNC:4439,GP1BA,glycoprotein Ib platelet subunit alpha,targets,DrugBank,NCBI,validated,previous_mapping
CHEMBL521,IBUPROFEN,DB01050,Ibuprofen,P08183,5243,ABCB1,HGNC:40,ABCB1,ATP binding cassette subfamily B member 1,targets,DrugBank,NCBI,validated,previous_mapping
CHEMBL521,IBUPROFEN,DB01050,Ibuprofen,P08684,1576,CYP3A4,HGNC:2637,CYP3A4,cytochrome P450 family 3 subfamily A member 4,targets,DrugBank,NCBI,validated,previous_mapping
CHEMBL521,IBUPROFEN,DB01050,Ibuprofen,P10415,596,BCL2,HGNC:990,BCL2,BCL2 apoptosis regulator,targets,DrugBank,NCBI,validated,previous_mapping
CHEMBL521,IBUPROFEN,DB01050,Ibuprofen,P10632,1558,CYP2C8,HGNC:2622,CYP2C8,cytochrome P450 family 2 subfamily C member 8,targets,DrugBank,NCBI,validated,previous_mapping
CHEMBL521,IBUPROFEN,DB01050,Ibuprofen,P11712,1559,CYP2C9,HGNC:2623,CYP2C9,cytochrome P450 family 2 subfamily C member 9,targets,DrugBank,NCBI,validated,previous_mapping
CHEMBL521,IBUPROFEN,DB01050,Ibuprofen,P12104,2169,FABP2,HGNC:3556,FABP2,fatty acid binding protein 2,targets,DrugBank,NCBI,validated,previous_mapping
CHEMBL521,IBUPROFEN,DB01050,Ibuprofen,P13569,1080,CFTR,HGNC:1884,CFTR,CF transmembrane conductance regulator,targets,DrugBank,NCBI,validated,previous_mapping
CHEMBL521,IBUPROFEN,DB01050,Ibuprofen,P16662,7364,UGT2B7,HGNC:12554,UGT2B7,UDP glucuronosyltransferase family 2 member B7,targets,DrugBank,NCBI,validated,previous_mapping
CHEMBL521,IBUPROFEN,DB01050,Ibuprofen,P23219,5742,PTGS1,HGNC:9604,PTGS1,prostaglandin-endoperoxide synthase 1,targets,DrugBank,NCBI,validated,previous_mapping
CHEMBL521,IBUPROFEN,DB01050,Ibuprofen,P31151,6278,S100A7,HGNC:10497,S100A7,S100 calcium binding protein A7,targets,DrugBank,NCBI,validated,previous_mapping
CHEMBL521,IBUPROFEN,DB01050,Ibuprofen,P33261,1557,CYP2C19,HGNC:2621,CYP2C19,cytochrome P450 family 2 subfamily C member 19,targets,DrugBank,NCBI,validated,previous_mapping
CHEMBL521,IBUPROFEN,DB01050,Ibuprofen,P33527,4363,ABCC1,HGNC:51,ABCC1,ATP binding cassette subfamily C member 1 (ABCC1 blood group),targets,DrugBank,NCBI,validated,previous_mapping
CHEMBL521,IBUPROFEN,DB01050,Ibuprofen,P35354,5743,PTGS2,HGNC:9605,PTGS2,prostaglandin-endoperoxide synthase 2,targets,DrugBank,NCBI,validated,previous_mapping
CHEMBL521,IBUPROFEN,DB01050,Ibuprofen,P35503,54659,UGT1A3,HGNC:12535,UGT1A3,UDP glucuronosyltransferase family 1 member A3,targets,DrugBank,NCBI,validated,previous_mapping
CHEMBL521,IBUPROFEN,DB01050,Ibuprofen,P37231,5468,PPARG,HGNC:9236,PPARG,peroxisome proliferator activated receptor gamma,targets,DrugBank,NCBI,validated,previous_mapping
CHEMBL521,IBUPROFEN,DB01050,Ibuprofen,P46721,6579,SLCO1A2,HGNC:10956,SLCO1A2,solute carrier organic anion transporter family member 1A2,targets,DrugBank,NCBI,validated,previous_mapping
CHEMBL521,IBUPROFEN,DB01050,Ibuprofen,Q07869,5465,PPARA,HGNC:9232,PPARA,peroxisome proliferator activated receptor alpha,targets,DrugBank,NCBI,validated,previous_mapping
CHEMBL521,IBUPROFEN,DB01050,Ibuprofen,Q4U2R8,9356,SLC22A6,HGNC:10970,SLC22A6,solute carrier family 22 member 6,targets,DrugBank,NCBI,validated,previous_mapping
CHEMBL521,IBUPROFEN,DB01050,Ibuprofen,Q8TCC7,9376,SLC22A8,HGNC:10972,SLC22A8,solute carrier family 22 member 8,targets,DrugBank,NCBI,validated,previous_mapping
CHEMBL521,IBUPROFEN,DB01050,Ibuprofen,Q9NSA0,55867,SLC22A11,HGNC:18120,SLC22A11,solute carrier family 22 member 11,targets,DrugBank,NCBI,validated,previous_mapping
CHEMBL521606,NADOLOL,DB01203,Nadolol,P02763,5004,ORM1,HGNC:8498,ORM1,orosomucoid 1,targets,DrugBank,NCBI,validated,previous_mapping
CHEMBL521606,NADOLOL,DB01203,Nadolol,P07550,154,ADRB2,HGNC:286,ADRB2,adrenoceptor beta 2,targets,DrugBank,NCBI,validated,previous_mapping
CHEMBL521606,NADOLOL,DB01203,Nadolol,P08183,5243,ABCB1,HGNC:40,ABCB1,ATP binding cassette subfamily B member 1,targets,DrugBank,NCBI,validated,previous_mapping
CHEMBL521606,NADOLOL,DB01203,Nadolol,P08588,153,ADRB1,HGNC:285,ADRB1,adrenoceptor beta 1,targets,DrugBank,NCBI,validated,previous_mapping
CHEMBL521606,NADOLOL,DB01203,Nadolol,P09086,5452,POU2F2,HGNC:9213,POU2F2,POU class 2 homeobox 2,targets,DrugBank,NCBI,validated,previous_mapping
CHEMBL521606,NADOLOL,DB01203,Nadolol,P14859,5451,POU2F1,HGNC:9212,POU2F1,POU class 2 homeobox 1,targets,DrugBank,NCBI,validated,previous_mapping
CHEMBL521606,NADOLOL,DB01203,Nadolol,P19652,5005,ORM2,HGNC:8499,ORM2,orosomucoid 2,targets,DrugBank,NCBI,validated,previous_mapping
CHEMBL521606,NADOLOL,DB01203,Nadolol,Q86VL8,146802,SLC47A2,HGNC:26439,SLC47A2,solute carrier family 47 member 2,targets,DrugBank,NCBI,validated,previous_mapping
CHEMBL521606,NADOLOL,DB01203,Nadolol,Q96FL8,55244,SLC47A1,HGNC:25588,SLC47A1,solute carrier family 47 member 1,targets,DrugBank,NCBI,validated,previous_mapping
CHEMBL52440,DEXTROMETHORPHAN,DB00514,Dextromethorphan,O00264,10857,PGRMC1,HGNC:16090,PGRMC1,progesterone receptor membrane component 1,targets,DrugBank,NCBI,validated,previous_mapping
CHEMBL52440,DEXTROMETHORPHAN,DB00514,Dextromethorphan,O75795,7367,UGT2B17,HGNC:12547,UGT2B17,UDP glucuronosyltransferase family 2 member B17,targets,DrugBank,NCBI,validated,previous_mapping
CHEMBL52440,DEXTROMETHORPHAN,DB00514,Dextromethorphan,P04839,1536,CYBB,HGNC:2578,CYBB,cytochrome b-245 beta chain,targets,DrugBank,NCBI,validated,previous_mapping
CHEMBL52440,DEXTROMETHORPHAN,DB00514,Dextromethorphan,P06133,7363,UGT2B4,HGNC:12553,UGT2B4,UDP glucuronosyltransferase family 2 member B4,targets,DrugBank,NCBI,validated,previous_mapping
CHEMBL52440,DEXTROMETHORPHAN,DB00514,Dextromethorphan,P08684,1576,CYP3A4,HGNC:2637,CYP3A4,cytochrome P450 family 3 subfamily A member 4,targets,DrugBank,NCBI,validated,previous_mapping
CHEMBL52440,DEXTROMETHORPHAN,DB00514,Dextromethorphan,P10635,1565,CYP2D6,HGNC:2625,CYP2D6,cytochrome P450 family 2 subfamily D member 6 (gene/pseudogene),targets,DrugBank,NCBI,validated,previous_mapping
CHEMBL52440,DEXTROMETHORPHAN,DB00514,Dextromethorphan,P11712,1559,CYP2C9,HGNC:2623,CYP2C9,cytochrome P450 family 2 subfamily C member 9,targets,DrugBank,NCBI,validated,previous_mapping
CHEMBL52440,DEXTROMETHORPHAN,DB00514,Dextromethorphan,P13498,1535,CYBA,HGNC:2577,CYBA,cytochrome b-245 alpha chain,targets,DrugBank,NCBI,validated,previous_mapping
CHEMBL52440,DEXTROMETHORPHAN,DB00514,Dextromethorphan,P14598,653361,NCF1,HGNC:7660,NCF1,neutrophil cytosolic factor 1,targets,DrugBank,NCBI,validated,previous_mapping
CHEMBL52440,DEXTROMETHORPHAN,DB00514,Dextromethorphan,P15153,5880,RAC2,HGNC:9802,RAC2,Rac family small GTPase 2,targets,DrugBank,NCBI,validated,previous_mapping
CHEMBL52440,DEXTROMETHORPHAN,DB00514,Dextromethorphan,P16662,7364,UGT2B7,HGNC:12554,UGT2B7,UDP glucuronosyltransferase family 2 member B7,targets,DrugBank,NCBI,validated,previous_mapping
CHEMBL52440,DEXTROMETHORPHAN,DB00514,Dextromethorphan,P17787,1141,CHRNB2,HGNC:1962,CHRNB2,cholinergic receptor nicotinic beta 2 subunit,targets,DrugBank,NCBI,validated,previous_mapping
CHEMBL52440,DEXTROMETHORPHAN,DB00514,Dextromethorphan,P19878,4688,NCF2,HGNC:7661,NCF2,neutrophil cytosolic factor 2,targets,DrugBank,NCBI,validated,previous_mapping
CHEMBL52440,DEXTROMETHORPHAN,DB00514,Dextromethorphan,P20813,1555,CYP2B6,HGNC:2615,CYP2B6,cytochrome P450 family 2 subfamily B member 6,targets,DrugBank,NCBI,validated,previous_mapping
CHEMBL52440,DEXTROMETHORPHAN,DB00514,Dextromethorphan,P23975,6530,SLC6A2,HGNC:11048,SLC6A2,solute carrier family 6 member 2,targets,DrugBank,NCBI,validated,previous_mapping
CHEMBL52440,DEXTROMETHORPHAN,DB00514,Dextromethorphan,P24462,1551,CYP3A7,HGNC:2640,CYP3A7,cytochrome P450 family 3 subfamily A member 7,targets,DrugBank,NCBI,validated,previous_mapping
CHEMBL52440,DEXTROMETHORPHAN,DB00514,Dextromethorphan,P30926,1143,CHRNB4,HGNC:1964,CHRNB4,cholinergic receptor nicotinic beta 4 subunit,targets,DrugBank,NCBI,validated,previous_mapping
CHEMBL52440,DEXTROMETHORPHAN,DB00514,Dextromethorphan,P31645,6532,SLC6A4,HGNC:11050,SLC6A4,solute carrier family 6 member 4,targets,DrugBank,NCBI,validated,previous_mapping
CHEMBL52440,DEXTROMETHORPHAN,DB00514,Dextromethorphan,P32297,1136,CHRNA3,HGNC:1957,CHRNA3,cholinergic receptor nicotinic alpha 3 subunit,targets,DrugBank,NCBI,validated,previous_mapping
CHEMBL52440,DEXTROMETHORPHAN,DB00514,Dextromethorphan,P33261,1557,CYP2C19,HGNC:2621,CYP2C19,cytochrome P450 family 2 subfamily C member 19,targets,DrugBank,NCBI,validated,previous_mapping
CHEMBL52440,DEXTROMETHORPHAN,DB00514,Dextromethorphan,P35372,4988,OPRM1,HGNC:8156,OPRM1,opioid receptor mu 1,targets,DrugBank,NCBI,validated,previous_mapping
CHEMBL52440,DEXTROMETHORPHAN,DB00514,Dextromethorphan,P36544,1139,CHRNA7,HGNC:1960,CHRNA7,cholinergic receptor nicotinic alpha 7 subunit,targets,DrugBank,NCBI,validated,previous_mapping
CHEMBL52440,DEXTROMETHORPHAN,DB00514,Dextromethorphan,P41143,4985,OPRD1,HGNC:8153,OPRD1,opioid receptor delta 1,targets,DrugBank,NCBI,validated,previous_mapping
CHEMBL52440,DEXTROMETHORPHAN,DB00514,Dextromethorphan,P41145,4986,OPRK1,HGNC:8154,OPRK1,opioid receptor kappa 1,targets,DrugBank,NCBI,validated,previous_mapping
CHEMBL52440,DEXTROMETHORPHAN,DB00514,Dextromethorphan,P43681,1137,CHRNA4,HGNC:1958,CHRNA4,cholinergic receptor nicotinic alpha 4 subunit,targets,DrugBank,NCBI,validated,previous_mapping
CHEMBL52440,DEXTROMETHORPHAN,DB00514,Dextromethorphan,P54855,7366,UGT2B15,HGNC:12546,UGT2B15,UDP glucuronosyltransferase family 2 member B15,targets,DrugBank,NCBI,validated,previous_mapping
CHEMBL52440,DEXTROMETHORPHAN,DB00514,Dextromethorphan,P63000,5879,RAC1,HGNC:9801,RAC1,Rac family small GTPase 1,targets,DrugBank,NCBI,validated,previous_mapping
CHEMBL52440,DEXTROMETHORPHAN,DB00514,Dextromethorphan,Q15080,4689,NCF4,HGNC:7662,NCF4,neutrophil cytosolic factor 4,targets,DrugBank,NCBI,validated,previous_mapping
CHEMBL52440,DEXTROMETHORPHAN,DB00514,Dextromethorphan,Q15822,1135,CHRNA2,HGNC:1956,CHRNA2,cholinergic receptor nicotinic alpha 2 subunit,targets,DrugBank,NCBI,validated,previous_mapping
CHEMBL52440,DEXTROMETHORPHAN,DB00514,Dextromethorphan,Q8TCU5,116443,GRIN3A,HGNC:16767,GRIN3A,glutamate ionotropic receptor NMDA type subunit 3A,targets,DrugBank,NCBI,validated,previous_mapping
CHEMBL52440,DEXTROMETHORPHAN,DB00514,Dextromethorphan,Q99720,10280,SIGMAR1,HGNC:8157,SIGMAR1,sigma receptor chaperone 1,targets,DrugBank,NCBI,validated,previous_mapping
CHEMBL526,PROPOFOL,DB00818,Propofol,O00519,2166,FAAH,HGNC:3553,FAAH,fatty acid amide hydrolase,targets,DrugBank,NCBI,validated,previous_mapping
CHEMBL526,PROPOFOL,DB00818,Propofol,O00591,2568,GABRP,HGNC:4089,GABRP,gamma-aminobutyric acid type A receptor subunit pi,targets,DrugBank,NCBI,validated,previous_mapping
CHEMBL526,PROPOFOL,DB00818,Propofol,O14764,2563,GABRD,HGNC:4084,GABRD,gamma-aminobutyric acid type A receptor subunit delta,targets,DrugBank,NCBI,validated,previous_mapping
CHEMBL526,PROPOFOL,DB00818,Propofol,O60656,54600,UGT1A9,HGNC:12541,UGT1A9,UDP glucuronosyltransferase family 1 member A9,targets,DrugBank,NCBI,validated,previous_mapping
CHEMBL526,PROPOFOL,DB00818,Propofol,P02768,213,ALB,HGNC:399,ALB,albumin,targets,DrugBank,NCBI,validated,previous_mapping
CHEMBL526,PROPOFOL,DB00818,Propofol,P04798,1543,CYP1A1,HGNC:2595,CYP1A1,cytochrome P450 family 1 subfamily A member 1,targets,DrugBank,NCBI,validated,previous_mapping
CHEMBL526,PROPOFOL,DB00818,Propofol,P05177,1544,CYP1A2,HGNC:2596,CYP1A2,cytochrome P450 family 1 subfamily A member 2,targets,DrugBank,NCBI,validated,previous_mapping
CHEMBL526,PROPOFOL,DB00818,Propofol,P05181,1571,CYP2E1,HGNC:2631,CYP2E1,cytochrome P450 family 2 subfamily E member 1,targets,DrugBank,NCBI,validated,previous_mapping
CHEMBL526,PROPOFOL,DB00818,Propofol,P08183,5243,ABCB1,HGNC:40,ABCB1,ATP binding cassette subfamily B member 1,targets,DrugBank,NCBI,validated,previous_mapping
CHEMBL526,PROPOFOL,DB00818,Propofol,P10632,1558,CYP2C8,HGNC:2622,CYP2C8,cytochrome P450 family 2 subfamily C member 8,targets,DrugBank,NCBI,validated,previous_mapping
CHEMBL526,PROPOFOL,DB00818,Propofol,P11712,1559,CYP2C9,HGNC:2623,CYP2C9,cytochrome P450 family 2 subfamily C member 9,targets,DrugBank,NCBI,validated,previous_mapping
CHEMBL526,PROPOFOL,DB00818,Propofol,P14867,2554,GABRA1,HGNC:4075,GABRA1,gamma-aminobutyric acid type A receptor subunit alpha1,targets,DrugBank,NCBI,validated,previous_mapping
CHEMBL526,PROPOFOL,DB00818,Propofol,P18505,2560,GABRB1,HGNC:4081,GABRB1,gamma-aminobutyric acid type A receptor subunit beta1,targets,DrugBank,NCBI,validated,previous_mapping
CHEMBL526,PROPOFOL,DB00818,Propofol,P18507,2566,GABRG2,HGNC:4087,GABRG2,gamma-aminobutyric acid type A receptor subunit gamma2,targets,DrugBank,NCBI,validated,previous_mapping
CHEMBL526,PROPOFOL,DB00818,Propofol,P19224,54578,UGT1A6,HGNC:12538,UGT1A6,UDP glucuronosyltransferase family 1 member A6,targets,DrugBank,NCBI,validated,previous_mapping
CHEMBL526,PROPOFOL,DB00818,Propofol,P20813,1555,CYP2B6,HGNC:2615,CYP2B6,cytochrome P450 family 2 subfamily B member 6,targets,DrugBank,NCBI,validated,previous_mapping
CHEMBL526,PROPOFOL,DB00818,Propofol,P22309,54658,UGT1A1,HGNC:12530,UGT1A1,UDP glucuronosyltransferase family 1 member A1,targets,DrugBank,NCBI,validated,previous_mapping
CHEMBL526,PROPOFOL,DB00818,Propofol,P28472,2562,GABRB3,HGNC:4083,GABRB3,gamma-aminobutyric acid type A receptor subunit beta3,targets,DrugBank,NCBI,validated,previous_mapping
CHEMBL526,PROPOFOL,DB00818,Propofol,P31644,2558,GABRA5,HGNC:4079,GABRA5,gamma-aminobutyric acid type A receptor subunit alpha5,targets,DrugBank,NCBI,validated,previous_mapping
CHEMBL526,PROPOFOL,DB00818,Propofol,P33260,1562,CYP2C18,HGNC:2620,CYP2C18,cytochrome P450 family 2 subfamily C member 18,targets,DrugBank,NCBI,validated,previous_mapping
CHEMBL526,PROPOFOL,DB00818,Propofol,P33261,1557,CYP2C19,HGNC:2621,CYP2C19,cytochrome P450 family 2 subfamily C member 19,targets,DrugBank,NCBI,validated,previous_mapping
CHEMBL526,PROPOFOL,DB00818,Propofol,P34903,2556,GABRA3,HGNC:4077,GABRA3,gamma-aminobutyric acid type A receptor subunit alpha3,targets,DrugBank,NCBI,validated,previous_mapping
CHEMBL526,PROPOFOL,DB00818,Propofol,P35499,6329,SCN4A,HGNC:10591,SCN4A,sodium voltage-gated channel alpha subunit 4,targets,DrugBank,NCBI,validated,previous_mapping
CHEMBL526,PROPOFOL,DB00818,Propofol,P47869,2555,GABRA2,HGNC:4076,GABRA2,gamma-aminobutyric acid type A receptor subunit alpha2,targets,DrugBank,NCBI,validated,previous_mapping
CHEMBL526,PROPOFOL,DB00818,Propofol,P47870,2561,GABRB2,HGNC:4082,GABRB2,gamma-aminobutyric acid type A receptor subunit beta2,targets,DrugBank,NCBI,validated,previous_mapping
CHEMBL526,PROPOFOL,DB00818,Propofol,P48169,2557,GABRA4,HGNC:4078,GABRA4,gamma-aminobutyric acid type A receptor subunit alpha4,targets,DrugBank,NCBI,validated,previous_mapping
CHEMBL526,PROPOFOL,DB00818,Propofol,P78334,2564,GABRE,HGNC:4085,GABRE,gamma-aminobutyric acid type A receptor subunit epsilon,targets,DrugBank,NCBI,validated,previous_mapping
CHEMBL526,PROPOFOL,DB00818,Propofol,Q16445,2559,GABRA6,HGNC:4080,GABRA6,gamma-aminobutyric acid type A receptor subunit alpha6,targets,DrugBank,NCBI,validated,previous_mapping
CHEMBL526,PROPOFOL,DB00818,Propofol,Q16678,1545,CYP1B1,HGNC:2597,CYP1B1,cytochrome P450 family 1 subfamily B member 1,targets,DrugBank,NCBI,validated,previous_mapping
CHEMBL526,PROPOFOL,DB00818,Propofol,Q8N1C3,2565,GABRG1,HGNC:4086,GABRG1,gamma-aminobutyric acid type A receptor subunit gamma1,targets,DrugBank,NCBI,validated,previous_mapping
CHEMBL526,PROPOFOL,DB00818,Propofol,Q99250,6326,SCN2A,HGNC:10588,SCN2A,sodium voltage-gated channel alpha subunit 2,targets,DrugBank,NCBI,validated,previous_mapping
CHEMBL526,PROPOFOL,DB00818,Propofol,Q99928,2567,GABRG3,HGNC:4088,GABRG3,gamma-aminobutyric acid type A receptor subunit gamma3,targets,DrugBank,NCBI,validated,previous_mapping
CHEMBL526,PROPOFOL,DB00818,Propofol,Q9HAW9,54576,UGT1A8,HGNC:12540,UGT1A8,UDP glucuronosyltransferase family 1 member A8,targets,DrugBank,NCBI,validated,previous_mapping
CHEMBL526,PROPOFOL,DB00818,Propofol,Q9UN88,55879,GABRQ,HGNC:14454,GABRQ,gamma-aminobutyric acid type A receptor subunit theta,targets,DrugBank,NCBI,validated,previous_mapping
CHEMBL527,PIROXICAM,DB00554,Piroxicam,O94956,11309,SLCO2B1,HGNC:10962,SLCO2B1,solute carrier organic anion transporter family member 2B1,targets,DrugBank,NCBI,validated,previous_mapping
CHEMBL527,PIROXICAM,DB00554,Piroxicam,P02768,213,ALB,HGNC:399,ALB,albumin,targets,DrugBank,NCBI,validated,previous_mapping
CHEMBL527,PIROXICAM,DB00554,Piroxicam,P10632,1558,CYP2C8,HGNC:2622,CYP2C8,cytochrome P450 family 2 subfamily C member 8,targets,DrugBank,NCBI,validated,previous_mapping
CHEMBL527,PIROXICAM,DB00554,Piroxicam,P11712,1559,CYP2C9,HGNC:2623,CYP2C9,cytochrome P450 family 2 subfamily C member 9,targets,DrugBank,NCBI,validated,previous_mapping
CHEMBL527,PIROXICAM,DB00554,Piroxicam,P23219,5742,PTGS1,HGNC:9604,PTGS1,prostaglandin-endoperoxide synthase 1,targets,DrugBank,NCBI,validated,previous_mapping
CHEMBL527,PIROXICAM,DB00554,Piroxicam,P35354,5743,PTGS2,HGNC:9605,PTGS2,prostaglandin-endoperoxide synthase 2,targets,DrugBank,NCBI,validated,previous_mapping
CHEMBL527,PIROXICAM,DB00554,Piroxicam,Q4U2R8,9356,SLC22A6,HGNC:10970,SLC22A6,solute carrier family 22 member 6,targets,DrugBank,NCBI,validated,previous_mapping
CHEMBL527,PIROXICAM,DB00554,Piroxicam,Q8TCC7,9376,SLC22A8,HGNC:10972,SLC22A8,solute carrier family 22 member 8,targets,DrugBank,NCBI,validated,previous_mapping
CHEMBL527,PIROXICAM,DB00554,Piroxicam,Q9NSA0,55867,SLC22A11,HGNC:18120,SLC22A11,solute carrier family 22 member 11,targets,DrugBank,NCBI,validated,previous_mapping
CHEMBL53,APOMORPHINE,DB00714,Apomorphine,O43704,27284,SULT1B1,HGNC:17845,SULT1B1,sulfotransferase family 1B member 1,targets,DrugBank,NCBI,validated,previous_mapping
CHEMBL53,APOMORPHINE,DB00714,Apomorphine,O60656,54600,UGT1A9,HGNC:12541,UGT1A9,UDP glucuronosyltransferase family 1 member A9,targets,DrugBank,NCBI,validated,previous_mapping
CHEMBL53,APOMORPHINE,DB00714,Apomorphine,P02768,213,ALB,HGNC:399,ALB,albumin,targets,DrugBank,NCBI,validated,previous_mapping
CHEMBL53,APOMORPHINE,DB00714,Apomorphine,P06133,7363,UGT2B4,HGNC:12553,UGT2B4,UDP glucuronosyltransferase family 2 member B4,targets,DrugBank,NCBI,validated,previous_mapping
CHEMBL53,APOMORPHINE,DB00714,Apomorphine,P08684,1576,CYP3A4,HGNC:2637,CYP3A4,cytochrome P450 family 3 subfamily A member 4,targets,DrugBank,NCBI,validated,previous_mapping
CHEMBL53,APOMORPHINE,DB00714,Apomorphine,P08908,3350,HTR1A,HGNC:5286,HTR1A,5-hydroxytryptamine receptor 1A,targets,DrugBank,NCBI,validated,previous_mapping
CHEMBL53,APOMORPHINE,DB00714,Apomorphine,P08913,150,ADRA2A,HGNC:281,ADRA2A,adrenoceptor alpha 2A,targets,DrugBank,NCBI,validated,previous_mapping
CHEMBL53,APOMORPHINE,DB00714,Apomorphine,P0DMM9,6818,SULT1A3,HGNC:11455,SULT1A3,sulfotransferase family 1A member 3,targets,DrugBank,NCBI,validated,previous_mapping
CHEMBL53,APOMORPHINE,DB00714,Apomorphine,P10632,1558,CYP2C8,HGNC:2622,CYP2C8,cytochrome P450 family 2 subfamily C member 8,targets,DrugBank,NCBI,validated,previous_mapping
CHEMBL53,APOMORPHINE,DB00714,Apomorphine,P14416,1813,DRD2,HGNC:3023,DRD2,dopamine receptor D2,targets,DrugBank,NCBI,validated,previous_mapping
CHEMBL53,APOMORPHINE,DB00714,Apomorphine,P16662,7364,UGT2B7,HGNC:12554,UGT2B7,UDP glucuronosyltransferase family 2 member B7,targets,DrugBank,NCBI,validated,previous_mapping
CHEMBL53,APOMORPHINE,DB00714,Apomorphine,P18089,151,ADRA2B,HGNC:282,ADRA2B,adrenoceptor alpha 2B,targets,DrugBank,NCBI,validated,previous_mapping
CHEMBL53,APOMORPHINE,DB00714,Apomorphine,P18825,152,ADRA2C,HGNC:283,ADRA2C,adrenoceptor alpha 2C,targets,DrugBank,NCBI,validated,previous_mapping
CHEMBL53,APOMORPHINE,DB00714,Apomorphine,P19224,54578,UGT1A6,HGNC:12538,UGT1A6,UDP glucuronosyltransferase family 1 member A6,targets,DrugBank,NCBI,validated,previous_mapping
CHEMBL53,APOMORPHINE,DB00714,Apomorphine,P20813,1555,CYP2B6,HGNC:2615,CYP2B6,cytochrome P450 family 2 subfamily B member 6,targets,DrugBank,NCBI,validated,previous_mapping
CHEMBL53,APOMORPHINE,DB00714,Apomorphine,P20815,1577,CYP3A5,HGNC:2638,CYP3A5,cytochrome P450 family 3 subfamily A member 5,targets,DrugBank,NCBI,validated,previous_mapping
CHEMBL53,APOMORPHINE,DB00714,Apomorphine,P21728,1812,DRD1,HGNC:3020,DRD1,dopamine receptor D1,targets,DrugBank,NCBI,validated,previous_mapping
CHEMBL53,APOMORPHINE,DB00714,Apomorphine,P21917,1815,DRD4,HGNC:3025,DRD4,dopamine receptor D4,targets,DrugBank,NCBI,validated,previous_mapping
CHEMBL53,APOMORPHINE,DB00714,Apomorphine,P21918,1816,DRD5,HGNC:3026,DRD5,dopamine receptor D5,targets,DrugBank,NCBI,validated,previous_mapping
CHEMBL53,APOMORPHINE,DB00714,Apomorphine,P21964,1312,COMT,HGNC:2228,COMT,catechol-O-methyltransferase,targets,DrugBank,NCBI,validated,previous_mapping
CHEMBL53,APOMORPHINE,DB00714,Apomorphine,P22309,54658,UGT1A1,HGNC:12530,UGT1A1,UDP glucuronosyltransferase family 1 member A1,targets,DrugBank,NCBI,validated,previous_mapping
CHEMBL53,APOMORPHINE,DB00714,Apomorphine,P22310,54657,UGT1A4,HGNC:12536,UGT1A4,UDP glucuronosyltransferase family 1 member A4,targets,DrugBank,NCBI,validated,previous_mapping
CHEMBL53,APOMORPHINE,DB00714,Apomorphine,P28221,3352,HTR1D,HGNC:5289,HTR1D,5-hydroxytryptamine receptor 1D,targets,DrugBank,NCBI,validated,previous_mapping
CHEMBL53,APOMORPHINE,DB00714,Apomorphine,P28222,3351,HTR1B,HGNC:5287,HTR1B,5-hydroxytryptamine receptor 1B,targets,DrugBank,NCBI,validated,previous_mapping
CHEMBL53,APOMORPHINE,DB00714,Apomorphine,P28223,3356,HTR2A,HGNC:5293,HTR2A,5-hydroxytryptamine receptor 2A,targets,DrugBank,NCBI,validated,previous_mapping
CHEMBL53,APOMORPHINE,DB00714,Apomorphine,P28335,3358,HTR2C,HGNC:5295,HTR2C,5-hydroxytryptamine receptor 2C,targets,DrugBank,NCBI,validated,previous_mapping
CHEMBL53,APOMORPHINE,DB00714,Apomorphine,P35462,1814,DRD3,HGNC:3024,DRD3,dopamine receptor D3,targets,DrugBank,NCBI,validated,previous_mapping
CHEMBL53,APOMORPHINE,DB00714,Apomorphine,P35503,54659,UGT1A3,HGNC:12535,UGT1A3,UDP glucuronosyltransferase family 1 member A3,targets,DrugBank,NCBI,validated,previous_mapping
CHEMBL53,APOMORPHINE,DB00714,Apomorphine,P41595,3357,HTR2B,HGNC:5294,HTR2B,5-hydroxytryptamine receptor 2B,targets,DrugBank,NCBI,validated,previous_mapping
CHEMBL53,APOMORPHINE,DB00714,Apomorphine,P49888,6783,SULT1E1,HGNC:11377,SULT1E1,sulfotransferase family 1E member 1,targets,DrugBank,NCBI,validated,previous_mapping
CHEMBL53,APOMORPHINE,DB00714,Apomorphine,P50225,6817,SULT1A1,HGNC:11453,SULT1A1,sulfotransferase family 1A member 1,targets,DrugBank,NCBI,validated,previous_mapping
CHEMBL53,APOMORPHINE,DB00714,Apomorphine,P50226,6799,SULT1A2,HGNC:11454,SULT1A2,sulfotransferase family 1A member 2,targets,DrugBank,NCBI,validated,previous_mapping
CHEMBL53,APOMORPHINE,DB00714,Apomorphine,P54855,7366,UGT2B15,HGNC:12546,UGT2B15,UDP glucuronosyltransferase family 2 member B15,targets,DrugBank,NCBI,validated,previous_mapping
CHEMBL53,APOMORPHINE,DB00714,Apomorphine,Q05940,6571,SLC18A2,HGNC:10935,SLC18A2,solute carrier family 18 member A2,targets,DrugBank,NCBI,validated,previous_mapping
CHEMBL53,APOMORPHINE,DB00714,Apomorphine,Q9HAW7,54577,UGT1A7,HGNC:12539,UGT1A7,UDP glucuronosyltransferase family 1 member A7,targets,DrugBank,NCBI,validated,previous_mapping
CHEMBL53,APOMORPHINE,DB00714,Apomorphine,Q9HAW8,54575,UGT1A10,HGNC:12531,UGT1A10,UDP glucuronosyltransferase family 1 member A10,targets,DrugBank,NCBI,validated,previous_mapping
CHEMBL53,APOMORPHINE,DB00714,Apomorphine,Q9HAW9,54576,UGT1A8,HGNC:12540,UGT1A8,UDP glucuronosyltransferase family 1 member A8,targets,DrugBank,NCBI,validated,previous_mapping
CHEMBL531,PERGOLIDE,DB01186,Pergolide,P08684,1576,CYP3A4,HGNC:2637,CYP3A4,cytochrome P450 family 3 subfamily A member 4,targets,DrugBank,NCBI,validated,previous_mapping
CHEMBL531,PERGOLIDE,DB01186,Pergolide,P08908,3350,HTR1A,HGNC:5286,HTR1A,5-hydroxytryptamine receptor 1A,targets,DrugBank,NCBI,validated,previous_mapping
CHEMBL531,PERGOLIDE,DB01186,Pergolide,P08913,150,ADRA2A,HGNC:281,ADRA2A,adrenoceptor alpha 2A,targets,DrugBank,NCBI,validated,previous_mapping
CHEMBL531,PERGOLIDE,DB01186,Pergolide,P14416,1813,DRD2,HGNC:3023,DRD2,dopamine receptor D2,targets,DrugBank,NCBI,validated,previous_mapping
CHEMBL531,PERGOLIDE,DB01186,Pergolide,P18089,151,ADRA2B,HGNC:282,ADRA2B,adrenoceptor alpha 2B,targets,DrugBank,NCBI,validated,previous_mapping
CHEMBL531,PERGOLIDE,DB01186,Pergolide,P18825,152,ADRA2C,HGNC:283,ADRA2C,adrenoceptor alpha 2C,targets,DrugBank,NCBI,validated,previous_mapping
CHEMBL531,PERGOLIDE,DB01186,Pergolide,P21728,1812,DRD1,HGNC:3020,DRD1,dopamine receptor D1,targets,DrugBank,NCBI,validated,previous_mapping
CHEMBL531,PERGOLIDE,DB01186,Pergolide,P21917,1815,DRD4,HGNC:3025,DRD4,dopamine receptor D4,targets,DrugBank,NCBI,validated,previous_mapping
CHEMBL531,PERGOLIDE,DB01186,Pergolide,P21918,1816,DRD5,HGNC:3026,DRD5,dopamine receptor D5,targets,DrugBank,NCBI,validated,previous_mapping
CHEMBL531,PERGOLIDE,DB01186,Pergolide,P25100,146,ADRA1D,HGNC:280,ADRA1D,adrenoceptor alpha 1D,targets,DrugBank,NCBI,validated,previous_mapping
CHEMBL531,PERGOLIDE,DB01186,Pergolide,P28221,3352,HTR1D,HGNC:5289,HTR1D,5-hydroxytryptamine receptor 1D,targets,DrugBank,NCBI,validated,previous_mapping
CHEMBL531,PERGOLIDE,DB01186,Pergolide,P28222,3351,HTR1B,HGNC:5287,HTR1B,5-hydroxytryptamine receptor 1B,targets,DrugBank,NCBI,validated,previous_mapping
CHEMBL531,PERGOLIDE,DB01186,Pergolide,P28223,3356,HTR2A,HGNC:5293,HTR2A,5-hydroxytryptamine receptor 2A,targets,DrugBank,NCBI,validated,previous_mapping
CHEMBL531,PERGOLIDE,DB01186,Pergolide,P28335,3358,HTR2C,HGNC:5295,HTR2C,5-hydroxytryptamine receptor 2C,targets,DrugBank,NCBI,validated,previous_mapping
CHEMBL531,PERGOLIDE,DB01186,Pergolide,P35348,148,ADRA1A,HGNC:277,ADRA1A,adrenoceptor alpha 1A,targets,DrugBank,NCBI,validated,previous_mapping
CHEMBL531,PERGOLIDE,DB01186,Pergolide,P35368,147,ADRA1B,HGNC:278,ADRA1B,adrenoceptor alpha 1B,targets,DrugBank,NCBI,validated,previous_mapping
CHEMBL531,PERGOLIDE,DB01186,Pergolide,P35462,1814,DRD3,HGNC:3024,DRD3,dopamine receptor D3,targets,DrugBank,NCBI,validated,previous_mapping
CHEMBL531,PERGOLIDE,DB01186,Pergolide,P41595,3357,HTR2B,HGNC:5294,HTR2B,5-hydroxytryptamine receptor 2B,targets,DrugBank,NCBI,validated,previous_mapping
CHEMBL5315124,LEVOFLOXACIN,DB01137,Levofloxacin,O15244,6582,SLC22A2,HGNC:10966,SLC22A2,solute carrier family 22 member 2,targets,DrugBank,NCBI,validated,previous_mapping
CHEMBL5315124,LEVOFLOXACIN,DB01137,Levofloxacin,O15245,6580,SLC22A1,HGNC:10963,SLC22A1,solute carrier family 22 member 1,targets,DrugBank,NCBI,validated,previous_mapping
CHEMBL5315124,LEVOFLOXACIN,DB01137,Levofloxacin,P02768,213,ALB,HGNC:399,ALB,albumin,targets,DrugBank,NCBI,validated,previous_mapping
CHEMBL5315124,LEVOFLOXACIN,DB01137,Levofloxacin,P05177,1544,CYP1A2,HGNC:2596,CYP1A2,cytochrome P450 family 1 subfamily A member 2,targets,DrugBank,NCBI,validated,previous_mapping
CHEMBL5315124,LEVOFLOXACIN,DB01137,Levofloxacin,P08183,5243,ABCB1,HGNC:40,ABCB1,ATP binding cassette subfamily B member 1,targets,DrugBank,NCBI,validated,previous_mapping
CHEMBL5315124,LEVOFLOXACIN,DB01137,Levofloxacin,P11712,1559,CYP2C9,HGNC:2623,CYP2C9,cytochrome P450 family 2 subfamily C member 9,targets,DrugBank,NCBI,validated,previous_mapping
CHEMBL5315124,LEVOFLOXACIN,DB01137,Levofloxacin,P46721,6579,SLCO1A2,HGNC:10956,SLCO1A2,solute carrier organic anion transporter family member 1A2,targets,DrugBank,NCBI,validated,previous_mapping
CHEMBL5315124,LEVOFLOXACIN,DB01137,Levofloxacin,Q6ZQN7,353189,SLCO4C1,HGNC:23612,SLCO4C1,solute carrier organic anion transporter family member 4C1,targets,DrugBank,NCBI,validated,previous_mapping
CHEMBL5315124,LEVOFLOXACIN,DB01137,Levofloxacin,Q86VL8,146802,SLC47A2,HGNC:26439,SLC47A2,solute carrier family 47 member 2,targets,DrugBank,NCBI,validated,previous_mapping
CHEMBL5315124,LEVOFLOXACIN,DB01137,Levofloxacin,Q96FL8,55244,SLC47A1,HGNC:25588,SLC47A1,solute carrier family 47 member 1,targets,DrugBank,NCBI,validated,previous_mapping
CHEMBL5315124,LEVOFLOXACIN,DB01137,Levofloxacin,Q9H015,6583,SLC22A4,HGNC:10968,SLC22A4,solute carrier family 22 member 4,targets,DrugBank,NCBI,validated,previous_mapping
CHEMBL535,SUNITINIB,DB01268,Sunitinib,O15439,10257,ABCC4,HGNC:55,ABCC4,ATP binding cassette subfamily C member 4 (PEL blood group),targets,DrugBank,NCBI,validated,previous_mapping
CHEMBL535,SUNITINIB,DB01268,Sunitinib,P07333,1436,CSF1R,HGNC:2433,CSF1R,colony stimulating factor 1 receptor,targets,DrugBank,NCBI,validated,previous_mapping
CHEMBL535,SUNITINIB,DB01268,Sunitinib,P08183,5243,ABCB1,HGNC:40,ABCB1,ATP binding cassette subfamily B member 1,targets,DrugBank,NCBI,validated,previous_mapping
CHEMBL535,SUNITINIB,DB01268,Sunitinib,P08684,1576,CYP3A4,HGNC:2637,CYP3A4,cytochrome P450 family 3 subfamily A member 4,targets,DrugBank,NCBI,validated,previous_mapping
CHEMBL535,SUNITINIB,DB01268,Sunitinib,P09619,5159,PDGFRB,HGNC:8804,PDGFRB,platelet derived growth factor receptor beta,targets,DrugBank,NCBI,validated,previous_mapping
CHEMBL535,SUNITINIB,DB01268,Sunitinib,P10721,3815,KIT,HGNC:6342,KIT,"KIT proto-oncogene, receptor tyrosine kinase",targets,DrugBank,NCBI,validated,previous_mapping
CHEMBL535,SUNITINIB,DB01268,Sunitinib,P16234,5156,PDGFRA,HGNC:8803,PDGFRA,platelet derived growth factor receptor alpha,targets,DrugBank,NCBI,validated,previous_mapping
CHEMBL535,SUNITINIB,DB01268,Sunitinib,P17948,2321,FLT1,HGNC:3763,FLT1,fms related receptor tyrosine kinase 1,targets,DrugBank,NCBI,validated,previous_mapping
CHEMBL535,SUNITINIB,DB01268,Sunitinib,P20815,1577,CYP3A5,HGNC:2638,CYP3A5,cytochrome P450 family 3 subfamily A member 5,targets,DrugBank,NCBI,validated,previous_mapping
CHEMBL535,SUNITINIB,DB01268,Sunitinib,P24462,1551,CYP3A7,HGNC:2640,CYP3A7,cytochrome P450 family 3 subfamily A member 7,targets,DrugBank,NCBI,validated,previous_mapping
CHEMBL535,SUNITINIB,DB01268,Sunitinib,P35916,2324,FLT4,HGNC:3767,FLT4,fms related receptor tyrosine kinase 4,targets,DrugBank,NCBI,validated,previous_mapping
CHEMBL535,SUNITINIB,DB01268,Sunitinib,P35968,3791,KDR,HGNC:6307,KDR,kinase insert domain receptor,targets,DrugBank,NCBI,validated,previous_mapping
CHEMBL535,SUNITINIB,DB01268,Sunitinib,P36888,2322,FLT3,HGNC:3765,FLT3,fms related receptor tyrosine kinase 3,targets,DrugBank,NCBI,validated,previous_mapping
CHEMBL535,SUNITINIB,DB01268,Sunitinib,Q92887,1244,ABCC2,HGNC:53,ABCC2,ATP binding cassette subfamily C member 2,targets,DrugBank,NCBI,validated,previous_mapping
CHEMBL535,SUNITINIB,DB01268,Sunitinib,Q9UNQ0,9429,ABCG2,HGNC:74,ABCG2,ATP binding cassette subfamily G member 2 (JR blood group),targets,DrugBank,NCBI,validated,previous_mapping
CHEMBL53904,ZUCLOPENTHIXOL,DB01624,Zuclopenthixol,P08684,1576,CYP3A4,HGNC:2637,CYP3A4,cytochrome P450 family 3 subfamily A member 4,targets,DrugBank,NCBI,validated,previous_mapping
CHEMBL53904,ZUCLOPENTHIXOL,DB01624,Zuclopenthixol,P08913,150,ADRA2A,HGNC:281,ADRA2A,adrenoceptor alpha 2A,targets,DrugBank,NCBI,validated,previous_mapping
CHEMBL53904,ZUCLOPENTHIXOL,DB01624,Zuclopenthixol,P10635,1565,CYP2D6,HGNC:2625,CYP2D6,cytochrome P450 family 2 subfamily D member 6 (gene/pseudogene),targets,DrugBank,NCBI,validated,previous_mapping
CHEMBL53904,ZUCLOPENTHIXOL,DB01624,Zuclopenthixol,P14416,1813,DRD2,HGNC:3023,DRD2,dopamine receptor D2,targets,DrugBank,NCBI,validated,previous_mapping
CHEMBL53904,ZUCLOPENTHIXOL,DB01624,Zuclopenthixol,P21728,1812,DRD1,HGNC:3020,DRD1,dopamine receptor D1,targets,DrugBank,NCBI,validated,previous_mapping
CHEMBL53904,ZUCLOPENTHIXOL,DB01624,Zuclopenthixol,P21918,1816,DRD5,HGNC:3026,DRD5,dopamine receptor D5,targets,DrugBank,NCBI,validated,previous_mapping
CHEMBL53904,ZUCLOPENTHIXOL,DB01624,Zuclopenthixol,P28223,3356,HTR2A,HGNC:5293,HTR2A,5-hydroxytryptamine receptor 2A,targets,DrugBank,NCBI,validated,previous_mapping
CHEMBL53904,ZUCLOPENTHIXOL,DB01624,Zuclopenthixol,P35348,148,ADRA1A,HGNC:277,ADRA1A,adrenoceptor alpha 1A,targets,DrugBank,NCBI,validated,previous_mapping
CHEMBL53904,ZUCLOPENTHIXOL,DB01624,Zuclopenthixol,P35367,3269,HRH1,HGNC:5182,HRH1,histamine receptor H1,targets,DrugBank,NCBI,validated,previous_mapping
CHEMBL54,HALOPERIDOL,DB00502,Haloperidol,O60656,54600,UGT1A9,HGNC:12541,UGT1A9,UDP glucuronosyltransferase family 1 member A9,targets,DrugBank,NCBI,validated,previous_mapping
CHEMBL54,HALOPERIDOL,DB00502,Haloperidol,P04798,1543,CYP1A1,HGNC:2595,CYP1A1,cytochrome P450 family 1 subfamily A member 1,targets,DrugBank,NCBI,validated,previous_mapping
CHEMBL54,HALOPERIDOL,DB00502,Haloperidol,P05177,1544,CYP1A2,HGNC:2596,CYP1A2,cytochrome P450 family 1 subfamily A member 2,targets,DrugBank,NCBI,validated,previous_mapping
CHEMBL54,HALOPERIDOL,DB00502,Haloperidol,P08183,5243,ABCB1,HGNC:40,ABCB1,ATP binding cassette subfamily B member 1,targets,DrugBank,NCBI,validated,previous_mapping
CHEMBL54,HALOPERIDOL,DB00502,Haloperidol,P08684,1576,CYP3A4,HGNC:2637,CYP3A4,cytochrome P450 family 3 subfamily A member 4,targets,DrugBank,NCBI,validated,previous_mapping
CHEMBL54,HALOPERIDOL,DB00502,Haloperidol,P08908,3350,HTR1A,HGNC:5286,HTR1A,5-hydroxytryptamine receptor 1A,targets,DrugBank,NCBI,validated,previous_mapping
CHEMBL54,HALOPERIDOL,DB00502,Haloperidol,P08913,150,ADRA2A,HGNC:281,ADRA2A,adrenoceptor alpha 2A,targets,DrugBank,NCBI,validated,previous_mapping
CHEMBL54,HALOPERIDOL,DB00502,Haloperidol,P10635,1565,CYP2D6,HGNC:2625,CYP2D6,cytochrome P450 family 2 subfamily D member 6 (gene/pseudogene),targets,DrugBank,NCBI,validated,previous_mapping
CHEMBL54,HALOPERIDOL,DB00502,Haloperidol,P11712,1559,CYP2C9,HGNC:2623,CYP2C9,cytochrome P450 family 2 subfamily C member 9,targets,DrugBank,NCBI,validated,previous_mapping
CHEMBL54,HALOPERIDOL,DB00502,Haloperidol,P14416,1813,DRD2,HGNC:3023,DRD2,dopamine receptor D2,targets,DrugBank,NCBI,validated,previous_mapping
CHEMBL54,HALOPERIDOL,DB00502,Haloperidol,P16152,873,CBR1,HGNC:1548,CBR1,carbonyl reductase 1,targets,DrugBank,NCBI,validated,previous_mapping
CHEMBL54,HALOPERIDOL,DB00502,Haloperidol,P18089,151,ADRA2B,HGNC:282,ADRA2B,adrenoceptor alpha 2B,targets,DrugBank,NCBI,validated,previous_mapping
CHEMBL54,HALOPERIDOL,DB00502,Haloperidol,P18825,152,ADRA2C,HGNC:283,ADRA2C,adrenoceptor alpha 2C,targets,DrugBank,NCBI,validated,previous_mapping
CHEMBL54,HALOPERIDOL,DB00502,Haloperidol,P20309,1131,CHRM3,HGNC:1952,CHRM3,cholinergic receptor muscarinic 3,targets,DrugBank,NCBI,validated,previous_mapping
CHEMBL54,HALOPERIDOL,DB00502,Haloperidol,P20815,1577,CYP3A5,HGNC:2638,CYP3A5,cytochrome P450 family 3 subfamily A member 5,targets,DrugBank,NCBI,validated,previous_mapping
CHEMBL54,HALOPERIDOL,DB00502,Haloperidol,P21728,1812,DRD1,HGNC:3020,DRD1,dopamine receptor D1,targets,DrugBank,NCBI,validated,previous_mapping
CHEMBL54,HALOPERIDOL,DB00502,Haloperidol,P24462,1551,CYP3A7,HGNC:2640,CYP3A7,cytochrome P450 family 3 subfamily A member 7,targets,DrugBank,NCBI,validated,previous_mapping
CHEMBL54,HALOPERIDOL,DB00502,Haloperidol,P28223,3356,HTR2A,HGNC:5293,HTR2A,5-hydroxytryptamine receptor 2A,targets,DrugBank,NCBI,validated,previous_mapping
CHEMBL54,HALOPERIDOL,DB00502,Haloperidol,P28335,3358,HTR2C,HGNC:5295,HTR2C,5-hydroxytryptamine receptor 2C,targets,DrugBank,NCBI,validated,previous_mapping
CHEMBL54,HALOPERIDOL,DB00502,Haloperidol,P33261,1557,CYP2C19,HGNC:2621,CYP2C19,cytochrome P450 family 2 subfamily C member 19,targets,DrugBank,NCBI,validated,previous_mapping
CHEMBL54,HALOPERIDOL,DB00502,Haloperidol,P34969,3363,HTR7,HGNC:5302,HTR7,5-hydroxytryptamine receptor 7,targets,DrugBank,NCBI,validated,previous_mapping
CHEMBL54,HALOPERIDOL,DB00502,Haloperidol,P35348,148,ADRA1A,HGNC:277,ADRA1A,adrenoceptor alpha 1A,targets,DrugBank,NCBI,validated,previous_mapping
CHEMBL54,HALOPERIDOL,DB00502,Haloperidol,P35367,3269,HRH1,HGNC:5182,HRH1,histamine receptor H1,targets,DrugBank,NCBI,validated,previous_mapping
CHEMBL54,HALOPERIDOL,DB00502,Haloperidol,P35462,1814,DRD3,HGNC:3024,DRD3,dopamine receptor D3,targets,DrugBank,NCBI,validated,previous_mapping
CHEMBL54,HALOPERIDOL,DB00502,Haloperidol,P50406,3362,HTR6,HGNC:5301,HTR6,5-hydroxytryptamine receptor 6,targets,DrugBank,NCBI,validated,previous_mapping
CHEMBL54,HALOPERIDOL,DB00502,Haloperidol,Q05940,6571,SLC18A2,HGNC:10935,SLC18A2,solute carrier family 18 member A2,targets,DrugBank,NCBI,validated,previous_mapping
CHEMBL54,HALOPERIDOL,DB00502,Haloperidol,Q13224,2904,GRIN2B,HGNC:4586,GRIN2B,glutamate ionotropic receptor NMDA type subunit 2B,targets,DrugBank,NCBI,validated,previous_mapping
CHEMBL54,HALOPERIDOL,DB00502,Haloperidol,Q99705,2847,MCHR1,HGNC:4479,MCHR1,melanin concentrating hormone receptor 1,targets,DrugBank,NCBI,validated,previous_mapping
CHEMBL54,HALOPERIDOL,DB00502,Haloperidol,Q99720,10280,SIGMAR1,HGNC:8157,SIGMAR1,sigma receptor chaperone 1,targets,DrugBank,NCBI,validated,previous_mapping
CHEMBL547,ISOTRETINOIN,DB00982,Isotretinoin,P02768,213,ALB,HGNC:399,ALB,albumin,targets,DrugBank,NCBI,validated,previous_mapping
CHEMBL547,ISOTRETINOIN,DB00982,Isotretinoin,P08684,1576,CYP3A4,HGNC:2637,CYP3A4,cytochrome P450 family 3 subfamily A member 4,targets,DrugBank,NCBI,validated,previous_mapping
CHEMBL547,ISOTRETINOIN,DB00982,Isotretinoin,P10276,5914,RARA,HGNC:9864,RARA,retinoic acid receptor alpha,targets,DrugBank,NCBI,validated,previous_mapping
CHEMBL547,ISOTRETINOIN,DB00982,Isotretinoin,P13631,5916,RARG,HGNC:9866,RARG,retinoic acid receptor gamma,targets,DrugBank,NCBI,validated,previous_mapping
CHEMBL548,DINOPROSTONE,DB00917,Dinoprostone,O15244,6582,SLC22A2,HGNC:10966,SLC22A2,solute carrier family 22 member 2,targets,DrugBank,NCBI,validated,previous_mapping
CHEMBL548,DINOPROSTONE,DB00917,Dinoprostone,O15439,10257,ABCC4,HGNC:55,ABCC4,ATP binding cassette subfamily C member 4 (PEL blood group),targets,DrugBank,NCBI,validated,previous_mapping
CHEMBL548,DINOPROSTONE,DB00917,Dinoprostone,O15440,10057,ABCC5,HGNC:56,ABCC5,ATP binding cassette subfamily C member 5,targets,DrugBank,NCBI,validated,previous_mapping
CHEMBL548,DINOPROSTONE,DB00917,Dinoprostone,O94956,11309,SLCO2B1,HGNC:10962,SLCO2B1,solute carrier organic anion transporter family member 2B1,targets,DrugBank,NCBI,validated,previous_mapping
CHEMBL548,DINOPROSTONE,DB00917,Dinoprostone,P34995,5731,PTGER1,HGNC:9593,PTGER1,prostaglandin E receptor 1,targets,DrugBank,NCBI,validated,previous_mapping
CHEMBL548,DINOPROSTONE,DB00917,Dinoprostone,P35408,5734,PTGER4,HGNC:9596,PTGER4,prostaglandin E receptor 4,targets,DrugBank,NCBI,validated,previous_mapping
CHEMBL548,DINOPROSTONE,DB00917,Dinoprostone,P43115,5733,PTGER3,HGNC:9595,PTGER3,prostaglandin E receptor 3,targets,DrugBank,NCBI,validated,previous_mapping
CHEMBL548,DINOPROSTONE,DB00917,Dinoprostone,P43116,5732,PTGER2,HGNC:9594,PTGER2,prostaglandin E receptor 2,targets,DrugBank,NCBI,validated,previous_mapping
CHEMBL548,DINOPROSTONE,DB00917,Dinoprostone,P46721,6579,SLCO1A2,HGNC:10956,SLCO1A2,solute carrier organic anion transporter family member 1A2,targets,DrugBank,NCBI,validated,previous_mapping
CHEMBL548,DINOPROSTONE,DB00917,Dinoprostone,Q4U2R8,9356,SLC22A6,HGNC:10970,SLC22A6,solute carrier family 22 member 6,targets,DrugBank,NCBI,validated,previous_mapping
CHEMBL548,DINOPROSTONE,DB00917,Dinoprostone,Q86UW1,200931,SLC51A,HGNC:29955,SLC51A,solute carrier family 51 member A,targets,DrugBank,NCBI,validated,previous_mapping
CHEMBL548,DINOPROSTONE,DB00917,Dinoprostone,Q86UW2,123264,SLC51B,HGNC:29956,SLC51B,SLC51 subunit beta,targets,DrugBank,NCBI,validated,previous_mapping
CHEMBL548,DINOPROSTONE,DB00917,Dinoprostone,Q8TCC7,9376,SLC22A8,HGNC:10972,SLC22A8,solute carrier family 22 member 8,targets,DrugBank,NCBI,validated,previous_mapping
CHEMBL548,DINOPROSTONE,DB00917,Dinoprostone,Q92959,6578,SLCO2A1,HGNC:10955,SLCO2A1,solute carrier organic anion transporter family member 2A1,targets,DrugBank,NCBI,validated,previous_mapping
CHEMBL548,DINOPROSTONE,DB00917,Dinoprostone,Q96BD0,28231,SLCO4A1,HGNC:10953,SLCO4A1,solute carrier organic anion transporter family member 4A1,targets,DrugBank,NCBI,validated,previous_mapping
CHEMBL548,DINOPROSTONE,DB00917,Dinoprostone,Q9NSA0,55867,SLC22A11,HGNC:18120,SLC22A11,solute carrier family 22 member 11,targets,DrugBank,NCBI,validated,previous_mapping
CHEMBL548,DINOPROSTONE,DB00917,Dinoprostone,Q9NYB5,53919,SLCO1C1,HGNC:13819,SLCO1C1,solute carrier organic anion transporter family member 1C1,targets,DrugBank,NCBI,validated,previous_mapping
CHEMBL548,DINOPROSTONE,DB00917,Dinoprostone,Q9UIG8,28232,SLCO3A1,HGNC:10952,SLCO3A1,solute carrier organic anion transporter family member 3A1,targets,DrugBank,NCBI,validated,previous_mapping
CHEMBL548,DINOPROSTONE,DB00917,Dinoprostone,Q9Y5Y4,11251,PTGDR2,HGNC:4502,PTGDR2,prostaglandin D2 receptor 2,targets,DrugBank,NCBI,validated,previous_mapping
CHEMBL548,DINOPROSTONE,DB00917,Dinoprostone,Q9Y694,10864,SLC22A7,HGNC:10971,SLC22A7,solute carrier family 22 member 7,targets,DrugBank,NCBI,validated,previous_mapping
CHEMBL548,DINOPROSTONE,DB00917,Dinoprostone,Q9Y6L6,10599,SLCO1B1,HGNC:10959,SLCO1B1,solute carrier organic anion transporter family member 1B1,targets,DrugBank,NCBI,validated,previous_mapping
CHEMBL549,CITALOPRAM,DB00215,Citalopram,P05177,1544,CYP1A2,HGNC:2596,CYP1A2,cytochrome P450 family 1 subfamily A member 2,targets,DrugBank,NCBI,validated,previous_mapping
CHEMBL549,CITALOPRAM,DB00215,Citalopram,P08183,5243,ABCB1,HGNC:40,ABCB1,ATP binding cassette subfamily B member 1,targets,DrugBank,NCBI,validated,previous_mapping
CHEMBL549,CITALOPRAM,DB00215,Citalopram,P08684,1576,CYP3A4,HGNC:2637,CYP3A4,cytochrome P450 family 3 subfamily A member 4,targets,DrugBank,NCBI,validated,previous_mapping
CHEMBL549,CITALOPRAM,DB00215,Citalopram,P10635,1565,CYP2D6,HGNC:2625,CYP2D6,cytochrome P450 family 2 subfamily D member 6 (gene/pseudogene),targets,DrugBank,NCBI,validated,previous_mapping
CHEMBL549,CITALOPRAM,DB00215,Citalopram,P31645,6532,SLC6A4,HGNC:11050,SLC6A4,solute carrier family 6 member 4,targets,DrugBank,NCBI,validated,previous_mapping
CHEMBL549,CITALOPRAM,DB00215,Citalopram,P33261,1557,CYP2C19,HGNC:2621,CYP2C19,cytochrome P450 family 2 subfamily C member 19,targets,DrugBank,NCBI,validated,previous_mapping
CHEMBL549,CITALOPRAM,DB00215,Citalopram,P35367,3269,HRH1,HGNC:5182,HRH1,histamine receptor H1,targets,DrugBank,NCBI,validated,previous_mapping
CHEMBL54976,TRYPTOPHAN,DB00150,Tryptophan,P14902,3620,IDO1,HGNC:6059,IDO1,"indoleamine 2,3-dioxygenase 1",targets,DrugBank,NCBI,validated,previous_mapping
CHEMBL54976,TRYPTOPHAN,DB00150,Tryptophan,P17752,7166,TPH1,HGNC:12008,TPH1,tryptophan hydroxylase 1,targets,DrugBank,NCBI,validated,previous_mapping
CHEMBL54976,TRYPTOPHAN,DB00150,Tryptophan,P20711,1644,DDC,HGNC:2719,DDC,dopa decarboxylase,targets,DrugBank,NCBI,validated,previous_mapping
CHEMBL54976,TRYPTOPHAN,DB00150,Tryptophan,P23381,7453,WARS1,HGNC:12729,WARS1,tryptophanyl-tRNA synthetase 1,targets,DrugBank,NCBI,validated,previous_mapping
CHEMBL54976,TRYPTOPHAN,DB00150,Tryptophan,P36021,6567,SLC16A2,HGNC:10923,SLC16A2,solute carrier family 16 member 2,targets,DrugBank,NCBI,validated,previous_mapping
CHEMBL54976,TRYPTOPHAN,DB00150,Tryptophan,P48775,6999,TDO2,HGNC:11708,TDO2,"tryptophan 2,3-dioxygenase",targets,DrugBank,NCBI,validated,previous_mapping
CHEMBL54976,TRYPTOPHAN,DB00150,Tryptophan,Q8IWU9,121278,TPH2,HGNC:20692,TPH2,tryptophan hydroxylase 2,targets,DrugBank,NCBI,validated,previous_mapping
CHEMBL54976,TRYPTOPHAN,DB00150,Tryptophan,Q8TF71,117247,SLC16A10,HGNC:17027,SLC16A10,solute carrier family 16 member 10,targets,DrugBank,NCBI,validated,previous_mapping
CHEMBL54976,TRYPTOPHAN,DB00150,Tryptophan,Q9UGM6,10352,WARS2,HGNC:12730,WARS2,"tryptophanyl tRNA synthetase 2, mitochondrial",targets,DrugBank,NCBI,validated,previous_mapping
CHEMBL553,ERLOTINIB,DB00530,Erlotinib,O75469,8856,NR1I2,HGNC:7968,NR1I2,nuclear receptor subfamily 1 group I member 2,targets,DrugBank,NCBI,validated,previous_mapping
CHEMBL553,ERLOTINIB,DB00530,Erlotinib,O94956,11309,SLCO2B1,HGNC:10962,SLCO2B1,solute carrier organic anion transporter family member 2B1,targets,DrugBank,NCBI,validated,previous_mapping
CHEMBL553,ERLOTINIB,DB00530,Erlotinib,P00533,1956,EGFR,HGNC:3236,EGFR,epidermal growth factor receptor,targets,DrugBank,NCBI,validated,previous_mapping
CHEMBL553,ERLOTINIB,DB00530,Erlotinib,P02763,5004,ORM1,HGNC:8498,ORM1,orosomucoid 1,targets,DrugBank,NCBI,validated,previous_mapping
CHEMBL553,ERLOTINIB,DB00530,Erlotinib,P02768,213,ALB,HGNC:399,ALB,albumin,targets,DrugBank,NCBI,validated,previous_mapping
CHEMBL553,ERLOTINIB,DB00530,Erlotinib,P04798,1543,CYP1A1,HGNC:2595,CYP1A1,cytochrome P450 family 1 subfamily A member 1,targets,DrugBank,NCBI,validated,previous_mapping
CHEMBL553,ERLOTINIB,DB00530,Erlotinib,P05177,1544,CYP1A2,HGNC:2596,CYP1A2,cytochrome P450 family 1 subfamily A member 2,targets,DrugBank,NCBI,validated,previous_mapping
CHEMBL553,ERLOTINIB,DB00530,Erlotinib,P08183,5243,ABCB1,HGNC:40,ABCB1,ATP binding cassette subfamily B member 1,targets,DrugBank,NCBI,validated,previous_mapping
CHEMBL553,ERLOTINIB,DB00530,Erlotinib,P08684,1576,CYP3A4,HGNC:2637,CYP3A4,cytochrome P450 family 3 subfamily A member 4,targets,DrugBank,NCBI,validated,previous_mapping
CHEMBL553,ERLOTINIB,DB00530,Erlotinib,P10632,1558,CYP2C8,HGNC:2622,CYP2C8,cytochrome P450 family 2 subfamily C member 8,targets,DrugBank,NCBI,validated,previous_mapping
CHEMBL553,ERLOTINIB,DB00530,Erlotinib,P10635,1565,CYP2D6,HGNC:2625,CYP2D6,cytochrome P450 family 2 subfamily D member 6 (gene/pseudogene),targets,DrugBank,NCBI,validated,previous_mapping
CHEMBL553,ERLOTINIB,DB00530,Erlotinib,P20815,1577,CYP3A5,HGNC:2638,CYP3A5,cytochrome P450 family 3 subfamily A member 5,targets,DrugBank,NCBI,validated,previous_mapping
CHEMBL553,ERLOTINIB,DB00530,Erlotinib,P22309,54658,UGT1A1,HGNC:12530,UGT1A1,UDP glucuronosyltransferase family 1 member A1,targets,DrugBank,NCBI,validated,previous_mapping
CHEMBL553,ERLOTINIB,DB00530,Erlotinib,Q16678,1545,CYP1B1,HGNC:2597,CYP1B1,cytochrome P450 family 1 subfamily B member 1,targets,DrugBank,NCBI,validated,previous_mapping
CHEMBL553,ERLOTINIB,DB00530,Erlotinib,Q9UNQ0,9429,ABCG2,HGNC:74,ABCG2,ATP binding cassette subfamily G member 2 (JR blood group),targets,DrugBank,NCBI,validated,previous_mapping
CHEMBL558,MEXILETINE,DB00379,Mexiletine,P05177,1544,CYP1A2,HGNC:2596,CYP1A2,cytochrome P450 family 1 subfamily A member 2,targets,DrugBank,NCBI,validated,previous_mapping
CHEMBL558,MEXILETINE,DB00379,Mexiletine,P05181,1571,CYP2E1,HGNC:2631,CYP2E1,cytochrome P450 family 2 subfamily E member 1,targets,DrugBank,NCBI,validated,previous_mapping
CHEMBL558,MEXILETINE,DB00379,Mexiletine,P08684,1576,CYP3A4,HGNC:2637,CYP3A4,cytochrome P450 family 3 subfamily A member 4,targets,DrugBank,NCBI,validated,previous_mapping
CHEMBL558,MEXILETINE,DB00379,Mexiletine,P10635,1565,CYP2D6,HGNC:2625,CYP2D6,cytochrome P450 family 2 subfamily D member 6 (gene/pseudogene),targets,DrugBank,NCBI,validated,previous_mapping
CHEMBL558,MEXILETINE,DB00379,Mexiletine,P20813,1555,CYP2B6,HGNC:2615,CYP2B6,cytochrome P450 family 2 subfamily B member 6,targets,DrugBank,NCBI,validated,previous_mapping
CHEMBL558,MEXILETINE,DB00379,Mexiletine,P35869,196,AHR,HGNC:348,AHR,aryl hydrocarbon receptor,targets,DrugBank,NCBI,validated,previous_mapping
CHEMBL558,MEXILETINE,DB00379,Mexiletine,Q14524,6331,SCN5A,HGNC:10593,SCN5A,sodium voltage-gated channel alpha subunit 5,targets,DrugBank,NCBI,validated,previous_mapping
CHEMBL564,PROMAZINE,DB00420,Promazine,P05177,1544,CYP1A2,HGNC:2596,CYP1A2,cytochrome P450 family 1 subfamily A member 2,targets,DrugBank,NCBI,validated,previous_mapping
CHEMBL564,PROMAZINE,DB00420,Promazine,P08684,1576,CYP3A4,HGNC:2637,CYP3A4,cytochrome P450 family 3 subfamily A member 4,targets,DrugBank,NCBI,validated,previous_mapping
CHEMBL564,PROMAZINE,DB00420,Promazine,P10635,1565,CYP2D6,HGNC:2625,CYP2D6,cytochrome P450 family 2 subfamily D member 6 (gene/pseudogene),targets,DrugBank,NCBI,validated,previous_mapping
CHEMBL564,PROMAZINE,DB00420,Promazine,P11229,1128,CHRM1,HGNC:1950,CHRM1,cholinergic receptor muscarinic 1,targets,DrugBank,NCBI,validated,previous_mapping
CHEMBL564,PROMAZINE,DB00420,Promazine,P11712,1559,CYP2C9,HGNC:2623,CYP2C9,cytochrome P450 family 2 subfamily C member 9,targets,DrugBank,NCBI,validated,previous_mapping
CHEMBL564,PROMAZINE,DB00420,Promazine,P14416,1813,DRD2,HGNC:3023,DRD2,dopamine receptor D2,targets,DrugBank,NCBI,validated,previous_mapping
CHEMBL564,PROMAZINE,DB00420,Promazine,P28223,3356,HTR2A,HGNC:5293,HTR2A,5-hydroxytryptamine receptor 2A,targets,DrugBank,NCBI,validated,previous_mapping
CHEMBL564,PROMAZINE,DB00420,Promazine,P28335,3358,HTR2C,HGNC:5295,HTR2C,5-hydroxytryptamine receptor 2C,targets,DrugBank,NCBI,validated,previous_mapping
CHEMBL564,PROMAZINE,DB00420,Promazine,P33261,1557,CYP2C19,HGNC:2621,CYP2C19,cytochrome P450 family 2 subfamily C member 19,targets,DrugBank,NCBI,validated,previous_mapping
CHEMBL564,PROMAZINE,DB00420,Promazine,P35348,148,ADRA1A,HGNC:277,ADRA1A,adrenoceptor alpha 1A,targets,DrugBank,NCBI,validated,previous_mapping
CHEMBL564,PROMAZINE,DB00420,Promazine,P35367,3269,HRH1,HGNC:5182,HRH1,histamine receptor H1,targets,DrugBank,NCBI,validated,previous_mapping
CHEMBL567,PERPHENAZINE,DB00850,Perphenazine,P05177,1544,CYP1A2,HGNC:2596,CYP1A2,cytochrome P450 family 1 subfamily A member 2,targets,DrugBank,NCBI,validated,previous_mapping
CHEMBL567,PERPHENAZINE,DB00850,Perphenazine,P08684,1576,CYP3A4,HGNC:2637,CYP3A4,cytochrome P450 family 3 subfamily A member 4,targets,DrugBank,NCBI,validated,previous_mapping
CHEMBL567,PERPHENAZINE,DB00850,Perphenazine,P0DP23,801,CALM1,HGNC:1442,CALM1,calmodulin 1,targets,DrugBank,NCBI,validated,previous_mapping
CHEMBL567,PERPHENAZINE,DB00850,Perphenazine,P10632,1558,CYP2C8,HGNC:2622,CYP2C8,cytochrome P450 family 2 subfamily C member 8,targets,DrugBank,NCBI,validated,previous_mapping
CHEMBL567,PERPHENAZINE,DB00850,Perphenazine,P10635,1565,CYP2D6,HGNC:2625,CYP2D6,cytochrome P450 family 2 subfamily D member 6 (gene/pseudogene),targets,DrugBank,NCBI,validated,previous_mapping
CHEMBL567,PERPHENAZINE,DB00850,Perphenazine,P11712,1559,CYP2C9,HGNC:2623,CYP2C9,cytochrome P450 family 2 subfamily C member 9,targets,DrugBank,NCBI,validated,previous_mapping
CHEMBL567,PERPHENAZINE,DB00850,Perphenazine,P14416,1813,DRD2,HGNC:3023,DRD2,dopamine receptor D2,targets,DrugBank,NCBI,validated,previous_mapping
CHEMBL567,PERPHENAZINE,DB00850,Perphenazine,P21728,1812,DRD1,HGNC:3020,DRD1,dopamine receptor D1,targets,DrugBank,NCBI,validated,previous_mapping
CHEMBL567,PERPHENAZINE,DB00850,Perphenazine,P33260,1562,CYP2C18,HGNC:2620,CYP2C18,cytochrome P450 family 2 subfamily C member 18,targets,DrugBank,NCBI,validated,previous_mapping
CHEMBL567,PERPHENAZINE,DB00850,Perphenazine,P33261,1557,CYP2C19,HGNC:2621,CYP2C19,cytochrome P450 family 2 subfamily C member 19,targets,DrugBank,NCBI,validated,previous_mapping
CHEMBL568,OXAZEPAM,DB00842,Oxazepam,O00591,2568,GABRP,HGNC:4089,GABRP,gamma-aminobutyric acid type A receptor subunit pi,targets,DrugBank,NCBI,validated,previous_mapping
CHEMBL568,OXAZEPAM,DB00842,Oxazepam,O14764,2563,GABRD,HGNC:4084,GABRD,gamma-aminobutyric acid type A receptor subunit delta,targets,DrugBank,NCBI,validated,previous_mapping
CHEMBL568,OXAZEPAM,DB00842,Oxazepam,O60656,54600,UGT1A9,HGNC:12541,UGT1A9,UDP glucuronosyltransferase family 1 member A9,targets,DrugBank,NCBI,validated,previous_mapping
CHEMBL568,OXAZEPAM,DB00842,Oxazepam,P02768,213,ALB,HGNC:399,ALB,albumin,targets,DrugBank,NCBI,validated,previous_mapping
CHEMBL568,OXAZEPAM,DB00842,Oxazepam,P14867,2554,GABRA1,HGNC:4075,GABRA1,gamma-aminobutyric acid type A receptor subunit alpha1,targets,DrugBank,NCBI,validated,previous_mapping
CHEMBL568,OXAZEPAM,DB00842,Oxazepam,P16662,7364,UGT2B7,HGNC:12554,UGT2B7,UDP glucuronosyltransferase family 2 member B7,targets,DrugBank,NCBI,validated,previous_mapping
CHEMBL568,OXAZEPAM,DB00842,Oxazepam,P18505,2560,GABRB1,HGNC:4081,GABRB1,gamma-aminobutyric acid type A receptor subunit beta1,targets,DrugBank,NCBI,validated,previous_mapping
CHEMBL568,OXAZEPAM,DB00842,Oxazepam,P18507,2566,GABRG2,HGNC:4087,GABRG2,gamma-aminobutyric acid type A receptor subunit gamma2,targets,DrugBank,NCBI,validated,previous_mapping
CHEMBL568,OXAZEPAM,DB00842,Oxazepam,P28472,2562,GABRB3,HGNC:4083,GABRB3,gamma-aminobutyric acid type A receptor subunit beta3,targets,DrugBank,NCBI,validated,previous_mapping
CHEMBL568,OXAZEPAM,DB00842,Oxazepam,P31644,2558,GABRA5,HGNC:4079,GABRA5,gamma-aminobutyric acid type A receptor subunit alpha5,targets,DrugBank,NCBI,validated,previous_mapping
CHEMBL568,OXAZEPAM,DB00842,Oxazepam,P34903,2556,GABRA3,HGNC:4077,GABRA3,gamma-aminobutyric acid type A receptor subunit alpha3,targets,DrugBank,NCBI,validated,previous_mapping
CHEMBL568,OXAZEPAM,DB00842,Oxazepam,P47869,2555,GABRA2,HGNC:4076,GABRA2,gamma-aminobutyric acid type A receptor subunit alpha2,targets,DrugBank,NCBI,validated,previous_mapping
CHEMBL568,OXAZEPAM,DB00842,Oxazepam,P47870,2561,GABRB2,HGNC:4082,GABRB2,gamma-aminobutyric acid type A receptor subunit beta2,targets,DrugBank,NCBI,validated,previous_mapping
CHEMBL568,OXAZEPAM,DB00842,Oxazepam,P48169,2557,GABRA4,HGNC:4078,GABRA4,gamma-aminobutyric acid type A receptor subunit alpha4,targets,DrugBank,NCBI,validated,previous_mapping
CHEMBL568,OXAZEPAM,DB00842,Oxazepam,P54855,7366,UGT2B15,HGNC:12546,UGT2B15,UDP glucuronosyltransferase family 2 member B15,targets,DrugBank,NCBI,validated,previous_mapping
CHEMBL568,OXAZEPAM,DB00842,Oxazepam,P78334,2564,GABRE,HGNC:4085,GABRE,gamma-aminobutyric acid type A receptor subunit epsilon,targets,DrugBank,NCBI,validated,previous_mapping
CHEMBL568,OXAZEPAM,DB00842,Oxazepam,Q16445,2559,GABRA6,HGNC:4080,GABRA6,gamma-aminobutyric acid type A receptor subunit alpha6,targets,DrugBank,NCBI,validated,previous_mapping
CHEMBL568,OXAZEPAM,DB00842,Oxazepam,Q8N1C3,2565,GABRG1,HGNC:4086,GABRG1,gamma-aminobutyric acid type A receptor subunit gamma1,targets,DrugBank,NCBI,validated,previous_mapping
CHEMBL568,OXAZEPAM,DB00842,Oxazepam,Q99928,2567,GABRG3,HGNC:4088,GABRG3,gamma-aminobutyric acid type A receptor subunit gamma3,targets,DrugBank,NCBI,validated,previous_mapping
CHEMBL568,OXAZEPAM,DB00842,Oxazepam,Q9UN88,55879,GABRQ,HGNC:14454,GABRQ,gamma-aminobutyric acid type A receptor subunit theta,targets,DrugBank,NCBI,validated,previous_mapping
CHEMBL569713,SCOPOLAMINE,DB00747,Scopolamine,P08172,1129,CHRM2,HGNC:1951,CHRM2,cholinergic receptor muscarinic 2,targets,DrugBank,NCBI,validated,previous_mapping
CHEMBL569713,SCOPOLAMINE,DB00747,Scopolamine,P08173,1132,CHRM4,HGNC:1953,CHRM4,cholinergic receptor muscarinic 4,targets,DrugBank,NCBI,validated,previous_mapping
CHEMBL569713,SCOPOLAMINE,DB00747,Scopolamine,P08183,5243,ABCB1,HGNC:40,ABCB1,ATP binding cassette subfamily B member 1,targets,DrugBank,NCBI,validated,previous_mapping
CHEMBL569713,SCOPOLAMINE,DB00747,Scopolamine,P08912,1133,CHRM5,HGNC:1954,CHRM5,cholinergic receptor muscarinic 5,targets,DrugBank,NCBI,validated,previous_mapping
CHEMBL569713,SCOPOLAMINE,DB00747,Scopolamine,P11229,1128,CHRM1,HGNC:1950,CHRM1,cholinergic receptor muscarinic 1,targets,DrugBank,NCBI,validated,previous_mapping
CHEMBL569713,SCOPOLAMINE,DB00747,Scopolamine,P14410,6476,SI,HGNC:10856,SI,sucrase-isomaltase,targets,DrugBank,NCBI,validated,previous_mapping
CHEMBL569713,SCOPOLAMINE,DB00747,Scopolamine,P17787,1141,CHRNB2,HGNC:1962,CHRNB2,cholinergic receptor nicotinic beta 2 subunit,targets,DrugBank,NCBI,validated,previous_mapping
CHEMBL569713,SCOPOLAMINE,DB00747,Scopolamine,P20309,1131,CHRM3,HGNC:1952,CHRM3,cholinergic receptor muscarinic 3,targets,DrugBank,NCBI,validated,previous_mapping
CHEMBL569713,SCOPOLAMINE,DB00747,Scopolamine,P43681,1137,CHRNA4,HGNC:1958,CHRNA4,cholinergic receptor nicotinic alpha 4 subunit,targets,DrugBank,NCBI,validated,previous_mapping
CHEMBL570,TRIFLUPROMAZINE,DB00508,Triflupromazine,P06276,590,BCHE,HGNC:983,BCHE,butyrylcholinesterase,targets,DrugBank,NCBI,validated,previous_mapping
CHEMBL570,TRIFLUPROMAZINE,DB00508,Triflupromazine,P08172,1129,CHRM2,HGNC:1951,CHRM2,cholinergic receptor muscarinic 2,targets,DrugBank,NCBI,validated,previous_mapping
CHEMBL570,TRIFLUPROMAZINE,DB00508,Triflupromazine,P08183,5243,ABCB1,HGNC:40,ABCB1,ATP binding cassette subfamily B member 1,targets,DrugBank,NCBI,validated,previous_mapping
CHEMBL570,TRIFLUPROMAZINE,DB00508,Triflupromazine,P11229,1128,CHRM1,HGNC:1950,CHRM1,cholinergic receptor muscarinic 1,targets,DrugBank,NCBI,validated,previous_mapping
CHEMBL570,TRIFLUPROMAZINE,DB00508,Triflupromazine,P14416,1813,DRD2,HGNC:3023,DRD2,dopamine receptor D2,targets,DrugBank,NCBI,validated,previous_mapping
CHEMBL570,TRIFLUPROMAZINE,DB00508,Triflupromazine,P21728,1812,DRD1,HGNC:3020,DRD1,dopamine receptor D1,targets,DrugBank,NCBI,validated,previous_mapping
CHEMBL570,TRIFLUPROMAZINE,DB00508,Triflupromazine,P41595,3357,HTR2B,HGNC:5294,HTR2B,5-hydroxytryptamine receptor 2B,targets,DrugBank,NCBI,validated,previous_mapping
CHEMBL58,MITOXANTRONE,DB01204,Mitoxantrone,P05181,1571,CYP2E1,HGNC:2631,CYP2E1,cytochrome P450 family 2 subfamily E member 1,targets,DrugBank,NCBI,validated,previous_mapping
CHEMBL58,MITOXANTRONE,DB01204,Mitoxantrone,P08183,5243,ABCB1,HGNC:40,ABCB1,ATP binding cassette subfamily B member 1,targets,DrugBank,NCBI,validated,previous_mapping
CHEMBL58,MITOXANTRONE,DB01204,Mitoxantrone,P08684,1576,CYP3A4,HGNC:2637,CYP3A4,cytochrome P450 family 3 subfamily A member 4,targets,DrugBank,NCBI,validated,previous_mapping
CHEMBL58,MITOXANTRONE,DB01204,Mitoxantrone,P11388,7153,TOP2A,HGNC:11989,TOP2A,DNA topoisomerase II alpha,targets,DrugBank,NCBI,validated,previous_mapping
CHEMBL58,MITOXANTRONE,DB01204,Mitoxantrone,P33527,4363,ABCC1,HGNC:51,ABCC1,ATP binding cassette subfamily C member 1 (ABCC1 blood group),targets,DrugBank,NCBI,validated,previous_mapping
CHEMBL58,MITOXANTRONE,DB01204,Mitoxantrone,Q16678,1545,CYP1B1,HGNC:2597,CYP1B1,cytochrome P450 family 1 subfamily B member 1,targets,DrugBank,NCBI,validated,previous_mapping
CHEMBL58,MITOXANTRONE,DB01204,Mitoxantrone,Q9UNQ0,9429,ABCG2,HGNC:74,ABCG2,ATP binding cassette subfamily G member 2 (JR blood group),targets,DrugBank,NCBI,validated,previous_mapping
CHEMBL580,LORAZEPAM,DB00186,Lorazepam,O00591,2568,GABRP,HGNC:4089,GABRP,gamma-aminobutyric acid type A receptor subunit pi,targets,DrugBank,NCBI,validated,previous_mapping
CHEMBL580,LORAZEPAM,DB00186,Lorazepam,O14764,2563,GABRD,HGNC:4084,GABRD,gamma-aminobutyric acid type A receptor subunit delta,targets,DrugBank,NCBI,validated,previous_mapping
CHEMBL580,LORAZEPAM,DB00186,Lorazepam,P08684,1576,CYP3A4,HGNC:2637,CYP3A4,cytochrome P450 family 3 subfamily A member 4,targets,DrugBank,NCBI,validated,previous_mapping
CHEMBL580,LORAZEPAM,DB00186,Lorazepam,P14867,2554,GABRA1,HGNC:4075,GABRA1,gamma-aminobutyric acid type A receptor subunit alpha1,targets,DrugBank,NCBI,validated,previous_mapping
CHEMBL580,LORAZEPAM,DB00186,Lorazepam,P18505,2560,GABRB1,HGNC:4081,GABRB1,gamma-aminobutyric acid type A receptor subunit beta1,targets,DrugBank,NCBI,validated,previous_mapping
CHEMBL580,LORAZEPAM,DB00186,Lorazepam,P18507,2566,GABRG2,HGNC:4087,GABRG2,gamma-aminobutyric acid type A receptor subunit gamma2,targets,DrugBank,NCBI,validated,previous_mapping
CHEMBL580,LORAZEPAM,DB00186,Lorazepam,P28472,2562,GABRB3,HGNC:4083,GABRB3,gamma-aminobutyric acid type A receptor subunit beta3,targets,DrugBank,NCBI,validated,previous_mapping
CHEMBL580,LORAZEPAM,DB00186,Lorazepam,P31644,2558,GABRA5,HGNC:4079,GABRA5,gamma-aminobutyric acid type A receptor subunit alpha5,targets,DrugBank,NCBI,validated,previous_mapping
CHEMBL580,LORAZEPAM,DB00186,Lorazepam,P34903,2556,GABRA3,HGNC:4077,GABRA3,gamma-aminobutyric acid type A receptor subunit alpha3,targets,DrugBank,NCBI,validated,previous_mapping
CHEMBL580,LORAZEPAM,DB00186,Lorazepam,P47869,2555,GABRA2,HGNC:4076,GABRA2,gamma-aminobutyric acid type A receptor subunit alpha2,targets,DrugBank,NCBI,validated,previous_mapping
CHEMBL580,LORAZEPAM,DB00186,Lorazepam,P47870,2561,GABRB2,HGNC:4082,GABRB2,gamma-aminobutyric acid type A receptor subunit beta2,targets,DrugBank,NCBI,validated,previous_mapping
CHEMBL580,LORAZEPAM,DB00186,Lorazepam,P48169,2557,GABRA4,HGNC:4078,GABRA4,gamma-aminobutyric acid type A receptor subunit alpha4,targets,DrugBank,NCBI,validated,previous_mapping
CHEMBL580,LORAZEPAM,DB00186,Lorazepam,P54855,7366,UGT2B15,HGNC:12546,UGT2B15,UDP glucuronosyltransferase family 2 member B15,targets,DrugBank,NCBI,validated,previous_mapping
CHEMBL580,LORAZEPAM,DB00186,Lorazepam,P78334,2564,GABRE,HGNC:4085,GABRE,gamma-aminobutyric acid type A receptor subunit epsilon,targets,DrugBank,NCBI,validated,previous_mapping
CHEMBL580,LORAZEPAM,DB00186,Lorazepam,Q16445,2559,GABRA6,HGNC:4080,GABRA6,gamma-aminobutyric acid type A receptor subunit alpha6,targets,DrugBank,NCBI,validated,previous_mapping
CHEMBL580,LORAZEPAM,DB00186,Lorazepam,Q8N1C3,2565,GABRG1,HGNC:4086,GABRG1,gamma-aminobutyric acid type A receptor subunit gamma1,targets,DrugBank,NCBI,validated,previous_mapping
CHEMBL580,LORAZEPAM,DB00186,Lorazepam,Q99928,2567,GABRG3,HGNC:4088,GABRG3,gamma-aminobutyric acid type A receptor subunit gamma3,targets,DrugBank,NCBI,validated,previous_mapping
CHEMBL580,LORAZEPAM,DB00186,Lorazepam,Q9UN88,55879,GABRQ,HGNC:14454,GABRQ,gamma-aminobutyric acid type A receptor subunit theta,targets,DrugBank,NCBI,validated,previous_mapping
CHEMBL584,NELFINAVIR,DB00220,Nelfinavir,O15245,6580,SLC22A1,HGNC:10963,SLC22A1,solute carrier family 22 member 1,targets,DrugBank,NCBI,validated,previous_mapping
CHEMBL584,NELFINAVIR,DB00220,Nelfinavir,O94956,11309,SLCO2B1,HGNC:10962,SLCO2B1,solute carrier organic anion transporter family member 2B1,targets,DrugBank,NCBI,validated,previous_mapping
CHEMBL584,NELFINAVIR,DB00220,Nelfinavir,O95342,8647,ABCB11,HGNC:42,ABCB11,ATP binding cassette subfamily B member 11,targets,DrugBank,NCBI,validated,previous_mapping
CHEMBL584,NELFINAVIR,DB00220,Nelfinavir,P02768,213,ALB,HGNC:399,ALB,albumin,targets,DrugBank,NCBI,validated,previous_mapping
CHEMBL584,NELFINAVIR,DB00220,Nelfinavir,P08183,5243,ABCB1,HGNC:40,ABCB1,ATP binding cassette subfamily B member 1,targets,DrugBank,NCBI,validated,previous_mapping
CHEMBL584,NELFINAVIR,DB00220,Nelfinavir,P08684,1576,CYP3A4,HGNC:2637,CYP3A4,cytochrome P450 family 3 subfamily A member 4,targets,DrugBank,NCBI,validated,previous_mapping
CHEMBL584,NELFINAVIR,DB00220,Nelfinavir,P10635,1565,CYP2D6,HGNC:2625,CYP2D6,cytochrome P450 family 2 subfamily D member 6 (gene/pseudogene),targets,DrugBank,NCBI,validated,previous_mapping
CHEMBL584,NELFINAVIR,DB00220,Nelfinavir,P11712,1559,CYP2C9,HGNC:2623,CYP2C9,cytochrome P450 family 2 subfamily C member 9,targets,DrugBank,NCBI,validated,previous_mapping
CHEMBL584,NELFINAVIR,DB00220,Nelfinavir,P20813,1555,CYP2B6,HGNC:2615,CYP2B6,cytochrome P450 family 2 subfamily B member 6,targets,DrugBank,NCBI,validated,previous_mapping
CHEMBL584,NELFINAVIR,DB00220,Nelfinavir,P20815,1577,CYP3A5,HGNC:2638,CYP3A5,cytochrome P450 family 3 subfamily A member 5,targets,DrugBank,NCBI,validated,previous_mapping
CHEMBL584,NELFINAVIR,DB00220,Nelfinavir,P22309,54658,UGT1A1,HGNC:12530,UGT1A1,UDP glucuronosyltransferase family 1 member A1,targets,DrugBank,NCBI,validated,previous_mapping
CHEMBL584,NELFINAVIR,DB00220,Nelfinavir,P24462,1551,CYP3A7,HGNC:2640,CYP3A7,cytochrome P450 family 3 subfamily A member 7,targets,DrugBank,NCBI,validated,previous_mapping
CHEMBL584,NELFINAVIR,DB00220,Nelfinavir,P33261,1557,CYP2C19,HGNC:2621,CYP2C19,cytochrome P450 family 2 subfamily C member 19,targets,DrugBank,NCBI,validated,previous_mapping
CHEMBL584,NELFINAVIR,DB00220,Nelfinavir,P46721,6579,SLCO1A2,HGNC:10956,SLCO1A2,solute carrier organic anion transporter family member 1A2,targets,DrugBank,NCBI,validated,previous_mapping
CHEMBL584,NELFINAVIR,DB00220,Nelfinavir,Q9NPD5,28234,SLCO1B3,HGNC:10961,SLCO1B3,solute carrier organic anion transporter family member 1B3,targets,DrugBank,NCBI,validated,previous_mapping
CHEMBL584,NELFINAVIR,DB00220,Nelfinavir,Q9UNQ0,9429,ABCG2,HGNC:74,ABCG2,ATP binding cassette subfamily G member 2 (JR blood group),targets,DrugBank,NCBI,validated,previous_mapping
CHEMBL584,NELFINAVIR,DB00220,Nelfinavir,Q9Y6L6,10599,SLCO1B1,HGNC:10959,SLCO1B1,solute carrier organic anion transporter family member 1B1,targets,DrugBank,NCBI,validated,previous_mapping
CHEMBL589,ROPINIROLE,DB00268,Ropinirole,P05177,1544,CYP1A2,HGNC:2596,CYP1A2,cytochrome P450 family 1 subfamily A member 2,targets,DrugBank,NCBI,validated,previous_mapping
CHEMBL589,ROPINIROLE,DB00268,Ropinirole,P08913,150,ADRA2A,HGNC:281,ADRA2A,adrenoceptor alpha 2A,targets,DrugBank,NCBI,validated,previous_mapping
CHEMBL589,ROPINIROLE,DB00268,Ropinirole,P14416,1813,DRD2,HGNC:3023,DRD2,dopamine receptor D2,targets,DrugBank,NCBI,validated,previous_mapping
CHEMBL589,ROPINIROLE,DB00268,Ropinirole,P18089,151,ADRA2B,HGNC:282,ADRA2B,adrenoceptor alpha 2B,targets,DrugBank,NCBI,validated,previous_mapping
CHEMBL589,ROPINIROLE,DB00268,Ropinirole,P18825,152,ADRA2C,HGNC:283,ADRA2C,adrenoceptor alpha 2C,targets,DrugBank,NCBI,validated,previous_mapping
CHEMBL589,ROPINIROLE,DB00268,Ropinirole,P21917,1815,DRD4,HGNC:3025,DRD4,dopamine receptor D4,targets,DrugBank,NCBI,validated,previous_mapping
CHEMBL589,ROPINIROLE,DB00268,Ropinirole,P25100,146,ADRA1D,HGNC:280,ADRA1D,adrenoceptor alpha 1D,targets,DrugBank,NCBI,validated,previous_mapping
CHEMBL589,ROPINIROLE,DB00268,Ropinirole,P35348,148,ADRA1A,HGNC:277,ADRA1A,adrenoceptor alpha 1A,targets,DrugBank,NCBI,validated,previous_mapping
CHEMBL589,ROPINIROLE,DB00268,Ropinirole,P35368,147,ADRA1B,HGNC:278,ADRA1B,adrenoceptor alpha 1B,targets,DrugBank,NCBI,validated,previous_mapping
CHEMBL589,ROPINIROLE,DB00268,Ropinirole,P35462,1814,DRD3,HGNC:3024,DRD3,dopamine receptor D3,targets,DrugBank,NCBI,validated,previous_mapping
CHEMBL592,LEVORPHANOL,DB00854,Levorphanol,P35372,4988,OPRM1,HGNC:8156,OPRM1,opioid receptor mu 1,targets,DrugBank,NCBI,validated,previous_mapping
CHEMBL592,LEVORPHANOL,DB00854,Levorphanol,P41143,4985,OPRD1,HGNC:8153,OPRD1,opioid receptor delta 1,targets,DrugBank,NCBI,validated,previous_mapping
CHEMBL592,LEVORPHANOL,DB00854,Levorphanol,P41145,4986,OPRK1,HGNC:8154,OPRK1,opioid receptor kappa 1,targets,DrugBank,NCBI,validated,previous_mapping
CHEMBL596,FENTANYL,DB00813,Fentanyl,P02763,5004,ORM1,HGNC:8498,ORM1,orosomucoid 1,targets,DrugBank,NCBI,validated,previous_mapping
CHEMBL596,FENTANYL,DB00813,Fentanyl,P02768,213,ALB,HGNC:399,ALB,albumin,targets,DrugBank,NCBI,validated,previous_mapping
CHEMBL596,FENTANYL,DB00813,Fentanyl,P08183,5243,ABCB1,HGNC:40,ABCB1,ATP binding cassette subfamily B member 1,targets,DrugBank,NCBI,validated,previous_mapping
CHEMBL596,FENTANYL,DB00813,Fentanyl,P08684,1576,CYP3A4,HGNC:2637,CYP3A4,cytochrome P450 family 3 subfamily A member 4,targets,DrugBank,NCBI,validated,previous_mapping
CHEMBL596,FENTANYL,DB00813,Fentanyl,P19652,5005,ORM2,HGNC:8499,ORM2,orosomucoid 2,targets,DrugBank,NCBI,validated,previous_mapping
CHEMBL596,FENTANYL,DB00813,Fentanyl,P24462,1551,CYP3A7,HGNC:2640,CYP3A7,cytochrome P450 family 3 subfamily A member 7,targets,DrugBank,NCBI,validated,previous_mapping
CHEMBL596,FENTANYL,DB00813,Fentanyl,P35372,4988,OPRM1,HGNC:8156,OPRM1,opioid receptor mu 1,targets,DrugBank,NCBI,validated,previous_mapping
CHEMBL596,FENTANYL,DB00813,Fentanyl,P41143,4985,OPRD1,HGNC:8153,OPRD1,opioid receptor delta 1,targets,DrugBank,NCBI,validated,previous_mapping
CHEMBL596,FENTANYL,DB00813,Fentanyl,P41145,4986,OPRK1,HGNC:8154,OPRK1,opioid receptor kappa 1,targets,DrugBank,NCBI,validated,previous_mapping
CHEMBL599,MELOXICAM,DB00814,Meloxicam,O15439,10257,ABCC4,HGNC:55,ABCC4,ATP binding cassette subfamily C member 4 (PEL blood group),targets,DrugBank,NCBI,validated,previous_mapping
CHEMBL599,MELOXICAM,DB00814,Meloxicam,P02768,213,ALB,HGNC:399,ALB,albumin,targets,DrugBank,NCBI,validated,previous_mapping
CHEMBL599,MELOXICAM,DB00814,Meloxicam,P08684,1576,CYP3A4,HGNC:2637,CYP3A4,cytochrome P450 family 3 subfamily A member 4,targets,DrugBank,NCBI,validated,previous_mapping
CHEMBL599,MELOXICAM,DB00814,Meloxicam,P10632,1558,CYP2C8,HGNC:2622,CYP2C8,cytochrome P450 family 2 subfamily C member 8,targets,DrugBank,NCBI,validated,previous_mapping
CHEMBL599,MELOXICAM,DB00814,Meloxicam,P11712,1559,CYP2C9,HGNC:2623,CYP2C9,cytochrome P450 family 2 subfamily C member 9,targets,DrugBank,NCBI,validated,previous_mapping
CHEMBL599,MELOXICAM,DB00814,Meloxicam,P23219,5742,PTGS1,HGNC:9604,PTGS1,prostaglandin-endoperoxide synthase 1,targets,DrugBank,NCBI,validated,previous_mapping
CHEMBL599,MELOXICAM,DB00814,Meloxicam,P35354,5743,PTGS2,HGNC:9605,PTGS2,prostaglandin-endoperoxide synthase 2,targets,DrugBank,NCBI,validated,previous_mapping
CHEMBL599,MELOXICAM,DB00814,Meloxicam,P52209,5226,PGD,HGNC:8891,PGD,phosphogluconate dehydrogenase,targets,DrugBank,NCBI,validated,previous_mapping
CHEMBL6,INDOMETHACIN,DB00328,Indomethacin,O15438,8714,ABCC3,HGNC:54,ABCC3,ATP binding cassette subfamily C member 3,targets,DrugBank,NCBI,validated,previous_mapping
CHEMBL6,INDOMETHACIN,DB00328,Indomethacin,O15439,10257,ABCC4,HGNC:55,ABCC4,ATP binding cassette subfamily C member 4 (PEL blood group),targets,DrugBank,NCBI,validated,previous_mapping
CHEMBL6,INDOMETHACIN,DB00328,Indomethacin,O60656,54600,UGT1A9,HGNC:12541,UGT1A9,UDP glucuronosyltransferase family 1 member A9,targets,DrugBank,NCBI,validated,previous_mapping
CHEMBL6,INDOMETHACIN,DB00328,Indomethacin,O95255,368,ABCC6,HGNC:57,ABCC6,ATP binding cassette subfamily C member 6,targets,DrugBank,NCBI,validated,previous_mapping
CHEMBL6,INDOMETHACIN,DB00328,Indomethacin,O95342,8647,ABCB11,HGNC:42,ABCB11,ATP binding cassette subfamily B member 11,targets,DrugBank,NCBI,validated,previous_mapping
CHEMBL6,INDOMETHACIN,DB00328,Indomethacin,P02768,213,ALB,HGNC:399,ALB,albumin,targets,DrugBank,NCBI,validated,previous_mapping
CHEMBL6,INDOMETHACIN,DB00328,Indomethacin,P08183,5243,ABCB1,HGNC:40,ABCB1,ATP binding cassette subfamily B member 1,targets,DrugBank,NCBI,validated,previous_mapping
CHEMBL6,INDOMETHACIN,DB00328,Indomethacin,P11712,1559,CYP2C9,HGNC:2623,CYP2C9,cytochrome P450 family 2 subfamily C member 9,targets,DrugBank,NCBI,validated,previous_mapping
CHEMBL6,INDOMETHACIN,DB00328,Indomethacin,P14555,5320,PLA2G2A,HGNC:9031,PLA2G2A,phospholipase A2 group IIA,targets,DrugBank,NCBI,validated,previous_mapping
CHEMBL6,INDOMETHACIN,DB00328,Indomethacin,P16662,7364,UGT2B7,HGNC:12554,UGT2B7,UDP glucuronosyltransferase family 2 member B7,targets,DrugBank,NCBI,validated,previous_mapping
CHEMBL6,INDOMETHACIN,DB00328,Indomethacin,P22309,54658,UGT1A1,HGNC:12530,UGT1A1,UDP glucuronosyltransferase family 1 member A1,targets,DrugBank,NCBI,validated,previous_mapping
CHEMBL6,INDOMETHACIN,DB00328,Indomethacin,P23141,1066,CES1,HGNC:1863,CES1,carboxylesterase 1,targets,DrugBank,NCBI,validated,previous_mapping
CHEMBL6,INDOMETHACIN,DB00328,Indomethacin,P23219,5742,PTGS1,HGNC:9604,PTGS1,prostaglandin-endoperoxide synthase 1,targets,DrugBank,NCBI,validated,previous_mapping
CHEMBL6,INDOMETHACIN,DB00328,Indomethacin,P33261,1557,CYP2C19,HGNC:2621,CYP2C19,cytochrome P450 family 2 subfamily C member 19,targets,DrugBank,NCBI,validated,previous_mapping
CHEMBL6,INDOMETHACIN,DB00328,Indomethacin,P33527,4363,ABCC1,HGNC:51,ABCC1,ATP binding cassette subfamily C member 1 (ABCC1 blood group),targets,DrugBank,NCBI,validated,previous_mapping
CHEMBL6,INDOMETHACIN,DB00328,Indomethacin,P35354,5743,PTGS2,HGNC:9605,PTGS2,prostaglandin-endoperoxide synthase 2,targets,DrugBank,NCBI,validated,previous_mapping
CHEMBL6,INDOMETHACIN,DB00328,Indomethacin,P37231,5468,PPARG,HGNC:9236,PPARG,peroxisome proliferator activated receptor gamma,targets,DrugBank,NCBI,validated,previous_mapping
CHEMBL6,INDOMETHACIN,DB00328,Indomethacin,P42330,8644,AKR1C3,HGNC:386,AKR1C3,aldo-keto reductase family 1 member C3,targets,DrugBank,NCBI,validated,previous_mapping
CHEMBL6,INDOMETHACIN,DB00328,Indomethacin,P46721,6579,SLCO1A2,HGNC:10956,SLCO1A2,solute carrier organic anion transporter family member 1A2,targets,DrugBank,NCBI,validated,previous_mapping
CHEMBL6,INDOMETHACIN,DB00328,Indomethacin,Q04760,2739,GLO1,HGNC:4323,GLO1,glyoxalase I,targets,DrugBank,NCBI,validated,previous_mapping
CHEMBL6,INDOMETHACIN,DB00328,Indomethacin,Q07869,5465,PPARA,HGNC:9232,PPARA,peroxisome proliferator activated receptor alpha,targets,DrugBank,NCBI,validated,previous_mapping
CHEMBL6,INDOMETHACIN,DB00328,Indomethacin,Q14973,6554,SLC10A1,HGNC:10905,SLC10A1,solute carrier family 10 member 1,targets,DrugBank,NCBI,validated,previous_mapping
CHEMBL6,INDOMETHACIN,DB00328,Indomethacin,Q4U2R8,9356,SLC22A6,HGNC:10970,SLC22A6,solute carrier family 22 member 6,targets,DrugBank,NCBI,validated,previous_mapping
CHEMBL6,INDOMETHACIN,DB00328,Indomethacin,Q8N8N7,145482,PTGR2,HGNC:20149,PTGR2,prostaglandin reductase 2,targets,DrugBank,NCBI,validated,previous_mapping
CHEMBL6,INDOMETHACIN,DB00328,Indomethacin,Q8TCC7,9376,SLC22A8,HGNC:10972,SLC22A8,solute carrier family 22 member 8,targets,DrugBank,NCBI,validated,previous_mapping
CHEMBL6,INDOMETHACIN,DB00328,Indomethacin,Q92887,1244,ABCC2,HGNC:53,ABCC2,ATP binding cassette subfamily C member 2,targets,DrugBank,NCBI,validated,previous_mapping
CHEMBL6,INDOMETHACIN,DB00328,Indomethacin,Q96J66,85320,ABCC11,HGNC:14639,ABCC11,ATP binding cassette subfamily C member 11,targets,DrugBank,NCBI,validated,previous_mapping
CHEMBL6,INDOMETHACIN,DB00328,Indomethacin,Q9NSA0,55867,SLC22A11,HGNC:18120,SLC22A11,solute carrier family 22 member 11,targets,DrugBank,NCBI,validated,previous_mapping
CHEMBL6,INDOMETHACIN,DB00328,Indomethacin,Q9Y5Y4,11251,PTGDR2,HGNC:4502,PTGDR2,prostaglandin D2 receptor 2,targets,DrugBank,NCBI,validated,previous_mapping
CHEMBL6,INDOMETHACIN,DB00328,Indomethacin,Q9Y694,10864,SLC22A7,HGNC:10971,SLC22A7,solute carrier family 22 member 7,targets,DrugBank,NCBI,validated,previous_mapping
CHEMBL6,INDOMETHACIN,DB00328,Indomethacin,Q9Y6L6,10599,SLCO1B1,HGNC:10959,SLCO1B1,solute carrier organic anion transporter family member 1B1,targets,DrugBank,NCBI,validated,previous_mapping
CHEMBL602,CYSTEAMINE,DB00847,Cysteamine,P02768,213,ALB,HGNC:399,ALB,albumin,targets,DrugBank,NCBI,validated,previous_mapping
CHEMBL602,CYSTEAMINE,DB00847,Cysteamine,P05164,4353,MPO,HGNC:7218,MPO,myeloperoxidase,targets,DrugBank,NCBI,validated,previous_mapping
CHEMBL602,CYSTEAMINE,DB00847,Cysteamine,P49146,4887,NPY2R,HGNC:7957,NPY2R,neuropeptide Y receptor Y2,targets,DrugBank,NCBI,validated,previous_mapping
CHEMBL603,ZAFIRLUKAST,DB00549,Zafirlukast,P05177,1544,CYP1A2,HGNC:2596,CYP1A2,cytochrome P450 family 1 subfamily A member 2,targets,DrugBank,NCBI,validated,previous_mapping
CHEMBL603,ZAFIRLUKAST,DB00549,Zafirlukast,P05181,1571,CYP2E1,HGNC:2631,CYP2E1,cytochrome P450 family 2 subfamily E member 1,targets,DrugBank,NCBI,validated,previous_mapping
CHEMBL603,ZAFIRLUKAST,DB00549,Zafirlukast,P08684,1576,CYP3A4,HGNC:2637,CYP3A4,cytochrome P450 family 3 subfamily A member 4,targets,DrugBank,NCBI,validated,previous_mapping
CHEMBL603,ZAFIRLUKAST,DB00549,Zafirlukast,P10632,1558,CYP2C8,HGNC:2622,CYP2C8,cytochrome P450 family 2 subfamily C member 8,targets,DrugBank,NCBI,validated,previous_mapping
CHEMBL603,ZAFIRLUKAST,DB00549,Zafirlukast,P11712,1559,CYP2C9,HGNC:2623,CYP2C9,cytochrome P450 family 2 subfamily C member 9,targets,DrugBank,NCBI,validated,previous_mapping
CHEMBL603,ZAFIRLUKAST,DB00549,Zafirlukast,P23219,5742,PTGS1,HGNC:9604,PTGS1,prostaglandin-endoperoxide synthase 1,targets,DrugBank,NCBI,validated,previous_mapping
CHEMBL603,ZAFIRLUKAST,DB00549,Zafirlukast,P33261,1557,CYP2C19,HGNC:2621,CYP2C19,cytochrome P450 family 2 subfamily C member 19,targets,DrugBank,NCBI,validated,previous_mapping
CHEMBL603,ZAFIRLUKAST,DB00549,Zafirlukast,Q9UNQ0,9429,ABCG2,HGNC:74,ABCG2,ATP binding cassette subfamily G member 2 (JR blood group),targets,DrugBank,NCBI,validated,previous_mapping
CHEMBL603,ZAFIRLUKAST,DB00549,Zafirlukast,Q9Y271,10800,CYSLTR1,HGNC:17451,CYSLTR1,cysteinyl leukotriene receptor 1,targets,DrugBank,NCBI,validated,previous_mapping
CHEMBL606,MISOPROSTOL,DB00929,Misoprostol,P34995,5731,PTGER1,HGNC:9593,PTGER1,prostaglandin E receptor 1,targets,DrugBank,NCBI,validated,previous_mapping
CHEMBL606,MISOPROSTOL,DB00929,Misoprostol,P35408,5734,PTGER4,HGNC:9596,PTGER4,prostaglandin E receptor 4,targets,DrugBank,NCBI,validated,previous_mapping
CHEMBL606,MISOPROSTOL,DB00929,Misoprostol,P43115,5733,PTGER3,HGNC:9595,PTGER3,prostaglandin E receptor 3,targets,DrugBank,NCBI,validated,previous_mapping
CHEMBL606,MISOPROSTOL,DB00929,Misoprostol,P43116,5732,PTGER2,HGNC:9594,PTGER2,prostaglandin E receptor 2,targets,DrugBank,NCBI,validated,previous_mapping
CHEMBL6066864,FLUPENTIXOL,DB00875,Flupentixol,P08183,5243,ABCB1,HGNC:40,ABCB1,ATP binding cassette subfamily B member 1,targets,DrugBank,NCBI,validated,previous_mapping
CHEMBL6066864,FLUPENTIXOL,DB00875,Flupentixol,P11229,1128,CHRM1,HGNC:1950,CHRM1,cholinergic receptor muscarinic 1,targets,DrugBank,NCBI,validated,previous_mapping
CHEMBL6066864,FLUPENTIXOL,DB00875,Flupentixol,P14416,1813,DRD2,HGNC:3023,DRD2,dopamine receptor D2,targets,DrugBank,NCBI,validated,previous_mapping
CHEMBL6066864,FLUPENTIXOL,DB00875,Flupentixol,P20711,1644,DDC,HGNC:2719,DDC,dopa decarboxylase,targets,DrugBank,NCBI,validated,previous_mapping
CHEMBL6066864,FLUPENTIXOL,DB00875,Flupentixol,P21728,1812,DRD1,HGNC:3020,DRD1,dopamine receptor D1,targets,DrugBank,NCBI,validated,previous_mapping
CHEMBL6066864,FLUPENTIXOL,DB00875,Flupentixol,P28223,3356,HTR2A,HGNC:5293,HTR2A,5-hydroxytryptamine receptor 2A,targets,DrugBank,NCBI,validated,previous_mapping
CHEMBL6066864,FLUPENTIXOL,DB00875,Flupentixol,P35348,148,ADRA1A,HGNC:277,ADRA1A,adrenoceptor alpha 1A,targets,DrugBank,NCBI,validated,previous_mapping
CHEMBL607,MEPERIDINE,DB00454,Meperidine,O15399,2906,GRIN2D,HGNC:4588,GRIN2D,glutamate ionotropic receptor NMDA type subunit 2D,targets,DrugBank,NCBI,validated,previous_mapping
CHEMBL607,MEPERIDINE,DB00454,Meperidine,P02763,5004,ORM1,HGNC:8498,ORM1,orosomucoid 1,targets,DrugBank,NCBI,validated,previous_mapping
CHEMBL607,MEPERIDINE,DB00454,Meperidine,P02768,213,ALB,HGNC:399,ALB,albumin,targets,DrugBank,NCBI,validated,previous_mapping
CHEMBL607,MEPERIDINE,DB00454,Meperidine,P05177,1544,CYP1A2,HGNC:2596,CYP1A2,cytochrome P450 family 1 subfamily A member 2,targets,DrugBank,NCBI,validated,previous_mapping
CHEMBL607,MEPERIDINE,DB00454,Meperidine,P08172,1129,CHRM2,HGNC:1951,CHRM2,cholinergic receptor muscarinic 2,targets,DrugBank,NCBI,validated,previous_mapping
CHEMBL607,MEPERIDINE,DB00454,Meperidine,P08173,1132,CHRM4,HGNC:1953,CHRM4,cholinergic receptor muscarinic 4,targets,DrugBank,NCBI,validated,previous_mapping
CHEMBL607,MEPERIDINE,DB00454,Meperidine,P08183,5243,ABCB1,HGNC:40,ABCB1,ATP binding cassette subfamily B member 1,targets,DrugBank,NCBI,validated,previous_mapping
CHEMBL607,MEPERIDINE,DB00454,Meperidine,P08684,1576,CYP3A4,HGNC:2637,CYP3A4,cytochrome P450 family 3 subfamily A member 4,targets,DrugBank,NCBI,validated,previous_mapping
CHEMBL607,MEPERIDINE,DB00454,Meperidine,P08912,1133,CHRM5,HGNC:1954,CHRM5,cholinergic receptor muscarinic 5,targets,DrugBank,NCBI,validated,previous_mapping
CHEMBL607,MEPERIDINE,DB00454,Meperidine,P10635,1565,CYP2D6,HGNC:2625,CYP2D6,cytochrome P450 family 2 subfamily D member 6 (gene/pseudogene),targets,DrugBank,NCBI,validated,previous_mapping
CHEMBL607,MEPERIDINE,DB00454,Meperidine,P11229,1128,CHRM1,HGNC:1950,CHRM1,cholinergic receptor muscarinic 1,targets,DrugBank,NCBI,validated,previous_mapping
CHEMBL607,MEPERIDINE,DB00454,Meperidine,P20309,1131,CHRM3,HGNC:1952,CHRM3,cholinergic receptor muscarinic 3,targets,DrugBank,NCBI,validated,previous_mapping
CHEMBL607,MEPERIDINE,DB00454,Meperidine,P20813,1555,CYP2B6,HGNC:2615,CYP2B6,cytochrome P450 family 2 subfamily B member 6,targets,DrugBank,NCBI,validated,previous_mapping
CHEMBL607,MEPERIDINE,DB00454,Meperidine,P23141,1066,CES1,HGNC:1863,CES1,carboxylesterase 1,targets,DrugBank,NCBI,validated,previous_mapping
CHEMBL607,MEPERIDINE,DB00454,Meperidine,P23975,6530,SLC6A2,HGNC:11048,SLC6A2,solute carrier family 6 member 2,targets,DrugBank,NCBI,validated,previous_mapping
CHEMBL607,MEPERIDINE,DB00454,Meperidine,P31645,6532,SLC6A4,HGNC:11050,SLC6A4,solute carrier family 6 member 4,targets,DrugBank,NCBI,validated,previous_mapping
CHEMBL607,MEPERIDINE,DB00454,Meperidine,P33261,1557,CYP2C19,HGNC:2621,CYP2C19,cytochrome P450 family 2 subfamily C member 19,targets,DrugBank,NCBI,validated,previous_mapping
CHEMBL607,MEPERIDINE,DB00454,Meperidine,P35372,4988,OPRM1,HGNC:8156,OPRM1,opioid receptor mu 1,targets,DrugBank,NCBI,validated,previous_mapping
CHEMBL607,MEPERIDINE,DB00454,Meperidine,P41145,4986,OPRK1,HGNC:8154,OPRK1,opioid receptor kappa 1,targets,DrugBank,NCBI,validated,previous_mapping
CHEMBL607,MEPERIDINE,DB00454,Meperidine,Q01959,6531,SLC6A3,HGNC:11049,SLC6A3,solute carrier family 6 member 3,targets,DrugBank,NCBI,validated,previous_mapping
CHEMBL607,MEPERIDINE,DB00454,Meperidine,Q05586,2902,GRIN1,HGNC:4584,GRIN1,glutamate ionotropic receptor NMDA type subunit 1,targets,DrugBank,NCBI,validated,previous_mapping
CHEMBL607,MEPERIDINE,DB00454,Meperidine,Q12879,2903,GRIN2A,HGNC:4585,GRIN2A,glutamate ionotropic receptor NMDA type subunit 2A,targets,DrugBank,NCBI,validated,previous_mapping
CHEMBL607,MEPERIDINE,DB00454,Meperidine,Q13224,2904,GRIN2B,HGNC:4586,GRIN2B,glutamate ionotropic receptor NMDA type subunit 2B,targets,DrugBank,NCBI,validated,previous_mapping
CHEMBL607,MEPERIDINE,DB00454,Meperidine,Q14957,2905,GRIN2C,HGNC:4587,GRIN2C,glutamate ionotropic receptor NMDA type subunit 2C,targets,DrugBank,NCBI,validated,previous_mapping
CHEMBL61006,PHENYLPROPANOLAMINE,DB00397,Phenylpropanolamine,P07550,154,ADRB2,HGNC:286,ADRB2,adrenoceptor beta 2,targets,DrugBank,NCBI,validated,previous_mapping
CHEMBL61006,PHENYLPROPANOLAMINE,DB00397,Phenylpropanolamine,P08588,153,ADRB1,HGNC:285,ADRB1,adrenoceptor beta 1,targets,DrugBank,NCBI,validated,previous_mapping
CHEMBL61006,PHENYLPROPANOLAMINE,DB00397,Phenylpropanolamine,P08913,150,ADRA2A,HGNC:281,ADRA2A,adrenoceptor alpha 2A,targets,DrugBank,NCBI,validated,previous_mapping
CHEMBL61006,PHENYLPROPANOLAMINE,DB00397,Phenylpropanolamine,P18089,151,ADRA2B,HGNC:282,ADRA2B,adrenoceptor alpha 2B,targets,DrugBank,NCBI,validated,previous_mapping
CHEMBL61006,PHENYLPROPANOLAMINE,DB00397,Phenylpropanolamine,P18825,152,ADRA2C,HGNC:283,ADRA2C,adrenoceptor alpha 2C,targets,DrugBank,NCBI,validated,previous_mapping
CHEMBL61006,PHENYLPROPANOLAMINE,DB00397,Phenylpropanolamine,P21397,4128,MAOA,HGNC:6833,MAOA,monoamine oxidase A,targets,DrugBank,NCBI,validated,previous_mapping
CHEMBL61006,PHENYLPROPANOLAMINE,DB00397,Phenylpropanolamine,P21728,1812,DRD1,HGNC:3020,DRD1,dopamine receptor D1,targets,DrugBank,NCBI,validated,previous_mapping
CHEMBL612,DEXTROAMPHETAMINE,DB01576,Dextroamphetamine,P08913,150,ADRA2A,HGNC:281,ADRA2A,adrenoceptor alpha 2A,targets,DrugBank,NCBI,validated,previous_mapping
CHEMBL612,DEXTROAMPHETAMINE,DB01576,Dextroamphetamine,P10635,1565,CYP2D6,HGNC:2625,CYP2D6,cytochrome P450 family 2 subfamily D member 6 (gene/pseudogene),targets,DrugBank,NCBI,validated,previous_mapping
CHEMBL612,DEXTROAMPHETAMINE,DB01576,Dextroamphetamine,P18089,151,ADRA2B,HGNC:282,ADRA2B,adrenoceptor alpha 2B,targets,DrugBank,NCBI,validated,previous_mapping
CHEMBL612,DEXTROAMPHETAMINE,DB01576,Dextroamphetamine,P18825,152,ADRA2C,HGNC:283,ADRA2C,adrenoceptor alpha 2C,targets,DrugBank,NCBI,validated,previous_mapping
CHEMBL612,DEXTROAMPHETAMINE,DB01576,Dextroamphetamine,P23975,6530,SLC6A2,HGNC:11048,SLC6A2,solute carrier family 6 member 2,targets,DrugBank,NCBI,validated,previous_mapping
CHEMBL612,DEXTROAMPHETAMINE,DB01576,Dextroamphetamine,P25100,146,ADRA1D,HGNC:280,ADRA1D,adrenoceptor alpha 1D,targets,DrugBank,NCBI,validated,previous_mapping
CHEMBL612,DEXTROAMPHETAMINE,DB01576,Dextroamphetamine,P35348,148,ADRA1A,HGNC:277,ADRA1A,adrenoceptor alpha 1A,targets,DrugBank,NCBI,validated,previous_mapping
CHEMBL612,DEXTROAMPHETAMINE,DB01576,Dextroamphetamine,P35368,147,ADRA1B,HGNC:278,ADRA1B,adrenoceptor alpha 1B,targets,DrugBank,NCBI,validated,previous_mapping
CHEMBL612,DEXTROAMPHETAMINE,DB01576,Dextroamphetamine,Q01959,6531,SLC6A3,HGNC:11049,SLC6A3,solute carrier family 6 member 3,targets,DrugBank,NCBI,validated,previous_mapping
CHEMBL612,DEXTROAMPHETAMINE,DB01576,Dextroamphetamine,Q05940,6571,SLC18A2,HGNC:10935,SLC18A2,solute carrier family 18 member A2,targets,DrugBank,NCBI,validated,previous_mapping
CHEMBL612,DEXTROAMPHETAMINE,DB01576,Dextroamphetamine,Q96RJ0,134864,TAAR1,HGNC:17734,TAAR1,trace amine associated receptor 1,targets,DrugBank,NCBI,validated,previous_mapping
CHEMBL620,CLIDINIUM,DB00771,Clidinium,P11229,1128,CHRM1,HGNC:1950,CHRM1,cholinergic receptor muscarinic 1,targets,DrugBank,NCBI,validated,previous_mapping
CHEMBL621,TRAZODONE,DB00656,Trazodone,P08183,5243,ABCB1,HGNC:40,ABCB1,ATP binding cassette subfamily B member 1,targets,DrugBank,NCBI,validated,previous_mapping
CHEMBL621,TRAZODONE,DB00656,Trazodone,P08684,1576,CYP3A4,HGNC:2637,CYP3A4,cytochrome P450 family 3 subfamily A member 4,targets,DrugBank,NCBI,validated,previous_mapping
CHEMBL621,TRAZODONE,DB00656,Trazodone,P08908,3350,HTR1A,HGNC:5286,HTR1A,5-hydroxytryptamine receptor 1A,targets,DrugBank,NCBI,validated,previous_mapping
CHEMBL621,TRAZODONE,DB00656,Trazodone,P08913,150,ADRA2A,HGNC:281,ADRA2A,adrenoceptor alpha 2A,targets,DrugBank,NCBI,validated,previous_mapping
CHEMBL621,TRAZODONE,DB00656,Trazodone,P10635,1565,CYP2D6,HGNC:2625,CYP2D6,cytochrome P450 family 2 subfamily D member 6 (gene/pseudogene),targets,DrugBank,NCBI,validated,previous_mapping
CHEMBL621,TRAZODONE,DB00656,Trazodone,P20815,1577,CYP3A5,HGNC:2638,CYP3A5,cytochrome P450 family 3 subfamily A member 5,targets,DrugBank,NCBI,validated,previous_mapping
CHEMBL621,TRAZODONE,DB00656,Trazodone,P24462,1551,CYP3A7,HGNC:2640,CYP3A7,cytochrome P450 family 3 subfamily A member 7,targets,DrugBank,NCBI,validated,previous_mapping
CHEMBL621,TRAZODONE,DB00656,Trazodone,P28223,3356,HTR2A,HGNC:5293,HTR2A,5-hydroxytryptamine receptor 2A,targets,DrugBank,NCBI,validated,previous_mapping
CHEMBL621,TRAZODONE,DB00656,Trazodone,P28335,3358,HTR2C,HGNC:5295,HTR2C,5-hydroxytryptamine receptor 2C,targets,DrugBank,NCBI,validated,previous_mapping
CHEMBL621,TRAZODONE,DB00656,Trazodone,P31645,6532,SLC6A4,HGNC:11050,SLC6A4,solute carrier family 6 member 4,targets,DrugBank,NCBI,validated,previous_mapping
CHEMBL621,TRAZODONE,DB00656,Trazodone,P35348,148,ADRA1A,HGNC:277,ADRA1A,adrenoceptor alpha 1A,targets,DrugBank,NCBI,validated,previous_mapping
CHEMBL621,TRAZODONE,DB00656,Trazodone,P35367,3269,HRH1,HGNC:5182,HRH1,histamine receptor H1,targets,DrugBank,NCBI,validated,previous_mapping
CHEMBL623,NEFAZODONE,DB01149,Nefazodone,O94956,11309,SLCO2B1,HGNC:10962,SLCO2B1,solute carrier organic anion transporter family member 2B1,targets,DrugBank,NCBI,validated,previous_mapping
CHEMBL623,NEFAZODONE,DB01149,Nefazodone,O95342,8647,ABCB11,HGNC:42,ABCB11,ATP binding cassette subfamily B member 11,targets,DrugBank,NCBI,validated,previous_mapping
CHEMBL623,NEFAZODONE,DB01149,Nefazodone,P08183,5243,ABCB1,HGNC:40,ABCB1,ATP binding cassette subfamily B member 1,targets,DrugBank,NCBI,validated,previous_mapping
CHEMBL623,NEFAZODONE,DB01149,Nefazodone,P08684,1576,CYP3A4,HGNC:2637,CYP3A4,cytochrome P450 family 3 subfamily A member 4,targets,DrugBank,NCBI,validated,previous_mapping
CHEMBL623,NEFAZODONE,DB01149,Nefazodone,P08908,3350,HTR1A,HGNC:5286,HTR1A,5-hydroxytryptamine receptor 1A,targets,DrugBank,NCBI,validated,previous_mapping
CHEMBL623,NEFAZODONE,DB01149,Nefazodone,P08913,150,ADRA2A,HGNC:281,ADRA2A,adrenoceptor alpha 2A,targets,DrugBank,NCBI,validated,previous_mapping
CHEMBL623,NEFAZODONE,DB01149,Nefazodone,P10635,1565,CYP2D6,HGNC:2625,CYP2D6,cytochrome P450 family 2 subfamily D member 6 (gene/pseudogene),targets,DrugBank,NCBI,validated,previous_mapping
CHEMBL623,NEFAZODONE,DB01149,Nefazodone,P20815,1577,CYP3A5,HGNC:2638,CYP3A5,cytochrome P450 family 3 subfamily A member 5,targets,DrugBank,NCBI,validated,previous_mapping
CHEMBL623,NEFAZODONE,DB01149,Nefazodone,P23975,6530,SLC6A2,HGNC:11048,SLC6A2,solute carrier family 6 member 2,targets,DrugBank,NCBI,validated,previous_mapping
CHEMBL623,NEFAZODONE,DB01149,Nefazodone,P24462,1551,CYP3A7,HGNC:2640,CYP3A7,cytochrome P450 family 3 subfamily A member 7,targets,DrugBank,NCBI,validated,previous_mapping
CHEMBL623,NEFAZODONE,DB01149,Nefazodone,P28223,3356,HTR2A,HGNC:5293,HTR2A,5-hydroxytryptamine receptor 2A,targets,DrugBank,NCBI,validated,previous_mapping
CHEMBL623,NEFAZODONE,DB01149,Nefazodone,P28335,3358,HTR2C,HGNC:5295,HTR2C,5-hydroxytryptamine receptor 2C,targets,DrugBank,NCBI,validated,previous_mapping
CHEMBL623,NEFAZODONE,DB01149,Nefazodone,P31645,6532,SLC6A4,HGNC:11050,SLC6A4,solute carrier family 6 member 4,targets,DrugBank,NCBI,validated,previous_mapping
CHEMBL623,NEFAZODONE,DB01149,Nefazodone,P35348,148,ADRA1A,HGNC:277,ADRA1A,adrenoceptor alpha 1A,targets,DrugBank,NCBI,validated,previous_mapping
CHEMBL623,NEFAZODONE,DB01149,Nefazodone,P35368,147,ADRA1B,HGNC:278,ADRA1B,adrenoceptor alpha 1B,targets,DrugBank,NCBI,validated,previous_mapping
CHEMBL623,NEFAZODONE,DB01149,Nefazodone,Q01959,6531,SLC6A3,HGNC:11049,SLC6A3,solute carrier family 6 member 3,targets,DrugBank,NCBI,validated,previous_mapping
CHEMBL623,NEFAZODONE,DB01149,Nefazodone,Q12809,3757,KCNH2,HGNC:6251,KCNH2,potassium voltage-gated channel subfamily H member 2,targets,DrugBank,NCBI,validated,previous_mapping
CHEMBL623,NEFAZODONE,DB01149,Nefazodone,Q9HB55,64816,CYP3A43,HGNC:17450,CYP3A43,cytochrome P450 family 3 subfamily A member 43,targets,DrugBank,NCBI,validated,previous_mapping
CHEMBL623,NEFAZODONE,DB01149,Nefazodone,Q9NPD5,28234,SLCO1B3,HGNC:10961,SLCO1B3,solute carrier organic anion transporter family member 1B3,targets,DrugBank,NCBI,validated,previous_mapping
CHEMBL629,AMITRIPTYLINE,DB00321,Amitriptyline,O43525,3786,KCNQ3,HGNC:6297,KCNQ3,potassium voltage-gated channel subfamily Q member 3,targets,DrugBank,NCBI,validated,previous_mapping
CHEMBL629,AMITRIPTYLINE,DB00321,Amitriptyline,O43526,3785,KCNQ2,HGNC:6296,KCNQ2,potassium voltage-gated channel subfamily Q member 2,targets,DrugBank,NCBI,validated,previous_mapping
CHEMBL629,AMITRIPTYLINE,DB00321,Amitriptyline,P02763,5004,ORM1,HGNC:8498,ORM1,orosomucoid 1,targets,DrugBank,NCBI,validated,previous_mapping
CHEMBL629,AMITRIPTYLINE,DB00321,Amitriptyline,P02768,213,ALB,HGNC:399,ALB,albumin,targets,DrugBank,NCBI,validated,previous_mapping
CHEMBL629,AMITRIPTYLINE,DB00321,Amitriptyline,P04629,4914,NTRK1,HGNC:8031,NTRK1,neurotrophic receptor tyrosine kinase 1,targets,DrugBank,NCBI,validated,previous_mapping
CHEMBL629,AMITRIPTYLINE,DB00321,Amitriptyline,P05177,1544,CYP1A2,HGNC:2596,CYP1A2,cytochrome P450 family 1 subfamily A member 2,targets,DrugBank,NCBI,validated,previous_mapping
CHEMBL629,AMITRIPTYLINE,DB00321,Amitriptyline,P08172,1129,CHRM2,HGNC:1951,CHRM2,cholinergic receptor muscarinic 2,targets,DrugBank,NCBI,validated,previous_mapping
CHEMBL629,AMITRIPTYLINE,DB00321,Amitriptyline,P08173,1132,CHRM4,HGNC:1953,CHRM4,cholinergic receptor muscarinic 4,targets,DrugBank,NCBI,validated,previous_mapping
CHEMBL629,AMITRIPTYLINE,DB00321,Amitriptyline,P08183,5243,ABCB1,HGNC:40,ABCB1,ATP binding cassette subfamily B member 1,targets,DrugBank,NCBI,validated,previous_mapping
CHEMBL629,AMITRIPTYLINE,DB00321,Amitriptyline,P08684,1576,CYP3A4,HGNC:2637,CYP3A4,cytochrome P450 family 3 subfamily A member 4,targets,DrugBank,NCBI,validated,previous_mapping
CHEMBL629,AMITRIPTYLINE,DB00321,Amitriptyline,P08908,3350,HTR1A,HGNC:5286,HTR1A,5-hydroxytryptamine receptor 1A,targets,DrugBank,NCBI,validated,previous_mapping
CHEMBL629,AMITRIPTYLINE,DB00321,Amitriptyline,P08912,1133,CHRM5,HGNC:1954,CHRM5,cholinergic receptor muscarinic 5,targets,DrugBank,NCBI,validated,previous_mapping
CHEMBL629,AMITRIPTYLINE,DB00321,Amitriptyline,P08913,150,ADRA2A,HGNC:281,ADRA2A,adrenoceptor alpha 2A,targets,DrugBank,NCBI,validated,previous_mapping
CHEMBL629,AMITRIPTYLINE,DB00321,Amitriptyline,P10632,1558,CYP2C8,HGNC:2622,CYP2C8,cytochrome P450 family 2 subfamily C member 8,targets,DrugBank,NCBI,validated,previous_mapping
CHEMBL629,AMITRIPTYLINE,DB00321,Amitriptyline,P10635,1565,CYP2D6,HGNC:2625,CYP2D6,cytochrome P450 family 2 subfamily D member 6 (gene/pseudogene),targets,DrugBank,NCBI,validated,previous_mapping
CHEMBL629,AMITRIPTYLINE,DB00321,Amitriptyline,P11229,1128,CHRM1,HGNC:1950,CHRM1,cholinergic receptor muscarinic 1,targets,DrugBank,NCBI,validated,previous_mapping
CHEMBL629,AMITRIPTYLINE,DB00321,Amitriptyline,P11712,1559,CYP2C9,HGNC:2623,CYP2C9,cytochrome P450 family 2 subfamily C member 9,targets,DrugBank,NCBI,validated,previous_mapping
CHEMBL629,AMITRIPTYLINE,DB00321,Amitriptyline,P20309,1131,CHRM3,HGNC:1952,CHRM3,cholinergic receptor muscarinic 3,targets,DrugBank,NCBI,validated,previous_mapping
CHEMBL629,AMITRIPTYLINE,DB00321,Amitriptyline,P20813,1555,CYP2B6,HGNC:2615,CYP2B6,cytochrome P450 family 2 subfamily B member 6,targets,DrugBank,NCBI,validated,previous_mapping
CHEMBL629,AMITRIPTYLINE,DB00321,Amitriptyline,P20815,1577,CYP3A5,HGNC:2638,CYP3A5,cytochrome P450 family 3 subfamily A member 5,targets,DrugBank,NCBI,validated,previous_mapping
CHEMBL629,AMITRIPTYLINE,DB00321,Amitriptyline,P22310,54657,UGT1A4,HGNC:12536,UGT1A4,UDP glucuronosyltransferase family 1 member A4,targets,DrugBank,NCBI,validated,previous_mapping
CHEMBL629,AMITRIPTYLINE,DB00321,Amitriptyline,P23975,6530,SLC6A2,HGNC:11048,SLC6A2,solute carrier family 6 member 2,targets,DrugBank,NCBI,validated,previous_mapping
CHEMBL629,AMITRIPTYLINE,DB00321,Amitriptyline,P25021,3274,HRH2,HGNC:5183,HRH2,histamine receptor H2,targets,DrugBank,NCBI,validated,previous_mapping
CHEMBL629,AMITRIPTYLINE,DB00321,Amitriptyline,P25100,146,ADRA1D,HGNC:280,ADRA1D,adrenoceptor alpha 1D,targets,DrugBank,NCBI,validated,previous_mapping
CHEMBL629,AMITRIPTYLINE,DB00321,Amitriptyline,P28221,3352,HTR1D,HGNC:5289,HTR1D,5-hydroxytryptamine receptor 1D,targets,DrugBank,NCBI,validated,previous_mapping
CHEMBL629,AMITRIPTYLINE,DB00321,Amitriptyline,P28222,3351,HTR1B,HGNC:5287,HTR1B,5-hydroxytryptamine receptor 1B,targets,DrugBank,NCBI,validated,previous_mapping
CHEMBL629,AMITRIPTYLINE,DB00321,Amitriptyline,P28223,3356,HTR2A,HGNC:5293,HTR2A,5-hydroxytryptamine receptor 2A,targets,DrugBank,NCBI,validated,previous_mapping
CHEMBL629,AMITRIPTYLINE,DB00321,Amitriptyline,P28335,3358,HTR2C,HGNC:5295,HTR2C,5-hydroxytryptamine receptor 2C,targets,DrugBank,NCBI,validated,previous_mapping
CHEMBL629,AMITRIPTYLINE,DB00321,Amitriptyline,P31645,6532,SLC6A4,HGNC:11050,SLC6A4,solute carrier family 6 member 4,targets,DrugBank,NCBI,validated,previous_mapping
CHEMBL629,AMITRIPTYLINE,DB00321,Amitriptyline,P33261,1557,CYP2C19,HGNC:2621,CYP2C19,cytochrome P450 family 2 subfamily C member 19,targets,DrugBank,NCBI,validated,previous_mapping
CHEMBL629,AMITRIPTYLINE,DB00321,Amitriptyline,P34969,3363,HTR7,HGNC:5302,HTR7,5-hydroxytryptamine receptor 7,targets,DrugBank,NCBI,validated,previous_mapping
CHEMBL629,AMITRIPTYLINE,DB00321,Amitriptyline,P35348,148,ADRA1A,HGNC:277,ADRA1A,adrenoceptor alpha 1A,targets,DrugBank,NCBI,validated,previous_mapping
CHEMBL629,AMITRIPTYLINE,DB00321,Amitriptyline,P35367,3269,HRH1,HGNC:5182,HRH1,histamine receptor H1,targets,DrugBank,NCBI,validated,previous_mapping
CHEMBL629,AMITRIPTYLINE,DB00321,Amitriptyline,P35368,147,ADRA1B,HGNC:278,ADRA1B,adrenoceptor alpha 1B,targets,DrugBank,NCBI,validated,previous_mapping
CHEMBL629,AMITRIPTYLINE,DB00321,Amitriptyline,P35372,4988,OPRM1,HGNC:8156,OPRM1,opioid receptor mu 1,targets,DrugBank,NCBI,validated,previous_mapping
CHEMBL629,AMITRIPTYLINE,DB00321,Amitriptyline,P36537,7365,UGT2B10,HGNC:12544,UGT2B10,UDP glucuronosyltransferase family 2 member B10,targets,DrugBank,NCBI,validated,previous_mapping
CHEMBL629,AMITRIPTYLINE,DB00321,Amitriptyline,P41143,4985,OPRD1,HGNC:8153,OPRD1,opioid receptor delta 1,targets,DrugBank,NCBI,validated,previous_mapping
CHEMBL629,AMITRIPTYLINE,DB00321,Amitriptyline,P41145,4986,OPRK1,HGNC:8154,OPRK1,opioid receptor kappa 1,targets,DrugBank,NCBI,validated,previous_mapping
CHEMBL629,AMITRIPTYLINE,DB00321,Amitriptyline,P50406,3362,HTR6,HGNC:5301,HTR6,5-hydroxytryptamine receptor 6,targets,DrugBank,NCBI,validated,previous_mapping
CHEMBL629,AMITRIPTYLINE,DB00321,Amitriptyline,Q09470,3736,KCNA1,HGNC:6218,KCNA1,potassium voltage-gated channel subfamily A member 1,targets,DrugBank,NCBI,validated,previous_mapping
CHEMBL629,AMITRIPTYLINE,DB00321,Amitriptyline,Q12809,3757,KCNH2,HGNC:6251,KCNH2,potassium voltage-gated channel subfamily H member 2,targets,DrugBank,NCBI,validated,previous_mapping
CHEMBL629,AMITRIPTYLINE,DB00321,Amitriptyline,Q16620,4915,NTRK2,HGNC:8032,NTRK2,neurotrophic receptor tyrosine kinase 2,targets,DrugBank,NCBI,validated,previous_mapping
CHEMBL629,AMITRIPTYLINE,DB00321,Amitriptyline,Q99720,10280,SIGMAR1,HGNC:8157,SIGMAR1,sigma receptor chaperone 1,targets,DrugBank,NCBI,validated,previous_mapping
CHEMBL629,AMITRIPTYLINE,DB00321,Amitriptyline,Q9H252,81033,KCNH6,HGNC:18862,KCNH6,potassium voltage-gated channel subfamily H member 6,targets,DrugBank,NCBI,validated,previous_mapping
CHEMBL629,AMITRIPTYLINE,DB00321,Amitriptyline,Q9H3N8,59340,HRH4,HGNC:17383,HRH4,histamine receptor H4,targets,DrugBank,NCBI,validated,previous_mapping
CHEMBL629,AMITRIPTYLINE,DB00321,Amitriptyline,Q9NS40,90134,KCNH7,HGNC:18863,KCNH7,potassium voltage-gated channel subfamily H member 7,targets,DrugBank,NCBI,validated,previous_mapping
CHEMBL632,BETAMETHASONE,DB00443,Betamethasone,P02768,213,ALB,HGNC:399,ALB,albumin,targets,DrugBank,NCBI,validated,previous_mapping
CHEMBL632,BETAMETHASONE,DB00443,Betamethasone,P04150,2908,NR3C1,HGNC:7978,NR3C1,nuclear receptor subfamily 3 group C member 1,targets,DrugBank,NCBI,validated,previous_mapping
CHEMBL632,BETAMETHASONE,DB00443,Betamethasone,P08183,5243,ABCB1,HGNC:40,ABCB1,ATP binding cassette subfamily B member 1,targets,DrugBank,NCBI,validated,previous_mapping
CHEMBL632,BETAMETHASONE,DB00443,Betamethasone,P08185,866,SERPINA6,HGNC:1540,SERPINA6,serpin family A member 6,targets,DrugBank,NCBI,validated,previous_mapping
CHEMBL632,BETAMETHASONE,DB00443,Betamethasone,P08684,1576,CYP3A4,HGNC:2637,CYP3A4,cytochrome P450 family 3 subfamily A member 4,targets,DrugBank,NCBI,validated,previous_mapping
CHEMBL632,BETAMETHASONE,DB00443,Betamethasone,P10632,1558,CYP2C8,HGNC:2622,CYP2C8,cytochrome P450 family 2 subfamily C member 8,targets,DrugBank,NCBI,validated,previous_mapping
CHEMBL632,BETAMETHASONE,DB00443,Betamethasone,P11509,1548,CYP2A6,HGNC:2610,CYP2A6,cytochrome P450 family 2 subfamily A member 6,targets,DrugBank,NCBI,validated,previous_mapping
CHEMBL632,BETAMETHASONE,DB00443,Betamethasone,P11511,1588,CYP19A1,HGNC:2594,CYP19A1,cytochrome P450 family 19 subfamily A member 1,targets,DrugBank,NCBI,validated,previous_mapping
CHEMBL632,BETAMETHASONE,DB00443,Betamethasone,P11712,1559,CYP2C9,HGNC:2623,CYP2C9,cytochrome P450 family 2 subfamily C member 9,targets,DrugBank,NCBI,validated,previous_mapping
CHEMBL632,BETAMETHASONE,DB00443,Betamethasone,P20813,1555,CYP2B6,HGNC:2615,CYP2B6,cytochrome P450 family 2 subfamily B member 6,targets,DrugBank,NCBI,validated,previous_mapping
CHEMBL632,BETAMETHASONE,DB00443,Betamethasone,P20815,1577,CYP3A5,HGNC:2638,CYP3A5,cytochrome P450 family 3 subfamily A member 5,targets,DrugBank,NCBI,validated,previous_mapping
CHEMBL632,BETAMETHASONE,DB00443,Betamethasone,P24462,1551,CYP3A7,HGNC:2640,CYP3A7,cytochrome P450 family 3 subfamily A member 7,targets,DrugBank,NCBI,validated,previous_mapping
CHEMBL632,BETAMETHASONE,DB00443,Betamethasone,P33261,1557,CYP2C19,HGNC:2621,CYP2C19,cytochrome P450 family 2 subfamily C member 19,targets,DrugBank,NCBI,validated,previous_mapping
CHEMBL632,BETAMETHASONE,DB00443,Betamethasone,Q16678,1545,CYP1B1,HGNC:2597,CYP1B1,cytochrome P450 family 1 subfamily B member 1,targets,DrugBank,NCBI,validated,previous_mapping
CHEMBL635,PREDNISONE,DB00635,Prednisone,P02768,213,ALB,HGNC:399,ALB,albumin,targets,DrugBank,NCBI,validated,previous_mapping
CHEMBL635,PREDNISONE,DB00635,Prednisone,P04150,2908,NR3C1,HGNC:7978,NR3C1,nuclear receptor subfamily 3 group C member 1,targets,DrugBank,NCBI,validated,previous_mapping
CHEMBL635,PREDNISONE,DB00635,Prednisone,P08183,5243,ABCB1,HGNC:40,ABCB1,ATP binding cassette subfamily B member 1,targets,DrugBank,NCBI,validated,previous_mapping
CHEMBL635,PREDNISONE,DB00635,Prednisone,P08185,866,SERPINA6,HGNC:1540,SERPINA6,serpin family A member 6,targets,DrugBank,NCBI,validated,previous_mapping
CHEMBL635,PREDNISONE,DB00635,Prednisone,P08684,1576,CYP3A4,HGNC:2637,CYP3A4,cytochrome P450 family 3 subfamily A member 4,targets,DrugBank,NCBI,validated,previous_mapping
CHEMBL635,PREDNISONE,DB00635,Prednisone,P10632,1558,CYP2C8,HGNC:2622,CYP2C8,cytochrome P450 family 2 subfamily C member 8,targets,DrugBank,NCBI,validated,previous_mapping
CHEMBL635,PREDNISONE,DB00635,Prednisone,P11509,1548,CYP2A6,HGNC:2610,CYP2A6,cytochrome P450 family 2 subfamily A member 6,targets,DrugBank,NCBI,validated,previous_mapping
CHEMBL635,PREDNISONE,DB00635,Prednisone,P11712,1559,CYP2C9,HGNC:2623,CYP2C9,cytochrome P450 family 2 subfamily C member 9,targets,DrugBank,NCBI,validated,previous_mapping
CHEMBL635,PREDNISONE,DB00635,Prednisone,P20813,1555,CYP2B6,HGNC:2615,CYP2B6,cytochrome P450 family 2 subfamily B member 6,targets,DrugBank,NCBI,validated,previous_mapping
CHEMBL635,PREDNISONE,DB00635,Prednisone,P20815,1577,CYP3A5,HGNC:2638,CYP3A5,cytochrome P450 family 3 subfamily A member 5,targets,DrugBank,NCBI,validated,previous_mapping
CHEMBL635,PREDNISONE,DB00635,Prednisone,P24462,1551,CYP3A7,HGNC:2640,CYP3A7,cytochrome P450 family 3 subfamily A member 7,targets,DrugBank,NCBI,validated,previous_mapping
CHEMBL635,PREDNISONE,DB00635,Prednisone,P28845,3290,HSD11B1,HGNC:5208,HSD11B1,hydroxysteroid 11-beta dehydrogenase 1,targets,DrugBank,NCBI,validated,previous_mapping
CHEMBL635,PREDNISONE,DB00635,Prednisone,P33261,1557,CYP2C19,HGNC:2621,CYP2C19,cytochrome P450 family 2 subfamily C member 19,targets,DrugBank,NCBI,validated,previous_mapping
CHEMBL635,PREDNISONE,DB00635,Prednisone,P46721,6579,SLCO1A2,HGNC:10956,SLCO1A2,solute carrier organic anion transporter family member 1A2,targets,DrugBank,NCBI,validated,previous_mapping
CHEMBL635,PREDNISONE,DB00635,Prednisone,Q16678,1545,CYP1B1,HGNC:2597,CYP1B1,cytochrome P450 family 1 subfamily B member 1,targets,DrugBank,NCBI,validated,previous_mapping
CHEMBL635,PREDNISONE,DB00635,Prednisone,Q9HB55,64816,CYP3A43,HGNC:17450,CYP3A43,cytochrome P450 family 3 subfamily A member 43,targets,DrugBank,NCBI,validated,previous_mapping
CHEMBL636,RIVASTIGMINE,DB00989,Rivastigmine,P06276,590,BCHE,HGNC:983,BCHE,butyrylcholinesterase,targets,DrugBank,NCBI,validated,previous_mapping
CHEMBL636,RIVASTIGMINE,DB00989,Rivastigmine,P22303,43,ACHE,HGNC:108,ACHE,acetylcholinesterase (Yt blood group),targets,DrugBank,NCBI,validated,previous_mapping
CHEMBL637,VENLAFAXINE,DB00285,Venlafaxine,P08183,5243,ABCB1,HGNC:40,ABCB1,ATP binding cassette subfamily B member 1,targets,DrugBank,NCBI,validated,previous_mapping
CHEMBL637,VENLAFAXINE,DB00285,Venlafaxine,P08684,1576,CYP3A4,HGNC:2637,CYP3A4,cytochrome P450 family 3 subfamily A member 4,targets,DrugBank,NCBI,validated,previous_mapping
CHEMBL637,VENLAFAXINE,DB00285,Venlafaxine,P10635,1565,CYP2D6,HGNC:2625,CYP2D6,cytochrome P450 family 2 subfamily D member 6 (gene/pseudogene),targets,DrugBank,NCBI,validated,previous_mapping
CHEMBL637,VENLAFAXINE,DB00285,Venlafaxine,P23975,6530,SLC6A2,HGNC:11048,SLC6A2,solute carrier family 6 member 2,targets,DrugBank,NCBI,validated,previous_mapping
CHEMBL637,VENLAFAXINE,DB00285,Venlafaxine,P31645,6532,SLC6A4,HGNC:11050,SLC6A4,solute carrier family 6 member 4,targets,DrugBank,NCBI,validated,previous_mapping
CHEMBL637,VENLAFAXINE,DB00285,Venlafaxine,Q01959,6531,SLC6A3,HGNC:11049,SLC6A3,solute carrier family 6 member 3,targets,DrugBank,NCBI,validated,previous_mapping
CHEMBL637,VENLAFAXINE,DB00285,Venlafaxine,Q9UNQ0,9429,ABCG2,HGNC:74,ABCG2,ATP binding cassette subfamily G member 2 (JR blood group),targets,DrugBank,NCBI,validated,previous_mapping
CHEMBL641,ATOMOXETINE,DB00289,Atomoxetine,O15399,2906,GRIN2D,HGNC:4588,GRIN2D,glutamate ionotropic receptor NMDA type subunit 2D,targets,DrugBank,NCBI,validated,previous_mapping
CHEMBL641,ATOMOXETINE,DB00289,Atomoxetine,O60391,116444,GRIN3B,HGNC:16768,GRIN3B,glutamate ionotropic receptor NMDA type subunit 3B,targets,DrugBank,NCBI,validated,previous_mapping
CHEMBL641,ATOMOXETINE,DB00289,Atomoxetine,P02763,5004,ORM1,HGNC:8498,ORM1,orosomucoid 1,targets,DrugBank,NCBI,validated,previous_mapping
CHEMBL641,ATOMOXETINE,DB00289,Atomoxetine,P02768,213,ALB,HGNC:399,ALB,albumin,targets,DrugBank,NCBI,validated,previous_mapping
CHEMBL641,ATOMOXETINE,DB00289,Atomoxetine,P10635,1565,CYP2D6,HGNC:2625,CYP2D6,cytochrome P450 family 2 subfamily D member 6 (gene/pseudogene),targets,DrugBank,NCBI,validated,previous_mapping
CHEMBL641,ATOMOXETINE,DB00289,Atomoxetine,P12314,2209,FCGR1A,HGNC:3613,FCGR1A,Fc gamma receptor Ia,targets,DrugBank,NCBI,validated,previous_mapping
CHEMBL641,ATOMOXETINE,DB00289,Atomoxetine,P19652,5005,ORM2,HGNC:8499,ORM2,orosomucoid 2,targets,DrugBank,NCBI,validated,previous_mapping
CHEMBL641,ATOMOXETINE,DB00289,Atomoxetine,P23975,6530,SLC6A2,HGNC:11048,SLC6A2,solute carrier family 6 member 2,targets,DrugBank,NCBI,validated,previous_mapping
CHEMBL641,ATOMOXETINE,DB00289,Atomoxetine,P31645,6532,SLC6A4,HGNC:11050,SLC6A4,solute carrier family 6 member 4,targets,DrugBank,NCBI,validated,previous_mapping
CHEMBL641,ATOMOXETINE,DB00289,Atomoxetine,P33261,1557,CYP2C19,HGNC:2621,CYP2C19,cytochrome P450 family 2 subfamily C member 19,targets,DrugBank,NCBI,validated,previous_mapping
CHEMBL641,ATOMOXETINE,DB00289,Atomoxetine,P41145,4986,OPRK1,HGNC:8154,OPRK1,opioid receptor kappa 1,targets,DrugBank,NCBI,validated,previous_mapping
CHEMBL641,ATOMOXETINE,DB00289,Atomoxetine,P48549,3760,KCNJ3,HGNC:6264,KCNJ3,potassium inwardly rectifying channel subfamily J member 3,targets,DrugBank,NCBI,validated,previous_mapping
CHEMBL641,ATOMOXETINE,DB00289,Atomoxetine,Q05586,2902,GRIN1,HGNC:4584,GRIN1,glutamate ionotropic receptor NMDA type subunit 1,targets,DrugBank,NCBI,validated,previous_mapping
CHEMBL641,ATOMOXETINE,DB00289,Atomoxetine,Q12879,2903,GRIN2A,HGNC:4585,GRIN2A,glutamate ionotropic receptor NMDA type subunit 2A,targets,DrugBank,NCBI,validated,previous_mapping
CHEMBL641,ATOMOXETINE,DB00289,Atomoxetine,Q13224,2904,GRIN2B,HGNC:4586,GRIN2B,glutamate ionotropic receptor NMDA type subunit 2B,targets,DrugBank,NCBI,validated,previous_mapping
CHEMBL641,ATOMOXETINE,DB00289,Atomoxetine,Q14957,2905,GRIN2C,HGNC:4587,GRIN2C,glutamate ionotropic receptor NMDA type subunit 2C,targets,DrugBank,NCBI,validated,previous_mapping
CHEMBL641,ATOMOXETINE,DB00289,Atomoxetine,Q8TCU5,116443,GRIN3A,HGNC:16767,GRIN3A,glutamate ionotropic receptor NMDA type subunit 3A,targets,DrugBank,NCBI,validated,previous_mapping
CHEMBL642,ACEBUTOLOL,DB01193,Acebutolol,P07550,154,ADRB2,HGNC:286,ADRB2,adrenoceptor beta 2,targets,DrugBank,NCBI,validated,previous_mapping
CHEMBL642,ACEBUTOLOL,DB01193,Acebutolol,P08183,5243,ABCB1,HGNC:40,ABCB1,ATP binding cassette subfamily B member 1,targets,DrugBank,NCBI,validated,previous_mapping
CHEMBL642,ACEBUTOLOL,DB01193,Acebutolol,P08588,153,ADRB1,HGNC:285,ADRB1,adrenoceptor beta 1,targets,DrugBank,NCBI,validated,previous_mapping
CHEMBL642,ACEBUTOLOL,DB01193,Acebutolol,P10635,1565,CYP2D6,HGNC:2625,CYP2D6,cytochrome P450 family 2 subfamily D member 6 (gene/pseudogene),targets,DrugBank,NCBI,validated,previous_mapping
CHEMBL6437,MIANSERIN,DB06148,Mianserin,P05177,1544,CYP1A2,HGNC:2596,CYP1A2,cytochrome P450 family 1 subfamily A member 2,targets,DrugBank,NCBI,validated,previous_mapping
CHEMBL6437,MIANSERIN,DB06148,Mianserin,P08684,1576,CYP3A4,HGNC:2637,CYP3A4,cytochrome P450 family 3 subfamily A member 4,targets,DrugBank,NCBI,validated,previous_mapping
CHEMBL6437,MIANSERIN,DB06148,Mianserin,P08908,3350,HTR1A,HGNC:5286,HTR1A,5-hydroxytryptamine receptor 1A,targets,DrugBank,NCBI,validated,previous_mapping
CHEMBL6437,MIANSERIN,DB06148,Mianserin,P08913,150,ADRA2A,HGNC:281,ADRA2A,adrenoceptor alpha 2A,targets,DrugBank,NCBI,validated,previous_mapping
CHEMBL6437,MIANSERIN,DB06148,Mianserin,P10635,1565,CYP2D6,HGNC:2625,CYP2D6,cytochrome P450 family 2 subfamily D member 6 (gene/pseudogene),targets,DrugBank,NCBI,validated,previous_mapping
CHEMBL6437,MIANSERIN,DB06148,Mianserin,P14416,1813,DRD2,HGNC:3023,DRD2,dopamine receptor D2,targets,DrugBank,NCBI,validated,previous_mapping
CHEMBL6437,MIANSERIN,DB06148,Mianserin,P18089,151,ADRA2B,HGNC:282,ADRA2B,adrenoceptor alpha 2B,targets,DrugBank,NCBI,validated,previous_mapping
CHEMBL6437,MIANSERIN,DB06148,Mianserin,P18825,152,ADRA2C,HGNC:283,ADRA2C,adrenoceptor alpha 2C,targets,DrugBank,NCBI,validated,previous_mapping
CHEMBL6437,MIANSERIN,DB06148,Mianserin,P20813,1555,CYP2B6,HGNC:2615,CYP2B6,cytochrome P450 family 2 subfamily B member 6,targets,DrugBank,NCBI,validated,previous_mapping
CHEMBL6437,MIANSERIN,DB06148,Mianserin,P21728,1812,DRD1,HGNC:3020,DRD1,dopamine receptor D1,targets,DrugBank,NCBI,validated,previous_mapping
CHEMBL6437,MIANSERIN,DB06148,Mianserin,P21918,1816,DRD5,HGNC:3026,DRD5,dopamine receptor D5,targets,DrugBank,NCBI,validated,previous_mapping
CHEMBL6437,MIANSERIN,DB06148,Mianserin,P23975,6530,SLC6A2,HGNC:11048,SLC6A2,solute carrier family 6 member 2,targets,DrugBank,NCBI,validated,previous_mapping
CHEMBL6437,MIANSERIN,DB06148,Mianserin,P25100,146,ADRA1D,HGNC:280,ADRA1D,adrenoceptor alpha 1D,targets,DrugBank,NCBI,validated,previous_mapping
CHEMBL6437,MIANSERIN,DB06148,Mianserin,P28223,3356,HTR2A,HGNC:5293,HTR2A,5-hydroxytryptamine receptor 2A,targets,DrugBank,NCBI,validated,previous_mapping
CHEMBL6437,MIANSERIN,DB06148,Mianserin,P28335,3358,HTR2C,HGNC:5295,HTR2C,5-hydroxytryptamine receptor 2C,targets,DrugBank,NCBI,validated,previous_mapping
CHEMBL6437,MIANSERIN,DB06148,Mianserin,P30939,3355,HTR1F,HGNC:5292,HTR1F,5-hydroxytryptamine receptor 1F,targets,DrugBank,NCBI,validated,previous_mapping
CHEMBL6437,MIANSERIN,DB06148,Mianserin,P31645,6532,SLC6A4,HGNC:11050,SLC6A4,solute carrier family 6 member 4,targets,DrugBank,NCBI,validated,previous_mapping
CHEMBL6437,MIANSERIN,DB06148,Mianserin,P34969,3363,HTR7,HGNC:5302,HTR7,5-hydroxytryptamine receptor 7,targets,DrugBank,NCBI,validated,previous_mapping
CHEMBL6437,MIANSERIN,DB06148,Mianserin,P35348,148,ADRA1A,HGNC:277,ADRA1A,adrenoceptor alpha 1A,targets,DrugBank,NCBI,validated,previous_mapping
CHEMBL6437,MIANSERIN,DB06148,Mianserin,P35367,3269,HRH1,HGNC:5182,HRH1,histamine receptor H1,targets,DrugBank,NCBI,validated,previous_mapping
CHEMBL6437,MIANSERIN,DB06148,Mianserin,P35368,147,ADRA1B,HGNC:278,ADRA1B,adrenoceptor alpha 1B,targets,DrugBank,NCBI,validated,previous_mapping
CHEMBL6437,MIANSERIN,DB06148,Mianserin,P35462,1814,DRD3,HGNC:3024,DRD3,dopamine receptor D3,targets,DrugBank,NCBI,validated,previous_mapping
CHEMBL6437,MIANSERIN,DB06148,Mianserin,P41145,4986,OPRK1,HGNC:8154,OPRK1,opioid receptor kappa 1,targets,DrugBank,NCBI,validated,previous_mapping
CHEMBL6437,MIANSERIN,DB06148,Mianserin,P41595,3357,HTR2B,HGNC:5294,HTR2B,5-hydroxytryptamine receptor 2B,targets,DrugBank,NCBI,validated,previous_mapping
CHEMBL6437,MIANSERIN,DB06148,Mianserin,P50406,3362,HTR6,HGNC:5301,HTR6,5-hydroxytryptamine receptor 6,targets,DrugBank,NCBI,validated,previous_mapping
CHEMBL6437,MIANSERIN,DB06148,Mianserin,Q01959,6531,SLC6A3,HGNC:11049,SLC6A3,solute carrier family 6 member 3,targets,DrugBank,NCBI,validated,previous_mapping
CHEMBL6437,MIANSERIN,DB06148,Mianserin,Q9H3N8,59340,HRH4,HGNC:17383,HRH4,histamine receptor H4,targets,DrugBank,NCBI,validated,previous_mapping
CHEMBL644,TRIMIPRAMINE,DB00726,Trimipramine,P07550,154,ADRB2,HGNC:286,ADRB2,adrenoceptor beta 2,targets,DrugBank,NCBI,validated,previous_mapping
CHEMBL644,TRIMIPRAMINE,DB00726,Trimipramine,P08172,1129,CHRM2,HGNC:1951,CHRM2,cholinergic receptor muscarinic 2,targets,DrugBank,NCBI,validated,previous_mapping
CHEMBL644,TRIMIPRAMINE,DB00726,Trimipramine,P08173,1132,CHRM4,HGNC:1953,CHRM4,cholinergic receptor muscarinic 4,targets,DrugBank,NCBI,validated,previous_mapping
CHEMBL644,TRIMIPRAMINE,DB00726,Trimipramine,P08183,5243,ABCB1,HGNC:40,ABCB1,ATP binding cassette subfamily B member 1,targets,DrugBank,NCBI,validated,previous_mapping
CHEMBL644,TRIMIPRAMINE,DB00726,Trimipramine,P08588,153,ADRB1,HGNC:285,ADRB1,adrenoceptor beta 1,targets,DrugBank,NCBI,validated,previous_mapping
CHEMBL644,TRIMIPRAMINE,DB00726,Trimipramine,P08908,3350,HTR1A,HGNC:5286,HTR1A,5-hydroxytryptamine receptor 1A,targets,DrugBank,NCBI,validated,previous_mapping
CHEMBL644,TRIMIPRAMINE,DB00726,Trimipramine,P08912,1133,CHRM5,HGNC:1954,CHRM5,cholinergic receptor muscarinic 5,targets,DrugBank,NCBI,validated,previous_mapping
CHEMBL644,TRIMIPRAMINE,DB00726,Trimipramine,P08913,150,ADRA2A,HGNC:281,ADRA2A,adrenoceptor alpha 2A,targets,DrugBank,NCBI,validated,previous_mapping
CHEMBL644,TRIMIPRAMINE,DB00726,Trimipramine,P10635,1565,CYP2D6,HGNC:2625,CYP2D6,cytochrome P450 family 2 subfamily D member 6 (gene/pseudogene),targets,DrugBank,NCBI,validated,previous_mapping
CHEMBL644,TRIMIPRAMINE,DB00726,Trimipramine,P11229,1128,CHRM1,HGNC:1950,CHRM1,cholinergic receptor muscarinic 1,targets,DrugBank,NCBI,validated,previous_mapping
CHEMBL644,TRIMIPRAMINE,DB00726,Trimipramine,P11712,1559,CYP2C9,HGNC:2623,CYP2C9,cytochrome P450 family 2 subfamily C member 9,targets,DrugBank,NCBI,validated,previous_mapping
CHEMBL644,TRIMIPRAMINE,DB00726,Trimipramine,P13945,155,ADRB3,HGNC:288,ADRB3,adrenoceptor beta 3,targets,DrugBank,NCBI,validated,previous_mapping
CHEMBL644,TRIMIPRAMINE,DB00726,Trimipramine,P14416,1813,DRD2,HGNC:3023,DRD2,dopamine receptor D2,targets,DrugBank,NCBI,validated,previous_mapping
CHEMBL644,TRIMIPRAMINE,DB00726,Trimipramine,P18089,151,ADRA2B,HGNC:282,ADRA2B,adrenoceptor alpha 2B,targets,DrugBank,NCBI,validated,previous_mapping
CHEMBL644,TRIMIPRAMINE,DB00726,Trimipramine,P20309,1131,CHRM3,HGNC:1952,CHRM3,cholinergic receptor muscarinic 3,targets,DrugBank,NCBI,validated,previous_mapping
CHEMBL644,TRIMIPRAMINE,DB00726,Trimipramine,P21728,1812,DRD1,HGNC:3020,DRD1,dopamine receptor D1,targets,DrugBank,NCBI,validated,previous_mapping
CHEMBL644,TRIMIPRAMINE,DB00726,Trimipramine,P21918,1816,DRD5,HGNC:3026,DRD5,dopamine receptor D5,targets,DrugBank,NCBI,validated,previous_mapping
CHEMBL644,TRIMIPRAMINE,DB00726,Trimipramine,P23975,6530,SLC6A2,HGNC:11048,SLC6A2,solute carrier family 6 member 2,targets,DrugBank,NCBI,validated,previous_mapping
CHEMBL644,TRIMIPRAMINE,DB00726,Trimipramine,P28221,3352,HTR1D,HGNC:5289,HTR1D,5-hydroxytryptamine receptor 1D,targets,DrugBank,NCBI,validated,previous_mapping
CHEMBL644,TRIMIPRAMINE,DB00726,Trimipramine,P28223,3356,HTR2A,HGNC:5293,HTR2A,5-hydroxytryptamine receptor 2A,targets,DrugBank,NCBI,validated,previous_mapping
CHEMBL644,TRIMIPRAMINE,DB00726,Trimipramine,P28335,3358,HTR2C,HGNC:5295,HTR2C,5-hydroxytryptamine receptor 2C,targets,DrugBank,NCBI,validated,previous_mapping
CHEMBL644,TRIMIPRAMINE,DB00726,Trimipramine,P31645,6532,SLC6A4,HGNC:11050,SLC6A4,solute carrier family 6 member 4,targets,DrugBank,NCBI,validated,previous_mapping
CHEMBL644,TRIMIPRAMINE,DB00726,Trimipramine,P33261,1557,CYP2C19,HGNC:2621,CYP2C19,cytochrome P450 family 2 subfamily C member 19,targets,DrugBank,NCBI,validated,previous_mapping
CHEMBL644,TRIMIPRAMINE,DB00726,Trimipramine,P35348,148,ADRA1A,HGNC:277,ADRA1A,adrenoceptor alpha 1A,targets,DrugBank,NCBI,validated,previous_mapping
CHEMBL644,TRIMIPRAMINE,DB00726,Trimipramine,P35367,3269,HRH1,HGNC:5182,HRH1,histamine receptor H1,targets,DrugBank,NCBI,validated,previous_mapping
CHEMBL644,TRIMIPRAMINE,DB00726,Trimipramine,P35368,147,ADRA1B,HGNC:278,ADRA1B,adrenoceptor alpha 1B,targets,DrugBank,NCBI,validated,previous_mapping
CHEMBL644,TRIMIPRAMINE,DB00726,Trimipramine,P46098,3359,HTR3A,HGNC:5297,HTR3A,5-hydroxytryptamine receptor 3A,targets,DrugBank,NCBI,validated,previous_mapping
CHEMBL644,TRIMIPRAMINE,DB00726,Trimipramine,Q01959,6531,SLC6A3,HGNC:11049,SLC6A3,solute carrier family 6 member 3,targets,DrugBank,NCBI,validated,previous_mapping
CHEMBL645,BISOPROLOL,DB00612,Bisoprolol,P07550,154,ADRB2,HGNC:286,ADRB2,adrenoceptor beta 2,targets,DrugBank,NCBI,validated,previous_mapping
CHEMBL645,BISOPROLOL,DB00612,Bisoprolol,P08183,5243,ABCB1,HGNC:40,ABCB1,ATP binding cassette subfamily B member 1,targets,DrugBank,NCBI,validated,previous_mapping
CHEMBL645,BISOPROLOL,DB00612,Bisoprolol,P08588,153,ADRB1,HGNC:285,ADRB1,adrenoceptor beta 1,targets,DrugBank,NCBI,validated,previous_mapping
CHEMBL645,BISOPROLOL,DB00612,Bisoprolol,P08684,1576,CYP3A4,HGNC:2637,CYP3A4,cytochrome P450 family 3 subfamily A member 4,targets,DrugBank,NCBI,validated,previous_mapping
CHEMBL646,TRIAZOLAM,DB00897,Triazolam,O00591,2568,GABRP,HGNC:4089,GABRP,gamma-aminobutyric acid type A receptor subunit pi,targets,DrugBank,NCBI,validated,previous_mapping
CHEMBL646,TRIAZOLAM,DB00897,Triazolam,O14764,2563,GABRD,HGNC:4084,GABRD,gamma-aminobutyric acid type A receptor subunit delta,targets,DrugBank,NCBI,validated,previous_mapping
CHEMBL646,TRIAZOLAM,DB00897,Triazolam,P08684,1576,CYP3A4,HGNC:2637,CYP3A4,cytochrome P450 family 3 subfamily A member 4,targets,DrugBank,NCBI,validated,previous_mapping
CHEMBL646,TRIAZOLAM,DB00897,Triazolam,P10632,1558,CYP2C8,HGNC:2622,CYP2C8,cytochrome P450 family 2 subfamily C member 8,targets,DrugBank,NCBI,validated,previous_mapping
CHEMBL646,TRIAZOLAM,DB00897,Triazolam,P14867,2554,GABRA1,HGNC:4075,GABRA1,gamma-aminobutyric acid type A receptor subunit alpha1,targets,DrugBank,NCBI,validated,previous_mapping
CHEMBL646,TRIAZOLAM,DB00897,Triazolam,P18505,2560,GABRB1,HGNC:4081,GABRB1,gamma-aminobutyric acid type A receptor subunit beta1,targets,DrugBank,NCBI,validated,previous_mapping
CHEMBL646,TRIAZOLAM,DB00897,Triazolam,P18507,2566,GABRG2,HGNC:4087,GABRG2,gamma-aminobutyric acid type A receptor subunit gamma2,targets,DrugBank,NCBI,validated,previous_mapping
CHEMBL646,TRIAZOLAM,DB00897,Triazolam,P20815,1577,CYP3A5,HGNC:2638,CYP3A5,cytochrome P450 family 3 subfamily A member 5,targets,DrugBank,NCBI,validated,previous_mapping
CHEMBL646,TRIAZOLAM,DB00897,Triazolam,P24462,1551,CYP3A7,HGNC:2640,CYP3A7,cytochrome P450 family 3 subfamily A member 7,targets,DrugBank,NCBI,validated,previous_mapping
CHEMBL646,TRIAZOLAM,DB00897,Triazolam,P28472,2562,GABRB3,HGNC:4083,GABRB3,gamma-aminobutyric acid type A receptor subunit beta3,targets,DrugBank,NCBI,validated,previous_mapping
CHEMBL646,TRIAZOLAM,DB00897,Triazolam,P31644,2558,GABRA5,HGNC:4079,GABRA5,gamma-aminobutyric acid type A receptor subunit alpha5,targets,DrugBank,NCBI,validated,previous_mapping
CHEMBL646,TRIAZOLAM,DB00897,Triazolam,P34903,2556,GABRA3,HGNC:4077,GABRA3,gamma-aminobutyric acid type A receptor subunit alpha3,targets,DrugBank,NCBI,validated,previous_mapping
CHEMBL646,TRIAZOLAM,DB00897,Triazolam,P47869,2555,GABRA2,HGNC:4076,GABRA2,gamma-aminobutyric acid type A receptor subunit alpha2,targets,DrugBank,NCBI,validated,previous_mapping
CHEMBL646,TRIAZOLAM,DB00897,Triazolam,P47870,2561,GABRB2,HGNC:4082,GABRB2,gamma-aminobutyric acid type A receptor subunit beta2,targets,DrugBank,NCBI,validated,previous_mapping
CHEMBL646,TRIAZOLAM,DB00897,Triazolam,P48169,2557,GABRA4,HGNC:4078,GABRA4,gamma-aminobutyric acid type A receptor subunit alpha4,targets,DrugBank,NCBI,validated,previous_mapping
CHEMBL646,TRIAZOLAM,DB00897,Triazolam,P78334,2564,GABRE,HGNC:4085,GABRE,gamma-aminobutyric acid type A receptor subunit epsilon,targets,DrugBank,NCBI,validated,previous_mapping
CHEMBL646,TRIAZOLAM,DB00897,Triazolam,Q16445,2559,GABRA6,HGNC:4080,GABRA6,gamma-aminobutyric acid type A receptor subunit alpha6,targets,DrugBank,NCBI,validated,previous_mapping
CHEMBL646,TRIAZOLAM,DB00897,Triazolam,Q8N1C3,2565,GABRG1,HGNC:4086,GABRG1,gamma-aminobutyric acid type A receptor subunit gamma1,targets,DrugBank,NCBI,validated,previous_mapping
CHEMBL646,TRIAZOLAM,DB00897,Triazolam,Q99928,2567,GABRG3,HGNC:4088,GABRG3,gamma-aminobutyric acid type A receptor subunit gamma3,targets,DrugBank,NCBI,validated,previous_mapping
CHEMBL646,TRIAZOLAM,DB00897,Triazolam,Q9UN88,55879,GABRQ,HGNC:14454,GABRQ,gamma-aminobutyric acid type A receptor subunit theta,targets,DrugBank,NCBI,validated,previous_mapping
CHEMBL648,CYCLIZINE,DB01176,Cyclizine,P11712,1559,CYP2C9,HGNC:2623,CYP2C9,cytochrome P450 family 2 subfamily C member 9,targets,DrugBank,NCBI,validated,previous_mapping
CHEMBL648,CYCLIZINE,DB01176,Cyclizine,P35367,3269,HRH1,HGNC:5182,HRH1,histamine receptor H1,targets,DrugBank,NCBI,validated,previous_mapping
CHEMBL648,CYCLIZINE,DB01176,Cyclizine,P49888,6783,SULT1E1,HGNC:11377,SULT1E1,sulfotransferase family 1E member 1,targets,DrugBank,NCBI,validated,previous_mapping
CHEMBL650,METHYLPREDNISOLONE,DB00959,Methylprednisolone,P02768,213,ALB,HGNC:399,ALB,albumin,targets,DrugBank,NCBI,validated,previous_mapping
CHEMBL650,METHYLPREDNISOLONE,DB00959,Methylprednisolone,P04083,301,ANXA1,HGNC:533,ANXA1,annexin A1,targets,DrugBank,NCBI,validated,previous_mapping
CHEMBL650,METHYLPREDNISOLONE,DB00959,Methylprednisolone,P04150,2908,NR3C1,HGNC:7978,NR3C1,nuclear receptor subfamily 3 group C member 1,targets,DrugBank,NCBI,validated,previous_mapping
CHEMBL650,METHYLPREDNISOLONE,DB00959,Methylprednisolone,P08183,5243,ABCB1,HGNC:40,ABCB1,ATP binding cassette subfamily B member 1,targets,DrugBank,NCBI,validated,previous_mapping
CHEMBL650,METHYLPREDNISOLONE,DB00959,Methylprednisolone,P08684,1576,CYP3A4,HGNC:2637,CYP3A4,cytochrome P450 family 3 subfamily A member 4,targets,DrugBank,NCBI,validated,previous_mapping
CHEMBL650,METHYLPREDNISOLONE,DB00959,Methylprednisolone,P10632,1558,CYP2C8,HGNC:2622,CYP2C8,cytochrome P450 family 2 subfamily C member 8,targets,DrugBank,NCBI,validated,previous_mapping
CHEMBL650,METHYLPREDNISOLONE,DB00959,Methylprednisolone,P11509,1548,CYP2A6,HGNC:2610,CYP2A6,cytochrome P450 family 2 subfamily A member 6,targets,DrugBank,NCBI,validated,previous_mapping
CHEMBL650,METHYLPREDNISOLONE,DB00959,Methylprednisolone,P11712,1559,CYP2C9,HGNC:2623,CYP2C9,cytochrome P450 family 2 subfamily C member 9,targets,DrugBank,NCBI,validated,previous_mapping
CHEMBL650,METHYLPREDNISOLONE,DB00959,Methylprednisolone,P20813,1555,CYP2B6,HGNC:2615,CYP2B6,cytochrome P450 family 2 subfamily B member 6,targets,DrugBank,NCBI,validated,previous_mapping
CHEMBL650,METHYLPREDNISOLONE,DB00959,Methylprednisolone,P20815,1577,CYP3A5,HGNC:2638,CYP3A5,cytochrome P450 family 3 subfamily A member 5,targets,DrugBank,NCBI,validated,previous_mapping
CHEMBL650,METHYLPREDNISOLONE,DB00959,Methylprednisolone,P24462,1551,CYP3A7,HGNC:2640,CYP3A7,cytochrome P450 family 3 subfamily A member 7,targets,DrugBank,NCBI,validated,previous_mapping
CHEMBL650,METHYLPREDNISOLONE,DB00959,Methylprednisolone,P33261,1557,CYP2C19,HGNC:2621,CYP2C19,cytochrome P450 family 2 subfamily C member 19,targets,DrugBank,NCBI,validated,previous_mapping
CHEMBL650,METHYLPREDNISOLONE,DB00959,Methylprednisolone,Q16678,1545,CYP1B1,HGNC:2597,CYP1B1,cytochrome P450 family 1 subfamily B member 1,targets,DrugBank,NCBI,validated,previous_mapping
CHEMBL650,METHYLPREDNISOLONE,DB00959,Methylprednisolone,Q9HB55,64816,CYP3A43,HGNC:17450,CYP3A43,cytochrome P450 family 3 subfamily A member 43,targets,DrugBank,NCBI,validated,previous_mapping
CHEMBL651,METHADONE,DB00333,Methadone,O15399,2906,GRIN2D,HGNC:4588,GRIN2D,glutamate ionotropic receptor NMDA type subunit 2D,targets,DrugBank,NCBI,validated,previous_mapping
CHEMBL651,METHADONE,DB00333,Methadone,O60391,116444,GRIN3B,HGNC:16768,GRIN3B,glutamate ionotropic receptor NMDA type subunit 3B,targets,DrugBank,NCBI,validated,previous_mapping
CHEMBL651,METHADONE,DB00333,Methadone,P02763,5004,ORM1,HGNC:8498,ORM1,orosomucoid 1,targets,DrugBank,NCBI,validated,previous_mapping
CHEMBL651,METHADONE,DB00333,Methadone,P02768,213,ALB,HGNC:399,ALB,albumin,targets,DrugBank,NCBI,validated,previous_mapping
CHEMBL651,METHADONE,DB00333,Methadone,P05177,1544,CYP1A2,HGNC:2596,CYP1A2,cytochrome P450 family 1 subfamily A member 2,targets,DrugBank,NCBI,validated,previous_mapping
CHEMBL651,METHADONE,DB00333,Methadone,P08183,5243,ABCB1,HGNC:40,ABCB1,ATP binding cassette subfamily B member 1,targets,DrugBank,NCBI,validated,previous_mapping
CHEMBL651,METHADONE,DB00333,Methadone,P08684,1576,CYP3A4,HGNC:2637,CYP3A4,cytochrome P450 family 3 subfamily A member 4,targets,DrugBank,NCBI,validated,previous_mapping
CHEMBL651,METHADONE,DB00333,Methadone,P10632,1558,CYP2C8,HGNC:2622,CYP2C8,cytochrome P450 family 2 subfamily C member 8,targets,DrugBank,NCBI,validated,previous_mapping
CHEMBL651,METHADONE,DB00333,Methadone,P10635,1565,CYP2D6,HGNC:2625,CYP2D6,cytochrome P450 family 2 subfamily D member 6 (gene/pseudogene),targets,DrugBank,NCBI,validated,previous_mapping
CHEMBL651,METHADONE,DB00333,Methadone,P11511,1588,CYP19A1,HGNC:2594,CYP19A1,cytochrome P450 family 19 subfamily A member 1,targets,DrugBank,NCBI,validated,previous_mapping
CHEMBL651,METHADONE,DB00333,Methadone,P11712,1559,CYP2C9,HGNC:2623,CYP2C9,cytochrome P450 family 2 subfamily C member 9,targets,DrugBank,NCBI,validated,previous_mapping
CHEMBL651,METHADONE,DB00333,Methadone,P17787,1141,CHRNB2,HGNC:1962,CHRNB2,cholinergic receptor nicotinic beta 2 subunit,targets,DrugBank,NCBI,validated,previous_mapping
CHEMBL651,METHADONE,DB00333,Methadone,P20813,1555,CYP2B6,HGNC:2615,CYP2B6,cytochrome P450 family 2 subfamily B member 6,targets,DrugBank,NCBI,validated,previous_mapping
CHEMBL651,METHADONE,DB00333,Methadone,P24462,1551,CYP3A7,HGNC:2640,CYP3A7,cytochrome P450 family 3 subfamily A member 7,targets,DrugBank,NCBI,validated,previous_mapping
CHEMBL651,METHADONE,DB00333,Methadone,P32297,1136,CHRNA3,HGNC:1957,CHRNA3,cholinergic receptor nicotinic alpha 3 subunit,targets,DrugBank,NCBI,validated,previous_mapping
CHEMBL651,METHADONE,DB00333,Methadone,P33260,1562,CYP2C18,HGNC:2620,CYP2C18,cytochrome P450 family 2 subfamily C member 18,targets,DrugBank,NCBI,validated,previous_mapping
CHEMBL651,METHADONE,DB00333,Methadone,P33261,1557,CYP2C19,HGNC:2621,CYP2C19,cytochrome P450 family 2 subfamily C member 19,targets,DrugBank,NCBI,validated,previous_mapping
CHEMBL651,METHADONE,DB00333,Methadone,P35372,4988,OPRM1,HGNC:8156,OPRM1,opioid receptor mu 1,targets,DrugBank,NCBI,validated,previous_mapping
CHEMBL651,METHADONE,DB00333,Methadone,P36544,1139,CHRNA7,HGNC:1960,CHRNA7,cholinergic receptor nicotinic alpha 7 subunit,targets,DrugBank,NCBI,validated,previous_mapping
CHEMBL651,METHADONE,DB00333,Methadone,P41143,4985,OPRD1,HGNC:8153,OPRD1,opioid receptor delta 1,targets,DrugBank,NCBI,validated,previous_mapping
CHEMBL651,METHADONE,DB00333,Methadone,P43681,1137,CHRNA4,HGNC:1958,CHRNA4,cholinergic receptor nicotinic alpha 4 subunit,targets,DrugBank,NCBI,validated,previous_mapping
CHEMBL651,METHADONE,DB00333,Methadone,P46098,3359,HTR3A,HGNC:5297,HTR3A,5-hydroxytryptamine receptor 3A,targets,DrugBank,NCBI,validated,previous_mapping
CHEMBL651,METHADONE,DB00333,Methadone,Q05586,2902,GRIN1,HGNC:4584,GRIN1,glutamate ionotropic receptor NMDA type subunit 1,targets,DrugBank,NCBI,validated,previous_mapping
CHEMBL651,METHADONE,DB00333,Methadone,Q12879,2903,GRIN2A,HGNC:4585,GRIN2A,glutamate ionotropic receptor NMDA type subunit 2A,targets,DrugBank,NCBI,validated,previous_mapping
CHEMBL651,METHADONE,DB00333,Methadone,Q13224,2904,GRIN2B,HGNC:4586,GRIN2B,glutamate ionotropic receptor NMDA type subunit 2B,targets,DrugBank,NCBI,validated,previous_mapping
CHEMBL651,METHADONE,DB00333,Methadone,Q14957,2905,GRIN2C,HGNC:4587,GRIN2C,glutamate ionotropic receptor NMDA type subunit 2C,targets,DrugBank,NCBI,validated,previous_mapping
CHEMBL651,METHADONE,DB00333,Methadone,Q8TCU5,116443,GRIN3A,HGNC:16767,GRIN3A,glutamate ionotropic receptor NMDA type subunit 3A,targets,DrugBank,NCBI,validated,previous_mapping
CHEMBL654,MIRTAZAPINE,DB00370,Mirtazapine,P05177,1544,CYP1A2,HGNC:2596,CYP1A2,cytochrome P450 family 1 subfamily A member 2,targets,DrugBank,NCBI,validated,previous_mapping
CHEMBL654,MIRTAZAPINE,DB00370,Mirtazapine,P08684,1576,CYP3A4,HGNC:2637,CYP3A4,cytochrome P450 family 3 subfamily A member 4,targets,DrugBank,NCBI,validated,previous_mapping
CHEMBL654,MIRTAZAPINE,DB00370,Mirtazapine,P08913,150,ADRA2A,HGNC:281,ADRA2A,adrenoceptor alpha 2A,targets,DrugBank,NCBI,validated,previous_mapping
CHEMBL654,MIRTAZAPINE,DB00370,Mirtazapine,P10635,1565,CYP2D6,HGNC:2625,CYP2D6,cytochrome P450 family 2 subfamily D member 6 (gene/pseudogene),targets,DrugBank,NCBI,validated,previous_mapping
CHEMBL654,MIRTAZAPINE,DB00370,Mirtazapine,P25100,146,ADRA1D,HGNC:280,ADRA1D,adrenoceptor alpha 1D,targets,DrugBank,NCBI,validated,previous_mapping
CHEMBL654,MIRTAZAPINE,DB00370,Mirtazapine,P28223,3356,HTR2A,HGNC:5293,HTR2A,5-hydroxytryptamine receptor 2A,targets,DrugBank,NCBI,validated,previous_mapping
CHEMBL654,MIRTAZAPINE,DB00370,Mirtazapine,P28335,3358,HTR2C,HGNC:5295,HTR2C,5-hydroxytryptamine receptor 2C,targets,DrugBank,NCBI,validated,previous_mapping
CHEMBL654,MIRTAZAPINE,DB00370,Mirtazapine,P31645,6532,SLC6A4,HGNC:11050,SLC6A4,solute carrier family 6 member 4,targets,DrugBank,NCBI,validated,previous_mapping
CHEMBL654,MIRTAZAPINE,DB00370,Mirtazapine,P35348,148,ADRA1A,HGNC:277,ADRA1A,adrenoceptor alpha 1A,targets,DrugBank,NCBI,validated,previous_mapping
CHEMBL654,MIRTAZAPINE,DB00370,Mirtazapine,P35367,3269,HRH1,HGNC:5182,HRH1,histamine receptor H1,targets,DrugBank,NCBI,validated,previous_mapping
CHEMBL654,MIRTAZAPINE,DB00370,Mirtazapine,P35368,147,ADRA1B,HGNC:278,ADRA1B,adrenoceptor alpha 1B,targets,DrugBank,NCBI,validated,previous_mapping
CHEMBL654,MIRTAZAPINE,DB00370,Mirtazapine,P41145,4986,OPRK1,HGNC:8154,OPRK1,opioid receptor kappa 1,targets,DrugBank,NCBI,validated,previous_mapping
CHEMBL656,OXYCODONE,DB00497,Oxycodone,P02763,5004,ORM1,HGNC:8498,ORM1,orosomucoid 1,targets,DrugBank,NCBI,validated,previous_mapping
CHEMBL656,OXYCODONE,DB00497,Oxycodone,P02768,213,ALB,HGNC:399,ALB,albumin,targets,DrugBank,NCBI,validated,previous_mapping
CHEMBL656,OXYCODONE,DB00497,Oxycodone,P08684,1576,CYP3A4,HGNC:2637,CYP3A4,cytochrome P450 family 3 subfamily A member 4,targets,DrugBank,NCBI,validated,previous_mapping
CHEMBL656,OXYCODONE,DB00497,Oxycodone,P10635,1565,CYP2D6,HGNC:2625,CYP2D6,cytochrome P450 family 2 subfamily D member 6 (gene/pseudogene),targets,DrugBank,NCBI,validated,previous_mapping
CHEMBL656,OXYCODONE,DB00497,Oxycodone,P19652,5005,ORM2,HGNC:8499,ORM2,orosomucoid 2,targets,DrugBank,NCBI,validated,previous_mapping
CHEMBL656,OXYCODONE,DB00497,Oxycodone,P20815,1577,CYP3A5,HGNC:2638,CYP3A5,cytochrome P450 family 3 subfamily A member 5,targets,DrugBank,NCBI,validated,previous_mapping
CHEMBL656,OXYCODONE,DB00497,Oxycodone,P35372,4988,OPRM1,HGNC:8156,OPRM1,opioid receptor mu 1,targets,DrugBank,NCBI,validated,previous_mapping
CHEMBL656,OXYCODONE,DB00497,Oxycodone,P41143,4985,OPRD1,HGNC:8153,OPRD1,opioid receptor delta 1,targets,DrugBank,NCBI,validated,previous_mapping
CHEMBL656,OXYCODONE,DB00497,Oxycodone,P41145,4986,OPRK1,HGNC:8154,OPRK1,opioid receptor kappa 1,targets,DrugBank,NCBI,validated,previous_mapping
CHEMBL659,GALANTAMINE,DB00674,Galantamine,P06276,590,BCHE,HGNC:983,BCHE,butyrylcholinesterase,targets,DrugBank,NCBI,validated,previous_mapping
CHEMBL659,GALANTAMINE,DB00674,Galantamine,P08183,5243,ABCB1,HGNC:40,ABCB1,ATP binding cassette subfamily B member 1,targets,DrugBank,NCBI,validated,previous_mapping
CHEMBL659,GALANTAMINE,DB00674,Galantamine,P08684,1576,CYP3A4,HGNC:2637,CYP3A4,cytochrome P450 family 3 subfamily A member 4,targets,DrugBank,NCBI,validated,previous_mapping
CHEMBL659,GALANTAMINE,DB00674,Galantamine,P10635,1565,CYP2D6,HGNC:2625,CYP2D6,cytochrome P450 family 2 subfamily D member 6 (gene/pseudogene),targets,DrugBank,NCBI,validated,previous_mapping
CHEMBL659,GALANTAMINE,DB00674,Galantamine,P22303,43,ACHE,HGNC:108,ACHE,acetylcholinesterase (Yt blood group),targets,DrugBank,NCBI,validated,previous_mapping
CHEMBL659,GALANTAMINE,DB00674,Galantamine,P36544,1139,CHRNA7,HGNC:1960,CHRNA7,cholinergic receptor nicotinic alpha 7 subunit,targets,DrugBank,NCBI,validated,previous_mapping
CHEMBL660,AMANTADINE,DB00915,Amantadine,O15244,6582,SLC22A2,HGNC:10966,SLC22A2,solute carrier family 22 member 2,targets,DrugBank,NCBI,validated,previous_mapping
CHEMBL660,AMANTADINE,DB00915,Amantadine,O15245,6580,SLC22A1,HGNC:10963,SLC22A1,solute carrier family 22 member 1,targets,DrugBank,NCBI,validated,previous_mapping
CHEMBL660,AMANTADINE,DB00915,Amantadine,P14416,1813,DRD2,HGNC:3023,DRD2,dopamine receptor D2,targets,DrugBank,NCBI,validated,previous_mapping
CHEMBL660,AMANTADINE,DB00915,Amantadine,P20711,1644,DDC,HGNC:2719,DDC,dopa decarboxylase,targets,DrugBank,NCBI,validated,previous_mapping
CHEMBL660,AMANTADINE,DB00915,Amantadine,P27338,4129,MAOB,HGNC:6834,MAOB,monoamine oxidase B,targets,DrugBank,NCBI,validated,previous_mapping
CHEMBL660,AMANTADINE,DB00915,Amantadine,P32297,1136,CHRNA3,HGNC:1957,CHRNA3,cholinergic receptor nicotinic alpha 3 subunit,targets,DrugBank,NCBI,validated,previous_mapping
CHEMBL660,AMANTADINE,DB00915,Amantadine,P36544,1139,CHRNA7,HGNC:1960,CHRNA7,cholinergic receptor nicotinic alpha 7 subunit,targets,DrugBank,NCBI,validated,previous_mapping
CHEMBL660,AMANTADINE,DB00915,Amantadine,P43681,1137,CHRNA4,HGNC:1958,CHRNA4,cholinergic receptor nicotinic alpha 4 subunit,targets,DrugBank,NCBI,validated,previous_mapping
CHEMBL660,AMANTADINE,DB00915,Amantadine,Q8TCU5,116443,GRIN3A,HGNC:16767,GRIN3A,glutamate ionotropic receptor NMDA type subunit 3A,targets,DrugBank,NCBI,validated,previous_mapping
CHEMBL661,ALPRAZOLAM,DB00404,Alprazolam,O00591,2568,GABRP,HGNC:4089,GABRP,gamma-aminobutyric acid type A receptor subunit pi,targets,DrugBank,NCBI,validated,previous_mapping
CHEMBL661,ALPRAZOLAM,DB00404,Alprazolam,O14764,2563,GABRD,HGNC:4084,GABRD,gamma-aminobutyric acid type A receptor subunit delta,targets,DrugBank,NCBI,validated,previous_mapping
CHEMBL661,ALPRAZOLAM,DB00404,Alprazolam,P02763,5004,ORM1,HGNC:8498,ORM1,orosomucoid 1,targets,DrugBank,NCBI,validated,previous_mapping
CHEMBL661,ALPRAZOLAM,DB00404,Alprazolam,P02768,213,ALB,HGNC:399,ALB,albumin,targets,DrugBank,NCBI,validated,previous_mapping
CHEMBL661,ALPRAZOLAM,DB00404,Alprazolam,P08684,1576,CYP3A4,HGNC:2637,CYP3A4,cytochrome P450 family 3 subfamily A member 4,targets,DrugBank,NCBI,validated,previous_mapping
CHEMBL661,ALPRAZOLAM,DB00404,Alprazolam,P11712,1559,CYP2C9,HGNC:2623,CYP2C9,cytochrome P450 family 2 subfamily C member 9,targets,DrugBank,NCBI,validated,previous_mapping
CHEMBL661,ALPRAZOLAM,DB00404,Alprazolam,P14867,2554,GABRA1,HGNC:4075,GABRA1,gamma-aminobutyric acid type A receptor subunit alpha1,targets,DrugBank,NCBI,validated,previous_mapping
CHEMBL661,ALPRAZOLAM,DB00404,Alprazolam,P18505,2560,GABRB1,HGNC:4081,GABRB1,gamma-aminobutyric acid type A receptor subunit beta1,targets,DrugBank,NCBI,validated,previous_mapping
CHEMBL661,ALPRAZOLAM,DB00404,Alprazolam,P18507,2566,GABRG2,HGNC:4087,GABRG2,gamma-aminobutyric acid type A receptor subunit gamma2,targets,DrugBank,NCBI,validated,previous_mapping
CHEMBL661,ALPRAZOLAM,DB00404,Alprazolam,P19652,5005,ORM2,HGNC:8499,ORM2,orosomucoid 2,targets,DrugBank,NCBI,validated,previous_mapping
CHEMBL661,ALPRAZOLAM,DB00404,Alprazolam,P20815,1577,CYP3A5,HGNC:2638,CYP3A5,cytochrome P450 family 3 subfamily A member 5,targets,DrugBank,NCBI,validated,previous_mapping
CHEMBL661,ALPRAZOLAM,DB00404,Alprazolam,P24462,1551,CYP3A7,HGNC:2640,CYP3A7,cytochrome P450 family 3 subfamily A member 7,targets,DrugBank,NCBI,validated,previous_mapping
CHEMBL661,ALPRAZOLAM,DB00404,Alprazolam,P28472,2562,GABRB3,HGNC:4083,GABRB3,gamma-aminobutyric acid type A receptor subunit beta3,targets,DrugBank,NCBI,validated,previous_mapping
CHEMBL661,ALPRAZOLAM,DB00404,Alprazolam,P31644,2558,GABRA5,HGNC:4079,GABRA5,gamma-aminobutyric acid type A receptor subunit alpha5,targets,DrugBank,NCBI,validated,previous_mapping
CHEMBL661,ALPRAZOLAM,DB00404,Alprazolam,P34903,2556,GABRA3,HGNC:4077,GABRA3,gamma-aminobutyric acid type A receptor subunit alpha3,targets,DrugBank,NCBI,validated,previous_mapping
CHEMBL661,ALPRAZOLAM,DB00404,Alprazolam,P47869,2555,GABRA2,HGNC:4076,GABRA2,gamma-aminobutyric acid type A receptor subunit alpha2,targets,DrugBank,NCBI,validated,previous_mapping
CHEMBL661,ALPRAZOLAM,DB00404,Alprazolam,P47870,2561,GABRB2,HGNC:4082,GABRB2,gamma-aminobutyric acid type A receptor subunit beta2,targets,DrugBank,NCBI,validated,previous_mapping
CHEMBL661,ALPRAZOLAM,DB00404,Alprazolam,P48169,2557,GABRA4,HGNC:4078,GABRA4,gamma-aminobutyric acid type A receptor subunit alpha4,targets,DrugBank,NCBI,validated,previous_mapping
CHEMBL661,ALPRAZOLAM,DB00404,Alprazolam,P78334,2564,GABRE,HGNC:4085,GABRE,gamma-aminobutyric acid type A receptor subunit epsilon,targets,DrugBank,NCBI,validated,previous_mapping
CHEMBL661,ALPRAZOLAM,DB00404,Alprazolam,Q16445,2559,GABRA6,HGNC:4080,GABRA6,gamma-aminobutyric acid type A receptor subunit alpha6,targets,DrugBank,NCBI,validated,previous_mapping
CHEMBL661,ALPRAZOLAM,DB00404,Alprazolam,Q8N1C3,2565,GABRG1,HGNC:4086,GABRG1,gamma-aminobutyric acid type A receptor subunit gamma1,targets,DrugBank,NCBI,validated,previous_mapping
CHEMBL661,ALPRAZOLAM,DB00404,Alprazolam,Q99928,2567,GABRG3,HGNC:4088,GABRG3,gamma-aminobutyric acid type A receptor subunit gamma3,targets,DrugBank,NCBI,validated,previous_mapping
CHEMBL661,ALPRAZOLAM,DB00404,Alprazolam,Q9UN88,55879,GABRQ,HGNC:14454,GABRQ,gamma-aminobutyric acid type A receptor subunit theta,targets,DrugBank,NCBI,validated,previous_mapping
CHEMBL6622,ISOSORBIDE DINITRATE,DB00883,Isosorbide dinitrate,P05181,1571,CYP2E1,HGNC:2631,CYP2E1,cytochrome P450 family 2 subfamily E member 1,targets,DrugBank,NCBI,validated,previous_mapping
CHEMBL6622,ISOSORBIDE DINITRATE,DB00883,Isosorbide dinitrate,P16066,4881,NPR1,HGNC:7943,NPR1,natriuretic peptide receptor 1,targets,DrugBank,NCBI,validated,previous_mapping
CHEMBL666,FOSCARNET,DB00529,Foscarnet,P53985,6566,SLC16A1,HGNC:10922,SLC16A1,solute carrier family 16 member 1,targets,DrugBank,NCBI,validated,previous_mapping
CHEMBL666,FOSCARNET,DB00529,Foscarnet,Q4U2R8,9356,SLC22A6,HGNC:10970,SLC22A6,solute carrier family 22 member 6,targets,DrugBank,NCBI,validated,previous_mapping
CHEMBL668,PROTRIPTYLINE,DB00344,Protriptyline,P08183,5243,ABCB1,HGNC:40,ABCB1,ATP binding cassette subfamily B member 1,targets,DrugBank,NCBI,validated,previous_mapping
CHEMBL668,PROTRIPTYLINE,DB00344,Protriptyline,P23975,6530,SLC6A2,HGNC:11048,SLC6A2,solute carrier family 6 member 2,targets,DrugBank,NCBI,validated,previous_mapping
CHEMBL668,PROTRIPTYLINE,DB00344,Protriptyline,P31645,6532,SLC6A4,HGNC:11050,SLC6A4,solute carrier family 6 member 4,targets,DrugBank,NCBI,validated,previous_mapping
CHEMBL679,EPINEPHRINE,DB00668,Epinephrine,O15244,6582,SLC22A2,HGNC:10966,SLC22A2,solute carrier family 22 member 2,targets,DrugBank,NCBI,validated,previous_mapping
CHEMBL679,EPINEPHRINE,DB00668,Epinephrine,O15245,6580,SLC22A1,HGNC:10963,SLC22A1,solute carrier family 22 member 1,targets,DrugBank,NCBI,validated,previous_mapping
CHEMBL679,EPINEPHRINE,DB00668,Epinephrine,P01375,7124,TNF,HGNC:11892,TNF,tumor necrosis factor,targets,DrugBank,NCBI,validated,previous_mapping
CHEMBL679,EPINEPHRINE,DB00668,Epinephrine,P07550,154,ADRB2,HGNC:286,ADRB2,adrenoceptor beta 2,targets,DrugBank,NCBI,validated,previous_mapping
CHEMBL679,EPINEPHRINE,DB00668,Epinephrine,P08588,153,ADRB1,HGNC:285,ADRB1,adrenoceptor beta 1,targets,DrugBank,NCBI,validated,previous_mapping
CHEMBL679,EPINEPHRINE,DB00668,Epinephrine,P08684,1576,CYP3A4,HGNC:2637,CYP3A4,cytochrome P450 family 3 subfamily A member 4,targets,DrugBank,NCBI,validated,previous_mapping
CHEMBL679,EPINEPHRINE,DB00668,Epinephrine,P08913,150,ADRA2A,HGNC:281,ADRA2A,adrenoceptor alpha 2A,targets,DrugBank,NCBI,validated,previous_mapping
CHEMBL679,EPINEPHRINE,DB00668,Epinephrine,P11712,1559,CYP2C9,HGNC:2623,CYP2C9,cytochrome P450 family 2 subfamily C member 9,targets,DrugBank,NCBI,validated,previous_mapping
CHEMBL679,EPINEPHRINE,DB00668,Epinephrine,P18089,151,ADRA2B,HGNC:282,ADRA2B,adrenoceptor alpha 2B,targets,DrugBank,NCBI,validated,previous_mapping
CHEMBL679,EPINEPHRINE,DB00668,Epinephrine,P21397,4128,MAOA,HGNC:6833,MAOA,monoamine oxidase A,targets,DrugBank,NCBI,validated,previous_mapping
CHEMBL679,EPINEPHRINE,DB00668,Epinephrine,P21964,1312,COMT,HGNC:2228,COMT,catechol-O-methyltransferase,targets,DrugBank,NCBI,validated,previous_mapping
CHEMBL679,EPINEPHRINE,DB00668,Epinephrine,P25100,146,ADRA1D,HGNC:280,ADRA1D,adrenoceptor alpha 1D,targets,DrugBank,NCBI,validated,previous_mapping
CHEMBL679,EPINEPHRINE,DB00668,Epinephrine,P27338,4129,MAOB,HGNC:6834,MAOB,monoamine oxidase B,targets,DrugBank,NCBI,validated,previous_mapping
CHEMBL679,EPINEPHRINE,DB00668,Epinephrine,P35348,148,ADRA1A,HGNC:277,ADRA1A,adrenoceptor alpha 1A,targets,DrugBank,NCBI,validated,previous_mapping
CHEMBL679,EPINEPHRINE,DB00668,Epinephrine,P35368,147,ADRA1B,HGNC:278,ADRA1B,adrenoceptor alpha 1B,targets,DrugBank,NCBI,validated,previous_mapping
CHEMBL691,ETHINYL ESTRADIOL,DB00977,Ethinylestradiol,O60656,54600,UGT1A9,HGNC:12541,UGT1A9,UDP glucuronosyltransferase family 1 member A9,targets,DrugBank,NCBI,validated,synonym_match
CHEMBL691,ETHINYL ESTRADIOL,DB00977,Ethinylestradiol,O75469,8856,NR1I2,HGNC:7968,NR1I2,nuclear receptor subfamily 1 group I member 2,targets,DrugBank,NCBI,validated,synonym_match
CHEMBL691,ETHINYL ESTRADIOL,DB00977,Ethinylestradiol,O95342,8647,ABCB11,HGNC:42,ABCB11,ATP binding cassette subfamily B member 11,targets,DrugBank,NCBI,validated,synonym_match
CHEMBL691,ETHINYL ESTRADIOL,DB00977,Ethinylestradiol,P02768,213,ALB,HGNC:399,ALB,albumin,targets,DrugBank,NCBI,validated,synonym_match
CHEMBL691,ETHINYL ESTRADIOL,DB00977,Ethinylestradiol,P03372,2099,ESR1,HGNC:3467,ESR1,estrogen receptor 1,targets,DrugBank,NCBI,validated,synonym_match
CHEMBL691,ETHINYL ESTRADIOL,DB00977,Ethinylestradiol,P04278,6462,SHBG,HGNC:10839,SHBG,sex hormone binding globulin,targets,DrugBank,NCBI,validated,synonym_match
CHEMBL691,ETHINYL ESTRADIOL,DB00977,Ethinylestradiol,P05177,1544,CYP1A2,HGNC:2596,CYP1A2,cytochrome P450 family 1 subfamily A member 2,targets,DrugBank,NCBI,validated,synonym_match
CHEMBL691,ETHINYL ESTRADIOL,DB00977,Ethinylestradiol,P08183,5243,ABCB1,HGNC:40,ABCB1,ATP binding cassette subfamily B member 1,targets,DrugBank,NCBI,validated,synonym_match
CHEMBL691,ETHINYL ESTRADIOL,DB00977,Ethinylestradiol,P08684,1576,CYP3A4,HGNC:2637,CYP3A4,cytochrome P450 family 3 subfamily A member 4,targets,DrugBank,NCBI,validated,synonym_match
CHEMBL691,ETHINYL ESTRADIOL,DB00977,Ethinylestradiol,P0DMM9,6818,SULT1A3,HGNC:11455,SULT1A3,sulfotransferase family 1A member 3,targets,DrugBank,NCBI,validated,synonym_match
CHEMBL691,ETHINYL ESTRADIOL,DB00977,Ethinylestradiol,P10632,1558,CYP2C8,HGNC:2622,CYP2C8,cytochrome P450 family 2 subfamily C member 8,targets,DrugBank,NCBI,validated,synonym_match
CHEMBL691,ETHINYL ESTRADIOL,DB00977,Ethinylestradiol,P11712,1559,CYP2C9,HGNC:2623,CYP2C9,cytochrome P450 family 2 subfamily C member 9,targets,DrugBank,NCBI,validated,synonym_match
CHEMBL691,ETHINYL ESTRADIOL,DB00977,Ethinylestradiol,P16662,7364,UGT2B7,HGNC:12554,UGT2B7,UDP glucuronosyltransferase family 2 member B7,targets,DrugBank,NCBI,validated,synonym_match
CHEMBL691,ETHINYL ESTRADIOL,DB00977,Ethinylestradiol,P20815,1577,CYP3A5,HGNC:2638,CYP3A5,cytochrome P450 family 3 subfamily A member 5,targets,DrugBank,NCBI,validated,synonym_match
CHEMBL691,ETHINYL ESTRADIOL,DB00977,Ethinylestradiol,P21964,1312,COMT,HGNC:2228,COMT,catechol-O-methyltransferase,targets,DrugBank,NCBI,validated,synonym_match
CHEMBL691,ETHINYL ESTRADIOL,DB00977,Ethinylestradiol,P22309,54658,UGT1A1,HGNC:12530,UGT1A1,UDP glucuronosyltransferase family 1 member A1,targets,DrugBank,NCBI,validated,synonym_match
CHEMBL691,ETHINYL ESTRADIOL,DB00977,Ethinylestradiol,P22310,54657,UGT1A4,HGNC:12536,UGT1A4,UDP glucuronosyltransferase family 1 member A4,targets,DrugBank,NCBI,validated,synonym_match
CHEMBL691,ETHINYL ESTRADIOL,DB00977,Ethinylestradiol,P33261,1557,CYP2C19,HGNC:2621,CYP2C19,cytochrome P450 family 2 subfamily C member 19,targets,DrugBank,NCBI,validated,synonym_match
CHEMBL691,ETHINYL ESTRADIOL,DB00977,Ethinylestradiol,P35503,54659,UGT1A3,HGNC:12535,UGT1A3,UDP glucuronosyltransferase family 1 member A3,targets,DrugBank,NCBI,validated,synonym_match
CHEMBL691,ETHINYL ESTRADIOL,DB00977,Ethinylestradiol,P46721,6579,SLCO1A2,HGNC:10956,SLCO1A2,solute carrier organic anion transporter family member 1A2,targets,DrugBank,NCBI,validated,synonym_match
CHEMBL691,ETHINYL ESTRADIOL,DB00977,Ethinylestradiol,P49888,6783,SULT1E1,HGNC:11377,SULT1E1,sulfotransferase family 1E member 1,targets,DrugBank,NCBI,validated,synonym_match
CHEMBL691,ETHINYL ESTRADIOL,DB00977,Ethinylestradiol,Q14973,6554,SLC10A1,HGNC:10905,SLC10A1,solute carrier family 10 member 1,targets,DrugBank,NCBI,validated,synonym_match
CHEMBL691,ETHINYL ESTRADIOL,DB00977,Ethinylestradiol,Q92887,1244,ABCC2,HGNC:53,ABCC2,ATP binding cassette subfamily C member 2,targets,DrugBank,NCBI,validated,synonym_match
CHEMBL695,TRIMETHADIONE,DB00347,Trimethadione,O43497,8913,CACNA1G,HGNC:1394,CACNA1G,calcium voltage-gated channel subunit alpha1 G,targets,DrugBank,NCBI,validated,previous_mapping
CHEMBL695,TRIMETHADIONE,DB00347,Trimethadione,P05181,1571,CYP2E1,HGNC:2631,CYP2E1,cytochrome P450 family 2 subfamily E member 1,targets,DrugBank,NCBI,validated,previous_mapping
CHEMBL695,TRIMETHADIONE,DB00347,Trimethadione,P08684,1576,CYP3A4,HGNC:2637,CYP3A4,cytochrome P450 family 3 subfamily A member 4,targets,DrugBank,NCBI,validated,previous_mapping
CHEMBL695,TRIMETHADIONE,DB00347,Trimethadione,P10632,1558,CYP2C8,HGNC:2622,CYP2C8,cytochrome P450 family 2 subfamily C member 8,targets,DrugBank,NCBI,validated,previous_mapping
CHEMBL695,TRIMETHADIONE,DB00347,Trimethadione,P11712,1559,CYP2C9,HGNC:2623,CYP2C9,cytochrome P450 family 2 subfamily C member 9,targets,DrugBank,NCBI,validated,previous_mapping
CHEMBL695,TRIMETHADIONE,DB00347,Trimethadione,P33261,1557,CYP2C19,HGNC:2621,CYP2C19,cytochrome P450 family 2 subfamily C member 19,targets,DrugBank,NCBI,validated,previous_mapping
CHEMBL696,ETHOSUXIMIDE,DB00593,Ethosuximide,O43497,8913,CACNA1G,HGNC:1394,CACNA1G,calcium voltage-gated channel subunit alpha1 G,targets,DrugBank,NCBI,validated,previous_mapping
CHEMBL696,ETHOSUXIMIDE,DB00593,Ethosuximide,P05181,1571,CYP2E1,HGNC:2631,CYP2E1,cytochrome P450 family 2 subfamily E member 1,targets,DrugBank,NCBI,validated,previous_mapping
CHEMBL696,ETHOSUXIMIDE,DB00593,Ethosuximide,P08684,1576,CYP3A4,HGNC:2637,CYP3A4,cytochrome P450 family 3 subfamily A member 4,targets,DrugBank,NCBI,validated,previous_mapping
CHEMBL696,ETHOSUXIMIDE,DB00593,Ethosuximide,P20815,1577,CYP3A5,HGNC:2638,CYP3A5,cytochrome P450 family 3 subfamily A member 5,targets,DrugBank,NCBI,validated,previous_mapping
CHEMBL696,ETHOSUXIMIDE,DB00593,Ethosuximide,P24462,1551,CYP3A7,HGNC:2640,CYP3A7,cytochrome P450 family 3 subfamily A member 7,targets,DrugBank,NCBI,validated,previous_mapping
CHEMBL696,ETHOSUXIMIDE,DB00593,Ethosuximide,Q9HB55,64816,CYP3A43,HGNC:17450,CYP3A43,cytochrome P450 family 3 subfamily A member 43,targets,DrugBank,NCBI,validated,previous_mapping
CHEMBL697,METHSUXIMIDE,DB05246,Methsuximide,O43497,8913,CACNA1G,HGNC:1394,CACNA1G,calcium voltage-gated channel subunit alpha1 G,targets,DrugBank,NCBI,validated,previous_mapping
CHEMBL697,METHSUXIMIDE,DB05246,Methsuximide,P33261,1557,CYP2C19,HGNC:2621,CYP2C19,cytochrome P450 family 2 subfamily C member 19,targets,DrugBank,NCBI,validated,previous_mapping
CHEMBL698,TETRACAINE,DB09085,Tetracaine,P21817,6261,RYR1,HGNC:10483,RYR1,ryanodine receptor 1,targets,DrugBank,NCBI,validated,previous_mapping
CHEMBL698,TETRACAINE,DB09085,Tetracaine,P35498,6323,SCN1A,HGNC:10585,SCN1A,sodium voltage-gated channel alpha subunit 1,targets,DrugBank,NCBI,validated,previous_mapping
CHEMBL698,TETRACAINE,DB09085,Tetracaine,P35499,6329,SCN4A,HGNC:10591,SCN4A,sodium voltage-gated channel alpha subunit 4,targets,DrugBank,NCBI,validated,previous_mapping
CHEMBL698,TETRACAINE,DB09085,Tetracaine,Q01118,6332,SCN7A,HGNC:10594,SCN7A,sodium voltage-gated channel alpha subunit 7,targets,DrugBank,NCBI,validated,previous_mapping
CHEMBL698,TETRACAINE,DB09085,Tetracaine,Q14524,6331,SCN5A,HGNC:10593,SCN5A,sodium voltage-gated channel alpha subunit 5,targets,DrugBank,NCBI,validated,previous_mapping
CHEMBL698,TETRACAINE,DB09085,Tetracaine,Q15858,6335,SCN9A,HGNC:10597,SCN9A,sodium voltage-gated channel alpha subunit 9,targets,DrugBank,NCBI,validated,previous_mapping
CHEMBL698,TETRACAINE,DB09085,Tetracaine,Q92736,6262,RYR2,HGNC:10484,RYR2,ryanodine receptor 2,targets,DrugBank,NCBI,validated,previous_mapping
CHEMBL698,TETRACAINE,DB09085,Tetracaine,Q99250,6326,SCN2A,HGNC:10588,SCN2A,sodium voltage-gated channel alpha subunit 2,targets,DrugBank,NCBI,validated,previous_mapping
CHEMBL698,TETRACAINE,DB09085,Tetracaine,Q9NY46,6328,SCN3A,HGNC:10590,SCN3A,sodium voltage-gated channel alpha subunit 3,targets,DrugBank,NCBI,validated,previous_mapping
CHEMBL698,TETRACAINE,DB09085,Tetracaine,Q9UI33,11280,SCN11A,HGNC:10583,SCN11A,sodium voltage-gated channel alpha subunit 11,targets,DrugBank,NCBI,validated,previous_mapping
CHEMBL698,TETRACAINE,DB09085,Tetracaine,Q9UQD0,6334,SCN8A,HGNC:10596,SCN8A,sodium voltage-gated channel alpha subunit 8,targets,DrugBank,NCBI,validated,previous_mapping
CHEMBL698,TETRACAINE,DB09085,Tetracaine,Q9Y5Y9,6336,SCN10A,HGNC:10582,SCN10A,sodium voltage-gated channel alpha subunit 10,targets,DrugBank,NCBI,validated,previous_mapping
CHEMBL70,MORPHINE,DB00295,Morphine,P02768,213,ALB,HGNC:399,ALB,albumin,targets,DrugBank,NCBI,validated,previous_mapping
CHEMBL70,MORPHINE,DB00295,Morphine,P06133,7363,UGT2B4,HGNC:12553,UGT2B4,UDP glucuronosyltransferase family 2 member B4,targets,DrugBank,NCBI,validated,previous_mapping
CHEMBL70,MORPHINE,DB00295,Morphine,P08183,5243,ABCB1,HGNC:40,ABCB1,ATP binding cassette subfamily B member 1,targets,DrugBank,NCBI,validated,previous_mapping
CHEMBL70,MORPHINE,DB00295,Morphine,P08684,1576,CYP3A4,HGNC:2637,CYP3A4,cytochrome P450 family 3 subfamily A member 4,targets,DrugBank,NCBI,validated,previous_mapping
CHEMBL70,MORPHINE,DB00295,Morphine,P10632,1558,CYP2C8,HGNC:2622,CYP2C8,cytochrome P450 family 2 subfamily C member 8,targets,DrugBank,NCBI,validated,previous_mapping
CHEMBL70,MORPHINE,DB00295,Morphine,P16662,7364,UGT2B7,HGNC:12554,UGT2B7,UDP glucuronosyltransferase family 2 member B7,targets,DrugBank,NCBI,validated,previous_mapping
CHEMBL70,MORPHINE,DB00295,Morphine,P22309,54658,UGT1A1,HGNC:12530,UGT1A1,UDP glucuronosyltransferase family 1 member A1,targets,DrugBank,NCBI,validated,previous_mapping
CHEMBL70,MORPHINE,DB00295,Morphine,P35372,4988,OPRM1,HGNC:8156,OPRM1,opioid receptor mu 1,targets,DrugBank,NCBI,validated,previous_mapping
CHEMBL70,MORPHINE,DB00295,Morphine,P35503,54659,UGT1A3,HGNC:12535,UGT1A3,UDP glucuronosyltransferase family 1 member A3,targets,DrugBank,NCBI,validated,previous_mapping
CHEMBL70,MORPHINE,DB00295,Morphine,P41143,4985,OPRD1,HGNC:8153,OPRD1,opioid receptor delta 1,targets,DrugBank,NCBI,validated,previous_mapping
CHEMBL70,MORPHINE,DB00295,Morphine,P41145,4986,OPRK1,HGNC:8154,OPRK1,opioid receptor kappa 1,targets,DrugBank,NCBI,validated,previous_mapping
CHEMBL70,MORPHINE,DB00295,Morphine,P54855,7366,UGT2B15,HGNC:12546,UGT2B15,UDP glucuronosyltransferase family 2 member B15,targets,DrugBank,NCBI,validated,previous_mapping
CHEMBL70,MORPHINE,DB00295,Morphine,Q9HAW9,54576,UGT1A8,HGNC:12540,UGT1A8,UDP glucuronosyltransferase family 1 member A8,targets,DrugBank,NCBI,validated,previous_mapping
CHEMBL70,MORPHINE,DB00295,Morphine,Q9Y6Y9,23643,LY96,HGNC:17156,LY96,lymphocyte antigen 96,targets,DrugBank,NCBI,validated,previous_mapping
CHEMBL701,BACLOFEN,DB00181,Baclofen,O75899,9568,GABBR2,HGNC:4507,GABBR2,gamma-aminobutyric acid type B receptor subunit 2,targets,DrugBank,NCBI,validated,previous_mapping
CHEMBL701,BACLOFEN,DB00181,Baclofen,Q9UBS5,2550,GABBR1,HGNC:4070,GABBR1,gamma-aminobutyric acid type B receptor subunit 1,targets,DrugBank,NCBI,validated,previous_mapping
CHEMBL708,ZIPRASIDONE,DB00246,Ziprasidone,A5X5Y0,285242,HTR3E,HGNC:24005,HTR3E,5-hydroxytryptamine receptor 3E,targets,DrugBank,NCBI,validated,previous_mapping
CHEMBL708,ZIPRASIDONE,DB00246,Ziprasidone,O95264,9177,HTR3B,HGNC:5298,HTR3B,5-hydroxytryptamine receptor 3B,targets,DrugBank,NCBI,validated,previous_mapping
CHEMBL708,ZIPRASIDONE,DB00246,Ziprasidone,P02763,5004,ORM1,HGNC:8498,ORM1,orosomucoid 1,targets,DrugBank,NCBI,validated,previous_mapping
CHEMBL708,ZIPRASIDONE,DB00246,Ziprasidone,P02768,213,ALB,HGNC:399,ALB,albumin,targets,DrugBank,NCBI,validated,previous_mapping
CHEMBL708,ZIPRASIDONE,DB00246,Ziprasidone,P08172,1129,CHRM2,HGNC:1951,CHRM2,cholinergic receptor muscarinic 2,targets,DrugBank,NCBI,validated,previous_mapping
CHEMBL708,ZIPRASIDONE,DB00246,Ziprasidone,P08173,1132,CHRM4,HGNC:1953,CHRM4,cholinergic receptor muscarinic 4,targets,DrugBank,NCBI,validated,previous_mapping
CHEMBL708,ZIPRASIDONE,DB00246,Ziprasidone,P08183,5243,ABCB1,HGNC:40,ABCB1,ATP binding cassette subfamily B member 1,targets,DrugBank,NCBI,validated,previous_mapping
CHEMBL708,ZIPRASIDONE,DB00246,Ziprasidone,P08684,1576,CYP3A4,HGNC:2637,CYP3A4,cytochrome P450 family 3 subfamily A member 4,targets,DrugBank,NCBI,validated,previous_mapping
CHEMBL708,ZIPRASIDONE,DB00246,Ziprasidone,P08908,3350,HTR1A,HGNC:5286,HTR1A,5-hydroxytryptamine receptor 1A,targets,DrugBank,NCBI,validated,previous_mapping
CHEMBL708,ZIPRASIDONE,DB00246,Ziprasidone,P08912,1133,CHRM5,HGNC:1954,CHRM5,cholinergic receptor muscarinic 5,targets,DrugBank,NCBI,validated,previous_mapping
CHEMBL708,ZIPRASIDONE,DB00246,Ziprasidone,P08913,150,ADRA2A,HGNC:281,ADRA2A,adrenoceptor alpha 2A,targets,DrugBank,NCBI,validated,previous_mapping
CHEMBL708,ZIPRASIDONE,DB00246,Ziprasidone,P11229,1128,CHRM1,HGNC:1950,CHRM1,cholinergic receptor muscarinic 1,targets,DrugBank,NCBI,validated,previous_mapping
CHEMBL708,ZIPRASIDONE,DB00246,Ziprasidone,P14416,1813,DRD2,HGNC:3023,DRD2,dopamine receptor D2,targets,DrugBank,NCBI,validated,previous_mapping
CHEMBL708,ZIPRASIDONE,DB00246,Ziprasidone,P18089,151,ADRA2B,HGNC:282,ADRA2B,adrenoceptor alpha 2B,targets,DrugBank,NCBI,validated,previous_mapping
CHEMBL708,ZIPRASIDONE,DB00246,Ziprasidone,P18825,152,ADRA2C,HGNC:283,ADRA2C,adrenoceptor alpha 2C,targets,DrugBank,NCBI,validated,previous_mapping
CHEMBL708,ZIPRASIDONE,DB00246,Ziprasidone,P20309,1131,CHRM3,HGNC:1952,CHRM3,cholinergic receptor muscarinic 3,targets,DrugBank,NCBI,validated,previous_mapping
CHEMBL708,ZIPRASIDONE,DB00246,Ziprasidone,P21728,1812,DRD1,HGNC:3020,DRD1,dopamine receptor D1,targets,DrugBank,NCBI,validated,previous_mapping
CHEMBL708,ZIPRASIDONE,DB00246,Ziprasidone,P21917,1815,DRD4,HGNC:3025,DRD4,dopamine receptor D4,targets,DrugBank,NCBI,validated,previous_mapping
CHEMBL708,ZIPRASIDONE,DB00246,Ziprasidone,P21918,1816,DRD5,HGNC:3026,DRD5,dopamine receptor D5,targets,DrugBank,NCBI,validated,previous_mapping
CHEMBL708,ZIPRASIDONE,DB00246,Ziprasidone,P28221,3352,HTR1D,HGNC:5289,HTR1D,5-hydroxytryptamine receptor 1D,targets,DrugBank,NCBI,validated,previous_mapping
CHEMBL708,ZIPRASIDONE,DB00246,Ziprasidone,P28222,3351,HTR1B,HGNC:5287,HTR1B,5-hydroxytryptamine receptor 1B,targets,DrugBank,NCBI,validated,previous_mapping
CHEMBL708,ZIPRASIDONE,DB00246,Ziprasidone,P28223,3356,HTR2A,HGNC:5293,HTR2A,5-hydroxytryptamine receptor 2A,targets,DrugBank,NCBI,validated,previous_mapping
CHEMBL708,ZIPRASIDONE,DB00246,Ziprasidone,P28335,3358,HTR2C,HGNC:5295,HTR2C,5-hydroxytryptamine receptor 2C,targets,DrugBank,NCBI,validated,previous_mapping
CHEMBL708,ZIPRASIDONE,DB00246,Ziprasidone,P28566,3354,HTR1E,HGNC:5291,HTR1E,5-hydroxytryptamine receptor 1E,targets,DrugBank,NCBI,validated,previous_mapping
CHEMBL708,ZIPRASIDONE,DB00246,Ziprasidone,P34969,3363,HTR7,HGNC:5302,HTR7,5-hydroxytryptamine receptor 7,targets,DrugBank,NCBI,validated,previous_mapping
CHEMBL708,ZIPRASIDONE,DB00246,Ziprasidone,P35348,148,ADRA1A,HGNC:277,ADRA1A,adrenoceptor alpha 1A,targets,DrugBank,NCBI,validated,previous_mapping
CHEMBL708,ZIPRASIDONE,DB00246,Ziprasidone,P35367,3269,HRH1,HGNC:5182,HRH1,histamine receptor H1,targets,DrugBank,NCBI,validated,previous_mapping
CHEMBL708,ZIPRASIDONE,DB00246,Ziprasidone,P35368,147,ADRA1B,HGNC:278,ADRA1B,adrenoceptor alpha 1B,targets,DrugBank,NCBI,validated,previous_mapping
CHEMBL708,ZIPRASIDONE,DB00246,Ziprasidone,P35462,1814,DRD3,HGNC:3024,DRD3,dopamine receptor D3,targets,DrugBank,NCBI,validated,previous_mapping
CHEMBL708,ZIPRASIDONE,DB00246,Ziprasidone,P46098,3359,HTR3A,HGNC:5297,HTR3A,5-hydroxytryptamine receptor 3A,targets,DrugBank,NCBI,validated,previous_mapping
CHEMBL708,ZIPRASIDONE,DB00246,Ziprasidone,P47898,3361,HTR5A,HGNC:5300,HTR5A,5-hydroxytryptamine receptor 5A,targets,DrugBank,NCBI,validated,previous_mapping
CHEMBL708,ZIPRASIDONE,DB00246,Ziprasidone,P50406,3362,HTR6,HGNC:5301,HTR6,5-hydroxytryptamine receptor 6,targets,DrugBank,NCBI,validated,previous_mapping
CHEMBL708,ZIPRASIDONE,DB00246,Ziprasidone,Q06278,316,AOX1,HGNC:553,AOX1,aldehyde oxidase 1,targets,DrugBank,NCBI,validated,previous_mapping
CHEMBL708,ZIPRASIDONE,DB00246,Ziprasidone,Q70Z44,200909,HTR3D,HGNC:24004,HTR3D,5-hydroxytryptamine receptor 3D,targets,DrugBank,NCBI,validated,previous_mapping
CHEMBL708,ZIPRASIDONE,DB00246,Ziprasidone,Q8WXA8,170572,HTR3C,HGNC:24003,HTR3C,5-hydroxytryptamine receptor 3C,targets,DrugBank,NCBI,validated,previous_mapping
CHEMBL71,CHLORPROMAZINE,DB00477,Chlorpromazine,O95342,8647,ABCB11,HGNC:42,ABCB11,ATP binding cassette subfamily B member 11,targets,DrugBank,NCBI,validated,previous_mapping
CHEMBL71,CHLORPROMAZINE,DB00477,Chlorpromazine,P02763,5004,ORM1,HGNC:8498,ORM1,orosomucoid 1,targets,DrugBank,NCBI,validated,previous_mapping
CHEMBL71,CHLORPROMAZINE,DB00477,Chlorpromazine,P02768,213,ALB,HGNC:399,ALB,albumin,targets,DrugBank,NCBI,validated,previous_mapping
CHEMBL71,CHLORPROMAZINE,DB00477,Chlorpromazine,P05177,1544,CYP1A2,HGNC:2596,CYP1A2,cytochrome P450 family 1 subfamily A member 2,targets,DrugBank,NCBI,validated,previous_mapping
CHEMBL71,CHLORPROMAZINE,DB00477,Chlorpromazine,P05181,1571,CYP2E1,HGNC:2631,CYP2E1,cytochrome P450 family 2 subfamily E member 1,targets,DrugBank,NCBI,validated,previous_mapping
CHEMBL71,CHLORPROMAZINE,DB00477,Chlorpromazine,P06276,590,BCHE,HGNC:983,BCHE,butyrylcholinesterase,targets,DrugBank,NCBI,validated,previous_mapping
CHEMBL71,CHLORPROMAZINE,DB00477,Chlorpromazine,P08183,5243,ABCB1,HGNC:40,ABCB1,ATP binding cassette subfamily B member 1,targets,DrugBank,NCBI,validated,previous_mapping
CHEMBL71,CHLORPROMAZINE,DB00477,Chlorpromazine,P08684,1576,CYP3A4,HGNC:2637,CYP3A4,cytochrome P450 family 3 subfamily A member 4,targets,DrugBank,NCBI,validated,previous_mapping
CHEMBL71,CHLORPROMAZINE,DB00477,Chlorpromazine,P08908,3350,HTR1A,HGNC:5286,HTR1A,5-hydroxytryptamine receptor 1A,targets,DrugBank,NCBI,validated,previous_mapping
CHEMBL71,CHLORPROMAZINE,DB00477,Chlorpromazine,P08913,150,ADRA2A,HGNC:281,ADRA2A,adrenoceptor alpha 2A,targets,DrugBank,NCBI,validated,previous_mapping
CHEMBL71,CHLORPROMAZINE,DB00477,Chlorpromazine,P0DP23,801,CALM1,HGNC:1442,CALM1,calmodulin 1,targets,DrugBank,NCBI,validated,previous_mapping
CHEMBL71,CHLORPROMAZINE,DB00477,Chlorpromazine,P10635,1565,CYP2D6,HGNC:2625,CYP2D6,cytochrome P450 family 2 subfamily D member 6 (gene/pseudogene),targets,DrugBank,NCBI,validated,previous_mapping
CHEMBL71,CHLORPROMAZINE,DB00477,Chlorpromazine,P11229,1128,CHRM1,HGNC:1950,CHRM1,cholinergic receptor muscarinic 1,targets,DrugBank,NCBI,validated,previous_mapping
CHEMBL71,CHLORPROMAZINE,DB00477,Chlorpromazine,P14416,1813,DRD2,HGNC:3023,DRD2,dopamine receptor D2,targets,DrugBank,NCBI,validated,previous_mapping
CHEMBL71,CHLORPROMAZINE,DB00477,Chlorpromazine,P17405,6609,SMPD1,HGNC:11120,SMPD1,sphingomyelin phosphodiesterase 1,targets,DrugBank,NCBI,validated,previous_mapping
CHEMBL71,CHLORPROMAZINE,DB00477,Chlorpromazine,P18089,151,ADRA2B,HGNC:282,ADRA2B,adrenoceptor alpha 2B,targets,DrugBank,NCBI,validated,previous_mapping
CHEMBL71,CHLORPROMAZINE,DB00477,Chlorpromazine,P18825,152,ADRA2C,HGNC:283,ADRA2C,adrenoceptor alpha 2C,targets,DrugBank,NCBI,validated,previous_mapping
CHEMBL71,CHLORPROMAZINE,DB00477,Chlorpromazine,P19652,5005,ORM2,HGNC:8499,ORM2,orosomucoid 2,targets,DrugBank,NCBI,validated,previous_mapping
CHEMBL71,CHLORPROMAZINE,DB00477,Chlorpromazine,P20309,1131,CHRM3,HGNC:1952,CHRM3,cholinergic receptor muscarinic 3,targets,DrugBank,NCBI,validated,previous_mapping
CHEMBL71,CHLORPROMAZINE,DB00477,Chlorpromazine,P21728,1812,DRD1,HGNC:3020,DRD1,dopamine receptor D1,targets,DrugBank,NCBI,validated,previous_mapping
CHEMBL71,CHLORPROMAZINE,DB00477,Chlorpromazine,P21917,1815,DRD4,HGNC:3025,DRD4,dopamine receptor D4,targets,DrugBank,NCBI,validated,previous_mapping
CHEMBL71,CHLORPROMAZINE,DB00477,Chlorpromazine,P21918,1816,DRD5,HGNC:3026,DRD5,dopamine receptor D5,targets,DrugBank,NCBI,validated,previous_mapping
CHEMBL71,CHLORPROMAZINE,DB00477,Chlorpromazine,P25100,146,ADRA1D,HGNC:280,ADRA1D,adrenoceptor alpha 1D,targets,DrugBank,NCBI,validated,previous_mapping
CHEMBL71,CHLORPROMAZINE,DB00477,Chlorpromazine,P28223,3356,HTR2A,HGNC:5293,HTR2A,5-hydroxytryptamine receptor 2A,targets,DrugBank,NCBI,validated,previous_mapping
CHEMBL71,CHLORPROMAZINE,DB00477,Chlorpromazine,P28335,3358,HTR2C,HGNC:5295,HTR2C,5-hydroxytryptamine receptor 2C,targets,DrugBank,NCBI,validated,previous_mapping
CHEMBL71,CHLORPROMAZINE,DB00477,Chlorpromazine,P34969,3363,HTR7,HGNC:5302,HTR7,5-hydroxytryptamine receptor 7,targets,DrugBank,NCBI,validated,previous_mapping
CHEMBL71,CHLORPROMAZINE,DB00477,Chlorpromazine,P35348,148,ADRA1A,HGNC:277,ADRA1A,adrenoceptor alpha 1A,targets,DrugBank,NCBI,validated,previous_mapping
CHEMBL71,CHLORPROMAZINE,DB00477,Chlorpromazine,P35367,3269,HRH1,HGNC:5182,HRH1,histamine receptor H1,targets,DrugBank,NCBI,validated,previous_mapping
CHEMBL71,CHLORPROMAZINE,DB00477,Chlorpromazine,P35368,147,ADRA1B,HGNC:278,ADRA1B,adrenoceptor alpha 1B,targets,DrugBank,NCBI,validated,previous_mapping
CHEMBL71,CHLORPROMAZINE,DB00477,Chlorpromazine,P35462,1814,DRD3,HGNC:3024,DRD3,dopamine receptor D3,targets,DrugBank,NCBI,validated,previous_mapping
CHEMBL71,CHLORPROMAZINE,DB00477,Chlorpromazine,P41595,3357,HTR2B,HGNC:5294,HTR2B,5-hydroxytryptamine receptor 2B,targets,DrugBank,NCBI,validated,previous_mapping
CHEMBL71,CHLORPROMAZINE,DB00477,Chlorpromazine,P50406,3362,HTR6,HGNC:5301,HTR6,5-hydroxytryptamine receptor 6,targets,DrugBank,NCBI,validated,previous_mapping
CHEMBL71,CHLORPROMAZINE,DB00477,Chlorpromazine,Q12809,3757,KCNH2,HGNC:6251,KCNH2,potassium voltage-gated channel subfamily H member 2,targets,DrugBank,NCBI,validated,previous_mapping
CHEMBL71,CHLORPROMAZINE,DB00477,Chlorpromazine,Q9H3N8,59340,HRH4,HGNC:17383,HRH4,histamine receptor H4,targets,DrugBank,NCBI,validated,previous_mapping
CHEMBL714,ALBUTEROL,DB01001,Salbutamol,P07550,154,ADRB2,HGNC:286,ADRB2,adrenoceptor beta 2,targets,DrugBank,NCBI,validated,synonym_match
CHEMBL714,ALBUTEROL,DB01001,Salbutamol,P08588,153,ADRB1,HGNC:285,ADRB1,adrenoceptor beta 1,targets,DrugBank,NCBI,validated,synonym_match
CHEMBL714,ALBUTEROL,DB01001,Salbutamol,P08684,1576,CYP3A4,HGNC:2637,CYP3A4,cytochrome P450 family 3 subfamily A member 4,targets,DrugBank,NCBI,validated,synonym_match
CHEMBL714,ALBUTEROL,DB01001,Salbutamol,P13945,155,ADRB3,HGNC:288,ADRB3,adrenoceptor beta 3,targets,DrugBank,NCBI,validated,synonym_match
CHEMBL715,OLANZAPINE,DB00334,Olanzapine,P02763,5004,ORM1,HGNC:8498,ORM1,orosomucoid 1,targets,DrugBank,NCBI,validated,previous_mapping
CHEMBL715,OLANZAPINE,DB00334,Olanzapine,P02768,213,ALB,HGNC:399,ALB,albumin,targets,DrugBank,NCBI,validated,previous_mapping
CHEMBL715,OLANZAPINE,DB00334,Olanzapine,P05177,1544,CYP1A2,HGNC:2596,CYP1A2,cytochrome P450 family 1 subfamily A member 2,targets,DrugBank,NCBI,validated,previous_mapping
CHEMBL715,OLANZAPINE,DB00334,Olanzapine,P07550,154,ADRB2,HGNC:286,ADRB2,adrenoceptor beta 2,targets,DrugBank,NCBI,validated,previous_mapping
CHEMBL715,OLANZAPINE,DB00334,Olanzapine,P08172,1129,CHRM2,HGNC:1951,CHRM2,cholinergic receptor muscarinic 2,targets,DrugBank,NCBI,validated,previous_mapping
CHEMBL715,OLANZAPINE,DB00334,Olanzapine,P08173,1132,CHRM4,HGNC:1953,CHRM4,cholinergic receptor muscarinic 4,targets,DrugBank,NCBI,validated,previous_mapping
CHEMBL715,OLANZAPINE,DB00334,Olanzapine,P08183,5243,ABCB1,HGNC:40,ABCB1,ATP binding cassette subfamily B member 1,targets,DrugBank,NCBI,validated,previous_mapping
CHEMBL715,OLANZAPINE,DB00334,Olanzapine,P08588,153,ADRB1,HGNC:285,ADRB1,adrenoceptor beta 1,targets,DrugBank,NCBI,validated,previous_mapping
CHEMBL715,OLANZAPINE,DB00334,Olanzapine,P08684,1576,CYP3A4,HGNC:2637,CYP3A4,cytochrome P450 family 3 subfamily A member 4,targets,DrugBank,NCBI,validated,previous_mapping
CHEMBL715,OLANZAPINE,DB00334,Olanzapine,P08908,3350,HTR1A,HGNC:5286,HTR1A,5-hydroxytryptamine receptor 1A,targets,DrugBank,NCBI,validated,previous_mapping
CHEMBL715,OLANZAPINE,DB00334,Olanzapine,P10635,1565,CYP2D6,HGNC:2625,CYP2D6,cytochrome P450 family 2 subfamily D member 6 (gene/pseudogene),targets,DrugBank,NCBI,validated,previous_mapping
CHEMBL715,OLANZAPINE,DB00334,Olanzapine,P11229,1128,CHRM1,HGNC:1950,CHRM1,cholinergic receptor muscarinic 1,targets,DrugBank,NCBI,validated,previous_mapping
CHEMBL715,OLANZAPINE,DB00334,Olanzapine,P11712,1559,CYP2C9,HGNC:2623,CYP2C9,cytochrome P450 family 2 subfamily C member 9,targets,DrugBank,NCBI,validated,previous_mapping
CHEMBL715,OLANZAPINE,DB00334,Olanzapine,P13945,155,ADRB3,HGNC:288,ADRB3,adrenoceptor beta 3,targets,DrugBank,NCBI,validated,previous_mapping
CHEMBL715,OLANZAPINE,DB00334,Olanzapine,P14416,1813,DRD2,HGNC:3023,DRD2,dopamine receptor D2,targets,DrugBank,NCBI,validated,previous_mapping
CHEMBL715,OLANZAPINE,DB00334,Olanzapine,P14867,2554,GABRA1,HGNC:4075,GABRA1,gamma-aminobutyric acid type A receptor subunit alpha1,targets,DrugBank,NCBI,validated,previous_mapping
CHEMBL715,OLANZAPINE,DB00334,Olanzapine,P18507,2566,GABRG2,HGNC:4087,GABRG2,gamma-aminobutyric acid type A receptor subunit gamma2,targets,DrugBank,NCBI,validated,previous_mapping
CHEMBL715,OLANZAPINE,DB00334,Olanzapine,P20309,1131,CHRM3,HGNC:1952,CHRM3,cholinergic receptor muscarinic 3,targets,DrugBank,NCBI,validated,previous_mapping
CHEMBL715,OLANZAPINE,DB00334,Olanzapine,P20815,1577,CYP3A5,HGNC:2638,CYP3A5,cytochrome P450 family 3 subfamily A member 5,targets,DrugBank,NCBI,validated,previous_mapping
CHEMBL715,OLANZAPINE,DB00334,Olanzapine,P21728,1812,DRD1,HGNC:3020,DRD1,dopamine receptor D1,targets,DrugBank,NCBI,validated,previous_mapping
CHEMBL715,OLANZAPINE,DB00334,Olanzapine,P21917,1815,DRD4,HGNC:3025,DRD4,dopamine receptor D4,targets,DrugBank,NCBI,validated,previous_mapping
CHEMBL715,OLANZAPINE,DB00334,Olanzapine,P21918,1816,DRD5,HGNC:3026,DRD5,dopamine receptor D5,targets,DrugBank,NCBI,validated,previous_mapping
CHEMBL715,OLANZAPINE,DB00334,Olanzapine,P22310,54657,UGT1A4,HGNC:12536,UGT1A4,UDP glucuronosyltransferase family 1 member A4,targets,DrugBank,NCBI,validated,previous_mapping
CHEMBL715,OLANZAPINE,DB00334,Olanzapine,P24462,1551,CYP3A7,HGNC:2640,CYP3A7,cytochrome P450 family 3 subfamily A member 7,targets,DrugBank,NCBI,validated,previous_mapping
CHEMBL715,OLANZAPINE,DB00334,Olanzapine,P28221,3352,HTR1D,HGNC:5289,HTR1D,5-hydroxytryptamine receptor 1D,targets,DrugBank,NCBI,validated,previous_mapping
CHEMBL715,OLANZAPINE,DB00334,Olanzapine,P28222,3351,HTR1B,HGNC:5287,HTR1B,5-hydroxytryptamine receptor 1B,targets,DrugBank,NCBI,validated,previous_mapping
CHEMBL715,OLANZAPINE,DB00334,Olanzapine,P28223,3356,HTR2A,HGNC:5293,HTR2A,5-hydroxytryptamine receptor 2A,targets,DrugBank,NCBI,validated,previous_mapping
CHEMBL715,OLANZAPINE,DB00334,Olanzapine,P28335,3358,HTR2C,HGNC:5295,HTR2C,5-hydroxytryptamine receptor 2C,targets,DrugBank,NCBI,validated,previous_mapping
CHEMBL715,OLANZAPINE,DB00334,Olanzapine,P28566,3354,HTR1E,HGNC:5291,HTR1E,5-hydroxytryptamine receptor 1E,targets,DrugBank,NCBI,validated,previous_mapping
CHEMBL715,OLANZAPINE,DB00334,Olanzapine,P30939,3355,HTR1F,HGNC:5292,HTR1F,5-hydroxytryptamine receptor 1F,targets,DrugBank,NCBI,validated,previous_mapping
CHEMBL715,OLANZAPINE,DB00334,Olanzapine,P31513,2328,FMO3,HGNC:3771,FMO3,flavin containing dimethylaniline monoxygenase 3,targets,DrugBank,NCBI,validated,previous_mapping
CHEMBL715,OLANZAPINE,DB00334,Olanzapine,P31644,2558,GABRA5,HGNC:4079,GABRA5,gamma-aminobutyric acid type A receptor subunit alpha5,targets,DrugBank,NCBI,validated,previous_mapping
CHEMBL715,OLANZAPINE,DB00334,Olanzapine,P33261,1557,CYP2C19,HGNC:2621,CYP2C19,cytochrome P450 family 2 subfamily C member 19,targets,DrugBank,NCBI,validated,previous_mapping
CHEMBL715,OLANZAPINE,DB00334,Olanzapine,P34903,2556,GABRA3,HGNC:4077,GABRA3,gamma-aminobutyric acid type A receptor subunit alpha3,targets,DrugBank,NCBI,validated,previous_mapping
CHEMBL715,OLANZAPINE,DB00334,Olanzapine,P35348,148,ADRA1A,HGNC:277,ADRA1A,adrenoceptor alpha 1A,targets,DrugBank,NCBI,validated,previous_mapping
CHEMBL715,OLANZAPINE,DB00334,Olanzapine,P35367,3269,HRH1,HGNC:5182,HRH1,histamine receptor H1,targets,DrugBank,NCBI,validated,previous_mapping
CHEMBL715,OLANZAPINE,DB00334,Olanzapine,P35368,147,ADRA1B,HGNC:278,ADRA1B,adrenoceptor alpha 1B,targets,DrugBank,NCBI,validated,previous_mapping
CHEMBL715,OLANZAPINE,DB00334,Olanzapine,P35462,1814,DRD3,HGNC:3024,DRD3,dopamine receptor D3,targets,DrugBank,NCBI,validated,previous_mapping
CHEMBL715,OLANZAPINE,DB00334,Olanzapine,P46098,3359,HTR3A,HGNC:5297,HTR3A,5-hydroxytryptamine receptor 3A,targets,DrugBank,NCBI,validated,previous_mapping
CHEMBL715,OLANZAPINE,DB00334,Olanzapine,P47869,2555,GABRA2,HGNC:4076,GABRA2,gamma-aminobutyric acid type A receptor subunit alpha2,targets,DrugBank,NCBI,validated,previous_mapping
CHEMBL715,OLANZAPINE,DB00334,Olanzapine,P50406,3362,HTR6,HGNC:5301,HTR6,5-hydroxytryptamine receptor 6,targets,DrugBank,NCBI,validated,previous_mapping
CHEMBL715,OLANZAPINE,DB00334,Olanzapine,Q8N1C3,2565,GABRG1,HGNC:4086,GABRG1,gamma-aminobutyric acid type A receptor subunit gamma1,targets,DrugBank,NCBI,validated,previous_mapping
CHEMBL715,OLANZAPINE,DB00334,Olanzapine,Q99928,2567,GABRG3,HGNC:4088,GABRG3,gamma-aminobutyric acid type A receptor subunit gamma3,targets,DrugBank,NCBI,validated,previous_mapping
CHEMBL715,OLANZAPINE,DB00334,Olanzapine,Q9HB55,64816,CYP3A43,HGNC:17450,CYP3A43,cytochrome P450 family 3 subfamily A member 43,targets,DrugBank,NCBI,validated,previous_mapping
CHEMBL716,QUETIAPINE,DB01224,Quetiapine,P08172,1129,CHRM2,HGNC:1951,CHRM2,cholinergic receptor muscarinic 2,targets,DrugBank,NCBI,validated,previous_mapping
CHEMBL716,QUETIAPINE,DB01224,Quetiapine,P08173,1132,CHRM4,HGNC:1953,CHRM4,cholinergic receptor muscarinic 4,targets,DrugBank,NCBI,validated,previous_mapping
CHEMBL716,QUETIAPINE,DB01224,Quetiapine,P08183,5243,ABCB1,HGNC:40,ABCB1,ATP binding cassette subfamily B member 1,targets,DrugBank,NCBI,validated,previous_mapping
CHEMBL716,QUETIAPINE,DB01224,Quetiapine,P08684,1576,CYP3A4,HGNC:2637,CYP3A4,cytochrome P450 family 3 subfamily A member 4,targets,DrugBank,NCBI,validated,previous_mapping
CHEMBL716,QUETIAPINE,DB01224,Quetiapine,P08908,3350,HTR1A,HGNC:5286,HTR1A,5-hydroxytryptamine receptor 1A,targets,DrugBank,NCBI,validated,previous_mapping
CHEMBL716,QUETIAPINE,DB01224,Quetiapine,P08912,1133,CHRM5,HGNC:1954,CHRM5,cholinergic receptor muscarinic 5,targets,DrugBank,NCBI,validated,previous_mapping
CHEMBL716,QUETIAPINE,DB01224,Quetiapine,P08913,150,ADRA2A,HGNC:281,ADRA2A,adrenoceptor alpha 2A,targets,DrugBank,NCBI,validated,previous_mapping
CHEMBL716,QUETIAPINE,DB01224,Quetiapine,P10635,1565,CYP2D6,HGNC:2625,CYP2D6,cytochrome P450 family 2 subfamily D member 6 (gene/pseudogene),targets,DrugBank,NCBI,validated,previous_mapping
CHEMBL716,QUETIAPINE,DB01224,Quetiapine,P11229,1128,CHRM1,HGNC:1950,CHRM1,cholinergic receptor muscarinic 1,targets,DrugBank,NCBI,validated,previous_mapping
CHEMBL716,QUETIAPINE,DB01224,Quetiapine,P14416,1813,DRD2,HGNC:3023,DRD2,dopamine receptor D2,targets,DrugBank,NCBI,validated,previous_mapping
CHEMBL716,QUETIAPINE,DB01224,Quetiapine,P18089,151,ADRA2B,HGNC:282,ADRA2B,adrenoceptor alpha 2B,targets,DrugBank,NCBI,validated,previous_mapping
CHEMBL716,QUETIAPINE,DB01224,Quetiapine,P18825,152,ADRA2C,HGNC:283,ADRA2C,adrenoceptor alpha 2C,targets,DrugBank,NCBI,validated,previous_mapping
CHEMBL716,QUETIAPINE,DB01224,Quetiapine,P20309,1131,CHRM3,HGNC:1952,CHRM3,cholinergic receptor muscarinic 3,targets,DrugBank,NCBI,validated,previous_mapping
CHEMBL716,QUETIAPINE,DB01224,Quetiapine,P20815,1577,CYP3A5,HGNC:2638,CYP3A5,cytochrome P450 family 3 subfamily A member 5,targets,DrugBank,NCBI,validated,previous_mapping
CHEMBL716,QUETIAPINE,DB01224,Quetiapine,P21728,1812,DRD1,HGNC:3020,DRD1,dopamine receptor D1,targets,DrugBank,NCBI,validated,previous_mapping
CHEMBL716,QUETIAPINE,DB01224,Quetiapine,P21917,1815,DRD4,HGNC:3025,DRD4,dopamine receptor D4,targets,DrugBank,NCBI,validated,previous_mapping
CHEMBL716,QUETIAPINE,DB01224,Quetiapine,P21918,1816,DRD5,HGNC:3026,DRD5,dopamine receptor D5,targets,DrugBank,NCBI,validated,previous_mapping
CHEMBL716,QUETIAPINE,DB01224,Quetiapine,P24462,1551,CYP3A7,HGNC:2640,CYP3A7,cytochrome P450 family 3 subfamily A member 7,targets,DrugBank,NCBI,validated,previous_mapping
CHEMBL716,QUETIAPINE,DB01224,Quetiapine,P25100,146,ADRA1D,HGNC:280,ADRA1D,adrenoceptor alpha 1D,targets,DrugBank,NCBI,validated,previous_mapping
CHEMBL716,QUETIAPINE,DB01224,Quetiapine,P28221,3352,HTR1D,HGNC:5289,HTR1D,5-hydroxytryptamine receptor 1D,targets,DrugBank,NCBI,validated,previous_mapping
CHEMBL716,QUETIAPINE,DB01224,Quetiapine,P28222,3351,HTR1B,HGNC:5287,HTR1B,5-hydroxytryptamine receptor 1B,targets,DrugBank,NCBI,validated,previous_mapping
CHEMBL716,QUETIAPINE,DB01224,Quetiapine,P28223,3356,HTR2A,HGNC:5293,HTR2A,5-hydroxytryptamine receptor 2A,targets,DrugBank,NCBI,validated,previous_mapping
CHEMBL716,QUETIAPINE,DB01224,Quetiapine,P28335,3358,HTR2C,HGNC:5295,HTR2C,5-hydroxytryptamine receptor 2C,targets,DrugBank,NCBI,validated,previous_mapping
CHEMBL716,QUETIAPINE,DB01224,Quetiapine,P28566,3354,HTR1E,HGNC:5291,HTR1E,5-hydroxytryptamine receptor 1E,targets,DrugBank,NCBI,validated,previous_mapping
CHEMBL716,QUETIAPINE,DB01224,Quetiapine,P33261,1557,CYP2C19,HGNC:2621,CYP2C19,cytochrome P450 family 2 subfamily C member 19,targets,DrugBank,NCBI,validated,previous_mapping
CHEMBL716,QUETIAPINE,DB01224,Quetiapine,P34969,3363,HTR7,HGNC:5302,HTR7,5-hydroxytryptamine receptor 7,targets,DrugBank,NCBI,validated,previous_mapping
CHEMBL716,QUETIAPINE,DB01224,Quetiapine,P35348,148,ADRA1A,HGNC:277,ADRA1A,adrenoceptor alpha 1A,targets,DrugBank,NCBI,validated,previous_mapping
CHEMBL716,QUETIAPINE,DB01224,Quetiapine,P35367,3269,HRH1,HGNC:5182,HRH1,histamine receptor H1,targets,DrugBank,NCBI,validated,previous_mapping
CHEMBL716,QUETIAPINE,DB01224,Quetiapine,P35368,147,ADRA1B,HGNC:278,ADRA1B,adrenoceptor alpha 1B,targets,DrugBank,NCBI,validated,previous_mapping
CHEMBL716,QUETIAPINE,DB01224,Quetiapine,P35462,1814,DRD3,HGNC:3024,DRD3,dopamine receptor D3,targets,DrugBank,NCBI,validated,previous_mapping
CHEMBL716,QUETIAPINE,DB01224,Quetiapine,P46098,3359,HTR3A,HGNC:5297,HTR3A,5-hydroxytryptamine receptor 3A,targets,DrugBank,NCBI,validated,previous_mapping
CHEMBL716,QUETIAPINE,DB01224,Quetiapine,P50406,3362,HTR6,HGNC:5301,HTR6,5-hydroxytryptamine receptor 6,targets,DrugBank,NCBI,validated,previous_mapping
CHEMBL717,MEDROXYPROGESTERONE ACETATE,DB00603,Medroxyprogesterone acetate,O00591,2568,GABRP,HGNC:4089,GABRP,gamma-aminobutyric acid type A receptor subunit pi,targets,DrugBank,NCBI,validated,previous_mapping
CHEMBL717,MEDROXYPROGESTERONE ACETATE,DB00603,Medroxyprogesterone acetate,O14764,2563,GABRD,HGNC:4084,GABRD,gamma-aminobutyric acid type A receptor subunit delta,targets,DrugBank,NCBI,validated,previous_mapping
CHEMBL717,MEDROXYPROGESTERONE ACETATE,DB00603,Medroxyprogesterone acetate,P02768,213,ALB,HGNC:399,ALB,albumin,targets,DrugBank,NCBI,validated,previous_mapping
CHEMBL717,MEDROXYPROGESTERONE ACETATE,DB00603,Medroxyprogesterone acetate,P03372,2099,ESR1,HGNC:3467,ESR1,estrogen receptor 1,targets,DrugBank,NCBI,validated,previous_mapping
CHEMBL717,MEDROXYPROGESTERONE ACETATE,DB00603,Medroxyprogesterone acetate,P06401,5241,PGR,HGNC:8910,PGR,progesterone receptor,targets,DrugBank,NCBI,validated,previous_mapping
CHEMBL717,MEDROXYPROGESTERONE ACETATE,DB00603,Medroxyprogesterone acetate,P08183,5243,ABCB1,HGNC:40,ABCB1,ATP binding cassette subfamily B member 1,targets,DrugBank,NCBI,validated,previous_mapping
CHEMBL717,MEDROXYPROGESTERONE ACETATE,DB00603,Medroxyprogesterone acetate,P08684,1576,CYP3A4,HGNC:2637,CYP3A4,cytochrome P450 family 3 subfamily A member 4,targets,DrugBank,NCBI,validated,previous_mapping
CHEMBL717,MEDROXYPROGESTERONE ACETATE,DB00603,Medroxyprogesterone acetate,P10632,1558,CYP2C8,HGNC:2622,CYP2C8,cytochrome P450 family 2 subfamily C member 8,targets,DrugBank,NCBI,validated,previous_mapping
CHEMBL717,MEDROXYPROGESTERONE ACETATE,DB00603,Medroxyprogesterone acetate,P11712,1559,CYP2C9,HGNC:2623,CYP2C9,cytochrome P450 family 2 subfamily C member 9,targets,DrugBank,NCBI,validated,previous_mapping
CHEMBL717,MEDROXYPROGESTERONE ACETATE,DB00603,Medroxyprogesterone acetate,P14867,2554,GABRA1,HGNC:4075,GABRA1,gamma-aminobutyric acid type A receptor subunit alpha1,targets,DrugBank,NCBI,validated,previous_mapping
CHEMBL717,MEDROXYPROGESTERONE ACETATE,DB00603,Medroxyprogesterone acetate,P18505,2560,GABRB1,HGNC:4081,GABRB1,gamma-aminobutyric acid type A receptor subunit beta1,targets,DrugBank,NCBI,validated,previous_mapping
CHEMBL717,MEDROXYPROGESTERONE ACETATE,DB00603,Medroxyprogesterone acetate,P18507,2566,GABRG2,HGNC:4087,GABRG2,gamma-aminobutyric acid type A receptor subunit gamma2,targets,DrugBank,NCBI,validated,previous_mapping
CHEMBL717,MEDROXYPROGESTERONE ACETATE,DB00603,Medroxyprogesterone acetate,P26439,3284,HSD3B2,HGNC:5218,HSD3B2,"hydroxy-delta-5-steroid dehydrogenase, 3 beta- and steroid delta-isomerase 2",targets,DrugBank,NCBI,validated,previous_mapping
CHEMBL717,MEDROXYPROGESTERONE ACETATE,DB00603,Medroxyprogesterone acetate,P28472,2562,GABRB3,HGNC:4083,GABRB3,gamma-aminobutyric acid type A receptor subunit beta3,targets,DrugBank,NCBI,validated,previous_mapping
CHEMBL717,MEDROXYPROGESTERONE ACETATE,DB00603,Medroxyprogesterone acetate,P31644,2558,GABRA5,HGNC:4079,GABRA5,gamma-aminobutyric acid type A receptor subunit alpha5,targets,DrugBank,NCBI,validated,previous_mapping
CHEMBL717,MEDROXYPROGESTERONE ACETATE,DB00603,Medroxyprogesterone acetate,P34903,2556,GABRA3,HGNC:4077,GABRA3,gamma-aminobutyric acid type A receptor subunit alpha3,targets,DrugBank,NCBI,validated,previous_mapping
CHEMBL717,MEDROXYPROGESTERONE ACETATE,DB00603,Medroxyprogesterone acetate,P47869,2555,GABRA2,HGNC:4076,GABRA2,gamma-aminobutyric acid type A receptor subunit alpha2,targets,DrugBank,NCBI,validated,previous_mapping
CHEMBL717,MEDROXYPROGESTERONE ACETATE,DB00603,Medroxyprogesterone acetate,P47870,2561,GABRB2,HGNC:4082,GABRB2,gamma-aminobutyric acid type A receptor subunit beta2,targets,DrugBank,NCBI,validated,previous_mapping
CHEMBL717,MEDROXYPROGESTERONE ACETATE,DB00603,Medroxyprogesterone acetate,P48169,2557,GABRA4,HGNC:4078,GABRA4,gamma-aminobutyric acid type A receptor subunit alpha4,targets,DrugBank,NCBI,validated,previous_mapping
CHEMBL717,MEDROXYPROGESTERONE ACETATE,DB00603,Medroxyprogesterone acetate,P78334,2564,GABRE,HGNC:4085,GABRE,gamma-aminobutyric acid type A receptor subunit epsilon,targets,DrugBank,NCBI,validated,previous_mapping
CHEMBL717,MEDROXYPROGESTERONE ACETATE,DB00603,Medroxyprogesterone acetate,Q16445,2559,GABRA6,HGNC:4080,GABRA6,gamma-aminobutyric acid type A receptor subunit alpha6,targets,DrugBank,NCBI,validated,previous_mapping
CHEMBL717,MEDROXYPROGESTERONE ACETATE,DB00603,Medroxyprogesterone acetate,Q8N1C3,2565,GABRG1,HGNC:4086,GABRG1,gamma-aminobutyric acid type A receptor subunit gamma1,targets,DrugBank,NCBI,validated,previous_mapping
CHEMBL717,MEDROXYPROGESTERONE ACETATE,DB00603,Medroxyprogesterone acetate,Q99928,2567,GABRG3,HGNC:4088,GABRG3,gamma-aminobutyric acid type A receptor subunit gamma3,targets,DrugBank,NCBI,validated,previous_mapping
CHEMBL717,MEDROXYPROGESTERONE ACETATE,DB00603,Medroxyprogesterone acetate,Q9UN88,55879,GABRQ,HGNC:14454,GABRQ,gamma-aminobutyric acid type A receptor subunit theta,targets,DrugBank,NCBI,validated,previous_mapping
CHEMBL71752,Vinpocetine,DB12131,Vinpocetine,P08684,1576,CYP3A4,HGNC:2637,CYP3A4,cytochrome P450 family 3 subfamily A member 4,targets,DrugBank,NCBI,validated,verified_cross_reference
CHEMBL72,DESIPRAMINE,DB01151,Desipramine,O15244,6582,SLC22A2,HGNC:10966,SLC22A2,solute carrier family 22 member 2,targets,DrugBank,NCBI,validated,previous_mapping
CHEMBL72,DESIPRAMINE,DB01151,Desipramine,O15245,6580,SLC22A1,HGNC:10963,SLC22A1,solute carrier family 22 member 1,targets,DrugBank,NCBI,validated,previous_mapping
CHEMBL72,DESIPRAMINE,DB01151,Desipramine,O75751,6581,SLC22A3,HGNC:10967,SLC22A3,solute carrier family 22 member 3,targets,DrugBank,NCBI,validated,previous_mapping
CHEMBL72,DESIPRAMINE,DB01151,Desipramine,O76082,6584,SLC22A5,HGNC:10969,SLC22A5,solute carrier family 22 member 5,targets,DrugBank,NCBI,validated,previous_mapping
CHEMBL72,DESIPRAMINE,DB01151,Desipramine,P02763,5004,ORM1,HGNC:8498,ORM1,orosomucoid 1,targets,DrugBank,NCBI,validated,previous_mapping
CHEMBL72,DESIPRAMINE,DB01151,Desipramine,P05177,1544,CYP1A2,HGNC:2596,CYP1A2,cytochrome P450 family 1 subfamily A member 2,targets,DrugBank,NCBI,validated,previous_mapping
CHEMBL72,DESIPRAMINE,DB01151,Desipramine,P05181,1571,CYP2E1,HGNC:2631,CYP2E1,cytochrome P450 family 2 subfamily E member 1,targets,DrugBank,NCBI,validated,previous_mapping
CHEMBL72,DESIPRAMINE,DB01151,Desipramine,P07550,154,ADRB2,HGNC:286,ADRB2,adrenoceptor beta 2,targets,DrugBank,NCBI,validated,previous_mapping
CHEMBL72,DESIPRAMINE,DB01151,Desipramine,P08172,1129,CHRM2,HGNC:1951,CHRM2,cholinergic receptor muscarinic 2,targets,DrugBank,NCBI,validated,previous_mapping
CHEMBL72,DESIPRAMINE,DB01151,Desipramine,P08173,1132,CHRM4,HGNC:1953,CHRM4,cholinergic receptor muscarinic 4,targets,DrugBank,NCBI,validated,previous_mapping
CHEMBL72,DESIPRAMINE,DB01151,Desipramine,P08183,5243,ABCB1,HGNC:40,ABCB1,ATP binding cassette subfamily B member 1,targets,DrugBank,NCBI,validated,previous_mapping
CHEMBL72,DESIPRAMINE,DB01151,Desipramine,P08588,153,ADRB1,HGNC:285,ADRB1,adrenoceptor beta 1,targets,DrugBank,NCBI,validated,previous_mapping
CHEMBL72,DESIPRAMINE,DB01151,Desipramine,P08684,1576,CYP3A4,HGNC:2637,CYP3A4,cytochrome P450 family 3 subfamily A member 4,targets,DrugBank,NCBI,validated,previous_mapping
CHEMBL72,DESIPRAMINE,DB01151,Desipramine,P08908,3350,HTR1A,HGNC:5286,HTR1A,5-hydroxytryptamine receptor 1A,targets,DrugBank,NCBI,validated,previous_mapping
CHEMBL72,DESIPRAMINE,DB01151,Desipramine,P08912,1133,CHRM5,HGNC:1954,CHRM5,cholinergic receptor muscarinic 5,targets,DrugBank,NCBI,validated,previous_mapping
CHEMBL72,DESIPRAMINE,DB01151,Desipramine,P08913,150,ADRA2A,HGNC:281,ADRA2A,adrenoceptor alpha 2A,targets,DrugBank,NCBI,validated,previous_mapping
CHEMBL72,DESIPRAMINE,DB01151,Desipramine,P10635,1565,CYP2D6,HGNC:2625,CYP2D6,cytochrome P450 family 2 subfamily D member 6 (gene/pseudogene),targets,DrugBank,NCBI,validated,previous_mapping
CHEMBL72,DESIPRAMINE,DB01151,Desipramine,P11229,1128,CHRM1,HGNC:1950,CHRM1,cholinergic receptor muscarinic 1,targets,DrugBank,NCBI,validated,previous_mapping
CHEMBL72,DESIPRAMINE,DB01151,Desipramine,P14416,1813,DRD2,HGNC:3023,DRD2,dopamine receptor D2,targets,DrugBank,NCBI,validated,previous_mapping
CHEMBL72,DESIPRAMINE,DB01151,Desipramine,P17405,6609,SMPD1,HGNC:11120,SMPD1,sphingomyelin phosphodiesterase 1,targets,DrugBank,NCBI,validated,previous_mapping
CHEMBL72,DESIPRAMINE,DB01151,Desipramine,P18089,151,ADRA2B,HGNC:282,ADRA2B,adrenoceptor alpha 2B,targets,DrugBank,NCBI,validated,previous_mapping
CHEMBL72,DESIPRAMINE,DB01151,Desipramine,P18825,152,ADRA2C,HGNC:283,ADRA2C,adrenoceptor alpha 2C,targets,DrugBank,NCBI,validated,previous_mapping
CHEMBL72,DESIPRAMINE,DB01151,Desipramine,P20309,1131,CHRM3,HGNC:1952,CHRM3,cholinergic receptor muscarinic 3,targets,DrugBank,NCBI,validated,previous_mapping
CHEMBL72,DESIPRAMINE,DB01151,Desipramine,P20813,1555,CYP2B6,HGNC:2615,CYP2B6,cytochrome P450 family 2 subfamily B member 6,targets,DrugBank,NCBI,validated,previous_mapping
CHEMBL72,DESIPRAMINE,DB01151,Desipramine,P23975,6530,SLC6A2,HGNC:11048,SLC6A2,solute carrier family 6 member 2,targets,DrugBank,NCBI,validated,previous_mapping
CHEMBL72,DESIPRAMINE,DB01151,Desipramine,P25100,146,ADRA1D,HGNC:280,ADRA1D,adrenoceptor alpha 1D,targets,DrugBank,NCBI,validated,previous_mapping
CHEMBL72,DESIPRAMINE,DB01151,Desipramine,P28223,3356,HTR2A,HGNC:5293,HTR2A,5-hydroxytryptamine receptor 2A,targets,DrugBank,NCBI,validated,previous_mapping
CHEMBL72,DESIPRAMINE,DB01151,Desipramine,P28335,3358,HTR2C,HGNC:5295,HTR2C,5-hydroxytryptamine receptor 2C,targets,DrugBank,NCBI,validated,previous_mapping
CHEMBL72,DESIPRAMINE,DB01151,Desipramine,P31645,6532,SLC6A4,HGNC:11050,SLC6A4,solute carrier family 6 member 4,targets,DrugBank,NCBI,validated,previous_mapping
CHEMBL72,DESIPRAMINE,DB01151,Desipramine,P35348,148,ADRA1A,HGNC:277,ADRA1A,adrenoceptor alpha 1A,targets,DrugBank,NCBI,validated,previous_mapping
CHEMBL72,DESIPRAMINE,DB01151,Desipramine,P35367,3269,HRH1,HGNC:5182,HRH1,histamine receptor H1,targets,DrugBank,NCBI,validated,previous_mapping
CHEMBL72,DESIPRAMINE,DB01151,Desipramine,P35368,147,ADRA1B,HGNC:278,ADRA1B,adrenoceptor alpha 1B,targets,DrugBank,NCBI,validated,previous_mapping
CHEMBL72,DESIPRAMINE,DB01151,Desipramine,Q9H015,6583,SLC22A4,HGNC:10968,SLC22A4,solute carrier family 22 member 4,targets,DrugBank,NCBI,validated,previous_mapping
CHEMBL726,FLUPHENAZINE,DB00623,Fluphenazine,P05181,1571,CYP2E1,HGNC:2631,CYP2E1,cytochrome P450 family 2 subfamily E member 1,targets,DrugBank,NCBI,validated,previous_mapping
CHEMBL726,FLUPHENAZINE,DB00623,Fluphenazine,P08183,5243,ABCB1,HGNC:40,ABCB1,ATP binding cassette subfamily B member 1,targets,DrugBank,NCBI,validated,previous_mapping
CHEMBL726,FLUPHENAZINE,DB00623,Fluphenazine,P0DP23,801,CALM1,HGNC:1442,CALM1,calmodulin 1,targets,DrugBank,NCBI,validated,previous_mapping
CHEMBL726,FLUPHENAZINE,DB00623,Fluphenazine,P10275,367,AR,HGNC:644,AR,androgen receptor,targets,DrugBank,NCBI,validated,previous_mapping
CHEMBL726,FLUPHENAZINE,DB00623,Fluphenazine,P10635,1565,CYP2D6,HGNC:2625,CYP2D6,cytochrome P450 family 2 subfamily D member 6 (gene/pseudogene),targets,DrugBank,NCBI,validated,previous_mapping
CHEMBL726,FLUPHENAZINE,DB00623,Fluphenazine,P14416,1813,DRD2,HGNC:3023,DRD2,dopamine receptor D2,targets,DrugBank,NCBI,validated,previous_mapping
CHEMBL726,FLUPHENAZINE,DB00623,Fluphenazine,P21728,1812,DRD1,HGNC:3020,DRD1,dopamine receptor D1,targets,DrugBank,NCBI,validated,previous_mapping
CHEMBL726,FLUPHENAZINE,DB00623,Fluphenazine,P28223,3356,HTR2A,HGNC:5293,HTR2A,5-hydroxytryptamine receptor 2A,targets,DrugBank,NCBI,validated,previous_mapping
CHEMBL726,FLUPHENAZINE,DB00623,Fluphenazine,P28335,3358,HTR2C,HGNC:5295,HTR2C,5-hydroxytryptamine receptor 2C,targets,DrugBank,NCBI,validated,previous_mapping
CHEMBL728,PROCHLORPERAZINE,DB00433,Prochlorperazine,P08913,150,ADRA2A,HGNC:281,ADRA2A,adrenoceptor alpha 2A,targets,DrugBank,NCBI,validated,previous_mapping
CHEMBL728,PROCHLORPERAZINE,DB00433,Prochlorperazine,P10635,1565,CYP2D6,HGNC:2625,CYP2D6,cytochrome P450 family 2 subfamily D member 6 (gene/pseudogene),targets,DrugBank,NCBI,validated,previous_mapping
CHEMBL728,PROCHLORPERAZINE,DB00433,Prochlorperazine,P14416,1813,DRD2,HGNC:3023,DRD2,dopamine receptor D2,targets,DrugBank,NCBI,validated,previous_mapping
CHEMBL728,PROCHLORPERAZINE,DB00433,Prochlorperazine,P18089,151,ADRA2B,HGNC:282,ADRA2B,adrenoceptor alpha 2B,targets,DrugBank,NCBI,validated,previous_mapping
CHEMBL728,PROCHLORPERAZINE,DB00433,Prochlorperazine,P18825,152,ADRA2C,HGNC:283,ADRA2C,adrenoceptor alpha 2C,targets,DrugBank,NCBI,validated,previous_mapping
CHEMBL728,PROCHLORPERAZINE,DB00433,Prochlorperazine,P25100,146,ADRA1D,HGNC:280,ADRA1D,adrenoceptor alpha 1D,targets,DrugBank,NCBI,validated,previous_mapping
CHEMBL728,PROCHLORPERAZINE,DB00433,Prochlorperazine,P35348,148,ADRA1A,HGNC:277,ADRA1A,adrenoceptor alpha 1A,targets,DrugBank,NCBI,validated,previous_mapping
CHEMBL728,PROCHLORPERAZINE,DB00433,Prochlorperazine,P35367,3269,HRH1,HGNC:5182,HRH1,histamine receptor H1,targets,DrugBank,NCBI,validated,previous_mapping
CHEMBL728,PROCHLORPERAZINE,DB00433,Prochlorperazine,P35368,147,ADRA1B,HGNC:278,ADRA1B,adrenoceptor alpha 1B,targets,DrugBank,NCBI,validated,previous_mapping
CHEMBL741,LAMOTRIGINE,DB00555,Lamotrigine,O00591,2568,GABRP,HGNC:4089,GABRP,gamma-aminobutyric acid type A receptor subunit pi,targets,DrugBank,NCBI,validated,previous_mapping
CHEMBL741,LAMOTRIGINE,DB00555,Lamotrigine,O14764,2563,GABRD,HGNC:4084,GABRD,gamma-aminobutyric acid type A receptor subunit delta,targets,DrugBank,NCBI,validated,previous_mapping
CHEMBL741,LAMOTRIGINE,DB00555,Lamotrigine,O15244,6582,SLC22A2,HGNC:10966,SLC22A2,solute carrier family 22 member 2,targets,DrugBank,NCBI,validated,previous_mapping
CHEMBL741,LAMOTRIGINE,DB00555,Lamotrigine,O15245,6580,SLC22A1,HGNC:10963,SLC22A1,solute carrier family 22 member 1,targets,DrugBank,NCBI,validated,previous_mapping
CHEMBL741,LAMOTRIGINE,DB00555,Lamotrigine,O60656,54600,UGT1A9,HGNC:12541,UGT1A9,UDP glucuronosyltransferase family 1 member A9,targets,DrugBank,NCBI,validated,previous_mapping
CHEMBL741,LAMOTRIGINE,DB00555,Lamotrigine,P00374,1719,DHFR,HGNC:2861,DHFR,dihydrofolate reductase,targets,DrugBank,NCBI,validated,previous_mapping
CHEMBL741,LAMOTRIGINE,DB00555,Lamotrigine,P02708,1134,CHRNA1,HGNC:1955,CHRNA1,cholinergic receptor nicotinic alpha 1 subunit,targets,DrugBank,NCBI,validated,previous_mapping
CHEMBL741,LAMOTRIGINE,DB00555,Lamotrigine,P02768,213,ALB,HGNC:399,ALB,albumin,targets,DrugBank,NCBI,validated,previous_mapping
CHEMBL741,LAMOTRIGINE,DB00555,Lamotrigine,P06133,7363,UGT2B4,HGNC:12553,UGT2B4,UDP glucuronosyltransferase family 2 member B4,targets,DrugBank,NCBI,validated,previous_mapping
CHEMBL741,LAMOTRIGINE,DB00555,Lamotrigine,P08183,5243,ABCB1,HGNC:40,ABCB1,ATP binding cassette subfamily B member 1,targets,DrugBank,NCBI,validated,previous_mapping
CHEMBL741,LAMOTRIGINE,DB00555,Lamotrigine,P08588,153,ADRB1,HGNC:285,ADRB1,adrenoceptor beta 1,targets,DrugBank,NCBI,validated,previous_mapping
CHEMBL741,LAMOTRIGINE,DB00555,Lamotrigine,P08913,150,ADRA2A,HGNC:281,ADRA2A,adrenoceptor alpha 2A,targets,DrugBank,NCBI,validated,previous_mapping
CHEMBL741,LAMOTRIGINE,DB00555,Lamotrigine,P14416,1813,DRD2,HGNC:3023,DRD2,dopamine receptor D2,targets,DrugBank,NCBI,validated,previous_mapping
CHEMBL741,LAMOTRIGINE,DB00555,Lamotrigine,P14867,2554,GABRA1,HGNC:4075,GABRA1,gamma-aminobutyric acid type A receptor subunit alpha1,targets,DrugBank,NCBI,validated,previous_mapping
CHEMBL741,LAMOTRIGINE,DB00555,Lamotrigine,P16662,7364,UGT2B7,HGNC:12554,UGT2B7,UDP glucuronosyltransferase family 2 member B7,targets,DrugBank,NCBI,validated,previous_mapping
CHEMBL741,LAMOTRIGINE,DB00555,Lamotrigine,P18505,2560,GABRB1,HGNC:4081,GABRB1,gamma-aminobutyric acid type A receptor subunit beta1,targets,DrugBank,NCBI,validated,previous_mapping
CHEMBL741,LAMOTRIGINE,DB00555,Lamotrigine,P18507,2566,GABRG2,HGNC:4087,GABRG2,gamma-aminobutyric acid type A receptor subunit gamma2,targets,DrugBank,NCBI,validated,previous_mapping
CHEMBL741,LAMOTRIGINE,DB00555,Lamotrigine,P19224,54578,UGT1A6,HGNC:12538,UGT1A6,UDP glucuronosyltransferase family 1 member A6,targets,DrugBank,NCBI,validated,previous_mapping
CHEMBL741,LAMOTRIGINE,DB00555,Lamotrigine,P21728,1812,DRD1,HGNC:3020,DRD1,dopamine receptor D1,targets,DrugBank,NCBI,validated,previous_mapping
CHEMBL741,LAMOTRIGINE,DB00555,Lamotrigine,P21918,1816,DRD5,HGNC:3026,DRD5,dopamine receptor D5,targets,DrugBank,NCBI,validated,previous_mapping
CHEMBL741,LAMOTRIGINE,DB00555,Lamotrigine,P22309,54658,UGT1A1,HGNC:12530,UGT1A1,UDP glucuronosyltransferase family 1 member A1,targets,DrugBank,NCBI,validated,previous_mapping
CHEMBL741,LAMOTRIGINE,DB00555,Lamotrigine,P22310,54657,UGT1A4,HGNC:12536,UGT1A4,UDP glucuronosyltransferase family 1 member A4,targets,DrugBank,NCBI,validated,previous_mapping
CHEMBL741,LAMOTRIGINE,DB00555,Lamotrigine,P28223,3356,HTR2A,HGNC:5293,HTR2A,5-hydroxytryptamine receptor 2A,targets,DrugBank,NCBI,validated,previous_mapping
CHEMBL741,LAMOTRIGINE,DB00555,Lamotrigine,P28472,2562,GABRB3,HGNC:4083,GABRB3,gamma-aminobutyric acid type A receptor subunit beta3,targets,DrugBank,NCBI,validated,previous_mapping
CHEMBL741,LAMOTRIGINE,DB00555,Lamotrigine,P29274,135,ADORA2A,HGNC:263,ADORA2A,adenosine A2a receptor,targets,DrugBank,NCBI,validated,previous_mapping
CHEMBL741,LAMOTRIGINE,DB00555,Lamotrigine,P30542,134,ADORA1,HGNC:262,ADORA1,adenosine A1 receptor,targets,DrugBank,NCBI,validated,previous_mapping
CHEMBL741,LAMOTRIGINE,DB00555,Lamotrigine,P31644,2558,GABRA5,HGNC:4079,GABRA5,gamma-aminobutyric acid type A receptor subunit alpha5,targets,DrugBank,NCBI,validated,previous_mapping
CHEMBL741,LAMOTRIGINE,DB00555,Lamotrigine,P34903,2556,GABRA3,HGNC:4077,GABRA3,gamma-aminobutyric acid type A receptor subunit alpha3,targets,DrugBank,NCBI,validated,previous_mapping
CHEMBL741,LAMOTRIGINE,DB00555,Lamotrigine,P35348,148,ADRA1A,HGNC:277,ADRA1A,adrenoceptor alpha 1A,targets,DrugBank,NCBI,validated,previous_mapping
CHEMBL741,LAMOTRIGINE,DB00555,Lamotrigine,P35367,3269,HRH1,HGNC:5182,HRH1,histamine receptor H1,targets,DrugBank,NCBI,validated,previous_mapping
CHEMBL741,LAMOTRIGINE,DB00555,Lamotrigine,P35498,6323,SCN1A,HGNC:10585,SCN1A,sodium voltage-gated channel alpha subunit 1,targets,DrugBank,NCBI,validated,previous_mapping
CHEMBL741,LAMOTRIGINE,DB00555,Lamotrigine,P35499,6329,SCN4A,HGNC:10591,SCN4A,sodium voltage-gated channel alpha subunit 4,targets,DrugBank,NCBI,validated,previous_mapping
CHEMBL741,LAMOTRIGINE,DB00555,Lamotrigine,P35503,54659,UGT1A3,HGNC:12535,UGT1A3,UDP glucuronosyltransferase family 1 member A3,targets,DrugBank,NCBI,validated,previous_mapping
CHEMBL741,LAMOTRIGINE,DB00555,Lamotrigine,P41145,4986,OPRK1,HGNC:8154,OPRK1,opioid receptor kappa 1,targets,DrugBank,NCBI,validated,previous_mapping
CHEMBL741,LAMOTRIGINE,DB00555,Lamotrigine,P42261,2890,GRIA1,HGNC:4571,GRIA1,glutamate ionotropic receptor AMPA type subunit 1,targets,DrugBank,NCBI,validated,previous_mapping
CHEMBL741,LAMOTRIGINE,DB00555,Lamotrigine,P46098,3359,HTR3A,HGNC:5297,HTR3A,5-hydroxytryptamine receptor 3A,targets,DrugBank,NCBI,validated,previous_mapping
CHEMBL741,LAMOTRIGINE,DB00555,Lamotrigine,P47869,2555,GABRA2,HGNC:4076,GABRA2,gamma-aminobutyric acid type A receptor subunit alpha2,targets,DrugBank,NCBI,validated,previous_mapping
CHEMBL741,LAMOTRIGINE,DB00555,Lamotrigine,P47870,2561,GABRB2,HGNC:4082,GABRB2,gamma-aminobutyric acid type A receptor subunit beta2,targets,DrugBank,NCBI,validated,previous_mapping
CHEMBL741,LAMOTRIGINE,DB00555,Lamotrigine,P48169,2557,GABRA4,HGNC:4078,GABRA4,gamma-aminobutyric acid type A receptor subunit alpha4,targets,DrugBank,NCBI,validated,previous_mapping
CHEMBL741,LAMOTRIGINE,DB00555,Lamotrigine,P54855,7366,UGT2B15,HGNC:12546,UGT2B15,UDP glucuronosyltransferase family 2 member B15,targets,DrugBank,NCBI,validated,previous_mapping
CHEMBL741,LAMOTRIGINE,DB00555,Lamotrigine,P78334,2564,GABRE,HGNC:4085,GABRE,gamma-aminobutyric acid type A receptor subunit epsilon,targets,DrugBank,NCBI,validated,previous_mapping
CHEMBL741,LAMOTRIGINE,DB00555,Lamotrigine,Q01118,6332,SCN7A,HGNC:10594,SCN7A,sodium voltage-gated channel alpha subunit 7,targets,DrugBank,NCBI,validated,previous_mapping
CHEMBL741,LAMOTRIGINE,DB00555,Lamotrigine,Q14524,6331,SCN5A,HGNC:10593,SCN5A,sodium voltage-gated channel alpha subunit 5,targets,DrugBank,NCBI,validated,previous_mapping
CHEMBL741,LAMOTRIGINE,DB00555,Lamotrigine,Q15858,6335,SCN9A,HGNC:10597,SCN9A,sodium voltage-gated channel alpha subunit 9,targets,DrugBank,NCBI,validated,previous_mapping
CHEMBL741,LAMOTRIGINE,DB00555,Lamotrigine,Q15878,777,CACNA1E,HGNC:1392,CACNA1E,calcium voltage-gated channel subunit alpha1 E,targets,DrugBank,NCBI,validated,previous_mapping
CHEMBL741,LAMOTRIGINE,DB00555,Lamotrigine,Q16445,2559,GABRA6,HGNC:4080,GABRA6,gamma-aminobutyric acid type A receptor subunit alpha6,targets,DrugBank,NCBI,validated,previous_mapping
CHEMBL741,LAMOTRIGINE,DB00555,Lamotrigine,Q8N1C3,2565,GABRG1,HGNC:4086,GABRG1,gamma-aminobutyric acid type A receptor subunit gamma1,targets,DrugBank,NCBI,validated,previous_mapping
CHEMBL741,LAMOTRIGINE,DB00555,Lamotrigine,Q99250,6326,SCN2A,HGNC:10588,SCN2A,sodium voltage-gated channel alpha subunit 2,targets,DrugBank,NCBI,validated,previous_mapping
CHEMBL741,LAMOTRIGINE,DB00555,Lamotrigine,Q99928,2567,GABRG3,HGNC:4088,GABRG3,gamma-aminobutyric acid type A receptor subunit gamma3,targets,DrugBank,NCBI,validated,previous_mapping
CHEMBL741,LAMOTRIGINE,DB00555,Lamotrigine,Q9HAW7,54577,UGT1A7,HGNC:12539,UGT1A7,UDP glucuronosyltransferase family 1 member A7,targets,DrugBank,NCBI,validated,previous_mapping
CHEMBL741,LAMOTRIGINE,DB00555,Lamotrigine,Q9HAW8,54575,UGT1A10,HGNC:12531,UGT1A10,UDP glucuronosyltransferase family 1 member A10,targets,DrugBank,NCBI,validated,previous_mapping
CHEMBL741,LAMOTRIGINE,DB00555,Lamotrigine,Q9HAW9,54576,UGT1A8,HGNC:12540,UGT1A8,UDP glucuronosyltransferase family 1 member A8,targets,DrugBank,NCBI,validated,previous_mapping
CHEMBL741,LAMOTRIGINE,DB00555,Lamotrigine,Q9NY46,6328,SCN3A,HGNC:10590,SCN3A,sodium voltage-gated channel alpha subunit 3,targets,DrugBank,NCBI,validated,previous_mapping
CHEMBL741,LAMOTRIGINE,DB00555,Lamotrigine,Q9UI33,11280,SCN11A,HGNC:10583,SCN11A,sodium voltage-gated channel alpha subunit 11,targets,DrugBank,NCBI,validated,previous_mapping
CHEMBL741,LAMOTRIGINE,DB00555,Lamotrigine,Q9UN88,55879,GABRQ,HGNC:14454,GABRQ,gamma-aminobutyric acid type A receptor subunit theta,targets,DrugBank,NCBI,validated,previous_mapping
CHEMBL741,LAMOTRIGINE,DB00555,Lamotrigine,Q9UQD0,6334,SCN8A,HGNC:10596,SCN8A,sodium voltage-gated channel alpha subunit 8,targets,DrugBank,NCBI,validated,previous_mapping
CHEMBL741,LAMOTRIGINE,DB00555,Lamotrigine,Q9Y5Y9,6336,SCN10A,HGNC:10582,SCN10A,sodium voltage-gated channel alpha subunit 10,targets,DrugBank,NCBI,validated,previous_mapping
CHEMBL7413,METHOHEXITAL,DB00474,Methohexital,P14867,2554,GABRA1,HGNC:4075,GABRA1,gamma-aminobutyric acid type A receptor subunit alpha1,targets,DrugBank,NCBI,validated,previous_mapping
CHEMBL7413,METHOHEXITAL,DB00474,Methohexital,P33261,1557,CYP2C19,HGNC:2621,CYP2C19,cytochrome P450 family 2 subfamily C member 19,targets,DrugBank,NCBI,validated,previous_mapping
CHEMBL742,KETAMINE,DB01221,Ketamine,P06276,590,BCHE,HGNC:983,BCHE,butyrylcholinesterase,targets,DrugBank,NCBI,validated,previous_mapping
CHEMBL742,KETAMINE,DB01221,Ketamine,P08172,1129,CHRM2,HGNC:1951,CHRM2,cholinergic receptor muscarinic 2,targets,DrugBank,NCBI,validated,previous_mapping
CHEMBL742,KETAMINE,DB01221,Ketamine,P08173,1132,CHRM4,HGNC:1953,CHRM4,cholinergic receptor muscarinic 4,targets,DrugBank,NCBI,validated,previous_mapping
CHEMBL742,KETAMINE,DB01221,Ketamine,P08684,1576,CYP3A4,HGNC:2637,CYP3A4,cytochrome P450 family 3 subfamily A member 4,targets,DrugBank,NCBI,validated,previous_mapping
CHEMBL742,KETAMINE,DB01221,Ketamine,P08908,3350,HTR1A,HGNC:5286,HTR1A,5-hydroxytryptamine receptor 1A,targets,DrugBank,NCBI,validated,previous_mapping
CHEMBL742,KETAMINE,DB01221,Ketamine,P08912,1133,CHRM5,HGNC:1954,CHRM5,cholinergic receptor muscarinic 5,targets,DrugBank,NCBI,validated,previous_mapping
CHEMBL742,KETAMINE,DB01221,Ketamine,P10632,1558,CYP2C8,HGNC:2622,CYP2C8,cytochrome P450 family 2 subfamily C member 8,targets,DrugBank,NCBI,validated,previous_mapping
CHEMBL742,KETAMINE,DB01221,Ketamine,P11229,1128,CHRM1,HGNC:1950,CHRM1,cholinergic receptor muscarinic 1,targets,DrugBank,NCBI,validated,previous_mapping
CHEMBL742,KETAMINE,DB01221,Ketamine,P11712,1559,CYP2C9,HGNC:2623,CYP2C9,cytochrome P450 family 2 subfamily C member 9,targets,DrugBank,NCBI,validated,previous_mapping
CHEMBL742,KETAMINE,DB01221,Ketamine,P14416,1813,DRD2,HGNC:3023,DRD2,dopamine receptor D2,targets,DrugBank,NCBI,validated,previous_mapping
CHEMBL742,KETAMINE,DB01221,Ketamine,P20309,1131,CHRM3,HGNC:1952,CHRM3,cholinergic receptor muscarinic 3,targets,DrugBank,NCBI,validated,previous_mapping
CHEMBL742,KETAMINE,DB01221,Ketamine,P20813,1555,CYP2B6,HGNC:2615,CYP2B6,cytochrome P450 family 2 subfamily B member 6,targets,DrugBank,NCBI,validated,previous_mapping
CHEMBL742,KETAMINE,DB01221,Ketamine,P23219,5742,PTGS1,HGNC:9604,PTGS1,prostaglandin-endoperoxide synthase 1,targets,DrugBank,NCBI,validated,previous_mapping
CHEMBL742,KETAMINE,DB01221,Ketamine,P23975,6530,SLC6A2,HGNC:11048,SLC6A2,solute carrier family 6 member 2,targets,DrugBank,NCBI,validated,previous_mapping
CHEMBL742,KETAMINE,DB01221,Ketamine,P25103,6869,TACR1,HGNC:11526,TACR1,tachykinin receptor 1,targets,DrugBank,NCBI,validated,previous_mapping
CHEMBL742,KETAMINE,DB01221,Ketamine,P28221,3352,HTR1D,HGNC:5289,HTR1D,5-hydroxytryptamine receptor 1D,targets,DrugBank,NCBI,validated,previous_mapping
CHEMBL742,KETAMINE,DB01221,Ketamine,P28222,3351,HTR1B,HGNC:5287,HTR1B,5-hydroxytryptamine receptor 1B,targets,DrugBank,NCBI,validated,previous_mapping
CHEMBL742,KETAMINE,DB01221,Ketamine,P28223,3356,HTR2A,HGNC:5293,HTR2A,5-hydroxytryptamine receptor 2A,targets,DrugBank,NCBI,validated,previous_mapping
CHEMBL742,KETAMINE,DB01221,Ketamine,P28335,3358,HTR2C,HGNC:5295,HTR2C,5-hydroxytryptamine receptor 2C,targets,DrugBank,NCBI,validated,previous_mapping
CHEMBL742,KETAMINE,DB01221,Ketamine,P28566,3354,HTR1E,HGNC:5291,HTR1E,5-hydroxytryptamine receptor 1E,targets,DrugBank,NCBI,validated,previous_mapping
CHEMBL742,KETAMINE,DB01221,Ketamine,P29475,4842,NOS1,HGNC:7872,NOS1,nitric oxide synthase 1,targets,DrugBank,NCBI,validated,previous_mapping
CHEMBL742,KETAMINE,DB01221,Ketamine,P30939,3355,HTR1F,HGNC:5292,HTR1F,5-hydroxytryptamine receptor 1F,targets,DrugBank,NCBI,validated,previous_mapping
CHEMBL742,KETAMINE,DB01221,Ketamine,P35372,4988,OPRM1,HGNC:8156,OPRM1,opioid receptor mu 1,targets,DrugBank,NCBI,validated,previous_mapping
CHEMBL742,KETAMINE,DB01221,Ketamine,P41143,4985,OPRD1,HGNC:8153,OPRD1,opioid receptor delta 1,targets,DrugBank,NCBI,validated,previous_mapping
CHEMBL742,KETAMINE,DB01221,Ketamine,P41145,4986,OPRK1,HGNC:8154,OPRK1,opioid receptor kappa 1,targets,DrugBank,NCBI,validated,previous_mapping
CHEMBL742,KETAMINE,DB01221,Ketamine,P41595,3357,HTR2B,HGNC:5294,HTR2B,5-hydroxytryptamine receptor 2B,targets,DrugBank,NCBI,validated,previous_mapping
CHEMBL742,KETAMINE,DB01221,Ketamine,P46098,3359,HTR3A,HGNC:5297,HTR3A,5-hydroxytryptamine receptor 3A,targets,DrugBank,NCBI,validated,previous_mapping
CHEMBL742,KETAMINE,DB01221,Ketamine,Q8TCU5,116443,GRIN3A,HGNC:16767,GRIN3A,glutamate ionotropic receptor NMDA type subunit 3A,targets,DrugBank,NCBI,validated,previous_mapping
CHEMBL750,ZONISAMIDE,DB00909,Zonisamide,O43497,8913,CACNA1G,HGNC:1394,CACNA1G,calcium voltage-gated channel subunit alpha1 G,targets,DrugBank,NCBI,validated,previous_mapping
CHEMBL750,ZONISAMIDE,DB00909,Zonisamide,O43570,771,CA12,HGNC:1371,CA12,carbonic anhydrase 12,targets,DrugBank,NCBI,validated,previous_mapping
CHEMBL750,ZONISAMIDE,DB00909,Zonisamide,O60939,6327,SCN2B,HGNC:10589,SCN2B,sodium voltage-gated channel beta subunit 2,targets,DrugBank,NCBI,validated,previous_mapping
CHEMBL750,ZONISAMIDE,DB00909,Zonisamide,O75493,770,CA11,HGNC:1370,CA11,carbonic anhydrase 11 (inactive),targets,DrugBank,NCBI,validated,previous_mapping
CHEMBL750,ZONISAMIDE,DB00909,Zonisamide,O95180,8912,CACNA1H,HGNC:1395,CACNA1H,calcium voltage-gated channel subunit alpha1 H,targets,DrugBank,NCBI,validated,previous_mapping
CHEMBL750,ZONISAMIDE,DB00909,Zonisamide,P00915,759,CA1,HGNC:1368,CA1,carbonic anhydrase 1,targets,DrugBank,NCBI,validated,previous_mapping
CHEMBL750,ZONISAMIDE,DB00909,Zonisamide,P00918,760,CA2,HGNC:1373,CA2,carbonic anhydrase 2,targets,DrugBank,NCBI,validated,previous_mapping
CHEMBL750,ZONISAMIDE,DB00909,Zonisamide,P07451,761,CA3,HGNC:1374,CA3,carbonic anhydrase 3,targets,DrugBank,NCBI,validated,previous_mapping
CHEMBL750,ZONISAMIDE,DB00909,Zonisamide,P08183,5243,ABCB1,HGNC:40,ABCB1,ATP binding cassette subfamily B member 1,targets,DrugBank,NCBI,validated,previous_mapping
CHEMBL750,ZONISAMIDE,DB00909,Zonisamide,P08684,1576,CYP3A4,HGNC:2637,CYP3A4,cytochrome P450 family 3 subfamily A member 4,targets,DrugBank,NCBI,validated,previous_mapping
CHEMBL750,ZONISAMIDE,DB00909,Zonisamide,P20815,1577,CYP3A5,HGNC:2638,CYP3A5,cytochrome P450 family 3 subfamily A member 5,targets,DrugBank,NCBI,validated,previous_mapping
CHEMBL750,ZONISAMIDE,DB00909,Zonisamide,P21397,4128,MAOA,HGNC:6833,MAOA,monoamine oxidase A,targets,DrugBank,NCBI,validated,previous_mapping
CHEMBL750,ZONISAMIDE,DB00909,Zonisamide,P22309,54658,UGT1A1,HGNC:12530,UGT1A1,UDP glucuronosyltransferase family 1 member A1,targets,DrugBank,NCBI,validated,previous_mapping
CHEMBL750,ZONISAMIDE,DB00909,Zonisamide,P22748,762,CA4,HGNC:1375,CA4,carbonic anhydrase 4,targets,DrugBank,NCBI,validated,previous_mapping
CHEMBL750,ZONISAMIDE,DB00909,Zonisamide,P23280,765,CA6,HGNC:1380,CA6,carbonic anhydrase 6,targets,DrugBank,NCBI,validated,previous_mapping
CHEMBL750,ZONISAMIDE,DB00909,Zonisamide,P27338,4129,MAOB,HGNC:6834,MAOB,monoamine oxidase B,targets,DrugBank,NCBI,validated,previous_mapping
CHEMBL750,ZONISAMIDE,DB00909,Zonisamide,P33261,1557,CYP2C19,HGNC:2621,CYP2C19,cytochrome P450 family 2 subfamily C member 19,targets,DrugBank,NCBI,validated,previous_mapping
CHEMBL750,ZONISAMIDE,DB00909,Zonisamide,P35218,763,CA5A,HGNC:1377,CA5A,carbonic anhydrase 5A,targets,DrugBank,NCBI,validated,previous_mapping
CHEMBL750,ZONISAMIDE,DB00909,Zonisamide,P35219,767,CA8,HGNC:1382,CA8,carbonic anhydrase 8 (inactive),targets,DrugBank,NCBI,validated,previous_mapping
CHEMBL750,ZONISAMIDE,DB00909,Zonisamide,P35498,6323,SCN1A,HGNC:10585,SCN1A,sodium voltage-gated channel alpha subunit 1,targets,DrugBank,NCBI,validated,previous_mapping
CHEMBL750,ZONISAMIDE,DB00909,Zonisamide,P35499,6329,SCN4A,HGNC:10591,SCN4A,sodium voltage-gated channel alpha subunit 4,targets,DrugBank,NCBI,validated,previous_mapping
CHEMBL750,ZONISAMIDE,DB00909,Zonisamide,P43166,766,CA7,HGNC:1381,CA7,carbonic anhydrase 7,targets,DrugBank,NCBI,validated,previous_mapping
CHEMBL750,ZONISAMIDE,DB00909,Zonisamide,Q06278,316,AOX1,HGNC:553,AOX1,aldehyde oxidase 1,targets,DrugBank,NCBI,validated,previous_mapping
CHEMBL750,ZONISAMIDE,DB00909,Zonisamide,Q07699,6324,SCN1B,HGNC:10586,SCN1B,sodium voltage-gated channel beta subunit 1,targets,DrugBank,NCBI,validated,previous_mapping
CHEMBL750,ZONISAMIDE,DB00909,Zonisamide,Q14524,6331,SCN5A,HGNC:10593,SCN5A,sodium voltage-gated channel alpha subunit 5,targets,DrugBank,NCBI,validated,previous_mapping
CHEMBL750,ZONISAMIDE,DB00909,Zonisamide,Q15858,6335,SCN9A,HGNC:10597,SCN9A,sodium voltage-gated channel alpha subunit 9,targets,DrugBank,NCBI,validated,previous_mapping
CHEMBL750,ZONISAMIDE,DB00909,Zonisamide,Q16790,768,CA9,HGNC:1383,CA9,carbonic anhydrase 9,targets,DrugBank,NCBI,validated,previous_mapping
CHEMBL750,ZONISAMIDE,DB00909,Zonisamide,Q8IWT1,6330,SCN4B,HGNC:10592,SCN4B,sodium voltage-gated channel beta subunit 4,targets,DrugBank,NCBI,validated,previous_mapping
CHEMBL750,ZONISAMIDE,DB00909,Zonisamide,Q8N1Q1,377677,CA13,HGNC:14914,CA13,carbonic anhydrase 13,targets,DrugBank,NCBI,validated,previous_mapping
CHEMBL750,ZONISAMIDE,DB00909,Zonisamide,Q99250,6326,SCN2A,HGNC:10588,SCN2A,sodium voltage-gated channel alpha subunit 2,targets,DrugBank,NCBI,validated,previous_mapping
CHEMBL750,ZONISAMIDE,DB00909,Zonisamide,Q9NS85,56934,CA10,HGNC:1369,CA10,carbonic anhydrase 10 (inactive),targets,DrugBank,NCBI,validated,previous_mapping
CHEMBL750,ZONISAMIDE,DB00909,Zonisamide,Q9NY46,6328,SCN3A,HGNC:10590,SCN3A,sodium voltage-gated channel alpha subunit 3,targets,DrugBank,NCBI,validated,previous_mapping
CHEMBL750,ZONISAMIDE,DB00909,Zonisamide,Q9NY72,55800,SCN3B,HGNC:20665,SCN3B,sodium voltage-gated channel beta subunit 3,targets,DrugBank,NCBI,validated,previous_mapping
CHEMBL750,ZONISAMIDE,DB00909,Zonisamide,Q9P0X4,8911,CACNA1I,HGNC:1396,CACNA1I,calcium voltage-gated channel subunit alpha1 I,targets,DrugBank,NCBI,validated,previous_mapping
CHEMBL750,ZONISAMIDE,DB00909,Zonisamide,Q9UI33,11280,SCN11A,HGNC:10583,SCN11A,sodium voltage-gated channel alpha subunit 11,targets,DrugBank,NCBI,validated,previous_mapping
CHEMBL750,ZONISAMIDE,DB00909,Zonisamide,Q9ULX7,23632,CA14,HGNC:1372,CA14,carbonic anhydrase 14,targets,DrugBank,NCBI,validated,previous_mapping
CHEMBL750,ZONISAMIDE,DB00909,Zonisamide,Q9Y2D0,11238,CA5B,HGNC:1378,CA5B,carbonic anhydrase 5B,targets,DrugBank,NCBI,validated,previous_mapping
CHEMBL76,CHLOROQUINE,DB00608,Chloroquine,P01375,7124,TNF,HGNC:11892,TNF,tumor necrosis factor,targets,DrugBank,NCBI,validated,previous_mapping
CHEMBL76,CHLOROQUINE,DB00608,Chloroquine,P02763,5004,ORM1,HGNC:8498,ORM1,orosomucoid 1,targets,DrugBank,NCBI,validated,previous_mapping
CHEMBL76,CHLOROQUINE,DB00608,Chloroquine,P02768,213,ALB,HGNC:399,ALB,albumin,targets,DrugBank,NCBI,validated,previous_mapping
CHEMBL76,CHLOROQUINE,DB00608,Chloroquine,P04798,1543,CYP1A1,HGNC:2595,CYP1A1,cytochrome P450 family 1 subfamily A member 1,targets,DrugBank,NCBI,validated,previous_mapping
CHEMBL76,CHLOROQUINE,DB00608,Chloroquine,P08183,5243,ABCB1,HGNC:40,ABCB1,ATP binding cassette subfamily B member 1,targets,DrugBank,NCBI,validated,previous_mapping
CHEMBL76,CHLOROQUINE,DB00608,Chloroquine,P08684,1576,CYP3A4,HGNC:2637,CYP3A4,cytochrome P450 family 3 subfamily A member 4,targets,DrugBank,NCBI,validated,previous_mapping
CHEMBL76,CHLOROQUINE,DB00608,Chloroquine,P09210,2939,GSTA2,HGNC:4627,GSTA2,glutathione S-transferase alpha 2,targets,DrugBank,NCBI,validated,previous_mapping
CHEMBL76,CHLOROQUINE,DB00608,Chloroquine,P09429,3146,HMGB1,HGNC:4983,HMGB1,high mobility group box 1,targets,DrugBank,NCBI,validated,previous_mapping
CHEMBL76,CHLOROQUINE,DB00608,Chloroquine,P09488,2944,GSTM1,HGNC:4632,GSTM1,glutathione S-transferase mu 1,targets,DrugBank,NCBI,validated,previous_mapping
CHEMBL76,CHLOROQUINE,DB00608,Chloroquine,P10632,1558,CYP2C8,HGNC:2622,CYP2C8,cytochrome P450 family 2 subfamily C member 8,targets,DrugBank,NCBI,validated,previous_mapping
CHEMBL76,CHLOROQUINE,DB00608,Chloroquine,P10635,1565,CYP2D6,HGNC:2625,CYP2D6,cytochrome P450 family 2 subfamily D member 6 (gene/pseudogene),targets,DrugBank,NCBI,validated,previous_mapping
CHEMBL76,CHLOROQUINE,DB00608,Chloroquine,P19652,5005,ORM2,HGNC:8499,ORM2,orosomucoid 2,targets,DrugBank,NCBI,validated,previous_mapping
CHEMBL76,CHLOROQUINE,DB00608,Chloroquine,P20815,1577,CYP3A5,HGNC:2638,CYP3A5,cytochrome P450 family 3 subfamily A member 5,targets,DrugBank,NCBI,validated,previous_mapping
CHEMBL76,CHLOROQUINE,DB00608,Chloroquine,Q9BYF1,59272,ACE2,HGNC:13557,ACE2,angiotensin converting enzyme 2,targets,DrugBank,NCBI,validated,previous_mapping
CHEMBL76,CHLOROQUINE,DB00608,Chloroquine,Q9NR96,54106,TLR9,HGNC:15633,TLR9,toll like receptor 9,targets,DrugBank,NCBI,validated,previous_mapping
CHEMBL76370,TEGASEROD,DB01079,Tegaserod,P05177,1544,CYP1A2,HGNC:2596,CYP1A2,cytochrome P450 family 1 subfamily A member 2,targets,DrugBank,NCBI,validated,previous_mapping
CHEMBL76370,TEGASEROD,DB01079,Tegaserod,P05181,1571,CYP2E1,HGNC:2631,CYP2E1,cytochrome P450 family 2 subfamily E member 1,targets,DrugBank,NCBI,validated,previous_mapping
CHEMBL76370,TEGASEROD,DB01079,Tegaserod,P08183,5243,ABCB1,HGNC:40,ABCB1,ATP binding cassette subfamily B member 1,targets,DrugBank,NCBI,validated,previous_mapping
CHEMBL76370,TEGASEROD,DB01079,Tegaserod,P10632,1558,CYP2C8,HGNC:2622,CYP2C8,cytochrome P450 family 2 subfamily C member 8,targets,DrugBank,NCBI,validated,previous_mapping
CHEMBL76370,TEGASEROD,DB01079,Tegaserod,P10635,1565,CYP2D6,HGNC:2625,CYP2D6,cytochrome P450 family 2 subfamily D member 6 (gene/pseudogene),targets,DrugBank,NCBI,validated,previous_mapping
CHEMBL76370,TEGASEROD,DB01079,Tegaserod,P28223,3356,HTR2A,HGNC:5293,HTR2A,5-hydroxytryptamine receptor 2A,targets,DrugBank,NCBI,validated,previous_mapping
CHEMBL76370,TEGASEROD,DB01079,Tegaserod,P28335,3358,HTR2C,HGNC:5295,HTR2C,5-hydroxytryptamine receptor 2C,targets,DrugBank,NCBI,validated,previous_mapping
CHEMBL76370,TEGASEROD,DB01079,Tegaserod,P31645,6532,SLC6A4,HGNC:11050,SLC6A4,solute carrier family 6 member 4,targets,DrugBank,NCBI,validated,previous_mapping
CHEMBL76370,TEGASEROD,DB01079,Tegaserod,P41595,3357,HTR2B,HGNC:5294,HTR2B,5-hydroxytryptamine receptor 2B,targets,DrugBank,NCBI,validated,previous_mapping
CHEMBL76370,TEGASEROD,DB01079,Tegaserod,Q13639,3360,HTR4,HGNC:5299,HTR4,5-hydroxytryptamine receptor 4,targets,DrugBank,NCBI,validated,previous_mapping
CHEMBL76370,TEGASEROD,DB01079,Tegaserod,Q9UNQ0,9429,ABCG2,HGNC:74,ABCG2,ATP binding cassette subfamily G member 2 (JR blood group),targets,DrugBank,NCBI,validated,previous_mapping
CHEMBL766,CILASTATIN,DB01597,Cilastatin,P16444,1800,DPEP1,HGNC:3002,DPEP1,dipeptidase 1,targets,DrugBank,NCBI,validated,previous_mapping
CHEMBL766,CILASTATIN,DB01597,Cilastatin,Q4U2R8,9356,SLC22A6,HGNC:10970,SLC22A6,solute carrier family 22 member 6,targets,DrugBank,NCBI,validated,previous_mapping
CHEMBL766,CILASTATIN,DB01597,Cilastatin,Q8TCC7,9376,SLC22A8,HGNC:10972,SLC22A8,solute carrier family 22 member 8,targets,DrugBank,NCBI,validated,previous_mapping
CHEMBL771,CYCLOSERINE,DB00260,Cycloserine,P20711,1644,DDC,HGNC:2719,DDC,dopa decarboxylase,targets,DrugBank,NCBI,validated,previous_mapping
CHEMBL771,CYCLOSERINE,DB00260,Cycloserine,Q495M3,153201,SLC36A2,HGNC:18762,SLC36A2,solute carrier family 36 member 2,targets,DrugBank,NCBI,validated,previous_mapping
CHEMBL772,RESERPINE,DB00206,Reserpine,O15244,6582,SLC22A2,HGNC:10966,SLC22A2,solute carrier family 22 member 2,targets,DrugBank,NCBI,validated,previous_mapping
CHEMBL772,RESERPINE,DB00206,Reserpine,O15245,6580,SLC22A1,HGNC:10963,SLC22A1,solute carrier family 22 member 1,targets,DrugBank,NCBI,validated,previous_mapping
CHEMBL772,RESERPINE,DB00206,Reserpine,O15392,332,BIRC5,HGNC:593,BIRC5,baculoviral IAP repeat containing 5,targets,DrugBank,NCBI,validated,previous_mapping
CHEMBL772,RESERPINE,DB00206,Reserpine,O94956,11309,SLCO2B1,HGNC:10962,SLCO2B1,solute carrier organic anion transporter family member 2B1,targets,DrugBank,NCBI,validated,previous_mapping
CHEMBL772,RESERPINE,DB00206,Reserpine,O95342,8647,ABCB11,HGNC:42,ABCB11,ATP binding cassette subfamily B member 11,targets,DrugBank,NCBI,validated,previous_mapping
CHEMBL772,RESERPINE,DB00206,Reserpine,P08183,5243,ABCB1,HGNC:40,ABCB1,ATP binding cassette subfamily B member 1,targets,DrugBank,NCBI,validated,previous_mapping
CHEMBL772,RESERPINE,DB00206,Reserpine,P20815,1577,CYP3A5,HGNC:2638,CYP3A5,cytochrome P450 family 3 subfamily A member 5,targets,DrugBank,NCBI,validated,previous_mapping
CHEMBL772,RESERPINE,DB00206,Reserpine,P54219,6570,SLC18A1,HGNC:10934,SLC18A1,solute carrier family 18 member A1,targets,DrugBank,NCBI,validated,previous_mapping
CHEMBL772,RESERPINE,DB00206,Reserpine,Q05940,6571,SLC18A2,HGNC:10935,SLC18A2,solute carrier family 18 member A2,targets,DrugBank,NCBI,validated,previous_mapping
CHEMBL772,RESERPINE,DB00206,Reserpine,Q92887,1244,ABCC2,HGNC:53,ABCC2,ATP binding cassette subfamily C member 2,targets,DrugBank,NCBI,validated,previous_mapping
CHEMBL772,RESERPINE,DB00206,Reserpine,Q9Y6L6,10599,SLCO1B1,HGNC:10959,SLCO1B1,solute carrier organic anion transporter family member 1B1,targets,DrugBank,NCBI,validated,previous_mapping
CHEMBL776,METAPROTERENOL,DB00816,Orciprenaline,P07550,154,ADRB2,HGNC:286,ADRB2,adrenoceptor beta 2,targets,DrugBank,NCBI,validated,synonym_match
CHEMBL779,TADALAFIL,DB00820,Tadalafil,O76074,8654,PDE5A,HGNC:8784,PDE5A,phosphodiesterase 5A,targets,DrugBank,NCBI,validated,previous_mapping
CHEMBL779,TADALAFIL,DB00820,Tadalafil,P08684,1576,CYP3A4,HGNC:2637,CYP3A4,cytochrome P450 family 3 subfamily A member 4,targets,DrugBank,NCBI,validated,previous_mapping
CHEMBL779,TADALAFIL,DB00820,Tadalafil,P20815,1577,CYP3A5,HGNC:2638,CYP3A5,cytochrome P450 family 3 subfamily A member 5,targets,DrugBank,NCBI,validated,previous_mapping
CHEMBL779,TADALAFIL,DB00820,Tadalafil,Q9HCR9,50940,PDE11A,HGNC:8773,PDE11A,phosphodiesterase 11A,targets,DrugBank,NCBI,validated,previous_mapping
CHEMBL787,MONTELUKAST,DB00471,Montelukast,O94956,11309,SLCO2B1,HGNC:10962,SLCO2B1,solute carrier organic anion transporter family member 2B1,targets,DrugBank,NCBI,validated,previous_mapping
CHEMBL787,MONTELUKAST,DB00471,Montelukast,P08684,1576,CYP3A4,HGNC:2637,CYP3A4,cytochrome P450 family 3 subfamily A member 4,targets,DrugBank,NCBI,validated,previous_mapping
CHEMBL787,MONTELUKAST,DB00471,Montelukast,P09917,240,ALOX5,HGNC:435,ALOX5,arachidonate 5-lipoxygenase,targets,DrugBank,NCBI,validated,previous_mapping
CHEMBL787,MONTELUKAST,DB00471,Montelukast,P10632,1558,CYP2C8,HGNC:2622,CYP2C8,cytochrome P450 family 2 subfamily C member 8,targets,DrugBank,NCBI,validated,previous_mapping
CHEMBL787,MONTELUKAST,DB00471,Montelukast,P11509,1548,CYP2A6,HGNC:2610,CYP2A6,cytochrome P450 family 2 subfamily A member 6,targets,DrugBank,NCBI,validated,previous_mapping
CHEMBL787,MONTELUKAST,DB00471,Montelukast,P11712,1559,CYP2C9,HGNC:2623,CYP2C9,cytochrome P450 family 2 subfamily C member 9,targets,DrugBank,NCBI,validated,previous_mapping
CHEMBL787,MONTELUKAST,DB00471,Montelukast,P23219,5742,PTGS1,HGNC:9604,PTGS1,prostaglandin-endoperoxide synthase 1,targets,DrugBank,NCBI,validated,previous_mapping
CHEMBL787,MONTELUKAST,DB00471,Montelukast,Q9Y271,10800,CYSLTR1,HGNC:17451,CYSLTR1,cysteinyl leukotriene receptor 1,targets,DrugBank,NCBI,validated,previous_mapping
CHEMBL79,LIDOCAINE,DB00281,Lidocaine,O76082,6584,SLC22A5,HGNC:10969,SLC22A5,solute carrier family 22 member 5,targets,DrugBank,NCBI,validated,previous_mapping
CHEMBL79,LIDOCAINE,DB00281,Lidocaine,P00533,1956,EGFR,HGNC:3236,EGFR,epidermal growth factor receptor,targets,DrugBank,NCBI,validated,previous_mapping
CHEMBL79,LIDOCAINE,DB00281,Lidocaine,P02763,5004,ORM1,HGNC:8498,ORM1,orosomucoid 1,targets,DrugBank,NCBI,validated,previous_mapping
CHEMBL79,LIDOCAINE,DB00281,Lidocaine,P05177,1544,CYP1A2,HGNC:2596,CYP1A2,cytochrome P450 family 1 subfamily A member 2,targets,DrugBank,NCBI,validated,previous_mapping
CHEMBL79,LIDOCAINE,DB00281,Lidocaine,P08183,5243,ABCB1,HGNC:40,ABCB1,ATP binding cassette subfamily B member 1,targets,DrugBank,NCBI,validated,previous_mapping
CHEMBL79,LIDOCAINE,DB00281,Lidocaine,P08684,1576,CYP3A4,HGNC:2637,CYP3A4,cytochrome P450 family 3 subfamily A member 4,targets,DrugBank,NCBI,validated,previous_mapping
CHEMBL79,LIDOCAINE,DB00281,Lidocaine,P10632,1558,CYP2C8,HGNC:2622,CYP2C8,cytochrome P450 family 2 subfamily C member 8,targets,DrugBank,NCBI,validated,previous_mapping
CHEMBL79,LIDOCAINE,DB00281,Lidocaine,P10635,1565,CYP2D6,HGNC:2625,CYP2D6,cytochrome P450 family 2 subfamily D member 6 (gene/pseudogene),targets,DrugBank,NCBI,validated,previous_mapping
CHEMBL79,LIDOCAINE,DB00281,Lidocaine,P11509,1548,CYP2A6,HGNC:2610,CYP2A6,cytochrome P450 family 2 subfamily A member 6,targets,DrugBank,NCBI,validated,previous_mapping
CHEMBL79,LIDOCAINE,DB00281,Lidocaine,P11712,1559,CYP2C9,HGNC:2623,CYP2C9,cytochrome P450 family 2 subfamily C member 9,targets,DrugBank,NCBI,validated,previous_mapping
CHEMBL79,LIDOCAINE,DB00281,Lidocaine,P19652,5005,ORM2,HGNC:8499,ORM2,orosomucoid 2,targets,DrugBank,NCBI,validated,previous_mapping
CHEMBL79,LIDOCAINE,DB00281,Lidocaine,P20813,1555,CYP2B6,HGNC:2615,CYP2B6,cytochrome P450 family 2 subfamily B member 6,targets,DrugBank,NCBI,validated,previous_mapping
CHEMBL79,LIDOCAINE,DB00281,Lidocaine,P20815,1577,CYP3A5,HGNC:2638,CYP3A5,cytochrome P450 family 3 subfamily A member 5,targets,DrugBank,NCBI,validated,previous_mapping
CHEMBL79,LIDOCAINE,DB00281,Lidocaine,P24462,1551,CYP3A7,HGNC:2640,CYP3A7,cytochrome P450 family 3 subfamily A member 7,targets,DrugBank,NCBI,validated,previous_mapping
CHEMBL79,LIDOCAINE,DB00281,Lidocaine,P35499,6329,SCN4A,HGNC:10591,SCN4A,sodium voltage-gated channel alpha subunit 4,targets,DrugBank,NCBI,validated,previous_mapping
CHEMBL79,LIDOCAINE,DB00281,Lidocaine,Q14524,6331,SCN5A,HGNC:10593,SCN5A,sodium voltage-gated channel alpha subunit 5,targets,DrugBank,NCBI,validated,previous_mapping
CHEMBL79,LIDOCAINE,DB00281,Lidocaine,Q15858,6335,SCN9A,HGNC:10597,SCN9A,sodium voltage-gated channel alpha subunit 9,targets,DrugBank,NCBI,validated,previous_mapping
CHEMBL79,LIDOCAINE,DB00281,Lidocaine,Q9Y5Y9,6336,SCN10A,HGNC:10582,SCN10A,sodium voltage-gated channel alpha subunit 10,targets,DrugBank,NCBI,validated,previous_mapping
CHEMBL796,METHYLPHENIDATE,DB00422,Methylphenidate,P08908,3350,HTR1A,HGNC:5286,HTR1A,5-hydroxytryptamine receptor 1A,targets,DrugBank,NCBI,validated,previous_mapping
CHEMBL796,METHYLPHENIDATE,DB00422,Methylphenidate,P23975,6530,SLC6A2,HGNC:11048,SLC6A2,solute carrier family 6 member 2,targets,DrugBank,NCBI,validated,previous_mapping
CHEMBL796,METHYLPHENIDATE,DB00422,Methylphenidate,Q01959,6531,SLC6A3,HGNC:11049,SLC6A3,solute carrier family 6 member 3,targets,DrugBank,NCBI,validated,previous_mapping
CHEMBL8,CIPROFLOXACIN,DB00537,Ciprofloxacin,P02768,213,ALB,HGNC:399,ALB,albumin,targets,DrugBank,NCBI,validated,previous_mapping
CHEMBL8,CIPROFLOXACIN,DB00537,Ciprofloxacin,P05177,1544,CYP1A2,HGNC:2596,CYP1A2,cytochrome P450 family 1 subfamily A member 2,targets,DrugBank,NCBI,validated,previous_mapping
CHEMBL8,CIPROFLOXACIN,DB00537,Ciprofloxacin,P08183,5243,ABCB1,HGNC:40,ABCB1,ATP binding cassette subfamily B member 1,targets,DrugBank,NCBI,validated,previous_mapping
CHEMBL8,CIPROFLOXACIN,DB00537,Ciprofloxacin,P08684,1576,CYP3A4,HGNC:2637,CYP3A4,cytochrome P450 family 3 subfamily A member 4,targets,DrugBank,NCBI,validated,previous_mapping
CHEMBL8,CIPROFLOXACIN,DB00537,Ciprofloxacin,P11388,7153,TOP2A,HGNC:11989,TOP2A,DNA topoisomerase II alpha,targets,DrugBank,NCBI,validated,previous_mapping
CHEMBL8,CIPROFLOXACIN,DB00537,Ciprofloxacin,P20815,1577,CYP3A5,HGNC:2638,CYP3A5,cytochrome P450 family 3 subfamily A member 5,targets,DrugBank,NCBI,validated,previous_mapping
CHEMBL8,CIPROFLOXACIN,DB00537,Ciprofloxacin,P24462,1551,CYP3A7,HGNC:2640,CYP3A7,cytochrome P450 family 3 subfamily A member 7,targets,DrugBank,NCBI,validated,previous_mapping
CHEMBL8,CIPROFLOXACIN,DB00537,Ciprofloxacin,Q12809,3757,KCNH2,HGNC:6251,KCNH2,potassium voltage-gated channel subfamily H member 2,targets,DrugBank,NCBI,validated,previous_mapping
CHEMBL8,CIPROFLOXACIN,DB00537,Ciprofloxacin,Q86VL8,146802,SLC47A2,HGNC:26439,SLC47A2,solute carrier family 47 member 2,targets,DrugBank,NCBI,validated,previous_mapping
CHEMBL8,CIPROFLOXACIN,DB00537,Ciprofloxacin,Q96FL8,55244,SLC47A1,HGNC:25588,SLC47A1,solute carrier family 47 member 1,targets,DrugBank,NCBI,validated,previous_mapping
CHEMBL80,NALOXONE,DB01183,Naloxone,O00206,7099,TLR4,HGNC:11850,TLR4,toll like receptor 4,targets,DrugBank,NCBI,validated,previous_mapping
CHEMBL80,NALOXONE,DB01183,Naloxone,P02768,213,ALB,HGNC:399,ALB,albumin,targets,DrugBank,NCBI,validated,previous_mapping
CHEMBL80,NALOXONE,DB01183,Naloxone,P03372,2099,ESR1,HGNC:3467,ESR1,estrogen receptor 1,targets,DrugBank,NCBI,validated,previous_mapping
CHEMBL80,NALOXONE,DB01183,Naloxone,P08183,5243,ABCB1,HGNC:40,ABCB1,ATP binding cassette subfamily B member 1,targets,DrugBank,NCBI,validated,previous_mapping
CHEMBL80,NALOXONE,DB01183,Naloxone,P08684,1576,CYP3A4,HGNC:2637,CYP3A4,cytochrome P450 family 3 subfamily A member 4,targets,DrugBank,NCBI,validated,previous_mapping
CHEMBL80,NALOXONE,DB01183,Naloxone,P16220,1385,CREB1,HGNC:2345,CREB1,cAMP responsive element binding protein 1,targets,DrugBank,NCBI,validated,previous_mapping
CHEMBL80,NALOXONE,DB01183,Naloxone,P22309,54658,UGT1A1,HGNC:12530,UGT1A1,UDP glucuronosyltransferase family 1 member A1,targets,DrugBank,NCBI,validated,previous_mapping
CHEMBL80,NALOXONE,DB01183,Naloxone,P23141,1066,CES1,HGNC:1863,CES1,carboxylesterase 1,targets,DrugBank,NCBI,validated,previous_mapping
CHEMBL80,NALOXONE,DB01183,Naloxone,P35372,4988,OPRM1,HGNC:8156,OPRM1,opioid receptor mu 1,targets,DrugBank,NCBI,validated,previous_mapping
CHEMBL80,NALOXONE,DB01183,Naloxone,P41143,4985,OPRD1,HGNC:8153,OPRD1,opioid receptor delta 1,targets,DrugBank,NCBI,validated,previous_mapping
CHEMBL80,NALOXONE,DB01183,Naloxone,P41145,4986,OPRK1,HGNC:8154,OPRK1,opioid receptor kappa 1,targets,DrugBank,NCBI,validated,previous_mapping
CHEMBL80,NALOXONE,DB01183,Naloxone,P46721,6579,SLCO1A2,HGNC:10956,SLCO1A2,solute carrier organic anion transporter family member 1A2,targets,DrugBank,NCBI,validated,previous_mapping
CHEMBL802,MINOXIDIL,DB00350,Minoxidil,P00797,5972,REN,HGNC:9958,REN,renin,targets,DrugBank,NCBI,validated,previous_mapping
CHEMBL802,MINOXIDIL,DB00350,Minoxidil,P22309,54658,UGT1A1,HGNC:12530,UGT1A1,UDP glucuronosyltransferase family 1 member A1,targets,DrugBank,NCBI,validated,previous_mapping
CHEMBL802,MINOXIDIL,DB00350,Minoxidil,P23219,5742,PTGS1,HGNC:9604,PTGS1,prostaglandin-endoperoxide synthase 1,targets,DrugBank,NCBI,validated,previous_mapping
CHEMBL802,MINOXIDIL,DB00350,Minoxidil,P48048,3758,KCNJ1,HGNC:6255,KCNJ1,potassium inwardly rectifying channel subfamily J member 1,targets,DrugBank,NCBI,validated,previous_mapping
CHEMBL809,SERTRALINE,DB01104,Sertraline,O00264,10857,PGRMC1,HGNC:16090,PGRMC1,progesterone receptor membrane component 1,targets,DrugBank,NCBI,validated,previous_mapping
CHEMBL809,SERTRALINE,DB01104,Sertraline,P02768,213,ALB,HGNC:399,ALB,albumin,targets,DrugBank,NCBI,validated,previous_mapping
CHEMBL809,SERTRALINE,DB01104,Sertraline,P05181,1571,CYP2E1,HGNC:2631,CYP2E1,cytochrome P450 family 2 subfamily E member 1,targets,DrugBank,NCBI,validated,previous_mapping
CHEMBL809,SERTRALINE,DB01104,Sertraline,P08183,5243,ABCB1,HGNC:40,ABCB1,ATP binding cassette subfamily B member 1,targets,DrugBank,NCBI,validated,previous_mapping
CHEMBL809,SERTRALINE,DB01104,Sertraline,P08684,1576,CYP3A4,HGNC:2637,CYP3A4,cytochrome P450 family 3 subfamily A member 4,targets,DrugBank,NCBI,validated,previous_mapping
CHEMBL809,SERTRALINE,DB01104,Sertraline,P10635,1565,CYP2D6,HGNC:2625,CYP2D6,cytochrome P450 family 2 subfamily D member 6 (gene/pseudogene),targets,DrugBank,NCBI,validated,previous_mapping
CHEMBL809,SERTRALINE,DB01104,Sertraline,P11712,1559,CYP2C9,HGNC:2623,CYP2C9,cytochrome P450 family 2 subfamily C member 9,targets,DrugBank,NCBI,validated,previous_mapping
CHEMBL809,SERTRALINE,DB01104,Sertraline,P20813,1555,CYP2B6,HGNC:2615,CYP2B6,cytochrome P450 family 2 subfamily B member 6,targets,DrugBank,NCBI,validated,previous_mapping
CHEMBL809,SERTRALINE,DB01104,Sertraline,P21397,4128,MAOA,HGNC:6833,MAOA,monoamine oxidase A,targets,DrugBank,NCBI,validated,previous_mapping
CHEMBL809,SERTRALINE,DB01104,Sertraline,P23975,6530,SLC6A2,HGNC:11048,SLC6A2,solute carrier family 6 member 2,targets,DrugBank,NCBI,validated,previous_mapping
CHEMBL809,SERTRALINE,DB01104,Sertraline,P27338,4129,MAOB,HGNC:6834,MAOB,monoamine oxidase B,targets,DrugBank,NCBI,validated,previous_mapping
CHEMBL809,SERTRALINE,DB01104,Sertraline,P31645,6532,SLC6A4,HGNC:11050,SLC6A4,solute carrier family 6 member 4,targets,DrugBank,NCBI,validated,previous_mapping
CHEMBL809,SERTRALINE,DB01104,Sertraline,P33261,1557,CYP2C19,HGNC:2621,CYP2C19,cytochrome P450 family 2 subfamily C member 19,targets,DrugBank,NCBI,validated,previous_mapping
CHEMBL809,SERTRALINE,DB01104,Sertraline,Q01959,6531,SLC6A3,HGNC:11049,SLC6A3,solute carrier family 6 member 3,targets,DrugBank,NCBI,validated,previous_mapping
CHEMBL809,SERTRALINE,DB01104,Sertraline,Q7RTT9,222962,SLC29A4,HGNC:23097,SLC29A4,solute carrier family 29 member 4,targets,DrugBank,NCBI,validated,previous_mapping
CHEMBL809,SERTRALINE,DB01104,Sertraline,Q99720,10280,SIGMAR1,HGNC:8157,SIGMAR1,sigma receptor chaperone 1,targets,DrugBank,NCBI,validated,previous_mapping
CHEMBL81,RALOXIFENE,DB00481,Raloxifene,O15438,8714,ABCC3,HGNC:54,ABCC3,ATP binding cassette subfamily C member 3,targets,DrugBank,NCBI,validated,previous_mapping
CHEMBL81,RALOXIFENE,DB00481,Raloxifene,O15439,10257,ABCC4,HGNC:55,ABCC4,ATP binding cassette subfamily C member 4 (PEL blood group),targets,DrugBank,NCBI,validated,previous_mapping
CHEMBL81,RALOXIFENE,DB00481,Raloxifene,P02763,5004,ORM1,HGNC:8498,ORM1,orosomucoid 1,targets,DrugBank,NCBI,validated,previous_mapping
CHEMBL81,RALOXIFENE,DB00481,Raloxifene,P02768,213,ALB,HGNC:399,ALB,albumin,targets,DrugBank,NCBI,validated,previous_mapping
CHEMBL81,RALOXIFENE,DB00481,Raloxifene,P03372,2099,ESR1,HGNC:3467,ESR1,estrogen receptor 1,targets,DrugBank,NCBI,validated,previous_mapping
CHEMBL81,RALOXIFENE,DB00481,Raloxifene,P04155,7031,TFF1,HGNC:11755,TFF1,trefoil factor 1,targets,DrugBank,NCBI,validated,previous_mapping
CHEMBL81,RALOXIFENE,DB00481,Raloxifene,P08183,5243,ABCB1,HGNC:40,ABCB1,ATP binding cassette subfamily B member 1,targets,DrugBank,NCBI,validated,previous_mapping
CHEMBL81,RALOXIFENE,DB00481,Raloxifene,P08684,1576,CYP3A4,HGNC:2637,CYP3A4,cytochrome P450 family 3 subfamily A member 4,targets,DrugBank,NCBI,validated,previous_mapping
CHEMBL81,RALOXIFENE,DB00481,Raloxifene,P10632,1558,CYP2C8,HGNC:2622,CYP2C8,cytochrome P450 family 2 subfamily C member 8,targets,DrugBank,NCBI,validated,previous_mapping
CHEMBL81,RALOXIFENE,DB00481,Raloxifene,P11511,1588,CYP19A1,HGNC:2594,CYP19A1,cytochrome P450 family 19 subfamily A member 1,targets,DrugBank,NCBI,validated,previous_mapping
CHEMBL81,RALOXIFENE,DB00481,Raloxifene,P20813,1555,CYP2B6,HGNC:2615,CYP2B6,cytochrome P450 family 2 subfamily B member 6,targets,DrugBank,NCBI,validated,previous_mapping
CHEMBL81,RALOXIFENE,DB00481,Raloxifene,P22309,54658,UGT1A1,HGNC:12530,UGT1A1,UDP glucuronosyltransferase family 1 member A1,targets,DrugBank,NCBI,validated,previous_mapping
CHEMBL81,RALOXIFENE,DB00481,Raloxifene,P50453,5272,SERPINB9,HGNC:8955,SERPINB9,serpin family B member 9,targets,DrugBank,NCBI,validated,previous_mapping
CHEMBL81,RALOXIFENE,DB00481,Raloxifene,Q06278,316,AOX1,HGNC:553,AOX1,aldehyde oxidase 1,targets,DrugBank,NCBI,validated,previous_mapping
CHEMBL81,RALOXIFENE,DB00481,Raloxifene,Q92731,2100,ESR2,HGNC:3468,ESR2,estrogen receptor 2,targets,DrugBank,NCBI,validated,previous_mapping
CHEMBL81,RALOXIFENE,DB00481,Raloxifene,Q92887,1244,ABCC2,HGNC:53,ABCC2,ATP binding cassette subfamily C member 2,targets,DrugBank,NCBI,validated,previous_mapping
CHEMBL81,RALOXIFENE,DB00481,Raloxifene,Q9HAW8,54575,UGT1A10,HGNC:12531,UGT1A10,UDP glucuronosyltransferase family 1 member A10,targets,DrugBank,NCBI,validated,previous_mapping
CHEMBL81,RALOXIFENE,DB00481,Raloxifene,Q9HAW9,54576,UGT1A8,HGNC:12540,UGT1A8,UDP glucuronosyltransferase family 1 member A8,targets,DrugBank,NCBI,validated,previous_mapping
CHEMBL81,RALOXIFENE,DB00481,Raloxifene,Q9NPD5,28234,SLCO1B3,HGNC:10961,SLCO1B3,solute carrier organic anion transporter family member 1B3,targets,DrugBank,NCBI,validated,previous_mapping
CHEMBL81,RALOXIFENE,DB00481,Raloxifene,Q9UNQ0,9429,ABCG2,HGNC:74,ABCG2,ATP binding cassette subfamily G member 2 (JR blood group),targets,DrugBank,NCBI,validated,previous_mapping
CHEMBL81,RALOXIFENE,DB00481,Raloxifene,Q9Y6L6,10599,SLCO1B1,HGNC:10959,SLCO1B1,solute carrier organic anion transporter family member 1B1,targets,DrugBank,NCBI,validated,previous_mapping
CHEMBL811,BROMPHENIRAMINE,DB00835,Brompheniramine,P08172,1129,CHRM2,HGNC:1951,CHRM2,cholinergic receptor muscarinic 2,targets,DrugBank,NCBI,validated,previous_mapping
CHEMBL811,BROMPHENIRAMINE,DB00835,Brompheniramine,P08173,1132,CHRM4,HGNC:1953,CHRM4,cholinergic receptor muscarinic 4,targets,DrugBank,NCBI,validated,previous_mapping
CHEMBL811,BROMPHENIRAMINE,DB00835,Brompheniramine,P08912,1133,CHRM5,HGNC:1954,CHRM5,cholinergic receptor muscarinic 5,targets,DrugBank,NCBI,validated,previous_mapping
CHEMBL811,BROMPHENIRAMINE,DB00835,Brompheniramine,P11229,1128,CHRM1,HGNC:1950,CHRM1,cholinergic receptor muscarinic 1,targets,DrugBank,NCBI,validated,previous_mapping
CHEMBL811,BROMPHENIRAMINE,DB00835,Brompheniramine,P20309,1131,CHRM3,HGNC:1952,CHRM3,cholinergic receptor muscarinic 3,targets,DrugBank,NCBI,validated,previous_mapping
CHEMBL811,BROMPHENIRAMINE,DB00835,Brompheniramine,P35367,3269,HRH1,HGNC:5182,HRH1,histamine receptor H1,targets,DrugBank,NCBI,validated,previous_mapping
CHEMBL814,FLUVOXAMINE,DB00176,Fluvoxamine,O95342,8647,ABCB11,HGNC:42,ABCB11,ATP binding cassette subfamily B member 11,targets,DrugBank,NCBI,validated,previous_mapping
CHEMBL814,FLUVOXAMINE,DB00176,Fluvoxamine,P04798,1543,CYP1A1,HGNC:2595,CYP1A1,cytochrome P450 family 1 subfamily A member 1,targets,DrugBank,NCBI,validated,previous_mapping
CHEMBL814,FLUVOXAMINE,DB00176,Fluvoxamine,P05177,1544,CYP1A2,HGNC:2596,CYP1A2,cytochrome P450 family 1 subfamily A member 2,targets,DrugBank,NCBI,validated,previous_mapping
CHEMBL814,FLUVOXAMINE,DB00176,Fluvoxamine,P08183,5243,ABCB1,HGNC:40,ABCB1,ATP binding cassette subfamily B member 1,targets,DrugBank,NCBI,validated,previous_mapping
CHEMBL814,FLUVOXAMINE,DB00176,Fluvoxamine,P08684,1576,CYP3A4,HGNC:2637,CYP3A4,cytochrome P450 family 3 subfamily A member 4,targets,DrugBank,NCBI,validated,previous_mapping
CHEMBL814,FLUVOXAMINE,DB00176,Fluvoxamine,P10635,1565,CYP2D6,HGNC:2625,CYP2D6,cytochrome P450 family 2 subfamily D member 6 (gene/pseudogene),targets,DrugBank,NCBI,validated,previous_mapping
CHEMBL814,FLUVOXAMINE,DB00176,Fluvoxamine,P11712,1559,CYP2C9,HGNC:2623,CYP2C9,cytochrome P450 family 2 subfamily C member 9,targets,DrugBank,NCBI,validated,previous_mapping
CHEMBL814,FLUVOXAMINE,DB00176,Fluvoxamine,P20813,1555,CYP2B6,HGNC:2615,CYP2B6,cytochrome P450 family 2 subfamily B member 6,targets,DrugBank,NCBI,validated,previous_mapping
CHEMBL814,FLUVOXAMINE,DB00176,Fluvoxamine,P20815,1577,CYP3A5,HGNC:2638,CYP3A5,cytochrome P450 family 3 subfamily A member 5,targets,DrugBank,NCBI,validated,previous_mapping
CHEMBL814,FLUVOXAMINE,DB00176,Fluvoxamine,P24462,1551,CYP3A7,HGNC:2640,CYP3A7,cytochrome P450 family 3 subfamily A member 7,targets,DrugBank,NCBI,validated,previous_mapping
CHEMBL814,FLUVOXAMINE,DB00176,Fluvoxamine,P31645,6532,SLC6A4,HGNC:11050,SLC6A4,solute carrier family 6 member 4,targets,DrugBank,NCBI,validated,previous_mapping
CHEMBL814,FLUVOXAMINE,DB00176,Fluvoxamine,P33261,1557,CYP2C19,HGNC:2621,CYP2C19,cytochrome P450 family 2 subfamily C member 19,targets,DrugBank,NCBI,validated,previous_mapping
CHEMBL814,FLUVOXAMINE,DB00176,Fluvoxamine,Q12809,3757,KCNH2,HGNC:6251,KCNH2,potassium voltage-gated channel subfamily H member 2,targets,DrugBank,NCBI,validated,previous_mapping
CHEMBL814,FLUVOXAMINE,DB00176,Fluvoxamine,Q9HB55,64816,CYP3A43,HGNC:17450,CYP3A43,cytochrome P450 family 3 subfamily A member 43,targets,DrugBank,NCBI,validated,previous_mapping
CHEMBL815,DINOPROST,DB12789,Dinoprost,Q9Y5Y4,11251,PTGDR2,HGNC:4502,PTGDR2,prostaglandin D2 receptor 2,targets,DrugBank,NCBI,validated,previous_mapping
CHEMBL820,BUSULFAN,DB01008,Busulfan,P08263,2938,GSTA1,HGNC:4626,GSTA1,glutathione S-transferase alpha 1,targets,DrugBank,NCBI,validated,previous_mapping
CHEMBL820,BUSULFAN,DB01008,Busulfan,P08684,1576,CYP3A4,HGNC:2637,CYP3A4,cytochrome P450 family 3 subfamily A member 4,targets,DrugBank,NCBI,validated,previous_mapping
CHEMBL820,BUSULFAN,DB01008,Busulfan,P09210,2939,GSTA2,HGNC:4627,GSTA2,glutathione S-transferase alpha 2,targets,DrugBank,NCBI,validated,previous_mapping
CHEMBL820,BUSULFAN,DB01008,Busulfan,P09211,2950,GSTP1,HGNC:4638,GSTP1,glutathione S-transferase pi 1,targets,DrugBank,NCBI,validated,previous_mapping
CHEMBL820,BUSULFAN,DB01008,Busulfan,P09488,2944,GSTM1,HGNC:4632,GSTM1,glutathione S-transferase mu 1,targets,DrugBank,NCBI,validated,previous_mapping
CHEMBL820,BUSULFAN,DB01008,Busulfan,Q99735,4258,MGST2,HGNC:7063,MGST2,microsomal glutathione S-transferase 2,targets,DrugBank,NCBI,validated,previous_mapping
CHEMBL827,DEXMETHYLPHENIDATE,DB06701,Dexmethylphenidate,P23975,6530,SLC6A2,HGNC:11048,SLC6A2,solute carrier family 6 member 2,targets,DrugBank,NCBI,validated,previous_mapping
CHEMBL827,DEXMETHYLPHENIDATE,DB06701,Dexmethylphenidate,P31645,6532,SLC6A4,HGNC:11050,SLC6A4,solute carrier family 6 member 4,targets,DrugBank,NCBI,validated,previous_mapping
CHEMBL827,DEXMETHYLPHENIDATE,DB06701,Dexmethylphenidate,Q01959,6531,SLC6A3,HGNC:11049,SLC6A3,solute carrier family 6 member 3,targets,DrugBank,NCBI,validated,previous_mapping
CHEMBL829,METHYLPROMAZINE,DB01246,Alimemazine,P35367,3269,HRH1,HGNC:5182,HRH1,histamine receptor H1,targets,DrugBank,NCBI,validated,synonym_match
CHEMBL83,TAMOXIFEN,DB00675,Tamoxifen,O75469,8856,NR1I2,HGNC:7968,NR1I2,nuclear receptor subfamily 1 group I member 2,targets,DrugBank,NCBI,validated,previous_mapping
CHEMBL83,TAMOXIFEN,DB00675,Tamoxifen,O75795,7367,UGT2B17,HGNC:12547,UGT2B17,UDP glucuronosyltransferase family 2 member B17,targets,DrugBank,NCBI,validated,previous_mapping
CHEMBL83,TAMOXIFEN,DB00675,Tamoxifen,O95342,8647,ABCB11,HGNC:42,ABCB11,ATP binding cassette subfamily B member 11,targets,DrugBank,NCBI,validated,previous_mapping
CHEMBL83,TAMOXIFEN,DB00675,Tamoxifen,O95477,19,ABCA1,HGNC:29,ABCA1,ATP binding cassette subfamily A member 1,targets,DrugBank,NCBI,validated,previous_mapping
CHEMBL83,TAMOXIFEN,DB00675,Tamoxifen,P02768,213,ALB,HGNC:399,ALB,albumin,targets,DrugBank,NCBI,validated,previous_mapping
CHEMBL83,TAMOXIFEN,DB00675,Tamoxifen,P03372,2099,ESR1,HGNC:3467,ESR1,estrogen receptor 1,targets,DrugBank,NCBI,validated,previous_mapping
CHEMBL83,TAMOXIFEN,DB00675,Tamoxifen,P04278,6462,SHBG,HGNC:10839,SHBG,sex hormone binding globulin,targets,DrugBank,NCBI,validated,previous_mapping
CHEMBL83,TAMOXIFEN,DB00675,Tamoxifen,P04798,1543,CYP1A1,HGNC:2595,CYP1A1,cytochrome P450 family 1 subfamily A member 1,targets,DrugBank,NCBI,validated,previous_mapping
CHEMBL83,TAMOXIFEN,DB00675,Tamoxifen,P05129,5582,PRKCG,HGNC:9402,PRKCG,protein kinase C gamma,targets,DrugBank,NCBI,validated,previous_mapping
CHEMBL83,TAMOXIFEN,DB00675,Tamoxifen,P05177,1544,CYP1A2,HGNC:2596,CYP1A2,cytochrome P450 family 1 subfamily A member 2,targets,DrugBank,NCBI,validated,previous_mapping
CHEMBL83,TAMOXIFEN,DB00675,Tamoxifen,P05181,1571,CYP2E1,HGNC:2631,CYP2E1,cytochrome P450 family 2 subfamily E member 1,targets,DrugBank,NCBI,validated,previous_mapping
CHEMBL83,TAMOXIFEN,DB00675,Tamoxifen,P05543,6906,SERPINA7,HGNC:11583,SERPINA7,serpin family A member 7,targets,DrugBank,NCBI,validated,previous_mapping
CHEMBL83,TAMOXIFEN,DB00675,Tamoxifen,P05771,5579,PRKCB,HGNC:9395,PRKCB,protein kinase C beta,targets,DrugBank,NCBI,validated,previous_mapping
CHEMBL83,TAMOXIFEN,DB00675,Tamoxifen,P08183,5243,ABCB1,HGNC:40,ABCB1,ATP binding cassette subfamily B member 1,targets,DrugBank,NCBI,validated,previous_mapping
CHEMBL83,TAMOXIFEN,DB00675,Tamoxifen,P08684,1576,CYP3A4,HGNC:2637,CYP3A4,cytochrome P450 family 3 subfamily A member 4,targets,DrugBank,NCBI,validated,previous_mapping
CHEMBL83,TAMOXIFEN,DB00675,Tamoxifen,P10275,367,AR,HGNC:644,AR,androgen receptor,targets,DrugBank,NCBI,validated,previous_mapping
CHEMBL83,TAMOXIFEN,DB00675,Tamoxifen,P10632,1558,CYP2C8,HGNC:2622,CYP2C8,cytochrome P450 family 2 subfamily C member 8,targets,DrugBank,NCBI,validated,previous_mapping
CHEMBL83,TAMOXIFEN,DB00675,Tamoxifen,P10635,1565,CYP2D6,HGNC:2625,CYP2D6,cytochrome P450 family 2 subfamily D member 6 (gene/pseudogene),targets,DrugBank,NCBI,validated,previous_mapping
CHEMBL83,TAMOXIFEN,DB00675,Tamoxifen,P11509,1548,CYP2A6,HGNC:2610,CYP2A6,cytochrome P450 family 2 subfamily A member 6,targets,DrugBank,NCBI,validated,previous_mapping
CHEMBL83,TAMOXIFEN,DB00675,Tamoxifen,P11511,1588,CYP19A1,HGNC:2594,CYP19A1,cytochrome P450 family 19 subfamily A member 1,targets,DrugBank,NCBI,validated,previous_mapping
CHEMBL83,TAMOXIFEN,DB00675,Tamoxifen,P11712,1559,CYP2C9,HGNC:2623,CYP2C9,cytochrome P450 family 2 subfamily C member 9,targets,DrugBank,NCBI,validated,previous_mapping
CHEMBL83,TAMOXIFEN,DB00675,Tamoxifen,P16662,7364,UGT2B7,HGNC:12554,UGT2B7,UDP glucuronosyltransferase family 2 member B7,targets,DrugBank,NCBI,validated,previous_mapping
CHEMBL83,TAMOXIFEN,DB00675,Tamoxifen,P17252,5578,PRKCA,HGNC:9393,PRKCA,protein kinase C alpha,targets,DrugBank,NCBI,validated,previous_mapping
CHEMBL83,TAMOXIFEN,DB00675,Tamoxifen,P20813,1555,CYP2B6,HGNC:2615,CYP2B6,cytochrome P450 family 2 subfamily B member 6,targets,DrugBank,NCBI,validated,previous_mapping
CHEMBL83,TAMOXIFEN,DB00675,Tamoxifen,P20815,1577,CYP3A5,HGNC:2638,CYP3A5,cytochrome P450 family 3 subfamily A member 5,targets,DrugBank,NCBI,validated,previous_mapping
CHEMBL83,TAMOXIFEN,DB00675,Tamoxifen,P23141,1066,CES1,HGNC:1863,CES1,carboxylesterase 1,targets,DrugBank,NCBI,validated,previous_mapping
CHEMBL83,TAMOXIFEN,DB00675,Tamoxifen,P24462,1551,CYP3A7,HGNC:2640,CYP3A7,cytochrome P450 family 3 subfamily A member 7,targets,DrugBank,NCBI,validated,previous_mapping
CHEMBL83,TAMOXIFEN,DB00675,Tamoxifen,P31513,2328,FMO3,HGNC:3771,FMO3,flavin containing dimethylaniline monoxygenase 3,targets,DrugBank,NCBI,validated,previous_mapping
CHEMBL83,TAMOXIFEN,DB00675,Tamoxifen,P33261,1557,CYP2C19,HGNC:2621,CYP2C19,cytochrome P450 family 2 subfamily C member 19,targets,DrugBank,NCBI,validated,previous_mapping
CHEMBL83,TAMOXIFEN,DB00675,Tamoxifen,P41743,5584,PRKCI,HGNC:9404,PRKCI,protein kinase C iota,targets,DrugBank,NCBI,validated,previous_mapping
CHEMBL83,TAMOXIFEN,DB00675,Tamoxifen,P45983,5599,MAPK8,HGNC:6881,MAPK8,mitogen-activated protein kinase 8,targets,DrugBank,NCBI,validated,previous_mapping
CHEMBL83,TAMOXIFEN,DB00675,Tamoxifen,P49888,6783,SULT1E1,HGNC:11377,SULT1E1,sulfotransferase family 1E member 1,targets,DrugBank,NCBI,validated,previous_mapping
CHEMBL83,TAMOXIFEN,DB00675,Tamoxifen,P50225,6817,SULT1A1,HGNC:11453,SULT1A1,sulfotransferase family 1A member 1,targets,DrugBank,NCBI,validated,previous_mapping
CHEMBL83,TAMOXIFEN,DB00675,Tamoxifen,P62508,2104,ESRRG,HGNC:3474,ESRRG,estrogen related receptor gamma,targets,DrugBank,NCBI,validated,previous_mapping
CHEMBL83,TAMOXIFEN,DB00675,Tamoxifen,Q01740,2326,FMO1,HGNC:3769,FMO1,flavin containing dimethylaniline monoxygenase 1,targets,DrugBank,NCBI,validated,previous_mapping
CHEMBL83,TAMOXIFEN,DB00675,Tamoxifen,Q02156,5581,PRKCE,HGNC:9401,PRKCE,protein kinase C epsilon,targets,DrugBank,NCBI,validated,previous_mapping
CHEMBL83,TAMOXIFEN,DB00675,Tamoxifen,Q04759,5588,PRKCQ,HGNC:9410,PRKCQ,protein kinase C theta,targets,DrugBank,NCBI,validated,previous_mapping
CHEMBL83,TAMOXIFEN,DB00675,Tamoxifen,Q05513,5590,PRKCZ,HGNC:9412,PRKCZ,protein kinase C zeta,targets,DrugBank,NCBI,validated,previous_mapping
CHEMBL83,TAMOXIFEN,DB00675,Tamoxifen,Q05655,5580,PRKCD,HGNC:9399,PRKCD,protein kinase C delta,targets,DrugBank,NCBI,validated,previous_mapping
CHEMBL83,TAMOXIFEN,DB00675,Tamoxifen,Q06520,6822,SULT2A1,HGNC:11458,SULT2A1,sulfotransferase family 2A member 1,targets,DrugBank,NCBI,validated,previous_mapping
CHEMBL83,TAMOXIFEN,DB00675,Tamoxifen,Q12809,3757,KCNH2,HGNC:6251,KCNH2,potassium voltage-gated channel subfamily H member 2,targets,DrugBank,NCBI,validated,previous_mapping
CHEMBL83,TAMOXIFEN,DB00675,Tamoxifen,Q15125,10682,EBP,HGNC:3133,EBP,EBP cholestenol delta-isomerase,targets,DrugBank,NCBI,validated,previous_mapping
CHEMBL83,TAMOXIFEN,DB00675,Tamoxifen,Q16678,1545,CYP1B1,HGNC:2597,CYP1B1,cytochrome P450 family 1 subfamily B member 1,targets,DrugBank,NCBI,validated,previous_mapping
CHEMBL83,TAMOXIFEN,DB00675,Tamoxifen,Q92731,2100,ESR2,HGNC:3468,ESR2,estrogen receptor 2,targets,DrugBank,NCBI,validated,previous_mapping
CHEMBL83,TAMOXIFEN,DB00675,Tamoxifen,Q92887,1244,ABCC2,HGNC:53,ABCC2,ATP binding cassette subfamily C member 2,targets,DrugBank,NCBI,validated,previous_mapping
CHEMBL83,TAMOXIFEN,DB00675,Tamoxifen,Q9HAW8,54575,UGT1A10,HGNC:12531,UGT1A10,UDP glucuronosyltransferase family 1 member A10,targets,DrugBank,NCBI,validated,previous_mapping
CHEMBL83,TAMOXIFEN,DB00675,Tamoxifen,Q9UNQ0,9429,ABCG2,HGNC:74,ABCG2,ATP binding cassette subfamily G member 2 (JR blood group),targets,DrugBank,NCBI,validated,previous_mapping
CHEMBL83063,RITODRINE,DB00867,Ritodrine,P07550,154,ADRB2,HGNC:286,ADRB2,adrenoceptor beta 2,targets,DrugBank,NCBI,validated,previous_mapping
CHEMBL83063,RITODRINE,DB00867,Ritodrine,P52209,5226,PGD,HGNC:8891,PGD,phosphogluconate dehydrogenase,targets,DrugBank,NCBI,validated,previous_mapping
CHEMBL831,LOXAPINE,DB00408,Loxapine,P08172,1129,CHRM2,HGNC:1951,CHRM2,cholinergic receptor muscarinic 2,targets,DrugBank,NCBI,validated,previous_mapping
CHEMBL831,LOXAPINE,DB00408,Loxapine,P08173,1132,CHRM4,HGNC:1953,CHRM4,cholinergic receptor muscarinic 4,targets,DrugBank,NCBI,validated,previous_mapping
CHEMBL831,LOXAPINE,DB00408,Loxapine,P08588,153,ADRB1,HGNC:285,ADRB1,adrenoceptor beta 1,targets,DrugBank,NCBI,validated,previous_mapping
CHEMBL831,LOXAPINE,DB00408,Loxapine,P08908,3350,HTR1A,HGNC:5286,HTR1A,5-hydroxytryptamine receptor 1A,targets,DrugBank,NCBI,validated,previous_mapping
CHEMBL831,LOXAPINE,DB00408,Loxapine,P08912,1133,CHRM5,HGNC:1954,CHRM5,cholinergic receptor muscarinic 5,targets,DrugBank,NCBI,validated,previous_mapping
CHEMBL831,LOXAPINE,DB00408,Loxapine,P08913,150,ADRA2A,HGNC:281,ADRA2A,adrenoceptor alpha 2A,targets,DrugBank,NCBI,validated,previous_mapping
CHEMBL831,LOXAPINE,DB00408,Loxapine,P11229,1128,CHRM1,HGNC:1950,CHRM1,cholinergic receptor muscarinic 1,targets,DrugBank,NCBI,validated,previous_mapping
CHEMBL831,LOXAPINE,DB00408,Loxapine,P14416,1813,DRD2,HGNC:3023,DRD2,dopamine receptor D2,targets,DrugBank,NCBI,validated,previous_mapping
CHEMBL831,LOXAPINE,DB00408,Loxapine,P18089,151,ADRA2B,HGNC:282,ADRA2B,adrenoceptor alpha 2B,targets,DrugBank,NCBI,validated,previous_mapping
CHEMBL831,LOXAPINE,DB00408,Loxapine,P18825,152,ADRA2C,HGNC:283,ADRA2C,adrenoceptor alpha 2C,targets,DrugBank,NCBI,validated,previous_mapping
CHEMBL831,LOXAPINE,DB00408,Loxapine,P20309,1131,CHRM3,HGNC:1952,CHRM3,cholinergic receptor muscarinic 3,targets,DrugBank,NCBI,validated,previous_mapping
CHEMBL831,LOXAPINE,DB00408,Loxapine,P21728,1812,DRD1,HGNC:3020,DRD1,dopamine receptor D1,targets,DrugBank,NCBI,validated,previous_mapping
CHEMBL831,LOXAPINE,DB00408,Loxapine,P21917,1815,DRD4,HGNC:3025,DRD4,dopamine receptor D4,targets,DrugBank,NCBI,validated,previous_mapping
CHEMBL831,LOXAPINE,DB00408,Loxapine,P21918,1816,DRD5,HGNC:3026,DRD5,dopamine receptor D5,targets,DrugBank,NCBI,validated,previous_mapping
CHEMBL831,LOXAPINE,DB00408,Loxapine,P23975,6530,SLC6A2,HGNC:11048,SLC6A2,solute carrier family 6 member 2,targets,DrugBank,NCBI,validated,previous_mapping
CHEMBL831,LOXAPINE,DB00408,Loxapine,P25021,3274,HRH2,HGNC:5183,HRH2,histamine receptor H2,targets,DrugBank,NCBI,validated,previous_mapping
CHEMBL831,LOXAPINE,DB00408,Loxapine,P28221,3352,HTR1D,HGNC:5289,HTR1D,5-hydroxytryptamine receptor 1D,targets,DrugBank,NCBI,validated,previous_mapping
CHEMBL831,LOXAPINE,DB00408,Loxapine,P28222,3351,HTR1B,HGNC:5287,HTR1B,5-hydroxytryptamine receptor 1B,targets,DrugBank,NCBI,validated,previous_mapping
CHEMBL831,LOXAPINE,DB00408,Loxapine,P28223,3356,HTR2A,HGNC:5293,HTR2A,5-hydroxytryptamine receptor 2A,targets,DrugBank,NCBI,validated,previous_mapping
CHEMBL831,LOXAPINE,DB00408,Loxapine,P28335,3358,HTR2C,HGNC:5295,HTR2C,5-hydroxytryptamine receptor 2C,targets,DrugBank,NCBI,validated,previous_mapping
CHEMBL831,LOXAPINE,DB00408,Loxapine,P28566,3354,HTR1E,HGNC:5291,HTR1E,5-hydroxytryptamine receptor 1E,targets,DrugBank,NCBI,validated,previous_mapping
CHEMBL831,LOXAPINE,DB00408,Loxapine,P31645,6532,SLC6A4,HGNC:11050,SLC6A4,solute carrier family 6 member 4,targets,DrugBank,NCBI,validated,previous_mapping
CHEMBL831,LOXAPINE,DB00408,Loxapine,P34969,3363,HTR7,HGNC:5302,HTR7,5-hydroxytryptamine receptor 7,targets,DrugBank,NCBI,validated,previous_mapping
CHEMBL831,LOXAPINE,DB00408,Loxapine,P35348,148,ADRA1A,HGNC:277,ADRA1A,adrenoceptor alpha 1A,targets,DrugBank,NCBI,validated,previous_mapping
CHEMBL831,LOXAPINE,DB00408,Loxapine,P35367,3269,HRH1,HGNC:5182,HRH1,histamine receptor H1,targets,DrugBank,NCBI,validated,previous_mapping
CHEMBL831,LOXAPINE,DB00408,Loxapine,P35368,147,ADRA1B,HGNC:278,ADRA1B,adrenoceptor alpha 1B,targets,DrugBank,NCBI,validated,previous_mapping
CHEMBL831,LOXAPINE,DB00408,Loxapine,P35462,1814,DRD3,HGNC:3024,DRD3,dopamine receptor D3,targets,DrugBank,NCBI,validated,previous_mapping
CHEMBL831,LOXAPINE,DB00408,Loxapine,P46098,3359,HTR3A,HGNC:5297,HTR3A,5-hydroxytryptamine receptor 3A,targets,DrugBank,NCBI,validated,previous_mapping
CHEMBL831,LOXAPINE,DB00408,Loxapine,P47898,3361,HTR5A,HGNC:5300,HTR5A,5-hydroxytryptamine receptor 5A,targets,DrugBank,NCBI,validated,previous_mapping
CHEMBL831,LOXAPINE,DB00408,Loxapine,P50406,3362,HTR6,HGNC:5301,HTR6,5-hydroxytryptamine receptor 6,targets,DrugBank,NCBI,validated,previous_mapping
CHEMBL831,LOXAPINE,DB00408,Loxapine,Q01959,6531,SLC6A3,HGNC:11049,SLC6A3,solute carrier family 6 member 3,targets,DrugBank,NCBI,validated,previous_mapping
CHEMBL831,LOXAPINE,DB00408,Loxapine,Q9H3N8,59340,HRH4,HGNC:17383,HRH4,histamine receptor H4,targets,DrugBank,NCBI,validated,previous_mapping
CHEMBL842,CHLOROTHIAZIDE,DB00880,Chlorothiazide,P00915,759,CA1,HGNC:1368,CA1,carbonic anhydrase 1,targets,DrugBank,NCBI,validated,previous_mapping
CHEMBL842,CHLOROTHIAZIDE,DB00880,Chlorothiazide,P00918,760,CA2,HGNC:1373,CA2,carbonic anhydrase 2,targets,DrugBank,NCBI,validated,previous_mapping
CHEMBL842,CHLOROTHIAZIDE,DB00880,Chlorothiazide,P55017,6559,SLC12A3,HGNC:10912,SLC12A3,solute carrier family 12 member 3,targets,DrugBank,NCBI,validated,previous_mapping
CHEMBL842,CHLOROTHIAZIDE,DB00880,Chlorothiazide,Q4U2R8,9356,SLC22A6,HGNC:10970,SLC22A6,solute carrier family 22 member 6,targets,DrugBank,NCBI,validated,previous_mapping
CHEMBL844,BRIMONIDINE,DB00484,Brimonidine,P08913,150,ADRA2A,HGNC:281,ADRA2A,adrenoceptor alpha 2A,targets,DrugBank,NCBI,validated,previous_mapping
CHEMBL844,BRIMONIDINE,DB00484,Brimonidine,P18089,151,ADRA2B,HGNC:282,ADRA2B,adrenoceptor alpha 2B,targets,DrugBank,NCBI,validated,previous_mapping
CHEMBL844,BRIMONIDINE,DB00484,Brimonidine,P18825,152,ADRA2C,HGNC:283,ADRA2C,adrenoceptor alpha 2C,targets,DrugBank,NCBI,validated,previous_mapping
CHEMBL844,BRIMONIDINE,DB00484,Brimonidine,Q06278,316,AOX1,HGNC:553,AOX1,aldehyde oxidase 1,targets,DrugBank,NCBI,validated,previous_mapping
CHEMBL849,TRICLOSAN,DB08604,Triclosan,O75469,8856,NR1I2,HGNC:7968,NR1I2,nuclear receptor subfamily 1 group I member 2,targets,DrugBank,NCBI,validated,previous_mapping
CHEMBL849,TRICLOSAN,DB08604,Triclosan,P07202,7173,TPO,HGNC:12015,TPO,thyroid peroxidase,targets,DrugBank,NCBI,validated,previous_mapping
CHEMBL849,TRICLOSAN,DB08604,Triclosan,P10275,367,AR,HGNC:644,AR,androgen receptor,targets,DrugBank,NCBI,validated,previous_mapping
CHEMBL849,TRICLOSAN,DB08604,Triclosan,P37231,5468,PPARG,HGNC:9236,PPARG,peroxisome proliferator activated receptor gamma,targets,DrugBank,NCBI,validated,previous_mapping
CHEMBL849,TRICLOSAN,DB08604,Triclosan,Q14994,9970,NR1I3,HGNC:7969,NR1I3,nuclear receptor subfamily 1 group I member 3,targets,DrugBank,NCBI,validated,previous_mapping
CHEMBL85,RISPERIDONE,DB00734,Risperidone,P02763,5004,ORM1,HGNC:8498,ORM1,orosomucoid 1,targets,DrugBank,NCBI,validated,previous_mapping
CHEMBL85,RISPERIDONE,DB00734,Risperidone,P02768,213,ALB,HGNC:399,ALB,albumin,targets,DrugBank,NCBI,validated,previous_mapping
CHEMBL85,RISPERIDONE,DB00734,Risperidone,P08183,5243,ABCB1,HGNC:40,ABCB1,ATP binding cassette subfamily B member 1,targets,DrugBank,NCBI,validated,previous_mapping
CHEMBL85,RISPERIDONE,DB00734,Risperidone,P08684,1576,CYP3A4,HGNC:2637,CYP3A4,cytochrome P450 family 3 subfamily A member 4,targets,DrugBank,NCBI,validated,previous_mapping
CHEMBL85,RISPERIDONE,DB00734,Risperidone,P08908,3350,HTR1A,HGNC:5286,HTR1A,5-hydroxytryptamine receptor 1A,targets,DrugBank,NCBI,validated,previous_mapping
CHEMBL85,RISPERIDONE,DB00734,Risperidone,P10635,1565,CYP2D6,HGNC:2625,CYP2D6,cytochrome P450 family 2 subfamily D member 6 (gene/pseudogene),targets,DrugBank,NCBI,validated,previous_mapping
CHEMBL85,RISPERIDONE,DB00734,Risperidone,P14416,1813,DRD2,HGNC:3023,DRD2,dopamine receptor D2,targets,DrugBank,NCBI,validated,previous_mapping
CHEMBL85,RISPERIDONE,DB00734,Risperidone,P18089,151,ADRA2B,HGNC:282,ADRA2B,adrenoceptor alpha 2B,targets,DrugBank,NCBI,validated,previous_mapping
CHEMBL85,RISPERIDONE,DB00734,Risperidone,P18825,152,ADRA2C,HGNC:283,ADRA2C,adrenoceptor alpha 2C,targets,DrugBank,NCBI,validated,previous_mapping
CHEMBL85,RISPERIDONE,DB00734,Risperidone,P21728,1812,DRD1,HGNC:3020,DRD1,dopamine receptor D1,targets,DrugBank,NCBI,validated,previous_mapping
CHEMBL85,RISPERIDONE,DB00734,Risperidone,P28221,3352,HTR1D,HGNC:5289,HTR1D,5-hydroxytryptamine receptor 1D,targets,DrugBank,NCBI,validated,previous_mapping
CHEMBL85,RISPERIDONE,DB00734,Risperidone,P28223,3356,HTR2A,HGNC:5293,HTR2A,5-hydroxytryptamine receptor 2A,targets,DrugBank,NCBI,validated,previous_mapping
CHEMBL85,RISPERIDONE,DB00734,Risperidone,P28335,3358,HTR2C,HGNC:5295,HTR2C,5-hydroxytryptamine receptor 2C,targets,DrugBank,NCBI,validated,previous_mapping
CHEMBL85,RISPERIDONE,DB00734,Risperidone,P34969,3363,HTR7,HGNC:5302,HTR7,5-hydroxytryptamine receptor 7,targets,DrugBank,NCBI,validated,previous_mapping
CHEMBL85,RISPERIDONE,DB00734,Risperidone,P35348,148,ADRA1A,HGNC:277,ADRA1A,adrenoceptor alpha 1A,targets,DrugBank,NCBI,validated,previous_mapping
CHEMBL85,RISPERIDONE,DB00734,Risperidone,P35367,3269,HRH1,HGNC:5182,HRH1,histamine receptor H1,targets,DrugBank,NCBI,validated,previous_mapping
CHEMBL85,RISPERIDONE,DB00734,Risperidone,P35368,147,ADRA1B,HGNC:278,ADRA1B,adrenoceptor alpha 1B,targets,DrugBank,NCBI,validated,previous_mapping
CHEMBL855,TRIPROLIDINE,DB00427,Triprolidine,P35367,3269,HRH1,HGNC:5182,HRH1,histamine receptor H1,targets,DrugBank,NCBI,validated,previous_mapping
CHEMBL856,PRIMIDONE,DB00794,Primidone,O00591,2568,GABRP,HGNC:4089,GABRP,gamma-aminobutyric acid type A receptor subunit pi,targets,DrugBank,NCBI,validated,previous_mapping
CHEMBL856,PRIMIDONE,DB00794,Primidone,O14764,2563,GABRD,HGNC:4084,GABRD,gamma-aminobutyric acid type A receptor subunit delta,targets,DrugBank,NCBI,validated,previous_mapping
CHEMBL856,PRIMIDONE,DB00794,Primidone,O60656,54600,UGT1A9,HGNC:12541,UGT1A9,UDP glucuronosyltransferase family 1 member A9,targets,DrugBank,NCBI,validated,previous_mapping
CHEMBL856,PRIMIDONE,DB00794,Primidone,P05177,1544,CYP1A2,HGNC:2596,CYP1A2,cytochrome P450 family 1 subfamily A member 2,targets,DrugBank,NCBI,validated,previous_mapping
CHEMBL856,PRIMIDONE,DB00794,Primidone,P05181,1571,CYP2E1,HGNC:2631,CYP2E1,cytochrome P450 family 2 subfamily E member 1,targets,DrugBank,NCBI,validated,previous_mapping
CHEMBL856,PRIMIDONE,DB00794,Primidone,P06133,7363,UGT2B4,HGNC:12553,UGT2B4,UDP glucuronosyltransferase family 2 member B4,targets,DrugBank,NCBI,validated,previous_mapping
CHEMBL856,PRIMIDONE,DB00794,Primidone,P08684,1576,CYP3A4,HGNC:2637,CYP3A4,cytochrome P450 family 3 subfamily A member 4,targets,DrugBank,NCBI,validated,previous_mapping
CHEMBL856,PRIMIDONE,DB00794,Primidone,P11712,1559,CYP2C9,HGNC:2623,CYP2C9,cytochrome P450 family 2 subfamily C member 9,targets,DrugBank,NCBI,validated,previous_mapping
CHEMBL856,PRIMIDONE,DB00794,Primidone,P14867,2554,GABRA1,HGNC:4075,GABRA1,gamma-aminobutyric acid type A receptor subunit alpha1,targets,DrugBank,NCBI,validated,previous_mapping
CHEMBL856,PRIMIDONE,DB00794,Primidone,P16662,7364,UGT2B7,HGNC:12554,UGT2B7,UDP glucuronosyltransferase family 2 member B7,targets,DrugBank,NCBI,validated,previous_mapping
CHEMBL856,PRIMIDONE,DB00794,Primidone,P18505,2560,GABRB1,HGNC:4081,GABRB1,gamma-aminobutyric acid type A receptor subunit beta1,targets,DrugBank,NCBI,validated,previous_mapping
CHEMBL856,PRIMIDONE,DB00794,Primidone,P18507,2566,GABRG2,HGNC:4087,GABRG2,gamma-aminobutyric acid type A receptor subunit gamma2,targets,DrugBank,NCBI,validated,previous_mapping
CHEMBL856,PRIMIDONE,DB00794,Primidone,P19224,54578,UGT1A6,HGNC:12538,UGT1A6,UDP glucuronosyltransferase family 1 member A6,targets,DrugBank,NCBI,validated,previous_mapping
CHEMBL856,PRIMIDONE,DB00794,Primidone,P22309,54658,UGT1A1,HGNC:12530,UGT1A1,UDP glucuronosyltransferase family 1 member A1,targets,DrugBank,NCBI,validated,previous_mapping
CHEMBL856,PRIMIDONE,DB00794,Primidone,P22310,54657,UGT1A4,HGNC:12536,UGT1A4,UDP glucuronosyltransferase family 1 member A4,targets,DrugBank,NCBI,validated,previous_mapping
CHEMBL856,PRIMIDONE,DB00794,Primidone,P28472,2562,GABRB3,HGNC:4083,GABRB3,gamma-aminobutyric acid type A receptor subunit beta3,targets,DrugBank,NCBI,validated,previous_mapping
CHEMBL856,PRIMIDONE,DB00794,Primidone,P31644,2558,GABRA5,HGNC:4079,GABRA5,gamma-aminobutyric acid type A receptor subunit alpha5,targets,DrugBank,NCBI,validated,previous_mapping
CHEMBL856,PRIMIDONE,DB00794,Primidone,P33261,1557,CYP2C19,HGNC:2621,CYP2C19,cytochrome P450 family 2 subfamily C member 19,targets,DrugBank,NCBI,validated,previous_mapping
CHEMBL856,PRIMIDONE,DB00794,Primidone,P34903,2556,GABRA3,HGNC:4077,GABRA3,gamma-aminobutyric acid type A receptor subunit alpha3,targets,DrugBank,NCBI,validated,previous_mapping
CHEMBL856,PRIMIDONE,DB00794,Primidone,P35503,54659,UGT1A3,HGNC:12535,UGT1A3,UDP glucuronosyltransferase family 1 member A3,targets,DrugBank,NCBI,validated,previous_mapping
CHEMBL856,PRIMIDONE,DB00794,Primidone,P36544,1139,CHRNA7,HGNC:1960,CHRNA7,cholinergic receptor nicotinic alpha 7 subunit,targets,DrugBank,NCBI,validated,previous_mapping
CHEMBL856,PRIMIDONE,DB00794,Primidone,P42262,2891,GRIA2,HGNC:4572,GRIA2,glutamate ionotropic receptor AMPA type subunit 2,targets,DrugBank,NCBI,validated,previous_mapping
CHEMBL856,PRIMIDONE,DB00794,Primidone,P43681,1137,CHRNA4,HGNC:1958,CHRNA4,cholinergic receptor nicotinic alpha 4 subunit,targets,DrugBank,NCBI,validated,previous_mapping
CHEMBL856,PRIMIDONE,DB00794,Primidone,P47869,2555,GABRA2,HGNC:4076,GABRA2,gamma-aminobutyric acid type A receptor subunit alpha2,targets,DrugBank,NCBI,validated,previous_mapping
CHEMBL856,PRIMIDONE,DB00794,Primidone,P47870,2561,GABRB2,HGNC:4082,GABRB2,gamma-aminobutyric acid type A receptor subunit beta2,targets,DrugBank,NCBI,validated,previous_mapping
CHEMBL856,PRIMIDONE,DB00794,Primidone,P48169,2557,GABRA4,HGNC:4078,GABRA4,gamma-aminobutyric acid type A receptor subunit alpha4,targets,DrugBank,NCBI,validated,previous_mapping
CHEMBL856,PRIMIDONE,DB00794,Primidone,P54855,7366,UGT2B15,HGNC:12546,UGT2B15,UDP glucuronosyltransferase family 2 member B15,targets,DrugBank,NCBI,validated,previous_mapping
CHEMBL856,PRIMIDONE,DB00794,Primidone,P78334,2564,GABRE,HGNC:4085,GABRE,gamma-aminobutyric acid type A receptor subunit epsilon,targets,DrugBank,NCBI,validated,previous_mapping
CHEMBL856,PRIMIDONE,DB00794,Primidone,Q13002,2898,GRIK2,HGNC:4580,GRIK2,glutamate ionotropic receptor kainate type subunit 2,targets,DrugBank,NCBI,validated,previous_mapping
CHEMBL856,PRIMIDONE,DB00794,Primidone,Q16445,2559,GABRA6,HGNC:4080,GABRA6,gamma-aminobutyric acid type A receptor subunit alpha6,targets,DrugBank,NCBI,validated,previous_mapping
CHEMBL856,PRIMIDONE,DB00794,Primidone,Q8N1C3,2565,GABRG1,HGNC:4086,GABRG1,gamma-aminobutyric acid type A receptor subunit gamma1,targets,DrugBank,NCBI,validated,previous_mapping
CHEMBL856,PRIMIDONE,DB00794,Primidone,Q99928,2567,GABRG3,HGNC:4088,GABRG3,gamma-aminobutyric acid type A receptor subunit gamma3,targets,DrugBank,NCBI,validated,previous_mapping
CHEMBL856,PRIMIDONE,DB00794,Primidone,Q9HAW7,54577,UGT1A7,HGNC:12539,UGT1A7,UDP glucuronosyltransferase family 1 member A7,targets,DrugBank,NCBI,validated,previous_mapping
CHEMBL856,PRIMIDONE,DB00794,Primidone,Q9HAW8,54575,UGT1A10,HGNC:12531,UGT1A10,UDP glucuronosyltransferase family 1 member A10,targets,DrugBank,NCBI,validated,previous_mapping
CHEMBL856,PRIMIDONE,DB00794,Primidone,Q9HAW9,54576,UGT1A8,HGNC:12540,UGT1A8,UDP glucuronosyltransferase family 1 member A8,targets,DrugBank,NCBI,validated,previous_mapping
CHEMBL856,PRIMIDONE,DB00794,Primidone,Q9HCF6,80036,TRPM3,HGNC:17992,TRPM3,transient receptor potential cation channel subfamily M member 3,targets,DrugBank,NCBI,validated,previous_mapping
CHEMBL856,PRIMIDONE,DB00794,Primidone,Q9UN88,55879,GABRQ,HGNC:14454,GABRQ,gamma-aminobutyric acid type A receptor subunit theta,targets,DrugBank,NCBI,validated,previous_mapping
CHEMBL858,EDETIC ACID,DB00974,Edetic acid,P00813,100,ADA,HGNC:186,ADA,adenosine deaminase,targets,DrugBank,NCBI,validated,previous_mapping
CHEMBL858,EDETIC ACID,DB00974,Edetic acid,P11511,1588,CYP19A1,HGNC:2594,CYP19A1,cytochrome P450 family 19 subfamily A member 1,targets,DrugBank,NCBI,validated,previous_mapping
CHEMBL858,EDETIC ACID,DB00974,Edetic acid,Q15166,5446,PON3,HGNC:9206,PON3,paraoxonase 3,targets,DrugBank,NCBI,validated,previous_mapping
CHEMBL86,METOCLOPRAMIDE,DB01233,Metoclopramide,P02763,5004,ORM1,HGNC:8498,ORM1,orosomucoid 1,targets,DrugBank,NCBI,validated,previous_mapping
CHEMBL86,METOCLOPRAMIDE,DB01233,Metoclopramide,P05177,1544,CYP1A2,HGNC:2596,CYP1A2,cytochrome P450 family 1 subfamily A member 2,targets,DrugBank,NCBI,validated,previous_mapping
CHEMBL86,METOCLOPRAMIDE,DB01233,Metoclopramide,P08183,5243,ABCB1,HGNC:40,ABCB1,ATP binding cassette subfamily B member 1,targets,DrugBank,NCBI,validated,previous_mapping
CHEMBL86,METOCLOPRAMIDE,DB01233,Metoclopramide,P08684,1576,CYP3A4,HGNC:2637,CYP3A4,cytochrome P450 family 3 subfamily A member 4,targets,DrugBank,NCBI,validated,previous_mapping
CHEMBL86,METOCLOPRAMIDE,DB01233,Metoclopramide,P10635,1565,CYP2D6,HGNC:2625,CYP2D6,cytochrome P450 family 2 subfamily D member 6 (gene/pseudogene),targets,DrugBank,NCBI,validated,previous_mapping
CHEMBL86,METOCLOPRAMIDE,DB01233,Metoclopramide,P11229,1128,CHRM1,HGNC:1950,CHRM1,cholinergic receptor muscarinic 1,targets,DrugBank,NCBI,validated,previous_mapping
CHEMBL86,METOCLOPRAMIDE,DB01233,Metoclopramide,P14416,1813,DRD2,HGNC:3023,DRD2,dopamine receptor D2,targets,DrugBank,NCBI,validated,previous_mapping
CHEMBL86,METOCLOPRAMIDE,DB01233,Metoclopramide,P46098,3359,HTR3A,HGNC:5297,HTR3A,5-hydroxytryptamine receptor 3A,targets,DrugBank,NCBI,validated,previous_mapping
CHEMBL86,METOCLOPRAMIDE,DB01233,Metoclopramide,Q13639,3360,HTR4,HGNC:5299,HTR4,5-hydroxytryptamine receptor 4,targets,DrugBank,NCBI,validated,previous_mapping
CHEMBL861,MEPHENYTOIN,DB00532,Mephenytoin,O75469,8856,NR1I2,HGNC:7968,NR1I2,nuclear receptor subfamily 1 group I member 2,targets,DrugBank,NCBI,validated,previous_mapping
CHEMBL861,MEPHENYTOIN,DB00532,Mephenytoin,P05177,1544,CYP1A2,HGNC:2596,CYP1A2,cytochrome P450 family 1 subfamily A member 2,targets,DrugBank,NCBI,validated,previous_mapping
CHEMBL861,MEPHENYTOIN,DB00532,Mephenytoin,P05543,6906,SERPINA7,HGNC:11583,SERPINA7,serpin family A member 7,targets,DrugBank,NCBI,validated,previous_mapping
CHEMBL861,MEPHENYTOIN,DB00532,Mephenytoin,P10632,1558,CYP2C8,HGNC:2622,CYP2C8,cytochrome P450 family 2 subfamily C member 8,targets,DrugBank,NCBI,validated,previous_mapping
CHEMBL861,MEPHENYTOIN,DB00532,Mephenytoin,P10635,1565,CYP2D6,HGNC:2625,CYP2D6,cytochrome P450 family 2 subfamily D member 6 (gene/pseudogene),targets,DrugBank,NCBI,validated,previous_mapping
CHEMBL861,MEPHENYTOIN,DB00532,Mephenytoin,P11712,1559,CYP2C9,HGNC:2623,CYP2C9,cytochrome P450 family 2 subfamily C member 9,targets,DrugBank,NCBI,validated,previous_mapping
CHEMBL861,MEPHENYTOIN,DB00532,Mephenytoin,P20813,1555,CYP2B6,HGNC:2615,CYP2B6,cytochrome P450 family 2 subfamily B member 6,targets,DrugBank,NCBI,validated,previous_mapping
CHEMBL861,MEPHENYTOIN,DB00532,Mephenytoin,P33261,1557,CYP2C19,HGNC:2621,CYP2C19,cytochrome P450 family 2 subfamily C member 19,targets,DrugBank,NCBI,validated,previous_mapping
CHEMBL861,MEPHENYTOIN,DB00532,Mephenytoin,Q14524,6331,SCN5A,HGNC:10593,SCN5A,sodium voltage-gated channel alpha subunit 5,targets,DrugBank,NCBI,validated,previous_mapping
CHEMBL862,GUANFACINE,DB01018,Guanfacine,O15244,6582,SLC22A2,HGNC:10966,SLC22A2,solute carrier family 22 member 2,targets,DrugBank,NCBI,validated,previous_mapping
CHEMBL862,GUANFACINE,DB01018,Guanfacine,O15245,6580,SLC22A1,HGNC:10963,SLC22A1,solute carrier family 22 member 1,targets,DrugBank,NCBI,validated,previous_mapping
CHEMBL862,GUANFACINE,DB01018,Guanfacine,P08684,1576,CYP3A4,HGNC:2637,CYP3A4,cytochrome P450 family 3 subfamily A member 4,targets,DrugBank,NCBI,validated,previous_mapping
CHEMBL862,GUANFACINE,DB01018,Guanfacine,P08913,150,ADRA2A,HGNC:281,ADRA2A,adrenoceptor alpha 2A,targets,DrugBank,NCBI,validated,previous_mapping
CHEMBL862,GUANFACINE,DB01018,Guanfacine,P18089,151,ADRA2B,HGNC:282,ADRA2B,adrenoceptor alpha 2B,targets,DrugBank,NCBI,validated,previous_mapping
CHEMBL862,GUANFACINE,DB01018,Guanfacine,P33261,1557,CYP2C19,HGNC:2621,CYP2C19,cytochrome P450 family 2 subfamily C member 19,targets,DrugBank,NCBI,validated,previous_mapping
CHEMBL862,GUANFACINE,DB01018,Guanfacine,Q96FL8,55244,SLC47A1,HGNC:25588,SLC47A1,solute carrier family 47 member 1,targets,DrugBank,NCBI,validated,previous_mapping
CHEMBL86304,MOCLOBEMIDE,DB01171,Moclobemide,P10635,1565,CYP2D6,HGNC:2625,CYP2D6,cytochrome P450 family 2 subfamily D member 6 (gene/pseudogene),targets,DrugBank,NCBI,validated,previous_mapping
CHEMBL86304,MOCLOBEMIDE,DB01171,Moclobemide,P11712,1559,CYP2C9,HGNC:2623,CYP2C9,cytochrome P450 family 2 subfamily C member 9,targets,DrugBank,NCBI,validated,previous_mapping
CHEMBL86304,MOCLOBEMIDE,DB01171,Moclobemide,P21397,4128,MAOA,HGNC:6833,MAOA,monoamine oxidase A,targets,DrugBank,NCBI,validated,previous_mapping
CHEMBL86304,MOCLOBEMIDE,DB01171,Moclobemide,P27338,4129,MAOB,HGNC:6834,MAOB,monoamine oxidase B,targets,DrugBank,NCBI,validated,previous_mapping
CHEMBL86304,MOCLOBEMIDE,DB01171,Moclobemide,P33261,1557,CYP2C19,HGNC:2621,CYP2C19,cytochrome P450 family 2 subfamily C member 19,targets,DrugBank,NCBI,validated,previous_mapping
CHEMBL864,CARBINOXAMINE,DB00748,Carbinoxamine,P35367,3269,HRH1,HGNC:5182,HRH1,histamine receptor H1,targets,DrugBank,NCBI,validated,previous_mapping
CHEMBL86715,PROCYCLIDINE,DB00387,Procyclidine,P08172,1129,CHRM2,HGNC:1951,CHRM2,cholinergic receptor muscarinic 2,targets,DrugBank,NCBI,validated,previous_mapping
CHEMBL86715,PROCYCLIDINE,DB00387,Procyclidine,P08173,1132,CHRM4,HGNC:1953,CHRM4,cholinergic receptor muscarinic 4,targets,DrugBank,NCBI,validated,previous_mapping
CHEMBL86715,PROCYCLIDINE,DB00387,Procyclidine,P11229,1128,CHRM1,HGNC:1950,CHRM1,cholinergic receptor muscarinic 1,targets,DrugBank,NCBI,validated,previous_mapping
CHEMBL86715,PROCYCLIDINE,DB00387,Procyclidine,P20309,1131,CHRM3,HGNC:1952,CHRM3,cholinergic receptor muscarinic 3,targets,DrugBank,NCBI,validated,previous_mapping
CHEMBL877,TRANEXAMIC ACID,DB00302,Tranexamic acid,P00747,5340,PLG,HGNC:9071,PLG,plasminogen,targets,DrugBank,NCBI,validated,previous_mapping
CHEMBL877,TRANEXAMIC ACID,DB00302,Tranexamic acid,Q16348,6565,SLC15A2,HGNC:10921,SLC15A2,solute carrier family 15 member 2,targets,DrugBank,NCBI,validated,previous_mapping
CHEMBL885,EMTRICITABINE,DB00879,Emtricitabine,P02768,213,ALB,HGNC:399,ALB,albumin,targets,DrugBank,NCBI,validated,previous_mapping
CHEMBL885,EMTRICITABINE,DB00879,Emtricitabine,P27707,1633,DCK,HGNC:2704,DCK,deoxycytidine kinase,targets,DrugBank,NCBI,validated,previous_mapping
CHEMBL885,EMTRICITABINE,DB00879,Emtricitabine,Q96FL8,55244,SLC47A1,HGNC:25588,SLC47A1,solute carrier family 47 member 1,targets,DrugBank,NCBI,validated,previous_mapping
CHEMBL887,RASAGILINE,DB01367,Rasagiline,P05177,1544,CYP1A2,HGNC:2596,CYP1A2,cytochrome P450 family 1 subfamily A member 2,targets,DrugBank,NCBI,validated,previous_mapping
CHEMBL887,RASAGILINE,DB01367,Rasagiline,P10415,596,BCL2,HGNC:990,BCL2,BCL2 apoptosis regulator,targets,DrugBank,NCBI,validated,previous_mapping
CHEMBL887,RASAGILINE,DB01367,Rasagiline,P27338,4129,MAOB,HGNC:6834,MAOB,monoamine oxidase B,targets,DrugBank,NCBI,validated,previous_mapping
CHEMBL894,BUPROPION,DB01156,Bupropion,O15244,6582,SLC22A2,HGNC:10966,SLC22A2,solute carrier family 22 member 2,targets,DrugBank,NCBI,validated,previous_mapping
CHEMBL894,BUPROPION,DB01156,Bupropion,P02763,5004,ORM1,HGNC:8498,ORM1,orosomucoid 1,targets,DrugBank,NCBI,validated,previous_mapping
CHEMBL894,BUPROPION,DB01156,Bupropion,P05181,1571,CYP2E1,HGNC:2631,CYP2E1,cytochrome P450 family 2 subfamily E member 1,targets,DrugBank,NCBI,validated,previous_mapping
CHEMBL894,BUPROPION,DB01156,Bupropion,P10635,1565,CYP2D6,HGNC:2625,CYP2D6,cytochrome P450 family 2 subfamily D member 6 (gene/pseudogene),targets,DrugBank,NCBI,validated,previous_mapping
CHEMBL894,BUPROPION,DB01156,Bupropion,P11712,1559,CYP2C9,HGNC:2623,CYP2C9,cytochrome P450 family 2 subfamily C member 9,targets,DrugBank,NCBI,validated,previous_mapping
CHEMBL894,BUPROPION,DB01156,Bupropion,P20813,1555,CYP2B6,HGNC:2615,CYP2B6,cytochrome P450 family 2 subfamily B member 6,targets,DrugBank,NCBI,validated,previous_mapping
CHEMBL894,BUPROPION,DB01156,Bupropion,P23975,6530,SLC6A2,HGNC:11048,SLC6A2,solute carrier family 6 member 2,targets,DrugBank,NCBI,validated,previous_mapping
CHEMBL894,BUPROPION,DB01156,Bupropion,P32297,1136,CHRNA3,HGNC:1957,CHRNA3,cholinergic receptor nicotinic alpha 3 subunit,targets,DrugBank,NCBI,validated,previous_mapping
CHEMBL894,BUPROPION,DB01156,Bupropion,P46098,3359,HTR3A,HGNC:5297,HTR3A,5-hydroxytryptamine receptor 3A,targets,DrugBank,NCBI,validated,previous_mapping
CHEMBL894,BUPROPION,DB01156,Bupropion,Q01959,6531,SLC6A3,HGNC:11049,SLC6A3,solute carrier family 6 member 3,targets,DrugBank,NCBI,validated,previous_mapping
CHEMBL895,NALBUPHINE,DB00844,Nalbuphine,P35372,4988,OPRM1,HGNC:8156,OPRM1,opioid receptor mu 1,targets,DrugBank,NCBI,validated,previous_mapping
CHEMBL895,NALBUPHINE,DB00844,Nalbuphine,P41143,4985,OPRD1,HGNC:8153,OPRD1,opioid receptor delta 1,targets,DrugBank,NCBI,validated,previous_mapping
CHEMBL895,NALBUPHINE,DB00844,Nalbuphine,P41145,4986,OPRK1,HGNC:8154,OPRK1,opioid receptor kappa 1,targets,DrugBank,NCBI,validated,previous_mapping
CHEMBL896,HYDROXYZINE,DB00557,Hydroxyzine,P02768,213,ALB,HGNC:399,ALB,albumin,targets,DrugBank,NCBI,validated,previous_mapping
CHEMBL896,HYDROXYZINE,DB00557,Hydroxyzine,P08183,5243,ABCB1,HGNC:40,ABCB1,ATP binding cassette subfamily B member 1,targets,DrugBank,NCBI,validated,previous_mapping
CHEMBL896,HYDROXYZINE,DB00557,Hydroxyzine,P08684,1576,CYP3A4,HGNC:2637,CYP3A4,cytochrome P450 family 3 subfamily A member 4,targets,DrugBank,NCBI,validated,previous_mapping
CHEMBL896,HYDROXYZINE,DB00557,Hydroxyzine,P10635,1565,CYP2D6,HGNC:2625,CYP2D6,cytochrome P450 family 2 subfamily D member 6 (gene/pseudogene),targets,DrugBank,NCBI,validated,previous_mapping
CHEMBL896,HYDROXYZINE,DB00557,Hydroxyzine,P20815,1577,CYP3A5,HGNC:2638,CYP3A5,cytochrome P450 family 3 subfamily A member 5,targets,DrugBank,NCBI,validated,previous_mapping
CHEMBL896,HYDROXYZINE,DB00557,Hydroxyzine,P35367,3269,HRH1,HGNC:5182,HRH1,histamine receptor H1,targets,DrugBank,NCBI,validated,previous_mapping
CHEMBL896,HYDROXYZINE,DB00557,Hydroxyzine,Q12809,3757,KCNH2,HGNC:6251,KCNH2,potassium voltage-gated channel subfamily H member 2,targets,DrugBank,NCBI,validated,previous_mapping
CHEMBL9,NORFLOXACIN,DB01059,Norfloxacin,O76082,6584,SLC22A5,HGNC:10969,SLC22A5,solute carrier family 22 member 5,targets,DrugBank,NCBI,validated,previous_mapping
CHEMBL9,NORFLOXACIN,DB01059,Norfloxacin,P04798,1543,CYP1A1,HGNC:2595,CYP1A1,cytochrome P450 family 1 subfamily A member 1,targets,DrugBank,NCBI,validated,previous_mapping
CHEMBL9,NORFLOXACIN,DB01059,Norfloxacin,P05177,1544,CYP1A2,HGNC:2596,CYP1A2,cytochrome P450 family 1 subfamily A member 2,targets,DrugBank,NCBI,validated,previous_mapping
CHEMBL9,NORFLOXACIN,DB01059,Norfloxacin,P08684,1576,CYP3A4,HGNC:2637,CYP3A4,cytochrome P450 family 3 subfamily A member 4,targets,DrugBank,NCBI,validated,previous_mapping
CHEMBL9,NORFLOXACIN,DB01059,Norfloxacin,P11388,7153,TOP2A,HGNC:11989,TOP2A,DNA topoisomerase II alpha,targets,DrugBank,NCBI,validated,previous_mapping
CHEMBL9,NORFLOXACIN,DB01059,Norfloxacin,Q4U2R8,9356,SLC22A6,HGNC:10970,SLC22A6,solute carrier family 22 member 6,targets,DrugBank,NCBI,validated,previous_mapping
CHEMBL900,ORPHENADRINE,DB01173,Orphenadrine,O15399,2906,GRIN2D,HGNC:4588,GRIN2D,glutamate ionotropic receptor NMDA type subunit 2D,targets,DrugBank,NCBI,validated,previous_mapping
CHEMBL900,ORPHENADRINE,DB01173,Orphenadrine,O60391,116444,GRIN3B,HGNC:16768,GRIN3B,glutamate ionotropic receptor NMDA type subunit 3B,targets,DrugBank,NCBI,validated,previous_mapping
CHEMBL900,ORPHENADRINE,DB01173,Orphenadrine,P05177,1544,CYP1A2,HGNC:2596,CYP1A2,cytochrome P450 family 1 subfamily A member 2,targets,DrugBank,NCBI,validated,previous_mapping
CHEMBL900,ORPHENADRINE,DB01173,Orphenadrine,P05181,1571,CYP2E1,HGNC:2631,CYP2E1,cytochrome P450 family 2 subfamily E member 1,targets,DrugBank,NCBI,validated,previous_mapping
CHEMBL900,ORPHENADRINE,DB01173,Orphenadrine,P08684,1576,CYP3A4,HGNC:2637,CYP3A4,cytochrome P450 family 3 subfamily A member 4,targets,DrugBank,NCBI,validated,previous_mapping
CHEMBL900,ORPHENADRINE,DB01173,Orphenadrine,P10635,1565,CYP2D6,HGNC:2625,CYP2D6,cytochrome P450 family 2 subfamily D member 6 (gene/pseudogene),targets,DrugBank,NCBI,validated,previous_mapping
CHEMBL900,ORPHENADRINE,DB01173,Orphenadrine,P20813,1555,CYP2B6,HGNC:2615,CYP2B6,cytochrome P450 family 2 subfamily B member 6,targets,DrugBank,NCBI,validated,previous_mapping
CHEMBL900,ORPHENADRINE,DB01173,Orphenadrine,P23975,6530,SLC6A2,HGNC:11048,SLC6A2,solute carrier family 6 member 2,targets,DrugBank,NCBI,validated,previous_mapping
CHEMBL900,ORPHENADRINE,DB01173,Orphenadrine,P35367,3269,HRH1,HGNC:5182,HRH1,histamine receptor H1,targets,DrugBank,NCBI,validated,previous_mapping
CHEMBL900,ORPHENADRINE,DB01173,Orphenadrine,Q05586,2902,GRIN1,HGNC:4584,GRIN1,glutamate ionotropic receptor NMDA type subunit 1,targets,DrugBank,NCBI,validated,previous_mapping
CHEMBL900,ORPHENADRINE,DB01173,Orphenadrine,Q8TCU5,116443,GRIN3A,HGNC:16767,GRIN3A,glutamate ionotropic receptor NMDA type subunit 3A,targets,DrugBank,NCBI,validated,previous_mapping
CHEMBL900,ORPHENADRINE,DB01173,Orphenadrine,Q9Y5Y9,6336,SCN10A,HGNC:10582,SCN10A,sodium voltage-gated channel alpha subunit 10,targets,DrugBank,NCBI,validated,previous_mapping
CHEMBL905,RIZATRIPTAN,DB00953,Rizatriptan,P21397,4128,MAOA,HGNC:6833,MAOA,monoamine oxidase A,targets,DrugBank,NCBI,validated,previous_mapping
CHEMBL905,RIZATRIPTAN,DB00953,Rizatriptan,P28221,3352,HTR1D,HGNC:5289,HTR1D,5-hydroxytryptamine receptor 1D,targets,DrugBank,NCBI,validated,previous_mapping
CHEMBL905,RIZATRIPTAN,DB00953,Rizatriptan,P28222,3351,HTR1B,HGNC:5287,HTR1B,5-hydroxytryptamine receptor 1B,targets,DrugBank,NCBI,validated,previous_mapping
CHEMBL905,RIZATRIPTAN,DB00953,Rizatriptan,P30939,3355,HTR1F,HGNC:5292,HTR1F,5-hydroxytryptamine receptor 1F,targets,DrugBank,NCBI,validated,previous_mapping
CHEMBL908,CHLORPROTHIXENE,DB01239,Chlorprothixene,A5X5Y0,285242,HTR3E,HGNC:24005,HTR3E,5-hydroxytryptamine receptor 3E,targets,DrugBank,NCBI,validated,previous_mapping
CHEMBL908,CHLORPROTHIXENE,DB01239,Chlorprothixene,O95264,9177,HTR3B,HGNC:5298,HTR3B,5-hydroxytryptamine receptor 3B,targets,DrugBank,NCBI,validated,previous_mapping
CHEMBL908,CHLORPROTHIXENE,DB01239,Chlorprothixene,P08172,1129,CHRM2,HGNC:1951,CHRM2,cholinergic receptor muscarinic 2,targets,DrugBank,NCBI,validated,previous_mapping
CHEMBL908,CHLORPROTHIXENE,DB01239,Chlorprothixene,P08173,1132,CHRM4,HGNC:1953,CHRM4,cholinergic receptor muscarinic 4,targets,DrugBank,NCBI,validated,previous_mapping
CHEMBL908,CHLORPROTHIXENE,DB01239,Chlorprothixene,P08183,5243,ABCB1,HGNC:40,ABCB1,ATP binding cassette subfamily B member 1,targets,DrugBank,NCBI,validated,previous_mapping
CHEMBL908,CHLORPROTHIXENE,DB01239,Chlorprothixene,P08908,3350,HTR1A,HGNC:5286,HTR1A,5-hydroxytryptamine receptor 1A,targets,DrugBank,NCBI,validated,previous_mapping
CHEMBL908,CHLORPROTHIXENE,DB01239,Chlorprothixene,P08912,1133,CHRM5,HGNC:1954,CHRM5,cholinergic receptor muscarinic 5,targets,DrugBank,NCBI,validated,previous_mapping
CHEMBL908,CHLORPROTHIXENE,DB01239,Chlorprothixene,P11229,1128,CHRM1,HGNC:1950,CHRM1,cholinergic receptor muscarinic 1,targets,DrugBank,NCBI,validated,previous_mapping
CHEMBL908,CHLORPROTHIXENE,DB01239,Chlorprothixene,P14416,1813,DRD2,HGNC:3023,DRD2,dopamine receptor D2,targets,DrugBank,NCBI,validated,previous_mapping
CHEMBL908,CHLORPROTHIXENE,DB01239,Chlorprothixene,P20309,1131,CHRM3,HGNC:1952,CHRM3,cholinergic receptor muscarinic 3,targets,DrugBank,NCBI,validated,previous_mapping
CHEMBL908,CHLORPROTHIXENE,DB01239,Chlorprothixene,P21728,1812,DRD1,HGNC:3020,DRD1,dopamine receptor D1,targets,DrugBank,NCBI,validated,previous_mapping
CHEMBL908,CHLORPROTHIXENE,DB01239,Chlorprothixene,P28221,3352,HTR1D,HGNC:5289,HTR1D,5-hydroxytryptamine receptor 1D,targets,DrugBank,NCBI,validated,previous_mapping
CHEMBL908,CHLORPROTHIXENE,DB01239,Chlorprothixene,P28222,3351,HTR1B,HGNC:5287,HTR1B,5-hydroxytryptamine receptor 1B,targets,DrugBank,NCBI,validated,previous_mapping
CHEMBL908,CHLORPROTHIXENE,DB01239,Chlorprothixene,P28223,3356,HTR2A,HGNC:5293,HTR2A,5-hydroxytryptamine receptor 2A,targets,DrugBank,NCBI,validated,previous_mapping
CHEMBL908,CHLORPROTHIXENE,DB01239,Chlorprothixene,P28335,3358,HTR2C,HGNC:5295,HTR2C,5-hydroxytryptamine receptor 2C,targets,DrugBank,NCBI,validated,previous_mapping
CHEMBL908,CHLORPROTHIXENE,DB01239,Chlorprothixene,P28566,3354,HTR1E,HGNC:5291,HTR1E,5-hydroxytryptamine receptor 1E,targets,DrugBank,NCBI,validated,previous_mapping
CHEMBL908,CHLORPROTHIXENE,DB01239,Chlorprothixene,P30939,3355,HTR1F,HGNC:5292,HTR1F,5-hydroxytryptamine receptor 1F,targets,DrugBank,NCBI,validated,previous_mapping
CHEMBL908,CHLORPROTHIXENE,DB01239,Chlorprothixene,P34969,3363,HTR7,HGNC:5302,HTR7,5-hydroxytryptamine receptor 7,targets,DrugBank,NCBI,validated,previous_mapping
CHEMBL908,CHLORPROTHIXENE,DB01239,Chlorprothixene,P35367,3269,HRH1,HGNC:5182,HRH1,histamine receptor H1,targets,DrugBank,NCBI,validated,previous_mapping
CHEMBL908,CHLORPROTHIXENE,DB01239,Chlorprothixene,P35462,1814,DRD3,HGNC:3024,DRD3,dopamine receptor D3,targets,DrugBank,NCBI,validated,previous_mapping
CHEMBL908,CHLORPROTHIXENE,DB01239,Chlorprothixene,P41595,3357,HTR2B,HGNC:5294,HTR2B,5-hydroxytryptamine receptor 2B,targets,DrugBank,NCBI,validated,previous_mapping
CHEMBL908,CHLORPROTHIXENE,DB01239,Chlorprothixene,P46098,3359,HTR3A,HGNC:5297,HTR3A,5-hydroxytryptamine receptor 3A,targets,DrugBank,NCBI,validated,previous_mapping
CHEMBL908,CHLORPROTHIXENE,DB01239,Chlorprothixene,P50406,3362,HTR6,HGNC:5301,HTR6,5-hydroxytryptamine receptor 6,targets,DrugBank,NCBI,validated,previous_mapping
CHEMBL908,CHLORPROTHIXENE,DB01239,Chlorprothixene,Q13639,3360,HTR4,HGNC:5299,HTR4,5-hydroxytryptamine receptor 4,targets,DrugBank,NCBI,validated,previous_mapping
CHEMBL908,CHLORPROTHIXENE,DB01239,Chlorprothixene,Q70Z44,200909,HTR3D,HGNC:24004,HTR3D,5-hydroxytryptamine receptor 3D,targets,DrugBank,NCBI,validated,previous_mapping
CHEMBL908,CHLORPROTHIXENE,DB01239,Chlorprothixene,Q8WXA8,170572,HTR3C,HGNC:24003,HTR3C,5-hydroxytryptamine receptor 3C,targets,DrugBank,NCBI,validated,previous_mapping
CHEMBL911,ZOLPIDEM,DB00425,Zolpidem,P05177,1544,CYP1A2,HGNC:2596,CYP1A2,cytochrome P450 family 1 subfamily A member 2,targets,DrugBank,NCBI,validated,previous_mapping
CHEMBL911,ZOLPIDEM,DB00425,Zolpidem,P08684,1576,CYP3A4,HGNC:2637,CYP3A4,cytochrome P450 family 3 subfamily A member 4,targets,DrugBank,NCBI,validated,previous_mapping
CHEMBL911,ZOLPIDEM,DB00425,Zolpidem,P10635,1565,CYP2D6,HGNC:2625,CYP2D6,cytochrome P450 family 2 subfamily D member 6 (gene/pseudogene),targets,DrugBank,NCBI,validated,previous_mapping
CHEMBL911,ZOLPIDEM,DB00425,Zolpidem,P11712,1559,CYP2C9,HGNC:2623,CYP2C9,cytochrome P450 family 2 subfamily C member 9,targets,DrugBank,NCBI,validated,previous_mapping
CHEMBL911,ZOLPIDEM,DB00425,Zolpidem,P14867,2554,GABRA1,HGNC:4075,GABRA1,gamma-aminobutyric acid type A receptor subunit alpha1,targets,DrugBank,NCBI,validated,previous_mapping
CHEMBL911,ZOLPIDEM,DB00425,Zolpidem,P18507,2566,GABRG2,HGNC:4087,GABRG2,gamma-aminobutyric acid type A receptor subunit gamma2,targets,DrugBank,NCBI,validated,previous_mapping
CHEMBL911,ZOLPIDEM,DB00425,Zolpidem,P33261,1557,CYP2C19,HGNC:2621,CYP2C19,cytochrome P450 family 2 subfamily C member 19,targets,DrugBank,NCBI,validated,previous_mapping
CHEMBL911,ZOLPIDEM,DB00425,Zolpidem,P34903,2556,GABRA3,HGNC:4077,GABRA3,gamma-aminobutyric acid type A receptor subunit alpha3,targets,DrugBank,NCBI,validated,previous_mapping
CHEMBL911,ZOLPIDEM,DB00425,Zolpidem,P47869,2555,GABRA2,HGNC:4076,GABRA2,gamma-aminobutyric acid type A receptor subunit alpha2,targets,DrugBank,NCBI,validated,previous_mapping
CHEMBL916,TIROFIBAN,DB00775,Tirofiban,P05106,3690,ITGB3,HGNC:6156,ITGB3,integrin subunit beta 3,targets,DrugBank,NCBI,validated,previous_mapping
CHEMBL916,TIROFIBAN,DB00775,Tirofiban,P08514,3674,ITGA2B,HGNC:6138,ITGA2B,integrin subunit alpha 2b,targets,DrugBank,NCBI,validated,previous_mapping
CHEMBL918,PHENACEMIDE,DB01121,Phenacemide,P35498,6323,SCN1A,HGNC:10585,SCN1A,sodium voltage-gated channel alpha subunit 1,targets,DrugBank,NCBI,validated,previous_mapping
CHEMBL92401,IPRONIAZID,DB04818,Iproniazid,P10635,1565,CYP2D6,HGNC:2625,CYP2D6,cytochrome P450 family 2 subfamily D member 6 (gene/pseudogene),targets,DrugBank,NCBI,validated,previous_mapping
CHEMBL92401,IPRONIAZID,DB04818,Iproniazid,P11712,1559,CYP2C9,HGNC:2623,CYP2C9,cytochrome P450 family 2 subfamily C member 9,targets,DrugBank,NCBI,validated,previous_mapping
CHEMBL92401,IPRONIAZID,DB04818,Iproniazid,P21397,4128,MAOA,HGNC:6833,MAOA,monoamine oxidase A,targets,DrugBank,NCBI,validated,previous_mapping
CHEMBL92401,IPRONIAZID,DB04818,Iproniazid,P27338,4129,MAOB,HGNC:6834,MAOB,monoamine oxidase B,targets,DrugBank,NCBI,validated,previous_mapping
CHEMBL93,ZILEUTON,DB00744,Zileuton,O60656,54600,UGT1A9,HGNC:12541,UGT1A9,UDP glucuronosyltransferase family 1 member A9,targets,DrugBank,NCBI,validated,previous_mapping
CHEMBL93,ZILEUTON,DB00744,Zileuton,P02768,213,ALB,HGNC:399,ALB,albumin,targets,DrugBank,NCBI,validated,previous_mapping
CHEMBL93,ZILEUTON,DB00744,Zileuton,P05177,1544,CYP1A2,HGNC:2596,CYP1A2,cytochrome P450 family 1 subfamily A member 2,targets,DrugBank,NCBI,validated,previous_mapping
CHEMBL93,ZILEUTON,DB00744,Zileuton,P08684,1576,CYP3A4,HGNC:2637,CYP3A4,cytochrome P450 family 3 subfamily A member 4,targets,DrugBank,NCBI,validated,previous_mapping
CHEMBL93,ZILEUTON,DB00744,Zileuton,P09917,240,ALOX5,HGNC:435,ALOX5,arachidonate 5-lipoxygenase,targets,DrugBank,NCBI,validated,previous_mapping
CHEMBL93,ZILEUTON,DB00744,Zileuton,P11712,1559,CYP2C9,HGNC:2623,CYP2C9,cytochrome P450 family 2 subfamily C member 9,targets,DrugBank,NCBI,validated,previous_mapping
CHEMBL93,ZILEUTON,DB00744,Zileuton,P23219,5742,PTGS1,HGNC:9604,PTGS1,prostaglandin-endoperoxide synthase 1,targets,DrugBank,NCBI,validated,previous_mapping
CHEMBL932,DIPYRIDAMOLE,DB00975,Dipyridamole,O15439,10257,ABCC4,HGNC:55,ABCC4,ATP binding cassette subfamily C member 4 (PEL blood group),targets,DrugBank,NCBI,validated,previous_mapping
CHEMBL932,DIPYRIDAMOLE,DB00975,Dipyridamole,O15440,10057,ABCC5,HGNC:56,ABCC5,ATP binding cassette subfamily C member 5,targets,DrugBank,NCBI,validated,previous_mapping
CHEMBL932,DIPYRIDAMOLE,DB00975,Dipyridamole,O76074,8654,PDE5A,HGNC:8784,PDE5A,phosphodiesterase 5A,targets,DrugBank,NCBI,validated,previous_mapping
CHEMBL932,DIPYRIDAMOLE,DB00975,Dipyridamole,O94956,11309,SLCO2B1,HGNC:10962,SLCO2B1,solute carrier organic anion transporter family member 2B1,targets,DrugBank,NCBI,validated,previous_mapping
CHEMBL932,DIPYRIDAMOLE,DB00975,Dipyridamole,O95342,8647,ABCB11,HGNC:42,ABCB11,ATP binding cassette subfamily B member 11,targets,DrugBank,NCBI,validated,previous_mapping
CHEMBL932,DIPYRIDAMOLE,DB00975,Dipyridamole,P00813,100,ADA,HGNC:186,ADA,adenosine deaminase,targets,DrugBank,NCBI,validated,previous_mapping
CHEMBL932,DIPYRIDAMOLE,DB00975,Dipyridamole,P02763,5004,ORM1,HGNC:8498,ORM1,orosomucoid 1,targets,DrugBank,NCBI,validated,previous_mapping
CHEMBL932,DIPYRIDAMOLE,DB00975,Dipyridamole,P08183,5243,ABCB1,HGNC:40,ABCB1,ATP binding cassette subfamily B member 1,targets,DrugBank,NCBI,validated,previous_mapping
CHEMBL932,DIPYRIDAMOLE,DB00975,Dipyridamole,P27815,5141,PDE4A,HGNC:8780,PDE4A,phosphodiesterase 4A,targets,DrugBank,NCBI,validated,previous_mapping
CHEMBL932,DIPYRIDAMOLE,DB00975,Dipyridamole,P53805,1827,RCAN1,HGNC:3040,RCAN1,regulator of calcineurin 1,targets,DrugBank,NCBI,validated,previous_mapping
CHEMBL932,DIPYRIDAMOLE,DB00975,Dipyridamole,Q9NPD5,28234,SLCO1B3,HGNC:10961,SLCO1B3,solute carrier organic anion transporter family member 1B3,targets,DrugBank,NCBI,validated,previous_mapping
CHEMBL932,DIPYRIDAMOLE,DB00975,Dipyridamole,Q9Y233,10846,PDE10A,HGNC:8772,PDE10A,phosphodiesterase 10A,targets,DrugBank,NCBI,validated,previous_mapping
CHEMBL932,DIPYRIDAMOLE,DB00975,Dipyridamole,Q9Y6L6,10599,SLCO1B1,HGNC:10959,SLCO1B1,solute carrier organic anion transporter family member 1B1,targets,DrugBank,NCBI,validated,previous_mapping
CHEMBL94,PHYSOSTIGMINE,DB00981,Physostigmine,P17787,1141,CHRNB2,HGNC:1962,CHRNB2,cholinergic receptor nicotinic beta 2 subunit,targets,DrugBank,NCBI,validated,previous_mapping
CHEMBL94,PHYSOSTIGMINE,DB00981,Physostigmine,P22303,43,ACHE,HGNC:108,ACHE,acetylcholinesterase (Yt blood group),targets,DrugBank,NCBI,validated,previous_mapping
CHEMBL94,PHYSOSTIGMINE,DB00981,Physostigmine,P43681,1137,CHRNA4,HGNC:1958,CHRNA4,cholinergic receptor nicotinic alpha 4 subunit,targets,DrugBank,NCBI,validated,previous_mapping
CHEMBL940,GABAPENTIN,DB00996,Gabapentin,O43525,3786,KCNQ3,HGNC:6297,KCNQ3,potassium voltage-gated channel subfamily Q member 3,targets,DrugBank,NCBI,validated,previous_mapping
CHEMBL940,GABAPENTIN,DB00996,Gabapentin,P30542,134,ADORA1,HGNC:262,ADORA1,adenosine A1 receptor,targets,DrugBank,NCBI,validated,previous_mapping
CHEMBL940,GABAPENTIN,DB00996,Gabapentin,P54289,781,CACNA2D1,HGNC:1399,CACNA2D1,calcium voltage-gated channel auxiliary subunit alpha2delta 1,targets,DrugBank,NCBI,validated,previous_mapping
CHEMBL940,GABAPENTIN,DB00996,Gabapentin,P54687,586,BCAT1,HGNC:976,BCAT1,branched chain amino acid transaminase 1,targets,DrugBank,NCBI,validated,previous_mapping
CHEMBL940,GABAPENTIN,DB00996,Gabapentin,Q00975,774,CACNA1B,HGNC:1389,CACNA1B,calcium voltage-gated channel subunit alpha1 B,targets,DrugBank,NCBI,validated,previous_mapping
CHEMBL940,GABAPENTIN,DB00996,Gabapentin,Q01650,8140,SLC7A5,HGNC:11063,SLC7A5,solute carrier family 7 member 5,targets,DrugBank,NCBI,validated,previous_mapping
CHEMBL940,GABAPENTIN,DB00996,Gabapentin,Q9NR82,56479,KCNQ5,HGNC:6299,KCNQ5,potassium voltage-gated channel subfamily Q member 5,targets,DrugBank,NCBI,validated,previous_mapping
CHEMBL940,GABAPENTIN,DB00996,Gabapentin,Q9NY47,9254,CACNA2D2,HGNC:1400,CACNA2D2,calcium voltage-gated channel auxiliary subunit alpha2delta 2,targets,DrugBank,NCBI,validated,previous_mapping
CHEMBL95,TACRINE,DB00382,Tacrine,P05177,1544,CYP1A2,HGNC:2596,CYP1A2,cytochrome P450 family 1 subfamily A member 2,targets,DrugBank,NCBI,validated,previous_mapping
CHEMBL95,TACRINE,DB00382,Tacrine,P06276,590,BCHE,HGNC:983,BCHE,butyrylcholinesterase,targets,DrugBank,NCBI,validated,previous_mapping
CHEMBL95,TACRINE,DB00382,Tacrine,P08183,5243,ABCB1,HGNC:40,ABCB1,ATP binding cassette subfamily B member 1,targets,DrugBank,NCBI,validated,previous_mapping
CHEMBL95,TACRINE,DB00382,Tacrine,P22303,43,ACHE,HGNC:108,ACHE,acetylcholinesterase (Yt blood group),targets,DrugBank,NCBI,validated,previous_mapping
CHEMBL95,TACRINE,DB00382,Tacrine,P23141,1066,CES1,HGNC:1863,CES1,carboxylesterase 1,targets,DrugBank,NCBI,validated,previous_mapping
CHEMBL953,ENTACAPONE,DB00494,Entacapone,O60656,54600,UGT1A9,HGNC:12541,UGT1A9,UDP glucuronosyltransferase family 1 member A9,targets,DrugBank,NCBI,validated,previous_mapping
CHEMBL953,ENTACAPONE,DB00494,Entacapone,P10635,1565,CYP2D6,HGNC:2625,CYP2D6,cytochrome P450 family 2 subfamily D member 6 (gene/pseudogene),targets,DrugBank,NCBI,validated,previous_mapping
CHEMBL953,ENTACAPONE,DB00494,Entacapone,P21964,1312,COMT,HGNC:2228,COMT,catechol-O-methyltransferase,targets,DrugBank,NCBI,validated,previous_mapping
CHEMBL963,OXYMORPHONE,DB01192,Oxymorphone,P08684,1576,CYP3A4,HGNC:2637,CYP3A4,cytochrome P450 family 3 subfamily A member 4,targets,DrugBank,NCBI,validated,previous_mapping
CHEMBL963,OXYMORPHONE,DB01192,Oxymorphone,P10635,1565,CYP2D6,HGNC:2625,CYP2D6,cytochrome P450 family 2 subfamily D member 6 (gene/pseudogene),targets,DrugBank,NCBI,validated,previous_mapping
CHEMBL963,OXYMORPHONE,DB01192,Oxymorphone,P35372,4988,OPRM1,HGNC:8156,OPRM1,opioid receptor mu 1,targets,DrugBank,NCBI,validated,previous_mapping
CHEMBL963,OXYMORPHONE,DB01192,Oxymorphone,P41143,4985,OPRD1,HGNC:8153,OPRD1,opioid receptor delta 1,targets,DrugBank,NCBI,validated,previous_mapping
CHEMBL964,DISULFIRAM,DB00822,Disulfiram,O95342,8647,ABCB11,HGNC:42,ABCB11,ATP binding cassette subfamily B member 11,targets,DrugBank,NCBI,validated,previous_mapping
CHEMBL964,DISULFIRAM,DB00822,Disulfiram,P05091,217,ALDH2,HGNC:404,ALDH2,aldehyde dehydrogenase 2 family member,targets,DrugBank,NCBI,validated,previous_mapping
CHEMBL964,DISULFIRAM,DB00822,Disulfiram,P05181,1571,CYP2E1,HGNC:2631,CYP2E1,cytochrome P450 family 2 subfamily E member 1,targets,DrugBank,NCBI,validated,previous_mapping
CHEMBL964,DISULFIRAM,DB00822,Disulfiram,P08684,1576,CYP3A4,HGNC:2637,CYP3A4,cytochrome P450 family 3 subfamily A member 4,targets,DrugBank,NCBI,validated,previous_mapping
CHEMBL964,DISULFIRAM,DB00822,Disulfiram,P09172,1621,DBH,HGNC:2689,DBH,dopamine beta-hydroxylase,targets,DrugBank,NCBI,validated,previous_mapping
CHEMBL964,DISULFIRAM,DB00822,Disulfiram,P20815,1577,CYP3A5,HGNC:2638,CYP3A5,cytochrome P450 family 3 subfamily A member 5,targets,DrugBank,NCBI,validated,previous_mapping
CHEMBL967,TEMAZEPAM,DB00231,Temazepam,O00591,2568,GABRP,HGNC:4089,GABRP,gamma-aminobutyric acid type A receptor subunit pi,targets,DrugBank,NCBI,validated,previous_mapping
CHEMBL967,TEMAZEPAM,DB00231,Temazepam,O14764,2563,GABRD,HGNC:4084,GABRD,gamma-aminobutyric acid type A receptor subunit delta,targets,DrugBank,NCBI,validated,previous_mapping
CHEMBL967,TEMAZEPAM,DB00231,Temazepam,P08684,1576,CYP3A4,HGNC:2637,CYP3A4,cytochrome P450 family 3 subfamily A member 4,targets,DrugBank,NCBI,validated,previous_mapping
CHEMBL967,TEMAZEPAM,DB00231,Temazepam,P11712,1559,CYP2C9,HGNC:2623,CYP2C9,cytochrome P450 family 2 subfamily C member 9,targets,DrugBank,NCBI,validated,previous_mapping
CHEMBL967,TEMAZEPAM,DB00231,Temazepam,P14867,2554,GABRA1,HGNC:4075,GABRA1,gamma-aminobutyric acid type A receptor subunit alpha1,targets,DrugBank,NCBI,validated,previous_mapping
CHEMBL967,TEMAZEPAM,DB00231,Temazepam,P18505,2560,GABRB1,HGNC:4081,GABRB1,gamma-aminobutyric acid type A receptor subunit beta1,targets,DrugBank,NCBI,validated,previous_mapping
CHEMBL967,TEMAZEPAM,DB00231,Temazepam,P18507,2566,GABRG2,HGNC:4087,GABRG2,gamma-aminobutyric acid type A receptor subunit gamma2,targets,DrugBank,NCBI,validated,previous_mapping
CHEMBL967,TEMAZEPAM,DB00231,Temazepam,P20813,1555,CYP2B6,HGNC:2615,CYP2B6,cytochrome P450 family 2 subfamily B member 6,targets,DrugBank,NCBI,validated,previous_mapping
CHEMBL967,TEMAZEPAM,DB00231,Temazepam,P28472,2562,GABRB3,HGNC:4083,GABRB3,gamma-aminobutyric acid type A receptor subunit beta3,targets,DrugBank,NCBI,validated,previous_mapping
CHEMBL967,TEMAZEPAM,DB00231,Temazepam,P31644,2558,GABRA5,HGNC:4079,GABRA5,gamma-aminobutyric acid type A receptor subunit alpha5,targets,DrugBank,NCBI,validated,previous_mapping
CHEMBL967,TEMAZEPAM,DB00231,Temazepam,P34903,2556,GABRA3,HGNC:4077,GABRA3,gamma-aminobutyric acid type A receptor subunit alpha3,targets,DrugBank,NCBI,validated,previous_mapping
CHEMBL967,TEMAZEPAM,DB00231,Temazepam,P47869,2555,GABRA2,HGNC:4076,GABRA2,gamma-aminobutyric acid type A receptor subunit alpha2,targets,DrugBank,NCBI,validated,previous_mapping
CHEMBL967,TEMAZEPAM,DB00231,Temazepam,P47870,2561,GABRB2,HGNC:4082,GABRB2,gamma-aminobutyric acid type A receptor subunit beta2,targets,DrugBank,NCBI,validated,previous_mapping
CHEMBL967,TEMAZEPAM,DB00231,Temazepam,P48169,2557,GABRA4,HGNC:4078,GABRA4,gamma-aminobutyric acid type A receptor subunit alpha4,targets,DrugBank,NCBI,validated,previous_mapping
CHEMBL967,TEMAZEPAM,DB00231,Temazepam,P78334,2564,GABRE,HGNC:4085,GABRE,gamma-aminobutyric acid type A receptor subunit epsilon,targets,DrugBank,NCBI,validated,previous_mapping
CHEMBL967,TEMAZEPAM,DB00231,Temazepam,Q16445,2559,GABRA6,HGNC:4080,GABRA6,gamma-aminobutyric acid type A receptor subunit alpha6,targets,DrugBank,NCBI,validated,previous_mapping
CHEMBL967,TEMAZEPAM,DB00231,Temazepam,Q8N1C3,2565,GABRG1,HGNC:4086,GABRG1,gamma-aminobutyric acid type A receptor subunit gamma1,targets,DrugBank,NCBI,validated,previous_mapping
CHEMBL967,TEMAZEPAM,DB00231,Temazepam,Q99928,2567,GABRG3,HGNC:4088,GABRG3,gamma-aminobutyric acid type A receptor subunit gamma3,targets,DrugBank,NCBI,validated,previous_mapping
CHEMBL967,TEMAZEPAM,DB00231,Temazepam,Q9UN88,55879,GABRQ,HGNC:14454,GABRQ,gamma-aminobutyric acid type A receptor subunit theta,targets,DrugBank,NCBI,validated,previous_mapping
CHEMBL968,FLURAZEPAM,DB00690,Flurazepam,O00591,2568,GABRP,HGNC:4089,GABRP,gamma-aminobutyric acid type A receptor subunit pi,targets,DrugBank,NCBI,validated,previous_mapping
CHEMBL968,FLURAZEPAM,DB00690,Flurazepam,O14764,2563,GABRD,HGNC:4084,GABRD,gamma-aminobutyric acid type A receptor subunit delta,targets,DrugBank,NCBI,validated,previous_mapping
CHEMBL968,FLURAZEPAM,DB00690,Flurazepam,O15244,6582,SLC22A2,HGNC:10966,SLC22A2,solute carrier family 22 member 2,targets,DrugBank,NCBI,validated,previous_mapping
CHEMBL968,FLURAZEPAM,DB00690,Flurazepam,P05181,1571,CYP2E1,HGNC:2631,CYP2E1,cytochrome P450 family 2 subfamily E member 1,targets,DrugBank,NCBI,validated,previous_mapping
CHEMBL968,FLURAZEPAM,DB00690,Flurazepam,P08183,5243,ABCB1,HGNC:40,ABCB1,ATP binding cassette subfamily B member 1,targets,DrugBank,NCBI,validated,previous_mapping
CHEMBL968,FLURAZEPAM,DB00690,Flurazepam,P08684,1576,CYP3A4,HGNC:2637,CYP3A4,cytochrome P450 family 3 subfamily A member 4,targets,DrugBank,NCBI,validated,previous_mapping
CHEMBL968,FLURAZEPAM,DB00690,Flurazepam,P11509,1548,CYP2A6,HGNC:2610,CYP2A6,cytochrome P450 family 2 subfamily A member 6,targets,DrugBank,NCBI,validated,previous_mapping
CHEMBL968,FLURAZEPAM,DB00690,Flurazepam,P14867,2554,GABRA1,HGNC:4075,GABRA1,gamma-aminobutyric acid type A receptor subunit alpha1,targets,DrugBank,NCBI,validated,previous_mapping
CHEMBL968,FLURAZEPAM,DB00690,Flurazepam,P18505,2560,GABRB1,HGNC:4081,GABRB1,gamma-aminobutyric acid type A receptor subunit beta1,targets,DrugBank,NCBI,validated,previous_mapping
CHEMBL968,FLURAZEPAM,DB00690,Flurazepam,P18507,2566,GABRG2,HGNC:4087,GABRG2,gamma-aminobutyric acid type A receptor subunit gamma2,targets,DrugBank,NCBI,validated,previous_mapping
CHEMBL968,FLURAZEPAM,DB00690,Flurazepam,P28472,2562,GABRB3,HGNC:4083,GABRB3,gamma-aminobutyric acid type A receptor subunit beta3,targets,DrugBank,NCBI,validated,previous_mapping
CHEMBL968,FLURAZEPAM,DB00690,Flurazepam,P31644,2558,GABRA5,HGNC:4079,GABRA5,gamma-aminobutyric acid type A receptor subunit alpha5,targets,DrugBank,NCBI,validated,previous_mapping
CHEMBL968,FLURAZEPAM,DB00690,Flurazepam,P34903,2556,GABRA3,HGNC:4077,GABRA3,gamma-aminobutyric acid type A receptor subunit alpha3,targets,DrugBank,NCBI,validated,previous_mapping
CHEMBL968,FLURAZEPAM,DB00690,Flurazepam,P47869,2555,GABRA2,HGNC:4076,GABRA2,gamma-aminobutyric acid type A receptor subunit alpha2,targets,DrugBank,NCBI,validated,previous_mapping
CHEMBL968,FLURAZEPAM,DB00690,Flurazepam,P47870,2561,GABRB2,HGNC:4082,GABRB2,gamma-aminobutyric acid type A receptor subunit beta2,targets,DrugBank,NCBI,validated,previous_mapping
CHEMBL968,FLURAZEPAM,DB00690,Flurazepam,P48169,2557,GABRA4,HGNC:4078,GABRA4,gamma-aminobutyric acid type A receptor subunit alpha4,targets,DrugBank,NCBI,validated,previous_mapping
CHEMBL968,FLURAZEPAM,DB00690,Flurazepam,P78334,2564,GABRE,HGNC:4085,GABRE,gamma-aminobutyric acid type A receptor subunit epsilon,targets,DrugBank,NCBI,validated,previous_mapping
CHEMBL968,FLURAZEPAM,DB00690,Flurazepam,Q16445,2559,GABRA6,HGNC:4080,GABRA6,gamma-aminobutyric acid type A receptor subunit alpha6,targets,DrugBank,NCBI,validated,previous_mapping
CHEMBL968,FLURAZEPAM,DB00690,Flurazepam,Q8N1C3,2565,GABRG1,HGNC:4086,GABRG1,gamma-aminobutyric acid type A receptor subunit gamma1,targets,DrugBank,NCBI,validated,previous_mapping
CHEMBL968,FLURAZEPAM,DB00690,Flurazepam,Q99928,2567,GABRG3,HGNC:4088,GABRG3,gamma-aminobutyric acid type A receptor subunit gamma3,targets,DrugBank,NCBI,validated,previous_mapping
CHEMBL968,FLURAZEPAM,DB00690,Flurazepam,Q9UN88,55879,GABRQ,HGNC:14454,GABRQ,gamma-aminobutyric acid type A receptor subunit theta,targets,DrugBank,NCBI,validated,previous_mapping
CHEMBL969,PRAZEPAM,DB01588,Prazepam,O00591,2568,GABRP,HGNC:4089,GABRP,gamma-aminobutyric acid type A receptor subunit pi,targets,DrugBank,NCBI,validated,previous_mapping
CHEMBL969,PRAZEPAM,DB01588,Prazepam,O14764,2563,GABRD,HGNC:4084,GABRD,gamma-aminobutyric acid type A receptor subunit delta,targets,DrugBank,NCBI,validated,previous_mapping
CHEMBL969,PRAZEPAM,DB01588,Prazepam,P08684,1576,CYP3A4,HGNC:2637,CYP3A4,cytochrome P450 family 3 subfamily A member 4,targets,DrugBank,NCBI,validated,previous_mapping
CHEMBL969,PRAZEPAM,DB01588,Prazepam,P14867,2554,GABRA1,HGNC:4075,GABRA1,gamma-aminobutyric acid type A receptor subunit alpha1,targets,DrugBank,NCBI,validated,previous_mapping
CHEMBL969,PRAZEPAM,DB01588,Prazepam,P18505,2560,GABRB1,HGNC:4081,GABRB1,gamma-aminobutyric acid type A receptor subunit beta1,targets,DrugBank,NCBI,validated,previous_mapping
CHEMBL969,PRAZEPAM,DB01588,Prazepam,P18507,2566,GABRG2,HGNC:4087,GABRG2,gamma-aminobutyric acid type A receptor subunit gamma2,targets,DrugBank,NCBI,validated,previous_mapping
CHEMBL969,PRAZEPAM,DB01588,Prazepam,P28472,2562,GABRB3,HGNC:4083,GABRB3,gamma-aminobutyric acid type A receptor subunit beta3,targets,DrugBank,NCBI,validated,previous_mapping
CHEMBL969,PRAZEPAM,DB01588,Prazepam,P31644,2558,GABRA5,HGNC:4079,GABRA5,gamma-aminobutyric acid type A receptor subunit alpha5,targets,DrugBank,NCBI,validated,previous_mapping
CHEMBL969,PRAZEPAM,DB01588,Prazepam,P34903,2556,GABRA3,HGNC:4077,GABRA3,gamma-aminobutyric acid type A receptor subunit alpha3,targets,DrugBank,NCBI,validated,previous_mapping
CHEMBL969,PRAZEPAM,DB01588,Prazepam,P47869,2555,GABRA2,HGNC:4076,GABRA2,gamma-aminobutyric acid type A receptor subunit alpha2,targets,DrugBank,NCBI,validated,previous_mapping
CHEMBL969,PRAZEPAM,DB01588,Prazepam,P47870,2561,GABRB2,HGNC:4082,GABRB2,gamma-aminobutyric acid type A receptor subunit beta2,targets,DrugBank,NCBI,validated,previous_mapping
CHEMBL969,PRAZEPAM,DB01588,Prazepam,P48169,2557,GABRA4,HGNC:4078,GABRA4,gamma-aminobutyric acid type A receptor subunit alpha4,targets,DrugBank,NCBI,validated,previous_mapping
CHEMBL969,PRAZEPAM,DB01588,Prazepam,P78334,2564,GABRE,HGNC:4085,GABRE,gamma-aminobutyric acid type A receptor subunit epsilon,targets,DrugBank,NCBI,validated,previous_mapping
CHEMBL969,PRAZEPAM,DB01588,Prazepam,Q16445,2559,GABRA6,HGNC:4080,GABRA6,gamma-aminobutyric acid type A receptor subunit alpha6,targets,DrugBank,NCBI,validated,previous_mapping
CHEMBL969,PRAZEPAM,DB01588,Prazepam,Q8N1C3,2565,GABRG1,HGNC:4086,GABRG1,gamma-aminobutyric acid type A receptor subunit gamma1,targets,DrugBank,NCBI,validated,previous_mapping
CHEMBL969,PRAZEPAM,DB01588,Prazepam,Q99928,2567,GABRG3,HGNC:4088,GABRG3,gamma-aminobutyric acid type A receptor subunit gamma3,targets,DrugBank,NCBI,validated,previous_mapping
CHEMBL969,PRAZEPAM,DB01588,Prazepam,Q9UN88,55879,GABRQ,HGNC:14454,GABRQ,gamma-aminobutyric acid type A receptor subunit theta,targets,DrugBank,NCBI,validated,previous_mapping
CHEMBL972,SELEGILINE,DB01037,Selegiline,P05177,1544,CYP1A2,HGNC:2596,CYP1A2,cytochrome P450 family 1 subfamily A member 2,targets,DrugBank,NCBI,validated,previous_mapping
CHEMBL972,SELEGILINE,DB01037,Selegiline,P05181,1571,CYP2E1,HGNC:2631,CYP2E1,cytochrome P450 family 2 subfamily E member 1,targets,DrugBank,NCBI,validated,previous_mapping
CHEMBL972,SELEGILINE,DB01037,Selegiline,P08183,5243,ABCB1,HGNC:40,ABCB1,ATP binding cassette subfamily B member 1,targets,DrugBank,NCBI,validated,previous_mapping
CHEMBL972,SELEGILINE,DB01037,Selegiline,P08684,1576,CYP3A4,HGNC:2637,CYP3A4,cytochrome P450 family 3 subfamily A member 4,targets,DrugBank,NCBI,validated,previous_mapping
CHEMBL972,SELEGILINE,DB01037,Selegiline,P10632,1558,CYP2C8,HGNC:2622,CYP2C8,cytochrome P450 family 2 subfamily C member 8,targets,DrugBank,NCBI,validated,previous_mapping
CHEMBL972,SELEGILINE,DB01037,Selegiline,P10635,1565,CYP2D6,HGNC:2625,CYP2D6,cytochrome P450 family 2 subfamily D member 6 (gene/pseudogene),targets,DrugBank,NCBI,validated,previous_mapping
CHEMBL972,SELEGILINE,DB01037,Selegiline,P11509,1548,CYP2A6,HGNC:2610,CYP2A6,cytochrome P450 family 2 subfamily A member 6,targets,DrugBank,NCBI,validated,previous_mapping
CHEMBL972,SELEGILINE,DB01037,Selegiline,P11712,1559,CYP2C9,HGNC:2623,CYP2C9,cytochrome P450 family 2 subfamily C member 9,targets,DrugBank,NCBI,validated,previous_mapping
CHEMBL972,SELEGILINE,DB01037,Selegiline,P20813,1555,CYP2B6,HGNC:2615,CYP2B6,cytochrome P450 family 2 subfamily B member 6,targets,DrugBank,NCBI,validated,previous_mapping
CHEMBL972,SELEGILINE,DB01037,Selegiline,P21397,4128,MAOA,HGNC:6833,MAOA,monoamine oxidase A,targets,DrugBank,NCBI,validated,previous_mapping
CHEMBL972,SELEGILINE,DB01037,Selegiline,P27338,4129,MAOB,HGNC:6834,MAOB,monoamine oxidase B,targets,DrugBank,NCBI,validated,previous_mapping
CHEMBL972,SELEGILINE,DB01037,Selegiline,P33261,1557,CYP2C19,HGNC:2621,CYP2C19,cytochrome P450 family 2 subfamily C member 19,targets,DrugBank,NCBI,validated,previous_mapping
CHEMBL973,TERIFLUNOMIDE,DB08880,Teriflunomide,P05177,1544,CYP1A2,HGNC:2596,CYP1A2,cytochrome P450 family 1 subfamily A member 2,targets,DrugBank,NCBI,validated,previous_mapping
CHEMBL973,TERIFLUNOMIDE,DB08880,Teriflunomide,P10632,1558,CYP2C8,HGNC:2622,CYP2C8,cytochrome P450 family 2 subfamily C member 8,targets,DrugBank,NCBI,validated,previous_mapping
CHEMBL973,TERIFLUNOMIDE,DB08880,Teriflunomide,Q02127,1723,DHODH,HGNC:2867,DHODH,dihydroorotate dehydrogenase (quinone),targets,DrugBank,NCBI,validated,previous_mapping
CHEMBL973,TERIFLUNOMIDE,DB08880,Teriflunomide,Q9UNQ0,9429,ABCG2,HGNC:74,ABCG2,ATP binding cassette subfamily G member 2 (JR blood group),targets,DrugBank,NCBI,validated,previous_mapping
CHEMBL973,TERIFLUNOMIDE,DB08880,Teriflunomide,Q9Y6L6,10599,SLCO1B1,HGNC:10959,SLCO1B1,solute carrier organic anion transporter family member 1B1,targets,DrugBank,NCBI,validated,previous_mapping
CHEMBL976,PRAZIQUANTEL,DB01058,Praziquantel,P05177,1544,CYP1A2,HGNC:2596,CYP1A2,cytochrome P450 family 1 subfamily A member 2,targets,DrugBank,NCBI,validated,previous_mapping
CHEMBL976,PRAZIQUANTEL,DB01058,Praziquantel,P08684,1576,CYP3A4,HGNC:2637,CYP3A4,cytochrome P450 family 3 subfamily A member 4,targets,DrugBank,NCBI,validated,previous_mapping
CHEMBL976,PRAZIQUANTEL,DB01058,Praziquantel,P20815,1577,CYP3A5,HGNC:2638,CYP3A5,cytochrome P450 family 3 subfamily A member 5,targets,DrugBank,NCBI,validated,previous_mapping
CHEMBL976,PRAZIQUANTEL,DB01058,Praziquantel,P24462,1551,CYP3A7,HGNC:2640,CYP3A7,cytochrome P450 family 3 subfamily A member 7,targets,DrugBank,NCBI,validated,previous_mapping
CHEMBL976,PRAZIQUANTEL,DB01058,Praziquantel,P33261,1557,CYP2C19,HGNC:2621,CYP2C19,cytochrome P450 family 2 subfamily C member 19,targets,DrugBank,NCBI,validated,previous_mapping
CHEMBL976,PRAZIQUANTEL,DB01058,Praziquantel,Q9HB55,64816,CYP3A43,HGNC:17450,CYP3A43,cytochrome P450 family 3 subfamily A member 43,targets,DrugBank,NCBI,validated,previous_mapping
CHEMBL978,METHACHOLINE,DB06709,Methacholine,P20309,1131,CHRM3,HGNC:1952,CHRM3,cholinergic receptor muscarinic 3,targets,DrugBank,NCBI,validated,previous_mapping
CHEMBL979,MEPROBAMATE,DB00371,Meprobamate,O00591,2568,GABRP,HGNC:4089,GABRP,gamma-aminobutyric acid type A receptor subunit pi,targets,DrugBank,NCBI,validated,previous_mapping
CHEMBL979,MEPROBAMATE,DB00371,Meprobamate,O14764,2563,GABRD,HGNC:4084,GABRD,gamma-aminobutyric acid type A receptor subunit delta,targets,DrugBank,NCBI,validated,previous_mapping
CHEMBL979,MEPROBAMATE,DB00371,Meprobamate,P14867,2554,GABRA1,HGNC:4075,GABRA1,gamma-aminobutyric acid type A receptor subunit alpha1,targets,DrugBank,NCBI,validated,previous_mapping
CHEMBL979,MEPROBAMATE,DB00371,Meprobamate,P18505,2560,GABRB1,HGNC:4081,GABRB1,gamma-aminobutyric acid type A receptor subunit beta1,targets,DrugBank,NCBI,validated,previous_mapping
CHEMBL979,MEPROBAMATE,DB00371,Meprobamate,P18507,2566,GABRG2,HGNC:4087,GABRG2,gamma-aminobutyric acid type A receptor subunit gamma2,targets,DrugBank,NCBI,validated,previous_mapping
CHEMBL979,MEPROBAMATE,DB00371,Meprobamate,P28472,2562,GABRB3,HGNC:4083,GABRB3,gamma-aminobutyric acid type A receptor subunit beta3,targets,DrugBank,NCBI,validated,previous_mapping
CHEMBL979,MEPROBAMATE,DB00371,Meprobamate,P31644,2558,GABRA5,HGNC:4079,GABRA5,gamma-aminobutyric acid type A receptor subunit alpha5,targets,DrugBank,NCBI,validated,previous_mapping
CHEMBL979,MEPROBAMATE,DB00371,Meprobamate,P34903,2556,GABRA3,HGNC:4077,GABRA3,gamma-aminobutyric acid type A receptor subunit alpha3,targets,DrugBank,NCBI,validated,previous_mapping
CHEMBL979,MEPROBAMATE,DB00371,Meprobamate,P47869,2555,GABRA2,HGNC:4076,GABRA2,gamma-aminobutyric acid type A receptor subunit alpha2,targets,DrugBank,NCBI,validated,previous_mapping
CHEMBL979,MEPROBAMATE,DB00371,Meprobamate,P47870,2561,GABRB2,HGNC:4082,GABRB2,gamma-aminobutyric acid type A receptor subunit beta2,targets,DrugBank,NCBI,validated,previous_mapping
CHEMBL979,MEPROBAMATE,DB00371,Meprobamate,P48169,2557,GABRA4,HGNC:4078,GABRA4,gamma-aminobutyric acid type A receptor subunit alpha4,targets,DrugBank,NCBI,validated,previous_mapping
CHEMBL979,MEPROBAMATE,DB00371,Meprobamate,P78334,2564,GABRE,HGNC:4085,GABRE,gamma-aminobutyric acid type A receptor subunit epsilon,targets,DrugBank,NCBI,validated,previous_mapping
CHEMBL979,MEPROBAMATE,DB00371,Meprobamate,Q16445,2559,GABRA6,HGNC:4080,GABRA6,gamma-aminobutyric acid type A receptor subunit alpha6,targets,DrugBank,NCBI,validated,previous_mapping
CHEMBL979,MEPROBAMATE,DB00371,Meprobamate,Q8N1C3,2565,GABRG1,HGNC:4086,GABRG1,gamma-aminobutyric acid type A receptor subunit gamma1,targets,DrugBank,NCBI,validated,previous_mapping
CHEMBL979,MEPROBAMATE,DB00371,Meprobamate,Q99928,2567,GABRG3,HGNC:4088,GABRG3,gamma-aminobutyric acid type A receptor subunit gamma3,targets,DrugBank,NCBI,validated,previous_mapping
CHEMBL979,MEPROBAMATE,DB00371,Meprobamate,Q9UN88,55879,GABRQ,HGNC:14454,GABRQ,gamma-aminobutyric acid type A receptor subunit theta,targets,DrugBank,NCBI,validated,previous_mapping
CHEMBL980,GUAIFENESIN,DB00874,Guaifenesin,O15399,2906,GRIN2D,HGNC:4588,GRIN2D,glutamate ionotropic receptor NMDA type subunit 2D,targets,DrugBank,NCBI,validated,previous_mapping
CHEMBL980,GUAIFENESIN,DB00874,Guaifenesin,O60391,116444,GRIN3B,HGNC:16768,GRIN3B,glutamate ionotropic receptor NMDA type subunit 3B,targets,DrugBank,NCBI,validated,previous_mapping
CHEMBL980,GUAIFENESIN,DB00874,Guaifenesin,Q05586,2902,GRIN1,HGNC:4584,GRIN1,glutamate ionotropic receptor NMDA type subunit 1,targets,DrugBank,NCBI,validated,previous_mapping
CHEMBL980,GUAIFENESIN,DB00874,Guaifenesin,Q12879,2903,GRIN2A,HGNC:4585,GRIN2A,glutamate ionotropic receptor NMDA type subunit 2A,targets,DrugBank,NCBI,validated,previous_mapping
CHEMBL980,GUAIFENESIN,DB00874,Guaifenesin,Q13224,2904,GRIN2B,HGNC:4586,GRIN2B,glutamate ionotropic receptor NMDA type subunit 2B,targets,DrugBank,NCBI,validated,previous_mapping
CHEMBL980,GUAIFENESIN,DB00874,Guaifenesin,Q14957,2905,GRIN2C,HGNC:4587,GRIN2C,glutamate ionotropic receptor NMDA type subunit 2C,targets,DrugBank,NCBI,validated,previous_mapping
CHEMBL980,GUAIFENESIN,DB00874,Guaifenesin,Q8TCU5,116443,GRIN3A,HGNC:16767,GRIN3A,glutamate ionotropic receptor NMDA type subunit 3A,targets,DrugBank,NCBI,validated,previous_mapping
CHEMBL99946,LEVOMILNACIPRAN,DB08918,Levomilnacipran,P08183,5243,ABCB1,HGNC:40,ABCB1,ATP binding cassette subfamily B member 1,targets,DrugBank,NCBI,validated,previous_mapping
CHEMBL99946,LEVOMILNACIPRAN,DB08918,Levomilnacipran,P08684,1576,CYP3A4,HGNC:2637,CYP3A4,cytochrome P450 family 3 subfamily A member 4,targets,DrugBank,NCBI,validated,previous_mapping
CHEMBL99946,LEVOMILNACIPRAN,DB08918,Levomilnacipran,P10632,1558,CYP2C8,HGNC:2622,CYP2C8,cytochrome P450 family 2 subfamily C member 8,targets,DrugBank,NCBI,validated,previous_mapping
CHEMBL99946,LEVOMILNACIPRAN,DB08918,Levomilnacipran,P10635,1565,CYP2D6,HGNC:2625,CYP2D6,cytochrome P450 family 2 subfamily D member 6 (gene/pseudogene),targets,DrugBank,NCBI,validated,previous_mapping
CHEMBL99946,LEVOMILNACIPRAN,DB08918,Levomilnacipran,P23975,6530,SLC6A2,HGNC:11048,SLC6A2,solute carrier family 6 member 2,targets,DrugBank,NCBI,validated,previous_mapping
CHEMBL99946,LEVOMILNACIPRAN,DB08918,Levomilnacipran,P31645,6532,SLC6A4,HGNC:11050,SLC6A4,solute carrier family 6 member 4,targets,DrugBank,NCBI,validated,previous_mapping
CHEMBL99946,LEVOMILNACIPRAN,DB08918,Levomilnacipran,P33261,1557,CYP2C19,HGNC:2621,CYP2C19,cytochrome P450 family 2 subfamily C member 19,targets,DrugBank,NCBI,validated,previous_mapping
CHEMBL99946,LEVOMILNACIPRAN,DB08918,Levomilnacipran,P51589,1573,CYP2J2,HGNC:2634,CYP2J2,cytochrome P450 family 2 subfamily J member 2,targets,DrugBank,NCBI,validated,previous_mapping
