protein_entrez_id,protein_gene_symbol,protein_source,disease_primekg_id,disease_name,disease_source,hgnc_id,hgnc_symbol,hgnc_name,uniprot_accession,mapping_status
2,A2M,NCBI,11913_7088_11743_12153_7089_11194_12321_15140_4975_11561_11647_11777_12344_12609_12630_12631_14265_10422_14036_14316_100088,Alzheimer disease,MONDO_grouped,HGNC:7,A2M,alpha-2-macroglobulin,P01023,mapped
10347,ABCA7,NCBI,11913_7088_11743_12153_7089_11194_12321_15140_4975_11561_11647_11777_12344_12609_12630_12631_14265_10422_14036_14316_100088,Alzheimer disease,MONDO_grouped,HGNC:37,ABCA7,ATP binding cassette subfamily A member 7,Q8IZY2,mapped
51225,ABI3,NCBI,11913_7088_11743_12153_7089_11194_12321_15140_4975_11561_11647_11777_12344_12609_12630_12631_14265_10422_14036_14316_100088,Alzheimer disease,MONDO_grouped,HGNC:29859,ABI3,ABI family member 3,Q9P2A4,mapped
1636,ACE,NCBI,11913_7088_11743_12153_7089_11194_12321_15140_4975_11561_11647_11777_12344_12609_12630_12631_14265_10422_14036_14316_100088,Alzheimer disease,MONDO_grouped,HGNC:2707,ACE,angiotensin I converting enzyme,P12821,mapped
43,ACHE,NCBI,11913_7088_11743_12153_7089_11194_12321_15140_4975_11561_11647_11777_12344_12609_12630_12631_14265_10422_14036_14316_100088,Alzheimer disease,MONDO_grouped,HGNC:108,ACHE,acetylcholinesterase (Yt blood group),P22303,mapped
102,ADAM10,NCBI,11913_7088_11743_12153_7089_11194_12321_15140_4975_11561_11647_11777_12344_12609_12630_12631_14265_10422_14036_14316_100088,Alzheimer disease,MONDO_grouped,HGNC:188,ADAM10,ADAM metallopeptidase domain 10,O14672,mapped
9510,ADAMTS1,NCBI,11913_7088_11743_12153_7089_11194_12321_15140_4975_11561_11647_11777_12344_12609_12630_12631_14265_10422_14036_14316_100088,Alzheimer disease,MONDO_grouped,HGNC:217,ADAMTS1,ADAM metallopeptidase with thrombospondin type 1 motif 1,Q9UHI8,mapped
267,AMFR,NCBI,11913_7088_11743_12153_7089_11194_12321_15140_4975_11561_11647_11777_12344_12609_12630_12631_14265_10422_14036_14316_100088,Alzheimer disease,MONDO_grouped,HGNC:463,AMFR,autocrine motility factor receptor,Q9UKV5,mapped
341,APOC1,NCBI,11913_7088_11743_12153_7089_11194_12321_15140_4975_11561_11647_11777_12344_12609_12630_12631_14265_10422_14036_14316_100088,Alzheimer disease,MONDO_grouped,HGNC:607,APOC1,apolipoprotein C1,P02654,mapped
348,APOE,NCBI,11913_7088_11743_12153_7089_11194_12321_15140_4975_11561_11647_11777_12344_12609_12630_12631_14265_10422_14036_14316_100088,Alzheimer disease,MONDO_grouped,HGNC:613,APOE,apolipoprotein E,P02649,mapped
351,APP,NCBI,11913_7088_11743_12153_7089_11194_12321_15140_4975_11561_11647_11777_12344_12609_12630_12631_14265_10422_14036_14316_100088,Alzheimer disease,MONDO_grouped,HGNC:620,APP,amyloid beta precursor protein,P05067,mapped
23237,ARC,NCBI,11913_7088_11743_12153_7089_11194_12321_15140_4975_11561_11647_11777_12344_12609_12630_12631_14265_10422_14036_14316_100088,Alzheimer disease,MONDO_grouped,HGNC:648,ARC,activity regulated cytoskeleton associated protein,Q7LC44,mapped
498,ATP5F1A,NCBI,11913_7088_11743_12153_7089_11194_12321_15140_4975_11561_11647_11777_12344_12609_12630_12631_14265_10422_14036_14316_100088,Alzheimer disease,MONDO_grouped,HGNC:823,ATP5F1A,ATP synthase F1 subunit alpha,P25705,mapped
23621,BACE1,NCBI,11913_7088_11743_12153_7089_11194_12321_15140_4975_11561_11647_11777_12344_12609_12630_12631_14265_10422_14036_14316_100088,Alzheimer disease,MONDO_grouped,HGNC:933,BACE1,beta-secretase 1,P56817,mapped
581,BAX,NCBI,11913_7088_11743_12153_7089_11194_12321_15140_4975_11561_11647_11777_12344_12609_12630_12631_14265_10422_14036_14316_100088,Alzheimer disease,MONDO_grouped,HGNC:959,BAX,"BCL2 associated X, apoptosis regulator",Q07812,mapped
590,BCHE,NCBI,11913_7088_11743_12153_7089_11194_12321_15140_4975_11561_11647_11777_12344_12609_12630_12631_14265_10422_14036_14316_100088,Alzheimer disease,MONDO_grouped,HGNC:983,BCHE,butyrylcholinesterase,P06276,mapped
596,BCL2,NCBI,11913_7088_11743_12153_7089_11194_12321_15140_4975_11561_11647_11777_12344_12609_12630_12631_14265_10422_14036_14316_100088,Alzheimer disease,MONDO_grouped,HGNC:990,BCL2,BCL2 apoptosis regulator,P10415,mapped
627,BDNF,NCBI,11913_7088_11743_12153_7089_11194_12321_15140_4975_11561_11647_11777_12344_12609_12630_12631_14265_10422_14036_14316_100088,Alzheimer disease,MONDO_grouped,HGNC:1033,BDNF,brain derived neurotrophic factor,P23560,mapped
274,BIN1,NCBI,11913_7088_11743_12153_7089_11194_12321_15140_4975_11561_11647_11777_12344_12609_12630_12631_14265_10422_14036_14316_100088,Alzheimer disease,MONDO_grouped,HGNC:1052,BIN1,bridging integrator 1,O00499,mapped
801,CALM1,NCBI,11913_7088_11743_12153_7089_11194_12321_15140_4975_11561_11647_11777_12344_12609_12630_12631_14265_10422_14036_14316_100088,Alzheimer disease,MONDO_grouped,HGNC:1442,CALM1,calmodulin 1,P0DP23,mapped
836,CASP3,NCBI,11913_7088_11743_12153_7089_11194_12321_15140_4975_11561_11647_11777_12344_12609_12630_12631_14265_10422_14036_14316_100088,Alzheimer disease,MONDO_grouped,HGNC:1504,CASP3,caspase 3,P42574,mapped
57091,CASS4,NCBI,11913_7088_11743_12153_7089_11194_12321_15140_4975_11561_11647_11777_12344_12609_12630_12631_14265_10422_14036_14316_100088,Alzheimer disease,MONDO_grouped,HGNC:15878,CASS4,Cas scaffold protein family member 4,Q9NQ75,mapped
23607,CD2AP,NCBI,11913_7088_11743_12153_7089_11194_12321_15140_4975_11561_11647_11777_12344_12609_12630_12631_14265_10422_14036_14316_100088,Alzheimer disease,MONDO_grouped,HGNC:14258,CD2AP,CD2 associated protein,Q9Y5K6,mapped
945,CD33,NCBI,11913_7088_11743_12153_7089_11194_12321_15140_4975_11561_11647_11777_12344_12609_12630_12631_14265_10422_14036_14316_100088,Alzheimer disease,MONDO_grouped,HGNC:1659,CD33,CD33 molecule,P20138,mapped
1139,CHRNA7,NCBI,11913_7088_11743_12153_7089_11194_12321_15140_4975_11561_11647_11777_12344_12609_12630_12631_14265_10422_14036_14316_100088,Alzheimer disease,MONDO_grouped,HGNC:1960,CHRNA7,cholinergic receptor nicotinic alpha 7 subunit,P36544,mapped
1141,CHRNB2,NCBI,11913_7088_11743_12153_7089_11194_12321_15140_4975_11561_11647_11777_12344_12609_12630_12631_14265_10422_14036_14316_100088,Alzheimer disease,MONDO_grouped,HGNC:1962,CHRNB2,cholinergic receptor nicotinic beta 2 subunit,P17787,mapped
1191,CLU,NCBI,11913_7088_11743_12153_7089_11194_12321_15140_4975_11561_11647_11777_12344_12609_12630_12631_14265_10422_14036_14316_100088,Alzheimer disease,MONDO_grouped,HGNC:2095,CLU,clusterin,P10909,mapped
1378,CR1,NCBI,11913_7088_11743_12153_7089_11194_12321_15140_4975_11561_11647_11777_12344_12609_12630_12631_14265_10422_14036_14316_100088,Alzheimer disease,MONDO_grouped,HGNC:2334,CR1,complement C3b/C4b receptor 1 (Knops blood group),P17927,mapped
1392,CRH,NCBI,11913_7088_11743_12153_7089_11194_12321_15140_4975_11561_11647_11777_12344_12609_12630_12631_14265_10422_14036_14316_100088,Alzheimer disease,MONDO_grouped,HGNC:2355,CRH,corticotropin releasing hormone,P06850,mapped
1471,CST3,NCBI,11913_7088_11743_12153_7089_11194_12321_15140_4975_11561_11647_11777_12344_12609_12630_12631_14265_10422_14036_14316_100088,Alzheimer disease,MONDO_grouped,HGNC:2475,CST3,cystatin C,P01034,mapped
1565,CYP2D6,NCBI,11913_7088_11743_12153_7089_11194_12321_15140_4975_11561_11647_11777_12344_12609_12630_12631_14265_10422_14036_14316_100088,Alzheimer disease,MONDO_grouped,HGNC:2625,CYP2D6,cytochrome P450 family 2 subfamily D member 6 (gene/pseudogene),P10635,mapped
10858,CYP46A1,NCBI,11913_7088_11743_12153_7089_11194_12321_15140_4975_11561_11647_11777_12344_12609_12630_12631_14265_10422_14036_14316_100088,Alzheimer disease,MONDO_grouped,HGNC:2641,CYP46A1,cytochrome P450 family 46 subfamily A member 1,Q9Y6A2,mapped
1718,DHCR24,NCBI,11913_7088_11743_12153_7089_11194_12321_15140_4975_11561_11647_11777_12344_12609_12630_12631_14265_10422_14036_14316_100088,Alzheimer disease,MONDO_grouped,HGNC:2859,DHCR24,24-dehydrocholesterol reductase,Q15392,mapped
1808,DPYSL2,NCBI,11913_7088_11743_12153_7089_11194_12321_15140_4975_11561_11647_11777_12344_12609_12630_12631_14265_10422_14036_14316_100088,Alzheimer disease,MONDO_grouped,HGNC:3014,DPYSL2,dihydropyrimidinase like 2,Q16555,mapped
1965,EIF2S1,NCBI,11913_7088_11743_12153_7089_11194_12321_15140_4975_11561_11647_11777_12344_12609_12630_12631_14265_10422_14036_14316_100088,Alzheimer disease,MONDO_grouped,HGNC:3265,EIF2S1,eukaryotic translation initiation factor 2 subunit alpha,P05198,mapped
2023,ENO1,NCBI,11913_7088_11743_12153_7089_11194_12321_15140_4975_11561_11647_11777_12344_12609_12630_12631_14265_10422_14036_14316_100088,Alzheimer disease,MONDO_grouped,HGNC:3350,ENO1,enolase 1,P06733,mapped
2041,EPHA1,NCBI,11913_7088_11743_12153_7089_11194_12321_15140_4975_11561_11647_11777_12344_12609_12630_12631_14265_10422_14036_14316_100088,Alzheimer disease,MONDO_grouped,HGNC:3385,EPHA1,EPH receptor A1,P21709,mapped
2099,ESR1,NCBI,11913_7088_11743_12153_7089_11194_12321_15140_4975_11561_11647_11777_12344_12609_12630_12631_14265_10422_14036_14316_100088,Alzheimer disease,MONDO_grouped,HGNC:3467,ESR1,estrogen receptor 1,P03372,mapped
2147,F2,NCBI,11913_7088_11743_12153_7089_11194_12321_15140_4975_11561_11647_11777_12344_12609_12630_12631_14265_10422_14036_14316_100088,Alzheimer disease,MONDO_grouped,HGNC:3535,F2,"coagulation factor II, thrombin",P00734,mapped
26330,GAPDHS,NCBI,11913_7088_11743_12153_7089_11194_12321_15140_4975_11561_11647_11777_12344_12609_12630_12631_14265_10422_14036_14316_100088,Alzheimer disease,MONDO_grouped,HGNC:24864,GAPDHS,"glyceraldehyde-3-phosphate dehydrogenase, spermatogenic",O14556,mapped
2932,GSK3B,NCBI,11913_7088_11743_12153_7089_11194_12321_15140_4975_11561_11647_11777_12344_12609_12630_12631_14265_10422_14036_14316_100088,Alzheimer disease,MONDO_grouped,HGNC:4617,GSK3B,glycogen synthase kinase 3 beta,P49841,mapped
3077,HFE,NCBI,11913_7088_11743_12153_7089_11194_12321_15140_4975_11561_11647_11777_12344_12609_12630_12631_14265_10422_14036_14316_100088,Alzheimer disease,MONDO_grouped,HGNC:4886,HFE,homeostatic iron regulator,Q30201,mapped
3127,HLA-DRB5,NCBI,11913_7088_11743_12153_7089_11194_12321_15140_4975_11561_11647_11777_12344_12609_12630_12631_14265_10422_14036_14316_100088,Alzheimer disease,MONDO_grouped,HGNC:4953,HLA-DRB5,"major histocompatibility complex, class II, DR beta 5",Q30154,mapped
3162,HMOX1,NCBI,11913_7088_11743_12153_7089_11194_12321_15140_4975_11561_11647_11777_12344_12609_12630_12631_14265_10422_14036_14316_100088,Alzheimer disease,MONDO_grouped,HGNC:5013,HMOX1,heme oxygenase 1,P09601,mapped
3416,IDE,NCBI,11913_7088_11743_12153_7089_11194_12321_15140_4975_11561_11647_11777_12344_12609_12630_12631_14265_10422_14036_14316_100088,Alzheimer disease,MONDO_grouped,HGNC:5381,IDE,insulin degrading enzyme,P14735,mapped
3479,IGF1,NCBI,11913_7088_11743_12153_7089_11194_12321_15140_4975_11561_11647_11777_12344_12609_12630_12631_14265_10422_14036_14316_100088,Alzheimer disease,MONDO_grouped,HGNC:5464,IGF1,insulin like growth factor 1,P05019,mapped
3480,IGF1R,NCBI,11913_7088_11743_12153_7089_11194_12321_15140_4975_11561_11647_11777_12344_12609_12630_12631_14265_10422_14036_14316_100088,Alzheimer disease,MONDO_grouped,HGNC:5465,IGF1R,insulin like growth factor 1 receptor,P08069,mapped
3481,IGF2,NCBI,11913_7088_11743_12153_7089_11194_12321_15140_4975_11561_11647_11777_12344_12609_12630_12631_14265_10422_14036_14316_100088,Alzheimer disease,MONDO_grouped,HGNC:5466,IGF2,insulin like growth factor 2,P01344,mapped
3482,IGF2R,NCBI,11913_7088_11743_12153_7089_11194_12321_15140_4975_11561_11647_11777_12344_12609_12630_12631_14265_10422_14036_14316_100088,Alzheimer disease,MONDO_grouped,HGNC:5467,IGF2R,insulin like growth factor 2 receptor,P11717,mapped
3553,IL1B,NCBI,11913_7088_11743_12153_7089_11194_12321_15140_4975_11561_11647_11777_12344_12609_12630_12631_14265_10422_14036_14316_100088,Alzheimer disease,MONDO_grouped,HGNC:5992,IL1B,interleukin 1 beta,P01584,mapped
3635,INPP5D,NCBI,11913_7088_11743_12153_7089_11194_12321_15140_4975_11561_11647_11777_12344_12609_12630_12631_14265_10422_14036_14316_100088,Alzheimer disease,MONDO_grouped,HGNC:6079,INPP5D,inositol polyphosphate-5-phosphatase D,Q92835,mapped
3630,INS,NCBI,11913_7088_11743_12153_7089_11194_12321_15140_4975_11561_11647_11777_12344_12609_12630_12631_14265_10422_14036_14316_100088,Alzheimer disease,MONDO_grouped,HGNC:6081,INS,insulin,P01308,mapped
3643,INSR,NCBI,11913_7088_11743_12153_7089_11194_12321_15140_4975_11561_11647_11777_12344_12609_12630_12631_14265_10422_14036_14316_100088,Alzheimer disease,MONDO_grouped,HGNC:6091,INSR,insulin receptor,P06213,mapped
124152,IQCK,NCBI,11913_7088_11743_12153_7089_11194_12321_15140_4975_11561_11647_11777_12344_12609_12630_12631_14265_10422_14036_14316_100088,Alzheimer disease,MONDO_grouped,HGNC:28556,IQCK,IQ motif containing K,Q8N0W5,mapped
3952,LEP,NCBI,11913_7088_11743_12153_7089_11194_12321_15140_4975_11561_11647_11777_12344_12609_12630_12631_14265_10422_14036_14316_100088,Alzheimer disease,MONDO_grouped,HGNC:6553,LEP,leptin,P41159,mapped
4129,MAOB,NCBI,11913_7088_11743_12153_7089_11194_12321_15140_4975_11561_11647_11777_12344_12609_12630_12631_14265_10422_14036_14316_100088,Alzheimer disease,MONDO_grouped,HGNC:6834,MAOB,monoamine oxidase B,P27338,mapped
4137,MAPT,NCBI,11913_7088_11743_12153_7089_11194_12321_15140_4975_11561_11647_11777_12344_12609_12630_12631_14265_10422_14036_14316_100088,Alzheimer disease,MONDO_grouped,HGNC:6893,MAPT,microtubule associated protein tau,P10636,mapped
4353,MPO,NCBI,11913_7088_11743_12153_7089_11194_12321_15140_4975_11561_11647_11777_12344_12609_12630_12631_14265_10422_14036_14316_100088,Alzheimer disease,MONDO_grouped,HGNC:7218,MPO,myeloperoxidase,P05164,mapped
51338,MS4A4A,NCBI,11913_7088_11743_12153_7089_11194_12321_15140_4975_11561_11647_11777_12344_12609_12630_12631_14265_10422_14036_14316_100088,Alzheimer disease,MONDO_grouped,HGNC:13371,MS4A4A,membrane spanning 4-domains A4A,Q96JQ5,mapped
4524,MTHFR,NCBI,11913_7088_11743_12153_7089_11194_12321_15140_4975_11561_11647_11777_12344_12609_12630_12631_14265_10422_14036_14316_100088,Alzheimer disease,MONDO_grouped,HGNC:7436,MTHFR,methylenetetrahydrofolate reductase,P42898,mapped
23385,NCSTN,NCBI,11913_7088_11743_12153_7089_11194_12321_15140_4975_11561_11647_11777_12344_12609_12630_12631_14265_10422_14036_14316_100088,Alzheimer disease,MONDO_grouped,HGNC:17091,NCSTN,nicastrin,Q92542,mapped
5819,NECTIN2,NCBI,11913_7088_11743_12153_7089_11194_12321_15140_4975_11561_11647_11777_12344_12609_12630_12631_14265_10422_14036_14316_100088,Alzheimer disease,MONDO_grouped,HGNC:9707,NECTIN2,nectin cell adhesion molecule 2,Q92692,mapped
4846,NOS3,NCBI,11913_7088_11743_12153_7089_11194_12321_15140_4975_11561_11647_11777_12344_12609_12630_12631_14265_10422_14036_14316_100088,Alzheimer disease,MONDO_grouped,HGNC:7876,NOS3,nitric oxide synthase 3,P29474,mapped
4852,NPY,NCBI,11913_7088_11743_12153_7089_11194_12321_15140_4975_11561_11647_11777_12344_12609_12630_12631_14265_10422_14036_14316_100088,Alzheimer disease,MONDO_grouped,HGNC:7955,NPY,neuropeptide Y,P01303,mapped
27328,PCDH11X,NCBI,11913_7088_11743_12153_7089_11194_12321_15140_4975_11561_11647_11777_12344_12609_12630_12631_14265_10422_14036_14316_100088,Alzheimer disease,MONDO_grouped,HGNC:8656,PCDH11X,protocadherin 11 X-linked,Q9BZA7,mapped
10857,PGRMC1,NCBI,11913_7088_11743_12153_7089_11194_12321_15140_4975_11561_11647_11777_12344_12609_12630_12631_14265_10422_14036_14316_100088,Alzheimer disease,MONDO_grouped,HGNC:16090,PGRMC1,progesterone receptor membrane component 1,O00264,mapped
8301,PICALM,NCBI,11913_7088_11743_12153_7089_11194_12321_15140_4975_11561_11647_11777_12344_12609_12630_12631_14265_10422_14036_14316_100088,Alzheimer disease,MONDO_grouped,HGNC:15514,PICALM,phosphatidylinositol binding clathrin assembly protein,Q13492,mapped
5328,PLAU,NCBI,11913_7088_11743_12153_7089_11194_12321_15140_4975_11561_11647_11777_12344_12609_12630_12631_14265_10422_14036_14316_100088,Alzheimer disease,MONDO_grouped,HGNC:9052,PLAU,"plasminogen activator, urokinase",P00749,mapped
5336,PLCG2,NCBI,11913_7088_11743_12153_7089_11194_12321_15140_4975_11561_11647_11777_12344_12609_12630_12631_14265_10422_14036_14316_100088,Alzheimer disease,MONDO_grouped,HGNC:9066,PLCG2,phospholipase C gamma 2,P16885,mapped
5468,PPARG,NCBI,11913_7088_11743_12153_7089_11194_12321_15140_4975_11561_11647_11777_12344_12609_12630_12631_14265_10422_14036_14316_100088,Alzheimer disease,MONDO_grouped,HGNC:9236,PPARG,peroxisome proliferator activated receptor gamma,P37231,mapped
5621,PRNP,NCBI,11913_7088_11743_12153_7089_11194_12321_15140_4975_11561_11647_11777_12344_12609_12630_12631_14265_10422_14036_14316_100088,Alzheimer disease,MONDO_grouped,HGNC:9449,PRNP,prion protein (Kanno blood group),F7VJQ1,mapped
5621,PRNP,NCBI,11913_7088_11743_12153_7089_11194_12321_15140_4975_11561_11647_11777_12344_12609_12630_12631_14265_10422_14036_14316_100088,Alzheimer disease,MONDO_grouped,HGNC:9449,PRNP,prion protein (Kanno blood group),P04156,mapped
5663,PSEN1,NCBI,11913_7088_11743_12153_7089_11194_12321_15140_4975_11561_11647_11777_12344_12609_12630_12631_14265_10422_14036_14316_100088,Alzheimer disease,MONDO_grouped,HGNC:9508,PSEN1,presenilin 1,P49768,mapped
5664,PSEN2,NCBI,11913_7088_11743_12153_7089_11194_12321_15140_4975_11561_11647_11777_12344_12609_12630_12631_14265_10422_14036_14316_100088,Alzheimer disease,MONDO_grouped,HGNC:9509,PSEN2,presenilin 2,P49810,mapped
5697,PYY,NCBI,11913_7088_11743_12153_7089_11194_12321_15140_4975_11561_11647_11777_12344_12609_12630_12631_14265_10422_14036_14316_100088,Alzheimer disease,MONDO_grouped,HGNC:9748,PYY,peptide YY,P10082,mapped
5649,RELN,NCBI,11913_7088_11743_12153_7089_11194_12321_15140_4975_11561_11647_11777_12344_12609_12630_12631_14265_10422_14036_14316_100088,Alzheimer disease,MONDO_grouped,HGNC:9957,RELN,reelin,P78509,mapped
6517,SLC2A4,NCBI,11913_7088_11743_12153_7089_11194_12321_15140_4975_11561_11647_11777_12344_12609_12630_12631_14265_10422_14036_14316_100088,Alzheimer disease,MONDO_grouped,HGNC:11009,SLC2A4,solute carrier family 2 member 4,P14672,mapped
7782,SLC30A4,NCBI,11913_7088_11743_12153_7089_11194_12321_15140_4975_11561_11647_11777_12344_12609_12630_12631_14265_10422_14036_14316_100088,Alzheimer disease,MONDO_grouped,HGNC:11015,SLC30A4,solute carrier family 30 member 4,O14863,mapped
55676,SLC30A6,NCBI,11913_7088_11743_12153_7089_11194_12321_15140_4975_11561_11647_11777_12344_12609_12630_12631_14265_10422_14036_14316_100088,Alzheimer disease,MONDO_grouped,HGNC:19305,SLC30A6,solute carrier family 30 member 6,Q6NXT4,mapped
6648,SOD2,NCBI,11913_7088_11743_12153_7089_11194_12321_15140_4975_11561_11647_11777_12344_12609_12630_12631_14265_10422_14036_14316_100088,Alzheimer disease,MONDO_grouped,HGNC:11180,SOD2,superoxide dismutase 2,P04179,mapped
6653,SORL1,NCBI,11913_7088_11743_12153_7089_11194_12321_15140_4975_11561_11647_11777_12344_12609_12630_12631_14265_10422_14036_14316_100088,Alzheimer disease,MONDO_grouped,HGNC:11185,SORL1,sortilin related receptor 1,Q92673,mapped
7018,TF,NCBI,11913_7088_11743_12153_7089_11194_12321_15140_4975_11561_11647_11777_12344_12609_12630_12631_14265_10422_14036_14316_100088,Alzheimer disease,MONDO_grouped,HGNC:11740,TF,transferrin,P02787,mapped
7019,TFAM,NCBI,11913_7088_11743_12153_7089_11194_12321_15140_4975_11561_11647_11777_12344_12609_12630_12631_14265_10422_14036_14316_100088,Alzheimer disease,MONDO_grouped,HGNC:11741,TFAM,"transcription factor A, mitochondrial",Q00059,mapped
7124,TNF,NCBI,11913_7088_11743_12153_7089_11194_12321_15140_4975_11561_11647_11777_12344_12609_12630_12631_14265_10422_14036_14316_100088,Alzheimer disease,MONDO_grouped,HGNC:11892,TNF,tumor necrosis factor,P01375,mapped
10452,TOMM40,NCBI,11913_7088_11743_12153_7089_11194_12321_15140_4975_11561_11647_11777_12344_12609_12630_12631_14265_10422_14036_14316_100088,Alzheimer disease,MONDO_grouped,HGNC:18001,TOMM40,translocase of outer mitochondrial membrane 40,O96008,mapped
7167,TPI1,NCBI,11913_7088_11743_12153_7089_11194_12321_15140_4975_11561_11647_11777_12344_12609_12630_12631_14265_10422_14036_14316_100088,Alzheimer disease,MONDO_grouped,HGNC:12009,TPI1,triosephosphate isomerase 1,P60174,mapped
1200,TPP1,NCBI,11913_7088_11743_12153_7089_11194_12321_15140_4975_11561_11647_11777_12344_12609_12630_12631_14265_10422_14036_14316_100088,Alzheimer disease,MONDO_grouped,HGNC:2073,TPP1,tripeptidyl peptidase 1,O14773,mapped
54209,TREM2,NCBI,11913_7088_11743_12153_7089_11194_12321_15140_4975_11561_11647_11777_12344_12609_12630_12631_14265_10422_14036_14316_100088,Alzheimer disease,MONDO_grouped,HGNC:17761,TREM2,triggering receptor expressed on myeloid cells 2,Q9NZC2,mapped
8633,UNC5C,NCBI,11913_7088_11743_12153_7089_11194_12321_15140_4975_11561_11647_11777_12344_12609_12630_12631_14265_10422_14036_14316_100088,Alzheimer disease,MONDO_grouped,HGNC:12569,UNC5C,unc-5 netrin receptor C,O95185,mapped
7422,VEGFA,NCBI,11913_7088_11743_12153_7089_11194_12321_15140_4975_11561_11647_11777_12344_12609_12630_12631_14265_10422_14036_14316_100088,Alzheimer disease,MONDO_grouped,HGNC:12680,VEGFA,vascular endothelial growth factor A,P15692,mapped
7447,VSNL1,NCBI,11913_7088_11743_12153_7089_11194_12321_15140_4975_11561_11647_11777_12344_12609_12630_12631_14265_10422_14036_14316_100088,Alzheimer disease,MONDO_grouped,HGNC:12722,VSNL1,visinin like 1,P62760,mapped
51741,WWOX,NCBI,11913_7088_11743_12153_7089_11194_12321_15140_4975_11561_11647_11777_12344_12609_12630_12631_14265_10422_14036_14316_100088,Alzheimer disease,MONDO_grouped,HGNC:12799,WWOX,WW domain containing oxidoreductase,Q9NZC7,mapped
5243,ABCB1,NCBI,11764_11658_13625_8199_14604_11613_14233_11562_8200_14796_17279_5180_6966_828_10796_10360_11737_13167,Parkinson disease,MONDO_grouped,HGNC:40,ABCB1,ATP binding cassette subfamily B member 1,P08183,mapped
105,ADARB2,NCBI,11764_11658_13625_8199_14604_11613_14233_11562_8200_14796_17279_5180_6966_828_10796_10360_11737_13167,Parkinson disease,MONDO_grouped,HGNC:227,ADARB2,adenosine deaminase RNA specific B2 (inactive),Q9NS39,mapped
126,ADH1C,NCBI,11764_11658_13625_8199_14604_11613_14233_11562_8200_14796_17279_5180_6966_828_10796_10360_11737_13167,Parkinson disease,MONDO_grouped,HGNC:251,ADH1C,"alcohol dehydrogenase 1C (class I), gamma polypeptide",P00326,mapped
199,AIF1,NCBI,11764_11658_13625_8199_14604_11613_14233_11562_8200_14796_17279_5180_6966_828_10796_10360_11737_13167,Parkinson disease,MONDO_grouped,HGNC:352,AIF1,allograft inflammatory factor 1,P55008,mapped
23400,ATP13A2,NCBI,11764_11658_13625_8199_14604_11613_14233_11562_8200_14796_17279_5180_6966_828_10796_10360_11737_13167,Parkinson disease,MONDO_grouped,HGNC:30213,ATP13A2,ATPase cation transporting 13A2,Q9NQ11,mapped
6311,ATXN2,NCBI,11764_11658_13625_8199_14604_11613_14233_11562_8200_14796_17279_5180_6966_828_10796_10360_11737_13167,Parkinson disease,MONDO_grouped,HGNC:10555,ATXN2,ataxin 2,Q99700,mapped
9529,BAG5,NCBI,11764_11658_13625_8199_14604_11613_14233_11562_8200_14796_17279_5180_6966_828_10796_10360_11737_13167,Parkinson disease,MONDO_grouped,HGNC:941,BAG5,BAG cochaperone 5,Q9UL15,mapped
590,BCHE,NCBI,11764_11658_13625_8199_14604_11613_14233_11562_8200_14796_17279_5180_6966_828_10796_10360_11737_13167,Parkinson disease,MONDO_grouped,HGNC:983,BCHE,butyrylcholinesterase,P06276,mapped
627,BDNF,NCBI,11764_11658_13625_8199_14604_11613_14233_11562_8200_14796_17279_5180_6966_828_10796_10360_11737_13167,Parkinson disease,MONDO_grouped,HGNC:1033,BDNF,brain derived neurotrophic factor,P23560,mapped
683,BST1,NCBI,11764_11658_13625_8199_14604_11613_14233_11562_8200_14796_17279_5180_6966_828_10796_10360_11737_13167,Parkinson disease,MONDO_grouped,HGNC:1118,BST1,bone marrow stromal cell antigen 1,Q10588,mapped
4680,CEACAM6,NCBI,11764_11658_13625_8199_14604_11613_14233_11562_8200_14796_17279_5180_6966_828_10796_10360_11737_13167,Parkinson disease,MONDO_grouped,HGNC:1818,CEACAM6,CEA cell adhesion molecule 6,P40199,mapped
1269,CNR2,NCBI,11764_11658_13625_8199_14604_11613_14233_11562_8200_14796_17279_5180_6966_828_10796_10360_11737_13167,Parkinson disease,MONDO_grouped,HGNC:2160,CNR2,cannabinoid receptor 2,P34972,mapped
26047,CNTNAP2,NCBI,11764_11658_13625_8199_14604_11613_14233_11562_8200_14796_17279_5180_6966_828_10796_10360_11737_13167,Parkinson disease,MONDO_grouped,HGNC:13830,CNTNAP2,contactin associated protein 2,Q9UHC6,mapped
1310,COL19A1,NCBI,11764_11658_13625_8199_14604_11613_14233_11562_8200_14796_17279_5180_6966_828_10796_10360_11737_13167,Parkinson disease,MONDO_grouped,HGNC:2196,COL19A1,collagen type XIX alpha 1 chain,Q14993,mapped
1356,CP,NCBI,11764_11658_13625_8199_14604_11613_14233_11562_8200_14796_17279_5180_6966_828_10796_10360_11737_13167,Parkinson disease,MONDO_grouped,HGNC:2295,CP,ceruloplasmin,P00450,mapped
1565,CYP2D6,NCBI,11764_11658_13625_8199_14604_11613_14233_11562_8200_14796_17279_5180_6966_828_10796_10360_11737_13167,Parkinson disease,MONDO_grouped,HGNC:2625,CYP2D6,cytochrome P450 family 2 subfamily D member 6 (gene/pseudogene),P10635,mapped
1571,CYP2E1,NCBI,11764_11658_13625_8199_14604_11613_14233_11562_8200_14796_17279_5180_6966_828_10796_10360_11737_13167,Parkinson disease,MONDO_grouped,HGNC:2631,CYP2E1,cytochrome P450 family 2 subfamily E member 1,P05181,mapped
1644,DDC,NCBI,11764_11658_13625_8199_14604_11613_14233_11562_8200_14796_17279_5180_6966_828_10796_10360_11737_13167,Parkinson disease,MONDO_grouped,HGNC:2719,DDC,dopa decarboxylase,P20711,mapped
54541,DDIT4,NCBI,11764_11658_13625_8199_14604_11613_14233_11562_8200_14796_17279_5180_6966_828_10796_10360_11737_13167,Parkinson disease,MONDO_grouped,HGNC:24944,DDIT4,DNA damage inducible transcript 4,Q9NX09,mapped
23317,DNAJC13,NCBI,11764_11658_13625_8199_14604_11613_14233_11562_8200_14796_17279_5180_6966_828_10796_10360_11737_13167,Parkinson disease,MONDO_grouped,HGNC:30343,DNAJC13,DnaJ heat shock protein family (Hsp40) member C13,O75165,mapped
10059,DNM1L,NCBI,11764_11658_13625_8199_14604_11613_14233_11562_8200_14796_17279_5180_6966_828_10796_10360_11737_13167,Parkinson disease,MONDO_grouped,HGNC:2973,DNM1L,dynamin 1L,O00429,mapped
374946,DRAXIN,NCBI,11764_11658_13625_8199_14604_11613_14233_11562_8200_14796_17279_5180_6966_828_10796_10360_11737_13167,Parkinson disease,MONDO_grouped,HGNC:25054,DRAXIN,dorsal inhibitory axon guidance protein,Q8NBI3,mapped
1812,DRD1,NCBI,11764_11658_13625_8199_14604_11613_14233_11562_8200_14796_17279_5180_6966_828_10796_10360_11737_13167,Parkinson disease,MONDO_grouped,HGNC:3020,DRD1,dopamine receptor D1,P21728,mapped
1813,DRD2,NCBI,11764_11658_13625_8199_14604_11613_14233_11562_8200_14796_17279_5180_6966_828_10796_10360_11737_13167,Parkinson disease,MONDO_grouped,HGNC:3023,DRD2,dopamine receptor D2,P14416,mapped
1906,EDN1,NCBI,11764_11658_13625_8199_14604_11613_14233_11562_8200_14796_17279_5180_6966_828_10796_10360_11737_13167,Parkinson disease,MONDO_grouped,HGNC:3176,EDN1,endothelin 1,P05305,mapped
2026,ENO2,NCBI,11764_11658_13625_8199_14604_11613_14233_11562_8200_14796_17279_5180_6966_828_10796_10360_11737_13167,Parkinson disease,MONDO_grouped,HGNC:3353,ENO2,enolase 2,P09104,mapped
2203,FBP1,NCBI,11764_11658_13625_8199_14604_11613_14233_11562_8200_14796_17279_5180_6966_828_10796_10360_11737_13167,Parkinson disease,MONDO_grouped,HGNC:3606,FBP1,fructose-bisphosphatase 1,P09467,mapped
2208,FCER2,NCBI,11764_11658_13625_8199_14604_11613_14233_11562_8200_14796_17279_5180_6966_828_10796_10360_11737_13167,Parkinson disease,MONDO_grouped,HGNC:3612,FCER2,Fc epsilon receptor II,P06734,mapped
2244,FGB,NCBI,11764_11658_13625_8199_14604_11613_14233_11562_8200_14796_17279_5180_6966_828_10796_10360_11737_13167,Parkinson disease,MONDO_grouped,HGNC:3662,FGB,fibrinogen beta chain,P02675,mapped
154791,FMC1,NCBI,11764_11658_13625_8199_14604_11613_14233_11562_8200_14796_17279_5180_6966_828_10796_10360_11737_13167,Parkinson disease,MONDO_grouped,HGNC:26946,FMC1,formation of mitochondrial complex V assembly factor 1,Q96HJ9,mapped
2580,GAK,NCBI,11764_11658_13625_8199_14604_11613_14233_11562_8200_14796_17279_5180_6966_828_10796_10360_11737_13167,Parkinson disease,MONDO_grouped,HGNC:4113,GAK,cyclin G associated kinase,O14976,mapped
2629,GBA,NCBI,11764_11658_13625_8199_14604_11613_14233_11562_8200_14796_17279_5180_6966_828_10796_10360_11737_13167,Parkinson disease,MONDO_grouped,HGNC:4177,GBA1,glucosylceramidase beta 1,P04062,mapped
2668,GDNF,NCBI,11764_11658_13625_8199_14604_11613_14233_11562_8200_14796_17279_5180_6966_828_10796_10360_11737_13167,Parkinson disease,MONDO_grouped,HGNC:4232,GDNF,glial cell derived neurotrophic factor,P39905,mapped
2670,GFAP,NCBI,11764_11658_13625_8199_14604_11613_14233_11562_8200_14796_17279_5180_6966_828_10796_10360_11737_13167,Parkinson disease,MONDO_grouped,HGNC:4235,GFAP,glial fibrillary acidic protein,P14136,mapped
2747,GLUD2,NCBI,11764_11658_13625_8199_14604_11613_14233_11562_8200_14796_17279_5180_6966_828_10796_10360_11737_13167,Parkinson disease,MONDO_grouped,HGNC:4336,GLUD2,glutamate dehydrogenase 2,P49448,mapped
2876,GPX1,NCBI,11764_11658_13625_8199_14604_11613_14233_11562_8200_14796_17279_5180_6966_828_10796_10360_11737_13167,Parkinson disease,MONDO_grouped,HGNC:4553,GPX1,glutathione peroxidase 1,P07203,mapped
2941,GSTA4,NCBI,11764_11658_13625_8199_14604_11613_14233_11562_8200_14796_17279_5180_6966_828_10796_10360_11737_13167,Parkinson disease,MONDO_grouped,HGNC:4629,GSTA4,glutathione S-transferase alpha 4,O15217,mapped
2944,GSTM1,NCBI,11764_11658_13625_8199_14604_11613_14233_11562_8200_14796_17279_5180_6966_828_10796_10360_11737_13167,Parkinson disease,MONDO_grouped,HGNC:4632,GSTM1,glutathione S-transferase mu 1,P09488,mapped
2950,GSTP1,NCBI,11764_11658_13625_8199_14604_11613_14233_11562_8200_14796_17279_5180_6966_828_10796_10360_11737_13167,Parkinson disease,MONDO_grouped,HGNC:4638,GSTP1,glutathione S-transferase pi 1,P09211,mapped
3047,HBG1,NCBI,11764_11658_13625_8199_14604_11613_14233_11562_8200_14796_17279_5180_6966_828_10796_10360_11737_13167,Parkinson disease,MONDO_grouped,HGNC:4831,HBG1,hemoglobin subunit gamma 1,P69891,mapped
3077,HFE,NCBI,11764_11658_13625_8199_14604_11613_14233_11562_8200_14796_17279_5180_6966_828_10796_10360_11737_13167,Parkinson disease,MONDO_grouped,HGNC:4886,HFE,homeostatic iron regulator,Q30201,mapped
3082,HGF,NCBI,11764_11658_13625_8199_14604_11613_14233_11562_8200_14796_17279_5180_6966_828_10796_10360_11737_13167,Parkinson disease,MONDO_grouped,HGNC:4893,HGF,hepatocyte growth factor,P14210,mapped
3122,HLA-DRA,NCBI,11764_11658_13625_8199_14604_11613_14233_11562_8200_14796_17279_5180_6966_828_10796_10360_11737_13167,Parkinson disease,MONDO_grouped,HGNC:4947,HLA-DRA,"major histocompatibility complex, class II, DR alpha",P01903,mapped
3127,HLA-DRB5,NCBI,11764_11658_13625_8199_14604_11613_14233_11562_8200_14796_17279_5180_6966_828_10796_10360_11737_13167,Parkinson disease,MONDO_grouped,HGNC:4953,HLA-DRB5,"major histocompatibility complex, class II, DR beta 5",Q30154,mapped
3162,HMOX1,NCBI,11764_11658_13625_8199_14604_11613_14233_11562_8200_14796_17279_5180_6966_828_10796_10360_11737_13167,Parkinson disease,MONDO_grouped,HGNC:5013,HMOX1,heme oxygenase 1,P09601,mapped
3303,HSPA1A,NCBI,11764_11658_13625_8199_14604_11613_14233_11562_8200_14796_17279_5180_6966_828_10796_10360_11737_13167,Parkinson disease,MONDO_grouped,HGNC:5232,HSPA1A,heat shock protein family A (Hsp70) member 1A,P0DMV8,mapped
3313,HSPA9,NCBI,11764_11658_13625_8199_14604_11613_14233_11562_8200_14796_17279_5180_6966_828_10796_10360_11737_13167,Parkinson disease,MONDO_grouped,HGNC:5244,HSPA9,heat shock protein family A (Hsp70) member 9,P38646,mapped
3480,IGF1R,NCBI,11764_11658_13625_8199_14604_11613_14233_11562_8200_14796_17279_5180_6966_828_10796_10360_11737_13167,Parkinson disease,MONDO_grouped,HGNC:5465,IGF1R,insulin like growth factor 1 receptor,P08069,mapped
3481,IGF2,NCBI,11764_11658_13625_8199_14604_11613_14233_11562_8200_14796_17279_5180_6966_828_10796_10360_11737_13167,Parkinson disease,MONDO_grouped,HGNC:5466,IGF2,insulin like growth factor 2,P01344,mapped
3482,IGF2R,NCBI,11764_11658_13625_8199_14604_11613_14233_11562_8200_14796_17279_5180_6966_828_10796_10360_11737_13167,Parkinson disease,MONDO_grouped,HGNC:5467,IGF2R,insulin like growth factor 2 receptor,P11717,mapped
3569,IL6,NCBI,11764_11658_13625_8199_14604_11613_14233_11562_8200_14796_17279_5180_6966_828_10796_10360_11737_13167,Parkinson disease,MONDO_grouped,HGNC:6018,IL6,interleukin 6,P05231,mapped
3630,INS,NCBI,11764_11658_13625_8199_14604_11613_14233_11562_8200_14796_17279_5180_6966_828_10796_10360_11737_13167,Parkinson disease,MONDO_grouped,HGNC:6081,INS,insulin,P01308,mapped
3643,INSR,NCBI,11764_11658_13625_8199_14604_11613_14233_11562_8200_14796_17279_5180_6966_828_10796_10360_11737_13167,Parkinson disease,MONDO_grouped,HGNC:6091,INSR,insulin receptor,P06213,mapped
3761,KCNJ4,NCBI,11764_11658_13625_8199_14604_11613_14233_11562_8200_14796_17279_5180_6966_828_10796_10360_11737_13167,Parkinson disease,MONDO_grouped,HGNC:6265,KCNJ4,potassium inwardly rectifying channel subfamily J member 4,P48050,mapped
120892,LRRK2,NCBI,11764_11658_13625_8199_14604_11613_14233_11562_8200_14796_17279_5180_6966_828_10796_10360_11737_13167,Parkinson disease,MONDO_grouped,HGNC:18618,LRRK2,leucine rich repeat kinase 2,Q5S007,mapped
4099,MAG,NCBI,11764_11658_13625_8199_14604_11613_14233_11562_8200_14796_17279_5180_6966_828_10796_10360_11737_13167,Parkinson disease,MONDO_grouped,HGNC:6783,MAG,myelin associated glycoprotein,P20916,mapped
4128,MAOA,NCBI,11764_11658_13625_8199_14604_11613_14233_11562_8200_14796_17279_5180_6966_828_10796_10360_11737_13167,Parkinson disease,MONDO_grouped,HGNC:6833,MAOA,monoamine oxidase A,P21397,mapped
4129,MAOB,NCBI,11764_11658_13625_8199_14604_11613_14233_11562_8200_14796_17279_5180_6966_828_10796_10360_11737_13167,Parkinson disease,MONDO_grouped,HGNC:6834,MAOB,monoamine oxidase B,P27338,mapped
4133,MAP2,NCBI,11764_11658_13625_8199_14604_11613_14233_11562_8200_14796_17279_5180_6966_828_10796_10360_11737_13167,Parkinson disease,MONDO_grouped,HGNC:6839,MAP2,microtubule associated protein 2,P11137,mapped
4217,MAP3K5,NCBI,11764_11658_13625_8199_14604_11613_14233_11562_8200_14796_17279_5180_6966_828_10796_10360_11737_13167,Parkinson disease,MONDO_grouped,HGNC:6857,MAP3K5,mitogen-activated protein kinase kinase kinase 5,Q99683,mapped
4137,MAPT,NCBI,11764_11658_13625_8199_14604_11613_14233_11562_8200_14796_17279_5180_6966_828_10796_10360_11737_13167,Parkinson disease,MONDO_grouped,HGNC:6893,MAPT,microtubule associated protein tau,P10636,mapped
9112,MTA1,NCBI,11764_11658_13625_8199_14604_11613_14233_11562_8200_14796_17279_5180_6966_828_10796_10360_11737_13167,Parkinson disease,MONDO_grouped,HGNC:7410,MTA1,metastasis associated 1,Q13330,mapped
4524,MTHFR,NCBI,11764_11658_13625_8199_14604_11613_14233_11562_8200_14796_17279_5180_6966_828_10796_10360_11737_13167,Parkinson disease,MONDO_grouped,HGNC:7436,MTHFR,methylenetetrahydrofolate reductase,P42898,mapped
54892,NCAPG2,NCBI,11764_11658_13625_8199_14604_11613_14233_11562_8200_14796_17279_5180_6966_828_10796_10360_11737_13167,Parkinson disease,MONDO_grouped,HGNC:21904,NCAPG2,non-SMC condensin II complex subunit G2,Q86XI2,mapped
5819,NECTIN2,NCBI,11764_11658_13625_8199_14604_11613_14233_11562_8200_14796_17279_5180_6966_828_10796_10360_11737_13167,Parkinson disease,MONDO_grouped,HGNC:9707,NECTIN2,nectin cell adhesion molecule 2,Q92692,mapped
4803,NGF,NCBI,11764_11658_13625_8199_14604_11613_14233_11562_8200_14796_17279_5180_6966_828_10796_10360_11737_13167,Parkinson disease,MONDO_grouped,HGNC:7808,NGF,nerve growth factor,P01138,mapped
4842,NOS1,NCBI,11764_11658_13625_8199_14604_11613_14233_11562_8200_14796_17279_5180_6966_828_10796_10360_11737_13167,Parkinson disease,MONDO_grouped,HGNC:7872,NOS1,nitric oxide synthase 1,P29475,mapped
4843,NOS2,NCBI,11764_11658_13625_8199_14604_11613_14233_11562_8200_14796_17279_5180_6966_828_10796_10360_11737_13167,Parkinson disease,MONDO_grouped,HGNC:7873,NOS2,nitric oxide synthase 2,P35228,mapped
1728,NQO1,NCBI,11764_11658_13625_8199_14604_11613_14233_11562_8200_14796_17279_5180_6966_828_10796_10360_11737_13167,Parkinson disease,MONDO_grouped,HGNC:2874,NQO1,NAD(P)H quinone dehydrogenase 1,P15559,mapped
4929,NR4A2,NCBI,11764_11658_13625_8199_14604_11613_14233_11562_8200_14796_17279_5180_6966_828_10796_10360_11737_13167,Parkinson disease,MONDO_grouped,HGNC:7981,NR4A2,nuclear receptor subfamily 4 group A member 2,P43354,mapped
11315,PARK7,NCBI,11764_11658_13625_8199_14604_11613_14233_11562_8200_14796_17279_5180_6966_828_10796_10360_11737_13167,Parkinson disease,MONDO_grouped,HGNC:16369,PARK7,Parkinsonism associated deglycase,Q99497,mapped
65018,PINK1,NCBI,11764_11658_13625_8199_14604_11613_14233_11562_8200_14796_17279_5180_6966_828_10796_10360_11737_13167,Parkinson disease,MONDO_grouped,HGNC:14581,PINK1,PTEN induced kinase 1,Q9BXM7,mapped
5444,PON1,NCBI,11764_11658_13625_8199_14604_11613_14233_11562_8200_14796_17279_5180_6966_828_10796_10360_11737_13167,Parkinson disease,MONDO_grouped,HGNC:9204,PON1,paraoxonase 1,P27169,mapped
10891,PPARGC1A,NCBI,11764_11658_13625_8199_14604_11613_14233_11562_8200_14796_17279_5180_6966_828_10796_10360_11737_13167,Parkinson disease,MONDO_grouped,HGNC:9237,PPARGC1A,PPARG coactivator 1 alpha,Q9UBK2,mapped
5071,PRKN,NCBI,11764_11658_13625_8199_14604_11613_14233_11562_8200_14796_17279_5180_6966_828_10796_10360_11737_13167,Parkinson disease,MONDO_grouped,HGNC:8607,PRKN,parkin RBR E3 ubiquitin protein ligase,O60260,mapped
5997,RGS2,NCBI,11764_11658_13625_8199_14604_11613_14233_11562_8200_14796_17279_5180_6966_828_10796_10360_11737_13167,Parkinson disease,MONDO_grouped,HGNC:9998,RGS2,regulator of G protein signaling 2,P41220,mapped
9045,RPL14,NCBI,11764_11658_13625_8199_14604_11613_14233_11562_8200_14796_17279_5180_6966_828_10796_10360_11737_13167,Parkinson disease,MONDO_grouped,HGNC:10305,RPL14,ribosomal protein L14,P50914,mapped
6147,RPL23A,NCBI,11764_11658_13625_8199_14604_11613_14233_11562_8200_14796_17279_5180_6966_828_10796_10360_11737_13167,Parkinson disease,MONDO_grouped,HGNC:10317,RPL23A,ribosomal protein L23a,P62750,mapped
6128,RPL6,NCBI,11764_11658_13625_8199_14604_11613_14233_11562_8200_14796_17279_5180_6966_828_10796_10360_11737_13167,Parkinson disease,MONDO_grouped,HGNC:10362,RPL6,ribosomal protein L6,Q02878,mapped
6202,RPS8,NCBI,11764_11658_13625_8199_14604_11613_14233_11562_8200_14796_17279_5180_6966_828_10796_10360_11737_13167,Parkinson disease,MONDO_grouped,HGNC:10441,RPS8,ribosomal protein S8,P62241,mapped
6469,SHH,NCBI,11764_11658_13625_8199_14604_11613_14233_11562_8200_14796_17279_5180_6966_828_10796_10360_11737_13167,Parkinson disease,MONDO_grouped,HGNC:10848,SHH,sonic hedgehog signaling molecule,Q15465,mapped
6571,SLC18A2,NCBI,11764_11658_13625_8199_14604_11613_14233_11562_8200_14796_17279_5180_6966_828_10796_10360_11737_13167,Parkinson disease,MONDO_grouped,HGNC:10935,SLC18A2,solute carrier family 18 member A2,Q05940,mapped
144195,SLC2A14,NCBI,11764_11658_13625_8199_14604_11613_14233_11562_8200_14796_17279_5180_6966_828_10796_10360_11737_13167,Parkinson disease,MONDO_grouped,HGNC:18301,SLC2A14,solute carrier family 2 member 14,Q8TDB8,mapped
55532,SLC30A10,NCBI,11764_11658_13625_8199_14604_11613_14233_11562_8200_14796_17279_5180_6966_828_10796_10360_11737_13167,Parkinson disease,MONDO_grouped,HGNC:25355,SLC30A10,solute carrier family 30 member 10,Q6XR72,mapped
6531,SLC6A3,NCBI,11764_11658_13625_8199_14604_11613_14233_11562_8200_14796_17279_5180_6966_828_10796_10360_11737_13167,Parkinson disease,MONDO_grouped,HGNC:11049,SLC6A3,solute carrier family 6 member 3,Q01959,mapped
6622,SNCA,NCBI,11764_11658_13625_8199_14604_11613_14233_11562_8200_14796_17279_5180_6966_828_10796_10360_11737_13167,Parkinson disease,MONDO_grouped,HGNC:11138,SNCA,synuclein alpha,P37840,mapped
9627,SNCAIP,NCBI,11764_11658_13625_8199_14604_11613_14233_11562_8200_14796_17279_5180_6966_828_10796_10360_11737_13167,Parkinson disease,MONDO_grouped,HGNC:11139,SNCAIP,synuclein alpha interacting protein,Q9Y6H5,mapped
6647,SOD1,NCBI,11764_11658_13625_8199_14604_11613_14233_11562_8200_14796_17279_5180_6966_828_10796_10360_11737_13167,Parkinson disease,MONDO_grouped,HGNC:11179,SOD1,superoxide dismutase 1,P00441,mapped
6648,SOD2,NCBI,11764_11658_13625_8199_14604_11613_14233_11562_8200_14796_17279_5180_6966_828_10796_10360_11737_13167,Parkinson disease,MONDO_grouped,HGNC:11180,SOD2,superoxide dismutase 2,P04179,mapped
8867,SYNJ1,NCBI,11764_11658_13625_8199_14604_11613_14233_11562_8200_14796_17279_5180_6966_828_10796_10360_11737_13167,Parkinson disease,MONDO_grouped,HGNC:11503,SYNJ1,synaptojanin 1,O43426,mapped
6888,TALDO1,NCBI,11764_11658_13625_8199_14604_11613_14233_11562_8200_14796_17279_5180_6966_828_10796_10360_11737_13167,Parkinson disease,MONDO_grouped,HGNC:11559,TALDO1,transaldolase 1,P37837,mapped
6908,TBP,NCBI,11764_11658_13625_8199_14604_11613_14233_11562_8200_14796_17279_5180_6966_828_10796_10360_11737_13167,Parkinson disease,MONDO_grouped,HGNC:11588,TBP,TATA-box binding protein,P20226,mapped
9623,TCL1B,NCBI,11764_11658_13625_8199_14604_11613_14233_11562_8200_14796_17279_5180_6966_828_10796_10360_11737_13167,Parkinson disease,MONDO_grouped,HGNC:11649,TCL1B,TCL1 family AKT coactivator B,O95988,mapped
7019,TFAM,NCBI,11764_11658_13625_8199_14604_11613_14233_11562_8200_14796_17279_5180_6966_828_10796_10360_11737_13167,Parkinson disease,MONDO_grouped,HGNC:11741,TFAM,"transcription factor A, mitochondrial",Q00059,mapped
7054,TH,NCBI,11764_11658_13625_8199_14604_11613_14233_11562_8200_14796_17279_5180_6966_828_10796_10360_11737_13167,Parkinson disease,MONDO_grouped,HGNC:11782,TH,tyrosine hydroxylase,P07101,mapped
29058,TMEM230,NCBI,11764_11658_13625_8199_14604_11613_14233_11562_8200_14796_17279_5180_6966_828_10796_10360_11737_13167,Parkinson disease,MONDO_grouped,HGNC:15876,TMEM230,transmembrane protein 230,Q96A57,mapped
7124,TNF,NCBI,11764_11658_13625_8199_14604_11613_14233_11562_8200_14796_17279_5180_6966_828_10796_10360_11737_13167,Parkinson disease,MONDO_grouped,HGNC:11892,TNF,tumor necrosis factor,P01375,mapped
7226,TRPM2,NCBI,11764_11658_13625_8199_14604_11613_14233_11562_8200_14796_17279_5180_6966_828_10796_10360_11737_13167,Parkinson disease,MONDO_grouped,HGNC:12339,TRPM2,transient receptor potential cation channel subfamily M member 2,O94759,mapped
54832,VPS13C,NCBI,11764_11658_13625_8199_14604_11613_14233_11562_8200_14796_17279_5180_6966_828_10796_10360_11737_13167,Parkinson disease,MONDO_grouped,HGNC:23594,VPS13C,vacuolar protein sorting 13 homolog C,Q709C8,mapped
55737,VPS35,NCBI,11764_11658_13625_8199_14604_11613_14233_11562_8200_14796_17279_5180_6966_828_10796_10360_11737_13167,Parkinson disease,MONDO_grouped,HGNC:13487,VPS35,VPS35 retromer complex component,Q96QK1,mapped
2,A2M,NCBI,8187_2050_5618_5451_5371_100081_5383_1942_1098_3265_11924_12384,anxiety disorder,MONDO_grouped,HGNC:7,A2M,alpha-2-macroglobulin,P01023,mapped
15,AANAT,NCBI,8187_2050_5618_5451_5371_100081_5383_1942_1098_3265_11924_12384,anxiety disorder,MONDO_grouped,HGNC:19,AANAT,aralkylamine N-acetyltransferase,Q16613,mapped
5243,ABCB1,NCBI,8187_2050_5618_5451_5371_100081_5383_1942_1098_3265_11924_12384,anxiety disorder,MONDO_grouped,HGNC:40,ABCB1,ATP binding cassette subfamily B member 1,P08183,mapped
25890,ABI3BP,NCBI,8187_2050_5618_5451_5371_100081_5383_1942_1098_3265_11924_12384,anxiety disorder,MONDO_grouped,HGNC:17265,ABI3BP,ABI family member 3 binding protein,Q7Z7G0,mapped
1636,ACE,NCBI,8187_2050_5618_5451_5371_100081_5383_1942_1098_3265_11924_12384,anxiety disorder,MONDO_grouped,HGNC:2707,ACE,angiotensin I converting enzyme,P12821,mapped
52,ACP1,NCBI,8187_2050_5618_5451_5371_100081_5383_1942_1098_3265_11924_12384,anxiety disorder,MONDO_grouped,HGNC:122,ACP1,acid phosphatase 1,P24666,mapped
2182,ACSL4,NCBI,8187_2050_5618_5451_5371_100081_5383_1942_1098_3265_11924_12384,anxiety disorder,MONDO_grouped,HGNC:3571,ACSL4,acyl-CoA synthetase long chain family member 4,O60488,mapped
116285,ACSM1,NCBI,8187_2050_5618_5451_5371_100081_5383_1942_1098_3265_11924_12384,anxiety disorder,MONDO_grouped,HGNC:18049,ACSM1,acyl-CoA synthetase medium chain family member 1,Q08AH1,mapped
111,ADCY5,NCBI,8187_2050_5618_5451_5371_100081_5383_1942_1098_3265_11924_12384,anxiety disorder,MONDO_grouped,HGNC:236,ADCY5,adenylate cyclase 5,O95622,mapped
113,ADCY7,NCBI,8187_2050_5618_5451_5371_100081_5383_1942_1098_3265_11924_12384,anxiety disorder,MONDO_grouped,HGNC:238,ADCY7,adenylate cyclase 7,P51828,mapped
114,ADCY8,NCBI,8187_2050_5618_5451_5371_100081_5383_1942_1098_3265_11924_12384,anxiety disorder,MONDO_grouped,HGNC:239,ADCY8,adenylate cyclase 8,P40145,mapped
116,ADCYAP1,NCBI,8187_2050_5618_5451_5371_100081_5383_1942_1098_3265_11924_12384,anxiety disorder,MONDO_grouped,HGNC:241,ADCYAP1,adenylate cyclase activating polypeptide 1,P18509,mapped
135,ADORA2A,NCBI,8187_2050_5618_5451_5371_100081_5383_1942_1098_3265_11924_12384,anxiety disorder,MONDO_grouped,HGNC:263,ADORA2A,adenosine A2a receptor,P29274,mapped
148,ADRA1A,NCBI,8187_2050_5618_5451_5371_100081_5383_1942_1098_3265_11924_12384,anxiety disorder,MONDO_grouped,HGNC:277,ADRA1A,adrenoceptor alpha 1A,P35348,mapped
150,ADRA2A,NCBI,8187_2050_5618_5451_5371_100081_5383_1942_1098_3265_11924_12384,anxiety disorder,MONDO_grouped,HGNC:281,ADRA2A,adrenoceptor alpha 2A,P08913,mapped
153,ADRB1,NCBI,8187_2050_5618_5451_5371_100081_5383_1942_1098_3265_11924_12384,anxiety disorder,MONDO_grouped,HGNC:285,ADRB1,adrenoceptor beta 1,P08588,mapped
183,AGT,NCBI,8187_2050_5618_5451_5371_100081_5383_1942_1098_3265_11924_12384,anxiety disorder,MONDO_grouped,HGNC:333,AGT,angiotensinogen,P01019,mapped
10270,AKAP8,NCBI,8187_2050_5618_5451_5371_100081_5383_1942_1098_3265_11924_12384,anxiety disorder,MONDO_grouped,HGNC:378,AKAP8,A-kinase anchoring protein 8,O43823,mapped
207,AKT1,NCBI,8187_2050_5618_5451_5371_100081_5383_1942_1098_3265_11924_12384,anxiety disorder,MONDO_grouped,HGNC:391,AKT1,AKT serine/threonine kinase 1,P31749,mapped
213,ALB,NCBI,8187_2050_5618_5451_5371_100081_5383_1942_1098_3265_11924_12384,anxiety disorder,MONDO_grouped,HGNC:399,ALB,albumin,P02768,mapped
79053,ALG8,NCBI,8187_2050_5618_5451_5371_100081_5383_1942_1098_3265_11924_12384,anxiety disorder,MONDO_grouped,HGNC:23161,ALG8,"ALG8 alpha-1,3-glucosyltransferase",Q9BVK2,mapped
238,ALK,NCBI,8187_2050_5618_5451_5371_100081_5383_1942_1098_3265_11924_12384,anxiety disorder,MONDO_grouped,HGNC:427,ALK,ALK receptor tyrosine kinase,Q9UM73,mapped
255239,ANKK1,NCBI,8187_2050_5618_5451_5371_100081_5383_1942_1098_3265_11924_12384,anxiety disorder,MONDO_grouped,HGNC:21027,ANKK1,ankyrin repeat and kinase domain containing 1,Q8NFD2,mapped
290,ANPEP,NCBI,8187_2050_5618_5451_5371_100081_5383_1942_1098_3265_11924_12384,anxiety disorder,MONDO_grouped,HGNC:500,ANPEP,"alanyl aminopeptidase, membrane",P15144,mapped
317,APAF1,NCBI,8187_2050_5618_5451_5371_100081_5383_1942_1098_3265_11924_12384,anxiety disorder,MONDO_grouped,HGNC:576,APAF1,apoptotic peptidase activating factor 1,O14727,mapped
351,APP,NCBI,8187_2050_5618_5451_5371_100081_5383_1942_1098_3265_11924_12384,anxiety disorder,MONDO_grouped,HGNC:620,APP,amyloid beta precursor protein,P05067,mapped
353,APRT,NCBI,8187_2050_5618_5451_5371_100081_5383_1942_1098_3265_11924_12384,anxiety disorder,MONDO_grouped,HGNC:626,APRT,adenine phosphoribosyltransferase,P07741,mapped
361,AQP4,NCBI,8187_2050_5618_5451_5371_100081_5383_1942_1098_3265_11924_12384,anxiety disorder,MONDO_grouped,HGNC:637,AQP4,aquaporin 4,P55087,mapped
367,AR,NCBI,8187_2050_5618_5451_5371_100081_5383_1942_1098_3265_11924_12384,anxiety disorder,MONDO_grouped,HGNC:644,AR,androgen receptor,P10275,mapped
9639,ARHGEF10,NCBI,8187_2050_5618_5451_5371_100081_5383_1942_1098_3265_11924_12384,anxiety disorder,MONDO_grouped,HGNC:14103,ARHGEF10,Rho guanine nucleotide exchange factor 10,O15013,mapped
406,ARNTL,NCBI,8187_2050_5618_5451_5371_100081_5383_1942_1098_3265_11924_12384,anxiety disorder,MONDO_grouped,HGNC:701,BMAL1,basic helix-loop-helix ARNT like 1,O00327,mapped
408,ARRB1,NCBI,8187_2050_5618_5451_5371_100081_5383_1942_1098_3265_11924_12384,anxiety disorder,MONDO_grouped,HGNC:711,ARRB1,arrestin beta 1,P49407,mapped
409,ARRB2,NCBI,8187_2050_5618_5451_5371_100081_5383_1942_1098_3265_11924_12384,anxiety disorder,MONDO_grouped,HGNC:712,ARRB2,arrestin beta 2,P32121,mapped
410,ARSA,NCBI,8187_2050_5618_5451_5371_100081_5383_1942_1098_3265_11924_12384,anxiety disorder,MONDO_grouped,HGNC:713,ARSA,arylsulfatase A,P15289,mapped
9048,ARTN,NCBI,8187_2050_5618_5451_5371_100081_5383_1942_1098_3265_11924_12384,anxiety disorder,MONDO_grouped,HGNC:727,ARTN,artemin,Q5T4W7,mapped
438,ASMT,NCBI,8187_2050_5618_5451_5371_100081_5383_1942_1098_3265_11924_12384,anxiety disorder,MONDO_grouped,HGNC:750,ASMT,acetylserotonin O-methyltransferase,P46597,mapped
467,ATF3,NCBI,8187_2050_5618_5451_5371_100081_5383_1942_1098_3265_11924_12384,anxiety disorder,MONDO_grouped,HGNC:785,ATF3,activating transcription factor 3,P18847,mapped
468,ATF4,NCBI,8187_2050_5618_5451_5371_100081_5383_1942_1098_3265_11924_12384,anxiety disorder,MONDO_grouped,HGNC:786,ATF4,activating transcription factor 4,P18848,mapped
478,ATP1A3,NCBI,8187_2050_5618_5451_5371_100081_5383_1942_1098_3265_11924_12384,anxiety disorder,MONDO_grouped,HGNC:801,ATP1A3,ATPase Na+/K+ transporting subunit alpha 3,P13637,mapped
488,ATP2A2,NCBI,8187_2050_5618_5451_5371_100081_5383_1942_1098_3265_11924_12384,anxiety disorder,MONDO_grouped,HGNC:812,ATP2A2,ATPase sarcoplasmic/endoplasmic reticulum Ca2+ transporting 2,P16615,mapped
540,ATP7B,NCBI,8187_2050_5618_5451_5371_100081_5383_1942_1098_3265_11924_12384,anxiety disorder,MONDO_grouped,HGNC:870,ATP7B,ATPase copper transporting beta,P35670,mapped
4287,ATXN3,NCBI,8187_2050_5618_5451_5371_100081_5383_1942_1098_3265_11924_12384,anxiety disorder,MONDO_grouped,HGNC:7106,ATXN3,ataxin 3,P54252,mapped
551,AVP,NCBI,8187_2050_5618_5451_5371_100081_5383_1942_1098_3265_11924_12384,anxiety disorder,MONDO_grouped,HGNC:894,AVP,arginine vasopressin,P01185,mapped
573,BAG1,NCBI,8187_2050_5618_5451_5371_100081_5383_1942_1098_3265_11924_12384,anxiety disorder,MONDO_grouped,HGNC:937,BAG1,BAG cochaperone 1,Q99933,mapped
596,BCL2,NCBI,8187_2050_5618_5451_5371_100081_5383_1942_1098_3265_11924_12384,anxiety disorder,MONDO_grouped,HGNC:990,BCL2,BCL2 apoptosis regulator,P10415,mapped
607,BCL9,NCBI,8187_2050_5618_5451_5371_100081_5383_1942_1098_3265_11924_12384,anxiety disorder,MONDO_grouped,HGNC:1008,BCL9,BCL9 transcription coactivator,O00512,mapped
613,BCR,NCBI,8187_2050_5618_5451_5371_100081_5383_1942_1098_3265_11924_12384,anxiety disorder,MONDO_grouped,HGNC:1014,BCR,BCR activator of RhoGEF and GTPase,P11274,mapped
624,BDKRB2,NCBI,8187_2050_5618_5451_5371_100081_5383_1942_1098_3265_11924_12384,anxiety disorder,MONDO_grouped,HGNC:1030,BDKRB2,bradykinin receptor B2,P30411,mapped
627,BDNF,NCBI,8187_2050_5618_5451_5371_100081_5383_1942_1098_3265_11924_12384,anxiety disorder,MONDO_grouped,HGNC:1033,BDNF,brain derived neurotrophic factor,P23560,mapped
80114,BICC1,NCBI,8187_2050_5618_5451_5371_100081_5383_1942_1098_3265_11924_12384,anxiety disorder,MONDO_grouped,HGNC:19351,BICC1,BicC family RNA binding protein 1,Q9H694,mapped
655,BMP7,NCBI,8187_2050_5618_5451_5371_100081_5383_1942_1098_3265_11924_12384,anxiety disorder,MONDO_grouped,HGNC:1074,BMP7,bone morphogenetic protein 7,P18075,mapped
672,BRCA1,NCBI,8187_2050_5618_5451_5371_100081_5383_1942_1098_3265_11924_12384,anxiety disorder,MONDO_grouped,HGNC:1100,BRCA1,BRCA1 DNA repair associated,P38398,mapped
775,CACNA1C,NCBI,8187_2050_5618_5451_5371_100081_5383_1942_1098_3265_11924_12384,anxiety disorder,MONDO_grouped,HGNC:1390,CACNA1C,calcium voltage-gated channel subunit alpha1 C,Q13936,mapped
23705,CADM1,NCBI,8187_2050_5618_5451_5371_100081_5383_1942_1098_3265_11924_12384,anxiety disorder,MONDO_grouped,HGNC:5951,CADM1,cell adhesion molecule 1,Q9BY67,mapped
805,CALM2,NCBI,8187_2050_5618_5451_5371_100081_5383_1942_1098_3265_11924_12384,anxiety disorder,MONDO_grouped,HGNC:1445,CALM2,calmodulin 2,P0DP24,mapped
815,CAMK2A,NCBI,8187_2050_5618_5451_5371_100081_5383_1942_1098_3265_11924_12384,anxiety disorder,MONDO_grouped,HGNC:1460,CAMK2A,calcium/calmodulin dependent protein kinase II alpha,Q9UQM7,mapped
9607,CARTPT,NCBI,8187_2050_5618_5451_5371_100081_5383_1942_1098_3265_11924_12384,anxiety disorder,MONDO_grouped,HGNC:24323,CARTPT,CART prepropeptide,Q16568,mapped
847,CAT,NCBI,8187_2050_5618_5451_5371_100081_5383_1942_1098_3265_11924_12384,anxiety disorder,MONDO_grouped,HGNC:1516,CAT,catalase,P04040,mapped
54862,CC2D1A,NCBI,8187_2050_5618_5451_5371_100081_5383_1942_1098_3265_11924_12384,anxiety disorder,MONDO_grouped,HGNC:30237,CC2D1A,coiled-coil and C2 domain containing 1A,Q6P1N0,mapped
886,CCKAR,NCBI,8187_2050_5618_5451_5371_100081_5383_1942_1098_3265_11924_12384,anxiety disorder,MONDO_grouped,HGNC:1570,CCKAR,cholecystokinin A receptor,P32238,mapped
887,CCKBR,NCBI,8187_2050_5618_5451_5371_100081_5383_1942_1098_3265_11924_12384,anxiety disorder,MONDO_grouped,HGNC:1571,CCKBR,cholecystokinin B receptor,P32239,mapped
6347,CCL2,NCBI,8187_2050_5618_5451_5371_100081_5383_1942_1098_3265_11924_12384,anxiety disorder,MONDO_grouped,HGNC:10618,CCL2,C-C motif chemokine ligand 2,P13500,mapped
6369,CCL24,NCBI,8187_2050_5618_5451_5371_100081_5383_1942_1098_3265_11924_12384,anxiety disorder,MONDO_grouped,HGNC:10623,CCL24,C-C motif chemokine ligand 24,O00175,mapped
595,CCND1,NCBI,8187_2050_5618_5451_5371_100081_5383_1942_1098_3265_11924_12384,anxiety disorder,MONDO_grouped,HGNC:1582,CCND1,cyclin D1,P24385,mapped
947,CD34,NCBI,8187_2050_5618_5451_5371_100081_5383_1942_1098_3265_11924_12384,anxiety disorder,MONDO_grouped,HGNC:1662,CD34,CD34 molecule,P28906,mapped
1012,CDH13,NCBI,8187_2050_5618_5451_5371_100081_5383_1942_1098_3265_11924_12384,anxiety disorder,MONDO_grouped,HGNC:1753,CDH13,cadherin 13,P55290,mapped
1005,CDH7,NCBI,8187_2050_5618_5451_5371_100081_5383_1942_1098_3265_11924_12384,anxiety disorder,MONDO_grouped,HGNC:1766,CDH7,cadherin 7,Q9ULB5,mapped
1029,CDKN2A,NCBI,8187_2050_5618_5451_5371_100081_5383_1942_1098_3265_11924_12384,anxiety disorder,MONDO_grouped,HGNC:1787,CDKN2A,cyclin dependent kinase inhibitor 2A,P42771,mapped
1029,CDKN2A,NCBI,8187_2050_5618_5451_5371_100081_5383_1942_1098_3265_11924_12384,anxiety disorder,MONDO_grouped,HGNC:1787,CDKN2A,cyclin dependent kinase inhibitor 2A,Q8N726,mapped
1103,CHAT,NCBI,8187_2050_5618_5451_5371_100081_5383_1942_1098_3265_11924_12384,anxiety disorder,MONDO_grouped,HGNC:1912,CHAT,choline O-acetyltransferase,P28329,mapped
1129,CHRM2,NCBI,8187_2050_5618_5451_5371_100081_5383_1942_1098_3265_11924_12384,anxiety disorder,MONDO_grouped,HGNC:1951,CHRM2,cholinergic receptor muscarinic 2,P08172,mapped
1135,CHRNA2,NCBI,8187_2050_5618_5451_5371_100081_5383_1942_1098_3265_11924_12384,anxiety disorder,MONDO_grouped,HGNC:1956,CHRNA2,cholinergic receptor nicotinic alpha 2 subunit,Q15822,mapped
1137,CHRNA4,NCBI,8187_2050_5618_5451_5371_100081_5383_1942_1098_3265_11924_12384,anxiety disorder,MONDO_grouped,HGNC:1958,CHRNA4,cholinergic receptor nicotinic alpha 4 subunit,P43681,mapped
1138,CHRNA5,NCBI,8187_2050_5618_5451_5371_100081_5383_1942_1098_3265_11924_12384,anxiety disorder,MONDO_grouped,HGNC:1959,CHRNA5,cholinergic receptor nicotinic alpha 5 subunit,P30532,mapped
8973,CHRNA6,NCBI,8187_2050_5618_5451_5371_100081_5383_1942_1098_3265_11924_12384,anxiety disorder,MONDO_grouped,HGNC:15963,CHRNA6,cholinergic receptor nicotinic alpha 6 subunit,Q15825,mapped
1141,CHRNB2,NCBI,8187_2050_5618_5451_5371_100081_5383_1942_1098_3265_11924_12384,anxiety disorder,MONDO_grouped,HGNC:1962,CHRNB2,cholinergic receptor nicotinic beta 2 subunit,P17787,mapped
1142,CHRNB3,NCBI,8187_2050_5618_5451_5371_100081_5383_1942_1098_3265_11924_12384,anxiety disorder,MONDO_grouped,HGNC:1963,CHRNB3,cholinergic receptor nicotinic beta 3 subunit,Q05901,mapped
9575,CLOCK,NCBI,8187_2050_5618_5451_5371_100081_5383_1942_1098_3265_11924_12384,anxiety disorder,MONDO_grouped,HGNC:2082,CLOCK,clock circadian regulator,O15516,mapped
1240,CMKLR1,NCBI,8187_2050_5618_5451_5371_100081_5383_1942_1098_3265_11924_12384,anxiety disorder,MONDO_grouped,HGNC:2121,CMKLR1,chemerin chemokine-like receptor 1,Q99788,mapped
202333,CMYA5,NCBI,8187_2050_5618_5451_5371_100081_5383_1942_1098_3265_11924_12384,anxiety disorder,MONDO_grouped,HGNC:14305,CMYA5,cardiomyopathy associated 5,Q8N3K9,mapped
1267,CNP,NCBI,8187_2050_5618_5451_5371_100081_5383_1942_1098_3265_11924_12384,anxiety disorder,MONDO_grouped,HGNC:2158,CNP,"2',3'-cyclic nucleotide 3' phosphodiesterase",P09543,mapped
1268,CNR1,NCBI,8187_2050_5618_5451_5371_100081_5383_1942_1098_3265_11924_12384,anxiety disorder,MONDO_grouped,HGNC:2159,CNR1,cannabinoid receptor 1,P21554,mapped
1269,CNR2,NCBI,8187_2050_5618_5451_5371_100081_5383_1942_1098_3265_11924_12384,anxiety disorder,MONDO_grouped,HGNC:2160,CNR2,cannabinoid receptor 2,P34972,mapped
1270,CNTF,NCBI,8187_2050_5618_5451_5371_100081_5383_1942_1098_3265_11924_12384,anxiety disorder,MONDO_grouped,HGNC:2169,CNTF,ciliary neurotrophic factor,P26441,mapped
26047,CNTNAP2,NCBI,8187_2050_5618_5451_5371_100081_5383_1942_1098_3265_11924_12384,anxiety disorder,MONDO_grouped,HGNC:13830,CNTNAP2,contactin associated protein 2,Q9UHC6,mapped
1312,COMT,NCBI,8187_2050_5618_5451_5371_100081_5383_1942_1098_3265_11924_12384,anxiety disorder,MONDO_grouped,HGNC:2228,COMT,catechol-O-methyltransferase,P21964,mapped
4513,COX2,NCBI,8187_2050_5618_5451_5371_100081_5383_1942_1098_3265_11924_12384,anxiety disorder,MONDO_grouped,HGNC:7421,MT-CO2,mitochondrially encoded cytochrome c oxidase II,P00403,mapped
10815,CPLX1,NCBI,8187_2050_5618_5451_5371_100081_5383_1942_1098_3265_11924_12384,anxiety disorder,MONDO_grouped,HGNC:2309,CPLX1,complexin 1,O14810,mapped
10814,CPLX2,NCBI,8187_2050_5618_5451_5371_100081_5383_1942_1098_3265_11924_12384,anxiety disorder,MONDO_grouped,HGNC:2310,CPLX2,complexin 2,Q6PUV4,mapped
1385,CREB1,NCBI,8187_2050_5618_5451_5371_100081_5383_1942_1098_3265_11924_12384,anxiety disorder,MONDO_grouped,HGNC:2345,CREB1,cAMP responsive element binding protein 1,P16220,mapped
1387,CREBBP,NCBI,8187_2050_5618_5451_5371_100081_5383_1942_1098_3265_11924_12384,anxiety disorder,MONDO_grouped,HGNC:2348,CREBBP,CREB binding lysine acetyltransferase ,Q92793,mapped
1392,CRH,NCBI,8187_2050_5618_5451_5371_100081_5383_1942_1098_3265_11924_12384,anxiety disorder,MONDO_grouped,HGNC:2355,CRH,corticotropin releasing hormone,P06850,mapped
1393,CRHBP,NCBI,8187_2050_5618_5451_5371_100081_5383_1942_1098_3265_11924_12384,anxiety disorder,MONDO_grouped,HGNC:2356,CRHBP,corticotropin releasing hormone binding protein,P24387,mapped
1394,CRHR1,NCBI,8187_2050_5618_5451_5371_100081_5383_1942_1098_3265_11924_12384,anxiety disorder,MONDO_grouped,HGNC:2357,CRHR1,corticotropin releasing hormone receptor 1,P34998,mapped
1395,CRHR2,NCBI,8187_2050_5618_5451_5371_100081_5383_1942_1098_3265_11924_12384,anxiety disorder,MONDO_grouped,HGNC:2358,CRHR2,corticotropin releasing hormone receptor 2,Q13324,mapped
1401,CRP,NCBI,8187_2050_5618_5451_5371_100081_5383_1942_1098_3265_11924_12384,anxiety disorder,MONDO_grouped,HGNC:2367,CRP,C-reactive protein,P02741,mapped
1407,CRY1,NCBI,8187_2050_5618_5451_5371_100081_5383_1942_1098_3265_11924_12384,anxiety disorder,MONDO_grouped,HGNC:2384,CRY1,cryptochrome circadian regulator 1,Q16526,mapped
1408,CRY2,NCBI,8187_2050_5618_5451_5371_100081_5383_1942_1098_3265_11924_12384,anxiety disorder,MONDO_grouped,HGNC:2385,CRY2,cryptochrome circadian regulator 2,Q49AN0,mapped
1439,CSF2RB,NCBI,8187_2050_5618_5451_5371_100081_5383_1942_1098_3265_11924_12384,anxiety disorder,MONDO_grouped,HGNC:2436,CSF2RB,colony stimulating factor 2 receptor subunit beta,P32927,mapped
1440,CSF3,NCBI,8187_2050_5618_5451_5371_100081_5383_1942_1098_3265_11924_12384,anxiety disorder,MONDO_grouped,HGNC:2438,CSF3,colony stimulating factor 3,P09919,mapped
114784,CSMD2,NCBI,8187_2050_5618_5451_5371_100081_5383_1942_1098_3265_11924_12384,anxiety disorder,MONDO_grouped,HGNC:19290,CSMD2,CUB and Sushi multiple domains 2,Q7Z408,mapped
1493,CTLA4,NCBI,8187_2050_5618_5451_5371_100081_5383_1942_1098_3265_11924_12384,anxiety disorder,MONDO_grouped,HGNC:2505,CTLA4,cytotoxic T-lymphocyte associated protein 4,P16410,mapped
1501,CTNND2,NCBI,8187_2050_5618_5451_5371_100081_5383_1942_1098_3265_11924_12384,anxiety disorder,MONDO_grouped,HGNC:2516,CTNND2,catenin delta 2,Q9UQB3,mapped
1523,CUX1,NCBI,8187_2050_5618_5451_5371_100081_5383_1942_1098_3265_11924_12384,anxiety disorder,MONDO_grouped,HGNC:2557,CUX1,cut like homeobox 1,P39880,mapped
1523,CUX1,NCBI,8187_2050_5618_5451_5371_100081_5383_1942_1098_3265_11924_12384,anxiety disorder,MONDO_grouped,HGNC:2557,CUX1,cut like homeobox 1,Q13948,mapped
3627,CXCL10,NCBI,8187_2050_5618_5451_5371_100081_5383_1942_1098_3265_11924_12384,anxiety disorder,MONDO_grouped,HGNC:10637,CXCL10,C-X-C motif chemokine ligand 10,P02778,mapped
3576,CXCL8,NCBI,8187_2050_5618_5451_5371_100081_5383_1942_1098_3265_11924_12384,anxiety disorder,MONDO_grouped,HGNC:6025,CXCL8,C-X-C motif chemokine ligand 8,P10145,mapped
1557,CYP2C19,NCBI,8187_2050_5618_5451_5371_100081_5383_1942_1098_3265_11924_12384,anxiety disorder,MONDO_grouped,HGNC:2621,CYP2C19,cytochrome P450 family 2 subfamily C member 19,P33261,mapped
1559,CYP2C9,NCBI,8187_2050_5618_5451_5371_100081_5383_1942_1098_3265_11924_12384,anxiety disorder,MONDO_grouped,HGNC:2623,CYP2C9,cytochrome P450 family 2 subfamily C member 9,P11712,mapped
1565,CYP2D6,NCBI,8187_2050_5618_5451_5371_100081_5383_1942_1098_3265_11924_12384,anxiety disorder,MONDO_grouped,HGNC:2625,CYP2D6,cytochrome P450 family 2 subfamily D member 6 (gene/pseudogene),P10635,mapped
267012,DAOA,NCBI,8187_2050_5618_5451_5371_100081_5383_1942_1098_3265_11924_12384,anxiety disorder,MONDO_grouped,HGNC:21191,DAOA,D-amino acid oxidase activator,P59103,mapped
1621,DBH,NCBI,8187_2050_5618_5451_5371_100081_5383_1942_1098_3265_11924_12384,anxiety disorder,MONDO_grouped,HGNC:2689,DBH,dopamine beta-hydroxylase,P09172,mapped
140947,DCANP1,NCBI,8187_2050_5618_5451_5371_100081_5383_1942_1098_3265_11924_12384,anxiety disorder,MONDO_grouped,HGNC:24459,DCANP1,dendritic cell associated nuclear protein 1,Q8TF63,mapped
1644,DDC,NCBI,8187_2050_5618_5451_5371_100081_5383_1942_1098_3265_11924_12384,anxiety disorder,MONDO_grouped,HGNC:2719,DDC,dopa decarboxylase,P20711,mapped
54541,DDIT4,NCBI,8187_2050_5618_5451_5371_100081_5383_1942_1098_3265_11924_12384,anxiety disorder,MONDO_grouped,HGNC:24944,DDIT4,DNA damage inducible transcript 4,Q9NX09,mapped
10522,DEAF1,NCBI,8187_2050_5618_5451_5371_100081_5383_1942_1098_3265_11924_12384,anxiety disorder,MONDO_grouped,HGNC:14677,DEAF1,DEAF1 transcription factor,O75398,mapped
1607,DGKB,NCBI,8187_2050_5618_5451_5371_100081_5383_1942_1098_3265_11924_12384,anxiety disorder,MONDO_grouped,HGNC:2850,DGKB,diacylglycerol kinase beta,Q9Y6T7,mapped
160851,DGKH,NCBI,8187_2050_5618_5451_5371_100081_5383_1942_1098_3265_11924_12384,anxiety disorder,MONDO_grouped,HGNC:2854,DGKH,diacylglycerol kinase eta,Q86XP1,mapped
27185,DISC1,NCBI,8187_2050_5618_5451_5371_100081_5383_1942_1098_3265_11924_12384,anxiety disorder,MONDO_grouped,HGNC:2888,DISC1,DISC1 scaffold protein,Q9NRI5,mapped
85458,DIXDC1,NCBI,8187_2050_5618_5451_5371_100081_5383_1942_1098_3265_11924_12384,anxiety disorder,MONDO_grouped,HGNC:23695,DIXDC1,DIX domain containing 1,Q155Q3,mapped
27121,DKK4,NCBI,8187_2050_5618_5451_5371_100081_5383_1942_1098_3265_11924_12384,anxiety disorder,MONDO_grouped,HGNC:2894,DKK4,dickkopf Wnt signaling pathway inhibitor 4,Q9UBT3,mapped
1740,DLG2,NCBI,8187_2050_5618_5451_5371_100081_5383_1942_1098_3265_11924_12384,anxiety disorder,MONDO_grouped,HGNC:2901,DLG2,discs large MAGUK scaffold protein 2,Q15700,mapped
1741,DLG3,NCBI,8187_2050_5618_5451_5371_100081_5383_1942_1098_3265_11924_12384,anxiety disorder,MONDO_grouped,HGNC:2902,DLG3,discs large MAGUK scaffold protein 3,Q92796,mapped
1742,DLG4,NCBI,8187_2050_5618_5451_5371_100081_5383_1942_1098_3265_11924_12384,anxiety disorder,MONDO_grouped,HGNC:2903,DLG4,discs large MAGUK scaffold protein 4,P78352,mapped
1786,DNMT1,NCBI,8187_2050_5618_5451_5371_100081_5383_1942_1098_3265_11924_12384,anxiety disorder,MONDO_grouped,HGNC:2976,DNMT1,DNA methyltransferase 1,P26358,mapped
1803,DPP4,NCBI,8187_2050_5618_5451_5371_100081_5383_1942_1098_3265_11924_12384,anxiety disorder,MONDO_grouped,HGNC:3009,DPP4,dipeptidyl peptidase 4,P27487,mapped
1808,DPYSL2,NCBI,8187_2050_5618_5451_5371_100081_5383_1942_1098_3265_11924_12384,anxiety disorder,MONDO_grouped,HGNC:3014,DPYSL2,dihydropyrimidinase like 2,Q16555,mapped
1812,DRD1,NCBI,8187_2050_5618_5451_5371_100081_5383_1942_1098_3265_11924_12384,anxiety disorder,MONDO_grouped,HGNC:3020,DRD1,dopamine receptor D1,P21728,mapped
1813,DRD2,NCBI,8187_2050_5618_5451_5371_100081_5383_1942_1098_3265_11924_12384,anxiety disorder,MONDO_grouped,HGNC:3023,DRD2,dopamine receptor D2,P14416,mapped
1814,DRD3,NCBI,8187_2050_5618_5451_5371_100081_5383_1942_1098_3265_11924_12384,anxiety disorder,MONDO_grouped,HGNC:3024,DRD3,dopamine receptor D3,P35462,mapped
1815,DRD4,NCBI,8187_2050_5618_5451_5371_100081_5383_1942_1098_3265_11924_12384,anxiety disorder,MONDO_grouped,HGNC:3025,DRD4,dopamine receptor D4,P21917,mapped
1816,DRD5,NCBI,8187_2050_5618_5451_5371_100081_5383_1942_1098_3265_11924_12384,anxiety disorder,MONDO_grouped,HGNC:3026,DRD5,dopamine receptor D5,P21918,mapped
84062,DTNBP1,NCBI,8187_2050_5618_5451_5371_100081_5383_1942_1098_3265_11924_12384,anxiety disorder,MONDO_grouped,HGNC:17328,DTNBP1,dystrobrevin binding protein 1,Q96EV8,mapped
1843,DUSP1,NCBI,8187_2050_5618_5451_5371_100081_5383_1942_1098_3265_11924_12384,anxiety disorder,MONDO_grouped,HGNC:3064,DUSP1,dual specificity phosphatase 1,P28562,mapped
1846,DUSP4,NCBI,8187_2050_5618_5451_5371_100081_5383_1942_1098_3265_11924_12384,anxiety disorder,MONDO_grouped,HGNC:3070,DUSP4,dual specificity phosphatase 4,Q13115,mapped
1848,DUSP6,NCBI,8187_2050_5618_5451_5371_100081_5383_1942_1098_3265_11924_12384,anxiety disorder,MONDO_grouped,HGNC:3072,DUSP6,dual specificity phosphatase 6,Q16828,mapped
9695,EDEM1,NCBI,8187_2050_5618_5451_5371_100081_5383_1942_1098_3265_11924_12384,anxiety disorder,MONDO_grouped,HGNC:18967,EDEM1,ER degradation enhancing alpha-mannosidase like protein 1,Q92611,mapped
1906,EDN1,NCBI,8187_2050_5618_5451_5371_100081_5383_1942_1098_3265_11924_12384,anxiety disorder,MONDO_grouped,HGNC:3176,EDN1,endothelin 1,P05305,mapped
1950,EGF,NCBI,8187_2050_5618_5451_5371_100081_5383_1942_1098_3265_11924_12384,anxiety disorder,MONDO_grouped,HGNC:3229,EGF,epidermal growth factor,P01133,mapped
1956,EGFR,NCBI,8187_2050_5618_5451_5371_100081_5383_1942_1098_3265_11924_12384,anxiety disorder,MONDO_grouped,HGNC:3236,EGFR,epidermal growth factor receptor,P00533,mapped
1960,EGR3,NCBI,8187_2050_5618_5451_5371_100081_5383_1942_1098_3265_11924_12384,anxiety disorder,MONDO_grouped,HGNC:3240,EGR3,early growth response 3,Q06889,mapped
30845,EHD3,NCBI,8187_2050_5618_5451_5371_100081_5383_1942_1098_3265_11924_12384,anxiety disorder,MONDO_grouped,HGNC:3244,EHD3,EH domain containing 3,Q9NZN3,mapped
1975,EIF4B,NCBI,8187_2050_5618_5451_5371_100081_5383_1942_1098_3265_11924_12384,anxiety disorder,MONDO_grouped,HGNC:3285,EIF4B,eukaryotic translation initiation factor 4B,P23588,mapped
2012,EMP1,NCBI,8187_2050_5618_5451_5371_100081_5383_1942_1098_3265_11924_12384,anxiety disorder,MONDO_grouped,HGNC:3333,EMP1,epithelial membrane protein 1,P54849,mapped
2028,ENPEP,NCBI,8187_2050_5618_5451_5371_100081_5383_1942_1098_3265_11924_12384,anxiety disorder,MONDO_grouped,HGNC:3355,ENPEP,glutamyl aminopeptidase,Q07075,mapped
8320,EOMES,NCBI,8187_2050_5618_5451_5371_100081_5383_1942_1098_3265_11924_12384,anxiety disorder,MONDO_grouped,HGNC:3372,EOMES,eomesodermin,O95936,mapped
2065,ERBB3,NCBI,8187_2050_5618_5451_5371_100081_5383_1942_1098_3265_11924_12384,anxiety disorder,MONDO_grouped,HGNC:3431,ERBB3,erb-b2 receptor tyrosine kinase 3,P21860,mapped
2099,ESR1,NCBI,8187_2050_5618_5451_5371_100081_5383_1942_1098_3265_11924_12384,anxiety disorder,MONDO_grouped,HGNC:3467,ESR1,estrogen receptor 1,P03372,mapped
2100,ESR2,NCBI,8187_2050_5618_5451_5371_100081_5383_1942_1098_3265_11924_12384,anxiety disorder,MONDO_grouped,HGNC:3468,ESR2,estrogen receptor 2,Q92731,mapped
54738,FEV,NCBI,8187_2050_5618_5451_5371_100081_5383_1942_1098_3265_11924_12384,anxiety disorder,MONDO_grouped,HGNC:18562,FEV,"FEV transcription factor, ETS family member",Q99581,mapped
8822,FGF17,NCBI,8187_2050_5618_5451_5371_100081_5383_1942_1098_3265_11924_12384,anxiety disorder,MONDO_grouped,HGNC:3673,FGF17,fibroblast growth factor 17,O60258,mapped
2247,FGF2,NCBI,8187_2050_5618_5451_5371_100081_5383_1942_1098_3265_11924_12384,anxiety disorder,MONDO_grouped,HGNC:3676,FGF2,fibroblast growth factor 2,P09038,mapped
26281,FGF20,NCBI,8187_2050_5618_5451_5371_100081_5383_1942_1098_3265_11924_12384,anxiety disorder,MONDO_grouped,HGNC:3677,FGF20,fibroblast growth factor 20,Q9NP95,mapped
2260,FGFR1,NCBI,8187_2050_5618_5451_5371_100081_5383_1942_1098_3265_11924_12384,anxiety disorder,MONDO_grouped,HGNC:3688,FGFR1,fibroblast growth factor receptor 1,P11362,mapped
2263,FGFR2,NCBI,8187_2050_5618_5451_5371_100081_5383_1942_1098_3265_11924_12384,anxiety disorder,MONDO_grouped,HGNC:3689,FGFR2,fibroblast growth factor receptor 2,P21802,mapped
2288,FKBP4,NCBI,8187_2050_5618_5451_5371_100081_5383_1942_1098_3265_11924_12384,anxiety disorder,MONDO_grouped,HGNC:3720,FKBP4,FKBP prolyl isomerase 4,Q02790,mapped
2289,FKBP5,NCBI,8187_2050_5618_5451_5371_100081_5383_1942_1098_3265_11924_12384,anxiety disorder,MONDO_grouped,HGNC:3721,FKBP5,FKBP prolyl isomerase 5,Q13451,mapped
2332,FMR1,NCBI,8187_2050_5618_5451_5371_100081_5383_1942_1098_3265_11924_12384,anxiety disorder,MONDO_grouped,HGNC:3775,FMR1,fragile X messenger ribonucleoprotein 1,Q06787,mapped
2346,FOLH1,NCBI,8187_2050_5618_5451_5371_100081_5383_1942_1098_3265_11924_12384,anxiety disorder,MONDO_grouped,HGNC:3788,FOLH1,folate hydrolase 1,Q04609,mapped
2353,FOS,NCBI,8187_2050_5618_5451_5371_100081_5383_1942_1098_3265_11924_12384,anxiety disorder,MONDO_grouped,HGNC:3796,FOS,"Fos proto-oncogene, AP-1 transcription factor subunit",P01100,mapped
27022,FOXD3,NCBI,8187_2050_5618_5451_5371_100081_5383_1942_1098_3265_11924_12384,anxiety disorder,MONDO_grouped,HGNC:3804,FOXD3,forkhead box D3,Q9UJU5,mapped
93986,FOXP2,NCBI,8187_2050_5618_5451_5371_100081_5383_1942_1098_3265_11924_12384,anxiety disorder,MONDO_grouped,HGNC:13875,FOXP2,forkhead box P2,O15409,mapped
166752,FREM3,NCBI,8187_2050_5618_5451_5371_100081_5383_1942_1098_3265_11924_12384,anxiety disorder,MONDO_grouped,HGNC:25172,FREM3,FRAS1 related extracellular matrix 3,P0C091,mapped
2495,FTH1,NCBI,8187_2050_5618_5451_5371_100081_5383_1942_1098_3265_11924_12384,anxiety disorder,MONDO_grouped,HGNC:3976,FTH1,ferritin heavy chain 1,P02794,mapped
2512,FTL,NCBI,8187_2050_5618_5451_5371_100081_5383_1942_1098_3265_11924_12384,anxiety disorder,MONDO_grouped,HGNC:3999,FTL,ferritin light chain,P02792,mapped
79068,FTO,NCBI,8187_2050_5618_5451_5371_100081_5383_1942_1098_3265_11924_12384,anxiety disorder,MONDO_grouped,HGNC:24678,FTO,FTO alpha-ketoglutarate dependent dioxygenase,Q9C0B1,mapped
9568,GABBR2,NCBI,8187_2050_5618_5451_5371_100081_5383_1942_1098_3265_11924_12384,anxiety disorder,MONDO_grouped,HGNC:4507,GABBR2,gamma-aminobutyric acid type B receptor subunit 2,O75899,mapped
2551,GABPA,NCBI,8187_2050_5618_5451_5371_100081_5383_1942_1098_3265_11924_12384,anxiety disorder,MONDO_grouped,HGNC:4071,GABPA,GA binding protein transcription factor subunit alpha,Q06546,mapped
2555,GABRA2,NCBI,8187_2050_5618_5451_5371_100081_5383_1942_1098_3265_11924_12384,anxiety disorder,MONDO_grouped,HGNC:4076,GABRA2,gamma-aminobutyric acid type A receptor subunit alpha2,P47869,mapped
2556,GABRA3,NCBI,8187_2050_5618_5451_5371_100081_5383_1942_1098_3265_11924_12384,anxiety disorder,MONDO_grouped,HGNC:4077,GABRA3,gamma-aminobutyric acid type A receptor subunit alpha3,P34903,mapped
2559,GABRA6,NCBI,8187_2050_5618_5451_5371_100081_5383_1942_1098_3265_11924_12384,anxiety disorder,MONDO_grouped,HGNC:4080,GABRA6,gamma-aminobutyric acid type A receptor subunit alpha6,Q16445,mapped
2562,GABRB3,NCBI,8187_2050_5618_5451_5371_100081_5383_1942_1098_3265_11924_12384,anxiety disorder,MONDO_grouped,HGNC:4083,GABRB3,gamma-aminobutyric acid type A receptor subunit beta3,P28472,mapped
2571,GAD1,NCBI,8187_2050_5618_5451_5371_100081_5383_1942_1098_3265_11924_12384,anxiety disorder,MONDO_grouped,HGNC:4092,GAD1,glutamate decarboxylase 1,Q99259,mapped
2572,GAD2,NCBI,8187_2050_5618_5451_5371_100081_5383_1942_1098_3265_11924_12384,anxiety disorder,MONDO_grouped,HGNC:4093,GAD2,glutamate decarboxylase 2,Q05329,mapped
51083,GAL,NCBI,8187_2050_5618_5451_5371_100081_5383_1942_1098_3265_11924_12384,anxiety disorder,MONDO_grouped,HGNC:4114,GAL,galanin and GMAP prepropeptide,P22466,mapped
2587,GALR1,NCBI,8187_2050_5618_5451_5371_100081_5383_1942_1098_3265_11924_12384,anxiety disorder,MONDO_grouped,HGNC:4132,GALR1,galanin receptor 1,P47211,mapped
8811,GALR2,NCBI,8187_2050_5618_5451_5371_100081_5383_1942_1098_3265_11924_12384,anxiety disorder,MONDO_grouped,HGNC:4133,GALR2,galanin receptor 2,O43603,mapped
8484,GALR3,NCBI,8187_2050_5618_5451_5371_100081_5383_1942_1098_3265_11924_12384,anxiety disorder,MONDO_grouped,HGNC:4134,GALR3,galanin receptor 3,O60755,mapped
2596,GAP43,NCBI,8187_2050_5618_5451_5371_100081_5383_1942_1098_3265_11924_12384,anxiety disorder,MONDO_grouped,HGNC:4140,GAP43,growth associated protein 43,P17677,mapped
51573,GDE1,NCBI,8187_2050_5618_5451_5371_100081_5383_1942_1098_3265_11924_12384,anxiety disorder,MONDO_grouped,HGNC:29644,GDE1,glycerophosphodiester phosphodiesterase 1,Q9NZC3,mapped
2668,GDNF,NCBI,8187_2050_5618_5451_5371_100081_5383_1942_1098_3265_11924_12384,anxiety disorder,MONDO_grouped,HGNC:4232,GDNF,glial cell derived neurotrophic factor,P39905,mapped
2670,GFAP,NCBI,8187_2050_5618_5451_5371_100081_5383_1942_1098_3265_11924_12384,anxiety disorder,MONDO_grouped,HGNC:4235,GFAP,glial fibrillary acidic protein,P14136,mapped
2688,GH1,NCBI,8187_2050_5618_5451_5371_100081_5383_1942_1098_3265_11924_12384,anxiety disorder,MONDO_grouped,HGNC:4261,GH1,growth hormone 1,P01241,mapped
51738,GHRL,NCBI,8187_2050_5618_5451_5371_100081_5383_1942_1098_3265_11924_12384,anxiety disorder,MONDO_grouped,HGNC:18129,GHRL,ghrelin and obestatin prepropeptide,Q9UBU3,mapped
2697,GJA1,NCBI,8187_2050_5618_5451_5371_100081_5383_1942_1098_3265_11924_12384,anxiety disorder,MONDO_grouped,HGNC:4274,GJA1,gap junction protein alpha 1,P17302,mapped
2739,GLO1,NCBI,8187_2050_5618_5451_5371_100081_5383_1942_1098_3265_11924_12384,anxiety disorder,MONDO_grouped,HGNC:4323,GLO1,glyoxalase I,Q04760,mapped
55830,GLT8D1,NCBI,8187_2050_5618_5451_5371_100081_5383_1942_1098_3265_11924_12384,anxiety disorder,MONDO_grouped,HGNC:24870,GLT8D1,glycosyltransferase 8 domain containing 1,Q68CQ7,mapped
2752,GLUL,NCBI,8187_2050_5618_5451_5371_100081_5383_1942_1098_3265_11924_12384,anxiety disorder,MONDO_grouped,HGNC:4341,GLUL,glutamate-ammonia ligase,P15104,mapped
51291,GMIP,NCBI,8187_2050_5618_5451_5371_100081_5383_1942_1098_3265_11924_12384,anxiety disorder,MONDO_grouped,HGNC:24852,GMIP,GEM interacting protein,Q9P107,mapped
2778,GNAS,NCBI,8187_2050_5618_5451_5371_100081_5383_1942_1098_3265_11924_12384,anxiety disorder,MONDO_grouped,HGNC:4392,GNAS,GNAS complex locus,O95467,mapped
2778,GNAS,NCBI,8187_2050_5618_5451_5371_100081_5383_1942_1098_3265_11924_12384,anxiety disorder,MONDO_grouped,HGNC:4392,GNAS,GNAS complex locus,P63092,mapped
2778,GNAS,NCBI,8187_2050_5618_5451_5371_100081_5383_1942_1098_3265_11924_12384,anxiety disorder,MONDO_grouped,HGNC:4392,GNAS,GNAS complex locus,P84996,mapped
2778,GNAS,NCBI,8187_2050_5618_5451_5371_100081_5383_1942_1098_3265_11924_12384,anxiety disorder,MONDO_grouped,HGNC:4392,GNAS,GNAS complex locus,Q5JWF2,mapped
2782,GNB1,NCBI,8187_2050_5618_5451_5371_100081_5383_1942_1098_3265_11924_12384,anxiety disorder,MONDO_grouped,HGNC:4396,GNB1,G protein subunit beta 1,P62873,mapped
2784,GNB3,NCBI,8187_2050_5618_5451_5371_100081_5383_1942_1098_3265_11924_12384,anxiety disorder,MONDO_grouped,HGNC:4400,GNB3,G protein subunit beta 3,P16520,mapped
2876,GPX1,NCBI,8187_2050_5618_5451_5371_100081_5383_1942_1098_3265_11924_12384,anxiety disorder,MONDO_grouped,HGNC:4553,GPX1,glutathione peroxidase 1,P07203,mapped
2890,GRIA1,NCBI,8187_2050_5618_5451_5371_100081_5383_1942_1098_3265_11924_12384,anxiety disorder,MONDO_grouped,HGNC:4571,GRIA1,glutamate ionotropic receptor AMPA type subunit 1,P42261,mapped
2891,GRIA2,NCBI,8187_2050_5618_5451_5371_100081_5383_1942_1098_3265_11924_12384,anxiety disorder,MONDO_grouped,HGNC:4572,GRIA2,glutamate ionotropic receptor AMPA type subunit 2,P42262,mapped
2892,GRIA3,NCBI,8187_2050_5618_5451_5371_100081_5383_1942_1098_3265_11924_12384,anxiety disorder,MONDO_grouped,HGNC:4573,GRIA3,glutamate ionotropic receptor AMPA type subunit 3,P42263,mapped
2894,GRID1,NCBI,8187_2050_5618_5451_5371_100081_5383_1942_1098_3265_11924_12384,anxiety disorder,MONDO_grouped,HGNC:4575,GRID1,glutamate ionotropic receptor delta type subunit 1,Q9ULK0,mapped
2899,GRIK3,NCBI,8187_2050_5618_5451_5371_100081_5383_1942_1098_3265_11924_12384,anxiety disorder,MONDO_grouped,HGNC:4581,GRIK3,glutamate ionotropic receptor kainate type subunit 3,Q13003,mapped
2900,GRIK4,NCBI,8187_2050_5618_5451_5371_100081_5383_1942_1098_3265_11924_12384,anxiety disorder,MONDO_grouped,HGNC:4582,GRIK4,glutamate ionotropic receptor kainate type subunit 4,Q16099,mapped
2903,GRIN2A,NCBI,8187_2050_5618_5451_5371_100081_5383_1942_1098_3265_11924_12384,anxiety disorder,MONDO_grouped,HGNC:4585,GRIN2A,glutamate ionotropic receptor NMDA type subunit 2A,Q12879,mapped
2904,GRIN2B,NCBI,8187_2050_5618_5451_5371_100081_5383_1942_1098_3265_11924_12384,anxiety disorder,MONDO_grouped,HGNC:4586,GRIN2B,glutamate ionotropic receptor NMDA type subunit 2B,Q13224,mapped
2911,GRM1,NCBI,8187_2050_5618_5451_5371_100081_5383_1942_1098_3265_11924_12384,anxiety disorder,MONDO_grouped,HGNC:4593,GRM1,glutamate metabotropic receptor 1,Q13255,mapped
2915,GRM5,NCBI,8187_2050_5618_5451_5371_100081_5383_1942_1098_3265_11924_12384,anxiety disorder,MONDO_grouped,HGNC:4597,GRM5,glutamate metabotropic receptor 5,P41594,mapped
2917,GRM7,NCBI,8187_2050_5618_5451_5371_100081_5383_1942_1098_3265_11924_12384,anxiety disorder,MONDO_grouped,HGNC:4599,GRM7,glutamate metabotropic receptor 7,Q14831,mapped
2918,GRM8,NCBI,8187_2050_5618_5451_5371_100081_5383_1942_1098_3265_11924_12384,anxiety disorder,MONDO_grouped,HGNC:4600,GRM8,glutamate metabotropic receptor 8,O00222,mapped
2896,GRN,NCBI,8187_2050_5618_5451_5371_100081_5383_1942_1098_3265_11924_12384,anxiety disorder,MONDO_grouped,HGNC:4601,GRN,granulin precursor,P28799,mapped
2925,GRPR,NCBI,8187_2050_5618_5451_5371_100081_5383_1942_1098_3265_11924_12384,anxiety disorder,MONDO_grouped,HGNC:4609,GRPR,gastrin releasing peptide receptor,P30550,mapped
2931,GSK3A,NCBI,8187_2050_5618_5451_5371_100081_5383_1942_1098_3265_11924_12384,anxiety disorder,MONDO_grouped,HGNC:4616,GSK3A,glycogen synthase kinase 3 alpha,P49840,mapped
2932,GSK3B,NCBI,8187_2050_5618_5451_5371_100081_5383_1942_1098_3265_11924_12384,anxiety disorder,MONDO_grouped,HGNC:4617,GSK3B,glycogen synthase kinase 3 beta,P49841,mapped
2944,GSTM1,NCBI,8187_2050_5618_5451_5371_100081_5383_1942_1098_3265_11924_12384,anxiety disorder,MONDO_grouped,HGNC:4632,GSTM1,glutathione S-transferase mu 1,P09488,mapped
2952,GSTT1,NCBI,8187_2050_5618_5451_5371_100081_5383_1942_1098_3265_11924_12384,anxiety disorder,MONDO_grouped,HGNC:4641,GSTT1,glutathione S-transferase theta 1,P30711,mapped
2996,GYPE,NCBI,8187_2050_5618_5451_5371_100081_5383_1942_1098_3265_11924_12384,anxiety disorder,MONDO_grouped,HGNC:4705,GYPE,glycophorin E (MNS blood group),P15421,mapped
348980,HCN1,NCBI,8187_2050_5618_5451_5371_100081_5383_1942_1098_3265_11924_12384,anxiety disorder,MONDO_grouped,HGNC:4845,HCN1,hyperpolarization activated cyclic nucleotide gated potassium channel 1,O60741,mapped
3060,HCRT,NCBI,8187_2050_5618_5451_5371_100081_5383_1942_1098_3265_11924_12384,anxiety disorder,MONDO_grouped,HGNC:4847,HCRT,hypocretin neuropeptide precursor,O43612,mapped
3061,HCRTR1,NCBI,8187_2050_5618_5451_5371_100081_5383_1942_1098_3265_11924_12384,anxiety disorder,MONDO_grouped,HGNC:4848,HCRTR1,hypocretin receptor 1,O43613,mapped
3066,HDAC2,NCBI,8187_2050_5618_5451_5371_100081_5383_1942_1098_3265_11924_12384,anxiety disorder,MONDO_grouped,HGNC:4853,HDAC2,histone deacetylase 2,Q92769,mapped
9759,HDAC4,NCBI,8187_2050_5618_5451_5371_100081_5383_1942_1098_3265_11924_12384,anxiety disorder,MONDO_grouped,HGNC:14063,HDAC4,histone deacetylase 4,P56524,mapped
10014,HDAC5,NCBI,8187_2050_5618_5451_5371_100081_5383_1942_1098_3265_11924_12384,anxiety disorder,MONDO_grouped,HGNC:14068,HDAC5,histone deacetylase 5,Q9UQL6,mapped
10013,HDAC6,NCBI,8187_2050_5618_5451_5371_100081_5383_1942_1098_3265_11924_12384,anxiety disorder,MONDO_grouped,HGNC:14064,HDAC6,histone deacetylase 6,Q9UBN7,mapped
9734,HDAC9,NCBI,8187_2050_5618_5451_5371_100081_5383_1942_1098_3265_11924_12384,anxiety disorder,MONDO_grouped,HGNC:14065,HDAC9,histone deacetylase 9,Q9UKV0,mapped
3091,HIF1A,NCBI,8187_2050_5618_5451_5371_100081_5383_1942_1098_3265_11924_12384,anxiety disorder,MONDO_grouped,HGNC:4910,HIF1A,hypoxia inducible factor 1 subunit alpha,Q16665,mapped
3131,HLF,NCBI,8187_2050_5618_5451_5371_100081_5383_1942_1098_3265_11924_12384,anxiety disorder,MONDO_grouped,HGNC:4977,HLF,"HLF transcription factor, PAR bZIP family member",Q16534,mapped
9456,HOMER1,NCBI,8187_2050_5618_5451_5371_100081_5383_1942_1098_3265_11924_12384,anxiety disorder,MONDO_grouped,HGNC:17512,HOMER1,homer scaffold protein 1,Q86YM7,mapped
3240,HP,NCBI,8187_2050_5618_5451_5371_100081_5383_1942_1098_3265_11924_12384,anxiety disorder,MONDO_grouped,HGNC:5141,HP,haptoglobin,P00738,mapped
10855,HPSE,NCBI,8187_2050_5618_5451_5371_100081_5383_1942_1098_3265_11924_12384,anxiety disorder,MONDO_grouped,HGNC:5164,HPSE,heparanase,Q9Y251,mapped
3290,HSD11B1,NCBI,8187_2050_5618_5451_5371_100081_5383_1942_1098_3265_11924_12384,anxiety disorder,MONDO_grouped,HGNC:5208,HSD11B1,hydroxysteroid 11-beta dehydrogenase 1,P28845,mapped
3320,HSP90AA1,NCBI,8187_2050_5618_5451_5371_100081_5383_1942_1098_3265_11924_12384,anxiety disorder,MONDO_grouped,HGNC:5253,HSP90AA1,heat shock protein 90 alpha family class A member 1,P07900,mapped
3303,HSPA1A,NCBI,8187_2050_5618_5451_5371_100081_5383_1942_1098_3265_11924_12384,anxiety disorder,MONDO_grouped,HGNC:5232,HSPA1A,heat shock protein family A (Hsp70) member 1A,P0DMV8,mapped
3304,HSPA1B,NCBI,8187_2050_5618_5451_5371_100081_5383_1942_1098_3265_11924_12384,anxiety disorder,MONDO_grouped,HGNC:5233,HSPA1B,heat shock protein family A (Hsp70) member 1B,P0DMV9,mapped
3305,HSPA1L,NCBI,8187_2050_5618_5451_5371_100081_5383_1942_1098_3265_11924_12384,anxiety disorder,MONDO_grouped,HGNC:5234,HSPA1L,heat shock protein family A (Hsp70) member 1 like,P34931,mapped
8988,HSPB3,NCBI,8187_2050_5618_5451_5371_100081_5383_1942_1098_3265_11924_12384,anxiety disorder,MONDO_grouped,HGNC:5248,HSPB3,heat shock protein family B (small) member 3,Q12988,mapped
3350,HTR1A,NCBI,8187_2050_5618_5451_5371_100081_5383_1942_1098_3265_11924_12384,anxiety disorder,MONDO_grouped,HGNC:5286,HTR1A,5-hydroxytryptamine receptor 1A,P08908,mapped
3351,HTR1B,NCBI,8187_2050_5618_5451_5371_100081_5383_1942_1098_3265_11924_12384,anxiety disorder,MONDO_grouped,HGNC:5287,HTR1B,5-hydroxytryptamine receptor 1B,P28222,mapped
3352,HTR1D,NCBI,8187_2050_5618_5451_5371_100081_5383_1942_1098_3265_11924_12384,anxiety disorder,MONDO_grouped,HGNC:5289,HTR1D,5-hydroxytryptamine receptor 1D,P28221,mapped
3356,HTR2A,NCBI,8187_2050_5618_5451_5371_100081_5383_1942_1098_3265_11924_12384,anxiety disorder,MONDO_grouped,HGNC:5293,HTR2A,5-hydroxytryptamine receptor 2A,P28223,mapped
3358,HTR2C,NCBI,8187_2050_5618_5451_5371_100081_5383_1942_1098_3265_11924_12384,anxiety disorder,MONDO_grouped,HGNC:5295,HTR2C,5-hydroxytryptamine receptor 2C,P28335,mapped
3359,HTR3A,NCBI,8187_2050_5618_5451_5371_100081_5383_1942_1098_3265_11924_12384,anxiety disorder,MONDO_grouped,HGNC:5297,HTR3A,5-hydroxytryptamine receptor 3A,P46098,mapped
9177,HTR3B,NCBI,8187_2050_5618_5451_5371_100081_5383_1942_1098_3265_11924_12384,anxiety disorder,MONDO_grouped,HGNC:5298,HTR3B,5-hydroxytryptamine receptor 3B,O95264,mapped
3360,HTR4,NCBI,8187_2050_5618_5451_5371_100081_5383_1942_1098_3265_11924_12384,anxiety disorder,MONDO_grouped,HGNC:5299,HTR4,5-hydroxytryptamine receptor 4,Q13639,mapped
3363,HTR7,NCBI,8187_2050_5618_5451_5371_100081_5383_1942_1098_3265_11924_12384,anxiety disorder,MONDO_grouped,HGNC:5302,HTR7,5-hydroxytryptamine receptor 7,P34969,mapped
3064,HTT,NCBI,8187_2050_5618_5451_5371_100081_5383_1942_1098_3265_11924_12384,anxiety disorder,MONDO_grouped,HGNC:4851,HTT,huntingtin,P42858,mapped
3620,IDO1,NCBI,8187_2050_5618_5451_5371_100081_5383_1942_1098_3265_11924_12384,anxiety disorder,MONDO_grouped,HGNC:6059,IDO1,"indoleamine 2,3-dioxygenase 1",P14902,mapped
10964,IFI44L,NCBI,8187_2050_5618_5451_5371_100081_5383_1942_1098_3265_11924_12384,anxiety disorder,MONDO_grouped,HGNC:17817,IFI44L,interferon induced protein 44 like,Q53G44,mapped
2537,IFI6,NCBI,8187_2050_5618_5451_5371_100081_5383_1942_1098_3265_11924_12384,anxiety disorder,MONDO_grouped,HGNC:4054,IFI6,interferon alpha inducible protein 6,P09912,mapped
3439,IFNA1,NCBI,8187_2050_5618_5451_5371_100081_5383_1942_1098_3265_11924_12384,anxiety disorder,MONDO_grouped,HGNC:5417,IFNA1,interferon alpha 1,P0DY56,mapped
3440,IFNA2,NCBI,8187_2050_5618_5451_5371_100081_5383_1942_1098_3265_11924_12384,anxiety disorder,MONDO_grouped,HGNC:5423,IFNA2,interferon alpha 2,P01563,mapped
3458,IFNG,NCBI,8187_2050_5618_5451_5371_100081_5383_1942_1098_3265_11924_12384,anxiety disorder,MONDO_grouped,HGNC:5438,IFNG,interferon gamma,P01579,mapped
3479,IGF1,NCBI,8187_2050_5618_5451_5371_100081_5383_1942_1098_3265_11924_12384,anxiety disorder,MONDO_grouped,HGNC:5464,IGF1,insulin like growth factor 1,P05019,mapped
9641,IKBKE,NCBI,8187_2050_5618_5451_5371_100081_5383_1942_1098_3265_11924_12384,anxiety disorder,MONDO_grouped,HGNC:14552,IKBKE,inhibitor of nuclear factor kappa B kinase subunit epsilon,Q14164,mapped
3589,IL11,NCBI,8187_2050_5618_5451_5371_100081_5383_1942_1098_3265_11924_12384,anxiety disorder,MONDO_grouped,HGNC:5966,IL11,interleukin 11,P20809,mapped
3606,IL18,NCBI,8187_2050_5618_5451_5371_100081_5383_1942_1098_3265_11924_12384,anxiety disorder,MONDO_grouped,HGNC:5986,IL18,interleukin 18,Q14116,mapped
3552,IL1A,NCBI,8187_2050_5618_5451_5371_100081_5383_1942_1098_3265_11924_12384,anxiety disorder,MONDO_grouped,HGNC:5991,IL1A,interleukin 1 alpha,P01583,mapped
3553,IL1B,NCBI,8187_2050_5618_5451_5371_100081_5383_1942_1098_3265_11924_12384,anxiety disorder,MONDO_grouped,HGNC:5992,IL1B,interleukin 1 beta,P01584,mapped
3558,IL2,NCBI,8187_2050_5618_5451_5371_100081_5383_1942_1098_3265_11924_12384,anxiety disorder,MONDO_grouped,HGNC:6001,IL2,interleukin 2,P60568,mapped
50604,IL20,NCBI,8187_2050_5618_5451_5371_100081_5383_1942_1098_3265_11924_12384,anxiety disorder,MONDO_grouped,HGNC:6002,IL20,interleukin 20,Q9NYY1,mapped
11009,IL24,NCBI,8187_2050_5618_5451_5371_100081_5383_1942_1098_3265_11924_12384,anxiety disorder,MONDO_grouped,HGNC:11346,IL24,interleukin 24,Q13007,mapped
3559,IL2RA,NCBI,8187_2050_5618_5451_5371_100081_5383_1942_1098_3265_11924_12384,anxiety disorder,MONDO_grouped,HGNC:6008,IL2RA,interleukin 2 receptor subunit alpha,P01589,mapped
3569,IL6,NCBI,8187_2050_5618_5451_5371_100081_5383_1942_1098_3265_11924_12384,anxiety disorder,MONDO_grouped,HGNC:6018,IL6,interleukin 6,P05231,mapped
3570,IL6R,NCBI,8187_2050_5618_5451_5371_100081_5383_1942_1098_3265_11924_12384,anxiety disorder,MONDO_grouped,HGNC:6019,IL6R,interleukin 6 receptor,P08887,mapped
3613,IMPA2,NCBI,8187_2050_5618_5451_5371_100081_5383_1942_1098_3265_11924_12384,anxiety disorder,MONDO_grouped,HGNC:6051,IMPA2,inositol monophosphatase 2,O14732,mapped
3630,INS,NCBI,8187_2050_5618_5451_5371_100081_5383_1942_1098_3265_11924_12384,anxiety disorder,MONDO_grouped,HGNC:6081,INS,insulin,P01308,mapped
3665,IRF7,NCBI,8187_2050_5618_5451_5371_100081_5383_1942_1098_3265_11924_12384,anxiety disorder,MONDO_grouped,HGNC:6122,IRF7,interferon regulatory factor 7,Q92985,mapped
9636,ISG15,NCBI,8187_2050_5618_5451_5371_100081_5383_1942_1098_3265_11924_12384,anxiety disorder,MONDO_grouped,HGNC:4053,ISG15,ISG15 ubiquitin like modifier,P05161,mapped
3697,ITIH1,NCBI,8187_2050_5618_5451_5371_100081_5383_1942_1098_3265_11924_12384,anxiety disorder,MONDO_grouped,HGNC:6166,ITIH1,inter-alpha-trypsin inhibitor heavy chain 1,P19827,mapped
8997,KALRN,NCBI,8187_2050_5618_5451_5371_100081_5383_1942_1098_3265_11924_12384,anxiety disorder,MONDO_grouped,HGNC:4814,KALRN,kalirin RhoGEF kinase,O60229,mapped
3763,KCNJ6,NCBI,8187_2050_5618_5451_5371_100081_5383_1942_1098_3265_11924_12384,anxiety disorder,MONDO_grouped,HGNC:6267,KCNJ6,potassium inwardly rectifying channel subfamily J member 6,P48051,mapped
3776,KCNK2,NCBI,8187_2050_5618_5451_5371_100081_5383_1942_1098_3265_11924_12384,anxiety disorder,MONDO_grouped,HGNC:6277,KCNK2,potassium two pore domain channel subfamily K member 2,O95069,mapped
3791,KDR,NCBI,8187_2050_5618_5451_5371_100081_5383_1942_1098_3265_11924_12384,anxiety disorder,MONDO_grouped,HGNC:6307,KDR,kinase insert domain receptor,P35968,mapped
8564,KMO,NCBI,8187_2050_5618_5451_5371_100081_5383_1942_1098_3265_11924_12384,anxiety disorder,MONDO_grouped,HGNC:6381,KMO,kynurenine 3-monooxygenase,O15229,mapped
3839,KPNA3,NCBI,8187_2050_5618_5451_5371_100081_5383_1942_1098_3265_11924_12384,anxiety disorder,MONDO_grouped,HGNC:6396,KPNA3,karyopherin subunit alpha 3,O00505,mapped
56267,KYAT3,NCBI,8187_2050_5618_5451_5371_100081_5383_1942_1098_3265_11924_12384,anxiety disorder,MONDO_grouped,HGNC:33238,KYAT3,kynurenine aminotransferase 3,Q6YP21,mapped
3939,LDHA,NCBI,8187_2050_5618_5451_5371_100081_5383_1942_1098_3265_11924_12384,anxiety disorder,MONDO_grouped,HGNC:6535,LDHA,lactate dehydrogenase A,P00338,mapped
3952,LEP,NCBI,8187_2050_5618_5451_5371_100081_5383_1942_1098_3265_11924_12384,anxiety disorder,MONDO_grouped,HGNC:6553,LEP,leptin,P41159,mapped
9211,LGI1,NCBI,8187_2050_5618_5451_5371_100081_5383_1942_1098_3265_11924_12384,anxiety disorder,MONDO_grouped,HGNC:6572,LGI1,leucine rich glioma inactivated 1,O95970,mapped
64077,LHPP,NCBI,8187_2050_5618_5451_5371_100081_5383_1942_1098_3265_11924_12384,anxiety disorder,MONDO_grouped,HGNC:30042,LHPP,phospholysine phosphohistidine inorganic pyrophosphate phosphatase,Q9H008,mapped
3976,LIF,NCBI,8187_2050_5618_5451_5371_100081_5383_1942_1098_3265_11924_12384,anxiety disorder,MONDO_grouped,HGNC:6596,LIF,LIF interleukin 6 family cytokine,P15018,mapped
4035,LRP1,NCBI,8187_2050_5618_5451_5371_100081_5383_1942_1098_3265_11924_12384,anxiety disorder,MONDO_grouped,HGNC:6692,LRP1,LDL receptor related protein 1,Q07954,mapped
7804,LRP8,NCBI,8187_2050_5618_5451_5371_100081_5383_1942_1098_3265_11924_12384,anxiety disorder,MONDO_grouped,HGNC:6700,LRP8,LDL receptor related protein 8,Q14114,mapped
4045,LSAMP,NCBI,8187_2050_5618_5451_5371_100081_5383_1942_1098_3265_11924_12384,anxiety disorder,MONDO_grouped,HGNC:6705,LSAMP,limbic system associated membrane protein,Q13449,mapped
4048,LTA4H,NCBI,8187_2050_5618_5451_5371_100081_5383_1942_1098_3265_11924_12384,anxiety disorder,MONDO_grouped,HGNC:6710,LTA4H,leukotriene A4 hydrolase,P09960,mapped
4074,M6PR,NCBI,8187_2050_5618_5451_5371_100081_5383_1942_1098_3265_11924_12384,anxiety disorder,MONDO_grouped,HGNC:6752,M6PR,"mannose-6-phosphate receptor, cation dependent",P20645,mapped
9863,MAGI2,NCBI,8187_2050_5618_5451_5371_100081_5383_1942_1098_3265_11924_12384,anxiety disorder,MONDO_grouped,HGNC:18957,MAGI2,"membrane associated guanylate kinase, WW and PDZ domain containing 2",Q86UL8,mapped
4128,MAOA,NCBI,8187_2050_5618_5451_5371_100081_5383_1942_1098_3265_11924_12384,anxiety disorder,MONDO_grouped,HGNC:6833,MAOA,monoamine oxidase A,P21397,mapped
4129,MAOB,NCBI,8187_2050_5618_5451_5371_100081_5383_1942_1098_3265_11924_12384,anxiety disorder,MONDO_grouped,HGNC:6834,MAOB,monoamine oxidase B,P27338,mapped
4133,MAP2,NCBI,8187_2050_5618_5451_5371_100081_5383_1942_1098_3265_11924_12384,anxiety disorder,MONDO_grouped,HGNC:6839,MAP2,microtubule associated protein 2,P11137,mapped
5604,MAP2K1,NCBI,8187_2050_5618_5451_5371_100081_5383_1942_1098_3265_11924_12384,anxiety disorder,MONDO_grouped,HGNC:6840,MAP2K1,mitogen-activated protein kinase kinase 1,Q02750,mapped
5607,MAP2K5,NCBI,8187_2050_5618_5451_5371_100081_5383_1942_1098_3265_11924_12384,anxiety disorder,MONDO_grouped,HGNC:6845,MAP2K5,mitogen-activated protein kinase kinase 5,Q13163,mapped
5595,MAPK3,NCBI,8187_2050_5618_5451_5371_100081_5383_1942_1098_3265_11924_12384,anxiety disorder,MONDO_grouped,HGNC:6877,MAPK3,mitogen-activated protein kinase 3,P27361,mapped
5599,MAPK8,NCBI,8187_2050_5618_5451_5371_100081_5383_1942_1098_3265_11924_12384,anxiety disorder,MONDO_grouped,HGNC:6881,MAPK8,mitogen-activated protein kinase 8,P45983,mapped
4137,MAPT,NCBI,8187_2050_5618_5451_5371_100081_5383_1942_1098_3265_11924_12384,anxiety disorder,MONDO_grouped,HGNC:6893,MAPT,microtubule associated protein tau,P10636,mapped
4157,MC1R,NCBI,8187_2050_5618_5451_5371_100081_5383_1942_1098_3265_11924_12384,anxiety disorder,MONDO_grouped,HGNC:6929,MC1R,melanocortin 1 receptor,Q01726,mapped
4160,MC4R,NCBI,8187_2050_5618_5451_5371_100081_5383_1942_1098_3265_11924_12384,anxiety disorder,MONDO_grouped,HGNC:6932,MC4R,melanocortin 4 receptor,P32245,mapped
2847,MCHR1,NCBI,8187_2050_5618_5451_5371_100081_5383_1942_1098_3265_11924_12384,anxiety disorder,MONDO_grouped,HGNC:4479,MCHR1,melanin concentrating hormone receptor 1,Q99705,mapped
55784,MCTP2,NCBI,8187_2050_5618_5451_5371_100081_5383_1942_1098_3265_11924_12384,anxiety disorder,MONDO_grouped,HGNC:25636,MCTP2,multiple C2 and transmembrane domain containing 2,Q6DN12,mapped
4192,MDK,NCBI,8187_2050_5618_5451_5371_100081_5383_1942_1098_3265_11924_12384,anxiety disorder,MONDO_grouped,HGNC:6972,MDK,midkine,P21741,mapped
4194,MDM4,NCBI,8187_2050_5618_5451_5371_100081_5383_1942_1098_3265_11924_12384,anxiety disorder,MONDO_grouped,HGNC:6974,MDM4,MDM4 regulator of p53,O15151,mapped
4204,MECP2,NCBI,8187_2050_5618_5451_5371_100081_5383_1942_1098_3265_11924_12384,anxiety disorder,MONDO_grouped,HGNC:6990,MECP2,methyl-CpG binding protein 2,P51608,mapped
9968,MED12,NCBI,8187_2050_5618_5451_5371_100081_5383_1942_1098_3265_11924_12384,anxiety disorder,MONDO_grouped,HGNC:11957,MED12,mediator complex subunit 12,Q93074,mapped
4282,MIF,NCBI,8187_2050_5618_5451_5371_100081_5383_1942_1098_3265_11924_12384,anxiety disorder,MONDO_grouped,HGNC:7097,MIF,macrophage migration inhibitory factor,P14174,mapped
326625,MMAB,NCBI,8187_2050_5618_5451_5371_100081_5383_1942_1098_3265_11924_12384,anxiety disorder,MONDO_grouped,HGNC:19331,MMAB,metabolism of cobalamin associated B,Q96EY8,mapped
4317,MMP8,NCBI,8187_2050_5618_5451_5371_100081_5383_1942_1098_3265_11924_12384,anxiety disorder,MONDO_grouped,HGNC:7175,MMP8,matrix metallopeptidase 8,P22894,mapped
27136,MORC1,NCBI,8187_2050_5618_5451_5371_100081_5383_1942_1098_3265_11924_12384,anxiety disorder,MONDO_grouped,HGNC:7198,MORC1,MORC family CW-type zinc finger 1,Q86VD1,mapped
4353,MPO,NCBI,8187_2050_5618_5451_5371_100081_5383_1942_1098_3265_11924_12384,anxiety disorder,MONDO_grouped,HGNC:7218,MPO,myeloperoxidase,P05164,mapped
4502,MT2A,NCBI,8187_2050_5618_5451_5371_100081_5383_1942_1098_3265_11924_12384,anxiety disorder,MONDO_grouped,HGNC:7406,MT2A,metallothionein 2A,P02795,mapped
4524,MTHFR,NCBI,8187_2050_5618_5451_5371_100081_5383_1942_1098_3265_11924_12384,anxiety disorder,MONDO_grouped,HGNC:7436,MTHFR,methylenetetrahydrofolate reductase,P42898,mapped
2475,MTOR,NCBI,8187_2050_5618_5451_5371_100081_5383_1942_1098_3265_11924_12384,anxiety disorder,MONDO_grouped,HGNC:3942,MTOR,mechanistic target of rapamycin kinase,P42345,mapped
4548,MTR,NCBI,8187_2050_5618_5451_5371_100081_5383_1942_1098_3265_11924_12384,anxiety disorder,MONDO_grouped,HGNC:7468,MTR,5-methyltetrahydrofolate-homocysteine methyltransferase,Q99707,mapped
23040,MYT1L,NCBI,8187_2050_5618_5451_5371_100081_5383_1942_1098_3265_11924_12384,anxiety disorder,MONDO_grouped,HGNC:7623,MYT1L,myelin transcription factor 1 like,Q9UL68,mapped
4684,NCAM1,NCBI,8187_2050_5618_5451_5371_100081_5383_1942_1098_3265_11924_12384,anxiety disorder,MONDO_grouped,HGNC:7656,NCAM1,neural cell adhesion molecule 1,P13591,mapped
4723,NDUFV1,NCBI,8187_2050_5618_5451_5371_100081_5383_1942_1098_3265_11924_12384,anxiety disorder,MONDO_grouped,HGNC:7716,NDUFV1,NADH:ubiquinone oxidoreductase core subunit V1,P49821,mapped
4729,NDUFV2,NCBI,8187_2050_5618_5451_5371_100081_5383_1942_1098_3265_11924_12384,anxiety disorder,MONDO_grouped,HGNC:7717,NDUFV2,NADH:ubiquinone oxidoreductase core subunit V2,P19404,mapped
4747,NEFL,NCBI,8187_2050_5618_5451_5371_100081_5383_1942_1098_3265_11924_12384,anxiety disorder,MONDO_grouped,HGNC:7739,NEFL,neurofilament light chain,P07196,mapped
4741,NEFM,NCBI,8187_2050_5618_5451_5371_100081_5383_1942_1098_3265_11924_12384,anxiety disorder,MONDO_grouped,HGNC:7734,NEFM,neurofilament medium chain,P07197,mapped
4745,NELL1,NCBI,8187_2050_5618_5451_5371_100081_5383_1942_1098_3265_11924_12384,anxiety disorder,MONDO_grouped,HGNC:7750,NELL1,neural EGFL like 1,Q92832,mapped
4803,NGF,NCBI,8187_2050_5618_5451_5371_100081_5383_1942_1098_3265_11924_12384,anxiety disorder,MONDO_grouped,HGNC:7808,NGF,nerve growth factor,P01138,mapped
4804,NGFR,NCBI,8187_2050_5618_5451_5371_100081_5383_1942_1098_3265_11924_12384,anxiety disorder,MONDO_grouped,HGNC:7809,NGFR,nerve growth factor receptor,P08138,mapped
4842,NOS1,NCBI,8187_2050_5618_5451_5371_100081_5383_1942_1098_3265_11924_12384,anxiety disorder,MONDO_grouped,HGNC:7872,NOS1,nitric oxide synthase 1,P29475,mapped
4843,NOS2,NCBI,8187_2050_5618_5451_5371_100081_5383_1942_1098_3265_11924_12384,anxiety disorder,MONDO_grouped,HGNC:7873,NOS2,nitric oxide synthase 2,P35228,mapped
4846,NOS3,NCBI,8187_2050_5618_5451_5371_100081_5383_1942_1098_3265_11924_12384,anxiety disorder,MONDO_grouped,HGNC:7876,NOS3,nitric oxide synthase 3,P29474,mapped
4862,NPAS2,NCBI,8187_2050_5618_5451_5371_100081_5383_1942_1098_3265_11924_12384,anxiety disorder,MONDO_grouped,HGNC:7895,NPAS2,neuronal PAS domain protein 2,Q99743,mapped
64067,NPAS3,NCBI,8187_2050_5618_5451_5371_100081_5383_1942_1098_3265_11924_12384,anxiety disorder,MONDO_grouped,HGNC:19311,NPAS3,neuronal PAS domain protein 3,Q8IXF0,mapped
594857,NPS,NCBI,8187_2050_5618_5451_5371_100081_5383_1942_1098_3265_11924_12384,anxiety disorder,MONDO_grouped,HGNC:33940,NPS,neuropeptide S,P0C0P6,mapped
387129,NPSR1,NCBI,8187_2050_5618_5451_5371_100081_5383_1942_1098_3265_11924_12384,anxiety disorder,MONDO_grouped,HGNC:23631,NPSR1,neuropeptide S receptor 1,Q6W5P4,mapped
4852,NPY,NCBI,8187_2050_5618_5451_5371_100081_5383_1942_1098_3265_11924_12384,anxiety disorder,MONDO_grouped,HGNC:7955,NPY,neuropeptide Y,P01303,mapped
4886,NPY1R,NCBI,8187_2050_5618_5451_5371_100081_5383_1942_1098_3265_11924_12384,anxiety disorder,MONDO_grouped,HGNC:7956,NPY1R,neuropeptide Y receptor Y1,P25929,mapped
9572,NR1D1,NCBI,8187_2050_5618_5451_5371_100081_5383_1942_1098_3265_11924_12384,anxiety disorder,MONDO_grouped,HGNC:7962,NR1D1,nuclear receptor subfamily 1 group D member 1,P20393,mapped
2908,NR3C1,NCBI,8187_2050_5618_5451_5371_100081_5383_1942_1098_3265_11924_12384,anxiety disorder,MONDO_grouped,HGNC:7978,NR3C1,nuclear receptor subfamily 3 group C member 1,P04150,mapped
4306,NR3C2,NCBI,8187_2050_5618_5451_5371_100081_5383_1942_1098_3265_11924_12384,anxiety disorder,MONDO_grouped,HGNC:7979,NR3C2,nuclear receptor subfamily 3 group C member 2,P08235,mapped
3164,NR4A1,NCBI,8187_2050_5618_5451_5371_100081_5383_1942_1098_3265_11924_12384,anxiety disorder,MONDO_grouped,HGNC:7980,NR4A1,nuclear receptor subfamily 4 group A member 1,P22736,mapped
4929,NR4A2,NCBI,8187_2050_5618_5451_5371_100081_5383_1942_1098_3265_11924_12384,anxiety disorder,MONDO_grouped,HGNC:7981,NR4A2,nuclear receptor subfamily 4 group A member 2,P43354,mapped
3084,NRG1,NCBI,8187_2050_5618_5451_5371_100081_5383_1942_1098_3265_11924_12384,anxiety disorder,MONDO_grouped,HGNC:7997,NRG1,neuregulin 1,Q02297,mapped
9378,NRXN1,NCBI,8187_2050_5618_5451_5371_100081_5383_1942_1098_3265_11924_12384,anxiety disorder,MONDO_grouped,HGNC:8008,NRXN1,neurexin 1,P58400,mapped
9378,NRXN1,NCBI,8187_2050_5618_5451_5371_100081_5383_1942_1098_3265_11924_12384,anxiety disorder,MONDO_grouped,HGNC:8008,NRXN1,neurexin 1,Q9ULB1,mapped
4908,NTF3,NCBI,8187_2050_5618_5451_5371_100081_5383_1942_1098_3265_11924_12384,anxiety disorder,MONDO_grouped,HGNC:8023,NTF3,neurotrophin 3,P20783,mapped
50863,NTM,NCBI,8187_2050_5618_5451_5371_100081_5383_1942_1098_3265_11924_12384,anxiety disorder,MONDO_grouped,HGNC:17941,NTM,neurotrimin,Q9P121,mapped
4915,NTRK2,NCBI,8187_2050_5618_5451_5371_100081_5383_1942_1098_3265_11924_12384,anxiety disorder,MONDO_grouped,HGNC:8032,NTRK2,neurotrophic receptor tyrosine kinase 2,Q16620,mapped
4916,NTRK3,NCBI,8187_2050_5618_5451_5371_100081_5383_1942_1098_3265_11924_12384,anxiety disorder,MONDO_grouped,HGNC:8033,NTRK3,neurotrophic receptor tyrosine kinase 3,Q16288,mapped
4922,NTS,NCBI,8187_2050_5618_5451_5371_100081_5383_1942_1098_3265_11924_12384,anxiety disorder,MONDO_grouped,HGNC:8038,NTS,neurotensin,P30990,mapped
4939,OAS2,NCBI,8187_2050_5618_5451_5371_100081_5383_1942_1098_3265_11924_12384,anxiety disorder,MONDO_grouped,HGNC:8087,OAS2,2'-5'-oligoadenylate synthetase 2,P29728,mapped
4986,OPRK1,NCBI,8187_2050_5618_5451_5371_100081_5383_1942_1098_3265_11924_12384,anxiety disorder,MONDO_grouped,HGNC:8154,OPRK1,opioid receptor kappa 1,P41145,mapped
4988,OPRM1,NCBI,8187_2050_5618_5451_5371_100081_5383_1942_1098_3265_11924_12384,anxiety disorder,MONDO_grouped,HGNC:8156,OPRM1,opioid receptor mu 1,P35372,mapped
125958,OR7D4,NCBI,8187_2050_5618_5451_5371_100081_5383_1942_1098_3265_11924_12384,anxiety disorder,MONDO_grouped,HGNC:8380,OR7D4,olfactory receptor family 7 subfamily D member 4,Q8NG98,mapped
5020,OXT,NCBI,8187_2050_5618_5451_5371_100081_5383_1942_1098_3265_11924_12384,anxiety disorder,MONDO_grouped,HGNC:8528,OXT,oxytocin/neurophysin I prepropeptide,P01178,mapped
5021,OXTR,NCBI,8187_2050_5618_5451_5371_100081_5383_1942_1098_3265_11924_12384,anxiety disorder,MONDO_grouped,HGNC:8529,OXTR,oxytocin receptor,P30559,mapped
5027,P2RX7,NCBI,8187_2050_5618_5451_5371_100081_5383_1942_1098_3265_11924_12384,anxiety disorder,MONDO_grouped,HGNC:8537,P2RX7,purinergic receptor P2X 7,Q99572,mapped
5066,PAM,NCBI,8187_2050_5618_5451_5371_100081_5383_1942_1098_3265_11924_12384,anxiety disorder,MONDO_grouped,HGNC:8596,PAM,peptidylglycine alpha-amidating monooxygenase,P19021,mapped
5074,PAWR,NCBI,8187_2050_5618_5451_5371_100081_5383_1942_1098_3265_11924_12384,anxiety disorder,MONDO_grouped,HGNC:8614,PAWR,pro-apoptotic WT1 regulator,Q96IZ0,mapped
27445,PCLO,NCBI,8187_2050_5618_5451_5371_100081_5383_1942_1098_3265_11924_12384,anxiety disorder,MONDO_grouped,HGNC:13406,PCLO,piccolo presynaptic cytomatrix protein,Q9Y6V0,mapped
5116,PCNT,NCBI,8187_2050_5618_5451_5371_100081_5383_1942_1098_3265_11924_12384,anxiety disorder,MONDO_grouped,HGNC:16068,PCNT,pericentrin,O95613,mapped
5134,PDCD2,NCBI,8187_2050_5618_5451_5371_100081_5383_1942_1098_3265_11924_12384,anxiety disorder,MONDO_grouped,HGNC:8762,PDCD2,programmed cell death 2,Q16342,mapped
10016,PDCD6,NCBI,8187_2050_5618_5451_5371_100081_5383_1942_1098_3265_11924_12384,anxiety disorder,MONDO_grouped,HGNC:8765,PDCD6,programmed cell death 6,O75340,mapped
50940,PDE11A,NCBI,8187_2050_5618_5451_5371_100081_5383_1942_1098_3265_11924_12384,anxiety disorder,MONDO_grouped,HGNC:8773,PDE11A,phosphodiesterase 11A,Q9HCR9,mapped
5153,PDE1B,NCBI,8187_2050_5618_5451_5371_100081_5383_1942_1098_3265_11924_12384,anxiety disorder,MONDO_grouped,HGNC:8775,PDE1B,phosphodiesterase 1B,Q01064,mapped
5141,PDE4A,NCBI,8187_2050_5618_5451_5371_100081_5383_1942_1098_3265_11924_12384,anxiety disorder,MONDO_grouped,HGNC:8780,PDE4A,phosphodiesterase 4A,P27815,mapped
5142,PDE4B,NCBI,8187_2050_5618_5451_5371_100081_5383_1942_1098_3265_11924_12384,anxiety disorder,MONDO_grouped,HGNC:8781,PDE4B,phosphodiesterase 4B,Q07343,mapped
5144,PDE4D,NCBI,8187_2050_5618_5451_5371_100081_5383_1942_1098_3265_11924_12384,anxiety disorder,MONDO_grouped,HGNC:8783,PDE4D,phosphodiesterase 4D,Q08499,mapped
10611,PDLIM5,NCBI,8187_2050_5618_5451_5371_100081_5383_1942_1098_3265_11924_12384,anxiety disorder,MONDO_grouped,HGNC:17468,PDLIM5,PDZ and LIM domain 5,Q96HC4,mapped
5173,PDYN,NCBI,8187_2050_5618_5451_5371_100081_5383_1942_1098_3265_11924_12384,anxiety disorder,MONDO_grouped,HGNC:8820,PDYN,prodynorphin,P01213,mapped
8682,PEA15,NCBI,8187_2050_5618_5451_5371_100081_5383_1942_1098_3265_11924_12384,anxiety disorder,MONDO_grouped,HGNC:8822,PEA15,proliferation and apoptosis adaptor protein 15,Q15121,mapped
5179,PENK,NCBI,8187_2050_5618_5451_5371_100081_5383_1942_1098_3265_11924_12384,anxiety disorder,MONDO_grouped,HGNC:8831,PENK,proenkephalin,P01210,mapped
8864,PER2,NCBI,8187_2050_5618_5451_5371_100081_5383_1942_1098_3265_11924_12384,anxiety disorder,MONDO_grouped,HGNC:8846,PER2,period circadian regulator 2,O15055,mapped
8863,PER3,NCBI,8187_2050_5618_5451_5371_100081_5383_1942_1098_3265_11924_12384,anxiety disorder,MONDO_grouped,HGNC:8847,PER3,period circadian regulator 3,P56645,mapped
51555,PEX5L,NCBI,8187_2050_5618_5451_5371_100081_5383_1942_1098_3265_11924_12384,anxiety disorder,MONDO_grouped,HGNC:30024,PEX5L,peroxisomal biogenesis factor 5 like,Q8IYB4,mapped
5209,PFKFB3,NCBI,8187_2050_5618_5451_5371_100081_5383_1942_1098_3265_11924_12384,anxiety disorder,MONDO_grouped,HGNC:8874,PFKFB3,"6-phosphofructo-2-kinase/fructose-2,6-biphosphatase 3",Q16875,mapped
65018,PINK1,NCBI,8187_2050_5618_5451_5371_100081_5383_1942_1098_3265_11924_12384,anxiety disorder,MONDO_grouped,HGNC:14581,PINK1,PTEN induced kinase 1,Q9BXM7,mapped
5309,PITX3,NCBI,8187_2050_5618_5451_5371_100081_5383_1942_1098_3265_11924_12384,anxiety disorder,MONDO_grouped,HGNC:9006,PITX3,paired like homeodomain 3,O75364,mapped
5320,PLA2G2A,NCBI,8187_2050_5618_5451_5371_100081_5383_1942_1098_3265_11924_12384,anxiety disorder,MONDO_grouped,HGNC:9031,PLA2G2A,phospholipase A2 group IIA,P14555,mapped
23236,PLCB1,NCBI,8187_2050_5618_5451_5371_100081_5383_1942_1098_3265_11924_12384,anxiety disorder,MONDO_grouped,HGNC:15917,PLCB1,phospholipase C beta 1,Q9NQ66,mapped
5340,PLG,NCBI,8187_2050_5618_5451_5371_100081_5383_1942_1098_3265_11924_12384,anxiety disorder,MONDO_grouped,HGNC:9071,PLG,plasminogen,P00747,mapped
5367,PMCH,NCBI,8187_2050_5618_5451_5371_100081_5383_1942_1098_3265_11924_12384,anxiety disorder,MONDO_grouped,HGNC:9109,PMCH,pro-melanin concentrating hormone,P20382,mapped
5368,PNOC,NCBI,8187_2050_5618_5451_5371_100081_5383_1942_1098_3265_11924_12384,anxiety disorder,MONDO_grouped,HGNC:9163,PNOC,prepronociceptin,Q13519,mapped
5443,POMC,NCBI,8187_2050_5618_5451_5371_100081_5383_1942_1098_3265_11924_12384,anxiety disorder,MONDO_grouped,HGNC:9201,POMC,proopiomelanocortin,P01189,mapped
5444,PON1,NCBI,8187_2050_5618_5451_5371_100081_5383_1942_1098_3265_11924_12384,anxiety disorder,MONDO_grouped,HGNC:9204,PON1,paraoxonase 1,P27169,mapped
84152,PPP1R1B,NCBI,8187_2050_5618_5451_5371_100081_5383_1942_1098_3265_11924_12384,anxiety disorder,MONDO_grouped,HGNC:9287,PPP1R1B,protein phosphatase 1 regulatory inhibitor subunit 1B,Q9UD71,mapped
5533,PPP3CC,NCBI,8187_2050_5618_5451_5371_100081_5383_1942_1098_3265_11924_12384,anxiety disorder,MONDO_grouped,HGNC:9316,PPP3CC,protein phosphatase 3 catalytic subunit gamma,P48454,mapped
145270,PRIMA1,NCBI,8187_2050_5618_5451_5371_100081_5383_1942_1098_3265_11924_12384,anxiety disorder,MONDO_grouped,HGNC:18319,PRIMA1,proline rich membrane anchor 1,Q86XR5,mapped
5579,PRKCB,NCBI,8187_2050_5618_5451_5371_100081_5383_1942_1098_3265_11924_12384,anxiety disorder,MONDO_grouped,HGNC:9395,PRKCB,protein kinase C beta,P05771,mapped
5584,PRKCI,NCBI,8187_2050_5618_5451_5371_100081_5383_1942_1098_3265_11924_12384,anxiety disorder,MONDO_grouped,HGNC:9404,PRKCI,protein kinase C iota,P41743,mapped
5617,PRL,NCBI,8187_2050_5618_5451_5371_100081_5383_1942_1098_3265_11924_12384,anxiety disorder,MONDO_grouped,HGNC:9445,PRL,prolactin,P01236,mapped
5621,PRNP,NCBI,8187_2050_5618_5451_5371_100081_5383_1942_1098_3265_11924_12384,anxiety disorder,MONDO_grouped,HGNC:9449,PRNP,prion protein (Kanno blood group),F7VJQ1,mapped
5621,PRNP,NCBI,8187_2050_5618_5451_5371_100081_5383_1942_1098_3265_11924_12384,anxiety disorder,MONDO_grouped,HGNC:9449,PRNP,prion protein (Kanno blood group),P04156,mapped
60675,PROK2,NCBI,8187_2050_5618_5451_5371_100081_5383_1942_1098_3265_11924_12384,anxiety disorder,MONDO_grouped,HGNC:18455,PROK2,prokineticin 2,Q9HC23,mapped
8842,PROM1,NCBI,8187_2050_5618_5451_5371_100081_5383_1942_1098_3265_11924_12384,anxiety disorder,MONDO_grouped,HGNC:9454,PROM1,prominin 1,O43490,mapped
5663,PSEN1,NCBI,8187_2050_5618_5451_5371_100081_5383_1942_1098_3265_11924_12384,anxiety disorder,MONDO_grouped,HGNC:9508,PSEN1,presenilin 1,P49768,mapped
5692,PSMB4,NCBI,8187_2050_5618_5451_5371_100081_5383_1942_1098_3265_11924_12384,anxiety disorder,MONDO_grouped,HGNC:9541,PSMB4,proteasome 20S subunit beta 4,P28070,mapped
5743,PTGS2,NCBI,8187_2050_5618_5451_5371_100081_5383_1942_1098_3265_11924_12384,anxiety disorder,MONDO_grouped,HGNC:9605,PTGS2,prostaglandin-endoperoxide synthase 2,P35354,mapped
5801,PTPRR,NCBI,8187_2050_5618_5451_5371_100081_5383_1942_1098_3265_11924_12384,anxiety disorder,MONDO_grouped,HGNC:9680,PTPRR,protein tyrosine phosphatase receptor type R,Q15256,mapped
5806,PTX3,NCBI,8187_2050_5618_5451_5371_100081_5383_1942_1098_3265_11924_12384,anxiety disorder,MONDO_grouped,HGNC:9692,PTX3,pentraxin 3,P26022,mapped
5697,PYY,NCBI,8187_2050_5618_5451_5371_100081_5383_1942_1098_3265_11924_12384,anxiety disorder,MONDO_grouped,HGNC:9748,PYY,peptide YY,P10082,mapped
9444,QKI,NCBI,8187_2050_5618_5451_5371_100081_5383_1942_1098_3265_11924_12384,anxiety disorder,MONDO_grouped,HGNC:21100,QKI,"QKI, KH domain containing RNA binding",Q96PU8,mapped
5879,RAC1,NCBI,8187_2050_5618_5451_5371_100081_5383_1942_1098_3265_11924_12384,anxiety disorder,MONDO_grouped,HGNC:9801,RAC1,Rac family small GTPase 1,P63000,mapped
10743,RAI1,NCBI,8187_2050_5618_5451_5371_100081_5383_1942_1098_3265_11924_12384,anxiety disorder,MONDO_grouped,HGNC:9834,RAI1,retinoic acid induced 1,Q7Z5J4,mapped
9771,RAPGEF5,NCBI,8187_2050_5618_5451_5371_100081_5383_1942_1098_3265_11924_12384,anxiety disorder,MONDO_grouped,HGNC:16862,RAPGEF5,Rap guanine nucleotide exchange factor 5,Q92565,mapped
65059,RAPH1,NCBI,8187_2050_5618_5451_5371_100081_5383_1942_1098_3265_11924_12384,anxiety disorder,MONDO_grouped,HGNC:14436,RAPH1,Ras association (RalGDS/AF-6) and pleckstrin homology domains 1,Q70E73,mapped
7905,REEP5,NCBI,8187_2050_5618_5451_5371_100081_5383_1942_1098_3265_11924_12384,anxiety disorder,MONDO_grouped,HGNC:30077,REEP5,receptor accessory protein 5,Q00765,mapped
5649,RELN,NCBI,8187_2050_5618_5451_5371_100081_5383_1942_1098_3265_11924_12384,anxiety disorder,MONDO_grouped,HGNC:9957,RELN,reelin,P78509,mapped
5972,REN,NCBI,8187_2050_5618_5451_5371_100081_5383_1942_1098_3265_11924_12384,anxiety disorder,MONDO_grouped,HGNC:9958,REN,renin,P00797,mapped
5978,REST,NCBI,8187_2050_5618_5451_5371_100081_5383_1942_1098_3265_11924_12384,anxiety disorder,MONDO_grouped,HGNC:9966,REST,RE1 silencing transcription factor,Q13127,mapped
5996,RGS1,NCBI,8187_2050_5618_5451_5371_100081_5383_1942_1098_3265_11924_12384,anxiety disorder,MONDO_grouped,HGNC:9991,RGS1,regulator of G protein signaling 1,Q08116,mapped
63891,RNF123,NCBI,8187_2050_5618_5451_5371_100081_5383_1942_1098_3265_11924_12384,anxiety disorder,MONDO_grouped,HGNC:21148,RNF123,ring finger protein 123,Q5XPI4,mapped
10193,RNF41,NCBI,8187_2050_5618_5451_5371_100081_5383_1942_1098_3265_11924_12384,anxiety disorder,MONDO_grouped,HGNC:18401,RNF41,ring finger protein 41,Q9H4P4,mapped
6095,RORA,NCBI,8187_2050_5618_5451_5371_100081_5383_1942_1098_3265_11924_12384,anxiety disorder,MONDO_grouped,HGNC:10258,RORA,RAR related orphan receptor A,P35398,mapped
6281,S100A10,NCBI,8187_2050_5618_5451_5371_100081_5383_1942_1098_3265_11924_12384,anxiety disorder,MONDO_grouped,HGNC:10487,S100A10,S100 calcium binding protein A10,P60903,mapped
6285,S100B,NCBI,8187_2050_5618_5451_5371_100081_5383_1942_1098_3265_11924_12384,anxiety disorder,MONDO_grouped,HGNC:10500,S100B,S100 calcium binding protein B,P04271,mapped
6303,SAT1,NCBI,8187_2050_5618_5451_5371_100081_5383_1942_1098_3265_11924_12384,anxiety disorder,MONDO_grouped,HGNC:10540,SAT1,spermidine/spermine N1-acetyltransferase 1,P21673,mapped
9632,SEC24C,NCBI,8187_2050_5618_5451_5371_100081_5383_1942_1098_3265_11924_12384,anxiety disorder,MONDO_grouped,HGNC:10705,SEC24C,"SEC24 homolog C, COPII component",P53992,mapped
6403,SELP,NCBI,8187_2050_5618_5451_5371_100081_5383_1942_1098_3265_11924_12384,anxiety disorder,MONDO_grouped,HGNC:10721,SELP,selectin P,P16109,mapped
5265,SERPINA1,NCBI,8187_2050_5618_5451_5371_100081_5383_1942_1098_3265_11924_12384,anxiety disorder,MONDO_grouped,HGNC:8941,SERPINA1,serpin family A member 1,P01009,mapped
866,SERPINA6,NCBI,8187_2050_5618_5451_5371_100081_5383_1942_1098_3265_11924_12384,anxiety disorder,MONDO_grouped,HGNC:1540,SERPINA6,serpin family A member 6,P08185,mapped
5054,SERPINE1,NCBI,8187_2050_5618_5451_5371_100081_5383_1942_1098_3265_11924_12384,anxiety disorder,MONDO_grouped,HGNC:8583,SERPINE1,serpin family E member 1,P05121,mapped
6422,SFRP1,NCBI,8187_2050_5618_5451_5371_100081_5383_1942_1098_3265_11924_12384,anxiety disorder,MONDO_grouped,HGNC:10776,SFRP1,secreted frizzled related protein 1,Q8N474,mapped
8910,SGCE,NCBI,8187_2050_5618_5451_5371_100081_5383_1942_1098_3265_11924_12384,anxiety disorder,MONDO_grouped,HGNC:10808,SGCE,sarcoglycan epsilon,O43556,mapped
6446,SGK1,NCBI,8187_2050_5618_5451_5371_100081_5383_1942_1098_3265_11924_12384,anxiety disorder,MONDO_grouped,HGNC:10810,SGK1,serum/glucocorticoid regulated kinase 1,O00141,mapped
50944,SHANK1,NCBI,8187_2050_5618_5451_5371_100081_5383_1942_1098_3265_11924_12384,anxiety disorder,MONDO_grouped,HGNC:15474,SHANK1,SH3 and multiple ankyrin repeat domains 1,Q9Y566,mapped
57084,SLC17A6,NCBI,8187_2050_5618_5451_5371_100081_5383_1942_1098_3265_11924_12384,anxiety disorder,MONDO_grouped,HGNC:16703,SLC17A6,solute carrier family 17 member 6,Q9P2U8,mapped
6570,SLC18A1,NCBI,8187_2050_5618_5451_5371_100081_5383_1942_1098_3265_11924_12384,anxiety disorder,MONDO_grouped,HGNC:10934,SLC18A1,solute carrier family 18 member A1,P54219,mapped
6571,SLC18A2,NCBI,8187_2050_5618_5451_5371_100081_5383_1942_1098_3265_11924_12384,anxiety disorder,MONDO_grouped,HGNC:10935,SLC18A2,solute carrier family 18 member A2,Q05940,mapped
6505,SLC1A1,NCBI,8187_2050_5618_5451_5371_100081_5383_1942_1098_3265_11924_12384,anxiety disorder,MONDO_grouped,HGNC:10939,SLC1A1,solute carrier family 1 member 1,P43005,mapped
6506,SLC1A2,NCBI,8187_2050_5618_5451_5371_100081_5383_1942_1098_3265_11924_12384,anxiety disorder,MONDO_grouped,HGNC:10940,SLC1A2,solute carrier family 1 member 2,P43004,mapped
6511,SLC1A6,NCBI,8187_2050_5618_5451_5371_100081_5383_1942_1098_3265_11924_12384,anxiety disorder,MONDO_grouped,HGNC:10944,SLC1A6,solute carrier family 1 member 6,P48664,mapped
55315,SLC29A3,NCBI,8187_2050_5618_5451_5371_100081_5383_1942_1098_3265_11924_12384,anxiety disorder,MONDO_grouped,HGNC:23096,SLC29A3,solute carrier family 29 member 3,Q9BZD2,mapped
60482,SLC5A7,NCBI,8187_2050_5618_5451_5371_100081_5383_1942_1098_3265_11924_12384,anxiety disorder,MONDO_grouped,HGNC:14025,SLC5A7,solute carrier family 5 member 7,Q9GZV3,mapped
6529,SLC6A1,NCBI,8187_2050_5618_5451_5371_100081_5383_1942_1098_3265_11924_12384,anxiety disorder,MONDO_grouped,HGNC:11042,SLC6A1,solute carrier family 6 member 1,P30531,mapped
6540,SLC6A13,NCBI,8187_2050_5618_5451_5371_100081_5383_1942_1098_3265_11924_12384,anxiety disorder,MONDO_grouped,HGNC:11046,SLC6A13,solute carrier family 6 member 13,Q9NSD5,mapped
55117,SLC6A15,NCBI,8187_2050_5618_5451_5371_100081_5383_1942_1098_3265_11924_12384,anxiety disorder,MONDO_grouped,HGNC:13621,SLC6A15,solute carrier family 6 member 15,Q9H2J7,mapped
6530,SLC6A2,NCBI,8187_2050_5618_5451_5371_100081_5383_1942_1098_3265_11924_12384,anxiety disorder,MONDO_grouped,HGNC:11048,SLC6A2,solute carrier family 6 member 2,P23975,mapped
6531,SLC6A3,NCBI,8187_2050_5618_5451_5371_100081_5383_1942_1098_3265_11924_12384,anxiety disorder,MONDO_grouped,HGNC:11049,SLC6A3,solute carrier family 6 member 3,Q01959,mapped
6532,SLC6A4,NCBI,8187_2050_5618_5451_5371_100081_5383_1942_1098_3265_11924_12384,anxiety disorder,MONDO_grouped,HGNC:11050,SLC6A4,solute carrier family 6 member 4,P31645,mapped
53919,SLCO1C1,NCBI,8187_2050_5618_5451_5371_100081_5383_1942_1098_3265_11924_12384,anxiety disorder,MONDO_grouped,HGNC:13819,SLCO1C1,solute carrier organic anion transporter family member 1C1,Q9NYB5,mapped
6586,SLIT3,NCBI,8187_2050_5618_5451_5371_100081_5383_1942_1098_3265_11924_12384,anxiety disorder,MONDO_grouped,HGNC:11087,SLIT3,slit guidance ligand 3,O75094,mapped
6616,SNAP25,NCBI,8187_2050_5618_5451_5371_100081_5383_1942_1098_3265_11924_12384,anxiety disorder,MONDO_grouped,HGNC:11132,SNAP25,synaptosome associated protein 25,P60880,mapped
6647,SOD1,NCBI,8187_2050_5618_5451_5371_100081_5383_1942_1098_3265_11924_12384,anxiety disorder,MONDO_grouped,HGNC:11179,SOD1,superoxide dismutase 1,P00441,mapped
6648,SOD2,NCBI,8187_2050_5618_5451_5371_100081_5383_1942_1098_3265_11924_12384,anxiety disorder,MONDO_grouped,HGNC:11180,SOD2,superoxide dismutase 2,P04179,mapped
6662,SOX9,NCBI,8187_2050_5618_5451_5371_100081_5383_1942_1098_3265_11924_12384,anxiety disorder,MONDO_grouped,HGNC:11204,SOX9,SRY-box transcription factor 9,P48436,mapped
6715,SRD5A1,NCBI,8187_2050_5618_5451_5371_100081_5383_1942_1098_3265_11924_12384,anxiety disorder,MONDO_grouped,HGNC:11284,SRD5A1,steroid 5 alpha-reductase 1,P18405,mapped
51593,SRRT,NCBI,8187_2050_5618_5451_5371_100081_5383_1942_1098_3265_11924_12384,anxiety disorder,MONDO_grouped,HGNC:24101,SRRT,"serrate, RNA effector molecule",Q9BXP5,mapped
6750,SST,NCBI,8187_2050_5618_5451_5371_100081_5383_1942_1098_3265_11924_12384,anxiety disorder,MONDO_grouped,HGNC:11329,SST,somatostatin,P61278,mapped
6755,SSTR5,NCBI,8187_2050_5618_5451_5371_100081_5383_1942_1098_3265_11924_12384,anxiety disorder,MONDO_grouped,HGNC:11334,SSTR5,somatostatin receptor 5,P35346,mapped
6774,STAT3,NCBI,8187_2050_5618_5451_5371_100081_5383_1942_1098_3265_11924_12384,anxiety disorder,MONDO_grouped,HGNC:11364,STAT3,signal transducer and activator of transcription 3,P40763,mapped
10963,STIP1,NCBI,8187_2050_5618_5451_5371_100081_5383_1942_1098_3265_11924_12384,anxiety disorder,MONDO_grouped,HGNC:11387,STIP1,stress induced phosphoprotein 1,P31948,mapped
3925,STMN1,NCBI,8187_2050_5618_5451_5371_100081_5383_1942_1098_3265_11924_12384,anxiety disorder,MONDO_grouped,HGNC:6510,STMN1,stathmin 1,P16949,mapped
6853,SYN1,NCBI,8187_2050_5618_5451_5371_100081_5383_1942_1098_3265_11924_12384,anxiety disorder,MONDO_grouped,HGNC:11494,SYN1,synapsin I,P17600,mapped
319100,TAAR6,NCBI,8187_2050_5618_5451_5371_100081_5383_1942_1098_3265_11924_12384,anxiety disorder,MONDO_grouped,HGNC:20978,TAAR6,trace amine associated receptor 6,Q96RI8,mapped
6863,TAC1,NCBI,8187_2050_5618_5451_5371_100081_5383_1942_1098_3265_11924_12384,anxiety disorder,MONDO_grouped,HGNC:11517,TAC1,tachykinin precursor 1,P20366,mapped
6869,TACR1,NCBI,8187_2050_5618_5451_5371_100081_5383_1942_1098_3265_11924_12384,anxiety disorder,MONDO_grouped,HGNC:11526,TACR1,tachykinin receptor 1,P25103,mapped
338811,TAFA2,NCBI,8187_2050_5618_5451_5371_100081_5383_1942_1098_3265_11924_12384,anxiety disorder,MONDO_grouped,HGNC:21589,TAFA2,TAFA chemokine like family member 2,Q8N3H0,mapped
9095,TBX19,NCBI,8187_2050_5618_5451_5371_100081_5383_1942_1098_3265_11924_12384,anxiety disorder,MONDO_grouped,HGNC:11596,TBX19,T-box transcription factor 19,O60806,mapped
30009,TBX21,NCBI,8187_2050_5618_5451_5371_100081_5383_1942_1098_3265_11924_12384,anxiety disorder,MONDO_grouped,HGNC:11599,TBX21,T-box transcription factor 21,Q9UL17,mapped
6999,TDO2,NCBI,8187_2050_5618_5451_5371_100081_5383_1942_1098_3265_11924_12384,anxiety disorder,MONDO_grouped,HGNC:11708,TDO2,"tryptophan 2,3-dioxygenase",P48775,mapped
7008,TEF,NCBI,8187_2050_5618_5451_5371_100081_5383_1942_1098_3265_11924_12384,anxiety disorder,MONDO_grouped,HGNC:11722,TEF,"TEF transcription factor, PAR bZIP family member",Q10587,mapped
7015,TERT,NCBI,8187_2050_5618_5451_5371_100081_5383_1942_1098_3265_11924_12384,anxiety disorder,MONDO_grouped,HGNC:11730,TERT,telomerase reverse transcriptase,O14746,mapped
7024,TFCP2,NCBI,8187_2050_5618_5451_5371_100081_5383_1942_1098_3265_11924_12384,anxiety disorder,MONDO_grouped,HGNC:11748,TFCP2,transcription factor CP2,Q12800,mapped
7038,TG,NCBI,8187_2050_5618_5451_5371_100081_5383_1942_1098_3265_11924_12384,anxiety disorder,MONDO_grouped,HGNC:11764,TG,thyroglobulin,P01266,mapped
7040,TGFB1,NCBI,8187_2050_5618_5451_5371_100081_5383_1942_1098_3265_11924_12384,anxiety disorder,MONDO_grouped,HGNC:11766,TGFB1,transforming growth factor beta 1,P01137,mapped
7054,TH,NCBI,8187_2050_5618_5451_5371_100081_5383_1942_1098_3265_11924_12384,anxiety disorder,MONDO_grouped,HGNC:11782,TH,tyrosine hydroxylase,P07101,mapped
8914,TIMELESS,NCBI,8187_2050_5618_5451_5371_100081_5383_1942_1098_3265_11924_12384,anxiety disorder,MONDO_grouped,HGNC:11813,TIMELESS,timeless circadian regulator,Q9UNS1,mapped
7088,TLE1,NCBI,8187_2050_5618_5451_5371_100081_5383_1942_1098_3265_11924_12384,anxiety disorder,MONDO_grouped,HGNC:11837,TLE1,"TLE family member 1, transcriptional corepressor",Q04724,mapped
51284,TLR7,NCBI,8187_2050_5618_5451_5371_100081_5383_1942_1098_3265_11924_12384,anxiety disorder,MONDO_grouped,HGNC:15631,TLR7,toll like receptor 7,Q9NYK1,mapped
7124,TNF,NCBI,8187_2050_5618_5451_5371_100081_5383_1942_1098_3265_11924_12384,anxiety disorder,MONDO_grouped,HGNC:11892,TNF,tumor necrosis factor,P01375,mapped
7132,TNFRSF1A,NCBI,8187_2050_5618_5451_5371_100081_5383_1942_1098_3265_11924_12384,anxiety disorder,MONDO_grouped,HGNC:11916,TNFRSF1A,TNF receptor superfamily member 1A,P19438,mapped
7133,TNFRSF1B,NCBI,8187_2050_5618_5451_5371_100081_5383_1942_1098_3265_11924_12384,anxiety disorder,MONDO_grouped,HGNC:11917,TNFRSF1B,TNF receptor superfamily member 1B,P20333,mapped
10452,TOMM40,NCBI,8187_2050_5618_5451_5371_100081_5383_1942_1098_3265_11924_12384,anxiety disorder,MONDO_grouped,HGNC:18001,TOMM40,translocase of outer mitochondrial membrane 40,O96008,mapped
7166,TPH1,NCBI,8187_2050_5618_5451_5371_100081_5383_1942_1098_3265_11924_12384,anxiety disorder,MONDO_grouped,HGNC:12008,TPH1,tryptophan hydroxylase 1,P17752,mapped
121278,TPH2,NCBI,8187_2050_5618_5451_5371_100081_5383_1942_1098_3265_11924_12384,anxiety disorder,MONDO_grouped,HGNC:20692,TPH2,tryptophan hydroxylase 2,Q8IWU9,mapped
7200,TRH,NCBI,8187_2050_5618_5451_5371_100081_5383_1942_1098_3265_11924_12384,anxiety disorder,MONDO_grouped,HGNC:12298,TRH,thyrotropin releasing hormone,P20396,mapped
7276,TTR,NCBI,8187_2050_5618_5451_5371_100081_5383_1942_1098_3265_11924_12384,anxiety disorder,MONDO_grouped,HGNC:12405,TTR,transthyretin,P02766,mapped
7297,TYK2,NCBI,8187_2050_5618_5451_5371_100081_5383_1942_1098_3265_11924_12384,anxiety disorder,MONDO_grouped,HGNC:12440,TYK2,tyrosine kinase 2,P29597,mapped
7349,UCN,NCBI,8187_2050_5618_5451_5371_100081_5383_1942_1098_3265_11924_12384,anxiety disorder,MONDO_grouped,HGNC:12516,UCN,urocortin,P55089,mapped
114131,UCN3,NCBI,8187_2050_5618_5451_5371_100081_5383_1942_1098_3265_11924_12384,anxiety disorder,MONDO_grouped,HGNC:17781,UCN3,urocortin 3,Q969E3,mapped
64854,USP46,NCBI,8187_2050_5618_5451_5371_100081_5383_1942_1098_3265_11924_12384,anxiety disorder,MONDO_grouped,HGNC:20075,USP46,ubiquitin specific peptidase 46,P62068,mapped
6844,VAMP2,NCBI,8187_2050_5618_5451_5371_100081_5383_1942_1098_3265_11924_12384,anxiety disorder,MONDO_grouped,HGNC:12643,VAMP2,vesicle associated membrane protein 2,P63027,mapped
7422,VEGFA,NCBI,8187_2050_5618_5451_5371_100081_5383_1942_1098_3265_11924_12384,anxiety disorder,MONDO_grouped,HGNC:12680,VEGFA,vascular endothelial growth factor A,P15692,mapped
7425,VGF,NCBI,8187_2050_5618_5451_5371_100081_5383_1942_1098_3265_11924_12384,anxiety disorder,MONDO_grouped,HGNC:12684,VGF,VGF nerve growth factor inducible,O15240,mapped
7466,WFS1,NCBI,8187_2050_5618_5451_5371_100081_5383_1942_1098_3265_11924_12384,anxiety disorder,MONDO_grouped,HGNC:12762,WFS1,wolframin ER transmembrane glycoprotein,O76024,mapped
23286,WWC1,NCBI,8187_2050_5618_5451_5371_100081_5383_1942_1098_3265_11924_12384,anxiety disorder,MONDO_grouped,HGNC:29435,WWC1,WW and C2 domain containing 1,Q8IX03,mapped
7498,XDH,NCBI,8187_2050_5618_5451_5371_100081_5383_1942_1098_3265_11924_12384,anxiety disorder,MONDO_grouped,HGNC:12805,XDH,xanthine dehydrogenase,P47989,mapped
7704,ZBTB16,NCBI,8187_2050_5618_5451_5371_100081_5383_1942_1098_3265_11924_12384,anxiety disorder,MONDO_grouped,HGNC:12930,ZBTB16,zinc finger and BTB domain containing 16,Q05516,mapped
23284,ADGRL3,NCBI,7743,attention deficit-hyperactivity disorder,MONDO,HGNC:20974,ADGRL3,adhesion G protein-coupled receptor L3,Q9HAR2,mapped
57412,AS3MT,NCBI,7743,attention deficit-hyperactivity disorder,MONDO,HGNC:17452,AS3MT,arsenite methyltransferase,Q9HBK9,mapped
50632,CALY,NCBI,7743,attention deficit-hyperactivity disorder,MONDO,HGNC:17938,CALY,calcyon neuron specific vesicular protein,Q9NYX4,mapped
1137,CHRNA4,NCBI,7743,attention deficit-hyperactivity disorder,MONDO,HGNC:1958,CHRNA4,cholinergic receptor nicotinic alpha 4 subunit,P43681,mapped
1141,CHRNB2,NCBI,7743,attention deficit-hyperactivity disorder,MONDO,HGNC:1962,CHRNB2,cholinergic receptor nicotinic beta 2 subunit,P17787,mapped
23152,CIC,NCBI,7743,attention deficit-hyperactivity disorder,MONDO,HGNC:14214,CIC,capicua transcriptional repressor,Q96RK0,mapped
1268,CNR1,NCBI,7743,attention deficit-hyperactivity disorder,MONDO,HGNC:2159,CNR1,cannabinoid receptor 1,P21554,mapped
1312,COMT,NCBI,7743,attention deficit-hyperactivity disorder,MONDO,HGNC:2228,COMT,catechol-O-methyltransferase,P21964,mapped
1813,DRD2,NCBI,7743,attention deficit-hyperactivity disorder,MONDO,HGNC:3023,DRD2,dopamine receptor D2,P14416,mapped
1815,DRD4,NCBI,7743,attention deficit-hyperactivity disorder,MONDO,HGNC:3025,DRD4,dopamine receptor D4,P21917,mapped
1816,DRD5,NCBI,7743,attention deficit-hyperactivity disorder,MONDO,HGNC:3026,DRD5,dopamine receptor D5,P21918,mapped
2245,FGD1,NCBI,7743,attention deficit-hyperactivity disorder,MONDO,HGNC:3663,FGD1,"FYVE, RhoGEF and PH domain containing 1",P98174,mapped
28964,GIT1,NCBI,7743,attention deficit-hyperactivity disorder,MONDO,HGNC:4272,GIT1,GIT ArfGAP 1,Q9Y2X7,mapped
2911,GRM1,NCBI,7743,attention deficit-hyperactivity disorder,MONDO,HGNC:4593,GRM1,glutamate metabotropic receptor 1,Q13255,mapped
2915,GRM5,NCBI,7743,attention deficit-hyperactivity disorder,MONDO,HGNC:4597,GRM5,glutamate metabotropic receptor 5,P41594,mapped
2917,GRM7,NCBI,7743,attention deficit-hyperactivity disorder,MONDO,HGNC:4599,GRM7,glutamate metabotropic receptor 7,Q14831,mapped
2918,GRM8,NCBI,7743,attention deficit-hyperactivity disorder,MONDO,HGNC:4600,GRM8,glutamate metabotropic receptor 8,O00222,mapped
9969,MED13,NCBI,7743,attention deficit-hyperactivity disorder,MONDO,HGNC:22474,MED13,mediator complex subunit 13,Q9UHV7,mapped
5789,PTPRD,NCBI,7743,attention deficit-hyperactivity disorder,MONDO,HGNC:9668,PTPRD,protein tyrosine phosphatase receptor type D,P23468,mapped
6531,SLC6A3,NCBI,7743,attention deficit-hyperactivity disorder,MONDO,HGNC:11049,SLC6A3,solute carrier family 6 member 3,Q01959,mapped
412,STS,NCBI,7743,attention deficit-hyperactivity disorder,MONDO,HGNC:11425,STS,steroid sulfatase,P08842,mapped
6869,TACR1,NCBI,7743,attention deficit-hyperactivity disorder,MONDO,HGNC:11526,TACR1,tachykinin receptor 1,P25103,mapped
121278,TPH2,NCBI,7743,attention deficit-hyperactivity disorder,MONDO,HGNC:20692,TPH2,tryptophan hydroxylase 2,Q8IWU9,mapped
23036,ZNF292,NCBI,7743,attention deficit-hyperactivity disorder,MONDO,HGNC:18410,ZNF292,zinc finger protein 292,O60281,mapped
15,AANAT,NCBI,4985_693_24613_1866,bipolar disorder,MONDO_grouped,HGNC:19,AANAT,aralkylamine N-acetyltransferase,Q16613,mapped
154664,ABCA13,NCBI,4985_693_24613_1866,bipolar disorder,MONDO_grouped,HGNC:14638,ABCA13,ATP binding cassette subfamily A member 13,Q86UQ4,mapped
35,ACADS,NCBI,4985_693_24613_1866,bipolar disorder,MONDO_grouped,HGNC:90,ACADS,acyl-CoA dehydrogenase short chain,P16219,mapped
1636,ACE,NCBI,4985_693_24613_1866,bipolar disorder,MONDO_grouped,HGNC:2707,ACE,angiotensin I converting enzyme,P12821,mapped
60,ACTB,NCBI,4985_693_24613_1866,bipolar disorder,MONDO_grouped,HGNC:132,ACTB,actin beta,P60709,mapped
104,ADARB1,NCBI,4985_693_24613_1866,bipolar disorder,MONDO_grouped,HGNC:226,ADARB1,adenosine deaminase RNA specific B1,P78563,mapped
108,ADCY2,NCBI,4985_693_24613_1866,bipolar disorder,MONDO_grouped,HGNC:233,ADCY2,adenylate cyclase 2,Q08462,mapped
109,ADCY3,NCBI,4985_693_24613_1866,bipolar disorder,MONDO_grouped,HGNC:234,ADCY3,adenylate cyclase 3,O60266,mapped
114,ADCY8,NCBI,4985_693_24613_1866,bipolar disorder,MONDO_grouped,HGNC:239,ADCY8,adenylate cyclase 8,P40145,mapped
116,ADCYAP1,NCBI,4985_693_24613_1866,bipolar disorder,MONDO_grouped,HGNC:241,ADCYAP1,adenylate cyclase activating polypeptide 1,P18509,mapped
120,ADD3,NCBI,4985_693_24613_1866,bipolar disorder,MONDO_grouped,HGNC:245,ADD3,adducin 3,Q9UEY8,mapped
133,ADM,NCBI,4985_693_24613_1866,bipolar disorder,MONDO_grouped,HGNC:259,ADM,adrenomedullin,P35318,mapped
148,ADRA1A,NCBI,4985_693_24613_1866,bipolar disorder,MONDO_grouped,HGNC:277,ADRA1A,adrenoceptor alpha 1A,P35348,mapped
152,ADRA2C,NCBI,4985_693_24613_1866,bipolar disorder,MONDO_grouped,HGNC:283,ADRA2C,adrenoceptor alpha 2C,P18825,mapped
154,ADRB2,NCBI,4985_693_24613_1866,bipolar disorder,MONDO_grouped,HGNC:286,ADRB2,adrenoceptor beta 2,P07550,mapped
246269,AFG1L,NCBI,4985_693_24613_1866,bipolar disorder,MONDO_grouped,HGNC:16411,AFG1L,AFG1 like ATPase,Q8WV93,mapped
183,AGT,NCBI,4985_693_24613_1866,bipolar disorder,MONDO_grouped,HGNC:333,AGT,angiotensinogen,P01019,mapped
11216,AKAP10,NCBI,4985_693_24613_1866,bipolar disorder,MONDO_grouped,HGNC:368,AKAP10,A-kinase anchoring protein 10,O43572,mapped
1109,AKR1C4,NCBI,4985_693_24613_1866,bipolar disorder,MONDO_grouped,HGNC:387,AKR1C4,aldo-keto reductase family 1 member C4,P17516,mapped
207,AKT1,NCBI,4985_693_24613_1866,bipolar disorder,MONDO_grouped,HGNC:391,AKT1,AKT serine/threonine kinase 1,P31749,mapped
208,AKT2,NCBI,4985_693_24613_1866,bipolar disorder,MONDO_grouped,HGNC:392,AKT2,AKT serine/threonine kinase 2,P31751,mapped
217,ALDH2,NCBI,4985_693_24613_1866,bipolar disorder,MONDO_grouped,HGNC:404,ALDH2,aldehyde dehydrogenase 2 family member,P05091,mapped
239,ALOX12,NCBI,4985_693_24613_1866,bipolar disorder,MONDO_grouped,HGNC:429,ALOX12,"arachidonate 12-lipoxygenase, 12S type",P18054,mapped
288,ANK3,NCBI,4985_693_24613_1866,bipolar disorder,MONDO_grouped,HGNC:494,ANK3,ankyrin 3,Q12955,mapped
255239,ANKK1,NCBI,4985_693_24613_1866,bipolar disorder,MONDO_grouped,HGNC:21027,ANKK1,ankyrin repeat and kinase domain containing 1,Q8NFD2,mapped
347,APOD,NCBI,4985_693_24613_1866,bipolar disorder,MONDO_grouped,HGNC:612,APOD,apolipoprotein D,P05090,mapped
348,APOE,NCBI,4985_693_24613_1866,bipolar disorder,MONDO_grouped,HGNC:613,APOE,apolipoprotein E,P02649,mapped
351,APP,NCBI,4985_693_24613_1866,bipolar disorder,MONDO_grouped,HGNC:620,APP,amyloid beta precursor protein,P05067,mapped
9639,ARHGEF10,NCBI,4985_693_24613_1866,bipolar disorder,MONDO_grouped,HGNC:14103,ARHGEF10,Rho guanine nucleotide exchange factor 10,O15013,mapped
406,ARNTL,NCBI,4985_693_24613_1866,bipolar disorder,MONDO_grouped,HGNC:701,BMAL1,basic helix-loop-helix ARNT like 1,O00327,mapped
56938,ARNTL2,NCBI,4985_693_24613_1866,bipolar disorder,MONDO_grouped,HGNC:18984,BMAL2,basic helix-loop-helix ARNT like 2,Q8WYA1,mapped
409,ARRB2,NCBI,4985_693_24613_1866,bipolar disorder,MONDO_grouped,HGNC:712,ARRB2,arrestin beta 2,P32121,mapped
438,ASMT,NCBI,4985_693_24613_1866,bipolar disorder,MONDO_grouped,HGNC:750,ASMT,acetylserotonin O-methyltransferase,P46597,mapped
23245,ASTN2,NCBI,4985_693_24613_1866,bipolar disorder,MONDO_grouped,HGNC:17021,ASTN2,astrotactin 2,O75129,mapped
468,ATF4,NCBI,4985_693_24613_1866,bipolar disorder,MONDO_grouped,HGNC:786,ATF4,activating transcription factor 4,P18848,mapped
22809,ATF5,NCBI,4985_693_24613_1866,bipolar disorder,MONDO_grouped,HGNC:790,ATF5,activating transcription factor 5,Q9Y2D1,mapped
476,ATP1A1,NCBI,4985_693_24613_1866,bipolar disorder,MONDO_grouped,HGNC:799,ATP1A1,ATPase Na+/K+ transporting subunit alpha 1,P05023,mapped
477,ATP1A2,NCBI,4985_693_24613_1866,bipolar disorder,MONDO_grouped,HGNC:800,ATP1A2,ATPase Na+/K+ transporting subunit alpha 2,P50993,mapped
478,ATP1A3,NCBI,4985_693_24613_1866,bipolar disorder,MONDO_grouped,HGNC:801,ATP1A3,ATPase Na+/K+ transporting subunit alpha 3,P13637,mapped
551,AVP,NCBI,4985_693_24613_1866,bipolar disorder,MONDO_grouped,HGNC:894,AVP,arginine vasopressin,P01185,mapped
553,AVPR1B,NCBI,4985_693_24613_1866,bipolar disorder,MONDO_grouped,HGNC:896,AVPR1B,arginine vasopressin receptor 1B,P47901,mapped
573,BAG1,NCBI,4985_693_24613_1866,bipolar disorder,MONDO_grouped,HGNC:937,BAG1,BAG cochaperone 1,Q99933,mapped
590,BCHE,NCBI,4985_693_24613_1866,bipolar disorder,MONDO_grouped,HGNC:983,BCHE,butyrylcholinesterase,P06276,mapped
596,BCL2,NCBI,4985_693_24613_1866,bipolar disorder,MONDO_grouped,HGNC:990,BCL2,BCL2 apoptosis regulator,P10415,mapped
607,BCL9,NCBI,4985_693_24613_1866,bipolar disorder,MONDO_grouped,HGNC:1008,BCL9,BCL9 transcription coactivator,O00512,mapped
613,BCR,NCBI,4985_693_24613_1866,bipolar disorder,MONDO_grouped,HGNC:1014,BCR,BCR activator of RhoGEF and GTPase,P11274,mapped
624,BDKRB2,NCBI,4985_693_24613_1866,bipolar disorder,MONDO_grouped,HGNC:1030,BDKRB2,bradykinin receptor B2,P30411,mapped
627,BDNF,NCBI,4985_693_24613_1866,bipolar disorder,MONDO_grouped,HGNC:1033,BDNF,brain derived neurotrophic factor,P23560,mapped
8553,BHLHE40,NCBI,4985_693_24613_1866,bipolar disorder,MONDO_grouped,HGNC:1046,BHLHE40,basic helix-loop-helix family member e40,O14503,mapped
79365,BHLHE41,NCBI,4985_693_24613_1866,bipolar disorder,MONDO_grouped,HGNC:16617,BHLHE41,basic helix-loop-helix family member e41,Q9C0J9,mapped
637,BID,NCBI,4985_693_24613_1866,bipolar disorder,MONDO_grouped,HGNC:1050,BID,BH3 interacting domain death agonist,P55957,mapped
675,BRCA2,NCBI,4985_693_24613_1866,bipolar disorder,MONDO_grouped,HGNC:1101,BRCA2,BRCA2 DNA repair associated,P51587,mapped
23774,BRD1,NCBI,4985_693_24613_1866,bipolar disorder,MONDO_grouped,HGNC:1102,BRD1,bromodomain containing 1,O95696,mapped
122525,C14orf28,NCBI,4985_693_24613_1866,bipolar disorder,MONDO_grouped,HGNC:19834,DORIP1,dopamine receptor interacting protein 1,Q4W4Y0,mapped
773,CACNA1A,NCBI,4985_693_24613_1866,bipolar disorder,MONDO_grouped,HGNC:1388,CACNA1A,calcium voltage-gated channel subunit alpha1 A,O00555,mapped
774,CACNA1B,NCBI,4985_693_24613_1866,bipolar disorder,MONDO_grouped,HGNC:1389,CACNA1B,calcium voltage-gated channel subunit alpha1 B,Q00975,mapped
775,CACNA1C,NCBI,4985_693_24613_1866,bipolar disorder,MONDO_grouped,HGNC:1390,CACNA1C,calcium voltage-gated channel subunit alpha1 C,Q13936,mapped
776,CACNA1D,NCBI,4985_693_24613_1866,bipolar disorder,MONDO_grouped,HGNC:1391,CACNA1D,calcium voltage-gated channel subunit alpha1 D,Q01668,mapped
783,CACNB2,NCBI,4985_693_24613_1866,bipolar disorder,MONDO_grouped,HGNC:1402,CACNB2,calcium voltage-gated channel auxiliary subunit beta 2,Q08289,mapped
27091,CACNG5,NCBI,4985_693_24613_1866,bipolar disorder,MONDO_grouped,HGNC:1409,CACNG5,calcium voltage-gated channel auxiliary subunit gamma 5,Q9UF02,mapped
805,CALM2,NCBI,4985_693_24613_1866,bipolar disorder,MONDO_grouped,HGNC:1445,CALM2,calmodulin 2,P0DP24,mapped
811,CALR,NCBI,4985_693_24613_1866,bipolar disorder,MONDO_grouped,HGNC:1455,CALR,calreticulin,P27797,mapped
815,CAMK2A,NCBI,4985_693_24613_1866,bipolar disorder,MONDO_grouped,HGNC:1460,CAMK2A,calcium/calmodulin dependent protein kinase II alpha,Q9UQM7,mapped
841,CASP8,NCBI,4985_693_24613_1866,bipolar disorder,MONDO_grouped,HGNC:1509,CASP8,caspase 8,Q14790,mapped
847,CAT,NCBI,4985_693_24613_1866,bipolar disorder,MONDO_grouped,HGNC:1516,CAT,catalase,P04040,mapped
2694,CBLIF,NCBI,4985_693_24613_1866,bipolar disorder,MONDO_grouped,HGNC:4268,CBLIF,cobalamin binding intrinsic factor,P27352,mapped
875,CBS,NCBI,4985_693_24613_1866,bipolar disorder,MONDO_grouped,HGNC:1550,CBS,cystathionine beta-synthase,P35520,mapped
886,CCKAR,NCBI,4985_693_24613_1866,bipolar disorder,MONDO_grouped,HGNC:1570,CCKAR,cholecystokinin A receptor,P32238,mapped
961,CD47,NCBI,4985_693_24613_1866,bipolar disorder,MONDO_grouped,HGNC:1682,CD47,CD47 molecule,Q08722,mapped
1015,CDH17,NCBI,4985_693_24613_1866,bipolar disorder,MONDO_grouped,HGNC:1756,CDH17,cadherin 17,Q12864,mapped
1005,CDH7,NCBI,4985_693_24613_1866,bipolar disorder,MONDO_grouped,HGNC:1766,CDH7,cadherin 7,Q9ULB5,mapped
57132,CHMP1B,NCBI,4985_693_24613_1866,bipolar disorder,MONDO_grouped,HGNC:24287,CHMP1B,charged multivesicular body protein 1B,Q7LBR1,mapped
89832,CHRFAM7A,NCBI,4985_693_24613_1866,bipolar disorder,MONDO_grouped,HGNC:15781,CHRFAM7A,CHRNA7 (exons 5-10) and FAM7A (exons A-E) fusion,Q494W8,mapped
1129,CHRM2,NCBI,4985_693_24613_1866,bipolar disorder,MONDO_grouped,HGNC:1951,CHRM2,cholinergic receptor muscarinic 2,P08172,mapped
1135,CHRNA2,NCBI,4985_693_24613_1866,bipolar disorder,MONDO_grouped,HGNC:1956,CHRNA2,cholinergic receptor nicotinic alpha 2 subunit,Q15822,mapped
8973,CHRNA6,NCBI,4985_693_24613_1866,bipolar disorder,MONDO_grouped,HGNC:15963,CHRNA6,cholinergic receptor nicotinic alpha 6 subunit,Q15825,mapped
1139,CHRNA7,NCBI,4985_693_24613_1866,bipolar disorder,MONDO_grouped,HGNC:1960,CHRNA7,cholinergic receptor nicotinic alpha 7 subunit,P36544,mapped
1142,CHRNB3,NCBI,4985_693_24613_1866,bipolar disorder,MONDO_grouped,HGNC:1963,CHRNB3,cholinergic receptor nicotinic beta 3 subunit,Q05901,mapped
10462,CLEC10A,NCBI,4985_693_24613_1866,bipolar disorder,MONDO_grouped,HGNC:16916,CLEC10A,C-type lectin domain containing 10A,Q8IUN9,mapped
9575,CLOCK,NCBI,4985_693_24613_1866,bipolar disorder,MONDO_grouped,HGNC:2082,CLOCK,clock circadian regulator,O15516,mapped
1268,CNR1,NCBI,4985_693_24613_1866,bipolar disorder,MONDO_grouped,HGNC:2159,CNR1,cannabinoid receptor 1,P21554,mapped
1269,CNR2,NCBI,4985_693_24613_1866,bipolar disorder,MONDO_grouped,HGNC:2160,CNR2,cannabinoid receptor 2,P34972,mapped
152330,CNTN4,NCBI,4985_693_24613_1866,bipolar disorder,MONDO_grouped,HGNC:2174,CNTN4,contactin 4,Q8IWV2,mapped
27255,CNTN6,NCBI,4985_693_24613_1866,bipolar disorder,MONDO_grouped,HGNC:2176,CNTN6,contactin 6,Q9UQ52,mapped
26047,CNTNAP2,NCBI,4985_693_24613_1866,bipolar disorder,MONDO_grouped,HGNC:13830,CNTNAP2,contactin associated protein 2,Q9UHC6,mapped
1312,COMT,NCBI,4985_693_24613_1866,bipolar disorder,MONDO_grouped,HGNC:2228,COMT,catechol-O-methyltransferase,P21964,mapped
10815,CPLX1,NCBI,4985_693_24613_1866,bipolar disorder,MONDO_grouped,HGNC:2309,CPLX1,complexin 1,O14810,mapped
10814,CPLX2,NCBI,4985_693_24613_1866,bipolar disorder,MONDO_grouped,HGNC:2310,CPLX2,complexin 2,Q6PUV4,mapped
1385,CREB1,NCBI,4985_693_24613_1866,bipolar disorder,MONDO_grouped,HGNC:2345,CREB1,cAMP responsive element binding protein 1,P16220,mapped
1392,CRH,NCBI,4985_693_24613_1866,bipolar disorder,MONDO_grouped,HGNC:2355,CRH,corticotropin releasing hormone,P06850,mapped
1394,CRHR1,NCBI,4985_693_24613_1866,bipolar disorder,MONDO_grouped,HGNC:2357,CRHR1,corticotropin releasing hormone receptor 1,P34998,mapped
1395,CRHR2,NCBI,4985_693_24613_1866,bipolar disorder,MONDO_grouped,HGNC:2358,CRHR2,corticotropin releasing hormone receptor 2,Q13324,mapped
1407,CRY1,NCBI,4985_693_24613_1866,bipolar disorder,MONDO_grouped,HGNC:2384,CRY1,cryptochrome circadian regulator 1,Q16526,mapped
1408,CRY2,NCBI,4985_693_24613_1866,bipolar disorder,MONDO_grouped,HGNC:2385,CRY2,cryptochrome circadian regulator 2,Q49AN0,mapped
64478,CSMD1,NCBI,4985_693_24613_1866,bipolar disorder,MONDO_grouped,HGNC:14026,CSMD1,CUB and Sushi multiple domains 1,Q96PZ7,mapped
1454,CSNK1E,NCBI,4985_693_24613_1866,bipolar disorder,MONDO_grouped,HGNC:2453,CSNK1E,casein kinase 1 epsilon,P49674,mapped
1465,CSRP1,NCBI,4985_693_24613_1866,bipolar disorder,MONDO_grouped,HGNC:2469,CSRP1,cysteine and glycine rich protein 1,P21291,mapped
1493,CTLA4,NCBI,4985_693_24613_1866,bipolar disorder,MONDO_grouped,HGNC:2505,CTLA4,cytotoxic T-lymphocyte associated protein 4,P16410,mapped
23316,CUX2,NCBI,4985_693_24613_1866,bipolar disorder,MONDO_grouped,HGNC:19347,CUX2,cut like homeobox 2,O14529,mapped
3576,CXCL8,NCBI,4985_693_24613_1866,bipolar disorder,MONDO_grouped,HGNC:6025,CXCL8,C-X-C motif chemokine ligand 8,P10145,mapped
1610,DAO,NCBI,4985_693_24613_1866,bipolar disorder,MONDO_grouped,HGNC:2671,DAO,D-amino acid oxidase,P14920,mapped
267012,DAOA,NCBI,4985_693_24613_1866,bipolar disorder,MONDO_grouped,HGNC:21191,DAOA,D-amino acid oxidase activator,P59103,mapped
26528,DAZAP1,NCBI,4985_693_24613_1866,bipolar disorder,MONDO_grouped,HGNC:2683,DAZAP1,DAZ associated protein 1,Q96EP5,mapped
1621,DBH,NCBI,4985_693_24613_1866,bipolar disorder,MONDO_grouped,HGNC:2689,DBH,dopamine beta-hydroxylase,P09172,mapped
1627,DBN1,NCBI,4985_693_24613_1866,bipolar disorder,MONDO_grouped,HGNC:2695,DBN1,drebrin 1,Q16643,mapped
28988,DBNL,NCBI,4985_693_24613_1866,bipolar disorder,MONDO_grouped,HGNC:2696,DBNL,drebrin like,Q9UJU6,mapped
9201,DCLK1,NCBI,4985_693_24613_1866,bipolar disorder,MONDO_grouped,HGNC:2700,DCLK1,doublecortin like kinase 1,O15075,mapped
84516,DCTN5,NCBI,4985_693_24613_1866,bipolar disorder,MONDO_grouped,HGNC:24594,DCTN5,dynactin subunit 5,Q9BTE1,mapped
1644,DDC,NCBI,4985_693_24613_1866,bipolar disorder,MONDO_grouped,HGNC:2719,DDC,dopa decarboxylase,P20711,mapped
1607,DGKB,NCBI,4985_693_24613_1866,bipolar disorder,MONDO_grouped,HGNC:2850,DGKB,diacylglycerol kinase beta,Q9Y6T7,mapped
160851,DGKH,NCBI,4985_693_24613_1866,bipolar disorder,MONDO_grouped,HGNC:2854,DGKH,diacylglycerol kinase eta,Q86XP1,mapped
1734,DIO2,NCBI,4985_693_24613_1866,bipolar disorder,MONDO_grouped,HGNC:2884,DIO2,iodothyronine deiodinase 2,Q92813,mapped
27185,DISC1,NCBI,4985_693_24613_1866,bipolar disorder,MONDO_grouped,HGNC:2888,DISC1,DISC1 scaffold protein,Q9NRI5,mapped
85458,DIXDC1,NCBI,4985_693_24613_1866,bipolar disorder,MONDO_grouped,HGNC:23695,DIXDC1,DIX domain containing 1,Q155Q3,mapped
27121,DKK4,NCBI,4985_693_24613_1866,bipolar disorder,MONDO_grouped,HGNC:2894,DKK4,dickkopf Wnt signaling pathway inhibitor 4,Q9UBT3,mapped
1740,DLG2,NCBI,4985_693_24613_1866,bipolar disorder,MONDO_grouped,HGNC:2901,DLG2,discs large MAGUK scaffold protein 2,Q15700,mapped
1741,DLG3,NCBI,4985_693_24613_1866,bipolar disorder,MONDO_grouped,HGNC:2902,DLG3,discs large MAGUK scaffold protein 3,Q92796,mapped
1742,DLG4,NCBI,4985_693_24613_1866,bipolar disorder,MONDO_grouped,HGNC:2903,DLG4,discs large MAGUK scaffold protein 4,P78352,mapped
1745,DLX1,NCBI,4985_693_24613_1866,bipolar disorder,MONDO_grouped,HGNC:2914,DLX1,distal-less homeobox 1,P56177,mapped
1769,DNAH8,NCBI,4985_693_24613_1866,bipolar disorder,MONDO_grouped,HGNC:2952,DNAH8,dynein axonemal heavy chain 8,Q96JB1,mapped
3337,DNAJB1,NCBI,4985_693_24613_1866,bipolar disorder,MONDO_grouped,HGNC:5270,DNAJB1,DnaJ heat shock protein family (Hsp40) member B1,P25685,mapped
1786,DNMT1,NCBI,4985_693_24613_1866,bipolar disorder,MONDO_grouped,HGNC:2976,DNMT1,DNA methyltransferase 1,P26358,mapped
23348,DOCK9,NCBI,4985_693_24613_1866,bipolar disorder,MONDO_grouped,HGNC:14132,DOCK9,dedicator of cytokinesis 9,Q9BZ29,mapped
55816,DOK5,NCBI,4985_693_24613_1866,bipolar disorder,MONDO_grouped,HGNC:16173,DOK5,docking protein 5,Q9P104,mapped
1808,DPYSL2,NCBI,4985_693_24613_1866,bipolar disorder,MONDO_grouped,HGNC:3014,DPYSL2,dihydropyrimidinase like 2,Q16555,mapped
1812,DRD1,NCBI,4985_693_24613_1866,bipolar disorder,MONDO_grouped,HGNC:3020,DRD1,dopamine receptor D1,P21728,mapped
1813,DRD2,NCBI,4985_693_24613_1866,bipolar disorder,MONDO_grouped,HGNC:3023,DRD2,dopamine receptor D2,P14416,mapped
1814,DRD3,NCBI,4985_693_24613_1866,bipolar disorder,MONDO_grouped,HGNC:3024,DRD3,dopamine receptor D3,P35462,mapped
1815,DRD4,NCBI,4985_693_24613_1866,bipolar disorder,MONDO_grouped,HGNC:3025,DRD4,dopamine receptor D4,P21917,mapped
1816,DRD5,NCBI,4985_693_24613_1866,bipolar disorder,MONDO_grouped,HGNC:3026,DRD5,dopamine receptor D5,P21918,mapped
1826,DSCAM,NCBI,4985_693_24613_1866,bipolar disorder,MONDO_grouped,HGNC:3039,DSCAM,DS cell adhesion molecule,O60469,mapped
84062,DTNBP1,NCBI,4985_693_24613_1866,bipolar disorder,MONDO_grouped,HGNC:17328,DTNBP1,dystrobrevin binding protein 1,Q96EV8,mapped
1848,DUSP6,NCBI,4985_693_24613_1866,bipolar disorder,MONDO_grouped,HGNC:3072,DUSP6,dual specificity phosphatase 6,Q16828,mapped
1906,EDN1,NCBI,4985_693_24613_1866,bipolar disorder,MONDO_grouped,HGNC:3176,EDN1,endothelin 1,P05305,mapped
1959,EGR2,NCBI,4985_693_24613_1866,bipolar disorder,MONDO_grouped,HGNC:3239,EGR2,early growth response 2,P11161,mapped
1960,EGR3,NCBI,4985_693_24613_1866,bipolar disorder,MONDO_grouped,HGNC:3240,EGR3,early growth response 3,Q06889,mapped
1962,EHHADH,NCBI,4985_693_24613_1866,bipolar disorder,MONDO_grouped,HGNC:3247,EHHADH,enoyl-CoA hydratase and 3-hydroxyacyl CoA dehydrogenase,Q08426,mapped
2065,ERBB3,NCBI,4985_693_24613_1866,bipolar disorder,MONDO_grouped,HGNC:3431,ERBB3,erb-b2 receptor tyrosine kinase 3,P21860,mapped
2066,ERBB4,NCBI,4985_693_24613_1866,bipolar disorder,MONDO_grouped,HGNC:3432,ERBB4,erb-b2 receptor tyrosine kinase 4,Q15303,mapped
30816,ERVW-1,NCBI,4985_693_24613_1866,bipolar disorder,MONDO_grouped,HGNC:13525,ERVW-1,"endogenous retrovirus group W member 1, envelope",Q9UQF0,mapped
2099,ESR1,NCBI,4985_693_24613_1866,bipolar disorder,MONDO_grouped,HGNC:3467,ESR1,estrogen receptor 1,P03372,mapped
2158,F9,NCBI,4985_693_24613_1866,bipolar disorder,MONDO_grouped,HGNC:3551,F9,coagulation factor IX,P00740,mapped
2173,FABP7,NCBI,4985_693_24613_1866,bipolar disorder,MONDO_grouped,HGNC:3562,FABP7,fatty acid binding protein 7,O15540,mapped
9415,FADS2,NCBI,4985_693_24613_1866,bipolar disorder,MONDO_grouped,HGNC:3575,FADS2,fatty acid desaturase 2,O95864,mapped
26224,FBXL3,NCBI,4985_693_24613_1866,bipolar disorder,MONDO_grouped,HGNC:13599,FBXL3,F-box and leucine rich repeat protein 3,Q9UKT7,mapped
8822,FGF17,NCBI,4985_693_24613_1866,bipolar disorder,MONDO_grouped,HGNC:3673,FGF17,fibroblast growth factor 17,O60258,mapped
26281,FGF20,NCBI,4985_693_24613_1866,bipolar disorder,MONDO_grouped,HGNC:3677,FGF20,fibroblast growth factor 20,Q9NP95,mapped
2260,FGFR1,NCBI,4985_693_24613_1866,bipolar disorder,MONDO_grouped,HGNC:3688,FGFR1,fibroblast growth factor receptor 1,P11362,mapped
2263,FGFR2,NCBI,4985_693_24613_1866,bipolar disorder,MONDO_grouped,HGNC:3689,FGFR2,fibroblast growth factor receptor 2,P21802,mapped
2289,FKBP5,NCBI,4985_693_24613_1866,bipolar disorder,MONDO_grouped,HGNC:3721,FKBP5,FKBP prolyl isomerase 5,Q13451,mapped
50943,FOXP3,NCBI,4985_693_24613_1866,bipolar disorder,MONDO_grouped,HGNC:6106,FOXP3,forkhead box P3,Q9BZS1,mapped
166752,FREM3,NCBI,4985_693_24613_1866,bipolar disorder,MONDO_grouped,HGNC:25172,FREM3,FRAS1 related extracellular matrix 3,P0C091,mapped
56884,FSTL5,NCBI,4985_693_24613_1866,bipolar disorder,MONDO_grouped,HGNC:21386,FSTL5,follistatin like 5,Q8N475,mapped
2534,FYN,NCBI,4985_693_24613_1866,bipolar disorder,MONDO_grouped,HGNC:4037,FYN,"FYN proto-oncogene, Src family tyrosine kinase",P06241,mapped
8322,FZD4,NCBI,4985_693_24613_1866,bipolar disorder,MONDO_grouped,HGNC:4042,FZD4,frizzled class receptor 4,Q9ULV1,mapped
2539,G6PD,NCBI,4985_693_24613_1866,bipolar disorder,MONDO_grouped,HGNC:4057,G6PD,glucose-6-phosphate dehydrogenase,P11413,mapped
2554,GABRA1,NCBI,4985_693_24613_1866,bipolar disorder,MONDO_grouped,HGNC:4075,GABRA1,gamma-aminobutyric acid type A receptor subunit alpha1,P14867,mapped
2556,GABRA3,NCBI,4985_693_24613_1866,bipolar disorder,MONDO_grouped,HGNC:4077,GABRA3,gamma-aminobutyric acid type A receptor subunit alpha3,P34903,mapped
2558,GABRA5,NCBI,4985_693_24613_1866,bipolar disorder,MONDO_grouped,HGNC:4079,GABRA5,gamma-aminobutyric acid type A receptor subunit alpha5,P31644,mapped
2560,GABRB1,NCBI,4985_693_24613_1866,bipolar disorder,MONDO_grouped,HGNC:4081,GABRB1,gamma-aminobutyric acid type A receptor subunit beta1,P18505,mapped
2561,GABRB2,NCBI,4985_693_24613_1866,bipolar disorder,MONDO_grouped,HGNC:4082,GABRB2,gamma-aminobutyric acid type A receptor subunit beta2,P47870,mapped
2562,GABRB3,NCBI,4985_693_24613_1866,bipolar disorder,MONDO_grouped,HGNC:4083,GABRB3,gamma-aminobutyric acid type A receptor subunit beta3,P28472,mapped
2565,GABRG1,NCBI,4985_693_24613_1866,bipolar disorder,MONDO_grouped,HGNC:4086,GABRG1,gamma-aminobutyric acid type A receptor subunit gamma1,Q8N1C3,mapped
2569,GABRR1,NCBI,4985_693_24613_1866,bipolar disorder,MONDO_grouped,HGNC:4090,GABRR1,gamma-aminobutyric acid type A receptor subunit rho1,P24046,mapped
2570,GABRR2,NCBI,4985_693_24613_1866,bipolar disorder,MONDO_grouped,HGNC:4091,GABRR2,gamma-aminobutyric acid type A receptor subunit rho2,P28476,mapped
2571,GAD1,NCBI,4985_693_24613_1866,bipolar disorder,MONDO_grouped,HGNC:4092,GAD1,glutamate decarboxylase 1,Q99259,mapped
2572,GAD2,NCBI,4985_693_24613_1866,bipolar disorder,MONDO_grouped,HGNC:4093,GAD2,glutamate decarboxylase 2,Q05329,mapped
339896,GADL1,NCBI,4985_693_24613_1866,bipolar disorder,MONDO_grouped,HGNC:27949,GADL1,GAD like acidic amino acid decarboxylase 1,Q6ZQY3,mapped
51083,GAL,NCBI,4985_693_24613_1866,bipolar disorder,MONDO_grouped,HGNC:4114,GAL,galanin and GMAP prepropeptide,P22466,mapped
2587,GALR1,NCBI,4985_693_24613_1866,bipolar disorder,MONDO_grouped,HGNC:4132,GALR1,galanin receptor 1,P47211,mapped
8811,GALR2,NCBI,4985_693_24613_1866,bipolar disorder,MONDO_grouped,HGNC:4133,GALR2,galanin receptor 2,O43603,mapped
8484,GALR3,NCBI,4985_693_24613_1866,bipolar disorder,MONDO_grouped,HGNC:4134,GALR3,galanin receptor 3,O60755,mapped
2596,GAP43,NCBI,4985_693_24613_1866,bipolar disorder,MONDO_grouped,HGNC:4140,GAP43,growth associated protein 43,P17677,mapped
2668,GDNF,NCBI,4985_693_24613_1866,bipolar disorder,MONDO_grouped,HGNC:4232,GDNF,glial cell derived neurotrophic factor,P39905,mapped
2670,GFAP,NCBI,4985_693_24613_1866,bipolar disorder,MONDO_grouped,HGNC:4235,GFAP,glial fibrillary acidic protein,P14136,mapped
2739,GLO1,NCBI,4985_693_24613_1866,bipolar disorder,MONDO_grouped,HGNC:4323,GLO1,glyoxalase I,Q04760,mapped
10249,GLYAT,NCBI,4985_693_24613_1866,bipolar disorder,MONDO_grouped,HGNC:13734,GLYAT,glycine-N-acyltransferase,Q6IB77,mapped
2774,GNAL,NCBI,4985_693_24613_1866,bipolar disorder,MONDO_grouped,HGNC:4388,GNAL,G protein subunit alpha L,P38405,mapped
54584,GNB1L,NCBI,4985_693_24613_1866,bipolar disorder,MONDO_grouped,HGNC:4397,GNB1L,G protein subunit beta 1 like,Q9BYB4,mapped
2784,GNB3,NCBI,4985_693_24613_1866,bipolar disorder,MONDO_grouped,HGNC:4400,GNB3,G protein subunit beta 3,P16520,mapped
9248,GPR50,NCBI,4985_693_24613_1866,bipolar disorder,MONDO_grouped,HGNC:4506,GPR50,G protein-coupled receptor 50,Q13585,mapped
27201,GPR78,NCBI,4985_693_24613_1866,bipolar disorder,MONDO_grouped,HGNC:4528,GPR78,G protein-coupled receptor 78,Q96P69,mapped
55507,GPRC5D,NCBI,4985_693_24613_1866,bipolar disorder,MONDO_grouped,HGNC:13310,GPRC5D,G protein-coupled receptor class C group 5 member D,Q9NZD1,mapped
2890,GRIA1,NCBI,4985_693_24613_1866,bipolar disorder,MONDO_grouped,HGNC:4571,GRIA1,glutamate ionotropic receptor AMPA type subunit 1,P42261,mapped
2891,GRIA2,NCBI,4985_693_24613_1866,bipolar disorder,MONDO_grouped,HGNC:4572,GRIA2,glutamate ionotropic receptor AMPA type subunit 2,P42262,mapped
2892,GRIA3,NCBI,4985_693_24613_1866,bipolar disorder,MONDO_grouped,HGNC:4573,GRIA3,glutamate ionotropic receptor AMPA type subunit 3,P42263,mapped
2894,GRID1,NCBI,4985_693_24613_1866,bipolar disorder,MONDO_grouped,HGNC:4575,GRID1,glutamate ionotropic receptor delta type subunit 1,Q9ULK0,mapped
2897,GRIK1,NCBI,4985_693_24613_1866,bipolar disorder,MONDO_grouped,HGNC:4579,GRIK1,glutamate ionotropic receptor kainate type subunit 1,P39086,mapped
2898,GRIK2,NCBI,4985_693_24613_1866,bipolar disorder,MONDO_grouped,HGNC:4580,GRIK2,glutamate ionotropic receptor kainate type subunit 2,Q13002,mapped
2900,GRIK4,NCBI,4985_693_24613_1866,bipolar disorder,MONDO_grouped,HGNC:4582,GRIK4,glutamate ionotropic receptor kainate type subunit 4,Q16099,mapped
2901,GRIK5,NCBI,4985_693_24613_1866,bipolar disorder,MONDO_grouped,HGNC:4583,GRIK5,glutamate ionotropic receptor kainate type subunit 5,Q16478,mapped
2902,GRIN1,NCBI,4985_693_24613_1866,bipolar disorder,MONDO_grouped,HGNC:4584,GRIN1,glutamate ionotropic receptor NMDA type subunit 1,Q05586,mapped
2903,GRIN2A,NCBI,4985_693_24613_1866,bipolar disorder,MONDO_grouped,HGNC:4585,GRIN2A,glutamate ionotropic receptor NMDA type subunit 2A,Q12879,mapped
2904,GRIN2B,NCBI,4985_693_24613_1866,bipolar disorder,MONDO_grouped,HGNC:4586,GRIN2B,glutamate ionotropic receptor NMDA type subunit 2B,Q13224,mapped
116443,GRIN3A,NCBI,4985_693_24613_1866,bipolar disorder,MONDO_grouped,HGNC:16767,GRIN3A,glutamate ionotropic receptor NMDA type subunit 3A,Q8TCU5,mapped
157,GRK3,NCBI,4985_693_24613_1866,bipolar disorder,MONDO_grouped,HGNC:290,GRK3,G protein-coupled receptor kinase 3,P35626,mapped
2913,GRM3,NCBI,4985_693_24613_1866,bipolar disorder,MONDO_grouped,HGNC:4595,GRM3,glutamate metabotropic receptor 3,Q14832,mapped
2914,GRM4,NCBI,4985_693_24613_1866,bipolar disorder,MONDO_grouped,HGNC:4596,GRM4,glutamate metabotropic receptor 4,Q14833,mapped
2915,GRM5,NCBI,4985_693_24613_1866,bipolar disorder,MONDO_grouped,HGNC:4597,GRM5,glutamate metabotropic receptor 5,P41594,mapped
2917,GRM7,NCBI,4985_693_24613_1866,bipolar disorder,MONDO_grouped,HGNC:4599,GRM7,glutamate metabotropic receptor 7,Q14831,mapped
2896,GRN,NCBI,4985_693_24613_1866,bipolar disorder,MONDO_grouped,HGNC:4601,GRN,granulin precursor,P28799,mapped
2931,GSK3A,NCBI,4985_693_24613_1866,bipolar disorder,MONDO_grouped,HGNC:4616,GSK3A,glycogen synthase kinase 3 alpha,P49840,mapped
2932,GSK3B,NCBI,4985_693_24613_1866,bipolar disorder,MONDO_grouped,HGNC:4617,GSK3B,glycogen synthase kinase 3 beta,P49841,mapped
2944,GSTM1,NCBI,4985_693_24613_1866,bipolar disorder,MONDO_grouped,HGNC:4632,GSTM1,glutathione S-transferase mu 1,P09488,mapped
2952,GSTT1,NCBI,4985_693_24613_1866,bipolar disorder,MONDO_grouped,HGNC:4641,GSTT1,glutathione S-transferase theta 1,P30711,mapped
2954,GSTZ1,NCBI,4985_693_24613_1866,bipolar disorder,MONDO_grouped,HGNC:4643,GSTZ1,glutathione S-transferase zeta 1,O43708,mapped
8843,HCAR3,NCBI,4985_693_24613_1866,bipolar disorder,MONDO_grouped,HGNC:16824,HCAR3,hydroxycarboxylic acid receptor 3,P49019,mapped
10014,HDAC5,NCBI,4985_693_24613_1866,bipolar disorder,MONDO_grouped,HGNC:14068,HDAC5,histone deacetylase 5,Q9UQL6,mapped
3091,HIF1A,NCBI,4985_693_24613_1866,bipolar disorder,MONDO_grouped,HGNC:4910,HIF1A,hypoxia inducible factor 1 subunit alpha,Q16665,mapped
3094,HINT1,NCBI,4985_693_24613_1866,bipolar disorder,MONDO_grouped,HGNC:4912,HINT1,histidine triad nucleotide binding protein 1,P49773,mapped
9026,HIP1R,NCBI,4985_693_24613_1866,bipolar disorder,MONDO_grouped,HGNC:18415,HIP1R,huntingtin interacting protein 1 related,O75146,mapped
3123,HLA-DRB1,NCBI,4985_693_24613_1866,bipolar disorder,MONDO_grouped,HGNC:4948,HLA-DRB1,"major histocompatibility complex, class II, DR beta 1",P01911,mapped
3126,HLA-DRB4,NCBI,4985_693_24613_1866,bipolar disorder,MONDO_grouped,HGNC:4952,HLA-DRB4,"major histocompatibility complex, class II, DR beta 4",P13762,mapped
3133,HLA-E,NCBI,4985_693_24613_1866,bipolar disorder,MONDO_grouped,HGNC:4962,HLA-E,"major histocompatibility complex, class I, E",P13747,mapped
3135,HLA-G,NCBI,4985_693_24613_1866,bipolar disorder,MONDO_grouped,HGNC:4964,HLA-G,"major histocompatibility complex, class I, G",P17693,mapped
10042,HMGXB4,NCBI,4985_693_24613_1866,bipolar disorder,MONDO_grouped,HGNC:5003,HMGXB4,HMG-box containing 4,Q9UGU5,mapped
27306,HPGDS,NCBI,4985_693_24613_1866,bipolar disorder,MONDO_grouped,HGNC:17890,HPGDS,hematopoietic prostaglandin D synthase,O60760,mapped
7184,HSP90B1,NCBI,4985_693_24613_1866,bipolar disorder,MONDO_grouped,HGNC:12028,HSP90B1,heat shock protein 90 beta family member 1,P14625,mapped
3308,HSPA4,NCBI,4985_693_24613_1866,bipolar disorder,MONDO_grouped,HGNC:5237,HSPA4,heat shock protein family A (Hsp70) member 4,P34932,mapped
3309,HSPA5,NCBI,4985_693_24613_1866,bipolar disorder,MONDO_grouped,HGNC:5238,HSPA5,heat shock protein family A (Hsp70) member 5,P11021,mapped
3350,HTR1A,NCBI,4985_693_24613_1866,bipolar disorder,MONDO_grouped,HGNC:5286,HTR1A,5-hydroxytryptamine receptor 1A,P08908,mapped
3351,HTR1B,NCBI,4985_693_24613_1866,bipolar disorder,MONDO_grouped,HGNC:5287,HTR1B,5-hydroxytryptamine receptor 1B,P28222,mapped
3356,HTR2A,NCBI,4985_693_24613_1866,bipolar disorder,MONDO_grouped,HGNC:5293,HTR2A,5-hydroxytryptamine receptor 2A,P28223,mapped
3358,HTR2C,NCBI,4985_693_24613_1866,bipolar disorder,MONDO_grouped,HGNC:5295,HTR2C,5-hydroxytryptamine receptor 2C,P28335,mapped
3359,HTR3A,NCBI,4985_693_24613_1866,bipolar disorder,MONDO_grouped,HGNC:5297,HTR3A,5-hydroxytryptamine receptor 3A,P46098,mapped
9177,HTR3B,NCBI,4985_693_24613_1866,bipolar disorder,MONDO_grouped,HGNC:5298,HTR3B,5-hydroxytryptamine receptor 3B,O95264,mapped
3360,HTR4,NCBI,4985_693_24613_1866,bipolar disorder,MONDO_grouped,HGNC:5299,HTR4,5-hydroxytryptamine receptor 4,Q13639,mapped
3361,HTR5A,NCBI,4985_693_24613_1866,bipolar disorder,MONDO_grouped,HGNC:5300,HTR5A,5-hydroxytryptamine receptor 5A,P47898,mapped
10964,IFI44L,NCBI,4985_693_24613_1866,bipolar disorder,MONDO_grouped,HGNC:17817,IFI44L,interferon induced protein 44 like,Q53G44,mapped
2537,IFI6,NCBI,4985_693_24613_1866,bipolar disorder,MONDO_grouped,HGNC:4054,IFI6,interferon alpha inducible protein 6,P09912,mapped
3439,IFNA1,NCBI,4985_693_24613_1866,bipolar disorder,MONDO_grouped,HGNC:5417,IFNA1,interferon alpha 1,P0DY56,mapped
3458,IFNG,NCBI,4985_693_24613_1866,bipolar disorder,MONDO_grouped,HGNC:5438,IFNG,interferon gamma,P01579,mapped
11020,IFT27,NCBI,4985_693_24613_1866,bipolar disorder,MONDO_grouped,HGNC:18626,IFT27,intraflagellar transport 27,Q9BW83,mapped
3479,IGF1,NCBI,4985_693_24613_1866,bipolar disorder,MONDO_grouped,HGNC:5464,IGF1,insulin like growth factor 1,P05019,mapped
3485,IGFBP2,NCBI,4985_693_24613_1866,bipolar disorder,MONDO_grouped,HGNC:5471,IGFBP2,insulin like growth factor binding protein 2,P18065,mapped
3553,IL1B,NCBI,4985_693_24613_1866,bipolar disorder,MONDO_grouped,HGNC:5992,IL1B,interleukin 1 beta,P01584,mapped
3557,IL1RN,NCBI,4985_693_24613_1866,bipolar disorder,MONDO_grouped,HGNC:6000,IL1RN,interleukin 1 receptor antagonist,P18510,mapped
3558,IL2,NCBI,4985_693_24613_1866,bipolar disorder,MONDO_grouped,HGNC:6001,IL2,interleukin 2,P60568,mapped
3560,IL2RB,NCBI,4985_693_24613_1866,bipolar disorder,MONDO_grouped,HGNC:6009,IL2RB,interleukin 2 receptor subunit beta,P14784,mapped
3569,IL6,NCBI,4985_693_24613_1866,bipolar disorder,MONDO_grouped,HGNC:6018,IL6,interleukin 6,P05231,mapped
3612,IMPA1,NCBI,4985_693_24613_1866,bipolar disorder,MONDO_grouped,HGNC:6050,IMPA1,inositol monophosphatase 1,P29218,mapped
3613,IMPA2,NCBI,4985_693_24613_1866,bipolar disorder,MONDO_grouped,HGNC:6051,IMPA2,inositol monophosphatase 2,O14732,mapped
55364,IMPACT,NCBI,4985_693_24613_1866,bipolar disorder,MONDO_grouped,HGNC:20387,IMPACT,impact RWD domain protein,Q9P2X3,mapped
3628,INPP1,NCBI,4985_693_24613_1866,bipolar disorder,MONDO_grouped,HGNC:6071,INPP1,inositol polyphosphate-1-phosphatase,P49441,mapped
3630,INS,NCBI,4985_693_24613_1866,bipolar disorder,MONDO_grouped,HGNC:6081,INS,insulin,P01308,mapped
9636,ISG15,NCBI,4985_693_24613_1866,bipolar disorder,MONDO_grouped,HGNC:4053,ISG15,ISG15 ubiquitin like modifier,P05161,mapped
3680,ITGA9,NCBI,4985_693_24613_1866,bipolar disorder,MONDO_grouped,HGNC:6145,ITGA9,integrin subunit alpha 9,Q13797,mapped
3684,ITGAM,NCBI,4985_693_24613_1866,bipolar disorder,MONDO_grouped,HGNC:6149,ITGAM,integrin subunit alpha M,P11215,mapped
3697,ITIH1,NCBI,4985_693_24613_1866,bipolar disorder,MONDO_grouped,HGNC:6166,ITIH1,inter-alpha-trypsin inhibitor heavy chain 1,P19827,mapped
3699,ITIH3,NCBI,4985_693_24613_1866,bipolar disorder,MONDO_grouped,HGNC:6168,ITIH3,inter-alpha-trypsin inhibitor heavy chain 3,Q06033,mapped
3700,ITIH4,NCBI,4985_693_24613_1866,bipolar disorder,MONDO_grouped,HGNC:6169,ITIH4,inter-alpha-trypsin inhibitor heavy chain 4,Q14624,mapped
3708,ITPR1,NCBI,4985_693_24613_1866,bipolar disorder,MONDO_grouped,HGNC:6180,ITPR1,"inositol 1,4,5-trisphosphate receptor type 1",Q14643,mapped
23522,KAT6B,NCBI,4985_693_24613_1866,bipolar disorder,MONDO_grouped,HGNC:17582,KAT6B,lysine acetyltransferase 6B,Q8WYB5,mapped
3782,KCNN3,NCBI,4985_693_24613_1866,bipolar disorder,MONDO_grouped,HGNC:6292,KCNN3,potassium calcium-activated channel subfamily N member 3,Q9UGI6,mapped
3785,KCNQ2,NCBI,4985_693_24613_1866,bipolar disorder,MONDO_grouped,HGNC:6296,KCNQ2,potassium voltage-gated channel subfamily Q member 2,O43526,mapped
3786,KCNQ3,NCBI,4985_693_24613_1866,bipolar disorder,MONDO_grouped,HGNC:6297,KCNQ3,potassium voltage-gated channel subfamily Q member 3,O43525,mapped
115207,KCTD12,NCBI,4985_693_24613_1866,bipolar disorder,MONDO_grouped,HGNC:14678,KCTD12,potassium channel tetramerization domain containing 12,Q96CX2,mapped
11202,KLK8,NCBI,4985_693_24613_1866,bipolar disorder,MONDO_grouped,HGNC:6369,KLK8,kallikrein related peptidase 8,O60259,mapped
8564,KMO,NCBI,4985_693_24613_1866,bipolar disorder,MONDO_grouped,HGNC:6381,KMO,kynurenine 3-monooxygenase,O15229,mapped
23395,LARS2,NCBI,4985_693_24613_1866,bipolar disorder,MONDO_grouped,HGNC:17095,LARS2,"leucyl-tRNA synthetase 2, mitochondrial",Q15031,mapped
10660,LBX1,NCBI,4985_693_24613_1866,bipolar disorder,MONDO_grouped,HGNC:16960,LBX1,ladybird homeobox 1,P52954,mapped
3939,LDHA,NCBI,4985_693_24613_1866,bipolar disorder,MONDO_grouped,HGNC:6535,LDHA,lactate dehydrogenase A,P00338,mapped
64211,LHX5,NCBI,4985_693_24613_1866,bipolar disorder,MONDO_grouped,HGNC:14216,LHX5,LIM homeobox 5,Q9H2C1,mapped
81562,LMAN2L,NCBI,4985_693_24613_1866,bipolar disorder,MONDO_grouped,HGNC:19263,LMAN2L,"lectin, mannose binding 2 like",Q9H0V9,mapped
9223,MAGI1,NCBI,4985_693_24613_1866,bipolar disorder,MONDO_grouped,HGNC:946,MAGI1,"membrane associated guanylate kinase, WW and PDZ domain containing 1",Q96QZ7,mapped
9863,MAGI2,NCBI,4985_693_24613_1866,bipolar disorder,MONDO_grouped,HGNC:18957,MAGI2,"membrane associated guanylate kinase, WW and PDZ domain containing 2",Q86UL8,mapped
4128,MAOA,NCBI,4985_693_24613_1866,bipolar disorder,MONDO_grouped,HGNC:6833,MAOA,monoamine oxidase A,P21397,mapped
4129,MAOB,NCBI,4985_693_24613_1866,bipolar disorder,MONDO_grouped,HGNC:6834,MAOB,monoamine oxidase B,P27338,mapped
4133,MAP2,NCBI,4985_693_24613_1866,bipolar disorder,MONDO_grouped,HGNC:6839,MAP2,microtubule associated protein 2,P11137,mapped
5594,MAPK1,NCBI,4985_693_24613_1866,bipolar disorder,MONDO_grouped,HGNC:6871,MAPK1,mitogen-activated protein kinase 1,P28482,mapped
55777,MBD5,NCBI,4985_693_24613_1866,bipolar disorder,MONDO_grouped,HGNC:20444,MBD5,methyl-CpG binding domain protein 5,Q9P267,mapped
4153,MBL2,NCBI,4985_693_24613_1866,bipolar disorder,MONDO_grouped,HGNC:6922,MBL2,mannose binding lectin 2,P11226,mapped
4158,MC2R,NCBI,4985_693_24613_1866,bipolar disorder,MONDO_grouped,HGNC:6930,MC2R,melanocortin 2 receptor,Q01718,mapped
2847,MCHR1,NCBI,4985_693_24613_1866,bipolar disorder,MONDO_grouped,HGNC:4479,MCHR1,melanin concentrating hormone receptor 1,Q99705,mapped
84539,MCHR2,NCBI,4985_693_24613_1866,bipolar disorder,MONDO_grouped,HGNC:20867,MCHR2,melanin concentrating hormone receptor 2,Q969V1,mapped
266727,MDGA1,NCBI,4985_693_24613_1866,bipolar disorder,MONDO_grouped,HGNC:19267,MDGA1,MAM domain containing glycosylphosphatidylinositol anchor 1,Q8NFP4,mapped
4200,ME2,NCBI,4985_693_24613_1866,bipolar disorder,MONDO_grouped,HGNC:6984,ME2,malic enzyme 2,P23368,mapped
4240,MFGE8,NCBI,4985_693_24613_1866,bipolar disorder,MONDO_grouped,HGNC:7036,MFGE8,milk fat globule EGF and factor V/VIII domain containing,Q08431,mapped
23209,MLC1,NCBI,4985_693_24613_1866,bipolar disorder,MONDO_grouped,HGNC:17082,MLC1,modulator of VRAC current 1,Q15049,mapped
4300,MLLT3,NCBI,4985_693_24613_1866,bipolar disorder,MONDO_grouped,HGNC:7136,MLLT3,MLLT3 super elongation complex subunit,P42568,mapped
4319,MMP10,NCBI,4985_693_24613_1866,bipolar disorder,MONDO_grouped,HGNC:7156,MMP10,matrix metallopeptidase 10,P09238,mapped
4318,MMP9,NCBI,4985_693_24613_1866,bipolar disorder,MONDO_grouped,HGNC:7176,MMP9,matrix metallopeptidase 9,P14780,mapped
4353,MPO,NCBI,4985_693_24613_1866,bipolar disorder,MONDO_grouped,HGNC:7218,MPO,myeloperoxidase,P05164,mapped
65258,MPPE1,NCBI,4985_693_24613_1866,bipolar disorder,MONDO_grouped,HGNC:15988,MPPE1,metallophosphoesterase 1,Q53F39,mapped
51650,MRPS33,NCBI,4985_693_24613_1866,bipolar disorder,MONDO_grouped,HGNC:16634,MRPS33,mitochondrial ribosomal protein S33,Q9Y291,mapped
4522,MTHFD1,NCBI,4985_693_24613_1866,bipolar disorder,MONDO_grouped,HGNC:7432,MTHFD1,"methylenetetrahydrofolate dehydrogenase, cyclohydrolase and formyltetrahydrofolate synthetase 1",P11586,mapped
4524,MTHFR,NCBI,4985_693_24613_1866,bipolar disorder,MONDO_grouped,HGNC:7436,MTHFR,methylenetetrahydrofolate reductase,P42898,mapped
4548,MTR,NCBI,4985_693_24613_1866,bipolar disorder,MONDO_grouped,HGNC:7468,MTR,5-methyltetrahydrofolate-homocysteine methyltransferase,Q99707,mapped
8774,NAPG,NCBI,4985_693_24613_1866,bipolar disorder,MONDO_grouped,HGNC:7642,NAPG,NSF attachment protein gamma,Q99747,mapped
4684,NCAM1,NCBI,4985_693_24613_1866,bipolar disorder,MONDO_grouped,HGNC:7656,NCAM1,neural cell adhesion molecule 1,P13591,mapped
1463,NCAN,NCBI,4985_693_24613_1866,bipolar disorder,MONDO_grouped,HGNC:2465,NCAN,neurocan,O14594,mapped
23413,NCS1,NCBI,4985_693_24613_1866,bipolar disorder,MONDO_grouped,HGNC:3953,NCS1,neuronal calcium sensor 1,P62166,mapped
4535,ND1,NCBI,4985_693_24613_1866,bipolar disorder,MONDO_grouped,HGNC:7455,MT-ND1,mitochondrially encoded NADH:ubiquinone oxidoreductase core subunit 1,P03886,mapped
9348,NDST3,NCBI,4985_693_24613_1866,bipolar disorder,MONDO_grouped,HGNC:7682,NDST3,N-deacetylase and N-sulfotransferase 3,O95803,mapped
4723,NDUFV1,NCBI,4985_693_24613_1866,bipolar disorder,MONDO_grouped,HGNC:7716,NDUFV1,NADH:ubiquinone oxidoreductase core subunit V1,P49821,mapped
4729,NDUFV2,NCBI,4985_693_24613_1866,bipolar disorder,MONDO_grouped,HGNC:7717,NDUFV2,NADH:ubiquinone oxidoreductase core subunit V2,P19404,mapped
4731,NDUFV3,NCBI,4985_693_24613_1866,bipolar disorder,MONDO_grouped,HGNC:7719,NDUFV3,NADH:ubiquinone oxidoreductase subunit V3,P56181,mapped
4734,NEDD4,NCBI,4985_693_24613_1866,bipolar disorder,MONDO_grouped,HGNC:7727,NEDD4,NEDD4 E3 ubiquitin protein ligase,P46934,mapped
4747,NEFL,NCBI,4985_693_24613_1866,bipolar disorder,MONDO_grouped,HGNC:7739,NEFL,neurofilament light chain,P07196,mapped
4741,NEFM,NCBI,4985_693_24613_1866,bipolar disorder,MONDO_grouped,HGNC:7734,NEFM,neurofilament medium chain,P07197,mapped
6787,NEK4,NCBI,4985_693_24613_1866,bipolar disorder,MONDO_grouped,HGNC:11399,NEK4,NIMA related kinase 4,P51957,mapped
4784,NFIX,NCBI,4985_693_24613_1866,bipolar disorder,MONDO_grouped,HGNC:7788,NFIX,nuclear factor I X,Q14938,mapped
22871,NLGN1,NCBI,4985_693_24613_1866,bipolar disorder,MONDO_grouped,HGNC:14291,NLGN1,neuroligin 1,Q8N2Q7,mapped
4837,NNMT,NCBI,4985_693_24613_1866,bipolar disorder,MONDO_grouped,HGNC:7861,NNMT,nicotinamide N-methyltransferase,P40261,mapped
64127,NOD2,NCBI,4985_693_24613_1866,bipolar disorder,MONDO_grouped,HGNC:5331,NOD2,nucleotide binding oligomerization domain containing 2,Q9HC29,mapped
4846,NOS3,NCBI,4985_693_24613_1866,bipolar disorder,MONDO_grouped,HGNC:7876,NOS3,nitric oxide synthase 3,P29474,mapped
4855,NOTCH4,NCBI,4985_693_24613_1866,bipolar disorder,MONDO_grouped,HGNC:7884,NOTCH4,notch receptor 4,Q99466,mapped
4862,NPAS2,NCBI,4985_693_24613_1866,bipolar disorder,MONDO_grouped,HGNC:7895,NPAS2,neuronal PAS domain protein 2,Q99743,mapped
64067,NPAS3,NCBI,4985_693_24613_1866,bipolar disorder,MONDO_grouped,HGNC:19311,NPAS3,neuronal PAS domain protein 3,Q8IXF0,mapped
266743,NPAS4,NCBI,4985_693_24613_1866,bipolar disorder,MONDO_grouped,HGNC:18983,NPAS4,neuronal PAS domain protein 4,Q8IUM7,mapped
9572,NR1D1,NCBI,4985_693_24613_1866,bipolar disorder,MONDO_grouped,HGNC:7962,NR1D1,nuclear receptor subfamily 1 group D member 1,P20393,mapped
7101,NR2E1,NCBI,4985_693_24613_1866,bipolar disorder,MONDO_grouped,HGNC:7973,NR2E1,nuclear receptor subfamily 2 group E member 1,Q9Y466,mapped
2908,NR3C1,NCBI,4985_693_24613_1866,bipolar disorder,MONDO_grouped,HGNC:7978,NR3C1,nuclear receptor subfamily 3 group C member 1,P04150,mapped
3164,NR4A1,NCBI,4985_693_24613_1866,bipolar disorder,MONDO_grouped,HGNC:7980,NR4A1,nuclear receptor subfamily 4 group A member 1,P22736,mapped
4929,NR4A2,NCBI,4985_693_24613_1866,bipolar disorder,MONDO_grouped,HGNC:7981,NR4A2,nuclear receptor subfamily 4 group A member 2,P43354,mapped
3084,NRG1,NCBI,4985_693_24613_1866,bipolar disorder,MONDO_grouped,HGNC:7997,NRG1,neuregulin 1,Q02297,mapped
10718,NRG3,NCBI,4985_693_24613_1866,bipolar disorder,MONDO_grouped,HGNC:7999,NRG3,neuregulin 3,P56975,mapped
4900,NRGN,NCBI,4985_693_24613_1866,bipolar disorder,MONDO_grouped,HGNC:8000,NRGN,neurogranin,Q92686,mapped
9378,NRXN1,NCBI,4985_693_24613_1866,bipolar disorder,MONDO_grouped,HGNC:8008,NRXN1,neurexin 1,P58400,mapped
9378,NRXN1,NCBI,4985_693_24613_1866,bipolar disorder,MONDO_grouped,HGNC:8008,NRXN1,neurexin 1,Q9ULB1,mapped
9369,NRXN3,NCBI,4985_693_24613_1866,bipolar disorder,MONDO_grouped,HGNC:8010,NRXN3,neurexin 3,Q9HDB5,mapped
9369,NRXN3,NCBI,4985_693_24613_1866,bipolar disorder,MONDO_grouped,HGNC:8010,NRXN3,neurexin 3,Q9Y4C0,mapped
22854,NTNG1,NCBI,4985_693_24613_1866,bipolar disorder,MONDO_grouped,HGNC:23319,NTNG1,netrin G1,Q9Y2I2,mapped
84628,NTNG2,NCBI,4985_693_24613_1866,bipolar disorder,MONDO_grouped,HGNC:14288,NTNG2,netrin G2,Q96CW9,mapped
4914,NTRK1,NCBI,4985_693_24613_1866,bipolar disorder,MONDO_grouped,HGNC:8031,NTRK1,neurotrophic receptor tyrosine kinase 1,P04629,mapped
4915,NTRK2,NCBI,4985_693_24613_1866,bipolar disorder,MONDO_grouped,HGNC:8032,NTRK2,neurotrophic receptor tyrosine kinase 2,Q16620,mapped
5015,OTX2,NCBI,4985_693_24613_1866,bipolar disorder,MONDO_grouped,HGNC:8522,OTX2,orthodenticle homeobox 2,P32243,mapped
5027,P2RX7,NCBI,4985_693_24613_1866,bipolar disorder,MONDO_grouped,HGNC:8537,P2RX7,purinergic receptor P2X 7,Q99572,mapped
55690,PACS1,NCBI,4985_693_24613_1866,bipolar disorder,MONDO_grouped,HGNC:30032,PACS1,phosphofurin acidic cluster sorting protein 1,Q6VY07,mapped
79728,PALB2,NCBI,4985_693_24613_1866,bipolar disorder,MONDO_grouped,HGNC:26144,PALB2,partner and localizer of BRCA2,Q86YC2,mapped
55193,PBRM1,NCBI,4985_693_24613_1866,bipolar disorder,MONDO_grouped,HGNC:30064,PBRM1,polybromo 1,Q86U86,mapped
5091,PC,NCBI,4985_693_24613_1866,bipolar disorder,MONDO_grouped,HGNC:8636,PC,pyruvate carboxylase,P11498,mapped
27445,PCLO,NCBI,4985_693_24613_1866,bipolar disorder,MONDO_grouped,HGNC:13406,PCLO,piccolo presynaptic cytomatrix protein,Q9Y6V0,mapped
5116,PCNT,NCBI,4985_693_24613_1866,bipolar disorder,MONDO_grouped,HGNC:16068,PCNT,pericentrin,O95613,mapped
10846,PDE10A,NCBI,4985_693_24613_1866,bipolar disorder,MONDO_grouped,HGNC:8772,PDE10A,phosphodiesterase 10A,Q9Y233,mapped
5141,PDE4A,NCBI,4985_693_24613_1866,bipolar disorder,MONDO_grouped,HGNC:8780,PDE4A,phosphodiesterase 4A,P27815,mapped
5142,PDE4B,NCBI,4985_693_24613_1866,bipolar disorder,MONDO_grouped,HGNC:8781,PDE4B,phosphodiesterase 4B,Q07343,mapped
5152,PDE9A,NCBI,4985_693_24613_1866,bipolar disorder,MONDO_grouped,HGNC:8795,PDE9A,phosphodiesterase 9A,O76083,mapped
10611,PDLIM5,NCBI,4985_693_24613_1866,bipolar disorder,MONDO_grouped,HGNC:17468,PDLIM5,PDZ and LIM domain 5,Q96HC4,mapped
5173,PDYN,NCBI,4985_693_24613_1866,bipolar disorder,MONDO_grouped,HGNC:8820,PDYN,prodynorphin,P01213,mapped
8864,PER2,NCBI,4985_693_24613_1866,bipolar disorder,MONDO_grouped,HGNC:8846,PER2,period circadian regulator 2,O15055,mapped
8863,PER3,NCBI,4985_693_24613_1866,bipolar disorder,MONDO_grouped,HGNC:8847,PER3,period circadian regulator 3,P56645,mapped
5209,PFKFB3,NCBI,4985_693_24613_1866,bipolar disorder,MONDO_grouped,HGNC:8874,PFKFB3,"6-phosphofructo-2-kinase/fructose-2,6-biphosphatase 3",Q16875,mapped
5211,PFKL,NCBI,4985_693_24613_1866,bipolar disorder,MONDO_grouped,HGNC:8876,PFKL,"phosphofructokinase, liver type",P17858,mapped
5223,PGAM1,NCBI,4985_693_24613_1866,bipolar disorder,MONDO_grouped,HGNC:8888,PGAM1,phosphoglycerate mutase 1,P18669,mapped
283871,PGP,NCBI,4985_693_24613_1866,bipolar disorder,MONDO_grouped,HGNC:8909,PGP,phosphoglycolate phosphatase,A6NDG6,mapped
144717,PHETA1,NCBI,4985_693_24613_1866,bipolar disorder,MONDO_grouped,HGNC:26509,PHETA1,PH domain containing endocytic trafficking adaptor 1,Q8N4B1,mapped
5289,PIK3C3,NCBI,4985_693_24613_1866,bipolar disorder,MONDO_grouped,HGNC:8974,PIK3C3,phosphatidylinositol 3-kinase catalytic subunit type 3,Q8NEB9,mapped
5305,PIP4K2A,NCBI,4985_693_24613_1866,bipolar disorder,MONDO_grouped,HGNC:8997,PIP4K2A,phosphatidylinositol-5-phosphate 4-kinase type 2 alpha,P48426,mapped
79837,PIP4K2C,NCBI,4985_693_24613_1866,bipolar disorder,MONDO_grouped,HGNC:23786,PIP4K2C,phosphatidylinositol-5-phosphate 4-kinase type 2 gamma,Q8TBX8,mapped
5319,PLA2G1B,NCBI,4985_693_24613_1866,bipolar disorder,MONDO_grouped,HGNC:9030,PLA2G1B,phospholipase A2 group IB,P04054,mapped
5320,PLA2G2A,NCBI,4985_693_24613_1866,bipolar disorder,MONDO_grouped,HGNC:9031,PLA2G2A,phospholipase A2 group IIA,P14555,mapped
5321,PLA2G4A,NCBI,4985_693_24613_1866,bipolar disorder,MONDO_grouped,HGNC:9035,PLA2G4A,phospholipase A2 group IVA,P47712,mapped
8398,PLA2G6,NCBI,4985_693_24613_1866,bipolar disorder,MONDO_grouped,HGNC:9039,PLA2G6,phospholipase A2 group VI,O60733,mapped
23236,PLCB1,NCBI,4985_693_24613_1866,bipolar disorder,MONDO_grouped,HGNC:15917,PLCB1,phospholipase C beta 1,Q9NQ66,mapped
5335,PLCG1,NCBI,4985_693_24613_1866,bipolar disorder,MONDO_grouped,HGNC:9065,PLCG1,phospholipase C gamma 1,P19174,mapped
345557,PLCXD3,NCBI,4985_693_24613_1866,bipolar disorder,MONDO_grouped,HGNC:31822,PLCXD3,phosphatidylinositol specific phospholipase C X domain containing 3,Q63HM9,mapped
51177,PLEKHO1,NCBI,4985_693_24613_1866,bipolar disorder,MONDO_grouped,HGNC:24310,PLEKHO1,pleckstrin homology domain containing O1,Q53GL0,mapped
5367,PMCH,NCBI,4985_693_24613_1866,bipolar disorder,MONDO_grouped,HGNC:9109,PMCH,pro-melanin concentrating hormone,P20382,mapped
5428,POLG,NCBI,4985_693_24613_1866,bipolar disorder,MONDO_grouped,HGNC:9179,POLG,"DNA polymerase gamma, catalytic subunit",P54098,mapped
5443,POMC,NCBI,4985_693_24613_1866,bipolar disorder,MONDO_grouped,HGNC:9201,POMC,proopiomelanocortin,P01189,mapped
5444,PON1,NCBI,4985_693_24613_1866,bipolar disorder,MONDO_grouped,HGNC:9204,PON1,paraoxonase 1,P27169,mapped
5454,POU3F2,NCBI,4985_693_24613_1866,bipolar disorder,MONDO_grouped,HGNC:9215,POU3F2,POU class 3 homeobox 2,P20265,mapped
5467,PPARD,NCBI,4985_693_24613_1866,bipolar disorder,MONDO_grouped,HGNC:9235,PPARD,peroxisome proliferator activated receptor delta,Q03181,mapped
5481,PPID,NCBI,4985_693_24613_1866,bipolar disorder,MONDO_grouped,HGNC:9257,PPID,peptidylprolyl isomerase D,Q08752,mapped
84152,PPP1R1B,NCBI,4985_693_24613_1866,bipolar disorder,MONDO_grouped,HGNC:9287,PPP1R1B,protein phosphatase 1 regulatory inhibitor subunit 1B,Q9UD71,mapped
5522,PPP2R2C,NCBI,4985_693_24613_1866,bipolar disorder,MONDO_grouped,HGNC:9306,PPP2R2C,protein phosphatase 2 regulatory subunit Bgamma,Q9Y2T4,mapped
5533,PPP3CC,NCBI,4985_693_24613_1866,bipolar disorder,MONDO_grouped,HGNC:9316,PPP3CC,protein phosphatase 3 catalytic subunit gamma,P48454,mapped
5584,PRKCI,NCBI,4985_693_24613_1866,bipolar disorder,MONDO_grouped,HGNC:9404,PRKCI,protein kinase C iota,P41743,mapped
5590,PRKCZ,NCBI,4985_693_24613_1866,bipolar disorder,MONDO_grouped,HGNC:9412,PRKCZ,protein kinase C zeta,Q05513,mapped
5625,PRODH,NCBI,4985_693_24613_1866,bipolar disorder,MONDO_grouped,HGNC:9453,PRODH,proline dehydrogenase 1,O43272,mapped
128674,PROKR2,NCBI,4985_693_24613_1866,bipolar disorder,MONDO_grouped,HGNC:15836,PROKR2,prokineticin receptor 2,Q8NFJ6,mapped
5664,PSEN2,NCBI,4985_693_24613_1866,bipolar disorder,MONDO_grouped,HGNC:9509,PSEN2,presenilin 2,P49810,mapped
5730,PTGDS,NCBI,4985_693_24613_1866,bipolar disorder,MONDO_grouped,HGNC:9592,PTGDS,prostaglandin D2 synthase,P41222,mapped
5524,PTPA,NCBI,4985_693_24613_1866,bipolar disorder,MONDO_grouped,HGNC:9308,PTPA,protein phosphatase 2 phosphatase activator,Q15257,mapped
5816,PVALB,NCBI,4985_693_24613_1866,bipolar disorder,MONDO_grouped,HGNC:9704,PVALB,parvalbumin,P20472,mapped
10399,RACK1,NCBI,4985_693_24613_1866,bipolar disorder,MONDO_grouped,HGNC:4399,RACK1,receptor for activated C kinase 1,P63244,mapped
9771,RAPGEF5,NCBI,4985_693_24613_1866,bipolar disorder,MONDO_grouped,HGNC:16862,RAPGEF5,Rap guanine nucleotide exchange factor 5,Q92565,mapped
5923,RASGRF1,NCBI,4985_693_24613_1866,bipolar disorder,MONDO_grouped,HGNC:9875,RASGRF1,Ras protein specific guanine nucleotide releasing factor 1,Q13972,mapped
10125,RASGRP1,NCBI,4985_693_24613_1866,bipolar disorder,MONDO_grouped,HGNC:9878,RASGRP1,RAS guanyl releasing protein 1,O95267,mapped
5649,RELN,NCBI,4985_693_24613_1866,bipolar disorder,MONDO_grouped,HGNC:9957,RELN,reelin,P78509,mapped
5972,REN,NCBI,4985_693_24613_1866,bipolar disorder,MONDO_grouped,HGNC:9958,REN,renin,P00797,mapped
5992,RFX4,NCBI,4985_693_24613_1866,bipolar disorder,MONDO_grouped,HGNC:9985,RFX4,regulatory factor X4,Q33E94,mapped
5999,RGS4,NCBI,4985_693_24613_1866,bipolar disorder,MONDO_grouped,HGNC:10000,RGS4,regulator of G protein signaling 4,P49798,mapped
22999,RIMS1,NCBI,4985_693_24613_1866,bipolar disorder,MONDO_grouped,HGNC:17282,RIMS1,regulating synaptic membrane exocytosis 1,Q86UR5,mapped
10193,RNF41,NCBI,4985_693_24613_1866,bipolar disorder,MONDO_grouped,HGNC:18401,RNF41,ring finger protein 41,Q9H4P4,mapped
4919,ROR1,NCBI,4985_693_24613_1866,bipolar disorder,MONDO_grouped,HGNC:10256,ROR1,ROR family WNT receptor 1,Q01973,mapped
6095,RORA,NCBI,4985_693_24613_1866,bipolar disorder,MONDO_grouped,HGNC:10258,RORA,RAR related orphan receptor A,P35398,mapped
6196,RPS6KA2,NCBI,4985_693_24613_1866,bipolar disorder,MONDO_grouped,HGNC:10431,RPS6KA2,ribosomal protein S6 kinase A2,Q15349,mapped
6281,S100A10,NCBI,4985_693_24613_1866,bipolar disorder,MONDO_grouped,HGNC:10487,S100A10,S100 calcium binding protein A10,P60903,mapped
6285,S100B,NCBI,4985_693_24613_1866,bipolar disorder,MONDO_grouped,HGNC:10500,S100B,S100 calcium binding protein B,P04271,mapped
1901,S1PR1,NCBI,4985_693_24613_1866,bipolar disorder,MONDO_grouped,HGNC:3165,S1PR1,sphingosine-1-phosphate receptor 1,P21453,mapped
6303,SAT1,NCBI,4985_693_24613_1866,bipolar disorder,MONDO_grouped,HGNC:10540,SAT1,spermidine/spermine N1-acetyltransferase 1,P21673,mapped
6326,SCN2A,NCBI,4985_693_24613_1866,bipolar disorder,MONDO_grouped,HGNC:10588,SCN2A,sodium voltage-gated channel alpha subunit 2,Q99250,mapped
6334,SCN8A,NCBI,4985_693_24613_1866,bipolar disorder,MONDO_grouped,HGNC:10596,SCN8A,sodium voltage-gated channel alpha subunit 8,Q9UQD0,mapped
9632,SEC24C,NCBI,4985_693_24613_1866,bipolar disorder,MONDO_grouped,HGNC:10705,SEC24C,"SEC24 homolog C, COPII component",P53992,mapped
55752,SEPTIN11,NCBI,4985_693_24613_1866,bipolar disorder,MONDO_grouped,HGNC:25589,SEPTIN11,septin 11,Q9NVA2,mapped
5265,SERPINA1,NCBI,4985_693_24613_1866,bipolar disorder,MONDO_grouped,HGNC:8941,SERPINA1,serpin family A member 1,P01009,mapped
23544,SEZ6L,NCBI,4985_693_24613_1866,bipolar disorder,MONDO_grouped,HGNC:10763,SEZ6L,seizure related 6 homolog like,Q9BYH1,mapped
6422,SFRP1,NCBI,4985_693_24613_1866,bipolar disorder,MONDO_grouped,HGNC:10776,SFRP1,secreted frizzled related protein 1,Q8N474,mapped
22941,SHANK2,NCBI,4985_693_24613_1866,bipolar disorder,MONDO_grouped,HGNC:14295,SHANK2,SH3 and multiple ankyrin repeat domains 2,Q9UPX8,mapped
23411,SIRT1,NCBI,4985_693_24613_1866,bipolar disorder,MONDO_grouped,HGNC:14929,SIRT1,sirtuin 1,Q96EB6,mapped
9990,SLC12A6,NCBI,4985_693_24613_1866,bipolar disorder,MONDO_grouped,HGNC:10914,SLC12A6,solute carrier family 12 member 6,Q9UHW9,mapped
57084,SLC17A6,NCBI,4985_693_24613_1866,bipolar disorder,MONDO_grouped,HGNC:16703,SLC17A6,solute carrier family 17 member 6,Q9P2U8,mapped
57030,SLC17A7,NCBI,4985_693_24613_1866,bipolar disorder,MONDO_grouped,HGNC:16704,SLC17A7,solute carrier family 17 member 7,Q9P2U7,mapped
6570,SLC18A1,NCBI,4985_693_24613_1866,bipolar disorder,MONDO_grouped,HGNC:10934,SLC18A1,solute carrier family 18 member A1,P54219,mapped
6571,SLC18A2,NCBI,4985_693_24613_1866,bipolar disorder,MONDO_grouped,HGNC:10935,SLC18A2,solute carrier family 18 member A2,Q05940,mapped
6505,SLC1A1,NCBI,4985_693_24613_1866,bipolar disorder,MONDO_grouped,HGNC:10939,SLC1A1,solute carrier family 1 member 1,P43005,mapped
6506,SLC1A2,NCBI,4985_693_24613_1866,bipolar disorder,MONDO_grouped,HGNC:10940,SLC1A2,solute carrier family 1 member 2,P43004,mapped
6507,SLC1A3,NCBI,4985_693_24613_1866,bipolar disorder,MONDO_grouped,HGNC:10941,SLC1A3,solute carrier family 1 member 3,P43003,mapped
6511,SLC1A6,NCBI,4985_693_24613_1866,bipolar disorder,MONDO_grouped,HGNC:10944,SLC1A6,solute carrier family 1 member 6,P48664,mapped
85413,SLC22A16,NCBI,4985_693_24613_1866,bipolar disorder,MONDO_grouped,HGNC:20302,SLC22A16,solute carrier family 22 member 16,Q86VW1,mapped
291,SLC25A4,NCBI,4985_693_24613_1866,bipolar disorder,MONDO_grouped,HGNC:10990,SLC25A4,solute carrier family 25 member 4,P12235,mapped
29985,SLC39A3,NCBI,4985_693_24613_1866,bipolar disorder,MONDO_grouped,HGNC:17128,SLC39A3,solute carrier family 39 member 3,Q9BRY0,mapped
6526,SLC5A3,NCBI,4985_693_24613_1866,bipolar disorder,MONDO_grouped,HGNC:11038,SLC5A3,solute carrier family 5 member 3,P53794,mapped
6540,SLC6A13,NCBI,4985_693_24613_1866,bipolar disorder,MONDO_grouped,HGNC:11046,SLC6A13,solute carrier family 6 member 13,Q9NSD5,mapped
6530,SLC6A2,NCBI,4985_693_24613_1866,bipolar disorder,MONDO_grouped,HGNC:11048,SLC6A2,solute carrier family 6 member 2,P23975,mapped
6531,SLC6A3,NCBI,4985_693_24613_1866,bipolar disorder,MONDO_grouped,HGNC:11049,SLC6A3,solute carrier family 6 member 3,Q01959,mapped
6532,SLC6A4,NCBI,4985_693_24613_1866,bipolar disorder,MONDO_grouped,HGNC:11050,SLC6A4,solute carrier family 6 member 4,P31645,mapped
6611,SMS,NCBI,4985_693_24613_1866,bipolar disorder,MONDO_grouped,HGNC:11123,SMS,spermine synthase,P52788,mapped
6616,SNAP25,NCBI,4985_693_24613_1866,bipolar disorder,MONDO_grouped,HGNC:11132,SNAP25,synaptosome associated protein 25,P60880,mapped
6648,SOD2,NCBI,4985_693_24613_1866,bipolar disorder,MONDO_grouped,HGNC:11180,SOD2,superoxide dismutase 2,P04179,mapped
57537,SORCS2,NCBI,4985_693_24613_1866,bipolar disorder,MONDO_grouped,HGNC:16698,SORCS2,sortilin related VPS10 domain containing receptor 2,Q96PQ0,mapped
6671,SP4,NCBI,4985_693_24613_1866,bipolar disorder,MONDO_grouped,HGNC:11209,SP4,Sp4 transcription factor,Q02446,mapped
221833,SP8,NCBI,4985_693_24613_1866,bipolar disorder,MONDO_grouped,HGNC:19196,SP8,Sp8 transcription factor,Q8IXZ3,mapped
6697,SPR,NCBI,4985_693_24613_1866,bipolar disorder,MONDO_grouped,HGNC:11257,SPR,sepiapterin reductase,P35270,mapped
6733,SRPK2,NCBI,4985_693_24613_1866,bipolar disorder,MONDO_grouped,HGNC:11306,SRPK2,SRSF protein kinase 2,P78362,mapped
51593,SRRT,NCBI,4985_693_24613_1866,bipolar disorder,MONDO_grouped,HGNC:24101,SRRT,"serrate, RNA effector molecule",Q9BXP5,mapped
6428,SRSF3,NCBI,4985_693_24613_1866,bipolar disorder,MONDO_grouped,HGNC:10785,SRSF3,serine and arginine rich splicing factor 3,P84103,mapped
23635,SSBP2,NCBI,4985_693_24613_1866,bipolar disorder,MONDO_grouped,HGNC:15831,SSBP2,single stranded DNA binding protein 2,P81877,mapped
6750,SST,NCBI,4985_693_24613_1866,bipolar disorder,MONDO_grouped,HGNC:11329,SST,somatostatin,P61278,mapped
6755,SSTR5,NCBI,4985_693_24613_1866,bipolar disorder,MONDO_grouped,HGNC:11334,SSTR5,somatostatin receptor 5,P35346,mapped
6482,ST3GAL1,NCBI,4985_693_24613_1866,bipolar disorder,MONDO_grouped,HGNC:10862,ST3GAL1,"ST3 beta-galactoside alpha-2,3-sialyltransferase 1",Q11201,mapped
8128,ST8SIA2,NCBI,4985_693_24613_1866,bipolar disorder,MONDO_grouped,HGNC:10870,ST8SIA2,"ST8 alpha-N-acetyl-neuraminide alpha-2,8-sialyltransferase 2",Q92186,mapped
23166,STAB1,NCBI,4985_693_24613_1866,bipolar disorder,MONDO_grouped,HGNC:18628,STAB1,stabilin 1,Q9NY15,mapped
57519,STARD9,NCBI,4985_693_24613_1866,bipolar disorder,MONDO_grouped,HGNC:19162,STARD9,StAR related lipid transfer domain containing 9,Q9P2P6,mapped
6789,STK4,NCBI,4985_693_24613_1866,bipolar disorder,MONDO_grouped,HGNC:11408,STK4,serine/threonine kinase 4,Q13043,mapped
8224,SYN3,NCBI,4985_693_24613_1866,bipolar disorder,MONDO_grouped,HGNC:11496,SYN3,synapsin III,O14994,mapped
23345,SYNE1,NCBI,4985_693_24613_1866,bipolar disorder,MONDO_grouped,HGNC:17089,SYNE1,spectrin repeat containing nuclear envelope protein 1,Q8NF91,mapped
9145,SYNGR1,NCBI,4985_693_24613_1866,bipolar disorder,MONDO_grouped,HGNC:11498,SYNGR1,synaptogyrin 1,O43759,mapped
319100,TAAR6,NCBI,4985_693_24613_1866,bipolar disorder,MONDO_grouped,HGNC:20978,TAAR6,trace amine associated receptor 6,Q96RI8,mapped
6863,TAC1,NCBI,4985_693_24613_1866,bipolar disorder,MONDO_grouped,HGNC:11517,TAC1,tachykinin precursor 1,P20366,mapped
6869,TACR1,NCBI,4985_693_24613_1866,bipolar disorder,MONDO_grouped,HGNC:11526,TACR1,tachykinin receptor 1,P25103,mapped
6925,TCF4,NCBI,4985_693_24613_1866,bipolar disorder,MONDO_grouped,HGNC:11634,TCF4,transcription factor 4,P15884,mapped
6934,TCF7L2,NCBI,4985_693_24613_1866,bipolar disorder,MONDO_grouped,HGNC:11641,TCF7L2,transcription factor 7 like 2,Q9NQB0,mapped
6999,TDO2,NCBI,4985_693_24613_1866,bipolar disorder,MONDO_grouped,HGNC:11708,TDO2,"tryptophan 2,3-dioxygenase",P48775,mapped
26011,TENM4,NCBI,4985_693_24613_1866,bipolar disorder,MONDO_grouped,HGNC:29945,TENM4,teneurin transmembrane protein 4,Q6N022,mapped
7040,TGFB1,NCBI,4985_693_24613_1866,bipolar disorder,MONDO_grouped,HGNC:11766,TGFB1,transforming growth factor beta 1,P01137,mapped
7052,TGM2,NCBI,4985_693_24613_1866,bipolar disorder,MONDO_grouped,HGNC:11778,TGM2,transglutaminase 2,P21980,mapped
7054,TH,NCBI,4985_693_24613_1866,bipolar disorder,MONDO_grouped,HGNC:11782,TH,tyrosine hydroxylase,P07101,mapped
221981,THSD7A,NCBI,4985_693_24613_1866,bipolar disorder,MONDO_grouped,HGNC:22207,THSD7A,thrombospondin type 1 domain containing 7A,Q9UPZ6,mapped
8914,TIMELESS,NCBI,4985_693_24613_1866,bipolar disorder,MONDO_grouped,HGNC:11813,TIMELESS,timeless circadian regulator,Q9UNS1,mapped
7093,TLL2,NCBI,4985_693_24613_1866,bipolar disorder,MONDO_grouped,HGNC:11844,TLL2,tolloid like 2,Q9Y6L7,mapped
7097,TLR2,NCBI,4985_693_24613_1866,bipolar disorder,MONDO_grouped,HGNC:11848,TLR2,toll like receptor 2,O60603,mapped
7099,TLR4,NCBI,4985_693_24613_1866,bipolar disorder,MONDO_grouped,HGNC:11850,TLR4,toll like receptor 4,O00206,mapped
9168,TMSB10,NCBI,4985_693_24613_1866,bipolar disorder,MONDO_grouped,HGNC:11879,TMSB10,thymosin beta 10,P63313,mapped
7124,TNF,NCBI,4985_693_24613_1866,bipolar disorder,MONDO_grouped,HGNC:11892,TNF,tumor necrosis factor,P01375,mapped
10043,TOM1,NCBI,4985_693_24613_1866,bipolar disorder,MONDO_grouped,HGNC:11982,TOM1,target of myb1 membrane trafficking protein,O60784,mapped
7166,TPH1,NCBI,4985_693_24613_1866,bipolar disorder,MONDO_grouped,HGNC:12008,TPH1,tryptophan hydroxylase 1,P17752,mapped
121278,TPH2,NCBI,4985_693_24613_1866,bipolar disorder,MONDO_grouped,HGNC:20692,TPH2,tryptophan hydroxylase 2,Q8IWU9,mapped
7173,TPO,NCBI,4985_693_24613_1866,bipolar disorder,MONDO_grouped,HGNC:12015,TPO,thyroid peroxidase,P07202,mapped
9881,TRANK1,NCBI,4985_693_24613_1866,bipolar disorder,MONDO_grouped,HGNC:29011,TRANK1,tetratricopeptide repeat and ankyrin repeat containing 1,O15050,mapped
7222,TRPC3,NCBI,4985_693_24613_1866,bipolar disorder,MONDO_grouped,HGNC:12335,TRPC3,transient receptor potential cation channel subfamily C member 3,Q13507,mapped
57113,TRPC7,NCBI,4985_693_24613_1866,bipolar disorder,MONDO_grouped,HGNC:20754,TRPC7,transient receptor potential cation channel subfamily C member 7,Q9HCX4,mapped
7226,TRPM2,NCBI,4985_693_24613_1866,bipolar disorder,MONDO_grouped,HGNC:12339,TRPM2,transient receptor potential cation channel subfamily M member 2,O94759,mapped
7252,TSHB,NCBI,4985_693_24613_1866,bipolar disorder,MONDO_grouped,HGNC:12372,TSHB,thyroid stimulating hormone subunit beta,P01222,mapped
7257,TSNAX,NCBI,4985_693_24613_1866,bipolar disorder,MONDO_grouped,HGNC:12380,TSNAX,translin associated factor X,Q99598,mapped
7103,TSPAN8,NCBI,4985_693_24613_1866,bipolar disorder,MONDO_grouped,HGNC:11855,TSPAN8,tetraspanin 8,P19075,mapped
706,TSPO,NCBI,4985_693_24613_1866,bipolar disorder,MONDO_grouped,HGNC:1158,TSPO,translocator protein,B1AH88,mapped
706,TSPO,NCBI,4985_693_24613_1866,bipolar disorder,MONDO_grouped,HGNC:1158,TSPO,translocator protein,P30536,mapped
51807,TUBA8,NCBI,4985_693_24613_1866,bipolar disorder,MONDO_grouped,HGNC:12410,TUBA8,tubulin alpha 8,Q9NY65,mapped
7351,UCP2,NCBI,4985_693_24613_1866,bipolar disorder,MONDO_grouped,HGNC:12518,UCP2,uncoupling protein 2,P55851,mapped
54986,ULK4,NCBI,4985_693_24613_1866,bipolar disorder,MONDO_grouped,HGNC:15784,ULK4,unc-51 like kinase 4,Q96C45,mapped
64854,USP46,NCBI,4985_693_24613_1866,bipolar disorder,MONDO_grouped,HGNC:20075,USP46,ubiquitin specific peptidase 46,P62068,mapped
9218,VAPA,NCBI,4985_693_24613_1866,bipolar disorder,MONDO_grouped,HGNC:12648,VAPA,VAMP associated protein A,Q9P0L0,mapped
7421,VDR,NCBI,4985_693_24613_1866,bipolar disorder,MONDO_grouped,HGNC:12679,VDR,vitamin D receptor,P11473,mapped
7422,VEGFA,NCBI,4985_693_24613_1866,bipolar disorder,MONDO_grouped,HGNC:12680,VEGFA,vascular endothelial growth factor A,P15692,mapped
7425,VGF,NCBI,4985_693_24613_1866,bipolar disorder,MONDO_grouped,HGNC:12684,VGF,VGF nerve growth factor inducible,O15240,mapped
7432,VIP,NCBI,4985_693_24613_1866,bipolar disorder,MONDO_grouped,HGNC:12693,VIP,vasoactive intestinal peptide,P01282,mapped
7434,VIPR2,NCBI,4985_693_24613_1866,bipolar disorder,MONDO_grouped,HGNC:12695,VIPR2,vasoactive intestinal peptide receptor 2,P41587,mapped
7466,WFS1,NCBI,4985_693_24613_1866,bipolar disorder,MONDO_grouped,HGNC:12762,WFS1,wolframin ER transmembrane glycoprotein,O76024,mapped
25861,WHRN,NCBI,4985_693_24613_1866,bipolar disorder,MONDO_grouped,HGNC:16361,WHRN,whirlin,Q9P202,mapped
7494,XBP1,NCBI,4985_693_24613_1866,bipolar disorder,MONDO_grouped,HGNC:12801,XBP1,X-box binding protein 1,P17861,mapped
7498,XDH,NCBI,4985_693_24613_1866,bipolar disorder,MONDO_grouped,HGNC:12805,XDH,xanthine dehydrogenase,P47989,mapped
7531,YWHAE,NCBI,4985_693_24613_1866,bipolar disorder,MONDO_grouped,HGNC:12851,YWHAE,tyrosine 3-monooxygenase/tryptophan 5-monooxygenase activation protein epsilon,P62258,mapped
7533,YWHAH,NCBI,4985_693_24613_1866,bipolar disorder,MONDO_grouped,HGNC:12853,YWHAH,tyrosine 3-monooxygenase/tryptophan 5-monooxygenase activation protein eta,Q04917,mapped
7534,YWHAZ,NCBI,4985_693_24613_1866,bipolar disorder,MONDO_grouped,HGNC:12855,YWHAZ,tyrosine 3-monooxygenase/tryptophan 5-monooxygenase activation protein zeta,P63104,mapped
54877,ZCCHC2,NCBI,4985_693_24613_1866,bipolar disorder,MONDO_grouped,HGNC:22916,ZCCHC2,zinc finger CCHC-type containing 2,Q9C0B9,mapped
9640,ZNF592,NCBI,4985_693_24613_1866,bipolar disorder,MONDO_grouped,HGNC:28986,ZNF592,zinc finger protein 592,Q92610,mapped
91752,ZNF804A,NCBI,4985_693_24613_1866,bipolar disorder,MONDO_grouped,HGNC:21711,ZNF804A,zinc finger protein 804A,Q7Z570,mapped
351,APP,NCBI,1627,dementia (disease),MONDO,HGNC:620,APP,amyloid beta precursor protein,P05067,mapped
1282,COL4A1,NCBI,1627,dementia (disease),MONDO,HGNC:2202,COL4A1,collagen type IV alpha 1 chain,P02462,mapped
1356,CP,NCBI,1627,dementia (disease),MONDO,HGNC:2295,CP,ceruloplasmin,P00450,mapped
1436,CSF1R,NCBI,1627,dementia (disease),MONDO,HGNC:2433,CSF1R,colony stimulating factor 1 receptor,P07333,mapped
1471,CST3,NCBI,1627,dementia (disease),MONDO,HGNC:2475,CST3,cystatin C,P01034,mapped
1786,DNMT1,NCBI,1627,dementia (disease),MONDO,HGNC:2976,DNMT1,DNA methyltransferase 1,P26358,mapped
2521,FUS,NCBI,1627,dementia (disease),MONDO,HGNC:4010,FUS,FUS RNA binding protein,P35637,mapped
2896,GRN,NCBI,1627,dementia (disease),MONDO,HGNC:4601,GRN,granulin precursor,P28799,mapped
5654,HTRA1,NCBI,1627,dementia (disease),MONDO,HGNC:9476,HTRA1,HtrA serine peptidase 1,Q92743,mapped
4137,MAPT,NCBI,1627,dementia (disease),MONDO,HGNC:6893,MAPT,microtubule associated protein tau,P10636,mapped
4854,NOTCH3,NCBI,1627,dementia (disease),MONDO,HGNC:7883,NOTCH3,notch receptor 3,Q9UM47,mapped
5621,PRNP,NCBI,1627,dementia (disease),MONDO,HGNC:9449,PRNP,prion protein (Kanno blood group),F7VJQ1,mapped
5621,PRNP,NCBI,1627,dementia (disease),MONDO,HGNC:9449,PRNP,prion protein (Kanno blood group),P04156,mapped
5664,PSEN2,NCBI,1627,dementia (disease),MONDO,HGNC:9509,PSEN2,presenilin 2,P49810,mapped
6531,SLC6A3,NCBI,1627,dementia (disease),MONDO,HGNC:11049,SLC6A3,solute carrier family 6 member 3,Q01959,mapped
23315,SLC9A8,NCBI,1627,dementia (disease),MONDO,HGNC:20728,SLC9A8,solute carrier family 9 member A8,Q9Y2E8,mapped
54209,TREM2,NCBI,1627,dementia (disease),MONDO,HGNC:17761,TREM2,triggering receptor expressed on myeloid cells 2,Q9NZC2,mapped
7305,TYROBP,NCBI,1627,dementia (disease),MONDO,HGNC:12449,TYROBP,transmembrane immune signaling adaptor TYROBP,O43914,mapped
18,ABAT,NCBI,5027,epilepsy,MONDO,HGNC:23,ABAT,4-aminobutyrate aminotransferase,P80404,mapped
5243,ABCB1,NCBI,5027,epilepsy,MONDO,HGNC:40,ABCB1,ATP binding cassette subfamily B member 1,P08183,mapped
1244,ABCC2,NCBI,5027,epilepsy,MONDO,HGNC:53,ABCC2,ATP binding cassette subfamily C member 2,Q92887,mapped
38,ACAT1,NCBI,5027,epilepsy,MONDO,HGNC:93,ACAT1,acetyl-CoA acetyltransferase 1,P24752,mapped
43,ACHE,NCBI,5027,epilepsy,MONDO,HGNC:108,ACHE,acetylcholinesterase (Yt blood group),P22303,mapped
71,ACTG1,NCBI,5027,epilepsy,MONDO,HGNC:144,ACTG1,actin gamma 1,P63261,mapped
116,ADCYAP1,NCBI,5027,epilepsy,MONDO,HGNC:241,ADCYAP1,adenylate cyclase activating polypeptide 1,P18509,mapped
135,ADORA2A,NCBI,5027,epilepsy,MONDO,HGNC:263,ADORA2A,adenosine A2a receptor,P29274,mapped
147,ADRA1B,NCBI,5027,epilepsy,MONDO,HGNC:278,ADRA1B,adrenoceptor alpha 1B,P35368,mapped
150,ADRA2A,NCBI,5027,epilepsy,MONDO,HGNC:281,ADRA2A,adrenoceptor alpha 2A,P08913,mapped
392636,AGMO,NCBI,5027,epilepsy,MONDO,HGNC:33784,AGMO,alkylglycerol monooxygenase,Q6ZNB7,mapped
183,AGT,NCBI,5027,epilepsy,MONDO,HGNC:333,AGT,angiotensinogen,P01019,mapped
207,AKT1,NCBI,5027,epilepsy,MONDO,HGNC:391,AKT1,AKT serine/threonine kinase 1,P31749,mapped
210,ALAD,NCBI,5027,epilepsy,MONDO,HGNC:395,ALAD,aminolevulinate dehydratase,P13716,mapped
213,ALB,NCBI,5027,epilepsy,MONDO,HGNC:399,ALB,albumin,P02768,mapped
79868,ALG13,NCBI,5027,epilepsy,MONDO,HGNC:30881,ALG13,ALG13 UDP-N-acetylglucosaminyltransferase subunit,Q9NP73,mapped
249,ALPL,NCBI,5027,epilepsy,MONDO,HGNC:438,ALPL,"alkaline phosphatase, biomineralization associated",P05186,mapped
29123,ANKRD11,NCBI,5027,epilepsy,MONDO,HGNC:21316,ANKRD11,ankyrin repeat domain 11,Q6UB99,mapped
328,APEX1,NCBI,5027,epilepsy,MONDO,HGNC:587,APEX1,apurinic/apyrimidinic endodeoxyribonuclease 1,P27695,mapped
348,APOE,NCBI,5027,epilepsy,MONDO,HGNC:613,APOE,apolipoprotein E,P02649,mapped
57492,ARID1B,NCBI,5027,epilepsy,MONDO,HGNC:18040,ARID1B,AT-rich interaction domain 1B,Q8NFD5,mapped
460,ASTN1,NCBI,5027,epilepsy,MONDO,HGNC:773,ASTN1,astrotactin 1,O14525,mapped
80816,ASXL3,NCBI,5027,epilepsy,MONDO,HGNC:29357,ASXL3,ASXL transcriptional regulator 3,Q9C0F0,mapped
538,ATP7A,NCBI,5027,epilepsy,MONDO,HGNC:869,ATP7A,ATPase copper transporting alpha,Q04656,mapped
26053,AUTS2,NCBI,5027,epilepsy,MONDO,HGNC:14262,AUTS2,activator of transcription and developmental regulator AUTS2,Q8WXX7,mapped
590,BCHE,NCBI,5027,epilepsy,MONDO,HGNC:983,BCHE,butyrylcholinesterase,P06276,mapped
627,BDNF,NCBI,5027,epilepsy,MONDO,HGNC:1033,BDNF,brain derived neurotrophic factor,P23560,mapped
9254,CACNA2D2,NCBI,5027,epilepsy,MONDO,HGNC:1400,CACNA2D2,calcium voltage-gated channel auxiliary subunit alpha2delta 2,Q9NY47,mapped
785,CACNB4,NCBI,5027,epilepsy,MONDO,HGNC:1404,CACNB4,calcium voltage-gated channel auxiliary subunit beta 4,O00305,mapped
847,CAT,NCBI,5027,epilepsy,MONDO,HGNC:1516,CAT,catalase,P04040,mapped
885,CCK,NCBI,5027,epilepsy,MONDO,HGNC:1569,CCK,cholecystokinin,P06307,mapped
6792,CDKL5,NCBI,5027,epilepsy,MONDO,HGNC:11411,CDKL5,cyclin dependent kinase like 5,O76039,mapped
10087,CERT1,NCBI,5027,epilepsy,MONDO,HGNC:2205,CERT1,ceramide transporter 1,Q9Y5P4,mapped
1103,CHAT,NCBI,5027,epilepsy,MONDO,HGNC:1912,CHAT,choline O-acetyltransferase,P28329,mapped
1106,CHD2,NCBI,5027,epilepsy,MONDO,HGNC:1917,CHD2,chromodomain helicase DNA binding protein 2,O14647,mapped
1128,CHRM1,NCBI,5027,epilepsy,MONDO,HGNC:1950,CHRM1,cholinergic receptor muscarinic 1,P11229,mapped
1129,CHRM2,NCBI,5027,epilepsy,MONDO,HGNC:1951,CHRM2,cholinergic receptor muscarinic 2,P08172,mapped
1136,CHRNA3,NCBI,5027,epilepsy,MONDO,HGNC:1957,CHRNA3,cholinergic receptor nicotinic alpha 3 subunit,P32297,mapped
1137,CHRNA4,NCBI,5027,epilepsy,MONDO,HGNC:1958,CHRNA4,cholinergic receptor nicotinic alpha 4 subunit,P43681,mapped
1138,CHRNA5,NCBI,5027,epilepsy,MONDO,HGNC:1959,CHRNA5,cholinergic receptor nicotinic alpha 5 subunit,P30532,mapped
1139,CHRNA7,NCBI,5027,epilepsy,MONDO,HGNC:1960,CHRNA7,cholinergic receptor nicotinic alpha 7 subunit,P36544,mapped
1143,CHRNB4,NCBI,5027,epilepsy,MONDO,HGNC:1964,CHRNB4,cholinergic receptor nicotinic beta 4 subunit,P30926,mapped
1191,CLU,NCBI,5027,epilepsy,MONDO,HGNC:2095,CLU,clusterin,P10909,mapped
54805,CNNM2,NCBI,5027,epilepsy,MONDO,HGNC:103,CNNM2,cyclin and CBS domain divalent metal cation transport mediator 2,Q9H8M5,mapped
1268,CNR1,NCBI,5027,epilepsy,MONDO,HGNC:2159,CNR1,cannabinoid receptor 1,P21554,mapped
26047,CNTNAP2,NCBI,5027,epilepsy,MONDO,HGNC:13830,CNTNAP2,contactin associated protein 2,Q9UHC6,mapped
1392,CRH,NCBI,5027,epilepsy,MONDO,HGNC:2355,CRH,corticotropin releasing hormone,P06850,mapped
1583,CYP11A1,NCBI,5027,epilepsy,MONDO,HGNC:2590,CYP11A1,cytochrome P450 family 11 subfamily A member 1,P05108,mapped
1654,DDX3X,NCBI,5027,epilepsy,MONDO,HGNC:2745,DDX3X,DEAD-box helicase 3 X-linked,O00571,mapped
1759,DNM1,NCBI,5027,epilepsy,MONDO,HGNC:2972,DNM1,dynamin 1,Q05193,mapped
1812,DRD1,NCBI,5027,epilepsy,MONDO,HGNC:3020,DRD1,dopamine receptor D1,P21728,mapped
1813,DRD2,NCBI,5027,epilepsy,MONDO,HGNC:3023,DRD2,dopamine receptor D2,P14416,mapped
1814,DRD3,NCBI,5027,epilepsy,MONDO,HGNC:3024,DRD3,dopamine receptor D3,P35462,mapped
1859,DYRK1A,NCBI,5027,epilepsy,MONDO,HGNC:3091,DYRK1A,dual specificity tyrosine phosphorylation regulated kinase 1A,Q13627,mapped
124454,EARS2,NCBI,5027,epilepsy,MONDO,HGNC:29419,EARS2,"glutamyl-tRNA synthetase 2, mitochondrial",Q5JPH6,mapped
1917,EEF1A2,NCBI,5027,epilepsy,MONDO,HGNC:3192,EEF1A2,eukaryotic translation elongation factor 1 alpha 2,Q05639,mapped
83939,EIF2A,NCBI,5027,epilepsy,MONDO,HGNC:3254,EIF2A,eukaryotic translation initiation factor 2A,Q9BY44,mapped
1968,EIF2S3,NCBI,5027,epilepsy,MONDO,HGNC:3267,EIF2S3,eukaryotic translation initiation factor 2 subunit gamma,P41091,mapped
2081,ERN1,NCBI,5027,epilepsy,MONDO,HGNC:3449,ERN1,endoplasmic reticulum to nucleus signaling 1,O75460,mapped
2166,FAAH,NCBI,5027,epilepsy,MONDO,HGNC:3553,FAAH,fatty acid amide hydrolase,O00519,mapped
2247,FGF2,NCBI,5027,epilepsy,MONDO,HGNC:3676,FGF2,fibroblast growth factor 2,P09038,mapped
2261,FGFR3,NCBI,5027,epilepsy,MONDO,HGNC:3690,FGFR3,fibroblast growth factor receptor 3,P22607,mapped
2316,FLNA,NCBI,5027,epilepsy,MONDO,HGNC:3754,FLNA,filamin A,P21333,mapped
2348,FOLR1,NCBI,5027,epilepsy,MONDO,HGNC:3791,FOLR1,folate receptor alpha,P15328,mapped
2353,FOS,NCBI,5027,epilepsy,MONDO,HGNC:3796,FOS,"Fos proto-oncogene, AP-1 transcription factor subunit",P01100,mapped
2354,FOSB,NCBI,5027,epilepsy,MONDO,HGNC:3797,FOSB,"FosB proto-oncogene, AP-1 transcription factor subunit",P53539,mapped
2290,FOXG1,NCBI,5027,epilepsy,MONDO,HGNC:3811,FOXG1,forkhead box G1,P55316,mapped
2558,GABRA5,NCBI,5027,epilepsy,MONDO,HGNC:4079,GABRA5,gamma-aminobutyric acid type A receptor subunit alpha5,P31644,mapped
2561,GABRB2,NCBI,5027,epilepsy,MONDO,HGNC:4082,GABRB2,gamma-aminobutyric acid type A receptor subunit beta2,P47870,mapped
2562,GABRB3,NCBI,5027,epilepsy,MONDO,HGNC:4083,GABRB3,gamma-aminobutyric acid type A receptor subunit beta3,P28472,mapped
2566,GABRG2,NCBI,5027,epilepsy,MONDO,HGNC:4087,GABRG2,gamma-aminobutyric acid type A receptor subunit gamma2,P18507,mapped
2572,GAD2,NCBI,5027,epilepsy,MONDO,HGNC:4093,GAD2,glutamate decarboxylase 2,Q05329,mapped
2593,GAMT,NCBI,5027,epilepsy,MONDO,HGNC:4136,GAMT,guanidinoacetate N-methyltransferase,Q14353,mapped
2670,GFAP,NCBI,5027,epilepsy,MONDO,HGNC:4235,GFAP,glial fibrillary acidic protein,P14136,mapped
51738,GHRL,NCBI,5027,epilepsy,MONDO,HGNC:18129,GHRL,ghrelin and obestatin prepropeptide,Q9UBU3,mapped
2746,GLUD1,NCBI,5027,epilepsy,MONDO,HGNC:4335,GLUD1,glutamate dehydrogenase 1,P00367,mapped
2775,GNAO1,NCBI,5027,epilepsy,MONDO,HGNC:4389,GNAO1,G protein subunit alpha o1,P09471,mapped
2784,GNB3,NCBI,5027,epilepsy,MONDO,HGNC:4400,GNB3,G protein subunit beta 3,P16520,mapped
2876,GPX1,NCBI,5027,epilepsy,MONDO,HGNC:4553,GPX1,glutathione peroxidase 1,P07203,mapped
2897,GRIK1,NCBI,5027,epilepsy,MONDO,HGNC:4579,GRIK1,glutamate ionotropic receptor kainate type subunit 1,P39086,mapped
2903,GRIN2A,NCBI,5027,epilepsy,MONDO,HGNC:4585,GRIN2A,glutamate ionotropic receptor NMDA type subunit 2A,Q12879,mapped
2904,GRIN2B,NCBI,5027,epilepsy,MONDO,HGNC:4586,GRIN2B,glutamate ionotropic receptor NMDA type subunit 2B,Q13224,mapped
2911,GRM1,NCBI,5027,epilepsy,MONDO,HGNC:4593,GRM1,glutamate metabotropic receptor 1,Q13255,mapped
348980,HCN1,NCBI,5027,epilepsy,MONDO,HGNC:4845,HCN1,hyperpolarization activated cyclic nucleotide gated potassium channel 1,O60741,mapped
3192,HNRNPU,NCBI,5027,epilepsy,MONDO,HGNC:5048,HNRNPU,heterogeneous nuclear ribonucleoprotein U,Q00839,mapped
3350,HTR1A,NCBI,5027,epilepsy,MONDO,HGNC:5286,HTR1A,5-hydroxytryptamine receptor 1A,P08908,mapped
3351,HTR1B,NCBI,5027,epilepsy,MONDO,HGNC:5287,HTR1B,5-hydroxytryptamine receptor 1B,P28222,mapped
3418,IDH2,NCBI,5027,epilepsy,MONDO,HGNC:5383,IDH2,isocitrate dehydrogenase (NADP(+)) 2,P48735,mapped
3456,IFNB1,NCBI,5027,epilepsy,MONDO,HGNC:5434,IFNB1,interferon beta 1,P01574,mapped
3553,IL1B,NCBI,5027,epilepsy,MONDO,HGNC:5992,IL1B,interleukin 1 beta,P01584,mapped
3569,IL6,NCBI,5027,epilepsy,MONDO,HGNC:6018,IL6,interleukin 6,P05231,mapped
3611,ILK,NCBI,5027,epilepsy,MONDO,HGNC:6040,ILK,integrin linked kinase,Q13418,mapped
3612,IMPA1,NCBI,5027,epilepsy,MONDO,HGNC:6050,IMPA1,inositol monophosphatase 1,P29218,mapped
3630,INS,NCBI,5027,epilepsy,MONDO,HGNC:6081,INS,insulin,P01308,mapped
23096,IQSEC2,NCBI,5027,epilepsy,MONDO,HGNC:29059,IQSEC2,IQ motif and Sec7 domain ArfGEF 2,Q5JU85,mapped
3737,KCNA2,NCBI,5027,epilepsy,MONDO,HGNC:6220,KCNA2,potassium voltage-gated channel subfamily A member 2,P16389,mapped
8514,KCNAB2,NCBI,5027,epilepsy,MONDO,HGNC:6229,KCNAB2,potassium voltage-gated channel subfamily A regulatory beta subunit 2,Q13303,mapped
3751,KCND2,NCBI,5027,epilepsy,MONDO,HGNC:6238,KCND2,potassium voltage-gated channel subfamily D member 2,Q9NZV8,mapped
3756,KCNH1,NCBI,5027,epilepsy,MONDO,HGNC:6250,KCNH1,potassium voltage-gated channel subfamily H member 1,O95259,mapped
27133,KCNH5,NCBI,5027,epilepsy,MONDO,HGNC:6254,KCNH5,potassium voltage-gated channel subfamily H member 5,Q8NCM2,mapped
3767,KCNJ11,NCBI,5027,epilepsy,MONDO,HGNC:6257,KCNJ11,potassium inwardly rectifying channel subfamily J member 11,Q14654,mapped
3785,KCNQ2,NCBI,5027,epilepsy,MONDO,HGNC:6296,KCNQ2,potassium voltage-gated channel subfamily Q member 2,O43526,mapped
343450,KCNT2,NCBI,5027,epilepsy,MONDO,HGNC:18866,KCNT2,potassium sodium-activated channel subfamily T member 2,Q6UVM3,mapped
8242,KDM5C,NCBI,5027,epilepsy,MONDO,HGNC:11114,KDM5C,lysine demethylase 5C,P41229,mapped
79944,L2HGDH,NCBI,5027,epilepsy,MONDO,HGNC:20499,L2HGDH,L-2-hydroxyglutarate dehydrogenase,Q9H9P8,mapped
3952,LEP,NCBI,5027,epilepsy,MONDO,HGNC:6553,LEP,leptin,P41159,mapped
3954,LETM1,NCBI,5027,epilepsy,MONDO,HGNC:6556,LETM1,leucine zipper and EF-hand containing transmembrane protein 1,O95202,mapped
81562,LMAN2L,NCBI,5027,epilepsy,MONDO,HGNC:19263,LMAN2L,"lectin, mannose binding 2 like",Q9H0V9,mapped
4204,MECP2,NCBI,5027,epilepsy,MONDO,HGNC:6990,MECP2,methyl-CpG binding protein 2,P51608,mapped
4208,MEF2C,NCBI,5027,epilepsy,MONDO,HGNC:6996,MEF2C,myocyte enhancer factor 2C,Q06413,mapped
57534,MIB1,NCBI,5027,epilepsy,MONDO,HGNC:21086,MIB1,MIB E3 ubiquitin protein ligase 1,Q86YT6,mapped
8777,MPDZ,NCBI,5027,epilepsy,MONDO,HGNC:7208,MPDZ,multiple PDZ domain crumbs cell polarity complex component,O75970,mapped
4504,MT3,NCBI,5027,epilepsy,MONDO,HGNC:7408,MT3,metallothionein 3,P25713,mapped
340533,NEXMIF,NCBI,5027,epilepsy,MONDO,HGNC:29433,NEXMIF,neurite extension and migration factor,Q5QGS0,mapped
4803,NGF,NCBI,5027,epilepsy,MONDO,HGNC:7808,NGF,nerve growth factor,P01138,mapped
4804,NGFR,NCBI,5027,epilepsy,MONDO,HGNC:7809,NGFR,nerve growth factor receptor,P08138,mapped
4842,NOS1,NCBI,5027,epilepsy,MONDO,HGNC:7872,NOS1,nitric oxide synthase 1,P29475,mapped
4843,NOS2,NCBI,5027,epilepsy,MONDO,HGNC:7873,NOS2,nitric oxide synthase 2,P35228,mapped
4852,NPY,NCBI,5027,epilepsy,MONDO,HGNC:7955,NPY,neuropeptide Y,P01303,mapped
4887,NPY2R,NCBI,5027,epilepsy,MONDO,HGNC:7957,NPY2R,neuropeptide Y receptor Y2,P49146,mapped
8828,NRP2,NCBI,5027,epilepsy,MONDO,HGNC:8005,NRP2,neuropilin 2,O60462,mapped
4985,OPRD1,NCBI,5027,epilepsy,MONDO,HGNC:8153,OPRD1,opioid receptor delta 1,P41143,mapped
4986,OPRK1,NCBI,5027,epilepsy,MONDO,HGNC:8154,OPRK1,opioid receptor kappa 1,P41145,mapped
4988,OPRM1,NCBI,5027,epilepsy,MONDO,HGNC:8156,OPRM1,opioid receptor mu 1,P35372,mapped
5020,OXT,NCBI,5027,epilepsy,MONDO,HGNC:8528,OXT,oxytocin/neurophysin I prepropeptide,P01178,mapped
22953,P2RX2,NCBI,5027,epilepsy,MONDO,HGNC:15459,P2RX2,purinergic receptor P2X 2,Q9UBL9,mapped
5025,P2RX4,NCBI,5027,epilepsy,MONDO,HGNC:8535,P2RX4,purinergic receptor P2X 4,Q99571,mapped
5066,PAM,NCBI,5027,epilepsy,MONDO,HGNC:8596,PAM,peptidylglycine alpha-amidating monooxygenase,P19021,mapped
51294,PCDH12,NCBI,5027,epilepsy,MONDO,HGNC:8657,PCDH12,protocadherin 12,Q9NPG4,mapped
57526,PCDH19,NCBI,5027,epilepsy,MONDO,HGNC:14270,PCDH19,protocadherin 19,Q8TAB3,mapped
5173,PDYN,NCBI,5027,epilepsy,MONDO,HGNC:8820,PDYN,prodynorphin,P01213,mapped
5283,PIGH,NCBI,5027,epilepsy,MONDO,HGNC:8964,PIGH,phosphatidylinositol glycan anchor biosynthesis class H,Q14442,mapped
93183,PIGM,NCBI,5027,epilepsy,MONDO,HGNC:18858,PIGM,phosphatidylinositol glycan anchor biosynthesis class M,Q9H3S5,mapped
9091,PIGQ,NCBI,5027,epilepsy,MONDO,HGNC:14135,PIGQ,phosphatidylinositol glycan anchor biosynthesis class Q,Q9BRB3,mapped
54886,PLPPR1,NCBI,5027,epilepsy,MONDO,HGNC:25993,PLPPR1,phospholipid phosphatase related 1,Q8TBJ4,mapped
11284,PNKP,NCBI,5027,epilepsy,MONDO,HGNC:9154,PNKP,polynucleotide kinase 3'-phosphatase,Q96T60,mapped
5428,POLG,NCBI,5027,epilepsy,MONDO,HGNC:9179,POLG,"DNA polymerase gamma, catalytic subunit",P54098,mapped
5443,POMC,NCBI,5027,epilepsy,MONDO,HGNC:9201,POMC,proopiomelanocortin,P01189,mapped
5580,PRKCD,NCBI,5027,epilepsy,MONDO,HGNC:9399,PRKCD,protein kinase C delta,Q05655,mapped
112476,PRRT2,NCBI,5027,epilepsy,MONDO,HGNC:30500,PRRT2,proline rich transmembrane protein 2,Q7Z6L0,mapped
5743,PTGS2,NCBI,5027,epilepsy,MONDO,HGNC:9605,PTGS2,prostaglandin-endoperoxide synthase 2,P35354,mapped
5813,PURA,NCBI,5027,epilepsy,MONDO,HGNC:9701,PURA,purine rich element binding protein A,Q00577,mapped
5816,PVALB,NCBI,5027,epilepsy,MONDO,HGNC:9704,PVALB,parvalbumin,P20472,mapped
116442,RAB39B,NCBI,5027,epilepsy,MONDO,HGNC:16499,RAB39B,"RAB39B, member RAS oncogene family",Q96DA2,mapped
57038,RARS2,NCBI,5027,epilepsy,MONDO,HGNC:21406,RARS2,"arginyl-tRNA synthetase 2, mitochondrial",Q5T160,mapped
54715,RBFOX1,NCBI,5027,epilepsy,MONDO,HGNC:18222,RBFOX1,RNA binding fox-1 homolog 1,Q9NWB1,mapped
5978,REST,NCBI,5027,epilepsy,MONDO,HGNC:9966,REST,RE1 silencing transcription factor,Q13127,mapped
6323,SCN1A,NCBI,5027,epilepsy,MONDO,HGNC:10585,SCN1A,sodium voltage-gated channel alpha subunit 1,P35498,mapped
6326,SCN2A,NCBI,5027,epilepsy,MONDO,HGNC:10588,SCN2A,sodium voltage-gated channel alpha subunit 2,Q99250,mapped
6334,SCN8A,NCBI,5027,epilepsy,MONDO,HGNC:10596,SCN8A,sodium voltage-gated channel alpha subunit 8,Q9UQD0,mapped
6335,SCN9A,NCBI,5027,epilepsy,MONDO,HGNC:10597,SCN9A,sodium voltage-gated channel alpha subunit 9,Q15858,mapped
6415,SELENOW,NCBI,5027,epilepsy,MONDO,HGNC:10752,SELENOW,selenoprotein W,P63302,mapped
9739,SETD1A,NCBI,5027,epilepsy,MONDO,HGNC:29010,SETD1A,"SET domain containing 1A, histone lysine methyltransferase",O15047,mapped
10280,SIGMAR1,NCBI,5027,epilepsy,MONDO,HGNC:8157,SIGMAR1,sigma receptor chaperone 1,Q99720,mapped
6558,SLC12A2,NCBI,5027,epilepsy,MONDO,HGNC:10911,SLC12A2,solute carrier family 12 member 2,P55011,mapped
57468,SLC12A5,NCBI,5027,epilepsy,MONDO,HGNC:13818,SLC12A5,solute carrier family 12 member 5,Q9H2X9,mapped
57030,SLC17A7,NCBI,5027,epilepsy,MONDO,HGNC:16704,SLC17A7,solute carrier family 17 member 7,Q9P2U7,mapped
6505,SLC1A1,NCBI,5027,epilepsy,MONDO,HGNC:10939,SLC1A1,solute carrier family 1 member 1,P43005,mapped
6506,SLC1A2,NCBI,5027,epilepsy,MONDO,HGNC:10940,SLC1A2,solute carrier family 1 member 2,P43004,mapped
6507,SLC1A3,NCBI,5027,epilepsy,MONDO,HGNC:10941,SLC1A3,solute carrier family 1 member 3,P43003,mapped
6513,SLC2A1,NCBI,5027,epilepsy,MONDO,HGNC:11005,SLC2A1,solute carrier family 2 member 1,P11166,mapped
7779,SLC30A1,NCBI,5027,epilepsy,MONDO,HGNC:11012,SLC30A1,solute carrier family 30 member 1,Q9Y6M5,mapped
7355,SLC35A2,NCBI,5027,epilepsy,MONDO,HGNC:11022,SLC35A2,solute carrier family 35 member A2,P78381,mapped
57282,SLC4A10,NCBI,5027,epilepsy,MONDO,HGNC:13811,SLC4A10,solute carrier family 4 member 10,Q6U841,mapped
8884,SLC5A6,NCBI,5027,epilepsy,MONDO,HGNC:11041,SLC5A6,solute carrier family 5 member 6,Q9Y289,mapped
6529,SLC6A1,NCBI,5027,epilepsy,MONDO,HGNC:11042,SLC6A1,solute carrier family 6 member 1,P30531,mapped
6530,SLC6A2,NCBI,5027,epilepsy,MONDO,HGNC:11048,SLC6A2,solute carrier family 6 member 2,P23975,mapped
6546,SLC8A1,NCBI,5027,epilepsy,MONDO,HGNC:11068,SLC8A1,solute carrier family 8 member A1,P32418,mapped
6547,SLC8A3,NCBI,5027,epilepsy,MONDO,HGNC:11070,SLC8A3,solute carrier family 8 member A3,P57103,mapped
8243,SMC1A,NCBI,5027,epilepsy,MONDO,HGNC:11111,SMC1A,structural maintenance of chromosomes 1A,Q14683,mapped
6616,SNAP25,NCBI,5027,epilepsy,MONDO,HGNC:11132,SNAP25,synaptosome associated protein 25,P60880,mapped
6648,SOD2,NCBI,5027,epilepsy,MONDO,HGNC:11180,SOD2,superoxide dismutase 2,P04179,mapped
8404,SPARCL1,NCBI,5027,epilepsy,MONDO,HGNC:11220,SPARCL1,SPARC like 1,Q14515,mapped
6750,SST,NCBI,5027,epilepsy,MONDO,HGNC:11329,SST,somatostatin,P61278,mapped
6752,SSTR2,NCBI,5027,epilepsy,MONDO,HGNC:11331,SSTR2,somatostatin receptor 2,P30874,mapped
10617,STAMBP,NCBI,5027,epilepsy,MONDO,HGNC:16950,STAMBP,STAM binding protein,O95630,mapped
112755,STX1B,NCBI,5027,epilepsy,MONDO,HGNC:18539,STX1B,syntaxin 1B,P61266,mapped
6812,STXBP1,NCBI,5027,epilepsy,MONDO,HGNC:11444,STXBP1,syntaxin binding protein 1,P61764,mapped
6854,SYN2,NCBI,5027,epilepsy,MONDO,HGNC:11495,SYN2,synapsin II,Q92777,mapped
8831,SYNGAP1,NCBI,5027,epilepsy,MONDO,HGNC:11497,SYNGAP1,synaptic Ras GTPase activating protein 1,Q96PV0,mapped
26115,TANC2,NCBI,5027,epilepsy,MONDO,HGNC:30212,TANC2,"tetratricopeptide repeat, ankyrin repeat and coiled-coil containing 2",Q9HCD6,mapped
6904,TBCD,NCBI,5027,epilepsy,MONDO,HGNC:11581,TBCD,tubulin folding cofactor D,Q9BTW9,mapped
6925,TCF4,NCBI,5027,epilepsy,MONDO,HGNC:11634,TCF4,transcription factor 4,P15884,mapped
7040,TGFB1,NCBI,5027,epilepsy,MONDO,HGNC:11766,TGFB1,transforming growth factor beta 1,P01137,mapped
7200,TRH,NCBI,5027,epilepsy,MONDO,HGNC:12298,TRH,thyrotropin releasing hormone,P20396,mapped
7248,TSC1,NCBI,5027,epilepsy,MONDO,HGNC:12362,TSC1,TSC complex subunit 1,Q92574,mapped
7249,TSC2,NCBI,5027,epilepsy,MONDO,HGNC:12363,TSC2,TSC complex subunit 2,P49815,mapped
7296,TXNRD1,NCBI,5027,epilepsy,MONDO,HGNC:12437,TXNRD1,thioredoxin reductase 1,Q16881,mapped
7337,UBE3A,NCBI,5027,epilepsy,MONDO,HGNC:12496,UBE3A,ubiquitin protein ligase E3A,Q05086,mapped
7416,VDAC1,NCBI,5027,epilepsy,MONDO,HGNC:12669,VDAC1,voltage dependent anion channel 1,P21796,mapped
7417,VDAC2,NCBI,5027,epilepsy,MONDO,HGNC:12672,VDAC2,voltage dependent anion channel 2,P45880,mapped
11152,WDR45,NCBI,5027,epilepsy,MONDO,HGNC:28912,WDR45,WD repeat domain 45,Q9Y484,mapped
51114,ZDHHC9,NCBI,5027,epilepsy,MONDO,HGNC:18475,ZDHHC9,zDHHC palmitoyltransferase 9,Q9Y397,mapped
5243,ABCB1,NCBI,2009_12050_12100,major depressive disorder,MONDO_grouped,HGNC:40,ABCB1,ATP binding cassette subfamily B member 1,P08183,mapped
25890,ABI3BP,NCBI,2009_12050_12100,major depressive disorder,MONDO_grouped,HGNC:17265,ABI3BP,ABI family member 3 binding protein,Q7Z7G0,mapped
1636,ACE,NCBI,2009_12050_12100,major depressive disorder,MONDO_grouped,HGNC:2707,ACE,angiotensin I converting enzyme,P12821,mapped
52,ACP1,NCBI,2009_12050_12100,major depressive disorder,MONDO_grouped,HGNC:122,ACP1,acid phosphatase 1,P24666,mapped
2182,ACSL4,NCBI,2009_12050_12100,major depressive disorder,MONDO_grouped,HGNC:3571,ACSL4,acyl-CoA synthetase long chain family member 4,O60488,mapped
116285,ACSM1,NCBI,2009_12050_12100,major depressive disorder,MONDO_grouped,HGNC:18049,ACSM1,acyl-CoA synthetase medium chain family member 1,Q08AH1,mapped
111,ADCY5,NCBI,2009_12050_12100,major depressive disorder,MONDO_grouped,HGNC:236,ADCY5,adenylate cyclase 5,O95622,mapped
113,ADCY7,NCBI,2009_12050_12100,major depressive disorder,MONDO_grouped,HGNC:238,ADCY7,adenylate cyclase 7,P51828,mapped
135,ADORA2A,NCBI,2009_12050_12100,major depressive disorder,MONDO_grouped,HGNC:263,ADORA2A,adenosine A2a receptor,P29274,mapped
148,ADRA1A,NCBI,2009_12050_12100,major depressive disorder,MONDO_grouped,HGNC:277,ADRA1A,adrenoceptor alpha 1A,P35348,mapped
10270,AKAP8,NCBI,2009_12050_12100,major depressive disorder,MONDO_grouped,HGNC:378,AKAP8,A-kinase anchoring protein 8,O43823,mapped
213,ALB,NCBI,2009_12050_12100,major depressive disorder,MONDO_grouped,HGNC:399,ALB,albumin,P02768,mapped
290,ANPEP,NCBI,2009_12050_12100,major depressive disorder,MONDO_grouped,HGNC:500,ANPEP,"alanyl aminopeptidase, membrane",P15144,mapped
317,APAF1,NCBI,2009_12050_12100,major depressive disorder,MONDO_grouped,HGNC:576,APAF1,apoptotic peptidase activating factor 1,O14727,mapped
351,APP,NCBI,2009_12050_12100,major depressive disorder,MONDO_grouped,HGNC:620,APP,amyloid beta precursor protein,P05067,mapped
353,APRT,NCBI,2009_12050_12100,major depressive disorder,MONDO_grouped,HGNC:626,APRT,adenine phosphoribosyltransferase,P07741,mapped
408,ARRB1,NCBI,2009_12050_12100,major depressive disorder,MONDO_grouped,HGNC:711,ARRB1,arrestin beta 1,P49407,mapped
410,ARSA,NCBI,2009_12050_12100,major depressive disorder,MONDO_grouped,HGNC:713,ARSA,arylsulfatase A,P15289,mapped
9048,ARTN,NCBI,2009_12050_12100,major depressive disorder,MONDO_grouped,HGNC:727,ARTN,artemin,Q5T4W7,mapped
540,ATP7B,NCBI,2009_12050_12100,major depressive disorder,MONDO_grouped,HGNC:870,ATP7B,ATPase copper transporting beta,P35670,mapped
551,AVP,NCBI,2009_12050_12100,major depressive disorder,MONDO_grouped,HGNC:894,AVP,arginine vasopressin,P01185,mapped
607,BCL9,NCBI,2009_12050_12100,major depressive disorder,MONDO_grouped,HGNC:1008,BCL9,BCL9 transcription coactivator,O00512,mapped
613,BCR,NCBI,2009_12050_12100,major depressive disorder,MONDO_grouped,HGNC:1014,BCR,BCR activator of RhoGEF and GTPase,P11274,mapped
624,BDKRB2,NCBI,2009_12050_12100,major depressive disorder,MONDO_grouped,HGNC:1030,BDKRB2,bradykinin receptor B2,P30411,mapped
627,BDNF,NCBI,2009_12050_12100,major depressive disorder,MONDO_grouped,HGNC:1033,BDNF,brain derived neurotrophic factor,P23560,mapped
655,BMP7,NCBI,2009_12050_12100,major depressive disorder,MONDO_grouped,HGNC:1074,BMP7,bone morphogenetic protein 7,P18075,mapped
775,CACNA1C,NCBI,2009_12050_12100,major depressive disorder,MONDO_grouped,HGNC:1390,CACNA1C,calcium voltage-gated channel subunit alpha1 C,Q13936,mapped
23705,CADM1,NCBI,2009_12050_12100,major depressive disorder,MONDO_grouped,HGNC:5951,CADM1,cell adhesion molecule 1,Q9BY67,mapped
815,CAMK2A,NCBI,2009_12050_12100,major depressive disorder,MONDO_grouped,HGNC:1460,CAMK2A,calcium/calmodulin dependent protein kinase II alpha,Q9UQM7,mapped
847,CAT,NCBI,2009_12050_12100,major depressive disorder,MONDO_grouped,HGNC:1516,CAT,catalase,P04040,mapped
54862,CC2D1A,NCBI,2009_12050_12100,major depressive disorder,MONDO_grouped,HGNC:30237,CC2D1A,coiled-coil and C2 domain containing 1A,Q6P1N0,mapped
886,CCKAR,NCBI,2009_12050_12100,major depressive disorder,MONDO_grouped,HGNC:1570,CCKAR,cholecystokinin A receptor,P32238,mapped
6347,CCL2,NCBI,2009_12050_12100,major depressive disorder,MONDO_grouped,HGNC:10618,CCL2,C-C motif chemokine ligand 2,P13500,mapped
6369,CCL24,NCBI,2009_12050_12100,major depressive disorder,MONDO_grouped,HGNC:10623,CCL24,C-C motif chemokine ligand 24,O00175,mapped
595,CCND1,NCBI,2009_12050_12100,major depressive disorder,MONDO_grouped,HGNC:1582,CCND1,cyclin D1,P24385,mapped
947,CD34,NCBI,2009_12050_12100,major depressive disorder,MONDO_grouped,HGNC:1662,CD34,CD34 molecule,P28906,mapped
1005,CDH7,NCBI,2009_12050_12100,major depressive disorder,MONDO_grouped,HGNC:1766,CDH7,cadherin 7,Q9ULB5,mapped
1029,CDKN2A,NCBI,2009_12050_12100,major depressive disorder,MONDO_grouped,HGNC:1787,CDKN2A,cyclin dependent kinase inhibitor 2A,P42771,mapped
1029,CDKN2A,NCBI,2009_12050_12100,major depressive disorder,MONDO_grouped,HGNC:1787,CDKN2A,cyclin dependent kinase inhibitor 2A,Q8N726,mapped
9575,CLOCK,NCBI,2009_12050_12100,major depressive disorder,MONDO_grouped,HGNC:2082,CLOCK,clock circadian regulator,O15516,mapped
202333,CMYA5,NCBI,2009_12050_12100,major depressive disorder,MONDO_grouped,HGNC:14305,CMYA5,cardiomyopathy associated 5,Q8N3K9,mapped
1267,CNP,NCBI,2009_12050_12100,major depressive disorder,MONDO_grouped,HGNC:2158,CNP,"2',3'-cyclic nucleotide 3' phosphodiesterase",P09543,mapped
1268,CNR1,NCBI,2009_12050_12100,major depressive disorder,MONDO_grouped,HGNC:2159,CNR1,cannabinoid receptor 1,P21554,mapped
1269,CNR2,NCBI,2009_12050_12100,major depressive disorder,MONDO_grouped,HGNC:2160,CNR2,cannabinoid receptor 2,P34972,mapped
26047,CNTNAP2,NCBI,2009_12050_12100,major depressive disorder,MONDO_grouped,HGNC:13830,CNTNAP2,contactin associated protein 2,Q9UHC6,mapped
1312,COMT,NCBI,2009_12050_12100,major depressive disorder,MONDO_grouped,HGNC:2228,COMT,catechol-O-methyltransferase,P21964,mapped
1385,CREB1,NCBI,2009_12050_12100,major depressive disorder,MONDO_grouped,HGNC:2345,CREB1,cAMP responsive element binding protein 1,P16220,mapped
1387,CREBBP,NCBI,2009_12050_12100,major depressive disorder,MONDO_grouped,HGNC:2348,CREBBP,CREB binding lysine acetyltransferase ,Q92793,mapped
1392,CRH,NCBI,2009_12050_12100,major depressive disorder,MONDO_grouped,HGNC:2355,CRH,corticotropin releasing hormone,P06850,mapped
1393,CRHBP,NCBI,2009_12050_12100,major depressive disorder,MONDO_grouped,HGNC:2356,CRHBP,corticotropin releasing hormone binding protein,P24387,mapped
1394,CRHR1,NCBI,2009_12050_12100,major depressive disorder,MONDO_grouped,HGNC:2357,CRHR1,corticotropin releasing hormone receptor 1,P34998,mapped
1401,CRP,NCBI,2009_12050_12100,major depressive disorder,MONDO_grouped,HGNC:2367,CRP,C-reactive protein,P02741,mapped
1439,CSF2RB,NCBI,2009_12050_12100,major depressive disorder,MONDO_grouped,HGNC:2436,CSF2RB,colony stimulating factor 2 receptor subunit beta,P32927,mapped
1440,CSF3,NCBI,2009_12050_12100,major depressive disorder,MONDO_grouped,HGNC:2438,CSF3,colony stimulating factor 3,P09919,mapped
1493,CTLA4,NCBI,2009_12050_12100,major depressive disorder,MONDO_grouped,HGNC:2505,CTLA4,cytotoxic T-lymphocyte associated protein 4,P16410,mapped
1501,CTNND2,NCBI,2009_12050_12100,major depressive disorder,MONDO_grouped,HGNC:2516,CTNND2,catenin delta 2,Q9UQB3,mapped
1523,CUX1,NCBI,2009_12050_12100,major depressive disorder,MONDO_grouped,HGNC:2557,CUX1,cut like homeobox 1,P39880,mapped
1523,CUX1,NCBI,2009_12050_12100,major depressive disorder,MONDO_grouped,HGNC:2557,CUX1,cut like homeobox 1,Q13948,mapped
3627,CXCL10,NCBI,2009_12050_12100,major depressive disorder,MONDO_grouped,HGNC:10637,CXCL10,C-X-C motif chemokine ligand 10,P02778,mapped
1557,CYP2C19,NCBI,2009_12050_12100,major depressive disorder,MONDO_grouped,HGNC:2621,CYP2C19,cytochrome P450 family 2 subfamily C member 19,P33261,mapped
1559,CYP2C9,NCBI,2009_12050_12100,major depressive disorder,MONDO_grouped,HGNC:2623,CYP2C9,cytochrome P450 family 2 subfamily C member 9,P11712,mapped
1565,CYP2D6,NCBI,2009_12050_12100,major depressive disorder,MONDO_grouped,HGNC:2625,CYP2D6,cytochrome P450 family 2 subfamily D member 6 (gene/pseudogene),P10635,mapped
267012,DAOA,NCBI,2009_12050_12100,major depressive disorder,MONDO_grouped,HGNC:21191,DAOA,D-amino acid oxidase activator,P59103,mapped
1621,DBH,NCBI,2009_12050_12100,major depressive disorder,MONDO_grouped,HGNC:2689,DBH,dopamine beta-hydroxylase,P09172,mapped
140947,DCANP1,NCBI,2009_12050_12100,major depressive disorder,MONDO_grouped,HGNC:24459,DCANP1,dendritic cell associated nuclear protein 1,Q8TF63,mapped
1644,DDC,NCBI,2009_12050_12100,major depressive disorder,MONDO_grouped,HGNC:2719,DDC,dopa decarboxylase,P20711,mapped
54541,DDIT4,NCBI,2009_12050_12100,major depressive disorder,MONDO_grouped,HGNC:24944,DDIT4,DNA damage inducible transcript 4,Q9NX09,mapped
10522,DEAF1,NCBI,2009_12050_12100,major depressive disorder,MONDO_grouped,HGNC:14677,DEAF1,DEAF1 transcription factor,O75398,mapped
27185,DISC1,NCBI,2009_12050_12100,major depressive disorder,MONDO_grouped,HGNC:2888,DISC1,DISC1 scaffold protein,Q9NRI5,mapped
85458,DIXDC1,NCBI,2009_12050_12100,major depressive disorder,MONDO_grouped,HGNC:23695,DIXDC1,DIX domain containing 1,Q155Q3,mapped
1740,DLG2,NCBI,2009_12050_12100,major depressive disorder,MONDO_grouped,HGNC:2901,DLG2,discs large MAGUK scaffold protein 2,Q15700,mapped
1741,DLG3,NCBI,2009_12050_12100,major depressive disorder,MONDO_grouped,HGNC:2902,DLG3,discs large MAGUK scaffold protein 3,Q92796,mapped
1742,DLG4,NCBI,2009_12050_12100,major depressive disorder,MONDO_grouped,HGNC:2903,DLG4,discs large MAGUK scaffold protein 4,P78352,mapped
1813,DRD2,NCBI,2009_12050_12100,major depressive disorder,MONDO_grouped,HGNC:3023,DRD2,dopamine receptor D2,P14416,mapped
1814,DRD3,NCBI,2009_12050_12100,major depressive disorder,MONDO_grouped,HGNC:3024,DRD3,dopamine receptor D3,P35462,mapped
1815,DRD4,NCBI,2009_12050_12100,major depressive disorder,MONDO_grouped,HGNC:3025,DRD4,dopamine receptor D4,P21917,mapped
1816,DRD5,NCBI,2009_12050_12100,major depressive disorder,MONDO_grouped,HGNC:3026,DRD5,dopamine receptor D5,P21918,mapped
84062,DTNBP1,NCBI,2009_12050_12100,major depressive disorder,MONDO_grouped,HGNC:17328,DTNBP1,dystrobrevin binding protein 1,Q96EV8,mapped
9695,EDEM1,NCBI,2009_12050_12100,major depressive disorder,MONDO_grouped,HGNC:18967,EDEM1,ER degradation enhancing alpha-mannosidase like protein 1,Q92611,mapped
1906,EDN1,NCBI,2009_12050_12100,major depressive disorder,MONDO_grouped,HGNC:3176,EDN1,endothelin 1,P05305,mapped
1950,EGF,NCBI,2009_12050_12100,major depressive disorder,MONDO_grouped,HGNC:3229,EGF,epidermal growth factor,P01133,mapped
1956,EGFR,NCBI,2009_12050_12100,major depressive disorder,MONDO_grouped,HGNC:3236,EGFR,epidermal growth factor receptor,P00533,mapped
30845,EHD3,NCBI,2009_12050_12100,major depressive disorder,MONDO_grouped,HGNC:3244,EHD3,EH domain containing 3,Q9NZN3,mapped
1975,EIF4B,NCBI,2009_12050_12100,major depressive disorder,MONDO_grouped,HGNC:3285,EIF4B,eukaryotic translation initiation factor 4B,P23588,mapped
2012,EMP1,NCBI,2009_12050_12100,major depressive disorder,MONDO_grouped,HGNC:3333,EMP1,epithelial membrane protein 1,P54849,mapped
2028,ENPEP,NCBI,2009_12050_12100,major depressive disorder,MONDO_grouped,HGNC:3355,ENPEP,glutamyl aminopeptidase,Q07075,mapped
2065,ERBB3,NCBI,2009_12050_12100,major depressive disorder,MONDO_grouped,HGNC:3431,ERBB3,erb-b2 receptor tyrosine kinase 3,P21860,mapped
2100,ESR2,NCBI,2009_12050_12100,major depressive disorder,MONDO_grouped,HGNC:3468,ESR2,estrogen receptor 2,Q92731,mapped
2247,FGF2,NCBI,2009_12050_12100,major depressive disorder,MONDO_grouped,HGNC:3676,FGF2,fibroblast growth factor 2,P09038,mapped
2260,FGFR1,NCBI,2009_12050_12100,major depressive disorder,MONDO_grouped,HGNC:3688,FGFR1,fibroblast growth factor receptor 1,P11362,mapped
2288,FKBP4,NCBI,2009_12050_12100,major depressive disorder,MONDO_grouped,HGNC:3720,FKBP4,FKBP prolyl isomerase 4,Q02790,mapped
2289,FKBP5,NCBI,2009_12050_12100,major depressive disorder,MONDO_grouped,HGNC:3721,FKBP5,FKBP prolyl isomerase 5,Q13451,mapped
2332,FMR1,NCBI,2009_12050_12100,major depressive disorder,MONDO_grouped,HGNC:3775,FMR1,fragile X messenger ribonucleoprotein 1,Q06787,mapped
27022,FOXD3,NCBI,2009_12050_12100,major depressive disorder,MONDO_grouped,HGNC:3804,FOXD3,forkhead box D3,Q9UJU5,mapped
93986,FOXP2,NCBI,2009_12050_12100,major depressive disorder,MONDO_grouped,HGNC:13875,FOXP2,forkhead box P2,O15409,mapped
166752,FREM3,NCBI,2009_12050_12100,major depressive disorder,MONDO_grouped,HGNC:25172,FREM3,FRAS1 related extracellular matrix 3,P0C091,mapped
2495,FTH1,NCBI,2009_12050_12100,major depressive disorder,MONDO_grouped,HGNC:3976,FTH1,ferritin heavy chain 1,P02794,mapped
2512,FTL,NCBI,2009_12050_12100,major depressive disorder,MONDO_grouped,HGNC:3999,FTL,ferritin light chain,P02792,mapped
9568,GABBR2,NCBI,2009_12050_12100,major depressive disorder,MONDO_grouped,HGNC:4507,GABBR2,gamma-aminobutyric acid type B receptor subunit 2,O75899,mapped
2571,GAD1,NCBI,2009_12050_12100,major depressive disorder,MONDO_grouped,HGNC:4092,GAD1,glutamate decarboxylase 1,Q99259,mapped
2572,GAD2,NCBI,2009_12050_12100,major depressive disorder,MONDO_grouped,HGNC:4093,GAD2,glutamate decarboxylase 2,Q05329,mapped
51083,GAL,NCBI,2009_12050_12100,major depressive disorder,MONDO_grouped,HGNC:4114,GAL,galanin and GMAP prepropeptide,P22466,mapped
2587,GALR1,NCBI,2009_12050_12100,major depressive disorder,MONDO_grouped,HGNC:4132,GALR1,galanin receptor 1,P47211,mapped
8811,GALR2,NCBI,2009_12050_12100,major depressive disorder,MONDO_grouped,HGNC:4133,GALR2,galanin receptor 2,O43603,mapped
8484,GALR3,NCBI,2009_12050_12100,major depressive disorder,MONDO_grouped,HGNC:4134,GALR3,galanin receptor 3,O60755,mapped
51573,GDE1,NCBI,2009_12050_12100,major depressive disorder,MONDO_grouped,HGNC:29644,GDE1,glycerophosphodiester phosphodiesterase 1,Q9NZC3,mapped
2668,GDNF,NCBI,2009_12050_12100,major depressive disorder,MONDO_grouped,HGNC:4232,GDNF,glial cell derived neurotrophic factor,P39905,mapped
2670,GFAP,NCBI,2009_12050_12100,major depressive disorder,MONDO_grouped,HGNC:4235,GFAP,glial fibrillary acidic protein,P14136,mapped
51738,GHRL,NCBI,2009_12050_12100,major depressive disorder,MONDO_grouped,HGNC:18129,GHRL,ghrelin and obestatin prepropeptide,Q9UBU3,mapped
2697,GJA1,NCBI,2009_12050_12100,major depressive disorder,MONDO_grouped,HGNC:4274,GJA1,gap junction protein alpha 1,P17302,mapped
2739,GLO1,NCBI,2009_12050_12100,major depressive disorder,MONDO_grouped,HGNC:4323,GLO1,glyoxalase I,Q04760,mapped
55830,GLT8D1,NCBI,2009_12050_12100,major depressive disorder,MONDO_grouped,HGNC:24870,GLT8D1,glycosyltransferase 8 domain containing 1,Q68CQ7,mapped
51291,GMIP,NCBI,2009_12050_12100,major depressive disorder,MONDO_grouped,HGNC:24852,GMIP,GEM interacting protein,Q9P107,mapped
2778,GNAS,NCBI,2009_12050_12100,major depressive disorder,MONDO_grouped,HGNC:4392,GNAS,GNAS complex locus,O95467,mapped
2778,GNAS,NCBI,2009_12050_12100,major depressive disorder,MONDO_grouped,HGNC:4392,GNAS,GNAS complex locus,P63092,mapped
2778,GNAS,NCBI,2009_12050_12100,major depressive disorder,MONDO_grouped,HGNC:4392,GNAS,GNAS complex locus,P84996,mapped
2778,GNAS,NCBI,2009_12050_12100,major depressive disorder,MONDO_grouped,HGNC:4392,GNAS,GNAS complex locus,Q5JWF2,mapped
2782,GNB1,NCBI,2009_12050_12100,major depressive disorder,MONDO_grouped,HGNC:4396,GNB1,G protein subunit beta 1,P62873,mapped
2784,GNB3,NCBI,2009_12050_12100,major depressive disorder,MONDO_grouped,HGNC:4400,GNB3,G protein subunit beta 3,P16520,mapped
2891,GRIA2,NCBI,2009_12050_12100,major depressive disorder,MONDO_grouped,HGNC:4572,GRIA2,glutamate ionotropic receptor AMPA type subunit 2,P42262,mapped
2900,GRIK4,NCBI,2009_12050_12100,major depressive disorder,MONDO_grouped,HGNC:4582,GRIK4,glutamate ionotropic receptor kainate type subunit 4,Q16099,mapped
2915,GRM5,NCBI,2009_12050_12100,major depressive disorder,MONDO_grouped,HGNC:4597,GRM5,glutamate metabotropic receptor 5,P41594,mapped
2917,GRM7,NCBI,2009_12050_12100,major depressive disorder,MONDO_grouped,HGNC:4599,GRM7,glutamate metabotropic receptor 7,Q14831,mapped
2931,GSK3A,NCBI,2009_12050_12100,major depressive disorder,MONDO_grouped,HGNC:4616,GSK3A,glycogen synthase kinase 3 alpha,P49840,mapped
2932,GSK3B,NCBI,2009_12050_12100,major depressive disorder,MONDO_grouped,HGNC:4617,GSK3B,glycogen synthase kinase 3 beta,P49841,mapped
10014,HDAC5,NCBI,2009_12050_12100,major depressive disorder,MONDO_grouped,HGNC:14068,HDAC5,histone deacetylase 5,Q9UQL6,mapped
3091,HIF1A,NCBI,2009_12050_12100,major depressive disorder,MONDO_grouped,HGNC:4910,HIF1A,hypoxia inducible factor 1 subunit alpha,Q16665,mapped
3131,HLF,NCBI,2009_12050_12100,major depressive disorder,MONDO_grouped,HGNC:4977,HLF,"HLF transcription factor, PAR bZIP family member",Q16534,mapped
9456,HOMER1,NCBI,2009_12050_12100,major depressive disorder,MONDO_grouped,HGNC:17512,HOMER1,homer scaffold protein 1,Q86YM7,mapped
3240,HP,NCBI,2009_12050_12100,major depressive disorder,MONDO_grouped,HGNC:5141,HP,haptoglobin,P00738,mapped
10855,HPSE,NCBI,2009_12050_12100,major depressive disorder,MONDO_grouped,HGNC:5164,HPSE,heparanase,Q9Y251,mapped
3320,HSP90AA1,NCBI,2009_12050_12100,major depressive disorder,MONDO_grouped,HGNC:5253,HSP90AA1,heat shock protein 90 alpha family class A member 1,P07900,mapped
3303,HSPA1A,NCBI,2009_12050_12100,major depressive disorder,MONDO_grouped,HGNC:5232,HSPA1A,heat shock protein family A (Hsp70) member 1A,P0DMV8,mapped
3304,HSPA1B,NCBI,2009_12050_12100,major depressive disorder,MONDO_grouped,HGNC:5233,HSPA1B,heat shock protein family A (Hsp70) member 1B,P0DMV9,mapped
3305,HSPA1L,NCBI,2009_12050_12100,major depressive disorder,MONDO_grouped,HGNC:5234,HSPA1L,heat shock protein family A (Hsp70) member 1 like,P34931,mapped
3350,HTR1A,NCBI,2009_12050_12100,major depressive disorder,MONDO_grouped,HGNC:5286,HTR1A,5-hydroxytryptamine receptor 1A,P08908,mapped
3351,HTR1B,NCBI,2009_12050_12100,major depressive disorder,MONDO_grouped,HGNC:5287,HTR1B,5-hydroxytryptamine receptor 1B,P28222,mapped
3356,HTR2A,NCBI,2009_12050_12100,major depressive disorder,MONDO_grouped,HGNC:5293,HTR2A,5-hydroxytryptamine receptor 2A,P28223,mapped
3358,HTR2C,NCBI,2009_12050_12100,major depressive disorder,MONDO_grouped,HGNC:5295,HTR2C,5-hydroxytryptamine receptor 2C,P28335,mapped
3359,HTR3A,NCBI,2009_12050_12100,major depressive disorder,MONDO_grouped,HGNC:5297,HTR3A,5-hydroxytryptamine receptor 3A,P46098,mapped
9177,HTR3B,NCBI,2009_12050_12100,major depressive disorder,MONDO_grouped,HGNC:5298,HTR3B,5-hydroxytryptamine receptor 3B,O95264,mapped
3363,HTR7,NCBI,2009_12050_12100,major depressive disorder,MONDO_grouped,HGNC:5302,HTR7,5-hydroxytryptamine receptor 7,P34969,mapped
10964,IFI44L,NCBI,2009_12050_12100,major depressive disorder,MONDO_grouped,HGNC:17817,IFI44L,interferon induced protein 44 like,Q53G44,mapped
2537,IFI6,NCBI,2009_12050_12100,major depressive disorder,MONDO_grouped,HGNC:4054,IFI6,interferon alpha inducible protein 6,P09912,mapped
3439,IFNA1,NCBI,2009_12050_12100,major depressive disorder,MONDO_grouped,HGNC:5417,IFNA1,interferon alpha 1,P0DY56,mapped
3440,IFNA2,NCBI,2009_12050_12100,major depressive disorder,MONDO_grouped,HGNC:5423,IFNA2,interferon alpha 2,P01563,mapped
3458,IFNG,NCBI,2009_12050_12100,major depressive disorder,MONDO_grouped,HGNC:5438,IFNG,interferon gamma,P01579,mapped
9641,IKBKE,NCBI,2009_12050_12100,major depressive disorder,MONDO_grouped,HGNC:14552,IKBKE,inhibitor of nuclear factor kappa B kinase subunit epsilon,Q14164,mapped
3589,IL11,NCBI,2009_12050_12100,major depressive disorder,MONDO_grouped,HGNC:5966,IL11,interleukin 11,P20809,mapped
3553,IL1B,NCBI,2009_12050_12100,major depressive disorder,MONDO_grouped,HGNC:5992,IL1B,interleukin 1 beta,P01584,mapped
3558,IL2,NCBI,2009_12050_12100,major depressive disorder,MONDO_grouped,HGNC:6001,IL2,interleukin 2,P60568,mapped
50604,IL20,NCBI,2009_12050_12100,major depressive disorder,MONDO_grouped,HGNC:6002,IL20,interleukin 20,Q9NYY1,mapped
11009,IL24,NCBI,2009_12050_12100,major depressive disorder,MONDO_grouped,HGNC:11346,IL24,interleukin 24,Q13007,mapped
3559,IL2RA,NCBI,2009_12050_12100,major depressive disorder,MONDO_grouped,HGNC:6008,IL2RA,interleukin 2 receptor subunit alpha,P01589,mapped
3569,IL6,NCBI,2009_12050_12100,major depressive disorder,MONDO_grouped,HGNC:6018,IL6,interleukin 6,P05231,mapped
3665,IRF7,NCBI,2009_12050_12100,major depressive disorder,MONDO_grouped,HGNC:6122,IRF7,interferon regulatory factor 7,Q92985,mapped
9636,ISG15,NCBI,2009_12050_12100,major depressive disorder,MONDO_grouped,HGNC:4053,ISG15,ISG15 ubiquitin like modifier,P05161,mapped
3697,ITIH1,NCBI,2009_12050_12100,major depressive disorder,MONDO_grouped,HGNC:6166,ITIH1,inter-alpha-trypsin inhibitor heavy chain 1,P19827,mapped
8997,KALRN,NCBI,2009_12050_12100,major depressive disorder,MONDO_grouped,HGNC:4814,KALRN,kalirin RhoGEF kinase,O60229,mapped
3776,KCNK2,NCBI,2009_12050_12100,major depressive disorder,MONDO_grouped,HGNC:6277,KCNK2,potassium two pore domain channel subfamily K member 2,O95069,mapped
3791,KDR,NCBI,2009_12050_12100,major depressive disorder,MONDO_grouped,HGNC:6307,KDR,kinase insert domain receptor,P35968,mapped
8564,KMO,NCBI,2009_12050_12100,major depressive disorder,MONDO_grouped,HGNC:6381,KMO,kynurenine 3-monooxygenase,O15229,mapped
3839,KPNA3,NCBI,2009_12050_12100,major depressive disorder,MONDO_grouped,HGNC:6396,KPNA3,karyopherin subunit alpha 3,O00505,mapped
56267,KYAT3,NCBI,2009_12050_12100,major depressive disorder,MONDO_grouped,HGNC:33238,KYAT3,kynurenine aminotransferase 3,Q6YP21,mapped
3939,LDHA,NCBI,2009_12050_12100,major depressive disorder,MONDO_grouped,HGNC:6535,LDHA,lactate dehydrogenase A,P00338,mapped
3952,LEP,NCBI,2009_12050_12100,major depressive disorder,MONDO_grouped,HGNC:6553,LEP,leptin,P41159,mapped
64077,LHPP,NCBI,2009_12050_12100,major depressive disorder,MONDO_grouped,HGNC:30042,LHPP,phospholysine phosphohistidine inorganic pyrophosphate phosphatase,Q9H008,mapped
4035,LRP1,NCBI,2009_12050_12100,major depressive disorder,MONDO_grouped,HGNC:6692,LRP1,LDL receptor related protein 1,Q07954,mapped
7804,LRP8,NCBI,2009_12050_12100,major depressive disorder,MONDO_grouped,HGNC:6700,LRP8,LDL receptor related protein 8,Q14114,mapped
4045,LSAMP,NCBI,2009_12050_12100,major depressive disorder,MONDO_grouped,HGNC:6705,LSAMP,limbic system associated membrane protein,Q13449,mapped
4074,M6PR,NCBI,2009_12050_12100,major depressive disorder,MONDO_grouped,HGNC:6752,M6PR,"mannose-6-phosphate receptor, cation dependent",P20645,mapped
4128,MAOA,NCBI,2009_12050_12100,major depressive disorder,MONDO_grouped,HGNC:6833,MAOA,monoamine oxidase A,P21397,mapped
4129,MAOB,NCBI,2009_12050_12100,major depressive disorder,MONDO_grouped,HGNC:6834,MAOB,monoamine oxidase B,P27338,mapped
4133,MAP2,NCBI,2009_12050_12100,major depressive disorder,MONDO_grouped,HGNC:6839,MAP2,microtubule associated protein 2,P11137,mapped
5604,MAP2K1,NCBI,2009_12050_12100,major depressive disorder,MONDO_grouped,HGNC:6840,MAP2K1,mitogen-activated protein kinase kinase 1,Q02750,mapped
55784,MCTP2,NCBI,2009_12050_12100,major depressive disorder,MONDO_grouped,HGNC:25636,MCTP2,multiple C2 and transmembrane domain containing 2,Q6DN12,mapped
4194,MDM4,NCBI,2009_12050_12100,major depressive disorder,MONDO_grouped,HGNC:6974,MDM4,MDM4 regulator of p53,O15151,mapped
9968,MED12,NCBI,2009_12050_12100,major depressive disorder,MONDO_grouped,HGNC:11957,MED12,mediator complex subunit 12,Q93074,mapped
4282,MIF,NCBI,2009_12050_12100,major depressive disorder,MONDO_grouped,HGNC:7097,MIF,macrophage migration inhibitory factor,P14174,mapped
4317,MMP8,NCBI,2009_12050_12100,major depressive disorder,MONDO_grouped,HGNC:7175,MMP8,matrix metallopeptidase 8,P22894,mapped
27136,MORC1,NCBI,2009_12050_12100,major depressive disorder,MONDO_grouped,HGNC:7198,MORC1,MORC family CW-type zinc finger 1,Q86VD1,mapped
4353,MPO,NCBI,2009_12050_12100,major depressive disorder,MONDO_grouped,HGNC:7218,MPO,myeloperoxidase,P05164,mapped
4502,MT2A,NCBI,2009_12050_12100,major depressive disorder,MONDO_grouped,HGNC:7406,MT2A,metallothionein 2A,P02795,mapped
4524,MTHFR,NCBI,2009_12050_12100,major depressive disorder,MONDO_grouped,HGNC:7436,MTHFR,methylenetetrahydrofolate reductase,P42898,mapped
2475,MTOR,NCBI,2009_12050_12100,major depressive disorder,MONDO_grouped,HGNC:3942,MTOR,mechanistic target of rapamycin kinase,P42345,mapped
23040,MYT1L,NCBI,2009_12050_12100,major depressive disorder,MONDO_grouped,HGNC:7623,MYT1L,myelin transcription factor 1 like,Q9UL68,mapped
4684,NCAM1,NCBI,2009_12050_12100,major depressive disorder,MONDO_grouped,HGNC:7656,NCAM1,neural cell adhesion molecule 1,P13591,mapped
4723,NDUFV1,NCBI,2009_12050_12100,major depressive disorder,MONDO_grouped,HGNC:7716,NDUFV1,NADH:ubiquinone oxidoreductase core subunit V1,P49821,mapped
4729,NDUFV2,NCBI,2009_12050_12100,major depressive disorder,MONDO_grouped,HGNC:7717,NDUFV2,NADH:ubiquinone oxidoreductase core subunit V2,P19404,mapped
4747,NEFL,NCBI,2009_12050_12100,major depressive disorder,MONDO_grouped,HGNC:7739,NEFL,neurofilament light chain,P07196,mapped
4745,NELL1,NCBI,2009_12050_12100,major depressive disorder,MONDO_grouped,HGNC:7750,NELL1,neural EGFL like 1,Q92832,mapped
4842,NOS1,NCBI,2009_12050_12100,major depressive disorder,MONDO_grouped,HGNC:7872,NOS1,nitric oxide synthase 1,P29475,mapped
64067,NPAS3,NCBI,2009_12050_12100,major depressive disorder,MONDO_grouped,HGNC:19311,NPAS3,neuronal PAS domain protein 3,Q8IXF0,mapped
4852,NPY,NCBI,2009_12050_12100,major depressive disorder,MONDO_grouped,HGNC:7955,NPY,neuropeptide Y,P01303,mapped
4886,NPY1R,NCBI,2009_12050_12100,major depressive disorder,MONDO_grouped,HGNC:7956,NPY1R,neuropeptide Y receptor Y1,P25929,mapped
2908,NR3C1,NCBI,2009_12050_12100,major depressive disorder,MONDO_grouped,HGNC:7978,NR3C1,nuclear receptor subfamily 3 group C member 1,P04150,mapped
4306,NR3C2,NCBI,2009_12050_12100,major depressive disorder,MONDO_grouped,HGNC:7979,NR3C2,nuclear receptor subfamily 3 group C member 2,P08235,mapped
3164,NR4A1,NCBI,2009_12050_12100,major depressive disorder,MONDO_grouped,HGNC:7980,NR4A1,nuclear receptor subfamily 4 group A member 1,P22736,mapped
4929,NR4A2,NCBI,2009_12050_12100,major depressive disorder,MONDO_grouped,HGNC:7981,NR4A2,nuclear receptor subfamily 4 group A member 2,P43354,mapped
4908,NTF3,NCBI,2009_12050_12100,major depressive disorder,MONDO_grouped,HGNC:8023,NTF3,neurotrophin 3,P20783,mapped
50863,NTM,NCBI,2009_12050_12100,major depressive disorder,MONDO_grouped,HGNC:17941,NTM,neurotrimin,Q9P121,mapped
4915,NTRK2,NCBI,2009_12050_12100,major depressive disorder,MONDO_grouped,HGNC:8032,NTRK2,neurotrophic receptor tyrosine kinase 2,Q16620,mapped
4916,NTRK3,NCBI,2009_12050_12100,major depressive disorder,MONDO_grouped,HGNC:8033,NTRK3,neurotrophic receptor tyrosine kinase 3,Q16288,mapped
4939,OAS2,NCBI,2009_12050_12100,major depressive disorder,MONDO_grouped,HGNC:8087,OAS2,2'-5'-oligoadenylate synthetase 2,P29728,mapped
5020,OXT,NCBI,2009_12050_12100,major depressive disorder,MONDO_grouped,HGNC:8528,OXT,oxytocin/neurophysin I prepropeptide,P01178,mapped
5021,OXTR,NCBI,2009_12050_12100,major depressive disorder,MONDO_grouped,HGNC:8529,OXTR,oxytocin receptor,P30559,mapped
5074,PAWR,NCBI,2009_12050_12100,major depressive disorder,MONDO_grouped,HGNC:8614,PAWR,pro-apoptotic WT1 regulator,Q96IZ0,mapped
27445,PCLO,NCBI,2009_12050_12100,major depressive disorder,MONDO_grouped,HGNC:13406,PCLO,piccolo presynaptic cytomatrix protein,Q9Y6V0,mapped
5116,PCNT,NCBI,2009_12050_12100,major depressive disorder,MONDO_grouped,HGNC:16068,PCNT,pericentrin,O95613,mapped
5134,PDCD2,NCBI,2009_12050_12100,major depressive disorder,MONDO_grouped,HGNC:8762,PDCD2,programmed cell death 2,Q16342,mapped
10016,PDCD6,NCBI,2009_12050_12100,major depressive disorder,MONDO_grouped,HGNC:8765,PDCD6,programmed cell death 6,O75340,mapped
50940,PDE11A,NCBI,2009_12050_12100,major depressive disorder,MONDO_grouped,HGNC:8773,PDE11A,phosphodiesterase 11A,Q9HCR9,mapped
10611,PDLIM5,NCBI,2009_12050_12100,major depressive disorder,MONDO_grouped,HGNC:17468,PDLIM5,PDZ and LIM domain 5,Q96HC4,mapped
5173,PDYN,NCBI,2009_12050_12100,major depressive disorder,MONDO_grouped,HGNC:8820,PDYN,prodynorphin,P01213,mapped
8682,PEA15,NCBI,2009_12050_12100,major depressive disorder,MONDO_grouped,HGNC:8822,PEA15,proliferation and apoptosis adaptor protein 15,Q15121,mapped
5209,PFKFB3,NCBI,2009_12050_12100,major depressive disorder,MONDO_grouped,HGNC:8874,PFKFB3,"6-phosphofructo-2-kinase/fructose-2,6-biphosphatase 3",Q16875,mapped
65018,PINK1,NCBI,2009_12050_12100,major depressive disorder,MONDO_grouped,HGNC:14581,PINK1,PTEN induced kinase 1,Q9BXM7,mapped
5320,PLA2G2A,NCBI,2009_12050_12100,major depressive disorder,MONDO_grouped,HGNC:9031,PLA2G2A,phospholipase A2 group IIA,P14555,mapped
23236,PLCB1,NCBI,2009_12050_12100,major depressive disorder,MONDO_grouped,HGNC:15917,PLCB1,phospholipase C beta 1,Q9NQ66,mapped
5340,PLG,NCBI,2009_12050_12100,major depressive disorder,MONDO_grouped,HGNC:9071,PLG,plasminogen,P00747,mapped
5443,POMC,NCBI,2009_12050_12100,major depressive disorder,MONDO_grouped,HGNC:9201,POMC,proopiomelanocortin,P01189,mapped
5444,PON1,NCBI,2009_12050_12100,major depressive disorder,MONDO_grouped,HGNC:9204,PON1,paraoxonase 1,P27169,mapped
145270,PRIMA1,NCBI,2009_12050_12100,major depressive disorder,MONDO_grouped,HGNC:18319,PRIMA1,proline rich membrane anchor 1,Q86XR5,mapped
5579,PRKCB,NCBI,2009_12050_12100,major depressive disorder,MONDO_grouped,HGNC:9395,PRKCB,protein kinase C beta,P05771,mapped
60675,PROK2,NCBI,2009_12050_12100,major depressive disorder,MONDO_grouped,HGNC:18455,PROK2,prokineticin 2,Q9HC23,mapped
8842,PROM1,NCBI,2009_12050_12100,major depressive disorder,MONDO_grouped,HGNC:9454,PROM1,prominin 1,O43490,mapped
5692,PSMB4,NCBI,2009_12050_12100,major depressive disorder,MONDO_grouped,HGNC:9541,PSMB4,proteasome 20S subunit beta 4,P28070,mapped
5743,PTGS2,NCBI,2009_12050_12100,major depressive disorder,MONDO_grouped,HGNC:9605,PTGS2,prostaglandin-endoperoxide synthase 2,P35354,mapped
5801,PTPRR,NCBI,2009_12050_12100,major depressive disorder,MONDO_grouped,HGNC:9680,PTPRR,protein tyrosine phosphatase receptor type R,Q15256,mapped
5806,PTX3,NCBI,2009_12050_12100,major depressive disorder,MONDO_grouped,HGNC:9692,PTX3,pentraxin 3,P26022,mapped
9444,QKI,NCBI,2009_12050_12100,major depressive disorder,MONDO_grouped,HGNC:21100,QKI,"QKI, KH domain containing RNA binding",Q96PU8,mapped
9771,RAPGEF5,NCBI,2009_12050_12100,major depressive disorder,MONDO_grouped,HGNC:16862,RAPGEF5,Rap guanine nucleotide exchange factor 5,Q92565,mapped
65059,RAPH1,NCBI,2009_12050_12100,major depressive disorder,MONDO_grouped,HGNC:14436,RAPH1,Ras association (RalGDS/AF-6) and pleckstrin homology domains 1,Q70E73,mapped
7905,REEP5,NCBI,2009_12050_12100,major depressive disorder,MONDO_grouped,HGNC:30077,REEP5,receptor accessory protein 5,Q00765,mapped
5649,RELN,NCBI,2009_12050_12100,major depressive disorder,MONDO_grouped,HGNC:9957,RELN,reelin,P78509,mapped
5978,REST,NCBI,2009_12050_12100,major depressive disorder,MONDO_grouped,HGNC:9966,REST,RE1 silencing transcription factor,Q13127,mapped
10193,RNF41,NCBI,2009_12050_12100,major depressive disorder,MONDO_grouped,HGNC:18401,RNF41,ring finger protein 41,Q9H4P4,mapped
6281,S100A10,NCBI,2009_12050_12100,major depressive disorder,MONDO_grouped,HGNC:10487,S100A10,S100 calcium binding protein A10,P60903,mapped
6285,S100B,NCBI,2009_12050_12100,major depressive disorder,MONDO_grouped,HGNC:10500,S100B,S100 calcium binding protein B,P04271,mapped
6303,SAT1,NCBI,2009_12050_12100,major depressive disorder,MONDO_grouped,HGNC:10540,SAT1,spermidine/spermine N1-acetyltransferase 1,P21673,mapped
9632,SEC24C,NCBI,2009_12050_12100,major depressive disorder,MONDO_grouped,HGNC:10705,SEC24C,"SEC24 homolog C, COPII component",P53992,mapped
6403,SELP,NCBI,2009_12050_12100,major depressive disorder,MONDO_grouped,HGNC:10721,SELP,selectin P,P16109,mapped
5054,SERPINE1,NCBI,2009_12050_12100,major depressive disorder,MONDO_grouped,HGNC:8583,SERPINE1,serpin family E member 1,P05121,mapped
6446,SGK1,NCBI,2009_12050_12100,major depressive disorder,MONDO_grouped,HGNC:10810,SGK1,serum/glucocorticoid regulated kinase 1,O00141,mapped
57084,SLC17A6,NCBI,2009_12050_12100,major depressive disorder,MONDO_grouped,HGNC:16703,SLC17A6,solute carrier family 17 member 6,Q9P2U8,mapped
6511,SLC1A6,NCBI,2009_12050_12100,major depressive disorder,MONDO_grouped,HGNC:10944,SLC1A6,solute carrier family 1 member 6,P48664,mapped
60482,SLC5A7,NCBI,2009_12050_12100,major depressive disorder,MONDO_grouped,HGNC:14025,SLC5A7,solute carrier family 5 member 7,Q9GZV3,mapped
6540,SLC6A13,NCBI,2009_12050_12100,major depressive disorder,MONDO_grouped,HGNC:11046,SLC6A13,solute carrier family 6 member 13,Q9NSD5,mapped
55117,SLC6A15,NCBI,2009_12050_12100,major depressive disorder,MONDO_grouped,HGNC:13621,SLC6A15,solute carrier family 6 member 15,Q9H2J7,mapped
6530,SLC6A2,NCBI,2009_12050_12100,major depressive disorder,MONDO_grouped,HGNC:11048,SLC6A2,solute carrier family 6 member 2,P23975,mapped
6532,SLC6A4,NCBI,2009_12050_12100,major depressive disorder,MONDO_grouped,HGNC:11050,SLC6A4,solute carrier family 6 member 4,P31645,mapped
6586,SLIT3,NCBI,2009_12050_12100,major depressive disorder,MONDO_grouped,HGNC:11087,SLIT3,slit guidance ligand 3,O75094,mapped
6616,SNAP25,NCBI,2009_12050_12100,major depressive disorder,MONDO_grouped,HGNC:11132,SNAP25,synaptosome associated protein 25,P60880,mapped
6647,SOD1,NCBI,2009_12050_12100,major depressive disorder,MONDO_grouped,HGNC:11179,SOD1,superoxide dismutase 1,P00441,mapped
6648,SOD2,NCBI,2009_12050_12100,major depressive disorder,MONDO_grouped,HGNC:11180,SOD2,superoxide dismutase 2,P04179,mapped
6662,SOX9,NCBI,2009_12050_12100,major depressive disorder,MONDO_grouped,HGNC:11204,SOX9,SRY-box transcription factor 9,P48436,mapped
51593,SRRT,NCBI,2009_12050_12100,major depressive disorder,MONDO_grouped,HGNC:24101,SRRT,"serrate, RNA effector molecule",Q9BXP5,mapped
6750,SST,NCBI,2009_12050_12100,major depressive disorder,MONDO_grouped,HGNC:11329,SST,somatostatin,P61278,mapped
6755,SSTR5,NCBI,2009_12050_12100,major depressive disorder,MONDO_grouped,HGNC:11334,SSTR5,somatostatin receptor 5,P35346,mapped
23345,SYNE1,NCBI,2009_12050_12100,major depressive disorder,MONDO_grouped,HGNC:17089,SYNE1,spectrin repeat containing nuclear envelope protein 1,Q8NF91,mapped
6863,TAC1,NCBI,2009_12050_12100,major depressive disorder,MONDO_grouped,HGNC:11517,TAC1,tachykinin precursor 1,P20366,mapped
30009,TBX21,NCBI,2009_12050_12100,major depressive disorder,MONDO_grouped,HGNC:11599,TBX21,T-box transcription factor 21,Q9UL17,mapped
6999,TDO2,NCBI,2009_12050_12100,major depressive disorder,MONDO_grouped,HGNC:11708,TDO2,"tryptophan 2,3-dioxygenase",P48775,mapped
7008,TEF,NCBI,2009_12050_12100,major depressive disorder,MONDO_grouped,HGNC:11722,TEF,"TEF transcription factor, PAR bZIP family member",Q10587,mapped
7015,TERT,NCBI,2009_12050_12100,major depressive disorder,MONDO_grouped,HGNC:11730,TERT,telomerase reverse transcriptase,O14746,mapped
7024,TFCP2,NCBI,2009_12050_12100,major depressive disorder,MONDO_grouped,HGNC:11748,TFCP2,transcription factor CP2,Q12800,mapped
7038,TG,NCBI,2009_12050_12100,major depressive disorder,MONDO_grouped,HGNC:11764,TG,thyroglobulin,P01266,mapped
7054,TH,NCBI,2009_12050_12100,major depressive disorder,MONDO_grouped,HGNC:11782,TH,tyrosine hydroxylase,P07101,mapped
51284,TLR7,NCBI,2009_12050_12100,major depressive disorder,MONDO_grouped,HGNC:15631,TLR7,toll like receptor 7,Q9NYK1,mapped
7124,TNF,NCBI,2009_12050_12100,major depressive disorder,MONDO_grouped,HGNC:11892,TNF,tumor necrosis factor,P01375,mapped
10452,TOMM40,NCBI,2009_12050_12100,major depressive disorder,MONDO_grouped,HGNC:18001,TOMM40,translocase of outer mitochondrial membrane 40,O96008,mapped
7166,TPH1,NCBI,2009_12050_12100,major depressive disorder,MONDO_grouped,HGNC:12008,TPH1,tryptophan hydroxylase 1,P17752,mapped
121278,TPH2,NCBI,2009_12050_12100,major depressive disorder,MONDO_grouped,HGNC:20692,TPH2,tryptophan hydroxylase 2,Q8IWU9,mapped
7297,TYK2,NCBI,2009_12050_12100,major depressive disorder,MONDO_grouped,HGNC:12440,TYK2,tyrosine kinase 2,P29597,mapped
114131,UCN3,NCBI,2009_12050_12100,major depressive disorder,MONDO_grouped,HGNC:17781,UCN3,urocortin 3,Q969E3,mapped
64854,USP46,NCBI,2009_12050_12100,major depressive disorder,MONDO_grouped,HGNC:20075,USP46,ubiquitin specific peptidase 46,P62068,mapped
6844,VAMP2,NCBI,2009_12050_12100,major depressive disorder,MONDO_grouped,HGNC:12643,VAMP2,vesicle associated membrane protein 2,P63027,mapped
7422,VEGFA,NCBI,2009_12050_12100,major depressive disorder,MONDO_grouped,HGNC:12680,VEGFA,vascular endothelial growth factor A,P15692,mapped
7498,XDH,NCBI,2009_12050_12100,major depressive disorder,MONDO_grouped,HGNC:12805,XDH,xanthine dehydrogenase,P47989,mapped
7704,ZBTB16,NCBI,2009_12050_12100,major depressive disorder,MONDO_grouped,HGNC:12930,ZBTB16,zinc finger and BTB domain containing 16,Q05516,mapped
796,CALCA,NCBI,5277,migraine disorder,MONDO,HGNC:1437,CALCA,calcitonin related polypeptide alpha,P01258,mapped
796,CALCA,NCBI,5277,migraine disorder,MONDO,HGNC:1437,CALCA,calcitonin related polypeptide alpha,P06881,mapped
2099,ESR1,NCBI,5277,migraine disorder,MONDO,HGNC:3467,ESR1,estrogen receptor 1,P03372,mapped
9457,FHL5,NCBI,5277,migraine disorder,MONDO,HGNC:17371,FHL5,four and a half LIM domains 5,Q5TD97,mapped
3356,HTR2A,NCBI,5277,migraine disorder,MONDO,HGNC:5293,HTR2A,5-hydroxytryptamine receptor 2A,P28223,mapped
4035,LRP1,NCBI,5277,migraine disorder,MONDO,HGNC:6692,LRP1,LDL receptor related protein 1,Q07954,mapped
63976,PRDM16,NCBI,5277,migraine disorder,MONDO,HGNC:14000,PRDM16,PR/SET domain 16,Q9HAZ2,mapped
79783,SUGCT,NCBI,5277,migraine disorder,MONDO,HGNC:16001,SUGCT,succinyl-CoA:glutarate-CoA transferase,Q9HAC7,mapped
7048,TGFBR2,NCBI,5277,migraine disorder,MONDO,HGNC:11773,TGFBR2,transforming growth factor beta receptor 2,P37173,mapped
79054,TRPM8,NCBI,5277,migraine disorder,MONDO,HGNC:17961,TRPM8,transient receptor potential cation channel subfamily M member 8,Q7Z2W7,mapped
348,APOE,NCBI,5301,multiple sclerosis,MONDO,HGNC:613,APOE,apolipoprotein E,P02649,mapped
590,BCHE,NCBI,5301,multiple sclerosis,MONDO,HGNC:983,BCHE,butyrylcholinesterase,P06276,mapped
834,CASP1,NCBI,5301,multiple sclerosis,MONDO,HGNC:1499,CASP1,caspase 1,P29466,mapped
868,CBLB,NCBI,5301,multiple sclerosis,MONDO,HGNC:1542,CBLB,Cbl proto-oncogene B,Q13191,mapped
958,CD40,NCBI,5301,multiple sclerosis,MONDO,HGNC:11919,CD40,CD40 molecule,P25942,mapped
965,CD58,NCBI,5301,multiple sclerosis,MONDO,HGNC:1688,CD58,CD58 molecule,P19256,mapped
923,CD6,NCBI,5301,multiple sclerosis,MONDO,HGNC:1691,CD6,CD6 molecule,P30203,mapped
5010,CLDN11,NCBI,5301,multiple sclerosis,MONDO,HGNC:8514,CLDN11,claudin 11,O75508,mapped
23274,CLEC16A,NCBI,5301,multiple sclerosis,MONDO,HGNC:29013,CLEC16A,C-type lectin domain containing 16A,Q2KHT3,mapped
1268,CNR1,NCBI,5301,multiple sclerosis,MONDO,HGNC:2159,CNR1,cannabinoid receptor 1,P21554,mapped
2638,GC,NCBI,5301,multiple sclerosis,MONDO,HGNC:4187,GC,GC vitamin D binding protein,P02774,mapped
3115,HLA-DPB1,NCBI,5301,multiple sclerosis,MONDO,HGNC:4940,HLA-DPB1,"major histocompatibility complex, class II, DP beta 1",P04440,mapped
3119,HLA-DQB1,NCBI,5301,multiple sclerosis,MONDO,HGNC:4944,HLA-DQB1,"major histocompatibility complex, class II, DQ beta 1",P01920,mapped
3122,HLA-DRA,NCBI,5301,multiple sclerosis,MONDO,HGNC:4947,HLA-DRA,"major histocompatibility complex, class II, DR alpha",P01903,mapped
3123,HLA-DRB1,NCBI,5301,multiple sclerosis,MONDO,HGNC:4948,HLA-DRB1,"major histocompatibility complex, class II, DR beta 1",P01911,mapped
3383,ICAM1,NCBI,5301,multiple sclerosis,MONDO,HGNC:5344,ICAM1,intercellular adhesion molecule 1,P05362,mapped
3456,IFNB1,NCBI,5301,multiple sclerosis,MONDO,HGNC:5434,IFNB1,interferon beta 1,P01574,mapped
3458,IFNG,NCBI,5301,multiple sclerosis,MONDO,HGNC:5438,IFNG,interferon gamma,P01579,mapped
3586,IL10,NCBI,5301,multiple sclerosis,MONDO,HGNC:5962,IL10,interleukin 10,P22301,mapped
3592,IL12A,NCBI,5301,multiple sclerosis,MONDO,HGNC:5969,IL12A,interleukin 12A,P29459,mapped
3605,IL17A,NCBI,5301,multiple sclerosis,MONDO,HGNC:5981,IL17A,interleukin 17A,Q16552,mapped
3553,IL1B,NCBI,5301,multiple sclerosis,MONDO,HGNC:5992,IL1B,interleukin 1 beta,P01584,mapped
3557,IL1RN,NCBI,5301,multiple sclerosis,MONDO,HGNC:6000,IL1RN,interleukin 1 receptor antagonist,P18510,mapped
3559,IL2RA,NCBI,5301,multiple sclerosis,MONDO,HGNC:6008,IL2RA,interleukin 2 receptor subunit alpha,P01589,mapped
3574,IL7,NCBI,5301,multiple sclerosis,MONDO,HGNC:6023,IL7,interleukin 7,P13232,mapped
3575,IL7R,NCBI,5301,multiple sclerosis,MONDO,HGNC:6024,IL7R,interleukin 7 receptor,P16871,mapped
3394,IRF8,NCBI,5301,multiple sclerosis,MONDO,HGNC:5358,IRF8,interferon regulatory factor 8,Q02556,mapped
3766,KCNJ10,NCBI,5301,multiple sclerosis,MONDO,HGNC:6256,KCNJ10,potassium inwardly rectifying channel subfamily J member 10,P78508,mapped
23095,KIF1B,NCBI,5301,multiple sclerosis,MONDO,HGNC:16636,KIF1B,kinesin family member 1B,O60333,mapped
4162,MCAM,NCBI,5301,multiple sclerosis,MONDO,HGNC:6934,MCAM,melanoma cell adhesion molecule,P43121,mapped
5819,NECTIN2,NCBI,5301,multiple sclerosis,MONDO,HGNC:9707,NECTIN2,nectin cell adhesion molecule 2,Q92692,mapped
114548,NLRP3,NCBI,5301,multiple sclerosis,MONDO,HGNC:16400,NLRP3,NLR family pyrin domain containing 3,Q96P20,mapped
5027,P2RX7,NCBI,5301,multiple sclerosis,MONDO,HGNC:8537,P2RX7,purinergic receptor P2X 7,Q99572,mapped
5133,PDCD1,NCBI,5301,multiple sclerosis,MONDO,HGNC:8760,PDCD1,programmed cell death 1,Q15116,mapped
5443,POMC,NCBI,5301,multiple sclerosis,MONDO,HGNC:9201,POMC,proopiomelanocortin,P01189,mapped
3516,RBPJ,NCBI,5301,multiple sclerosis,MONDO,HGNC:5724,RBPJ,recombination signal binding protein for immunoglobulin kappa J region,Q06330,mapped
6401,SELE,NCBI,5301,multiple sclerosis,MONDO,HGNC:10718,SELE,selectin E,P16581,mapped
6556,SLC11A1,NCBI,5301,multiple sclerosis,MONDO,HGNC:10907,SLC11A1,solute carrier family 11 member 1,P49279,mapped
6775,STAT4,NCBI,5301,multiple sclerosis,MONDO,HGNC:11365,STAT4,signal transducer and activator of transcription 4,Q14765,mapped
7128,TNFAIP3,NCBI,5301,multiple sclerosis,MONDO,HGNC:11896,TNFAIP3,TNF alpha induced protein 3,P21580,mapped
7132,TNFRSF1A,NCBI,5301,multiple sclerosis,MONDO,HGNC:11916,TNFRSF1A,TNF receptor superfamily member 1A,P19438,mapped
8740,TNFSF14,NCBI,5301,multiple sclerosis,MONDO,HGNC:11930,TNFSF14,TNF superfamily member 14,O43557,mapped
7297,TYK2,NCBI,5301,multiple sclerosis,MONDO,HGNC:12440,TYK2,tyrosine kinase 2,P29597,mapped
7412,VCAM1,NCBI,5301,multiple sclerosis,MONDO,HGNC:12663,VCAM1,vascular cell adhesion molecule 1,P19320,mapped
7421,VDR,NCBI,5301,multiple sclerosis,MONDO,HGNC:12679,VDR,vitamin D receptor,P11473,mapped
1,A1BG,NCBI,5090_13498_8414_10897_33312_10943_11552_14092_12054_11960_11280_11294_11295_11298_11307_11498_12879_13089_13506,schizophrenia,MONDO_grouped,HGNC:5,A1BG,alpha-1-B glycoprotein,P04217,mapped
19,ABCA1,NCBI,5090_13498_8414_10897_33312_10943_11552_14092_12054_11960_11280_11294_11295_11298_11307_11498_12879_13089_13506,schizophrenia,MONDO_grouped,HGNC:29,ABCA1,ATP binding cassette subfamily A member 1,O95477,mapped
154664,ABCA13,NCBI,5090_13498_8414_10897_33312_10943_11552_14092_12054_11960_11280_11294_11295_11298_11307_11498_12879_13089_13506,schizophrenia,MONDO_grouped,HGNC:14638,ABCA13,ATP binding cassette subfamily A member 13,Q86UQ4,mapped
5243,ABCB1,NCBI,5090_13498_8414_10897_33312_10943_11552_14092_12054_11960_11280_11294_11295_11298_11307_11498_12879_13089_13506,schizophrenia,MONDO_grouped,HGNC:40,ABCB1,ATP binding cassette subfamily B member 1,P08183,mapped
1636,ACE,NCBI,5090_13498_8414_10897_33312_10943_11552_14092_12054_11960_11280_11294_11295_11298_11307_11498_12879_13089_13506,schizophrenia,MONDO_grouped,HGNC:2707,ACE,angiotensin I converting enzyme,P12821,mapped
43,ACHE,NCBI,5090_13498_8414_10897_33312_10943_11552_14092_12054_11960_11280_11294_11295_11298_11307_11498_12879_13089_13506,schizophrenia,MONDO_grouped,HGNC:108,ACHE,acetylcholinesterase (Yt blood group),P22303,mapped
641372,ACOT6,NCBI,5090_13498_8414_10897_33312_10943_11552_14092_12054_11960_11280_11294_11295_11298_11307_11498_12879_13089_13506,schizophrenia,MONDO_grouped,HGNC:33159,ACOT6,acyl-CoA thioesterase 6,Q3I5F7,mapped
52,ACP1,NCBI,5090_13498_8414_10897_33312_10943_11552_14092_12054_11960_11280_11294_11295_11298_11307_11498_12879_13089_13506,schizophrenia,MONDO_grouped,HGNC:122,ACP1,acid phosphatase 1,P24666,mapped
23305,ACSL6,NCBI,5090_13498_8414_10897_33312_10943_11552_14092_12054_11960_11280_11294_11295_11298_11307_11498_12879_13089_13506,schizophrenia,MONDO_grouped,HGNC:16496,ACSL6,acyl-CoA synthetase long chain family member 6,Q9UKU0,mapped
116285,ACSM1,NCBI,5090_13498_8414_10897_33312_10943_11552_14092_12054_11960_11280_11294_11295_11298_11307_11498_12879_13089_13506,schizophrenia,MONDO_grouped,HGNC:18049,ACSM1,acyl-CoA synthetase medium chain family member 1,Q08AH1,mapped
60,ACTB,NCBI,5090_13498_8414_10897_33312_10943_11552_14092_12054_11960_11280_11294_11295_11298_11307_11498_12879_13089_13506,schizophrenia,MONDO_grouped,HGNC:132,ACTB,actin beta,P60709,mapped
10097,ACTR2,NCBI,5090_13498_8414_10897_33312_10943_11552_14092_12054_11960_11280_11294_11295_11298_11307_11498_12879_13089_13506,schizophrenia,MONDO_grouped,HGNC:169,ACTR2,actin related protein 2,P61160,mapped
8038,ADAM12,NCBI,5090_13498_8414_10897_33312_10943_11552_14092_12054_11960_11280_11294_11295_11298_11307_11498_12879_13089_13506,schizophrenia,MONDO_grouped,HGNC:190,ADAM12,ADAM metallopeptidase domain 12,O43184,mapped
81792,ADAMTS12,NCBI,5090_13498_8414_10897_33312_10943_11552_14092_12054_11960_11280_11294_11295_11298_11307_11498_12879_13089_13506,schizophrenia,MONDO_grouped,HGNC:14605,ADAMTS12,ADAM metallopeptidase with thrombospondin type 1 motif 12,P58397,mapped
9508,ADAMTS3,NCBI,5090_13498_8414_10897_33312_10943_11552_14092_12054_11960_11280_11294_11295_11298_11307_11498_12879_13089_13506,schizophrenia,MONDO_grouped,HGNC:219,ADAMTS3,ADAM metallopeptidase with thrombospondin type 1 motif 3,O15072,mapped
57188,ADAMTSL3,NCBI,5090_13498_8414_10897_33312_10943_11552_14092_12054_11960_11280_11294_11295_11298_11307_11498_12879_13089_13506,schizophrenia,MONDO_grouped,HGNC:14633,ADAMTSL3,ADAMTS like 3,P82987,mapped
104,ADARB1,NCBI,5090_13498_8414_10897_33312_10943_11552_14092_12054_11960_11280_11294_11295_11298_11307_11498_12879_13089_13506,schizophrenia,MONDO_grouped,HGNC:226,ADARB1,adenosine deaminase RNA specific B1,P78563,mapped
113,ADCY7,NCBI,5090_13498_8414_10897_33312_10943_11552_14092_12054_11960_11280_11294_11295_11298_11307_11498_12879_13089_13506,schizophrenia,MONDO_grouped,HGNC:238,ADCY7,adenylate cyclase 7,P51828,mapped
116,ADCYAP1,NCBI,5090_13498_8414_10897_33312_10943_11552_14092_12054_11960_11280_11294_11295_11298_11307_11498_12879_13089_13506,schizophrenia,MONDO_grouped,HGNC:241,ADCYAP1,adenylate cyclase activating polypeptide 1,P18509,mapped
117,ADCYAP1R1,NCBI,5090_13498_8414_10897_33312_10943_11552_14092_12054_11960_11280_11294_11295_11298_11307_11498_12879_13089_13506,schizophrenia,MONDO_grouped,HGNC:242,ADCYAP1R1,ADCYAP receptor type I,P41586,mapped
221393,ADGRF4,NCBI,5090_13498_8414_10897_33312_10943_11552_14092_12054_11960_11280_11294_11295_11298_11307_11498_12879_13089_13506,schizophrenia,MONDO_grouped,HGNC:19011,ADGRF4,adhesion G protein-coupled receptor F4,Q8IZF3,mapped
132,ADK,NCBI,5090_13498_8414_10897_33312_10943_11552_14092_12054_11960_11280_11294_11295_11298_11307_11498_12879_13089_13506,schizophrenia,MONDO_grouped,HGNC:257,ADK,adenosine kinase,P55263,mapped
133,ADM,NCBI,5090_13498_8414_10897_33312_10943_11552_14092_12054_11960_11280_11294_11295_11298_11307_11498_12879_13089_13506,schizophrenia,MONDO_grouped,HGNC:259,ADM,adrenomedullin,P35318,mapped
23394,ADNP,NCBI,5090_13498_8414_10897_33312_10943_11552_14092_12054_11960_11280_11294_11295_11298_11307_11498_12879_13089_13506,schizophrenia,MONDO_grouped,HGNC:15766,ADNP,activity dependent neuroprotector homeobox,Q9H2P0,mapped
22850,ADNP2,NCBI,5090_13498_8414_10897_33312_10943_11552_14092_12054_11960_11280_11294_11295_11298_11307_11498_12879_13089_13506,schizophrenia,MONDO_grouped,HGNC:23803,ADNP2,ADNP homeobox 2,Q6IQ32,mapped
134,ADORA1,NCBI,5090_13498_8414_10897_33312_10943_11552_14092_12054_11960_11280_11294_11295_11298_11307_11498_12879_13089_13506,schizophrenia,MONDO_grouped,HGNC:262,ADORA1,adenosine A1 receptor,P30542,mapped
135,ADORA2A,NCBI,5090_13498_8414_10897_33312_10943_11552_14092_12054_11960_11280_11294_11295_11298_11307_11498_12879_13089_13506,schizophrenia,MONDO_grouped,HGNC:263,ADORA2A,adenosine A2a receptor,P29274,mapped
148,ADRA1A,NCBI,5090_13498_8414_10897_33312_10943_11552_14092_12054_11960_11280_11294_11295_11298_11307_11498_12879_13089_13506,schizophrenia,MONDO_grouped,HGNC:277,ADRA1A,adrenoceptor alpha 1A,P35348,mapped
150,ADRA2A,NCBI,5090_13498_8414_10897_33312_10943_11552_14092_12054_11960_11280_11294_11295_11298_11307_11498_12879_13089_13506,schizophrenia,MONDO_grouped,HGNC:281,ADRA2A,adrenoceptor alpha 2A,P08913,mapped
159,ADSS2,NCBI,5090_13498_8414_10897_33312_10943_11552_14092_12054_11960_11280_11294_11295_11298_11307_11498_12879_13089_13506,schizophrenia,MONDO_grouped,HGNC:292,ADSS2,adenylosuccinate synthase 2,P30520,mapped
175,AGA,NCBI,5090_13498_8414_10897_33312_10943_11552_14092_12054_11960_11280_11294_11295_11298_11307_11498_12879_13089_13506,schizophrenia,MONDO_grouped,HGNC:318,AGA,aspartylglucosaminidase,P20933,mapped
177,AGER,NCBI,5090_13498_8414_10897_33312_10943_11552_14092_12054_11960_11280_11294_11295_11298_11307_11498_12879_13089_13506,schizophrenia,MONDO_grouped,HGNC:320,AGER,advanced glycosylation end-product specific receptor,Q15109,mapped
54806,AHI1,NCBI,5090_13498_8414_10897_33312_10943_11552_14092_12054_11960_11280_11294_11295_11298_11307_11498_12879_13089_13506,schizophrenia,MONDO_grouped,HGNC:21575,AHI1,Abelson helper integration site 1,Q8N157,mapped
10327,AKR1A1,NCBI,5090_13498_8414_10897_33312_10943_11552_14092_12054_11960_11280_11294_11295_11298_11307_11498_12879_13089_13506,schizophrenia,MONDO_grouped,HGNC:380,AKR1A1,aldo-keto reductase family 1 member A1,P14550,mapped
207,AKT1,NCBI,5090_13498_8414_10897_33312_10943_11552_14092_12054_11960_11280_11294_11295_11298_11307_11498_12879_13089_13506,schizophrenia,MONDO_grouped,HGNC:391,AKT1,AKT serine/threonine kinase 1,P31749,mapped
216,ALDH1A1,NCBI,5090_13498_8414_10897_33312_10943_11552_14092_12054_11960_11280_11294_11295_11298_11307_11498_12879_13089_13506,schizophrenia,MONDO_grouped,HGNC:402,ALDH1A1,aldehyde dehydrogenase 1 family member A1,P00352,mapped
8854,ALDH1A2,NCBI,5090_13498_8414_10897_33312_10943_11552_14092_12054_11960_11280_11294_11295_11298_11307_11498_12879_13089_13506,schizophrenia,MONDO_grouped,HGNC:15472,ALDH1A2,aldehyde dehydrogenase 1 family member A2,O94788,mapped
218,ALDH3A1,NCBI,5090_13498_8414_10897_33312_10943_11552_14092_12054_11960_11280_11294_11295_11298_11307_11498_12879_13089_13506,schizophrenia,MONDO_grouped,HGNC:405,ALDH3A1,aldehyde dehydrogenase 3 family member A1,P30838,mapped
221,ALDH3B1,NCBI,5090_13498_8414_10897_33312_10943_11552_14092_12054_11960_11280_11294_11295_11298_11307_11498_12879_13089_13506,schizophrenia,MONDO_grouped,HGNC:410,ALDH3B1,aldehyde dehydrogenase 3 family member B1,P43353,mapped
238,ALK,NCBI,5090_13498_8414_10897_33312_10943_11552_14092_12054_11960_11280_11294_11295_11298_11307_11498_12879_13089_13506,schizophrenia,MONDO_grouped,HGNC:427,ALK,ALK receptor tyrosine kinase,Q9UM73,mapped
239,ALOX12,NCBI,5090_13498_8414_10897_33312_10943_11552_14092_12054_11960_11280_11294_11295_11298_11307_11498_12879_13089_13506,schizophrenia,MONDO_grouped,HGNC:429,ALOX12,"arachidonate 12-lipoxygenase, 12S type",P18054,mapped
259173,ALS2CL,NCBI,5090_13498_8414_10897_33312_10943_11552_14092_12054_11960_11280_11294_11295_11298_11307_11498_12879_13089_13506,schizophrenia,MONDO_grouped,HGNC:20605,ALS2CL,ALS2 C-terminal like,Q60I27,mapped
23600,AMACR,NCBI,5090_13498_8414_10897_33312_10943_11552_14092_12054_11960_11280_11294_11295_11298_11307_11498_12879_13089_13506,schizophrenia,MONDO_grouped,HGNC:451,AMACR,alpha-methylacyl-CoA racemase,Q9UHK6,mapped
55626,AMBRA1,NCBI,5090_13498_8414_10897_33312_10943_11552_14092_12054_11960_11280_11294_11295_11298_11307_11498_12879_13089_13506,schizophrenia,MONDO_grouped,HGNC:25990,AMBRA1,autophagy and beclin 1 regulator 1,Q9C0C7,mapped
288,ANK3,NCBI,5090_13498_8414_10897_33312_10943_11552_14092_12054_11960_11280_11294_11295_11298_11307_11498_12879_13089_13506,schizophrenia,MONDO_grouped,HGNC:494,ANK3,ankyrin 3,Q12955,mapped
255239,ANKK1,NCBI,5090_13498_8414_10897_33312_10943_11552_14092_12054_11960_11280_11294_11295_11298_11307_11498_12879_13089_13506,schizophrenia,MONDO_grouped,HGNC:21027,ANKK1,ankyrin repeat and kinase domain containing 1,Q8NFD2,mapped
321,APBA2,NCBI,5090_13498_8414_10897_33312_10943_11552_14092_12054_11960_11280_11294_11295_11298_11307_11498_12879_13089_13506,schizophrenia,MONDO_grouped,HGNC:579,APBA2,amyloid beta precursor protein binding family A member 2,Q99767,mapped
324,APC,NCBI,5090_13498_8414_10897_33312_10943_11552_14092_12054_11960_11280_11294_11295_11298_11307_11498_12879_13089_13506,schizophrenia,MONDO_grouped,HGNC:583,APC,APC regulator of Wnt signaling pathway,P25054,mapped
337,APOA4,NCBI,5090_13498_8414_10897_33312_10943_11552_14092_12054_11960_11280_11294_11295_11298_11307_11498_12879_13089_13506,schizophrenia,MONDO_grouped,HGNC:602,APOA4,apolipoprotein A4,P06727,mapped
347,APOD,NCBI,5090_13498_8414_10897_33312_10943_11552_14092_12054_11960_11280_11294_11295_11298_11307_11498_12879_13089_13506,schizophrenia,MONDO_grouped,HGNC:612,APOD,apolipoprotein D,P05090,mapped
348,APOE,NCBI,5090_13498_8414_10897_33312_10943_11552_14092_12054_11960_11280_11294_11295_11298_11307_11498_12879_13089_13506,schizophrenia,MONDO_grouped,HGNC:613,APOE,apolipoprotein E,P02649,mapped
350,APOH,NCBI,5090_13498_8414_10897_33312_10943_11552_14092_12054_11960_11280_11294_11295_11298_11307_11498_12879_13089_13506,schizophrenia,MONDO_grouped,HGNC:616,APOH,apolipoprotein H,P02749,mapped
23780,APOL2,NCBI,5090_13498_8414_10897_33312_10943_11552_14092_12054_11960_11280_11294_11295_11298_11307_11498_12879_13089_13506,schizophrenia,MONDO_grouped,HGNC:619,APOL2,apolipoprotein L2,Q9BQE5,mapped
80832,APOL4,NCBI,5090_13498_8414_10897_33312_10943_11552_14092_12054_11960_11280_11294_11295_11298_11307_11498_12879_13089_13506,schizophrenia,MONDO_grouped,HGNC:14867,APOL4,apolipoprotein L4,Q9BPW4,mapped
361,AQP4,NCBI,5090_13498_8414_10897_33312_10943_11552_14092_12054_11960_11280_11294_11295_11298_11307_11498_12879_13089_13506,schizophrenia,MONDO_grouped,HGNC:637,AQP4,aquaporin 4,P55087,mapped
23237,ARC,NCBI,5090_13498_8414_10897_33312_10943_11552_14092_12054_11960_11280_11294_11295_11298_11307_11498_12879_13089_13506,schizophrenia,MONDO_grouped,HGNC:648,ARC,activity regulated cytoskeleton associated protein,Q7LC44,mapped
392,ARHGAP1,NCBI,5090_13498_8414_10897_33312_10943_11552_14092_12054_11960_11280_11294_11295_11298_11307_11498_12879_13089_13506,schizophrenia,MONDO_grouped,HGNC:673,ARHGAP1,Rho GTPase activating protein 1,Q07960,mapped
93663,ARHGAP18,NCBI,5090_13498_8414_10897_33312_10943_11552_14092_12054_11960_11280_11294_11295_11298_11307_11498_12879_13089_13506,schizophrenia,MONDO_grouped,HGNC:21035,ARHGAP18,Rho GTPase activating protein 18,Q8N392,mapped
9743,ARHGAP32,NCBI,5090_13498_8414_10897_33312_10943_11552_14092_12054_11960_11280_11294_11295_11298_11307_11498_12879_13089_13506,schizophrenia,MONDO_grouped,HGNC:17399,ARHGAP32,Rho GTPase activating protein 32,A7KAX9,mapped
9826,ARHGEF11,NCBI,5090_13498_8414_10897_33312_10943_11552_14092_12054_11960_11280_11294_11295_11298_11307_11498_12879_13089_13506,schizophrenia,MONDO_grouped,HGNC:14580,ARHGEF11,Rho guanine nucleotide exchange factor 11,O15085,mapped
421,ARVCF,NCBI,5090_13498_8414_10897_33312_10943_11552_14092_12054_11960_11280_11294_11295_11298_11307_11498_12879_13089_13506,schizophrenia,MONDO_grouped,HGNC:728,ARVCF,ARVCF delta catenin family member,O00192,mapped
427,ASAH1,NCBI,5090_13498_8414_10897_33312_10943_11552_14092_12054_11960_11280_11294_11295_11298_11307_11498_12879_13089_13506,schizophrenia,MONDO_grouped,HGNC:735,ASAH1,N-acylsphingosine amidohydrolase 1,Q13510,mapped
23245,ASTN2,NCBI,5090_13498_8414_10897_33312_10943_11552_14092_12054_11960_11280_11294_11295_11298_11307_11498_12879_13089_13506,schizophrenia,MONDO_grouped,HGNC:17021,ASTN2,astrotactin 2,O75129,mapped
468,ATF4,NCBI,5090_13498_8414_10897_33312_10943_11552_14092_12054_11960_11280_11294_11295_11298_11307_11498_12879_13089_13506,schizophrenia,MONDO_grouped,HGNC:786,ATF4,activating transcription factor 4,P18848,mapped
472,ATM,NCBI,5090_13498_8414_10897_33312_10943_11552_14092_12054_11960_11280_11294_11295_11298_11307_11498_12879_13089_13506,schizophrenia,MONDO_grouped,HGNC:795,ATM,ATM serine/threonine kinase,Q13315,mapped
488,ATP2A2,NCBI,5090_13498_8414_10897_33312_10943_11552_14092_12054_11960_11280_11294_11295_11298_11307_11498_12879_13089_13506,schizophrenia,MONDO_grouped,HGNC:812,ATP2A2,ATPase sarcoplasmic/endoplasmic reticulum Ca2+ transporting 2,P16615,mapped
6311,ATXN2,NCBI,5090_13498_8414_10897_33312_10943_11552_14092_12054_11960_11280_11294_11295_11298_11307_11498_12879_13089_13506,schizophrenia,MONDO_grouped,HGNC:10555,ATXN2,ataxin 2,Q99700,mapped
26053,AUTS2,NCBI,5090_13498_8414_10897_33312_10943_11552_14092_12054_11960_11280_11294_11295_11298_11307_11498_12879_13089_13506,schizophrenia,MONDO_grouped,HGNC:14262,AUTS2,activator of transcription and developmental regulator AUTS2,Q8WXX7,mapped
551,AVP,NCBI,5090_13498_8414_10897_33312_10943_11552_14092_12054_11960_11280_11294_11295_11298_11307_11498_12879_13089_13506,schizophrenia,MONDO_grouped,HGNC:894,AVP,arginine vasopressin,P01185,mapped
552,AVPR1A,NCBI,5090_13498_8414_10897_33312_10943_11552_14092_12054_11960_11280_11294_11295_11298_11307_11498_12879_13089_13506,schizophrenia,MONDO_grouped,HGNC:895,AVPR1A,arginine vasopressin receptor 1A,P37288,mapped
27087,B3GAT1,NCBI,5090_13498_8414_10897_33312_10943_11552_14092_12054_11960_11280_11294_11295_11298_11307_11498_12879_13089_13506,schizophrenia,MONDO_grouped,HGNC:921,B3GAT1,"beta-1,3-glucuronyltransferase 1",Q9P2W7,mapped
135152,B3GAT2,NCBI,5090_13498_8414_10897_33312_10943_11552_14092_12054_11960_11280_11294_11295_11298_11307_11498_12879_13089_13506,schizophrenia,MONDO_grouped,HGNC:922,B3GAT2,"beta-1,3-glucuronyltransferase 2",Q9NPZ5,mapped
10678,B3GNT2,NCBI,5090_13498_8414_10897_33312_10943_11552_14092_12054_11960_11280_11294_11295_11298_11307_11498_12879_13089_13506,schizophrenia,MONDO_grouped,HGNC:15629,B3GNT2,"UDP-GlcNAc:betaGal beta-1,3-N-acetylglucosaminyltransferase 2",Q9NY97,mapped
23621,BACE1,NCBI,5090_13498_8414_10897_33312_10943_11552_14092_12054_11960_11280_11294_11295_11298_11307_11498_12879_13089_13506,schizophrenia,MONDO_grouped,HGNC:933,BACE1,beta-secretase 1,P56817,mapped
573,BAG1,NCBI,5090_13498_8414_10897_33312_10943_11552_14092_12054_11960_11280_11294_11295_11298_11307_11498_12879_13089_13506,schizophrenia,MONDO_grouped,HGNC:937,BAG1,BAG cochaperone 1,Q99933,mapped
53335,BCL11A,NCBI,5090_13498_8414_10897_33312_10943_11552_14092_12054_11960_11280_11294_11295_11298_11307_11498_12879_13089_13506,schizophrenia,MONDO_grouped,HGNC:13221,BCL11A,BCL11 transcription factor A,Q9H165,mapped
596,BCL2,NCBI,5090_13498_8414_10897_33312_10943_11552_14092_12054_11960_11280_11294_11295_11298_11307_11498_12879_13089_13506,schizophrenia,MONDO_grouped,HGNC:990,BCL2,BCL2 apoptosis regulator,P10415,mapped
607,BCL9,NCBI,5090_13498_8414_10897_33312_10943_11552_14092_12054_11960_11280_11294_11295_11298_11307_11498_12879_13089_13506,schizophrenia,MONDO_grouped,HGNC:1008,BCL9,BCL9 transcription coactivator,O00512,mapped
627,BDNF,NCBI,5090_13498_8414_10897_33312_10943_11552_14092_12054_11960_11280_11294_11295_11298_11307_11498_12879_13089_13506,schizophrenia,MONDO_grouped,HGNC:1033,BDNF,brain derived neurotrophic factor,P23560,mapped
8678,BECN1,NCBI,5090_13498_8414_10897_33312_10943_11552_14092_12054_11960_11280_11294_11295_11298_11307_11498_12879_13089_13506,schizophrenia,MONDO_grouped,HGNC:1034,BECN1,beclin 1,Q14457,mapped
8553,BHLHE40,NCBI,5090_13498_8414_10897_33312_10943_11552_14092_12054_11960_11280_11294_11295_11298_11307_11498_12879_13089_13506,schizophrenia,MONDO_grouped,HGNC:1046,BHLHE40,basic helix-loop-helix family member e40,O14503,mapped
637,BID,NCBI,5090_13498_8414_10897_33312_10943_11552_14092_12054_11960_11280_11294_11295_11298_11307_11498_12879_13089_13506,schizophrenia,MONDO_grouped,HGNC:1050,BID,BH3 interacting domain death agonist,P55957,mapped
2647,BLOC1S1,NCBI,5090_13498_8414_10897_33312_10943_11552_14092_12054_11960_11280_11294_11295_11298_11307_11498_12879_13089_13506,schizophrenia,MONDO_grouped,HGNC:4200,BLOC1S1,biogenesis of lysosomal organelles complex 1 subunit 1,P78537,mapped
388552,BLOC1S3,NCBI,5090_13498_8414_10897_33312_10943_11552_14092_12054_11960_11280_11294_11295_11298_11307_11498_12879_13089_13506,schizophrenia,MONDO_grouped,HGNC:20914,BLOC1S3,biogenesis of lysosomal organelles complex 1 subunit 3,Q6QNY0,mapped
8315,BRAP,NCBI,5090_13498_8414_10897_33312_10943_11552_14092_12054_11960_11280_11294_11295_11298_11307_11498_12879_13089_13506,schizophrenia,MONDO_grouped,HGNC:1099,BRAP,BRCA1 associated protein,Q7Z569,mapped
672,BRCA1,NCBI,5090_13498_8414_10897_33312_10943_11552_14092_12054_11960_11280_11294_11295_11298_11307_11498_12879_13089_13506,schizophrenia,MONDO_grouped,HGNC:1100,BRCA1,BRCA1 DNA repair associated,P38398,mapped
23774,BRD1,NCBI,5090_13498_8414_10897_33312_10943_11552_14092_12054_11960_11280_11294_11295_11298_11307_11498_12879_13089_13506,schizophrenia,MONDO_grouped,HGNC:1102,BRD1,bromodomain containing 1,O95696,mapped
114781,BTBD9,NCBI,5090_13498_8414_10897_33312_10943_11552_14092_12054_11960_11280_11294_11295_11298_11307_11498_12879_13089_13506,schizophrenia,MONDO_grouped,HGNC:21228,BTBD9,BTB domain containing 9,Q96Q07,mapped
685,BTC,NCBI,5090_13498_8414_10897_33312_10943_11552_14092_12054_11960_11280_11294_11295_11298_11307_11498_12879_13089_13506,schizophrenia,MONDO_grouped,HGNC:1121,BTC,betacellulin,P35070,mapped
694,BTG1,NCBI,5090_13498_8414_10897_33312_10943_11552_14092_12054_11960_11280_11294_11295_11298_11307_11498_12879_13089_13506,schizophrenia,MONDO_grouped,HGNC:1130,BTG1,BTG anti-proliferation factor 1,P62324,mapped
713,C1QB,NCBI,5090_13498_8414_10897_33312_10943_11552_14092_12054_11960_11280_11294_11295_11298_11307_11498_12879_13089_13506,schizophrenia,MONDO_grouped,HGNC:1242,C1QB,complement C1q B chain,P02746,mapped
203228,C9orf72,NCBI,5090_13498_8414_10897_33312_10943_11552_14092_12054_11960_11280_11294_11295_11298_11307_11498_12879_13089_13506,schizophrenia,MONDO_grouped,HGNC:28337,C9orf72,C9orf72-SMCR8 complex subunit,Q96LT7,mapped
774,CACNA1B,NCBI,5090_13498_8414_10897_33312_10943_11552_14092_12054_11960_11280_11294_11295_11298_11307_11498_12879_13089_13506,schizophrenia,MONDO_grouped,HGNC:1389,CACNA1B,calcium voltage-gated channel subunit alpha1 B,Q00975,mapped
775,CACNA1C,NCBI,5090_13498_8414_10897_33312_10943_11552_14092_12054_11960_11280_11294_11295_11298_11307_11498_12879_13089_13506,schizophrenia,MONDO_grouped,HGNC:1390,CACNA1C,calcium voltage-gated channel subunit alpha1 C,Q13936,mapped
778,CACNA1F,NCBI,5090_13498_8414_10897_33312_10943_11552_14092_12054_11960_11280_11294_11295_11298_11307_11498_12879_13089_13506,schizophrenia,MONDO_grouped,HGNC:1393,CACNA1F,calcium voltage-gated channel subunit alpha1 F,O60840,mapped
783,CACNB2,NCBI,5090_13498_8414_10897_33312_10943_11552_14092_12054_11960_11280_11294_11295_11298_11307_11498_12879_13089_13506,schizophrenia,MONDO_grouped,HGNC:1402,CACNB2,calcium voltage-gated channel auxiliary subunit beta 2,Q08289,mapped
10369,CACNG2,NCBI,5090_13498_8414_10897_33312_10943_11552_14092_12054_11960_11280_11294_11295_11298_11307_11498_12879_13089_13506,schizophrenia,MONDO_grouped,HGNC:1406,CACNG2,calcium voltage-gated channel auxiliary subunit gamma 2,Q9Y698,mapped
27091,CACNG5,NCBI,5090_13498_8414_10897_33312_10943_11552_14092_12054_11960_11280_11294_11295_11298_11307_11498_12879_13089_13506,schizophrenia,MONDO_grouped,HGNC:1409,CACNG5,calcium voltage-gated channel auxiliary subunit gamma 5,Q9UF02,mapped
59283,CACNG8,NCBI,5090_13498_8414_10897_33312_10943_11552_14092_12054_11960_11280_11294_11295_11298_11307_11498_12879_13089_13506,schizophrenia,MONDO_grouped,HGNC:13628,CACNG8,calcium voltage-gated channel auxiliary subunit gamma 8,Q8WXS5,mapped
93664,CADPS2,NCBI,5090_13498_8414_10897_33312_10943_11552_14092_12054_11960_11280_11294_11295_11298_11307_11498_12879_13089_13506,schizophrenia,MONDO_grouped,HGNC:16018,CADPS2,calcium dependent secretion activator 2,Q86UW7,mapped
793,CALB1,NCBI,5090_13498_8414_10897_33312_10943_11552_14092_12054_11960_11280_11294_11295_11298_11307_11498_12879_13089_13506,schizophrenia,MONDO_grouped,HGNC:1434,CALB1,calbindin 1,P05937,mapped
811,CALR,NCBI,5090_13498_8414_10897_33312_10943_11552_14092_12054_11960_11280_11294_11295_11298_11307_11498_12879_13089_13506,schizophrenia,MONDO_grouped,HGNC:1455,CALR,calreticulin,P27797,mapped
50632,CALY,NCBI,5090_13498_8414_10897_33312_10943_11552_14092_12054_11960_11280_11294_11295_11298_11307_11498_12879_13089_13506,schizophrenia,MONDO_grouped,HGNC:17938,CALY,calcyon neuron specific vesicular protein,Q9NYX4,mapped
816,CAMK2B,NCBI,5090_13498_8414_10897_33312_10943_11552_14092_12054_11960_11280_11294_11295_11298_11307_11498_12879_13089_13506,schizophrenia,MONDO_grouped,HGNC:1461,CAMK2B,calcium/calmodulin dependent protein kinase II beta,Q13554,mapped
10645,CAMKK2,NCBI,5090_13498_8414_10897_33312_10943_11552_14092_12054_11960_11280_11294_11295_11298_11307_11498_12879_13089_13506,schizophrenia,MONDO_grouped,HGNC:1470,CAMKK2,calcium/calmodulin dependent protein kinase kinase 2,Q96RR4,mapped
836,CASP3,NCBI,5090_13498_8414_10897_33312_10943_11552_14092_12054_11960_11280_11294_11295_11298_11307_11498_12879_13089_13506,schizophrenia,MONDO_grouped,HGNC:1504,CASP3,caspase 3,P42574,mapped
837,CASP4,NCBI,5090_13498_8414_10897_33312_10943_11552_14092_12054_11960_11280_11294_11295_11298_11307_11498_12879_13089_13506,schizophrenia,MONDO_grouped,HGNC:1505,CASP4,caspase 4,P49662,mapped
857,CAV1,NCBI,5090_13498_8414_10897_33312_10943_11552_14092_12054_11960_11280_11294_11295_11298_11307_11498_12879_13089_13506,schizophrenia,MONDO_grouped,HGNC:1527,CAV1,caveolin 1,Q03135,mapped
2694,CBLIF,NCBI,5090_13498_8414_10897_33312_10943_11552_14092_12054_11960_11280_11294_11295_11298_11307_11498_12879_13089_13506,schizophrenia,MONDO_grouped,HGNC:4268,CBLIF,cobalamin binding intrinsic factor,P27352,mapped
875,CBS,NCBI,5090_13498_8414_10897_33312_10943_11552_14092_12054_11960_11280_11294_11295_11298_11307_11498_12879_13089_13506,schizophrenia,MONDO_grouped,HGNC:1550,CBS,cystathionine beta-synthase,P35520,mapped
339230,CCDC137,NCBI,5090_13498_8414_10897_33312_10943_11552_14092_12054_11960_11280_11294_11295_11298_11307_11498_12879_13089_13506,schizophrenia,MONDO_grouped,HGNC:33451,CCDC137,coiled-coil domain containing 137,Q6PK04,mapped
80323,CCDC68,NCBI,5090_13498_8414_10897_33312_10943_11552_14092_12054_11960_11280_11294_11295_11298_11307_11498_12879_13089_13506,schizophrenia,MONDO_grouped,HGNC:24350,CCDC68,coiled-coil domain containing 68,Q9H2F9,mapped
79080,CCDC86,NCBI,5090_13498_8414_10897_33312_10943_11552_14092_12054_11960_11280_11294_11295_11298_11307_11498_12879_13089_13506,schizophrenia,MONDO_grouped,HGNC:28359,CCDC86,coiled-coil domain containing 86,Q9H6F5,mapped
885,CCK,NCBI,5090_13498_8414_10897_33312_10943_11552_14092_12054_11960_11280_11294_11295_11298_11307_11498_12879_13089_13506,schizophrenia,MONDO_grouped,HGNC:1569,CCK,cholecystokinin,P06307,mapped
886,CCKAR,NCBI,5090_13498_8414_10897_33312_10943_11552_14092_12054_11960_11280_11294_11295_11298_11307_11498_12879_13089_13506,schizophrenia,MONDO_grouped,HGNC:1570,CCKAR,cholecystokinin A receptor,P32238,mapped
6347,CCL2,NCBI,5090_13498_8414_10897_33312_10943_11552_14092_12054_11960_11280_11294_11295_11298_11307_11498_12879_13089_13506,schizophrenia,MONDO_grouped,HGNC:10618,CCL2,C-C motif chemokine ligand 2,P13500,mapped
890,CCNA2,NCBI,5090_13498_8414_10897_33312_10943_11552_14092_12054_11960_11280_11294_11295_11298_11307_11498_12879_13089_13506,schizophrenia,MONDO_grouped,HGNC:1578,CCNA2,cyclin A2,P20248,mapped
595,CCND1,NCBI,5090_13498_8414_10897_33312_10943_11552_14092_12054_11960_11280_11294_11295_11298_11307_11498_12879_13089_13506,schizophrenia,MONDO_grouped,HGNC:1582,CCND1,cyclin D1,P24385,mapped
894,CCND2,NCBI,5090_13498_8414_10897_33312_10943_11552_14092_12054_11960_11280_11294_11295_11298_11307_11498_12879_13089_13506,schizophrenia,MONDO_grouped,HGNC:1583,CCND2,cyclin D2,P30279,mapped
1234,CCR5,NCBI,5090_13498_8414_10897_33312_10943_11552_14092_12054_11960_11280_11294_11295_11298_11307_11498_12879_13089_13506,schizophrenia,MONDO_grouped,HGNC:1606,CCR5,C-C motif chemokine receptor 5,P51681,mapped
9332,CD163,NCBI,5090_13498_8414_10897_33312_10943_11552_14092_12054_11960_11280_11294_11295_11298_11307_11498_12879_13089_13506,schizophrenia,MONDO_grouped,HGNC:1631,CD163,CD163 molecule,Q86VB7,mapped
995,CDC25C,NCBI,5090_13498_8414_10897_33312_10943_11552_14092_12054_11960_11280_11294_11295_11298_11307_11498_12879_13089_13506,schizophrenia,MONDO_grouped,HGNC:1727,CDC25C,cell division cycle 25C,P30307,mapped
998,CDC42,NCBI,5090_13498_8414_10897_33312_10943_11552_14092_12054_11960_11280_11294_11295_11298_11307_11498_12879_13089_13506,schizophrenia,MONDO_grouped,HGNC:1736,CDC42,cell division cycle 42,P60953,mapped
10602,CDC42EP3,NCBI,5090_13498_8414_10897_33312_10943_11552_14092_12054_11960_11280_11294_11295_11298_11307_11498_12879_13089_13506,schizophrenia,MONDO_grouped,HGNC:16943,CDC42EP3,CDC42 effector protein 3,Q9UKI2,mapped
56990,CDC42SE2,NCBI,5090_13498_8414_10897_33312_10943_11552_14092_12054_11960_11280_11294_11295_11298_11307_11498_12879_13089_13506,schizophrenia,MONDO_grouped,HGNC:18547,CDC42SE2,CDC42 small effector 2,Q9NRR3,mapped
5127,CDK16,NCBI,5090_13498_8414_10897_33312_10943_11552_14092_12054_11960_11280_11294_11295_11298_11307_11498_12879_13089_13506,schizophrenia,MONDO_grouped,HGNC:8749,CDK16,cyclin dependent kinase 16,Q00536,mapped
1020,CDK5,NCBI,5090_13498_8414_10897_33312_10943_11552_14092_12054_11960_11280_11294_11295_11298_11307_11498_12879_13089_13506,schizophrenia,MONDO_grouped,HGNC:1774,CDK5,cyclin dependent kinase 5,Q00535,mapped
8851,CDK5R1,NCBI,5090_13498_8414_10897_33312_10943_11552_14092_12054_11960_11280_11294_11295_11298_11307_11498_12879_13089_13506,schizophrenia,MONDO_grouped,HGNC:1775,CDK5R1,cyclin dependent kinase 5 regulatory subunit 1,Q15078,mapped
1028,CDKN1C,NCBI,5090_13498_8414_10897_33312_10943_11552_14092_12054_11960_11280_11294_11295_11298_11307_11498_12879_13089_13506,schizophrenia,MONDO_grouped,HGNC:1786,CDKN1C,cyclin dependent kinase inhibitor 1C,P49918,mapped
90273,CEACAM21,NCBI,5090_13498_8414_10897_33312_10943_11552_14092_12054_11960_11280_11294_11295_11298_11307_11498_12879_13089_13506,schizophrenia,MONDO_grouped,HGNC:28834,CEACAM21,CEA cell adhesion molecule 21,Q3KPI0,mapped
10659,CELF2,NCBI,5090_13498_8414_10897_33312_10943_11552_14092_12054_11960_11280_11294_11295_11298_11307_11498_12879_13089_13506,schizophrenia,MONDO_grouped,HGNC:2550,CELF2,CUGBP Elav-like family member 2,O95319,mapped
1068,CETN1,NCBI,5090_13498_8414_10897_33312_10943_11552_14092_12054_11960_11280_11294_11295_11298_11307_11498_12879_13089_13506,schizophrenia,MONDO_grouped,HGNC:1866,CETN1,centrin 1,Q12798,mapped
255101,CFAP65,NCBI,5090_13498_8414_10897_33312_10943_11552_14092_12054_11960_11280_11294_11295_11298_11307_11498_12879_13089_13506,schizophrenia,MONDO_grouped,HGNC:25325,CFAP65,cilia and flagella associated protein 65,Q6ZU64,mapped
84952,CGNL1,NCBI,5090_13498_8414_10897_33312_10943_11552_14092_12054_11960_11280_11294_11295_11298_11307_11498_12879_13089_13506,schizophrenia,MONDO_grouped,HGNC:25931,CGNL1,cingulin like 1,Q0VF96,mapped
1103,CHAT,NCBI,5090_13498_8414_10897_33312_10943_11552_14092_12054_11960_11280_11294_11295_11298_11307_11498_12879_13089_13506,schizophrenia,MONDO_grouped,HGNC:1912,CHAT,choline O-acetyltransferase,P28329,mapped
1108,CHD4,NCBI,5090_13498_8414_10897_33312_10943_11552_14092_12054_11960_11280_11294_11295_11298_11307_11498_12879_13089_13506,schizophrenia,MONDO_grouped,HGNC:1919,CHD4,chromodomain helicase DNA binding protein 4,Q14839,mapped
1111,CHEK1,NCBI,5090_13498_8414_10897_33312_10943_11552_14092_12054_11960_11280_11294_11295_11298_11307_11498_12879_13089_13506,schizophrenia,MONDO_grouped,HGNC:1925,CHEK1,checkpoint kinase 1,O14757,mapped
1113,CHGA,NCBI,5090_13498_8414_10897_33312_10943_11552_14092_12054_11960_11280_11294_11295_11298_11307_11498_12879_13089_13506,schizophrenia,MONDO_grouped,HGNC:1929,CHGA,chromogranin A,P10645,mapped
1114,CHGB,NCBI,5090_13498_8414_10897_33312_10943_11552_14092_12054_11960_11280_11294_11295_11298_11307_11498_12879_13089_13506,schizophrenia,MONDO_grouped,HGNC:1930,CHGB,chromogranin B,P05060,mapped
1116,CHI3L1,NCBI,5090_13498_8414_10897_33312_10943_11552_14092_12054_11960_11280_11294_11295_11298_11307_11498_12879_13089_13506,schizophrenia,MONDO_grouped,HGNC:1932,CHI3L1,chitinase 3 like 1,P36222,mapped
10752,CHL1,NCBI,5090_13498_8414_10897_33312_10943_11552_14092_12054_11960_11280_11294_11295_11298_11307_11498_12879_13089_13506,schizophrenia,MONDO_grouped,HGNC:1939,CHL1,cell adhesion molecule L1 like,O00533,mapped
89832,CHRFAM7A,NCBI,5090_13498_8414_10897_33312_10943_11552_14092_12054_11960_11280_11294_11295_11298_11307_11498_12879_13089_13506,schizophrenia,MONDO_grouped,HGNC:15781,CHRFAM7A,CHRNA7 (exons 5-10) and FAM7A (exons A-E) fusion,Q494W8,mapped
1128,CHRM1,NCBI,5090_13498_8414_10897_33312_10943_11552_14092_12054_11960_11280_11294_11295_11298_11307_11498_12879_13089_13506,schizophrenia,MONDO_grouped,HGNC:1950,CHRM1,cholinergic receptor muscarinic 1,P11229,mapped
1129,CHRM2,NCBI,5090_13498_8414_10897_33312_10943_11552_14092_12054_11960_11280_11294_11295_11298_11307_11498_12879_13089_13506,schizophrenia,MONDO_grouped,HGNC:1951,CHRM2,cholinergic receptor muscarinic 2,P08172,mapped
1132,CHRM4,NCBI,5090_13498_8414_10897_33312_10943_11552_14092_12054_11960_11280_11294_11295_11298_11307_11498_12879_13089_13506,schizophrenia,MONDO_grouped,HGNC:1953,CHRM4,cholinergic receptor muscarinic 4,P08173,mapped
1133,CHRM5,NCBI,5090_13498_8414_10897_33312_10943_11552_14092_12054_11960_11280_11294_11295_11298_11307_11498_12879_13089_13506,schizophrenia,MONDO_grouped,HGNC:1954,CHRM5,cholinergic receptor muscarinic 5,P08912,mapped
1136,CHRNA3,NCBI,5090_13498_8414_10897_33312_10943_11552_14092_12054_11960_11280_11294_11295_11298_11307_11498_12879_13089_13506,schizophrenia,MONDO_grouped,HGNC:1957,CHRNA3,cholinergic receptor nicotinic alpha 3 subunit,P32297,mapped
1137,CHRNA4,NCBI,5090_13498_8414_10897_33312_10943_11552_14092_12054_11960_11280_11294_11295_11298_11307_11498_12879_13089_13506,schizophrenia,MONDO_grouped,HGNC:1958,CHRNA4,cholinergic receptor nicotinic alpha 4 subunit,P43681,mapped
1138,CHRNA5,NCBI,5090_13498_8414_10897_33312_10943_11552_14092_12054_11960_11280_11294_11295_11298_11307_11498_12879_13089_13506,schizophrenia,MONDO_grouped,HGNC:1959,CHRNA5,cholinergic receptor nicotinic alpha 5 subunit,P30532,mapped
1139,CHRNA7,NCBI,5090_13498_8414_10897_33312_10943_11552_14092_12054_11960_11280_11294_11295_11298_11307_11498_12879_13089_13506,schizophrenia,MONDO_grouped,HGNC:1960,CHRNA7,cholinergic receptor nicotinic alpha 7 subunit,P36544,mapped
1141,CHRNB2,NCBI,5090_13498_8414_10897_33312_10943_11552_14092_12054_11960_11280_11294_11295_11298_11307_11498_12879_13089_13506,schizophrenia,MONDO_grouped,HGNC:1962,CHRNB2,cholinergic receptor nicotinic beta 2 subunit,P17787,mapped
1152,CKB,NCBI,5090_13498_8414_10897_33312_10943_11552_14092_12054_11960_11280_11294_11295_11298_11307_11498_12879_13089_13506,schizophrenia,MONDO_grouped,HGNC:1991,CKB,creatine kinase B,P12277,mapped
7122,CLDN5,NCBI,5090_13498_8414_10897_33312_10943_11552_14092_12054_11960_11280_11294_11295_11298_11307_11498_12879_13089_13506,schizophrenia,MONDO_grouped,HGNC:2047,CLDN5,claudin 5,O00501,mapped
9575,CLOCK,NCBI,5090_13498_8414_10897_33312_10943_11552_14092_12054_11960_11280_11294_11295_11298_11307_11498_12879_13089_13506,schizophrenia,MONDO_grouped,HGNC:2082,CLOCK,clock circadian regulator,O15516,mapped
1191,CLU,NCBI,5090_13498_8414_10897_33312_10943_11552_14092_12054_11960_11280_11294_11295_11298_11307_11498_12879_13089_13506,schizophrenia,MONDO_grouped,HGNC:2095,CLU,clusterin,P10909,mapped
134829,CLVS2,NCBI,5090_13498_8414_10897_33312_10943_11552_14092_12054_11960_11280_11294_11295_11298_11307_11498_12879_13089_13506,schizophrenia,MONDO_grouped,HGNC:23046,CLVS2,clavesin 2,Q5SYC1,mapped
202333,CMYA5,NCBI,5090_13498_8414_10897_33312_10943_11552_14092_12054_11960_11280_11294_11295_11298_11307_11498_12879_13089_13506,schizophrenia,MONDO_grouped,HGNC:14305,CMYA5,cardiomyopathy associated 5,Q8N3K9,mapped
149111,CNIH3,NCBI,5090_13498_8414_10897_33312_10943_11552_14092_12054_11960_11280_11294_11295_11298_11307_11498_12879_13089_13506,schizophrenia,MONDO_grouped,HGNC:26802,CNIH3,cornichon family AMPA receptor auxiliary protein 3,Q8TBE1,mapped
54805,CNNM2,NCBI,5090_13498_8414_10897_33312_10943_11552_14092_12054_11960_11280_11294_11295_11298_11307_11498_12879_13089_13506,schizophrenia,MONDO_grouped,HGNC:103,CNNM2,cyclin and CBS domain divalent metal cation transport mediator 2,Q9H8M5,mapped
1267,CNP,NCBI,5090_13498_8414_10897_33312_10943_11552_14092_12054_11960_11280_11294_11295_11298_11307_11498_12879_13089_13506,schizophrenia,MONDO_grouped,HGNC:2158,CNP,"2',3'-cyclic nucleotide 3' phosphodiesterase",P09543,mapped
27013,CNPPD1,NCBI,5090_13498_8414_10897_33312_10943_11552_14092_12054_11960_11280_11294_11295_11298_11307_11498_12879_13089_13506,schizophrenia,MONDO_grouped,HGNC:25220,CNPPD1,cyclin Pas1/PHO80 domain containing 1,Q9BV87,mapped
1268,CNR1,NCBI,5090_13498_8414_10897_33312_10943_11552_14092_12054_11960_11280_11294_11295_11298_11307_11498_12879_13089_13506,schizophrenia,MONDO_grouped,HGNC:2159,CNR1,cannabinoid receptor 1,P21554,mapped
1269,CNR2,NCBI,5090_13498_8414_10897_33312_10943_11552_14092_12054_11960_11280_11294_11295_11298_11307_11498_12879_13089_13506,schizophrenia,MONDO_grouped,HGNC:2160,CNR2,cannabinoid receptor 2,P34972,mapped
1270,CNTF,NCBI,5090_13498_8414_10897_33312_10943_11552_14092_12054_11960_11280_11294_11295_11298_11307_11498_12879_13089_13506,schizophrenia,MONDO_grouped,HGNC:2169,CNTF,ciliary neurotrophic factor,P26441,mapped
26047,CNTNAP2,NCBI,5090_13498_8414_10897_33312_10943_11552_14092_12054_11960_11280_11294_11295_11298_11307_11498_12879_13089_13506,schizophrenia,MONDO_grouped,HGNC:13830,CNTNAP2,contactin associated protein 2,Q9UHC6,mapped
1281,COL3A1,NCBI,5090_13498_8414_10897_33312_10943_11552_14092_12054_11960_11280_11294_11295_11298_11307_11498_12879_13089_13506,schizophrenia,MONDO_grouped,HGNC:2201,COL3A1,collagen type III alpha 1 chain,P02461,mapped
1312,COMT,NCBI,5090_13498_8414_10897_33312_10943_11552_14092_12054_11960_11280_11294_11295_11298_11307_11498_12879_13089_13506,schizophrenia,MONDO_grouped,HGNC:2228,COMT,catechol-O-methyltransferase,P21964,mapped
1356,CP,NCBI,5090_13498_8414_10897_33312_10943_11552_14092_12054_11960_11280_11294_11295_11298_11307_11498_12879_13089_13506,schizophrenia,MONDO_grouped,HGNC:2295,CP,ceruloplasmin,P00450,mapped
10815,CPLX1,NCBI,5090_13498_8414_10897_33312_10943_11552_14092_12054_11960_11280_11294_11295_11298_11307_11498_12879_13089_13506,schizophrenia,MONDO_grouped,HGNC:2309,CPLX1,complexin 1,O14810,mapped
10814,CPLX2,NCBI,5090_13498_8414_10897_33312_10943_11552_14092_12054_11960_11280_11294_11295_11298_11307_11498_12879_13089_13506,schizophrenia,MONDO_grouped,HGNC:2310,CPLX2,complexin 2,Q6PUV4,mapped
1385,CREB1,NCBI,5090_13498_8414_10897_33312_10943_11552_14092_12054_11960_11280_11294_11295_11298_11307_11498_12879_13089_13506,schizophrenia,MONDO_grouped,HGNC:2345,CREB1,cAMP responsive element binding protein 1,P16220,mapped
1392,CRH,NCBI,5090_13498_8414_10897_33312_10943_11552_14092_12054_11960_11280_11294_11295_11298_11307_11498_12879_13089_13506,schizophrenia,MONDO_grouped,HGNC:2355,CRH,corticotropin releasing hormone,P06850,mapped
1400,CRMP1,NCBI,5090_13498_8414_10897_33312_10943_11552_14092_12054_11960_11280_11294_11295_11298_11307_11498_12879_13089_13506,schizophrenia,MONDO_grouped,HGNC:2365,CRMP1,collapsin response mediator protein 1,Q14194,mapped
1401,CRP,NCBI,5090_13498_8414_10897_33312_10943_11552_14092_12054_11960_11280_11294_11295_11298_11307_11498_12879_13089_13506,schizophrenia,MONDO_grouped,HGNC:2367,CRP,C-reactive protein,P02741,mapped
1437,CSF2,NCBI,5090_13498_8414_10897_33312_10943_11552_14092_12054_11960_11280_11294_11295_11298_11307_11498_12879_13089_13506,schizophrenia,MONDO_grouped,HGNC:2434,CSF2,colony stimulating factor 2,P04141,mapped
1438,CSF2RA,NCBI,5090_13498_8414_10897_33312_10943_11552_14092_12054_11960_11280_11294_11295_11298_11307_11498_12879_13089_13506,schizophrenia,MONDO_grouped,HGNC:2435,CSF2RA,colony stimulating factor 2 receptor subunit alpha,P15509,mapped
1439,CSF2RB,NCBI,5090_13498_8414_10897_33312_10943_11552_14092_12054_11960_11280_11294_11295_11298_11307_11498_12879_13089_13506,schizophrenia,MONDO_grouped,HGNC:2436,CSF2RB,colony stimulating factor 2 receptor subunit beta,P32927,mapped
64478,CSMD1,NCBI,5090_13498_8414_10897_33312_10943_11552_14092_12054_11960_11280_11294_11295_11298_11307_11498_12879_13089_13506,schizophrenia,MONDO_grouped,HGNC:14026,CSMD1,CUB and Sushi multiple domains 1,Q96PZ7,mapped
114784,CSMD2,NCBI,5090_13498_8414_10897_33312_10943_11552_14092_12054_11960_11280_11294_11295_11298_11307_11498_12879_13089_13506,schizophrenia,MONDO_grouped,HGNC:19290,CSMD2,CUB and Sushi multiple domains 2,Q7Z408,mapped
1454,CSNK1E,NCBI,5090_13498_8414_10897_33312_10943_11552_14092_12054_11960_11280_11294_11295_11298_11307_11498_12879_13089_13506,schizophrenia,MONDO_grouped,HGNC:2453,CSNK1E,casein kinase 1 epsilon,P49674,mapped
10675,CSPG5,NCBI,5090_13498_8414_10897_33312_10943_11552_14092_12054_11960_11280_11294_11295_11298_11307_11498_12879_13089_13506,schizophrenia,MONDO_grouped,HGNC:2467,CSPG5,chondroitin sulfate proteoglycan 5,O95196,mapped
10664,CTCF,NCBI,5090_13498_8414_10897_33312_10943_11552_14092_12054_11960_11280_11294_11295_11298_11307_11498_12879_13089_13506,schizophrenia,MONDO_grouped,HGNC:13723,CTCF,CCCTC-binding factor,P49711,mapped
1493,CTLA4,NCBI,5090_13498_8414_10897_33312_10943_11552_14092_12054_11960_11280_11294_11295_11298_11307_11498_12879_13089_13506,schizophrenia,MONDO_grouped,HGNC:2505,CTLA4,cytotoxic T-lymphocyte associated protein 4,P16410,mapped
1496,CTNNA2,NCBI,5090_13498_8414_10897_33312_10943_11552_14092_12054_11960_11280_11294_11295_11298_11307_11498_12879_13089_13506,schizophrenia,MONDO_grouped,HGNC:2510,CTNNA2,catenin alpha 2,P26232,mapped
1499,CTNNB1,NCBI,5090_13498_8414_10897_33312_10943_11552_14092_12054_11960_11280_11294_11295_11298_11307_11498_12879_13089_13506,schizophrenia,MONDO_grouped,HGNC:2514,CTNNB1,catenin beta 1,P35222,mapped
1501,CTNND2,NCBI,5090_13498_8414_10897_33312_10943_11552_14092_12054_11960_11280_11294_11295_11298_11307_11498_12879_13089_13506,schizophrenia,MONDO_grouped,HGNC:2516,CTNND2,catenin delta 2,Q9UQB3,mapped
1506,CTRL,NCBI,5090_13498_8414_10897_33312_10943_11552_14092_12054_11960_11280_11294_11295_11298_11307_11498_12879_13089_13506,schizophrenia,MONDO_grouped,HGNC:2524,CTRL,chymotrypsin like,P40313,mapped
1513,CTSK,NCBI,5090_13498_8414_10897_33312_10943_11552_14092_12054_11960_11280_11294_11295_11298_11307_11498_12879_13089_13506,schizophrenia,MONDO_grouped,HGNC:2536,CTSK,cathepsin K,P43235,mapped
613212,CTXN3,NCBI,5090_13498_8414_10897_33312_10943_11552_14092_12054_11960_11280_11294_11295_11298_11307_11498_12879_13089_13506,schizophrenia,MONDO_grouped,HGNC:31110,CTXN3,cortexin 3,Q4LDR2,mapped
23191,CYFIP1,NCBI,5090_13498_8414_10897_33312_10943_11552_14092_12054_11960_11280_11294_11295_11298_11307_11498_12879_13089_13506,schizophrenia,MONDO_grouped,HGNC:13759,CYFIP1,cytoplasmic FMR1 interacting protein 1,Q7L576,mapped
1544,CYP1A2,NCBI,5090_13498_8414_10897_33312_10943_11552_14092_12054_11960_11280_11294_11295_11298_11307_11498_12879_13089_13506,schizophrenia,MONDO_grouped,HGNC:2596,CYP1A2,cytochrome P450 family 1 subfamily A member 2,P05177,mapped
1565,CYP2D6,NCBI,5090_13498_8414_10897_33312_10943_11552_14092_12054_11960_11280_11294_11295_11298_11307_11498_12879_13089_13506,schizophrenia,MONDO_grouped,HGNC:2625,CYP2D6,cytochrome P450 family 2 subfamily D member 6 (gene/pseudogene),P10635,mapped
1571,CYP2E1,NCBI,5090_13498_8414_10897_33312_10943_11552_14092_12054_11960_11280_11294_11295_11298_11307_11498_12879_13089_13506,schizophrenia,MONDO_grouped,HGNC:2631,CYP2E1,cytochrome P450 family 2 subfamily E member 1,P05181,mapped
1576,CYP3A4,NCBI,5090_13498_8414_10897_33312_10943_11552_14092_12054_11960_11280_11294_11295_11298_11307_11498_12879_13089_13506,schizophrenia,MONDO_grouped,HGNC:2637,CYP3A4,cytochrome P450 family 3 subfamily A member 4,P08684,mapped
1577,CYP3A5,NCBI,5090_13498_8414_10897_33312_10943_11552_14092_12054_11960_11280_11294_11295_11298_11307_11498_12879_13089_13506,schizophrenia,MONDO_grouped,HGNC:2638,CYP3A5,cytochrome P450 family 3 subfamily A member 5,P20815,mapped
23500,DAAM2,NCBI,5090_13498_8414_10897_33312_10943_11552_14092_12054_11960_11280_11294_11295_11298_11307_11498_12879_13089_13506,schizophrenia,MONDO_grouped,HGNC:18143,DAAM2,dishevelled associated activator of morphogenesis 2,Q86T65,mapped
1610,DAO,NCBI,5090_13498_8414_10897_33312_10943_11552_14092_12054_11960_11280_11294_11295_11298_11307_11498_12879_13089_13506,schizophrenia,MONDO_grouped,HGNC:2671,DAO,D-amino acid oxidase,P14920,mapped
267012,DAOA,NCBI,5090_13498_8414_10897_33312_10943_11552_14092_12054_11960_11280_11294_11295_11298_11307_11498_12879_13089_13506,schizophrenia,MONDO_grouped,HGNC:21191,DAOA,D-amino acid oxidase activator,P59103,mapped
26528,DAZAP1,NCBI,5090_13498_8414_10897_33312_10943_11552_14092_12054_11960_11280_11294_11295_11298_11307_11498_12879_13089_13506,schizophrenia,MONDO_grouped,HGNC:2683,DAZAP1,DAZ associated protein 1,Q96EP5,mapped
1627,DBN1,NCBI,5090_13498_8414_10897_33312_10943_11552_14092_12054_11960_11280_11294_11295_11298_11307_11498_12879_13089_13506,schizophrenia,MONDO_grouped,HGNC:2695,DBN1,drebrin 1,Q16643,mapped
1630,DCC,NCBI,5090_13498_8414_10897_33312_10943_11552_14092_12054_11960_11280_11294_11295_11298_11307_11498_12879_13089_13506,schizophrenia,MONDO_grouped,HGNC:2701,DCC,DCC netrin 1 receptor,P43146,mapped
51473,DCDC2,NCBI,5090_13498_8414_10897_33312_10943_11552_14092_12054_11960_11280_11294_11295_11298_11307_11498_12879_13089_13506,schizophrenia,MONDO_grouped,HGNC:18141,DCDC2,doublecortin domain containing 2,Q9UHG0,mapped
9201,DCLK1,NCBI,5090_13498_8414_10897_33312_10943_11552_14092_12054_11960_11280_11294_11295_11298_11307_11498_12879_13089_13506,schizophrenia,MONDO_grouped,HGNC:2700,DCLK1,doublecortin like kinase 1,O15075,mapped
8528,DDO,NCBI,5090_13498_8414_10897_33312_10943_11552_14092_12054_11960_11280_11294_11295_11298_11307_11498_12879_13089_13506,schizophrenia,MONDO_grouped,HGNC:2727,DDO,D-aspartate oxidase,Q99489,mapped
780,DDR1,NCBI,5090_13498_8414_10897_33312_10943_11552_14092_12054_11960_11280_11294_11295_11298_11307_11498_12879_13089_13506,schizophrenia,MONDO_grouped,HGNC:2730,DDR1,discoidin domain receptor tyrosine kinase 1,Q08345,mapped
9993,DGCR2,NCBI,5090_13498_8414_10897_33312_10943_11552_14092_12054_11960_11280_11294_11295_11298_11307_11498_12879_13089_13506,schizophrenia,MONDO_grouped,HGNC:2845,DGCR2,DiGeorge syndrome critical region gene 2,P98153,mapped
8214,DGCR6,NCBI,5090_13498_8414_10897_33312_10943_11552_14092_12054_11960_11280_11294_11295_11298_11307_11498_12879_13089_13506,schizophrenia,MONDO_grouped,HGNC:2846,DGCR6,DiGeorge syndrome critical region gene 6,Q14129,mapped
54487,DGCR8,NCBI,5090_13498_8414_10897_33312_10943_11552_14092_12054_11960_11280_11294_11295_11298_11307_11498_12879_13089_13506,schizophrenia,MONDO_grouped,HGNC:2847,DGCR8,DGCR8 microprocessor complex subunit,Q8WYQ5,mapped
23405,DICER1,NCBI,5090_13498_8414_10897_33312_10943_11552_14092_12054_11960_11280_11294_11295_11298_11307_11498_12879_13089_13506,schizophrenia,MONDO_grouped,HGNC:17098,DICER1,"dicer 1, ribonuclease III",Q9UPY3,mapped
1735,DIO3,NCBI,5090_13498_8414_10897_33312_10943_11552_14092_12054_11960_11280_11294_11295_11298_11307_11498_12879_13089_13506,schizophrenia,MONDO_grouped,HGNC:2885,DIO3,iodothyronine deiodinase 3,P55073,mapped
27185,DISC1,NCBI,5090_13498_8414_10897_33312_10943_11552_14092_12054_11960_11280_11294_11295_11298_11307_11498_12879_13089_13506,schizophrenia,MONDO_grouped,HGNC:2888,DISC1,DISC1 scaffold protein,Q9NRI5,mapped
85458,DIXDC1,NCBI,5090_13498_8414_10897_33312_10943_11552_14092_12054_11960_11280_11294_11295_11298_11307_11498_12879_13089_13506,schizophrenia,MONDO_grouped,HGNC:23695,DIXDC1,DIX domain containing 1,Q155Q3,mapped
27122,DKK3,NCBI,5090_13498_8414_10897_33312_10943_11552_14092_12054_11960_11280_11294_11295_11298_11307_11498_12879_13089_13506,schizophrenia,MONDO_grouped,HGNC:2893,DKK3,dickkopf Wnt signaling pathway inhibitor 3,Q9UBP4,mapped
27121,DKK4,NCBI,5090_13498_8414_10897_33312_10943_11552_14092_12054_11960_11280_11294_11295_11298_11307_11498_12879_13089_13506,schizophrenia,MONDO_grouped,HGNC:2894,DKK4,dickkopf Wnt signaling pathway inhibitor 4,Q9UBT3,mapped
1739,DLG1,NCBI,5090_13498_8414_10897_33312_10943_11552_14092_12054_11960_11280_11294_11295_11298_11307_11498_12879_13089_13506,schizophrenia,MONDO_grouped,HGNC:2900,DLG1,discs large MAGUK scaffold protein 1,Q12959,mapped
1740,DLG2,NCBI,5090_13498_8414_10897_33312_10943_11552_14092_12054_11960_11280_11294_11295_11298_11307_11498_12879_13089_13506,schizophrenia,MONDO_grouped,HGNC:2901,DLG2,discs large MAGUK scaffold protein 2,Q15700,mapped
1741,DLG3,NCBI,5090_13498_8414_10897_33312_10943_11552_14092_12054_11960_11280_11294_11295_11298_11307_11498_12879_13089_13506,schizophrenia,MONDO_grouped,HGNC:2902,DLG3,discs large MAGUK scaffold protein 3,Q92796,mapped
1742,DLG4,NCBI,5090_13498_8414_10897_33312_10943_11552_14092_12054_11960_11280_11294_11295_11298_11307_11498_12879_13089_13506,schizophrenia,MONDO_grouped,HGNC:2903,DLG4,discs large MAGUK scaffold protein 4,P78352,mapped
9229,DLGAP1,NCBI,5090_13498_8414_10897_33312_10943_11552_14092_12054_11960_11280_11294_11295_11298_11307_11498_12879_13089_13506,schizophrenia,MONDO_grouped,HGNC:2905,DLGAP1,DLG associated protein 1,O14490,mapped
9228,DLGAP2,NCBI,5090_13498_8414_10897_33312_10943_11552_14092_12054_11960_11280_11294_11295_11298_11307_11498_12879_13089_13506,schizophrenia,MONDO_grouped,HGNC:2906,DLGAP2,DLG associated protein 2,Q9P1A6,mapped
1745,DLX1,NCBI,5090_13498_8414_10897_33312_10943_11552_14092_12054_11960_11280_11294_11295_11298_11307_11498_12879_13089_13506,schizophrenia,MONDO_grouped,HGNC:2914,DLX1,distal-less homeobox 1,P56177,mapped
1759,DNM1,NCBI,5090_13498_8414_10897_33312_10943_11552_14092_12054_11960_11280_11294_11295_11298_11307_11498_12879_13089_13506,schizophrenia,MONDO_grouped,HGNC:2972,DNM1,dynamin 1,Q05193,mapped
1786,DNMT1,NCBI,5090_13498_8414_10897_33312_10943_11552_14092_12054_11960_11280_11294_11295_11298_11307_11498_12879_13089_13506,schizophrenia,MONDO_grouped,HGNC:2976,DNMT1,DNA methyltransferase 1,P26358,mapped
1789,DNMT3B,NCBI,5090_13498_8414_10897_33312_10943_11552_14092_12054_11960_11280_11294_11295_11298_11307_11498_12879_13089_13506,schizophrenia,MONDO_grouped,HGNC:2979,DNMT3B,DNA methyltransferase 3 beta,Q9UBC3,mapped
29947,DNMT3L,NCBI,5090_13498_8414_10897_33312_10943_11552_14092_12054_11960_11280_11294_11295_11298_11307_11498_12879_13089_13506,schizophrenia,MONDO_grouped,HGNC:2980,DNMT3L,DNA methyltransferase 3 like,Q9UJW3,mapped
9732,DOCK4,NCBI,5090_13498_8414_10897_33312_10943_11552_14092_12054_11960_11280_11294_11295_11298_11307_11498_12879_13089_13506,schizophrenia,MONDO_grouped,HGNC:19192,DOCK4,dedicator of cytokinesis 4,Q8N1I0,mapped
1806,DPYD,NCBI,5090_13498_8414_10897_33312_10943_11552_14092_12054_11960_11280_11294_11295_11298_11307_11498_12879_13089_13506,schizophrenia,MONDO_grouped,HGNC:3012,DPYD,dihydropyrimidine dehydrogenase,Q12882,mapped
1812,DRD1,NCBI,5090_13498_8414_10897_33312_10943_11552_14092_12054_11960_11280_11294_11295_11298_11307_11498_12879_13089_13506,schizophrenia,MONDO_grouped,HGNC:3020,DRD1,dopamine receptor D1,P21728,mapped
1813,DRD2,NCBI,5090_13498_8414_10897_33312_10943_11552_14092_12054_11960_11280_11294_11295_11298_11307_11498_12879_13089_13506,schizophrenia,MONDO_grouped,HGNC:3023,DRD2,dopamine receptor D2,P14416,mapped
1814,DRD3,NCBI,5090_13498_8414_10897_33312_10943_11552_14092_12054_11960_11280_11294_11295_11298_11307_11498_12879_13089_13506,schizophrenia,MONDO_grouped,HGNC:3024,DRD3,dopamine receptor D3,P35462,mapped
1815,DRD4,NCBI,5090_13498_8414_10897_33312_10943_11552_14092_12054_11960_11280_11294_11295_11298_11307_11498_12879_13089_13506,schizophrenia,MONDO_grouped,HGNC:3025,DRD4,dopamine receptor D4,P21917,mapped
1816,DRD5,NCBI,5090_13498_8414_10897_33312_10943_11552_14092_12054_11960_11280_11294_11295_11298_11307_11498_12879_13089_13506,schizophrenia,MONDO_grouped,HGNC:3026,DRD5,dopamine receptor D5,P21918,mapped
84062,DTNBP1,NCBI,5090_13498_8414_10897_33312_10943_11552_14092_12054_11960_11280_11294_11295_11298_11307_11498_12879_13089_13506,schizophrenia,MONDO_grouped,HGNC:17328,DTNBP1,dystrobrevin binding protein 1,Q96EV8,mapped
54808,DYM,NCBI,5090_13498_8414_10897_33312_10943_11552_14092_12054_11960_11280_11294_11295_11298_11307_11498_12879_13089_13506,schizophrenia,MONDO_grouped,HGNC:21317,DYM,dymeclin,Q7RTS9,mapped
55741,EDEM2,NCBI,5090_13498_8414_10897_33312_10943_11552_14092_12054_11960_11280_11294_11295_11298_11307_11498_12879_13089_13506,schizophrenia,MONDO_grouped,HGNC:15877,EDEM2,ER degradation enhancing alpha-mannosidase like protein 2,Q9BV94,mapped
90141,EFCAB11,NCBI,5090_13498_8414_10897_33312_10943_11552_14092_12054_11960_11280_11294_11295_11298_11307_11498_12879_13089_13506,schizophrenia,MONDO_grouped,HGNC:20357,EFCAB11,EF-hand calcium binding domain 11,Q9BUY7,mapped
1948,EFNB2,NCBI,5090_13498_8414_10897_33312_10943_11552_14092_12054_11960_11280_11294_11295_11298_11307_11498_12879_13089_13506,schizophrenia,MONDO_grouped,HGNC:3227,EFNB2,ephrin B2,P52799,mapped
1959,EGR2,NCBI,5090_13498_8414_10897_33312_10943_11552_14092_12054_11960_11280_11294_11295_11298_11307_11498_12879_13089_13506,schizophrenia,MONDO_grouped,HGNC:3239,EGR2,early growth response 2,P11161,mapped
1960,EGR3,NCBI,5090_13498_8414_10897_33312_10943_11552_14092_12054_11960_11280_11294_11295_11298_11307_11498_12879_13089_13506,schizophrenia,MONDO_grouped,HGNC:3240,EGR3,early growth response 3,Q06889,mapped
1961,EGR4,NCBI,5090_13498_8414_10897_33312_10943_11552_14092_12054_11960_11280_11294_11295_11298_11307_11498_12879_13089_13506,schizophrenia,MONDO_grouped,HGNC:3241,EGR4,early growth response 4,Q05215,mapped
1965,EIF2S1,NCBI,5090_13498_8414_10897_33312_10943_11552_14092_12054_11960_11280_11294_11295_11298_11307_11498_12879_13089_13506,schizophrenia,MONDO_grouped,HGNC:3265,EIF2S1,eukaryotic translation initiation factor 2 subunit alpha,P05198,mapped
1983,EIF5,NCBI,5090_13498_8414_10897_33312_10943_11552_14092_12054_11960_11280_11294_11295_11298_11307_11498_12879_13089_13506,schizophrenia,MONDO_grouped,HGNC:3299,EIF5,eukaryotic translation initiation factor 5,P55010,mapped
1993,ELAVL2,NCBI,5090_13498_8414_10897_33312_10943_11552_14092_12054_11960_11280_11294_11295_11298_11307_11498_12879_13089_13506,schizophrenia,MONDO_grouped,HGNC:3313,ELAVL2,ELAV like RNA binding protein 2,Q12926,mapped
161436,EML5,NCBI,5090_13498_8414_10897_33312_10943_11552_14092_12054_11960_11280_11294_11295_11298_11307_11498_12879_13089_13506,schizophrenia,MONDO_grouped,HGNC:18197,EML5,EMAP like 5,Q05BV3,mapped
2018,EMX2,NCBI,5090_13498_8414_10897_33312_10943_11552_14092_12054_11960_11280_11294_11295_11298_11307_11498_12879_13089_13506,schizophrenia,MONDO_grouped,HGNC:3341,EMX2,empty spiracles homeobox 2,Q04743,mapped
2019,EN1,NCBI,5090_13498_8414_10897_33312_10943_11552_14092_12054_11960_11280_11294_11295_11298_11307_11498_12879_13089_13506,schizophrenia,MONDO_grouped,HGNC:3342,EN1,engrailed homeobox 1,Q05925,mapped
2020,EN2,NCBI,5090_13498_8414_10897_33312_10943_11552_14092_12054_11960_11280_11294_11295_11298_11307_11498_12879_13089_13506,schizophrenia,MONDO_grouped,HGNC:3343,EN2,engrailed homeobox 2,P19622,mapped
2026,ENO2,NCBI,5090_13498_8414_10897_33312_10943_11552_14092_12054_11960_11280_11294_11295_11298_11307_11498_12879_13089_13506,schizophrenia,MONDO_grouped,HGNC:3353,ENO2,enolase 2,P09104,mapped
2053,EPHX2,NCBI,5090_13498_8414_10897_33312_10943_11552_14092_12054_11960_11280_11294_11295_11298_11307_11498_12879_13089_13506,schizophrenia,MONDO_grouped,HGNC:3402,EPHX2,epoxide hydrolase 2,P34913,mapped
2065,ERBB3,NCBI,5090_13498_8414_10897_33312_10943_11552_14092_12054_11960_11280_11294_11295_11298_11307_11498_12879_13089_13506,schizophrenia,MONDO_grouped,HGNC:3431,ERBB3,erb-b2 receptor tyrosine kinase 3,P21860,mapped
2066,ERBB4,NCBI,5090_13498_8414_10897_33312_10943_11552_14092_12054_11960_11280_11294_11295_11298_11307_11498_12879_13089_13506,schizophrenia,MONDO_grouped,HGNC:3432,ERBB4,erb-b2 receptor tyrosine kinase 4,Q15303,mapped
30816,ERVW-1,NCBI,5090_13498_8414_10897_33312_10943_11552_14092_12054_11960_11280_11294_11295_11298_11307_11498_12879_13089_13506,schizophrenia,MONDO_grouped,HGNC:13525,ERVW-1,"endogenous retrovirus group W member 1, envelope",Q9UQF0,mapped
90952,ESAM,NCBI,5090_13498_8414_10897_33312_10943_11552_14092_12054_11960_11280_11294_11295_11298_11307_11498_12879_13089_13506,schizophrenia,MONDO_grouped,HGNC:17474,ESAM,endothelial cell adhesion molecule,Q96AP7,mapped
2099,ESR1,NCBI,5090_13498_8414_10897_33312_10943_11552_14092_12054_11960_11280_11294_11295_11298_11307_11498_12879_13089_13506,schizophrenia,MONDO_grouped,HGNC:3467,ESR1,estrogen receptor 1,P03372,mapped
2100,ESR2,NCBI,5090_13498_8414_10897_33312_10943_11552_14092_12054_11960_11280_11294_11295_11298_11307_11498_12879_13089_13506,schizophrenia,MONDO_grouped,HGNC:3468,ESR2,estrogen receptor 2,Q92731,mapped
8220,ESS2,NCBI,5090_13498_8414_10897_33312_10943_11552_14092_12054_11960_11280_11294_11295_11298_11307_11498_12879_13089_13506,schizophrenia,MONDO_grouped,HGNC:16817,ESS2,ess-2 spliceosome associated protein,Q96DF8,mapped
64850,ETNPPL,NCBI,5090_13498_8414_10897_33312_10943_11552_14092_12054_11960_11280_11294_11295_11298_11307_11498_12879_13089_13506,schizophrenia,MONDO_grouped,HGNC:14404,ETNPPL,ethanolamine-phosphate phospho-lyase,Q8TBG4,mapped
2147,F2,NCBI,5090_13498_8414_10897_33312_10943_11552_14092_12054_11960_11280_11294_11295_11298_11307_11498_12879_13089_13506,schizophrenia,MONDO_grouped,HGNC:3535,F2,"coagulation factor II, thrombin",P00734,mapped
2171,FABP5,NCBI,5090_13498_8414_10897_33312_10943_11552_14092_12054_11960_11280_11294_11295_11298_11307_11498_12879_13089_13506,schizophrenia,MONDO_grouped,HGNC:3560,FABP5,fatty acid binding protein 5,Q01469,mapped
2173,FABP7,NCBI,5090_13498_8414_10897_33312_10943_11552_14092_12054_11960_11280_11294_11295_11298_11307_11498_12879_13089_13506,schizophrenia,MONDO_grouped,HGNC:3562,FABP7,fatty acid binding protein 7,O15540,mapped
9415,FADS2,NCBI,5090_13498_8414_10897_33312_10943_11552_14092_12054_11960_11280_11294_11295_11298_11307_11498_12879_13089_13506,schizophrenia,MONDO_grouped,HGNC:3575,FADS2,fatty acid desaturase 2,O95864,mapped
131177,FAM3D,NCBI,5090_13498_8414_10897_33312_10943_11552_14092_12054_11960_11280_11294_11295_11298_11307_11498_12879_13089_13506,schizophrenia,MONDO_grouped,HGNC:18665,FAM3D,FAM3 metabolism regulating signaling molecule D,Q96BQ1,mapped
355,FAS,NCBI,5090_13498_8414_10897_33312_10943_11552_14092_12054_11960_11280_11294_11295_11298_11307_11498_12879_13089_13506,schizophrenia,MONDO_grouped,HGNC:11920,FAS,Fas cell surface death receptor,P25445,mapped
60493,FASTKD5,NCBI,5090_13498_8414_10897_33312_10943_11552_14092_12054_11960_11280_11294_11295_11298_11307_11498_12879_13089_13506,schizophrenia,MONDO_grouped,HGNC:25790,FASTKD5,FASTK mitochondrial RNA regulator 5,Q7L8L6,mapped
2203,FBP1,NCBI,5090_13498_8414_10897_33312_10943_11552_14092_12054_11960_11280_11294_11295_11298_11307_11498_12879_13089_13506,schizophrenia,MONDO_grouped,HGNC:3606,FBP1,fructose-bisphosphatase 1,P09467,mapped
200933,FBXO45,NCBI,5090_13498_8414_10897_33312_10943_11552_14092_12054_11960_11280_11294_11295_11298_11307_11498_12879_13089_13506,schizophrenia,MONDO_grouped,HGNC:29148,FBXO45,F-box protein 45,P0C2W1,mapped
9638,FEZ1,NCBI,5090_13498_8414_10897_33312_10943_11552_14092_12054_11960_11280_11294_11295_11298_11307_11498_12879_13089_13506,schizophrenia,MONDO_grouped,HGNC:3659,FEZ1,fasciculation and elongation protein zeta 1,Q99689,mapped
2247,FGF2,NCBI,5090_13498_8414_10897_33312_10943_11552_14092_12054_11960_11280_11294_11295_11298_11307_11498_12879_13089_13506,schizophrenia,MONDO_grouped,HGNC:3676,FGF2,fibroblast growth factor 2,P09038,mapped
2260,FGFR1,NCBI,5090_13498_8414_10897_33312_10943_11552_14092_12054_11960_11280_11294_11295_11298_11307_11498_12879_13089_13506,schizophrenia,MONDO_grouped,HGNC:3688,FGFR1,fibroblast growth factor receptor 1,P11362,mapped
2263,FGFR2,NCBI,5090_13498_8414_10897_33312_10943_11552_14092_12054_11960_11280_11294_11295_11298_11307_11498_12879_13089_13506,schizophrenia,MONDO_grouped,HGNC:3689,FGFR2,fibroblast growth factor receptor 2,P21802,mapped
2332,FMR1,NCBI,5090_13498_8414_10897_33312_10943_11552_14092_12054_11960_11280_11294_11295_11298_11307_11498_12879_13089_13506,schizophrenia,MONDO_grouped,HGNC:3775,FMR1,fragile X messenger ribonucleoprotein 1,Q06787,mapped
2346,FOLH1,NCBI,5090_13498_8414_10897_33312_10943_11552_14092_12054_11960_11280_11294_11295_11298_11307_11498_12879_13089_13506,schizophrenia,MONDO_grouped,HGNC:3788,FOLH1,folate hydrolase 1,Q04609,mapped
93986,FOXP2,NCBI,5090_13498_8414_10897_33312_10943_11552_14092_12054_11960_11280_11294_11295_11298_11307_11498_12879_13089_13506,schizophrenia,MONDO_grouped,HGNC:13875,FOXP2,forkhead box P2,O15409,mapped
11167,FSTL1,NCBI,5090_13498_8414_10897_33312_10943_11552_14092_12054_11960_11280_11294_11295_11298_11307_11498_12879_13089_13506,schizophrenia,MONDO_grouped,HGNC:3972,FSTL1,follistatin like 1,Q12841,mapped
2530,FUT8,NCBI,5090_13498_8414_10897_33312_10943_11552_14092_12054_11960_11280_11294_11295_11298_11307_11498_12879_13089_13506,schizophrenia,MONDO_grouped,HGNC:4019,FUT8,fucosyltransferase 8,Q9BYC5,mapped
5348,FXYD1,NCBI,5090_13498_8414_10897_33312_10943_11552_14092_12054_11960_11280_11294_11295_11298_11307_11498_12879_13089_13506,schizophrenia,MONDO_grouped,HGNC:4025,FXYD1,FXYD domain containing ion transport regulator 1,O00168,mapped
53826,FXYD6,NCBI,5090_13498_8414_10897_33312_10943_11552_14092_12054_11960_11280_11294_11295_11298_11307_11498_12879_13089_13506,schizophrenia,MONDO_grouped,HGNC:4030,FXYD6,FXYD domain containing ion transport regulator 6,Q9H0Q3,mapped
2534,FYN,NCBI,5090_13498_8414_10897_33312_10943_11552_14092_12054_11960_11280_11294_11295_11298_11307_11498_12879_13089_13506,schizophrenia,MONDO_grouped,HGNC:4037,FYN,"FYN proto-oncogene, Src family tyrosine kinase",P06241,mapped
7976,FZD3,NCBI,5090_13498_8414_10897_33312_10943_11552_14092_12054_11960_11280_11294_11295_11298_11307_11498_12879_13089_13506,schizophrenia,MONDO_grouped,HGNC:4041,FZD3,frizzled class receptor 3,Q9NPG1,mapped
11337,GABARAP,NCBI,5090_13498_8414_10897_33312_10943_11552_14092_12054_11960_11280_11294_11295_11298_11307_11498_12879_13089_13506,schizophrenia,MONDO_grouped,HGNC:4067,GABARAP,GABA type A receptor-associated protein,O95166,mapped
2550,GABBR1,NCBI,5090_13498_8414_10897_33312_10943_11552_14092_12054_11960_11280_11294_11295_11298_11307_11498_12879_13089_13506,schizophrenia,MONDO_grouped,HGNC:4070,GABBR1,gamma-aminobutyric acid type B receptor subunit 1,Q9UBS5,mapped
2554,GABRA1,NCBI,5090_13498_8414_10897_33312_10943_11552_14092_12054_11960_11280_11294_11295_11298_11307_11498_12879_13089_13506,schizophrenia,MONDO_grouped,HGNC:4075,GABRA1,gamma-aminobutyric acid type A receptor subunit alpha1,P14867,mapped
2557,GABRA4,NCBI,5090_13498_8414_10897_33312_10943_11552_14092_12054_11960_11280_11294_11295_11298_11307_11498_12879_13089_13506,schizophrenia,MONDO_grouped,HGNC:4078,GABRA4,gamma-aminobutyric acid type A receptor subunit alpha4,P48169,mapped
2558,GABRA5,NCBI,5090_13498_8414_10897_33312_10943_11552_14092_12054_11960_11280_11294_11295_11298_11307_11498_12879_13089_13506,schizophrenia,MONDO_grouped,HGNC:4079,GABRA5,gamma-aminobutyric acid type A receptor subunit alpha5,P31644,mapped
2559,GABRA6,NCBI,5090_13498_8414_10897_33312_10943_11552_14092_12054_11960_11280_11294_11295_11298_11307_11498_12879_13089_13506,schizophrenia,MONDO_grouped,HGNC:4080,GABRA6,gamma-aminobutyric acid type A receptor subunit alpha6,Q16445,mapped
2560,GABRB1,NCBI,5090_13498_8414_10897_33312_10943_11552_14092_12054_11960_11280_11294_11295_11298_11307_11498_12879_13089_13506,schizophrenia,MONDO_grouped,HGNC:4081,GABRB1,gamma-aminobutyric acid type A receptor subunit beta1,P18505,mapped
2561,GABRB2,NCBI,5090_13498_8414_10897_33312_10943_11552_14092_12054_11960_11280_11294_11295_11298_11307_11498_12879_13089_13506,schizophrenia,MONDO_grouped,HGNC:4082,GABRB2,gamma-aminobutyric acid type A receptor subunit beta2,P47870,mapped
2562,GABRB3,NCBI,5090_13498_8414_10897_33312_10943_11552_14092_12054_11960_11280_11294_11295_11298_11307_11498_12879_13089_13506,schizophrenia,MONDO_grouped,HGNC:4083,GABRB3,gamma-aminobutyric acid type A receptor subunit beta3,P28472,mapped
2563,GABRD,NCBI,5090_13498_8414_10897_33312_10943_11552_14092_12054_11960_11280_11294_11295_11298_11307_11498_12879_13089_13506,schizophrenia,MONDO_grouped,HGNC:4084,GABRD,gamma-aminobutyric acid type A receptor subunit delta,O14764,mapped
2566,GABRG2,NCBI,5090_13498_8414_10897_33312_10943_11552_14092_12054_11960_11280_11294_11295_11298_11307_11498_12879_13089_13506,schizophrenia,MONDO_grouped,HGNC:4087,GABRG2,gamma-aminobutyric acid type A receptor subunit gamma2,P18507,mapped
55879,GABRQ,NCBI,5090_13498_8414_10897_33312_10943_11552_14092_12054_11960_11280_11294_11295_11298_11307_11498_12879_13089_13506,schizophrenia,MONDO_grouped,HGNC:14454,GABRQ,gamma-aminobutyric acid type A receptor subunit theta,Q9UN88,mapped
2569,GABRR1,NCBI,5090_13498_8414_10897_33312_10943_11552_14092_12054_11960_11280_11294_11295_11298_11307_11498_12879_13089_13506,schizophrenia,MONDO_grouped,HGNC:4090,GABRR1,gamma-aminobutyric acid type A receptor subunit rho1,P24046,mapped
2571,GAD1,NCBI,5090_13498_8414_10897_33312_10943_11552_14092_12054_11960_11280_11294_11295_11298_11307_11498_12879_13089_13506,schizophrenia,MONDO_grouped,HGNC:4092,GAD1,glutamate decarboxylase 1,Q99259,mapped
2572,GAD2,NCBI,5090_13498_8414_10897_33312_10943_11552_14092_12054_11960_11280_11294_11295_11298_11307_11498_12879_13089_13506,schizophrenia,MONDO_grouped,HGNC:4093,GAD2,glutamate decarboxylase 2,Q05329,mapped
2596,GAP43,NCBI,5090_13498_8414_10897_33312_10943_11552_14092_12054_11960_11280_11294_11295_11298_11307_11498_12879_13089_13506,schizophrenia,MONDO_grouped,HGNC:4140,GAP43,growth associated protein 43,P17677,mapped
2638,GC,NCBI,5090_13498_8414_10897_33312_10943_11552_14092_12054_11960_11280_11294_11295_11298_11307_11498_12879_13089_13506,schizophrenia,MONDO_grouped,HGNC:4187,GC,GC vitamin D binding protein,P02774,mapped
2643,GCH1,NCBI,5090_13498_8414_10897_33312_10943_11552_14092_12054_11960_11280_11294_11295_11298_11307_11498_12879_13089_13506,schizophrenia,MONDO_grouped,HGNC:4193,GCH1,GTP cyclohydrolase 1,P30793,mapped
2729,GCLC,NCBI,5090_13498_8414_10897_33312_10943_11552_14092_12054_11960_11280_11294_11295_11298_11307_11498_12879_13089_13506,schizophrenia,MONDO_grouped,HGNC:4311,GCLC,glutamate-cysteine ligase catalytic subunit,P48506,mapped
2668,GDNF,NCBI,5090_13498_8414_10897_33312_10943_11552_14092_12054_11960_11280_11294_11295_11298_11307_11498_12879_13089_13506,schizophrenia,MONDO_grouped,HGNC:4232,GDNF,glial cell derived neurotrophic factor,P39905,mapped
2670,GFAP,NCBI,5090_13498_8414_10897_33312_10943_11552_14092_12054_11960_11280_11294_11295_11298_11307_11498_12879_13089_13506,schizophrenia,MONDO_grouped,HGNC:4235,GFAP,glial fibrillary acidic protein,P14136,mapped
2674,GFRA1,NCBI,5090_13498_8414_10897_33312_10943_11552_14092_12054_11960_11280_11294_11295_11298_11307_11498_12879_13089_13506,schizophrenia,MONDO_grouped,HGNC:4243,GFRA1,GDNF family receptor alpha 1,P56159,mapped
2676,GFRA3,NCBI,5090_13498_8414_10897_33312_10943_11552_14092_12054_11960_11280_11294_11295_11298_11307_11498_12879_13089_13506,schizophrenia,MONDO_grouped,HGNC:4245,GFRA3,GDNF family receptor alpha 3,O60609,mapped
2703,GJA8,NCBI,5090_13498_8414_10897_33312_10943_11552_14092_12054_11960_11280_11294_11295_11298_11307_11498_12879_13089_13506,schizophrenia,MONDO_grouped,HGNC:4281,GJA8,gap junction protein alpha 8,P48165,mapped
2739,GLO1,NCBI,5090_13498_8414_10897_33312_10943_11552_14092_12054_11960_11280_11294_11295_11298_11307_11498_12879_13089_13506,schizophrenia,MONDO_grouped,HGNC:4323,GLO1,glyoxalase I,Q04760,mapped
2752,GLUL,NCBI,5090_13498_8414_10897_33312_10943_11552_14092_12054_11960_11280_11294_11295_11298_11307_11498_12879_13089_13506,schizophrenia,MONDO_grouped,HGNC:4341,GLUL,glutamate-ammonia ligase,P15104,mapped
2774,GNAL,NCBI,5090_13498_8414_10897_33312_10943_11552_14092_12054_11960_11280_11294_11295_11298_11307_11498_12879_13089_13506,schizophrenia,MONDO_grouped,HGNC:4388,GNAL,G protein subunit alpha L,P38405,mapped
2775,GNAO1,NCBI,5090_13498_8414_10897_33312_10943_11552_14092_12054_11960_11280_11294_11295_11298_11307_11498_12879_13089_13506,schizophrenia,MONDO_grouped,HGNC:4389,GNAO1,G protein subunit alpha o1,P09471,mapped
2778,GNAS,NCBI,5090_13498_8414_10897_33312_10943_11552_14092_12054_11960_11280_11294_11295_11298_11307_11498_12879_13089_13506,schizophrenia,MONDO_grouped,HGNC:4392,GNAS,GNAS complex locus,O95467,mapped
2778,GNAS,NCBI,5090_13498_8414_10897_33312_10943_11552_14092_12054_11960_11280_11294_11295_11298_11307_11498_12879_13089_13506,schizophrenia,MONDO_grouped,HGNC:4392,GNAS,GNAS complex locus,P63092,mapped
2778,GNAS,NCBI,5090_13498_8414_10897_33312_10943_11552_14092_12054_11960_11280_11294_11295_11298_11307_11498_12879_13089_13506,schizophrenia,MONDO_grouped,HGNC:4392,GNAS,GNAS complex locus,P84996,mapped
2778,GNAS,NCBI,5090_13498_8414_10897_33312_10943_11552_14092_12054_11960_11280_11294_11295_11298_11307_11498_12879_13089_13506,schizophrenia,MONDO_grouped,HGNC:4392,GNAS,GNAS complex locus,Q5JWF2,mapped
54584,GNB1L,NCBI,5090_13498_8414_10897_33312_10943_11552_14092_12054_11960_11280_11294_11295_11298_11307_11498_12879_13089_13506,schizophrenia,MONDO_grouped,HGNC:4397,GNB1L,G protein subunit beta 1 like,Q9BYB4,mapped
2784,GNB3,NCBI,5090_13498_8414_10897_33312_10943_11552_14092_12054_11960_11280_11294_11295_11298_11307_11498_12879_13089_13506,schizophrenia,MONDO_grouped,HGNC:4400,GNB3,G protein subunit beta 3,P16520,mapped
8443,GNPAT,NCBI,5090_13498_8414_10897_33312_10943_11552_14092_12054_11960_11280_11294_11295_11298_11307_11498_12879_13089_13506,schizophrenia,MONDO_grouped,HGNC:4416,GNPAT,glyceronephosphate O-acyltransferase,O15228,mapped
2823,GPM6A,NCBI,5090_13498_8414_10897_33312_10943_11552_14092_12054_11960_11280_11294_11295_11298_11307_11498_12879_13089_13506,schizophrenia,MONDO_grouped,HGNC:4460,GPM6A,glycoprotein M6A,P51674,mapped
387509,GPR153,NCBI,5090_13498_8414_10897_33312_10943_11552_14092_12054_11960_11280_11294_11295_11298_11307_11498_12879_13089_13506,schizophrenia,MONDO_grouped,HGNC:23618,GPR153,G protein-coupled receptor 153,Q6NV75,mapped
9248,GPR50,NCBI,5090_13498_8414_10897_33312_10943_11552_14092_12054_11960_11280_11294_11295_11298_11307_11498_12879_13089_13506,schizophrenia,MONDO_grouped,HGNC:4506,GPR50,G protein-coupled receptor 50,Q13585,mapped
27201,GPR78,NCBI,5090_13498_8414_10897_33312_10943_11552_14092_12054_11960_11280_11294_11295_11298_11307_11498_12879_13089_13506,schizophrenia,MONDO_grouped,HGNC:4528,GPR78,G protein-coupled receptor 78,Q96P69,mapped
2873,GPS1,NCBI,5090_13498_8414_10897_33312_10943_11552_14092_12054_11960_11280_11294_11295_11298_11307_11498_12879_13089_13506,schizophrenia,MONDO_grouped,HGNC:4549,GPS1,G protein pathway suppressor 1,Q13098,mapped
2887,GRB10,NCBI,5090_13498_8414_10897_33312_10943_11552_14092_12054_11960_11280_11294_11295_11298_11307_11498_12879_13089_13506,schizophrenia,MONDO_grouped,HGNC:4564,GRB10,growth factor receptor bound protein 10,Q13322,mapped
2885,GRB2,NCBI,5090_13498_8414_10897_33312_10943_11552_14092_12054_11960_11280_11294_11295_11298_11307_11498_12879_13089_13506,schizophrenia,MONDO_grouped,HGNC:4566,GRB2,growth factor receptor bound protein 2,P62993,mapped
2890,GRIA1,NCBI,5090_13498_8414_10897_33312_10943_11552_14092_12054_11960_11280_11294_11295_11298_11307_11498_12879_13089_13506,schizophrenia,MONDO_grouped,HGNC:4571,GRIA1,glutamate ionotropic receptor AMPA type subunit 1,P42261,mapped
2891,GRIA2,NCBI,5090_13498_8414_10897_33312_10943_11552_14092_12054_11960_11280_11294_11295_11298_11307_11498_12879_13089_13506,schizophrenia,MONDO_grouped,HGNC:4572,GRIA2,glutamate ionotropic receptor AMPA type subunit 2,P42262,mapped
2892,GRIA3,NCBI,5090_13498_8414_10897_33312_10943_11552_14092_12054_11960_11280_11294_11295_11298_11307_11498_12879_13089_13506,schizophrenia,MONDO_grouped,HGNC:4573,GRIA3,glutamate ionotropic receptor AMPA type subunit 3,P42263,mapped
2893,GRIA4,NCBI,5090_13498_8414_10897_33312_10943_11552_14092_12054_11960_11280_11294_11295_11298_11307_11498_12879_13089_13506,schizophrenia,MONDO_grouped,HGNC:4574,GRIA4,glutamate ionotropic receptor AMPA type subunit 4,P48058,mapped
2894,GRID1,NCBI,5090_13498_8414_10897_33312_10943_11552_14092_12054_11960_11280_11294_11295_11298_11307_11498_12879_13089_13506,schizophrenia,MONDO_grouped,HGNC:4575,GRID1,glutamate ionotropic receptor delta type subunit 1,Q9ULK0,mapped
2897,GRIK1,NCBI,5090_13498_8414_10897_33312_10943_11552_14092_12054_11960_11280_11294_11295_11298_11307_11498_12879_13089_13506,schizophrenia,MONDO_grouped,HGNC:4579,GRIK1,glutamate ionotropic receptor kainate type subunit 1,P39086,mapped
2898,GRIK2,NCBI,5090_13498_8414_10897_33312_10943_11552_14092_12054_11960_11280_11294_11295_11298_11307_11498_12879_13089_13506,schizophrenia,MONDO_grouped,HGNC:4580,GRIK2,glutamate ionotropic receptor kainate type subunit 2,Q13002,mapped
2899,GRIK3,NCBI,5090_13498_8414_10897_33312_10943_11552_14092_12054_11960_11280_11294_11295_11298_11307_11498_12879_13089_13506,schizophrenia,MONDO_grouped,HGNC:4581,GRIK3,glutamate ionotropic receptor kainate type subunit 3,Q13003,mapped
2900,GRIK4,NCBI,5090_13498_8414_10897_33312_10943_11552_14092_12054_11960_11280_11294_11295_11298_11307_11498_12879_13089_13506,schizophrenia,MONDO_grouped,HGNC:4582,GRIK4,glutamate ionotropic receptor kainate type subunit 4,Q16099,mapped
2901,GRIK5,NCBI,5090_13498_8414_10897_33312_10943_11552_14092_12054_11960_11280_11294_11295_11298_11307_11498_12879_13089_13506,schizophrenia,MONDO_grouped,HGNC:4583,GRIK5,glutamate ionotropic receptor kainate type subunit 5,Q16478,mapped
2902,GRIN1,NCBI,5090_13498_8414_10897_33312_10943_11552_14092_12054_11960_11280_11294_11295_11298_11307_11498_12879_13089_13506,schizophrenia,MONDO_grouped,HGNC:4584,GRIN1,glutamate ionotropic receptor NMDA type subunit 1,Q05586,mapped
2903,GRIN2A,NCBI,5090_13498_8414_10897_33312_10943_11552_14092_12054_11960_11280_11294_11295_11298_11307_11498_12879_13089_13506,schizophrenia,MONDO_grouped,HGNC:4585,GRIN2A,glutamate ionotropic receptor NMDA type subunit 2A,Q12879,mapped
2904,GRIN2B,NCBI,5090_13498_8414_10897_33312_10943_11552_14092_12054_11960_11280_11294_11295_11298_11307_11498_12879_13089_13506,schizophrenia,MONDO_grouped,HGNC:4586,GRIN2B,glutamate ionotropic receptor NMDA type subunit 2B,Q13224,mapped
2905,GRIN2C,NCBI,5090_13498_8414_10897_33312_10943_11552_14092_12054_11960_11280_11294_11295_11298_11307_11498_12879_13089_13506,schizophrenia,MONDO_grouped,HGNC:4587,GRIN2C,glutamate ionotropic receptor NMDA type subunit 2C,Q14957,mapped
2906,GRIN2D,NCBI,5090_13498_8414_10897_33312_10943_11552_14092_12054_11960_11280_11294_11295_11298_11307_11498_12879_13089_13506,schizophrenia,MONDO_grouped,HGNC:4588,GRIN2D,glutamate ionotropic receptor NMDA type subunit 2D,O15399,mapped
116443,GRIN3A,NCBI,5090_13498_8414_10897_33312_10943_11552_14092_12054_11960_11280_11294_11295_11298_11307_11498_12879_13089_13506,schizophrenia,MONDO_grouped,HGNC:16767,GRIN3A,glutamate ionotropic receptor NMDA type subunit 3A,Q8TCU5,mapped
2870,GRK6,NCBI,5090_13498_8414_10897_33312_10943_11552_14092_12054_11960_11280_11294_11295_11298_11307_11498_12879_13089_13506,schizophrenia,MONDO_grouped,HGNC:4545,GRK6,G protein-coupled receptor kinase 6,P43250,mapped
2911,GRM1,NCBI,5090_13498_8414_10897_33312_10943_11552_14092_12054_11960_11280_11294_11295_11298_11307_11498_12879_13089_13506,schizophrenia,MONDO_grouped,HGNC:4593,GRM1,glutamate metabotropic receptor 1,Q13255,mapped
2912,GRM2,NCBI,5090_13498_8414_10897_33312_10943_11552_14092_12054_11960_11280_11294_11295_11298_11307_11498_12879_13089_13506,schizophrenia,MONDO_grouped,HGNC:4594,GRM2,glutamate metabotropic receptor 2,Q14416,mapped
2913,GRM3,NCBI,5090_13498_8414_10897_33312_10943_11552_14092_12054_11960_11280_11294_11295_11298_11307_11498_12879_13089_13506,schizophrenia,MONDO_grouped,HGNC:4595,GRM3,glutamate metabotropic receptor 3,Q14832,mapped
2914,GRM4,NCBI,5090_13498_8414_10897_33312_10943_11552_14092_12054_11960_11280_11294_11295_11298_11307_11498_12879_13089_13506,schizophrenia,MONDO_grouped,HGNC:4596,GRM4,glutamate metabotropic receptor 4,Q14833,mapped
2915,GRM5,NCBI,5090_13498_8414_10897_33312_10943_11552_14092_12054_11960_11280_11294_11295_11298_11307_11498_12879_13089_13506,schizophrenia,MONDO_grouped,HGNC:4597,GRM5,glutamate metabotropic receptor 5,P41594,mapped
2917,GRM7,NCBI,5090_13498_8414_10897_33312_10943_11552_14092_12054_11960_11280_11294_11295_11298_11307_11498_12879_13089_13506,schizophrenia,MONDO_grouped,HGNC:4599,GRM7,glutamate metabotropic receptor 7,Q14831,mapped
2918,GRM8,NCBI,5090_13498_8414_10897_33312_10943_11552_14092_12054_11960_11280_11294_11295_11298_11307_11498_12879_13089_13506,schizophrenia,MONDO_grouped,HGNC:4600,GRM8,glutamate metabotropic receptor 8,O00222,mapped
2896,GRN,NCBI,5090_13498_8414_10897_33312_10943_11552_14092_12054_11960_11280_11294_11295_11298_11307_11498_12879_13089_13506,schizophrenia,MONDO_grouped,HGNC:4601,GRN,granulin precursor,P28799,mapped
2931,GSK3A,NCBI,5090_13498_8414_10897_33312_10943_11552_14092_12054_11960_11280_11294_11295_11298_11307_11498_12879_13089_13506,schizophrenia,MONDO_grouped,HGNC:4616,GSK3A,glycogen synthase kinase 3 alpha,P49840,mapped
2932,GSK3B,NCBI,5090_13498_8414_10897_33312_10943_11552_14092_12054_11960_11280_11294_11295_11298_11307_11498_12879_13089_13506,schizophrenia,MONDO_grouped,HGNC:4617,GSK3B,glycogen synthase kinase 3 beta,P49841,mapped
2934,GSN,NCBI,5090_13498_8414_10897_33312_10943_11552_14092_12054_11960_11280_11294_11295_11298_11307_11498_12879_13089_13506,schizophrenia,MONDO_grouped,HGNC:4620,GSN,gelsolin,P06396,mapped
2938,GSTA1,NCBI,5090_13498_8414_10897_33312_10943_11552_14092_12054_11960_11280_11294_11295_11298_11307_11498_12879_13089_13506,schizophrenia,MONDO_grouped,HGNC:4626,GSTA1,glutathione S-transferase alpha 1,P08263,mapped
2944,GSTM1,NCBI,5090_13498_8414_10897_33312_10943_11552_14092_12054_11960_11280_11294_11295_11298_11307_11498_12879_13089_13506,schizophrenia,MONDO_grouped,HGNC:4632,GSTM1,glutathione S-transferase mu 1,P09488,mapped
2946,GSTM2,NCBI,5090_13498_8414_10897_33312_10943_11552_14092_12054_11960_11280_11294_11295_11298_11307_11498_12879_13089_13506,schizophrenia,MONDO_grouped,HGNC:4634,GSTM2,glutathione S-transferase mu 2,P28161,mapped
2950,GSTP1,NCBI,5090_13498_8414_10897_33312_10943_11552_14092_12054_11960_11280_11294_11295_11298_11307_11498_12879_13089_13506,schizophrenia,MONDO_grouped,HGNC:4638,GSTP1,glutathione S-transferase pi 1,P09211,mapped
2952,GSTT1,NCBI,5090_13498_8414_10897_33312_10943_11552_14092_12054_11960_11280_11294_11295_11298_11307_11498_12879_13089_13506,schizophrenia,MONDO_grouped,HGNC:4641,GSTT1,glutathione S-transferase theta 1,P30711,mapped
2953,GSTT2,NCBI,5090_13498_8414_10897_33312_10943_11552_14092_12054_11960_11280_11294_11295_11298_11307_11498_12879_13089_13506,schizophrenia,MONDO_grouped,HGNC:4642,GSTT2,glutathione S-transferase theta 2 (gene/pseudogene),P0CG29,mapped
3008,H1-4,NCBI,5090_13498_8414_10897_33312_10943_11552_14092_12054_11960_11280_11294_11295_11298_11307_11498_12879_13089_13506,schizophrenia,MONDO_grouped,HGNC:4718,H1-4,"H1.4 linker histone, cluster member",P10412,mapped
3009,H1-5,NCBI,5090_13498_8414_10897_33312_10943_11552_14092_12054_11960_11280_11294_11295_11298_11307_11498_12879_13089_13506,schizophrenia,MONDO_grouped,HGNC:4719,H1-5,"H1.5 linker histone, cluster member",P16401,mapped
3014,H2AX,NCBI,5090_13498_8414_10897_33312_10943_11552_14092_12054_11960_11280_11294_11295_11298_11307_11498_12879_13089_13506,schizophrenia,MONDO_grouped,HGNC:4739,H2AX,H2A.X variant histone,P16104,mapped
3029,HAGH,NCBI,5090_13498_8414_10897_33312_10943_11552_14092_12054_11960_11280_11294_11295_11298_11307_11498_12879_13089_13506,schizophrenia,MONDO_grouped,HGNC:4805,HAGH,hydroxyacylglutathione hydrolase,Q16775,mapped
338442,HCAR2,NCBI,5090_13498_8414_10897_33312_10943_11552_14092_12054_11960_11280_11294_11295_11298_11307_11498_12879_13089_13506,schizophrenia,MONDO_grouped,HGNC:24827,HCAR2,hydroxycarboxylic acid receptor 2,Q8TDS4,mapped
8843,HCAR3,NCBI,5090_13498_8414_10897_33312_10943_11552_14092_12054_11960_11280_11294_11295_11298_11307_11498_12879_13089_13506,schizophrenia,MONDO_grouped,HGNC:16824,HCAR3,hydroxycarboxylic acid receptor 3,P49019,mapped
3061,HCRTR1,NCBI,5090_13498_8414_10897_33312_10943_11552_14092_12054_11960_11280_11294_11295_11298_11307_11498_12879_13089_13506,schizophrenia,MONDO_grouped,HGNC:4848,HCRTR1,hypocretin receptor 1,O43613,mapped
3065,HDAC1,NCBI,5090_13498_8414_10897_33312_10943_11552_14092_12054_11960_11280_11294_11295_11298_11307_11498_12879_13089_13506,schizophrenia,MONDO_grouped,HGNC:4852,HDAC1,histone deacetylase 1,Q13547,mapped
3066,HDAC2,NCBI,5090_13498_8414_10897_33312_10943_11552_14092_12054_11960_11280_11294_11295_11298_11307_11498_12879_13089_13506,schizophrenia,MONDO_grouped,HGNC:4853,HDAC2,histone deacetylase 2,Q92769,mapped
8841,HDAC3,NCBI,5090_13498_8414_10897_33312_10943_11552_14092_12054_11960_11280_11294_11295_11298_11307_11498_12879_13089_13506,schizophrenia,MONDO_grouped,HGNC:4854,HDAC3,histone deacetylase 3,O15379,mapped
9759,HDAC4,NCBI,5090_13498_8414_10897_33312_10943_11552_14092_12054_11960_11280_11294_11295_11298_11307_11498_12879_13089_13506,schizophrenia,MONDO_grouped,HGNC:14063,HDAC4,histone deacetylase 4,P56524,mapped
9734,HDAC9,NCBI,5090_13498_8414_10897_33312_10943_11552_14092_12054_11960_11280_11294_11295_11298_11307_11498_12879_13089_13506,schizophrenia,MONDO_grouped,HGNC:14065,HDAC9,histone deacetylase 9,Q9UKV0,mapped
55733,HHAT,NCBI,5090_13498_8414_10897_33312_10943_11552_14092_12054_11960_11280_11294_11295_11298_11307_11498_12879_13089_13506,schizophrenia,MONDO_grouped,HGNC:18270,HHAT,hedgehog acyltransferase,Q5VTY9,mapped
3094,HINT1,NCBI,5090_13498_8414_10897_33312_10943_11552_14092_12054_11960_11280_11294_11295_11298_11307_11498_12879_13089_13506,schizophrenia,MONDO_grouped,HGNC:4912,HINT1,histidine triad nucleotide binding protein 1,P49773,mapped
3098,HK1,NCBI,5090_13498_8414_10897_33312_10943_11552_14092_12054_11960_11280_11294_11295_11298_11307_11498_12879_13089_13506,schizophrenia,MONDO_grouped,HGNC:4922,HK1,hexokinase 1,P19367,mapped
3105,HLA-A,NCBI,5090_13498_8414_10897_33312_10943_11552_14092_12054_11960_11280_11294_11295_11298_11307_11498_12879_13089_13506,schizophrenia,MONDO_grouped,HGNC:4931,HLA-A,"major histocompatibility complex, class I, A",P04439,mapped
3106,HLA-B,NCBI,5090_13498_8414_10897_33312_10943_11552_14092_12054_11960_11280_11294_11295_11298_11307_11498_12879_13089_13506,schizophrenia,MONDO_grouped,HGNC:4932,HLA-B,"major histocompatibility complex, class I, B",P01889,mapped
3107,HLA-C,NCBI,5090_13498_8414_10897_33312_10943_11552_14092_12054_11960_11280_11294_11295_11298_11307_11498_12879_13089_13506,schizophrenia,MONDO_grouped,HGNC:4933,HLA-C,"major histocompatibility complex, class I, C",P10321,mapped
3119,HLA-DQB1,NCBI,5090_13498_8414_10897_33312_10943_11552_14092_12054_11960_11280_11294_11295_11298_11307_11498_12879_13089_13506,schizophrenia,MONDO_grouped,HGNC:4944,HLA-DQB1,"major histocompatibility complex, class II, DQ beta 1",P01920,mapped
3123,HLA-DRB1,NCBI,5090_13498_8414_10897_33312_10943_11552_14092_12054_11960_11280_11294_11295_11298_11307_11498_12879_13089_13506,schizophrenia,MONDO_grouped,HGNC:4948,HLA-DRB1,"major histocompatibility complex, class II, DR beta 1",P01911,mapped
3133,HLA-E,NCBI,5090_13498_8414_10897_33312_10943_11552_14092_12054_11960_11280_11294_11295_11298_11307_11498_12879_13089_13506,schizophrenia,MONDO_grouped,HGNC:4962,HLA-E,"major histocompatibility complex, class I, E",P13747,mapped
3159,HMGA1,NCBI,5090_13498_8414_10897_33312_10943_11552_14092_12054_11960_11280_11294_11295_11298_11307_11498_12879_13089_13506,schizophrenia,MONDO_grouped,HGNC:5010,HMGA1,high mobility group AT-hook 1,P17096,mapped
3162,HMOX1,NCBI,5090_13498_8414_10897_33312_10943_11552_14092_12054_11960_11280_11294_11295_11298_11307_11498_12879_13089_13506,schizophrenia,MONDO_grouped,HGNC:5013,HMOX1,heme oxygenase 1,P09601,mapped
220988,HNRNPA3,NCBI,5090_13498_8414_10897_33312_10943_11552_14092_12054_11960_11280_11294_11295_11298_11307_11498_12879_13089_13506,schizophrenia,MONDO_grouped,HGNC:24941,HNRNPA3,heterogeneous nuclear ribonucleoprotein A3,P51991,mapped
9456,HOMER1,NCBI,5090_13498_8414_10897_33312_10943_11552_14092_12054_11960_11280_11294_11295_11298_11307_11498_12879_13089_13506,schizophrenia,MONDO_grouped,HGNC:17512,HOMER1,homer scaffold protein 1,Q86YM7,mapped
9455,HOMER2,NCBI,5090_13498_8414_10897_33312_10943_11552_14092_12054_11960_11280_11294_11295_11298_11307_11498_12879_13089_13506,schizophrenia,MONDO_grouped,HGNC:17513,HOMER2,homer scaffold protein 2,Q9NSB8,mapped
3240,HP,NCBI,5090_13498_8414_10897_33312_10943_11552_14092_12054_11960_11280_11294_11295_11298_11307_11498_12879_13089_13506,schizophrenia,MONDO_grouped,HGNC:5141,HP,haptoglobin,P00738,mapped
27306,HPGDS,NCBI,5090_13498_8414_10897_33312_10943_11552_14092_12054_11960_11280_11294_11295_11298_11307_11498_12879_13089_13506,schizophrenia,MONDO_grouped,HGNC:17890,HPGDS,hematopoietic prostaglandin D synthase,O60760,mapped
89781,HPS4,NCBI,5090_13498_8414_10897_33312_10943_11552_14092_12054_11960_11280_11294_11295_11298_11307_11498_12879_13089_13506,schizophrenia,MONDO_grouped,HGNC:15844,HPS4,HPS4 biogenesis of lysosomal organelles complex 3 subunit 2,Q9NQG7,mapped
3269,HRH1,NCBI,5090_13498_8414_10897_33312_10943_11552_14092_12054_11960_11280_11294_11295_11298_11307_11498_12879_13089_13506,schizophrenia,MONDO_grouped,HGNC:5182,HRH1,histamine receptor H1,P35367,mapped
259217,HSPA12A,NCBI,5090_13498_8414_10897_33312_10943_11552_14092_12054_11960_11280_11294_11295_11298_11307_11498_12879_13089_13506,schizophrenia,MONDO_grouped,HGNC:19022,HSPA12A,heat shock protein family A (Hsp70) member 12A,O43301,mapped
3303,HSPA1A,NCBI,5090_13498_8414_10897_33312_10943_11552_14092_12054_11960_11280_11294_11295_11298_11307_11498_12879_13089_13506,schizophrenia,MONDO_grouped,HGNC:5232,HSPA1A,heat shock protein family A (Hsp70) member 1A,P0DMV8,mapped
3304,HSPA1B,NCBI,5090_13498_8414_10897_33312_10943_11552_14092_12054_11960_11280_11294_11295_11298_11307_11498_12879_13089_13506,schizophrenia,MONDO_grouped,HGNC:5233,HSPA1B,heat shock protein family A (Hsp70) member 1B,P0DMV9,mapped
3305,HSPA1L,NCBI,5090_13498_8414_10897_33312_10943_11552_14092_12054_11960_11280_11294_11295_11298_11307_11498_12879_13089_13506,schizophrenia,MONDO_grouped,HGNC:5234,HSPA1L,heat shock protein family A (Hsp70) member 1 like,P34931,mapped
3313,HSPA9,NCBI,5090_13498_8414_10897_33312_10943_11552_14092_12054_11960_11280_11294_11295_11298_11307_11498_12879_13089_13506,schizophrenia,MONDO_grouped,HGNC:5244,HSPA9,heat shock protein family A (Hsp70) member 9,P38646,mapped
3350,HTR1A,NCBI,5090_13498_8414_10897_33312_10943_11552_14092_12054_11960_11280_11294_11295_11298_11307_11498_12879_13089_13506,schizophrenia,MONDO_grouped,HGNC:5286,HTR1A,5-hydroxytryptamine receptor 1A,P08908,mapped
3351,HTR1B,NCBI,5090_13498_8414_10897_33312_10943_11552_14092_12054_11960_11280_11294_11295_11298_11307_11498_12879_13089_13506,schizophrenia,MONDO_grouped,HGNC:5287,HTR1B,5-hydroxytryptamine receptor 1B,P28222,mapped
3355,HTR1F,NCBI,5090_13498_8414_10897_33312_10943_11552_14092_12054_11960_11280_11294_11295_11298_11307_11498_12879_13089_13506,schizophrenia,MONDO_grouped,HGNC:5292,HTR1F,5-hydroxytryptamine receptor 1F,P30939,mapped
3356,HTR2A,NCBI,5090_13498_8414_10897_33312_10943_11552_14092_12054_11960_11280_11294_11295_11298_11307_11498_12879_13089_13506,schizophrenia,MONDO_grouped,HGNC:5293,HTR2A,5-hydroxytryptamine receptor 2A,P28223,mapped
3358,HTR2C,NCBI,5090_13498_8414_10897_33312_10943_11552_14092_12054_11960_11280_11294_11295_11298_11307_11498_12879_13089_13506,schizophrenia,MONDO_grouped,HGNC:5295,HTR2C,5-hydroxytryptamine receptor 2C,P28335,mapped
3359,HTR3A,NCBI,5090_13498_8414_10897_33312_10943_11552_14092_12054_11960_11280_11294_11295_11298_11307_11498_12879_13089_13506,schizophrenia,MONDO_grouped,HGNC:5297,HTR3A,5-hydroxytryptamine receptor 3A,P46098,mapped
9177,HTR3B,NCBI,5090_13498_8414_10897_33312_10943_11552_14092_12054_11960_11280_11294_11295_11298_11307_11498_12879_13089_13506,schizophrenia,MONDO_grouped,HGNC:5298,HTR3B,5-hydroxytryptamine receptor 3B,O95264,mapped
200909,HTR3D,NCBI,5090_13498_8414_10897_33312_10943_11552_14092_12054_11960_11280_11294_11295_11298_11307_11498_12879_13089_13506,schizophrenia,MONDO_grouped,HGNC:24004,HTR3D,5-hydroxytryptamine receptor 3D,Q70Z44,mapped
285242,HTR3E,NCBI,5090_13498_8414_10897_33312_10943_11552_14092_12054_11960_11280_11294_11295_11298_11307_11498_12879_13089_13506,schizophrenia,MONDO_grouped,HGNC:24005,HTR3E,5-hydroxytryptamine receptor 3E,A5X5Y0,mapped
3360,HTR4,NCBI,5090_13498_8414_10897_33312_10943_11552_14092_12054_11960_11280_11294_11295_11298_11307_11498_12879_13089_13506,schizophrenia,MONDO_grouped,HGNC:5299,HTR4,5-hydroxytryptamine receptor 4,Q13639,mapped
3361,HTR5A,NCBI,5090_13498_8414_10897_33312_10943_11552_14092_12054_11960_11280_11294_11295_11298_11307_11498_12879_13089_13506,schizophrenia,MONDO_grouped,HGNC:5300,HTR5A,5-hydroxytryptamine receptor 5A,P47898,mapped
3362,HTR6,NCBI,5090_13498_8414_10897_33312_10943_11552_14092_12054_11960_11280_11294_11295_11298_11307_11498_12879_13089_13506,schizophrenia,MONDO_grouped,HGNC:5301,HTR6,5-hydroxytryptamine receptor 6,P50406,mapped
3363,HTR7,NCBI,5090_13498_8414_10897_33312_10943_11552_14092_12054_11960_11280_11294_11295_11298_11307_11498_12879_13089_13506,schizophrenia,MONDO_grouped,HGNC:5302,HTR7,5-hydroxytryptamine receptor 7,P34969,mapped
3383,ICAM1,NCBI,5090_13498_8414_10897_33312_10943_11552_14092_12054_11960_11280_11294_11295_11298_11307_11498_12879_13089_13506,schizophrenia,MONDO_grouped,HGNC:5344,ICAM1,intercellular adhesion molecule 1,P05362,mapped
3416,IDE,NCBI,5090_13498_8414_10897_33312_10943_11552_14092_12054_11960_11280_11294_11295_11298_11307_11498_12879_13089_13506,schizophrenia,MONDO_grouped,HGNC:5381,IDE,insulin degrading enzyme,P14735,mapped
3458,IFNG,NCBI,5090_13498_8414_10897_33312_10943_11552_14092_12054_11960_11280_11294_11295_11298_11307_11498_12879_13089_13506,schizophrenia,MONDO_grouped,HGNC:5438,IFNG,interferon gamma,P01579,mapped
282617,IFNL3,NCBI,5090_13498_8414_10897_33312_10943_11552_14092_12054_11960_11280_11294_11295_11298_11307_11498_12879_13089_13506,schizophrenia,MONDO_grouped,HGNC:18365,IFNL3,interferon lambda 3,Q8IZI9,mapped
3481,IGF2,NCBI,5090_13498_8414_10897_33312_10943_11552_14092_12054_11960_11280_11294_11295_11298_11307_11498_12879_13089_13506,schizophrenia,MONDO_grouped,HGNC:5466,IGF2,insulin like growth factor 2,P01344,mapped
10644,IGF2BP2,NCBI,5090_13498_8414_10897_33312_10943_11552_14092_12054_11960_11280_11294_11295_11298_11307_11498_12879_13089_13506,schizophrenia,MONDO_grouped,HGNC:28867,IGF2BP2,insulin like growth factor 2 mRNA binding protein 2,Q9Y6M1,mapped
3586,IL10,NCBI,5090_13498_8414_10897_33312_10943_11552_14092_12054_11960_11280_11294_11295_11298_11307_11498_12879_13089_13506,schizophrenia,MONDO_grouped,HGNC:5962,IL10,interleukin 10,P22301,mapped
3587,IL10RA,NCBI,5090_13498_8414_10897_33312_10943_11552_14092_12054_11960_11280_11294_11295_11298_11307_11498_12879_13089_13506,schizophrenia,MONDO_grouped,HGNC:5964,IL10RA,interleukin 10 receptor subunit alpha,Q13651,mapped
3593,IL12B,NCBI,5090_13498_8414_10897_33312_10943_11552_14092_12054_11960_11280_11294_11295_11298_11307_11498_12879_13089_13506,schizophrenia,MONDO_grouped,HGNC:5970,IL12B,interleukin 12B,P29460,mapped
27189,IL17C,NCBI,5090_13498_8414_10897_33312_10943_11552_14092_12054_11960_11280_11294_11295_11298_11307_11498_12879_13089_13506,schizophrenia,MONDO_grouped,HGNC:5983,IL17C,interleukin 17C,Q9P0M4,mapped
3606,IL18,NCBI,5090_13498_8414_10897_33312_10943_11552_14092_12054_11960_11280_11294_11295_11298_11307_11498_12879_13089_13506,schizophrenia,MONDO_grouped,HGNC:5986,IL18,interleukin 18,Q14116,mapped
8809,IL18R1,NCBI,5090_13498_8414_10897_33312_10943_11552_14092_12054_11960_11280_11294_11295_11298_11307_11498_12879_13089_13506,schizophrenia,MONDO_grouped,HGNC:5988,IL18R1,interleukin 18 receptor 1,Q13478,mapped
29949,IL19,NCBI,5090_13498_8414_10897_33312_10943_11552_14092_12054_11960_11280_11294_11295_11298_11307_11498_12879_13089_13506,schizophrenia,MONDO_grouped,HGNC:5990,IL19,interleukin 19,Q9UHD0,mapped
3553,IL1B,NCBI,5090_13498_8414_10897_33312_10943_11552_14092_12054_11960_11280_11294_11295_11298_11307_11498_12879_13089_13506,schizophrenia,MONDO_grouped,HGNC:5992,IL1B,interleukin 1 beta,P01584,mapped
3558,IL2,NCBI,5090_13498_8414_10897_33312_10943_11552_14092_12054_11960_11280_11294_11295_11298_11307_11498_12879_13089_13506,schizophrenia,MONDO_grouped,HGNC:6001,IL2,interleukin 2,P60568,mapped
3559,IL2RA,NCBI,5090_13498_8414_10897_33312_10943_11552_14092_12054_11960_11280_11294_11295_11298_11307_11498_12879_13089_13506,schizophrenia,MONDO_grouped,HGNC:6008,IL2RA,interleukin 2 receptor subunit alpha,P01589,mapped
3561,IL2RG,NCBI,5090_13498_8414_10897_33312_10943_11552_14092_12054_11960_11280_11294_11295_11298_11307_11498_12879_13089_13506,schizophrenia,MONDO_grouped,HGNC:6010,IL2RG,interleukin 2 receptor subunit gamma,P31785,mapped
3562,IL3,NCBI,5090_13498_8414_10897_33312_10943_11552_14092_12054_11960_11280_11294_11295_11298_11307_11498_12879_13089_13506,schizophrenia,MONDO_grouped,HGNC:6011,IL3,interleukin 3,P08700,mapped
3563,IL3RA,NCBI,5090_13498_8414_10897_33312_10943_11552_14092_12054_11960_11280_11294_11295_11298_11307_11498_12879_13089_13506,schizophrenia,MONDO_grouped,HGNC:6012,IL3RA,interleukin 3 receptor subunit alpha,P26951,mapped
3565,IL4,NCBI,5090_13498_8414_10897_33312_10943_11552_14092_12054_11960_11280_11294_11295_11298_11307_11498_12879_13089_13506,schizophrenia,MONDO_grouped,HGNC:6014,IL4,interleukin 4,P05112,mapped
3569,IL6,NCBI,5090_13498_8414_10897_33312_10943_11552_14092_12054_11960_11280_11294_11295_11298_11307_11498_12879_13089_13506,schizophrenia,MONDO_grouped,HGNC:6018,IL6,interleukin 6,P05231,mapped
3570,IL6R,NCBI,5090_13498_8414_10897_33312_10943_11552_14092_12054_11960_11280_11294_11295_11298_11307_11498_12879_13089_13506,schizophrenia,MONDO_grouped,HGNC:6019,IL6R,interleukin 6 receptor,P08887,mapped
3613,IMPA2,NCBI,5090_13498_8414_10897_33312_10943_11552_14092_12054_11960_11280_11294_11295_11298_11307_11498_12879_13089_13506,schizophrenia,MONDO_grouped,HGNC:6051,IMPA2,inositol monophosphatase 2,O14732,mapped
3632,INPP5A,NCBI,5090_13498_8414_10897_33312_10943_11552_14092_12054_11960_11280_11294_11295_11298_11307_11498_12879_13089_13506,schizophrenia,MONDO_grouped,HGNC:6076,INPP5A,inositol polyphosphate-5-phosphatase A,Q14642,mapped
3843,IPO5,NCBI,5090_13498_8414_10897_33312_10943_11552_14092_12054_11960_11280_11294_11295_11298_11307_11498_12879_13089_13506,schizophrenia,MONDO_grouped,HGNC:6402,IPO5,importin 5,O00410,mapped
8516,ITGA8,NCBI,5090_13498_8414_10897_33312_10943_11552_14092_12054_11960_11280_11294_11295_11298_11307_11498_12879_13089_13506,schizophrenia,MONDO_grouped,HGNC:6144,ITGA8,integrin subunit alpha 8,P53708,mapped
3684,ITGAM,NCBI,5090_13498_8414_10897_33312_10943_11552_14092_12054_11960_11280_11294_11295_11298_11307_11498_12879_13089_13506,schizophrenia,MONDO_grouped,HGNC:6149,ITGAM,integrin subunit alpha M,P11215,mapped
3690,ITGB3,NCBI,5090_13498_8414_10897_33312_10943_11552_14092_12054_11960_11280_11294_11295_11298_11307_11498_12879_13089_13506,schizophrenia,MONDO_grouped,HGNC:6156,ITGB3,integrin subunit beta 3,P05106,mapped
3697,ITIH1,NCBI,5090_13498_8414_10897_33312_10943_11552_14092_12054_11960_11280_11294_11295_11298_11307_11498_12879_13089_13506,schizophrenia,MONDO_grouped,HGNC:6166,ITIH1,inter-alpha-trypsin inhibitor heavy chain 1,P19827,mapped
3699,ITIH3,NCBI,5090_13498_8414_10897_33312_10943_11552_14092_12054_11960_11280_11294_11295_11298_11307_11498_12879_13089_13506,schizophrenia,MONDO_grouped,HGNC:6168,ITIH3,inter-alpha-trypsin inhibitor heavy chain 3,Q06033,mapped
182,JAG1,NCBI,5090_13498_8414_10897_33312_10943_11552_14092_12054_11960_11280_11294_11295_11298_11307_11498_12879_13089_13506,schizophrenia,MONDO_grouped,HGNC:6188,JAG1,jagged canonical Notch ligand 1,P78504,mapped
3714,JAG2,NCBI,5090_13498_8414_10897_33312_10943_11552_14092_12054_11960_11280_11294_11295_11298_11307_11498_12879_13089_13506,schizophrenia,MONDO_grouped,HGNC:6189,JAG2,jagged canonical Notch ligand 2,Q9Y219,mapped
3720,JARID2,NCBI,5090_13498_8414_10897_33312_10943_11552_14092_12054_11960_11280_11294_11295_11298_11307_11498_12879_13089_13506,schizophrenia,MONDO_grouped,HGNC:6196,JARID2,jumonji and AT-rich interaction domain containing 2,Q92833,mapped
3725,JUN,NCBI,5090_13498_8414_10897_33312_10943_11552_14092_12054_11960_11280_11294_11295_11298_11307_11498_12879_13089_13506,schizophrenia,MONDO_grouped,HGNC:6204,JUN,"Jun proto-oncogene, AP-1 transcription factor subunit",P05412,mapped
84148,KAT8,NCBI,5090_13498_8414_10897_33312_10943_11552_14092_12054_11960_11280_11294_11295_11298_11307_11498_12879_13089_13506,schizophrenia,MONDO_grouped,HGNC:17933,KAT8,lysine acetyltransferase 8,Q9H7Z6,mapped
3745,KCNB1,NCBI,5090_13498_8414_10897_33312_10943_11552_14092_12054_11960_11280_11294_11295_11298_11307_11498_12879_13089_13506,schizophrenia,MONDO_grouped,HGNC:6231,KCNB1,potassium voltage-gated channel subfamily B member 1,Q14721,mapped
3757,KCNH2,NCBI,5090_13498_8414_10897_33312_10943_11552_14092_12054_11960_11280_11294_11295_11298_11307_11498_12879_13089_13506,schizophrenia,MONDO_grouped,HGNC:6251,KCNH2,potassium voltage-gated channel subfamily H member 2,Q12809,mapped
81033,KCNH6,NCBI,5090_13498_8414_10897_33312_10943_11552_14092_12054_11960_11280_11294_11295_11298_11307_11498_12879_13089_13506,schizophrenia,MONDO_grouped,HGNC:18862,KCNH6,potassium voltage-gated channel subfamily H member 6,Q9H252,mapped
3760,KCNJ3,NCBI,5090_13498_8414_10897_33312_10943_11552_14092_12054_11960_11280_11294_11295_11298_11307_11498_12879_13089_13506,schizophrenia,MONDO_grouped,HGNC:6264,KCNJ3,potassium inwardly rectifying channel subfamily J member 3,P48549,mapped
3782,KCNN3,NCBI,5090_13498_8414_10897_33312_10943_11552_14092_12054_11960_11280_11294_11295_11298_11307_11498_12879_13089_13506,schizophrenia,MONDO_grouped,HGNC:6292,KCNN3,potassium calcium-activated channel subfamily N member 3,Q9UGI6,mapped
3785,KCNQ2,NCBI,5090_13498_8414_10897_33312_10943_11552_14092_12054_11960_11280_11294_11295_11298_11307_11498_12879_13089_13506,schizophrenia,MONDO_grouped,HGNC:6296,KCNQ2,potassium voltage-gated channel subfamily Q member 2,O43526,mapped
3786,KCNQ3,NCBI,5090_13498_8414_10897_33312_10943_11552_14092_12054_11960_11280_11294_11295_11298_11307_11498_12879_13089_13506,schizophrenia,MONDO_grouped,HGNC:6297,KCNQ3,potassium voltage-gated channel subfamily Q member 3,O43525,mapped
3790,KCNS3,NCBI,5090_13498_8414_10897_33312_10943_11552_14092_12054_11960_11280_11294_11295_11298_11307_11498_12879_13089_13506,schizophrenia,MONDO_grouped,HGNC:6302,KCNS3,potassium voltage-gated channel modifier subfamily S member 3,Q9BQ31,mapped
115207,KCTD12,NCBI,5090_13498_8414_10897_33312_10943_11552_14092_12054_11960_11280_11294_11295_11298_11307_11498_12879_13089_13506,schizophrenia,MONDO_grouped,HGNC:14678,KCTD12,potassium channel tetramerization domain containing 12,Q96CX2,mapped
84678,KDM2B,NCBI,5090_13498_8414_10897_33312_10943_11552_14092_12054_11960_11280_11294_11295_11298_11307_11498_12879_13089_13506,schizophrenia,MONDO_grouped,HGNC:13610,KDM2B,lysine demethylase 2B,Q8NHM5,mapped
3791,KDR,NCBI,5090_13498_8414_10897_33312_10943_11552_14092_12054_11960_11280_11294_11295_11298_11307_11498_12879_13089_13506,schizophrenia,MONDO_grouped,HGNC:6307,KDR,kinase insert domain receptor,P35968,mapped
57576,KIF17,NCBI,5090_13498_8414_10897_33312_10943_11552_14092_12054_11960_11280_11294_11295_11298_11307_11498_12879_13089_13506,schizophrenia,MONDO_grouped,HGNC:19167,KIF17,kinesin family member 17,Q9P2E2,mapped
3796,KIF2A,NCBI,5090_13498_8414_10897_33312_10943_11552_14092_12054_11960_11280_11294_11295_11298_11307_11498_12879_13089_13506,schizophrenia,MONDO_grouped,HGNC:6318,KIF2A,kinesin family member 2A,O00139,mapped
11278,KLF12,NCBI,5090_13498_8414_10897_33312_10943_11552_14092_12054_11960_11280_11294_11295_11298_11307_11498_12879_13089_13506,schizophrenia,MONDO_grouped,HGNC:6346,KLF12,KLF transcription factor 12,Q9Y4X4,mapped
688,KLF5,NCBI,5090_13498_8414_10897_33312_10943_11552_14092_12054_11960_11280_11294_11295_11298_11307_11498_12879_13089_13506,schizophrenia,MONDO_grouped,HGNC:6349,KLF5,KLF transcription factor 5,Q13887,mapped
8564,KMO,NCBI,5090_13498_8414_10897_33312_10943_11552_14092_12054_11960_11280_11294_11295_11298_11307_11498_12879_13089_13506,schizophrenia,MONDO_grouped,HGNC:6381,KMO,kynurenine 3-monooxygenase,O15229,mapped
4297,KMT2A,NCBI,5090_13498_8414_10897_33312_10943_11552_14092_12054_11960_11280_11294_11295_11298_11307_11498_12879_13089_13506,schizophrenia,MONDO_grouped,HGNC:7132,KMT2A,lysine methyltransferase 2A,Q03164,mapped
3836,KPNA1,NCBI,5090_13498_8414_10897_33312_10943_11552_14092_12054_11960_11280_11294_11295_11298_11307_11498_12879_13089_13506,schizophrenia,MONDO_grouped,HGNC:6394,KPNA1,karyopherin subunit alpha 1,P52294,mapped
3839,KPNA3,NCBI,5090_13498_8414_10897_33312_10943_11552_14092_12054_11960_11280_11294_11295_11298_11307_11498_12879_13089_13506,schizophrenia,MONDO_grouped,HGNC:6396,KPNA3,karyopherin subunit alpha 3,O00505,mapped
83999,KREMEN1,NCBI,5090_13498_8414_10897_33312_10943_11552_14092_12054_11960_11280_11294_11295_11298_11307_11498_12879_13089_13506,schizophrenia,MONDO_grouped,HGNC:17550,KREMEN1,kringle containing transmembrane protein 1,Q96MU8,mapped
284217,LAMA1,NCBI,5090_13498_8414_10897_33312_10943_11552_14092_12054_11960_11280_11294_11295_11298_11307_11498_12879_13089_13506,schizophrenia,MONDO_grouped,HGNC:6481,LAMA1,laminin subunit alpha 1,P25391,mapped
3908,LAMA2,NCBI,5090_13498_8414_10897_33312_10943_11552_14092_12054_11960_11280_11294_11295_11298_11307_11498_12879_13089_13506,schizophrenia,MONDO_grouped,HGNC:6482,LAMA2,laminin subunit alpha 2,P24043,mapped
23395,LARS2,NCBI,5090_13498_8414_10897_33312_10943_11552_14092_12054_11960_11280_11294_11295_11298_11307_11498_12879_13089_13506,schizophrenia,MONDO_grouped,HGNC:17095,LARS2,"leucyl-tRNA synthetase 2, mitochondrial",Q15031,mapped
3927,LASP1,NCBI,5090_13498_8414_10897_33312_10943_11552_14092_12054_11960_11280_11294_11295_11298_11307_11498_12879_13089_13506,schizophrenia,MONDO_grouped,HGNC:6513,LASP1,LIM and SH3 protein 1,Q14847,mapped
3934,LCN2,NCBI,5090_13498_8414_10897_33312_10943_11552_14092_12054_11960_11280_11294_11295_11298_11307_11498_12879_13089_13506,schizophrenia,MONDO_grouped,HGNC:6526,LCN2,lipocalin 2,P80188,mapped
3952,LEP,NCBI,5090_13498_8414_10897_33312_10943_11552_14092_12054_11960_11280_11294_11295_11298_11307_11498_12879_13089_13506,schizophrenia,MONDO_grouped,HGNC:6553,LEP,leptin,P41159,mapped
26468,LHX6,NCBI,5090_13498_8414_10897_33312_10943_11552_14092_12054_11960_11280_11294_11295_11298_11307_11498_12879_13089_13506,schizophrenia,MONDO_grouped,HGNC:21735,LHX6,LIM homeobox 6,Q9UPM6,mapped
3977,LIFR,NCBI,5090_13498_8414_10897_33312_10943_11552_14092_12054_11960_11280_11294_11295_11298_11307_11498_12879_13089_13506,schizophrenia,MONDO_grouped,HGNC:6597,LIFR,LIF receptor subunit alpha,P42702,mapped
10859,LILRB1,NCBI,5090_13498_8414_10897_33312_10943_11552_14092_12054_11960_11280_11294_11295_11298_11307_11498_12879_13089_13506,schizophrenia,MONDO_grouped,HGNC:6605,LILRB1,leukocyte immunoglobulin like receptor B1,Q8NHL6,mapped
81562,LMAN2L,NCBI,5090_13498_8414_10897_33312_10943_11552_14092_12054_11960_11280_11294_11295_11298_11307_11498_12879_13089_13506,schizophrenia,MONDO_grouped,HGNC:19263,LMAN2L,"lectin, mannose binding 2 like",Q9H0V9,mapped
442721,LMOD2,NCBI,5090_13498_8414_10897_33312_10943_11552_14092_12054_11960_11280_11294_11295_11298_11307_11498_12879_13089_13506,schizophrenia,MONDO_grouped,HGNC:6648,LMOD2,leiomodin 2,Q6P5Q4,mapped
4009,LMX1A,NCBI,5090_13498_8414_10897_33312_10943_11552_14092_12054_11960_11280_11294_11295_11298_11307_11498_12879_13089_13506,schizophrenia,MONDO_grouped,HGNC:6653,LMX1A,LIM homeobox transcription factor 1 alpha,Q8TE12,mapped
4010,LMX1B,NCBI,5090_13498_8414_10897_33312_10943_11552_14092_12054_11960_11280_11294_11295_11298_11307_11498_12879_13089_13506,schizophrenia,MONDO_grouped,HGNC:6654,LMX1B,LIM homeobox transcription factor 1 beta,O60663,mapped
1902,LPAR1,NCBI,5090_13498_8414_10897_33312_10943_11552_14092_12054_11960_11280_11294_11295_11298_11307_11498_12879_13089_13506,schizophrenia,MONDO_grouped,HGNC:3166,LPAR1,lysophosphatidic acid receptor 1,Q92633,mapped
4023,LPL,NCBI,5090_13498_8414_10897_33312_10943_11552_14092_12054_11960_11280_11294_11295_11298_11307_11498_12879_13089_13506,schizophrenia,MONDO_grouped,HGNC:6677,LPL,lipoprotein lipase,P06858,mapped
4035,LRP1,NCBI,5090_13498_8414_10897_33312_10943_11552_14092_12054_11960_11280_11294_11295_11298_11307_11498_12879_13089_13506,schizophrenia,MONDO_grouped,HGNC:6692,LRP1,LDL receptor related protein 1,Q07954,mapped
4036,LRP2,NCBI,5090_13498_8414_10897_33312_10943_11552_14092_12054_11960_11280_11294_11295_11298_11307_11498_12879_13089_13506,schizophrenia,MONDO_grouped,HGNC:6694,LRP2,LDL receptor related protein 2,P98164,mapped
7804,LRP8,NCBI,5090_13498_8414_10897_33312_10943_11552_14092_12054_11960_11280_11294_11295_11298_11307_11498_12879_13089_13506,schizophrenia,MONDO_grouped,HGNC:6700,LRP8,LDL receptor related protein 8,Q14114,mapped
347730,LRRTM1,NCBI,5090_13498_8414_10897_33312_10943_11552_14092_12054_11960_11280_11294_11295_11298_11307_11498_12879_13089_13506,schizophrenia,MONDO_grouped,HGNC:19408,LRRTM1,leucine rich repeat transmembrane neuronal 1,Q86UE6,mapped
4045,LSAMP,NCBI,5090_13498_8414_10897_33312_10943_11552_14092_12054_11960_11280_11294_11295_11298_11307_11498_12879_13089_13506,schizophrenia,MONDO_grouped,HGNC:6705,LSAMP,limbic system associated membrane protein,Q13449,mapped
4049,LTA,NCBI,5090_13498_8414_10897_33312_10943_11552_14092_12054_11960_11280_11294_11295_11298_11307_11498_12879_13089_13506,schizophrenia,MONDO_grouped,HGNC:6709,LTA,lymphotoxin alpha,P01374,mapped
57128,LYRM4,NCBI,5090_13498_8414_10897_33312_10943_11552_14092_12054_11960_11280_11294_11295_11298_11307_11498_12879_13089_13506,schizophrenia,MONDO_grouped,HGNC:21365,LYRM4,LYR motif containing 4,Q9HD34,mapped
8379,MAD1L1,NCBI,5090_13498_8414_10897_33312_10943_11552_14092_12054_11960_11280_11294_11295_11298_11307_11498_12879_13089_13506,schizophrenia,MONDO_grouped,HGNC:6762,MAD1L1,mitotic arrest deficient 1 like 1,Q9Y6D9,mapped
4099,MAG,NCBI,5090_13498_8414_10897_33312_10943_11552_14092_12054_11960_11280_11294_11295_11298_11307_11498_12879_13089_13506,schizophrenia,MONDO_grouped,HGNC:6783,MAG,myelin associated glycoprotein,P20916,mapped
9947,MAGEC1,NCBI,5090_13498_8414_10897_33312_10943_11552_14092_12054_11960_11280_11294_11295_11298_11307_11498_12879_13089_13506,schizophrenia,MONDO_grouped,HGNC:6812,MAGEC1,MAGE family member C1,O60732,mapped
9223,MAGI1,NCBI,5090_13498_8414_10897_33312_10943_11552_14092_12054_11960_11280_11294_11295_11298_11307_11498_12879_13089_13506,schizophrenia,MONDO_grouped,HGNC:946,MAGI1,"membrane associated guanylate kinase, WW and PDZ domain containing 1",Q96QZ7,mapped
9863,MAGI2,NCBI,5090_13498_8414_10897_33312_10943_11552_14092_12054_11960_11280_11294_11295_11298_11307_11498_12879_13089_13506,schizophrenia,MONDO_grouped,HGNC:18957,MAGI2,"membrane associated guanylate kinase, WW and PDZ domain containing 2",Q86UL8,mapped
4128,MAOA,NCBI,5090_13498_8414_10897_33312_10943_11552_14092_12054_11960_11280_11294_11295_11298_11307_11498_12879_13089_13506,schizophrenia,MONDO_grouped,HGNC:6833,MAOA,monoamine oxidase A,P21397,mapped
4129,MAOB,NCBI,5090_13498_8414_10897_33312_10943_11552_14092_12054_11960_11280_11294_11295_11298_11307_11498_12879_13089_13506,schizophrenia,MONDO_grouped,HGNC:6834,MAOB,monoamine oxidase B,P27338,mapped
5609,MAP2K7,NCBI,5090_13498_8414_10897_33312_10943_11552_14092_12054_11960_11280_11294_11295_11298_11307_11498_12879_13089_13506,schizophrenia,MONDO_grouped,HGNC:6847,MAP2K7,mitogen-activated protein kinase kinase 7,O14733,mapped
4135,MAP6,NCBI,5090_13498_8414_10897_33312_10943_11552_14092_12054_11960_11280_11294_11295_11298_11307_11498_12879_13089_13506,schizophrenia,MONDO_grouped,HGNC:6868,MAP6,microtubule associated protein 6,Q96JE9,mapped
5594,MAPK1,NCBI,5090_13498_8414_10897_33312_10943_11552_14092_12054_11960_11280_11294_11295_11298_11307_11498_12879_13089_13506,schizophrenia,MONDO_grouped,HGNC:6871,MAPK1,mitogen-activated protein kinase 1,P28482,mapped
1432,MAPK14,NCBI,5090_13498_8414_10897_33312_10943_11552_14092_12054_11960_11280_11294_11295_11298_11307_11498_12879_13089_13506,schizophrenia,MONDO_grouped,HGNC:6876,MAPK14,mitogen-activated protein kinase 14,Q16539,mapped
5595,MAPK3,NCBI,5090_13498_8414_10897_33312_10943_11552_14092_12054_11960_11280_11294_11295_11298_11307_11498_12879_13089_13506,schizophrenia,MONDO_grouped,HGNC:6877,MAPK3,mitogen-activated protein kinase 3,P27361,mapped
5599,MAPK8,NCBI,5090_13498_8414_10897_33312_10943_11552_14092_12054_11960_11280_11294_11295_11298_11307_11498_12879_13089_13506,schizophrenia,MONDO_grouped,HGNC:6881,MAPK8,mitogen-activated protein kinase 8,P45983,mapped
2011,MARK2,NCBI,5090_13498_8414_10897_33312_10943_11552_14092_12054_11960_11280_11294_11295_11298_11307_11498_12879_13089_13506,schizophrenia,MONDO_grouped,HGNC:3332,MARK2,microtubule affinity regulating kinase 2,Q7KZI7,mapped
8932,MBD2,NCBI,5090_13498_8414_10897_33312_10943_11552_14092_12054_11960_11280_11294_11295_11298_11307_11498_12879_13089_13506,schizophrenia,MONDO_grouped,HGNC:6917,MBD2,methyl-CpG binding domain protein 2,Q9UBB5,mapped
4154,MBNL1,NCBI,5090_13498_8414_10897_33312_10943_11552_14092_12054_11960_11280_11294_11295_11298_11307_11498_12879_13089_13506,schizophrenia,MONDO_grouped,HGNC:6923,MBNL1,muscleblind like splicing regulator 1,Q9NR56,mapped
4155,MBP,NCBI,5090_13498_8414_10897_33312_10943_11552_14092_12054_11960_11280_11294_11295_11298_11307_11498_12879_13089_13506,schizophrenia,MONDO_grouped,HGNC:6925,MBP,myelin basic protein,P02686,mapped
4161,MC5R,NCBI,5090_13498_8414_10897_33312_10943_11552_14092_12054_11960_11280_11294_11295_11298_11307_11498_12879_13089_13506,schizophrenia,MONDO_grouped,HGNC:6933,MC5R,melanocortin 5 receptor,P33032,mapped
27349,MCAT,NCBI,5090_13498_8414_10897_33312_10943_11552_14092_12054_11960_11280_11294_11295_11298_11307_11498_12879_13089_13506,schizophrenia,MONDO_grouped,HGNC:29622,MCAT,malonyl-CoA-acyl carrier protein transacylase,Q8IVS2,mapped
2847,MCHR1,NCBI,5090_13498_8414_10897_33312_10943_11552_14092_12054_11960_11280_11294_11295_11298_11307_11498_12879_13089_13506,schizophrenia,MONDO_grouped,HGNC:4479,MCHR1,melanin concentrating hormone receptor 1,Q99705,mapped
84539,MCHR2,NCBI,5090_13498_8414_10897_33312_10943_11552_14092_12054_11960_11280_11294_11295_11298_11307_11498_12879_13089_13506,schizophrenia,MONDO_grouped,HGNC:20867,MCHR2,melanin concentrating hormone receptor 2,Q969V1,mapped
55784,MCTP2,NCBI,5090_13498_8414_10897_33312_10943_11552_14092_12054_11960_11280_11294_11295_11298_11307_11498_12879_13089_13506,schizophrenia,MONDO_grouped,HGNC:25636,MCTP2,multiple C2 and transmembrane domain containing 2,Q6DN12,mapped
266727,MDGA1,NCBI,5090_13498_8414_10897_33312_10943_11552_14092_12054_11960_11280_11294_11295_11298_11307_11498_12879_13089_13506,schizophrenia,MONDO_grouped,HGNC:19267,MDGA1,MAM domain containing glycosylphosphatidylinositol anchor 1,Q8NFP4,mapped
4190,MDH1,NCBI,5090_13498_8414_10897_33312_10943_11552_14092_12054_11960_11280_11294_11295_11298_11307_11498_12879_13089_13506,schizophrenia,MONDO_grouped,HGNC:6970,MDH1,malate dehydrogenase 1,P40925,mapped
4192,MDK,NCBI,5090_13498_8414_10897_33312_10943_11552_14092_12054_11960_11280_11294_11295_11298_11307_11498_12879_13089_13506,schizophrenia,MONDO_grouped,HGNC:6972,MDK,midkine,P21741,mapped
4200,ME2,NCBI,5090_13498_8414_10897_33312_10943_11552_14092_12054_11960_11280_11294_11295_11298_11307_11498_12879_13089_13506,schizophrenia,MONDO_grouped,HGNC:6984,ME2,malic enzyme 2,P23368,mapped
9968,MED12,NCBI,5090_13498_8414_10897_33312_10943_11552_14092_12054_11960_11280_11294_11295_11298_11307_11498_12879_13089_13506,schizophrenia,MONDO_grouped,HGNC:11957,MED12,mediator complex subunit 12,Q93074,mapped
51586,MED15,NCBI,5090_13498_8414_10897_33312_10943_11552_14092_12054_11960_11280_11294_11295_11298_11307_11498_12879_13089_13506,schizophrenia,MONDO_grouped,HGNC:14248,MED15,mediator complex subunit 15,Q96RN5,mapped
84466,MEGF10,NCBI,5090_13498_8414_10897_33312_10943_11552_14092_12054_11960_11280_11294_11295_11298_11307_11498_12879_13089_13506,schizophrenia,MONDO_grouped,HGNC:29634,MEGF10,multiple EGF like domains 10,Q96KG7,mapped
4233,MET,NCBI,5090_13498_8414_10897_33312_10943_11552_14092_12054_11960_11280_11294_11295_11298_11307_11498_12879_13089_13506,schizophrenia,MONDO_grouped,HGNC:7029,MET,"MET proto-oncogene, receptor tyrosine kinase",P08581,mapped
4277,MICB,NCBI,5090_13498_8414_10897_33312_10943_11552_14092_12054_11960_11280_11294_11295_11298_11307_11498_12879_13089_13506,schizophrenia,MONDO_grouped,HGNC:7091,MICB,MHC class I polypeptide-related sequence B,Q29980,mapped
23209,MLC1,NCBI,5090_13498_8414_10897_33312_10943_11552_14092_12054_11960_11280_11294_11295_11298_11307_11498_12879_13089_13506,schizophrenia,MONDO_grouped,HGNC:17082,MLC1,modulator of VRAC current 1,Q15049,mapped
4314,MMP3,NCBI,5090_13498_8414_10897_33312_10943_11552_14092_12054_11960_11280_11294_11295_11298_11307_11498_12879_13089_13506,schizophrenia,MONDO_grouped,HGNC:7173,MMP3,matrix metallopeptidase 3,P08254,mapped
4318,MMP9,NCBI,5090_13498_8414_10897_33312_10943_11552_14092_12054_11960_11280_11294_11295_11298_11307_11498_12879_13089_13506,schizophrenia,MONDO_grouped,HGNC:7176,MMP9,matrix metallopeptidase 9,P14780,mapped
4340,MOG,NCBI,5090_13498_8414_10897_33312_10943_11552_14092_12054_11960_11280_11294_11295_11298_11307_11498_12879_13089_13506,schizophrenia,MONDO_grouped,HGNC:7197,MOG,myelin oligodendrocyte glycoprotein,Q16653,mapped
9019,MPZL1,NCBI,5090_13498_8414_10897_33312_10943_11552_14092_12054_11960_11280_11294_11295_11298_11307_11498_12879_13089_13506,schizophrenia,MONDO_grouped,HGNC:7226,MPZL1,myelin protein zero like 1,O95297,mapped
4482,MSRA,NCBI,5090_13498_8414_10897_33312_10943_11552_14092_12054_11960_11280_11294_11295_11298_11307_11498_12879_13089_13506,schizophrenia,MONDO_grouped,HGNC:7377,MSRA,methionine sulfoxide reductase A,Q9UJ68,mapped
51734,MSRB1,NCBI,5090_13498_8414_10897_33312_10943_11552_14092_12054_11960_11280_11294_11295_11298_11307_11498_12879_13089_13506,schizophrenia,MONDO_grouped,HGNC:14133,MSRB1,methionine sulfoxide reductase B1,Q9NZV6,mapped
118490,MSS51,NCBI,5090_13498_8414_10897_33312_10943_11552_14092_12054_11960_11280_11294_11295_11298_11307_11498_12879_13089_13506,schizophrenia,MONDO_grouped,HGNC:21000,MSS51,MSS51 mitochondrial translational activator,Q4VC12,mapped
4522,MTHFD1,NCBI,5090_13498_8414_10897_33312_10943_11552_14092_12054_11960_11280_11294_11295_11298_11307_11498_12879_13089_13506,schizophrenia,MONDO_grouped,HGNC:7432,MTHFD1,"methylenetetrahydrofolate dehydrogenase, cyclohydrolase and formyltetrahydrofolate synthetase 1",P11586,mapped
4524,MTHFR,NCBI,5090_13498_8414_10897_33312_10943_11552_14092_12054_11960_11280_11294_11295_11298_11307_11498_12879_13089_13506,schizophrenia,MONDO_grouped,HGNC:7436,MTHFR,methylenetetrahydrofolate reductase,P42898,mapped
4543,MTNR1A,NCBI,5090_13498_8414_10897_33312_10943_11552_14092_12054_11960_11280_11294_11295_11298_11307_11498_12879_13089_13506,schizophrenia,MONDO_grouped,HGNC:7463,MTNR1A,melatonin receptor 1A,P48039,mapped
2475,MTOR,NCBI,5090_13498_8414_10897_33312_10943_11552_14092_12054_11960_11280_11294_11295_11298_11307_11498_12879_13089_13506,schizophrenia,MONDO_grouped,HGNC:3942,MTOR,mechanistic target of rapamycin kinase,P42345,mapped
4548,MTR,NCBI,5090_13498_8414_10897_33312_10943_11552_14092_12054_11960_11280_11294_11295_11298_11307_11498_12879_13089_13506,schizophrenia,MONDO_grouped,HGNC:7468,MTR,5-methyltetrahydrofolate-homocysteine methyltransferase,Q99707,mapped
23026,MYO16,NCBI,5090_13498_8414_10897_33312_10943_11552_14092_12054_11960_11280_11294_11295_11298_11307_11498_12879_13089_13506,schizophrenia,MONDO_grouped,HGNC:29822,MYO16,myosin XVI,Q9Y6X6,mapped
4645,MYO5B,NCBI,5090_13498_8414_10897_33312_10943_11552_14092_12054_11960_11280_11294_11295_11298_11307_11498_12879_13089_13506,schizophrenia,MONDO_grouped,HGNC:7603,MYO5B,myosin VB,Q9ULV0,mapped
4650,MYO9B,NCBI,5090_13498_8414_10897_33312_10943_11552_14092_12054_11960_11280_11294_11295_11298_11307_11498_12879_13089_13506,schizophrenia,MONDO_grouped,HGNC:7609,MYO9B,myosin IXB,Q13459,mapped
23040,MYT1L,NCBI,5090_13498_8414_10897_33312_10943_11552_14092_12054_11960_11280_11294_11295_11298_11307_11498_12879_13089_13506,schizophrenia,MONDO_grouped,HGNC:7623,MYT1L,myelin transcription factor 1 like,Q9UL68,mapped
89796,NAV1,NCBI,5090_13498_8414_10897_33312_10943_11552_14092_12054_11960_11280_11294_11295_11298_11307_11498_12879_13089_13506,schizophrenia,MONDO_grouped,HGNC:15989,NAV1,neuron navigator 1,Q8NEY1,mapped
4684,NCAM1,NCBI,5090_13498_8414_10897_33312_10943_11552_14092_12054_11960_11280_11294_11295_11298_11307_11498_12879_13089_13506,schizophrenia,MONDO_grouped,HGNC:7656,NCAM1,neural cell adhesion molecule 1,P13591,mapped
1463,NCAN,NCBI,5090_13498_8414_10897_33312_10943_11552_14092_12054_11960_11280_11294_11295_11298_11307_11498_12879_13089_13506,schizophrenia,MONDO_grouped,HGNC:2465,NCAN,neurocan,O14594,mapped
23413,NCS1,NCBI,5090_13498_8414_10897_33312_10943_11552_14092_12054_11960_11280_11294_11295_11298_11307_11498_12879_13089_13506,schizophrenia,MONDO_grouped,HGNC:3953,NCS1,neuronal calcium sensor 1,P62166,mapped
4538,ND4,NCBI,5090_13498_8414_10897_33312_10943_11552_14092_12054_11960_11280_11294_11295_11298_11307_11498_12879_13089_13506,schizophrenia,MONDO_grouped,HGNC:7459,MT-ND4,mitochondrially encoded NADH:ubiquinone oxidoreductase core subunit 4,C0HME5,mapped
4538,ND4,NCBI,5090_13498_8414_10897_33312_10943_11552_14092_12054_11960_11280_11294_11295_11298_11307_11498_12879_13089_13506,schizophrenia,MONDO_grouped,HGNC:7459,MT-ND4,mitochondrially encoded NADH:ubiquinone oxidoreductase core subunit 4,P03905,mapped
54820,NDE1,NCBI,5090_13498_8414_10897_33312_10943_11552_14092_12054_11960_11280_11294_11295_11298_11307_11498_12879_13089_13506,schizophrenia,MONDO_grouped,HGNC:17619,NDE1,nudE neurodevelopment protein 1,Q9NXR1,mapped
81565,NDEL1,NCBI,5090_13498_8414_10897_33312_10943_11552_14092_12054_11960_11280_11294_11295_11298_11307_11498_12879_13089_13506,schizophrenia,MONDO_grouped,HGNC:17620,NDEL1,nudE neurodevelopment protein 1 like 1,Q9GZM8,mapped
4693,NDP,NCBI,5090_13498_8414_10897_33312_10943_11552_14092_12054_11960_11280_11294_11295_11298_11307_11498_12879_13089_13506,schizophrenia,MONDO_grouped,HGNC:7678,NDP,norrin cystine knot growth factor NDP,Q00604,mapped
9348,NDST3,NCBI,5090_13498_8414_10897_33312_10943_11552_14092_12054_11960_11280_11294_11295_11298_11307_11498_12879_13089_13506,schizophrenia,MONDO_grouped,HGNC:7682,NDST3,N-deacetylase and N-sulfotransferase 3,O95803,mapped
4719,NDUFS1,NCBI,5090_13498_8414_10897_33312_10943_11552_14092_12054_11960_11280_11294_11295_11298_11307_11498_12879_13089_13506,schizophrenia,MONDO_grouped,HGNC:7707,NDUFS1,NADH:ubiquinone oxidoreductase core subunit S1,P28331,mapped
4723,NDUFV1,NCBI,5090_13498_8414_10897_33312_10943_11552_14092_12054_11960_11280_11294_11295_11298_11307_11498_12879_13089_13506,schizophrenia,MONDO_grouped,HGNC:7716,NDUFV1,NADH:ubiquinone oxidoreductase core subunit V1,P49821,mapped
4729,NDUFV2,NCBI,5090_13498_8414_10897_33312_10943_11552_14092_12054_11960_11280_11294_11295_11298_11307_11498_12879_13089_13506,schizophrenia,MONDO_grouped,HGNC:7717,NDUFV2,NADH:ubiquinone oxidoreductase core subunit V2,P19404,mapped
4747,NEFL,NCBI,5090_13498_8414_10897_33312_10943_11552_14092_12054_11960_11280_11294_11295_11298_11307_11498_12879_13089_13506,schizophrenia,MONDO_grouped,HGNC:7739,NEFL,neurofilament light chain,P07196,mapped
4762,NEUROG1,NCBI,5090_13498_8414_10897_33312_10943_11552_14092_12054_11960_11280_11294_11295_11298_11307_11498_12879_13089_13506,schizophrenia,MONDO_grouped,HGNC:7764,NEUROG1,neurogenin 1,Q92886,mapped
23114,NFASC,NCBI,5090_13498_8414_10897_33312_10943_11552_14092_12054_11960_11280_11294_11295_11298_11307_11498_12879_13089_13506,schizophrenia,MONDO_grouped,HGNC:29866,NFASC,neurofascin,O94856,mapped
4804,NGFR,NCBI,5090_13498_8414_10897_33312_10943_11552_14092_12054_11960_11280_11294_11295_11298_11307_11498_12879_13089_13506,schizophrenia,MONDO_grouped,HGNC:7809,NGFR,nerve growth factor receptor,P08138,mapped
222698,NKAPL,NCBI,5090_13498_8414_10897_33312_10943_11552_14092_12054_11960_11280_11294_11295_11298_11307_11498_12879_13089_13506,schizophrenia,MONDO_grouped,HGNC:21584,NKAPL,NFKB activating protein like,Q5M9Q1,mapped
22871,NLGN1,NCBI,5090_13498_8414_10897_33312_10943_11552_14092_12054_11960_11280_11294_11295_11298_11307_11498_12879_13089_13506,schizophrenia,MONDO_grouped,HGNC:14291,NLGN1,neuroligin 1,Q8N2Q7,mapped
57555,NLGN2,NCBI,5090_13498_8414_10897_33312_10943_11552_14092_12054_11960_11280_11294_11295_11298_11307_11498_12879_13089_13506,schizophrenia,MONDO_grouped,HGNC:14290,NLGN2,neuroligin 2,Q8NFZ4,mapped
4837,NNMT,NCBI,5090_13498_8414_10897_33312_10943_11552_14092_12054_11960_11280_11294_11295_11298_11307_11498_12879_13089_13506,schizophrenia,MONDO_grouped,HGNC:7861,NNMT,nicotinamide N-methyltransferase,P40261,mapped
4842,NOS1,NCBI,5090_13498_8414_10897_33312_10943_11552_14092_12054_11960_11280_11294_11295_11298_11307_11498_12879_13089_13506,schizophrenia,MONDO_grouped,HGNC:7872,NOS1,nitric oxide synthase 1,P29475,mapped
9722,NOS1AP,NCBI,5090_13498_8414_10897_33312_10943_11552_14092_12054_11960_11280_11294_11295_11298_11307_11498_12879_13089_13506,schizophrenia,MONDO_grouped,HGNC:16859,NOS1AP,nitric oxide synthase 1 adaptor protein,O75052,mapped
4855,NOTCH4,NCBI,5090_13498_8414_10897_33312_10943_11552_14092_12054_11960_11280_11294_11295_11298_11307_11498_12879_13089_13506,schizophrenia,MONDO_grouped,HGNC:7884,NOTCH4,notch receptor 4,Q99466,mapped
4861,NPAS1,NCBI,5090_13498_8414_10897_33312_10943_11552_14092_12054_11960_11280_11294_11295_11298_11307_11498_12879_13089_13506,schizophrenia,MONDO_grouped,HGNC:7894,NPAS1,neuronal PAS domain protein 1,Q99742,mapped
4862,NPAS2,NCBI,5090_13498_8414_10897_33312_10943_11552_14092_12054_11960_11280_11294_11295_11298_11307_11498_12879_13089_13506,schizophrenia,MONDO_grouped,HGNC:7895,NPAS2,neuronal PAS domain protein 2,Q99743,mapped
64067,NPAS3,NCBI,5090_13498_8414_10897_33312_10943_11552_14092_12054_11960_11280_11294_11295_11298_11307_11498_12879_13089_13506,schizophrenia,MONDO_grouped,HGNC:19311,NPAS3,neuronal PAS domain protein 3,Q8IXF0,mapped
266743,NPAS4,NCBI,5090_13498_8414_10897_33312_10943_11552_14092_12054_11960_11280_11294_11295_11298_11307_11498_12879_13089_13506,schizophrenia,MONDO_grouped,HGNC:18983,NPAS4,neuronal PAS domain protein 4,Q8IUM7,mapped
10641,NPRL2,NCBI,5090_13498_8414_10897_33312_10943_11552_14092_12054_11960_11280_11294_11295_11298_11307_11498_12879_13089_13506,schizophrenia,MONDO_grouped,HGNC:24969,NPRL2,"NPR2 like, GATOR1 complex subunit",Q8WTW4,mapped
594857,NPS,NCBI,5090_13498_8414_10897_33312_10943_11552_14092_12054_11960_11280_11294_11295_11298_11307_11498_12879_13089_13506,schizophrenia,MONDO_grouped,HGNC:33940,NPS,neuropeptide S,P0C0P6,mapped
387129,NPSR1,NCBI,5090_13498_8414_10897_33312_10943_11552_14092_12054_11960_11280_11294_11295_11298_11307_11498_12879_13089_13506,schizophrenia,MONDO_grouped,HGNC:23631,NPSR1,neuropeptide S receptor 1,Q6W5P4,mapped
27020,NPTN,NCBI,5090_13498_8414_10897_33312_10943_11552_14092_12054_11960_11280_11294_11295_11298_11307_11498_12879_13089_13506,schizophrenia,MONDO_grouped,HGNC:17867,NPTN,neuroplastin,Q9Y639,mapped
4852,NPY,NCBI,5090_13498_8414_10897_33312_10943_11552_14092_12054_11960_11280_11294_11295_11298_11307_11498_12879_13089_13506,schizophrenia,MONDO_grouped,HGNC:7955,NPY,neuropeptide Y,P01303,mapped
4886,NPY1R,NCBI,5090_13498_8414_10897_33312_10943_11552_14092_12054_11960_11280_11294_11295_11298_11307_11498_12879_13089_13506,schizophrenia,MONDO_grouped,HGNC:7956,NPY1R,neuropeptide Y receptor Y1,P25929,mapped
4835,NQO2,NCBI,5090_13498_8414_10897_33312_10943_11552_14092_12054_11960_11280_11294_11295_11298_11307_11498_12879_13089_13506,schizophrenia,MONDO_grouped,HGNC:7856,NQO2,N-ribosyldihydronicotinamide:quinone dehydrogenase 2,P16083,mapped
7101,NR2E1,NCBI,5090_13498_8414_10897_33312_10943_11552_14092_12054_11960_11280_11294_11295_11298_11307_11498_12879_13089_13506,schizophrenia,MONDO_grouped,HGNC:7973,NR2E1,nuclear receptor subfamily 2 group E member 1,Q9Y466,mapped
2908,NR3C1,NCBI,5090_13498_8414_10897_33312_10943_11552_14092_12054_11960_11280_11294_11295_11298_11307_11498_12879_13089_13506,schizophrenia,MONDO_grouped,HGNC:7978,NR3C1,nuclear receptor subfamily 3 group C member 1,P04150,mapped
4929,NR4A2,NCBI,5090_13498_8414_10897_33312_10943_11552_14092_12054_11960_11280_11294_11295_11298_11307_11498_12879_13089_13506,schizophrenia,MONDO_grouped,HGNC:7981,NR4A2,nuclear receptor subfamily 4 group A member 2,P43354,mapped
3084,NRG1,NCBI,5090_13498_8414_10897_33312_10943_11552_14092_12054_11960_11280_11294_11295_11298_11307_11498_12879_13089_13506,schizophrenia,MONDO_grouped,HGNC:7997,NRG1,neuregulin 1,Q02297,mapped
10718,NRG3,NCBI,5090_13498_8414_10897_33312_10943_11552_14092_12054_11960_11280_11294_11295_11298_11307_11498_12879_13089_13506,schizophrenia,MONDO_grouped,HGNC:7999,NRG3,neuregulin 3,P56975,mapped
4900,NRGN,NCBI,5090_13498_8414_10897_33312_10943_11552_14092_12054_11960_11280_11294_11295_11298_11307_11498_12879_13089_13506,schizophrenia,MONDO_grouped,HGNC:8000,NRGN,neurogranin,Q92686,mapped
8204,NRIP1,NCBI,5090_13498_8414_10897_33312_10943_11552_14092_12054_11960_11280_11294_11295_11298_11307_11498_12879_13089_13506,schizophrenia,MONDO_grouped,HGNC:8001,NRIP1,nuclear receptor interacting protein 1,P48552,mapped
51299,NRN1,NCBI,5090_13498_8414_10897_33312_10943_11552_14092_12054_11960_11280_11294_11295_11298_11307_11498_12879_13089_13506,schizophrenia,MONDO_grouped,HGNC:17972,NRN1,neuritin 1,Q9NPD7,mapped
9378,NRXN1,NCBI,5090_13498_8414_10897_33312_10943_11552_14092_12054_11960_11280_11294_11295_11298_11307_11498_12879_13089_13506,schizophrenia,MONDO_grouped,HGNC:8008,NRXN1,neurexin 1,P58400,mapped
9378,NRXN1,NCBI,5090_13498_8414_10897_33312_10943_11552_14092_12054_11960_11280_11294_11295_11298_11307_11498_12879_13089_13506,schizophrenia,MONDO_grouped,HGNC:8008,NRXN1,neurexin 1,Q9ULB1,mapped
9379,NRXN2,NCBI,5090_13498_8414_10897_33312_10943_11552_14092_12054_11960_11280_11294_11295_11298_11307_11498_12879_13089_13506,schizophrenia,MONDO_grouped,HGNC:8009,NRXN2,neurexin 2,P58401,mapped
9379,NRXN2,NCBI,5090_13498_8414_10897_33312_10943_11552_14092_12054_11960_11280_11294_11295_11298_11307_11498_12879_13089_13506,schizophrenia,MONDO_grouped,HGNC:8009,NRXN2,neurexin 2,Q9P2S2,mapped
9369,NRXN3,NCBI,5090_13498_8414_10897_33312_10943_11552_14092_12054_11960_11280_11294_11295_11298_11307_11498_12879_13089_13506,schizophrenia,MONDO_grouped,HGNC:8010,NRXN3,neurexin 3,Q9HDB5,mapped
9369,NRXN3,NCBI,5090_13498_8414_10897_33312_10943_11552_14092_12054_11960_11280_11294_11295_11298_11307_11498_12879_13089_13506,schizophrenia,MONDO_grouped,HGNC:8010,NRXN3,neurexin 3,Q9Y4C0,mapped
4908,NTF3,NCBI,5090_13498_8414_10897_33312_10943_11552_14092_12054_11960_11280_11294_11295_11298_11307_11498_12879_13089_13506,schizophrenia,MONDO_grouped,HGNC:8023,NTF3,neurotrophin 3,P20783,mapped
22854,NTNG1,NCBI,5090_13498_8414_10897_33312_10943_11552_14092_12054_11960_11280_11294_11295_11298_11307_11498_12879_13089_13506,schizophrenia,MONDO_grouped,HGNC:23319,NTNG1,netrin G1,Q9Y2I2,mapped
84628,NTNG2,NCBI,5090_13498_8414_10897_33312_10943_11552_14092_12054_11960_11280_11294_11295_11298_11307_11498_12879_13089_13506,schizophrenia,MONDO_grouped,HGNC:14288,NTNG2,netrin G2,Q96CW9,mapped
4914,NTRK1,NCBI,5090_13498_8414_10897_33312_10943_11552_14092_12054_11960_11280_11294_11295_11298_11307_11498_12879_13089_13506,schizophrenia,MONDO_grouped,HGNC:8031,NTRK1,neurotrophic receptor tyrosine kinase 1,P04629,mapped
4915,NTRK2,NCBI,5090_13498_8414_10897_33312_10943_11552_14092_12054_11960_11280_11294_11295_11298_11307_11498_12879_13089_13506,schizophrenia,MONDO_grouped,HGNC:8032,NTRK2,neurotrophic receptor tyrosine kinase 2,Q16620,mapped
4916,NTRK3,NCBI,5090_13498_8414_10897_33312_10943_11552_14092_12054_11960_11280_11294_11295_11298_11307_11498_12879_13089_13506,schizophrenia,MONDO_grouped,HGNC:8033,NTRK3,neurotrophic receptor tyrosine kinase 3,Q16288,mapped
4922,NTS,NCBI,5090_13498_8414_10897_33312_10943_11552_14092_12054_11960_11280_11294_11295_11298_11307_11498_12879_13089_13506,schizophrenia,MONDO_grouped,HGNC:8038,NTS,neurotensin,P30990,mapped
4923,NTSR1,NCBI,5090_13498_8414_10897_33312_10943_11552_14092_12054_11960_11280_11294_11295_11298_11307_11498_12879_13089_13506,schizophrenia,MONDO_grouped,HGNC:8039,NTSR1,neurotensin receptor 1,P30989,mapped
57532,NUFIP2,NCBI,5090_13498_8414_10897_33312_10943_11552_14092_12054_11960_11280_11294_11295_11298_11307_11498_12879_13089_13506,schizophrenia,MONDO_grouped,HGNC:17634,NUFIP2,nuclear FMR1 interacting protein 2,Q7Z417,mapped
9253,NUMBL,NCBI,5090_13498_8414_10897_33312_10943_11552_14092_12054_11960_11280_11294_11295_11298_11307_11498_12879_13089_13506,schizophrenia,MONDO_grouped,HGNC:8061,NUMBL,NUMB like endocytic adaptor protein,Q9Y6R0,mapped
10215,OLIG2,NCBI,5090_13498_8414_10897_33312_10943_11552_14092_12054_11960_11280_11294_11295_11298_11307_11498_12879_13089_13506,schizophrenia,MONDO_grouped,HGNC:9398,OLIG2,oligodendrocyte transcription factor 2,Q13516,mapped
4976,OPA1,NCBI,5090_13498_8414_10897_33312_10943_11552_14092_12054_11960_11280_11294_11295_11298_11307_11498_12879_13089_13506,schizophrenia,MONDO_grouped,HGNC:8140,OPA1,OPA1 mitochondrial dynamin like GTPase,O60313,mapped
4978,OPCML,NCBI,5090_13498_8414_10897_33312_10943_11552_14092_12054_11960_11280_11294_11295_11298_11307_11498_12879_13089_13506,schizophrenia,MONDO_grouped,HGNC:8143,OPCML,opioid binding protein/cell adhesion molecule like,Q14982,mapped
4988,OPRM1,NCBI,5090_13498_8414_10897_33312_10943_11552_14092_12054_11960_11280_11294_11295_11298_11307_11498_12879_13089_13506,schizophrenia,MONDO_grouped,HGNC:8156,OPRM1,opioid receptor mu 1,P35372,mapped
119749,OR4C46,NCBI,5090_13498_8414_10897_33312_10943_11552_14092_12054_11960_11280_11294_11295_11298_11307_11498_12879_13089_13506,schizophrenia,MONDO_grouped,HGNC:31271,OR4C46,olfactory receptor family 4 subfamily C member 46,A6NHA9,mapped
9943,OXSR1,NCBI,5090_13498_8414_10897_33312_10943_11552_14092_12054_11960_11280_11294_11295_11298_11307_11498_12879_13089_13506,schizophrenia,MONDO_grouped,HGNC:8508,OXSR1,oxidative stress responsive kinase 1,O95747,mapped
5020,OXT,NCBI,5090_13498_8414_10897_33312_10943_11552_14092_12054_11960_11280_11294_11295_11298_11307_11498_12879_13089_13506,schizophrenia,MONDO_grouped,HGNC:8528,OXT,oxytocin/neurophysin I prepropeptide,P01178,mapped
5021,OXTR,NCBI,5090_13498_8414_10897_33312_10943_11552_14092_12054_11960_11280_11294_11295_11298_11307_11498_12879_13089_13506,schizophrenia,MONDO_grouped,HGNC:8529,OXTR,oxytocin receptor,P30559,mapped
5048,PAFAH1B1,NCBI,5090_13498_8414_10897_33312_10943_11552_14092_12054_11960_11280_11294_11295_11298_11307_11498_12879_13089_13506,schizophrenia,MONDO_grouped,HGNC:8574,PAFAH1B1,platelet activating factor acetylhydrolase 1b regulatory subunit 1,P43034,mapped
55824,PAG1,NCBI,5090_13498_8414_10897_33312_10943_11552_14092_12054_11960_11280_11294_11295_11298_11307_11498_12879_13089_13506,schizophrenia,MONDO_grouped,HGNC:30043,PAG1,phosphoprotein membrane anchor with glycosphingolipid microdomains 1,Q9NWQ8,mapped
5053,PAH,NCBI,5090_13498_8414_10897_33312_10943_11552_14092_12054_11960_11280_11294_11295_11298_11307_11498_12879_13089_13506,schizophrenia,MONDO_grouped,HGNC:8582,PAH,phenylalanine hydroxylase,P00439,mapped
5062,PAK2,NCBI,5090_13498_8414_10897_33312_10943_11552_14092_12054_11960_11280_11294_11295_11298_11307_11498_12879_13089_13506,schizophrenia,MONDO_grouped,HGNC:8591,PAK2,p21 (RAC1) activated kinase 2,Q13177,mapped
80025,PANK2,NCBI,5090_13498_8414_10897_33312_10943_11552_14092_12054_11960_11280_11294_11295_11298_11307_11498_12879_13089_13506,schizophrenia,MONDO_grouped,HGNC:15894,PANK2,pantothenate kinase 2,Q9BZ23,mapped
5074,PAWR,NCBI,5090_13498_8414_10897_33312_10943_11552_14092_12054_11960_11280_11294_11295_11298_11307_11498_12879_13089_13506,schizophrenia,MONDO_grouped,HGNC:8614,PAWR,pro-apoptotic WT1 regulator,Q96IZ0,mapped
5080,PAX6,NCBI,5090_13498_8414_10897_33312_10943_11552_14092_12054_11960_11280_11294_11295_11298_11307_11498_12879_13089_13506,schizophrenia,MONDO_grouped,HGNC:8620,PAX6,paired box 6,P26367,mapped
55193,PBRM1,NCBI,5090_13498_8414_10897_33312_10943_11552_14092_12054_11960_11280_11294_11295_11298_11307_11498_12879_13089_13506,schizophrenia,MONDO_grouped,HGNC:30064,PBRM1,polybromo 1,Q86U86,mapped
27253,PCDH17,NCBI,5090_13498_8414_10897_33312_10943_11552_14092_12054_11960_11280_11294_11295_11298_11307_11498_12879_13089_13506,schizophrenia,MONDO_grouped,HGNC:14267,PCDH17,protocadherin 17,O14917,mapped
5100,PCDH8,NCBI,5090_13498_8414_10897_33312_10943_11552_14092_12054_11960_11280_11294_11295_11298_11307_11498_12879_13089_13506,schizophrenia,MONDO_grouped,HGNC:8660,PCDH8,protocadherin 8,O95206,mapped
5105,PCK1,NCBI,5090_13498_8414_10897_33312_10943_11552_14092_12054_11960_11280_11294_11295_11298_11307_11498_12879_13089_13506,schizophrenia,MONDO_grouped,HGNC:8724,PCK1,phosphoenolpyruvate carboxykinase 1,P35558,mapped
5108,PCM1,NCBI,5090_13498_8414_10897_33312_10943_11552_14092_12054_11960_11280_11294_11295_11298_11307_11498_12879_13089_13506,schizophrenia,MONDO_grouped,HGNC:8727,PCM1,pericentriolar material 1,Q15154,mapped
5116,PCNT,NCBI,5090_13498_8414_10897_33312_10943_11552_14092_12054_11960_11280_11294_11295_11298_11307_11498_12879_13089_13506,schizophrenia,MONDO_grouped,HGNC:16068,PCNT,pericentrin,O95613,mapped
5141,PDE4A,NCBI,5090_13498_8414_10897_33312_10943_11552_14092_12054_11960_11280_11294_11295_11298_11307_11498_12879_13089_13506,schizophrenia,MONDO_grouped,HGNC:8780,PDE4A,phosphodiesterase 4A,P27815,mapped
5142,PDE4B,NCBI,5090_13498_8414_10897_33312_10943_11552_14092_12054_11960_11280_11294_11295_11298_11307_11498_12879_13089_13506,schizophrenia,MONDO_grouped,HGNC:8781,PDE4B,phosphodiesterase 4B,Q07343,mapped
5144,PDE4D,NCBI,5090_13498_8414_10897_33312_10943_11552_14092_12054_11960_11280_11294_11295_11298_11307_11498_12879_13089_13506,schizophrenia,MONDO_grouped,HGNC:8783,PDE4D,phosphodiesterase 4D,Q08499,mapped
27115,PDE7B,NCBI,5090_13498_8414_10897_33312_10943_11552_14092_12054_11960_11280_11294_11295_11298_11307_11498_12879_13089_13506,schizophrenia,MONDO_grouped,HGNC:8792,PDE7B,phosphodiesterase 7B,Q9NP56,mapped
5159,PDGFRB,NCBI,5090_13498_8414_10897_33312_10943_11552_14092_12054_11960_11280_11294_11295_11298_11307_11498_12879_13089_13506,schizophrenia,MONDO_grouped,HGNC:8804,PDGFRB,platelet derived growth factor receptor beta,P09619,mapped
149420,PDIK1L,NCBI,5090_13498_8414_10897_33312_10943_11552_14092_12054_11960_11280_11294_11295_11298_11307_11498_12879_13089_13506,schizophrenia,MONDO_grouped,HGNC:18981,PDIK1L,PDLIM1 interacting kinase 1 like,Q8N165,mapped
10611,PDLIM5,NCBI,5090_13498_8414_10897_33312_10943_11552_14092_12054_11960_11280_11294_11295_11298_11307_11498_12879_13089_13506,schizophrenia,MONDO_grouped,HGNC:17468,PDLIM5,PDZ and LIM domain 5,Q96HC4,mapped
5173,PDYN,NCBI,5090_13498_8414_10897_33312_10943_11552_14092_12054_11960_11280_11294_11295_11298_11307_11498_12879_13089_13506,schizophrenia,MONDO_grouped,HGNC:8820,PDYN,prodynorphin,P01213,mapped
5174,PDZK1,NCBI,5090_13498_8414_10897_33312_10943_11552_14092_12054_11960_11280_11294_11295_11298_11307_11498_12879_13089_13506,schizophrenia,MONDO_grouped,HGNC:8821,PDZK1,PDZ domain containing 1,Q5T2W1,mapped
10400,PEMT,NCBI,5090_13498_8414_10897_33312_10943_11552_14092_12054_11960_11280_11294_11295_11298_11307_11498_12879_13089_13506,schizophrenia,MONDO_grouped,HGNC:8830,PEMT,phosphatidylethanolamine N-methyltransferase,Q9UBM1,mapped
84547,PGBD1,NCBI,5090_13498_8414_10897_33312_10943_11552_14092_12054_11960_11280_11294_11295_11298_11307_11498_12879_13089_13506,schizophrenia,MONDO_grouped,HGNC:19398,PGBD1,piggyBac transposable element derived 1,Q96JS3,mapped
5245,PHB,NCBI,5090_13498_8414_10897_33312_10943_11552_14092_12054_11960_11280_11294_11295_11298_11307_11498_12879_13089_13506,schizophrenia,MONDO_grouped,HGNC:8912,PHB1,prohibitin 1,P35232,mapped
8929,PHOX2B,NCBI,5090_13498_8414_10897_33312_10943_11552_14092_12054_11960_11280_11294_11295_11298_11307_11498_12879_13089_13506,schizophrenia,MONDO_grouped,HGNC:9143,PHOX2B,paired like homeobox 2B,Q99453,mapped
55300,PI4K2B,NCBI,5090_13498_8414_10897_33312_10943_11552_14092_12054_11960_11280_11294_11295_11298_11307_11498_12879_13089_13506,schizophrenia,MONDO_grouped,HGNC:18215,PI4K2B,phosphatidylinositol 4-kinase type 2 beta,Q8TCG2,mapped
5297,PI4KA,NCBI,5090_13498_8414_10897_33312_10943_11552_14092_12054_11960_11280_11294_11295_11298_11307_11498_12879_13089_13506,schizophrenia,MONDO_grouped,HGNC:8983,PI4KA,phosphatidylinositol 4-kinase alpha,P42356,mapped
9463,PICK1,NCBI,5090_13498_8414_10897_33312_10943_11552_14092_12054_11960_11280_11294_11295_11298_11307_11498_12879_13089_13506,schizophrenia,MONDO_grouped,HGNC:9394,PICK1,protein interacting with PRKCA 1,Q9NRD5,mapped
5289,PIK3C3,NCBI,5090_13498_8414_10897_33312_10943_11552_14092_12054_11960_11280_11294_11295_11298_11307_11498_12879_13089_13506,schizophrenia,MONDO_grouped,HGNC:8974,PIK3C3,phosphatidylinositol 3-kinase catalytic subunit type 3,Q8NEB9,mapped
5290,PIK3CA,NCBI,5090_13498_8414_10897_33312_10943_11552_14092_12054_11960_11280_11294_11295_11298_11307_11498_12879_13089_13506,schizophrenia,MONDO_grouped,HGNC:8975,PIK3CA,"phosphatidylinositol-4,5-bisphosphate 3-kinase catalytic subunit alpha",P42336,mapped
5291,PIK3CB,NCBI,5090_13498_8414_10897_33312_10943_11552_14092_12054_11960_11280_11294_11295_11298_11307_11498_12879_13089_13506,schizophrenia,MONDO_grouped,HGNC:8976,PIK3CB,"phosphatidylinositol-4,5-bisphosphate 3-kinase catalytic subunit beta",P42338,mapped
65018,PINK1,NCBI,5090_13498_8414_10897_33312_10943_11552_14092_12054_11960_11280_11294_11295_11298_11307_11498_12879_13089_13506,schizophrenia,MONDO_grouped,HGNC:14581,PINK1,PTEN induced kinase 1,Q9BXM7,mapped
5305,PIP4K2A,NCBI,5090_13498_8414_10897_33312_10943_11552_14092_12054_11960_11280_11294_11295_11298_11307_11498_12879_13089_13506,schizophrenia,MONDO_grouped,HGNC:8997,PIP4K2A,phosphatidylinositol-5-phosphate 4-kinase type 2 alpha,P48426,mapped
79837,PIP4K2C,NCBI,5090_13498_8414_10897_33312_10943_11552_14092_12054_11960_11280_11294_11295_11298_11307_11498_12879_13089_13506,schizophrenia,MONDO_grouped,HGNC:23786,PIP4K2C,phosphatidylinositol-5-phosphate 4-kinase type 2 gamma,Q8TBX8,mapped
9600,PITPNM1,NCBI,5090_13498_8414_10897_33312_10943_11552_14092_12054_11960_11280_11294_11295_11298_11307_11498_12879_13089_13506,schizophrenia,MONDO_grouped,HGNC:9003,PITPNM1,phosphatidylinositol transfer protein membrane associated 1,O00562,mapped
5309,PITX3,NCBI,5090_13498_8414_10897_33312_10943_11552_14092_12054_11960_11280_11294_11295_11298_11307_11498_12879_13089_13506,schizophrenia,MONDO_grouped,HGNC:9006,PITX3,paired like homeodomain 3,O75364,mapped
63876,PKNOX2,NCBI,5090_13498_8414_10897_33312_10943_11552_14092_12054_11960_11280_11294_11295_11298_11307_11498_12879_13089_13506,schizophrenia,MONDO_grouped,HGNC:16714,PKNOX2,PBX/knotted 1 homeobox 2,Q96KN3,mapped
5319,PLA2G1B,NCBI,5090_13498_8414_10897_33312_10943_11552_14092_12054_11960_11280_11294_11295_11298_11307_11498_12879_13089_13506,schizophrenia,MONDO_grouped,HGNC:9030,PLA2G1B,phospholipase A2 group IB,P04054,mapped
5321,PLA2G4A,NCBI,5090_13498_8414_10897_33312_10943_11552_14092_12054_11960_11280_11294_11295_11298_11307_11498_12879_13089_13506,schizophrenia,MONDO_grouped,HGNC:9035,PLA2G4A,phospholipase A2 group IVA,P47712,mapped
100137049,PLA2G4B,NCBI,5090_13498_8414_10897_33312_10943_11552_14092_12054_11960_11280_11294_11295_11298_11307_11498_12879_13089_13506,schizophrenia,MONDO_grouped,HGNC:9036,PLA2G4B,phospholipase A2 group IVB,P0C869,mapped
8605,PLA2G4C,NCBI,5090_13498_8414_10897_33312_10943_11552_14092_12054_11960_11280_11294_11295_11298_11307_11498_12879_13089_13506,schizophrenia,MONDO_grouped,HGNC:9037,PLA2G4C,phospholipase A2 group IVC,Q9UP65,mapped
8398,PLA2G6,NCBI,5090_13498_8414_10897_33312_10943_11552_14092_12054_11960_11280_11294_11295_11298_11307_11498_12879_13089_13506,schizophrenia,MONDO_grouped,HGNC:9039,PLA2G6,phospholipase A2 group VI,O60733,mapped
9373,PLAA,NCBI,5090_13498_8414_10897_33312_10943_11552_14092_12054_11960_11280_11294_11295_11298_11307_11498_12879_13089_13506,schizophrenia,MONDO_grouped,HGNC:9043,PLAA,phospholipase A2 activating protein,Q9Y263,mapped
5327,PLAT,NCBI,5090_13498_8414_10897_33312_10943_11552_14092_12054_11960_11280_11294_11295_11298_11307_11498_12879_13089_13506,schizophrenia,MONDO_grouped,HGNC:9051,PLAT,"plasminogen activator, tissue type",P00750,mapped
23236,PLCB1,NCBI,5090_13498_8414_10897_33312_10943_11552_14092_12054_11960_11280_11294_11295_11298_11307_11498_12879_13089_13506,schizophrenia,MONDO_grouped,HGNC:15917,PLCB1,phospholipase C beta 1,Q9NQ66,mapped
23228,PLCL2,NCBI,5090_13498_8414_10897_33312_10943_11552_14092_12054_11960_11280_11294_11295_11298_11307_11498_12879_13089_13506,schizophrenia,MONDO_grouped,HGNC:9064,PLCL2,phospholipase C like 2,Q9UPR0,mapped
22874,PLEKHA6,NCBI,5090_13498_8414_10897_33312_10943_11552_14092_12054_11960_11280_11294_11295_11298_11307_11498_12879_13089_13506,schizophrenia,MONDO_grouped,HGNC:17053,PLEKHA6,pleckstrin homology domain containing A6,Q9Y2H5,mapped
5340,PLG,NCBI,5090_13498_8414_10897_33312_10943_11552_14092_12054_11960_11280_11294_11295_11298_11307_11498_12879_13089_13506,schizophrenia,MONDO_grouped,HGNC:9071,PLG,plasminogen,P00747,mapped
51090,PLLP,NCBI,5090_13498_8414_10897_33312_10943_11552_14092_12054_11960_11280_11294_11295_11298_11307_11498_12879_13089_13506,schizophrenia,MONDO_grouped,HGNC:18553,PLLP,plasmolipin,Q9Y342,mapped
5354,PLP1,NCBI,5090_13498_8414_10897_33312_10943_11552_14092_12054_11960_11280_11294_11295_11298_11307_11498_12879_13089_13506,schizophrenia,MONDO_grouped,HGNC:9086,PLP1,proteolipid protein 1,P60201,mapped
57088,PLSCR4,NCBI,5090_13498_8414_10897_33312_10943_11552_14092_12054_11960_11280_11294_11295_11298_11307_11498_12879_13089_13506,schizophrenia,MONDO_grouped,HGNC:16497,PLSCR4,phospholipid scramblase 4,Q9NRQ2,mapped
5362,PLXNA2,NCBI,5090_13498_8414_10897_33312_10943_11552_14092_12054_11960_11280_11294_11295_11298_11307_11498_12879_13089_13506,schizophrenia,MONDO_grouped,HGNC:9100,PLXNA2,plexin A2,O75051,mapped
5371,PML,NCBI,5090_13498_8414_10897_33312_10943_11552_14092_12054_11960_11280_11294_11295_11298_11307_11498_12879_13089_13506,schizophrenia,MONDO_grouped,HGNC:9113,PML,PML nuclear body scaffold,P29590,mapped
5375,PMP2,NCBI,5090_13498_8414_10897_33312_10943_11552_14092_12054_11960_11280_11294_11295_11298_11307_11498_12879_13089_13506,schizophrenia,MONDO_grouped,HGNC:9117,PMP2,peripheral myelin protein 2,P02689,mapped
55163,PNPO,NCBI,5090_13498_8414_10897_33312_10943_11552_14092_12054_11960_11280_11294_11295_11298_11307_11498_12879_13089_13506,schizophrenia,MONDO_grouped,HGNC:30260,PNPO,pyridoxamine 5'-phosphate oxidase,Q9NVS9,mapped
5444,PON1,NCBI,5090_13498_8414_10897_33312_10943_11552_14092_12054_11960_11280_11294_11295_11298_11307_11498_12879_13089_13506,schizophrenia,MONDO_grouped,HGNC:9204,PON1,paraoxonase 1,P27169,mapped
5465,PPARA,NCBI,5090_13498_8414_10897_33312_10943_11552_14092_12054_11960_11280_11294_11295_11298_11307_11498_12879_13089_13506,schizophrenia,MONDO_grouped,HGNC:9232,PPARA,peroxisome proliferator activated receptor alpha,Q07869,mapped
10891,PPARGC1A,NCBI,5090_13498_8414_10897_33312_10943_11552_14092_12054_11960_11280_11294_11295_11298_11307_11498_12879_13089_13506,schizophrenia,MONDO_grouped,HGNC:9237,PPARGC1A,PPARG coactivator 1 alpha,Q9UBK2,mapped
5478,PPIA,NCBI,5090_13498_8414_10897_33312_10943_11552_14092_12054_11960_11280_11294_11295_11298_11307_11498_12879_13089_13506,schizophrenia,MONDO_grouped,HGNC:9253,PPIA,peptidylprolyl isomerase A,P62937,mapped
84152,PPP1R1B,NCBI,5090_13498_8414_10897_33312_10943_11552_14092_12054_11960_11280_11294_11295_11298_11307_11498_12879_13089_13506,schizophrenia,MONDO_grouped,HGNC:9287,PPP1R1B,protein phosphatase 1 regulatory inhibitor subunit 1B,Q9UD71,mapped
84687,PPP1R9B,NCBI,5090_13498_8414_10897_33312_10943_11552_14092_12054_11960_11280_11294_11295_11298_11307_11498_12879_13089_13506,schizophrenia,MONDO_grouped,HGNC:9298,PPP1R9B,protein phosphatase 1 regulatory subunit 9B,Q96SB3,mapped
5533,PPP3CC,NCBI,5090_13498_8414_10897_33312_10943_11552_14092_12054_11960_11280_11294_11295_11298_11307_11498_12879_13089_13506,schizophrenia,MONDO_grouped,HGNC:9316,PPP3CC,protein phosphatase 3 catalytic subunit gamma,P48454,mapped
5534,PPP3R1,NCBI,5090_13498_8414_10897_33312_10943_11552_14092_12054_11960_11280_11294_11295_11298_11307_11498_12879_13089_13506,schizophrenia,MONDO_grouped,HGNC:9317,PPP3R1,"protein phosphatase 3 regulatory subunit B, alpha",P63098,mapped
9588,PRDX6,NCBI,5090_13498_8414_10897_33312_10943_11552_14092_12054_11960_11280_11294_11295_11298_11307_11498_12879_13089_13506,schizophrenia,MONDO_grouped,HGNC:16753,PRDX6,peroxiredoxin 6,P30041,mapped
5578,PRKCA,NCBI,5090_13498_8414_10897_33312_10943_11552_14092_12054_11960_11280_11294_11295_11298_11307_11498_12879_13089_13506,schizophrenia,MONDO_grouped,HGNC:9393,PRKCA,protein kinase C alpha,P17252,mapped
5617,PRL,NCBI,5090_13498_8414_10897_33312_10943_11552_14092_12054_11960_11280_11294_11295_11298_11307_11498_12879_13089_13506,schizophrenia,MONDO_grouped,HGNC:9445,PRL,prolactin,P01236,mapped
5625,PRODH,NCBI,5090_13498_8414_10897_33312_10943_11552_14092_12054_11960_11280_11294_11295_11298_11307_11498_12879_13089_13506,schizophrenia,MONDO_grouped,HGNC:9453,PRODH,proline dehydrogenase 1,O43272,mapped
58510,PRODH2,NCBI,5090_13498_8414_10897_33312_10943_11552_14092_12054_11960_11280_11294_11295_11298_11307_11498_12879_13089_13506,schizophrenia,MONDO_grouped,HGNC:17325,PRODH2,proline dehydrogenase 2,Q9UF12,mapped
10279,PRSS16,NCBI,5090_13498_8414_10897_33312_10943_11552_14092_12054_11960_11280_11294_11295_11298_11307_11498_12879_13089_13506,schizophrenia,MONDO_grouped,HGNC:9480,PRSS16,serine protease 16,Q9NQE7,mapped
29968,PSAT1,NCBI,5090_13498_8414_10897_33312_10943_11552_14092_12054_11960_11280_11294_11295_11298_11307_11498_12879_13089_13506,schizophrenia,MONDO_grouped,HGNC:19129,PSAT1,phosphoserine aminotransferase 1,Q9Y617,mapped
5662,PSD,NCBI,5090_13498_8414_10897_33312_10943_11552_14092_12054_11960_11280_11294_11295_11298_11307_11498_12879_13089_13506,schizophrenia,MONDO_grouped,HGNC:9507,PSD,pleckstrin and Sec7 domain containing,A5PKW4,mapped
23362,PSD3,NCBI,5090_13498_8414_10897_33312_10943_11552_14092_12054_11960_11280_11294_11295_11298_11307_11498_12879_13089_13506,schizophrenia,MONDO_grouped,HGNC:19093,PSD3,pleckstrin and Sec7 domain containing 3,Q9NYI0,mapped
5664,PSEN2,NCBI,5090_13498_8414_10897_33312_10943_11552_14092_12054_11960_11280_11294_11295_11298_11307_11498_12879_13089_13506,schizophrenia,MONDO_grouped,HGNC:9509,PSEN2,presenilin 2,P49810,mapped
5733,PTGER3,NCBI,5090_13498_8414_10897_33312_10943_11552_14092_12054_11960_11280_11294_11295_11298_11307_11498_12879_13089_13506,schizophrenia,MONDO_grouped,HGNC:9595,PTGER3,prostaglandin E receptor 3,P43115,mapped
5742,PTGS1,NCBI,5090_13498_8414_10897_33312_10943_11552_14092_12054_11960_11280_11294_11295_11298_11307_11498_12879_13089_13506,schizophrenia,MONDO_grouped,HGNC:9604,PTGS1,prostaglandin-endoperoxide synthase 1,P23219,mapped
5743,PTGS2,NCBI,5090_13498_8414_10897_33312_10943_11552_14092_12054_11960_11280_11294_11295_11298_11307_11498_12879_13089_13506,schizophrenia,MONDO_grouped,HGNC:9605,PTGS2,prostaglandin-endoperoxide synthase 2,P35354,mapped
5770,PTPN1,NCBI,5090_13498_8414_10897_33312_10943_11552_14092_12054_11960_11280_11294_11295_11298_11307_11498_12879_13089_13506,schizophrenia,MONDO_grouped,HGNC:9642,PTPN1,protein tyrosine phosphatase non-receptor type 1,P18031,mapped
11099,PTPN21,NCBI,5090_13498_8414_10897_33312_10943_11552_14092_12054_11960_11280_11294_11295_11298_11307_11498_12879_13089_13506,schizophrenia,MONDO_grouped,HGNC:9651,PTPN21,protein tyrosine phosphatase non-receptor type 21,Q16825,mapped
84867,PTPN5,NCBI,5090_13498_8414_10897_33312_10943_11552_14092_12054_11960_11280_11294_11295_11298_11307_11498_12879_13089_13506,schizophrenia,MONDO_grouped,HGNC:9657,PTPN5,protein tyrosine phosphatase non-receptor type 5,P54829,mapped
5777,PTPN6,NCBI,5090_13498_8414_10897_33312_10943_11552_14092_12054_11960_11280_11294_11295_11298_11307_11498_12879_13089_13506,schizophrenia,MONDO_grouped,HGNC:9658,PTPN6,protein tyrosine phosphatase non-receptor type 6,P29350,mapped
5786,PTPRA,NCBI,5090_13498_8414_10897_33312_10943_11552_14092_12054_11960_11280_11294_11295_11298_11307_11498_12879_13089_13506,schizophrenia,MONDO_grouped,HGNC:9664,PTPRA,protein tyrosine phosphatase receptor type A,P18433,mapped
5803,PTPRZ1,NCBI,5090_13498_8414_10897_33312_10943_11552_14092_12054_11960_11280_11294_11295_11298_11307_11498_12879_13089_13506,schizophrenia,MONDO_grouped,HGNC:9685,PTPRZ1,protein tyrosine phosphatase receptor type Z1,P23471,mapped
5816,PVALB,NCBI,5090_13498_8414_10897_33312_10943_11552_14092_12054_11960_11280_11294_11295_11298_11307_11498_12879_13089_13506,schizophrenia,MONDO_grouped,HGNC:9704,PVALB,parvalbumin,P20472,mapped
9444,QKI,NCBI,5090_13498_8414_10897_33312_10943_11552_14092_12054_11960_11280_11294_11295_11298_11307_11498_12879_13089_13506,schizophrenia,MONDO_grouped,HGNC:21100,QKI,"QKI, KH domain containing RNA binding",Q96PU8,mapped
140902,R3HDML,NCBI,5090_13498_8414_10897_33312_10943_11552_14092_12054_11960_11280_11294_11295_11298_11307_11498_12879_13089_13506,schizophrenia,MONDO_grouped,HGNC:16249,R3HDML,R3H domain containing like,Q9H3Y0,mapped
10743,RAI1,NCBI,5090_13498_8414_10897_33312_10943_11552_14092_12054_11960_11280_11294_11295_11298_11307_11498_12879_13089_13506,schizophrenia,MONDO_grouped,HGNC:9834,RAI1,retinoic acid induced 1,Q7Z5J4,mapped
10048,RANBP9,NCBI,5090_13498_8414_10897_33312_10943_11552_14092_12054_11960_11280_11294_11295_11298_11307_11498_12879_13089_13506,schizophrenia,MONDO_grouped,HGNC:13727,RANBP9,RAN binding protein 9,Q96S59,mapped
51735,RAPGEF6,NCBI,5090_13498_8414_10897_33312_10943_11552_14092_12054_11960_11280_11294_11295_11298_11307_11498_12879_13089_13506,schizophrenia,MONDO_grouped,HGNC:20655,RAPGEF6,Rap guanine nucleotide exchange factor 6,Q8TEU7,mapped
5914,RARA,NCBI,5090_13498_8414_10897_33312_10943_11552_14092_12054_11960_11280_11294_11295_11298_11307_11498_12879_13089_13506,schizophrenia,MONDO_grouped,HGNC:9864,RARA,retinoic acid receptor alpha,P10276,mapped
23551,RASD2,NCBI,5090_13498_8414_10897_33312_10943_11552_14092_12054_11960_11280_11294_11295_11298_11307_11498_12879_13089_13506,schizophrenia,MONDO_grouped,HGNC:18229,RASD2,RASD family member 2,Q96D21,mapped
9821,RB1CC1,NCBI,5090_13498_8414_10897_33312_10943_11552_14092_12054_11960_11280_11294_11295_11298_11307_11498_12879_13089_13506,schizophrenia,MONDO_grouped,HGNC:15574,RB1CC1,RB1 inducible coiled-coil 1,Q8TDY2,mapped
10137,RBM12,NCBI,5090_13498_8414_10897_33312_10943_11552_14092_12054_11960_11280_11294_11295_11298_11307_11498_12879_13089_13506,schizophrenia,MONDO_grouped,HGNC:9898,RBM12,RNA binding motif protein 12,Q9NTZ6,mapped
5947,RBP1,NCBI,5090_13498_8414_10897_33312_10943_11552_14092_12054_11960_11280_11294_11295_11298_11307_11498_12879_13089_13506,schizophrenia,MONDO_grouped,HGNC:9919,RBP1,retinol binding protein 1,P09455,mapped
55213,RCBTB1,NCBI,5090_13498_8414_10897_33312_10943_11552_14092_12054_11960_11280_11294_11295_11298_11307_11498_12879_13089_13506,schizophrenia,MONDO_grouped,HGNC:18243,RCBTB1,RCC1 and BTB domain containing protein 1,Q8NDN9,mapped
5970,RELA,NCBI,5090_13498_8414_10897_33312_10943_11552_14092_12054_11960_11280_11294_11295_11298_11307_11498_12879_13089_13506,schizophrenia,MONDO_grouped,HGNC:9955,RELA,"RELA proto-oncogene, NF-kB subunit",Q04206,mapped
5649,RELN,NCBI,5090_13498_8414_10897_33312_10943_11552_14092_12054_11960_11280_11294_11295_11298_11307_11498_12879_13089_13506,schizophrenia,MONDO_grouped,HGNC:9957,RELN,reelin,P78509,mapped
5978,REST,NCBI,5090_13498_8414_10897_33312_10943_11552_14092_12054_11960_11280_11294_11295_11298_11307_11498_12879_13089_13506,schizophrenia,MONDO_grouped,HGNC:9966,REST,RE1 silencing transcription factor,Q13127,mapped
79137,RETREG2,NCBI,5090_13498_8414_10897_33312_10943_11552_14092_12054_11960_11280_11294_11295_11298_11307_11498_12879_13089_13506,schizophrenia,MONDO_grouped,HGNC:28450,RETREG2,reticulophagy regulator family member 2,Q8NC44,mapped
6002,RGS12,NCBI,5090_13498_8414_10897_33312_10943_11552_14092_12054_11960_11280_11294_11295_11298_11307_11498_12879_13089_13506,schizophrenia,MONDO_grouped,HGNC:9994,RGS12,regulator of G protein signaling 12,O14924,mapped
5997,RGS2,NCBI,5090_13498_8414_10897_33312_10943_11552_14092_12054_11960_11280_11294_11295_11298_11307_11498_12879_13089_13506,schizophrenia,MONDO_grouped,HGNC:9998,RGS2,regulator of G protein signaling 2,P41220,mapped
8490,RGS5,NCBI,5090_13498_8414_10897_33312_10943_11552_14092_12054_11960_11280_11294_11295_11298_11307_11498_12879_13089_13506,schizophrenia,MONDO_grouped,HGNC:10001,RGS5,regulator of G protein signaling 5,O15539,mapped
8787,RGS9,NCBI,5090_13498_8414_10897_33312_10943_11552_14092_12054_11960_11280_11294_11295_11298_11307_11498_12879_13089_13506,schizophrenia,MONDO_grouped,HGNC:10004,RGS9,regulator of G protein signaling 9,O75916,mapped
6007,RHD,NCBI,5090_13498_8414_10897_33312_10943_11552_14092_12054_11960_11280_11294_11295_11298_11307_11498_12879_13089_13506,schizophrenia,MONDO_grouped,HGNC:10009,RHD,Rh blood group D antigen,Q02161,mapped
9699,RIMS2,NCBI,5090_13498_8414_10897_33312_10943_11552_14092_12054_11960_11280_11294_11295_11298_11307_11498_12879_13089_13506,schizophrenia,MONDO_grouped,HGNC:17283,RIMS2,regulating synaptic membrane exocytosis 2,Q9UQ26,mapped
9783,RIMS3,NCBI,5090_13498_8414_10897_33312_10943_11552_14092_12054_11960_11280_11294_11295_11298_11307_11498_12879_13089_13506,schizophrenia,MONDO_grouped,HGNC:21292,RIMS3,regulating synaptic membrane exocytosis 3,Q9UJD0,mapped
219790,RTKN2,NCBI,5090_13498_8414_10897_33312_10943_11552_14092_12054_11960_11280_11294_11295_11298_11307_11498_12879_13089_13506,schizophrenia,MONDO_grouped,HGNC:19364,RTKN2,rhotekin 2,Q8IZC4,mapped
57142,RTN4,NCBI,5090_13498_8414_10897_33312_10943_11552_14092_12054_11960_11280_11294_11295_11298_11307_11498_12879_13089_13506,schizophrenia,MONDO_grouped,HGNC:14085,RTN4,reticulon 4,Q9NQC3,mapped
65078,RTN4R,NCBI,5090_13498_8414_10897_33312_10943_11552_14092_12054_11960_11280_11294_11295_11298_11307_11498_12879_13089_13506,schizophrenia,MONDO_grouped,HGNC:18601,RTN4R,reticulon 4 receptor,Q9BZR6,mapped
6280,S100A9,NCBI,5090_13498_8414_10897_33312_10943_11552_14092_12054_11960_11280_11294_11295_11298_11307_11498_12879_13089_13506,schizophrenia,MONDO_grouped,HGNC:10499,S100A9,S100 calcium binding protein A9,P06702,mapped
6285,S100B,NCBI,5090_13498_8414_10897_33312_10943_11552_14092_12054_11960_11280_11294_11295_11298_11307_11498_12879_13089_13506,schizophrenia,MONDO_grouped,HGNC:10500,S100B,S100 calcium binding protein B,P04271,mapped
29115,SAP30BP,NCBI,5090_13498_8414_10897_33312_10943_11552_14092_12054_11960_11280_11294_11295_11298_11307_11498_12879_13089_13506,schizophrenia,MONDO_grouped,HGNC:30785,SAP30BP,SAP30 binding protein,Q9UHR5,mapped
6303,SAT1,NCBI,5090_13498_8414_10897_33312_10943_11552_14092_12054_11960_11280_11294_11295_11298_11307_11498_12879_13089_13506,schizophrenia,MONDO_grouped,HGNC:10540,SAT1,spermidine/spermine N1-acetyltransferase 1,P21673,mapped
55206,SBNO1,NCBI,5090_13498_8414_10897_33312_10943_11552_14092_12054_11960_11280_11294_11295_11298_11307_11498_12879_13089_13506,schizophrenia,MONDO_grouped,HGNC:22973,SBNO1,strawberry notch homolog 1,A3KN83,mapped
22904,SBNO2,NCBI,5090_13498_8414_10897_33312_10943_11552_14092_12054_11960_11280_11294_11295_11298_11307_11498_12879_13089_13506,schizophrenia,MONDO_grouped,HGNC:29158,SBNO2,strawberry notch homolog 2,Q9Y2G9,mapped
10806,SDCCAG8,NCBI,5090_13498_8414_10897_33312_10943_11552_14092_12054_11960_11280_11294_11295_11298_11307_11498_12879_13089_13506,schizophrenia,MONDO_grouped,HGNC:10671,SDCCAG8,SHH signaling and ciliogenesis regulator SDCCAG8,Q86SQ7,mapped
51150,SDF4,NCBI,5090_13498_8414_10897_33312_10943_11552_14092_12054_11960_11280_11294_11295_11298_11307_11498_12879_13089_13506,schizophrenia,MONDO_grouped,HGNC:24188,SDF4,stromal cell derived factor 4,Q9BRK5,mapped
6389,SDHA,NCBI,5090_13498_8414_10897_33312_10943_11552_14092_12054_11960_11280_11294_11295_11298_11307_11498_12879_13089_13506,schizophrenia,MONDO_grouped,HGNC:10680,SDHA,succinate dehydrogenase complex flavoprotein subunit A,P31040,mapped
8991,SELENBP1,NCBI,5090_13498_8414_10897_33312_10943_11552_14092_12054_11960_11280_11294_11295_11298_11307_11498_12879_13089_13506,schizophrenia,MONDO_grouped,HGNC:10719,SELENBP1,selenium binding protein 1,Q13228,mapped
10371,SEMA3A,NCBI,5090_13498_8414_10897_33312_10943_11552_14092_12054_11960_11280_11294_11295_11298_11307_11498_12879_13089_13506,schizophrenia,MONDO_grouped,HGNC:10723,SEMA3A,semaphorin 3A,Q14563,mapped
223117,SEMA3D,NCBI,5090_13498_8414_10897_33312_10943_11552_14092_12054_11960_11280_11294_11295_11298_11307_11498_12879_13089_13506,schizophrenia,MONDO_grouped,HGNC:10726,SEMA3D,semaphorin 3D,O95025,mapped
55752,SEPTIN11,NCBI,5090_13498_8414_10897_33312_10943_11552_14092_12054_11960_11280_11294_11295_11298_11307_11498_12879_13089_13506,schizophrenia,MONDO_grouped,HGNC:25589,SEPTIN11,septin 11,Q9NVA2,mapped
989,SEPTIN7,NCBI,5090_13498_8414_10897_33312_10943_11552_14092_12054_11960_11280_11294_11295_11298_11307_11498_12879_13089_13506,schizophrenia,MONDO_grouped,HGNC:1717,SEPTIN7,septin 7,Q16181,mapped
5274,SERPINI1,NCBI,5090_13498_8414_10897_33312_10943_11552_14092_12054_11960_11280_11294_11295_11298_11307_11498_12879_13089_13506,schizophrenia,MONDO_grouped,HGNC:8943,SERPINI1,serpin family I member 1,Q99574,mapped
9739,SETD1A,NCBI,5090_13498_8414_10897_33312_10943_11552_14092_12054_11960_11280_11294_11295_11298_11307_11498_12879_13089_13506,schizophrenia,MONDO_grouped,HGNC:29010,SETD1A,"SET domain containing 1A, histone lysine methyltransferase",O15047,mapped
9869,SETDB1,NCBI,5090_13498_8414_10897_33312_10943_11552_14092_12054_11960_11280_11294_11295_11298_11307_11498_12879_13089_13506,schizophrenia,MONDO_grouped,HGNC:10761,SETDB1,SET domain bifurcated histone lysine methyltransferase 1,Q15047,mapped
9644,SH3PXD2A,NCBI,5090_13498_8414_10897_33312_10943_11552_14092_12054_11960_11280_11294_11295_11298_11307_11498_12879_13089_13506,schizophrenia,MONDO_grouped,HGNC:23664,SH3PXD2A,SH3 and PX domains 2A,Q5TCZ1,mapped
50944,SHANK1,NCBI,5090_13498_8414_10897_33312_10943_11552_14092_12054_11960_11280_11294_11295_11298_11307_11498_12879_13089_13506,schizophrenia,MONDO_grouped,HGNC:15474,SHANK1,SH3 and multiple ankyrin repeat domains 1,Q9Y566,mapped
85358,SHANK3,NCBI,5090_13498_8414_10897_33312_10943_11552_14092_12054_11960_11280_11294_11295_11298_11307_11498_12879_13089_13506,schizophrenia,MONDO_grouped,HGNC:14294,SHANK3,SH3 and multiple ankyrin repeat domains 3,Q9BYB0,mapped
6470,SHMT1,NCBI,5090_13498_8414_10897_33312_10943_11552_14092_12054_11960_11280_11294_11295_11298_11307_11498_12879_13089_13506,schizophrenia,MONDO_grouped,HGNC:10850,SHMT1,serine hydroxymethyltransferase 1,P34896,mapped
10280,SIGMAR1,NCBI,5090_13498_8414_10897_33312_10943_11552_14092_12054_11960_11280_11294_11295_11298_11307_11498_12879_13089_13506,schizophrenia,MONDO_grouped,HGNC:8157,SIGMAR1,sigma receptor chaperone 1,Q99720,mapped
10326,SIRPB1,NCBI,5090_13498_8414_10897_33312_10943_11552_14092_12054_11960_11280_11294_11295_11298_11307_11498_12879_13089_13506,schizophrenia,MONDO_grouped,HGNC:15928,SIRPB1,signal regulatory protein beta 1,O00241,mapped
10326,SIRPB1,NCBI,5090_13498_8414_10897_33312_10943_11552_14092_12054_11960_11280_11294_11295_11298_11307_11498_12879_13089_13506,schizophrenia,MONDO_grouped,HGNC:15928,SIRPB1,signal regulatory protein beta 1,Q5TFQ8,mapped
23411,SIRT1,NCBI,5090_13498_8414_10897_33312_10943_11552_14092_12054_11960_11280_11294_11295_11298_11307_11498_12879_13089_13506,schizophrenia,MONDO_grouped,HGNC:14929,SIRT1,sirtuin 1,Q96EB6,mapped
6558,SLC12A2,NCBI,5090_13498_8414_10897_33312_10943_11552_14092_12054_11960_11280_11294_11295_11298_11307_11498_12879_13089_13506,schizophrenia,MONDO_grouped,HGNC:10911,SLC12A2,solute carrier family 12 member 2,P55011,mapped
57468,SLC12A5,NCBI,5090_13498_8414_10897_33312_10943_11552_14092_12054_11960_11280_11294_11295_11298_11307_11498_12879_13089_13506,schizophrenia,MONDO_grouped,HGNC:13818,SLC12A5,solute carrier family 12 member 5,Q9H2X9,mapped
57084,SLC17A6,NCBI,5090_13498_8414_10897_33312_10943_11552_14092_12054_11960_11280_11294_11295_11298_11307_11498_12879_13089_13506,schizophrenia,MONDO_grouped,HGNC:16703,SLC17A6,solute carrier family 17 member 6,Q9P2U8,mapped
57030,SLC17A7,NCBI,5090_13498_8414_10897_33312_10943_11552_14092_12054_11960_11280_11294_11295_11298_11307_11498_12879_13089_13506,schizophrenia,MONDO_grouped,HGNC:16704,SLC17A7,solute carrier family 17 member 7,Q9P2U7,mapped
6570,SLC18A1,NCBI,5090_13498_8414_10897_33312_10943_11552_14092_12054_11960_11280_11294_11295_11298_11307_11498_12879_13089_13506,schizophrenia,MONDO_grouped,HGNC:10934,SLC18A1,solute carrier family 18 member A1,P54219,mapped
6571,SLC18A2,NCBI,5090_13498_8414_10897_33312_10943_11552_14092_12054_11960_11280_11294_11295_11298_11307_11498_12879_13089_13506,schizophrenia,MONDO_grouped,HGNC:10935,SLC18A2,solute carrier family 18 member A2,Q05940,mapped
6505,SLC1A1,NCBI,5090_13498_8414_10897_33312_10943_11552_14092_12054_11960_11280_11294_11295_11298_11307_11498_12879_13089_13506,schizophrenia,MONDO_grouped,HGNC:10939,SLC1A1,solute carrier family 1 member 1,P43005,mapped
6506,SLC1A2,NCBI,5090_13498_8414_10897_33312_10943_11552_14092_12054_11960_11280_11294_11295_11298_11307_11498_12879_13089_13506,schizophrenia,MONDO_grouped,HGNC:10940,SLC1A2,solute carrier family 1 member 2,P43004,mapped
6507,SLC1A3,NCBI,5090_13498_8414_10897_33312_10943_11552_14092_12054_11960_11280_11294_11295_11298_11307_11498_12879_13089_13506,schizophrenia,MONDO_grouped,HGNC:10941,SLC1A3,solute carrier family 1 member 3,P43003,mapped
6511,SLC1A6,NCBI,5090_13498_8414_10897_33312_10943_11552_14092_12054_11960_11280_11294_11295_11298_11307_11498_12879_13089_13506,schizophrenia,MONDO_grouped,HGNC:10944,SLC1A6,solute carrier family 1 member 6,P48664,mapped
151295,SLC23A3,NCBI,5090_13498_8414_10897_33312_10943_11552_14092_12054_11960_11280_11294_11295_11298_11307_11498_12879_13089_13506,schizophrenia,MONDO_grouped,HGNC:20601,SLC23A3,solute carrier family 23 member 3,Q6PIS1,mapped
9481,SLC25A27,NCBI,5090_13498_8414_10897_33312_10943_11552_14092_12054_11960_11280_11294_11295_11298_11307_11498_12879_13089_13506,schizophrenia,MONDO_grouped,HGNC:21065,SLC25A27,solute carrier family 25 member 27,O95847,mapped
115111,SLC26A7,NCBI,5090_13498_8414_10897_33312_10943_11552_14092_12054_11960_11280_11294_11295_11298_11307_11498_12879_13089_13506,schizophrenia,MONDO_grouped,HGNC:14467,SLC26A7,solute carrier family 26 member 7,Q8TE54,mapped
116369,SLC26A8,NCBI,5090_13498_8414_10897_33312_10943_11552_14092_12054_11960_11280_11294_11295_11298_11307_11498_12879_13089_13506,schizophrenia,MONDO_grouped,HGNC:14468,SLC26A8,solute carrier family 26 member 8,Q96RN1,mapped
7781,SLC30A3,NCBI,5090_13498_8414_10897_33312_10943_11552_14092_12054_11960_11280_11294_11295_11298_11307_11498_12879_13089_13506,schizophrenia,MONDO_grouped,HGNC:11014,SLC30A3,solute carrier family 30 member 3,Q99726,mapped
54407,SLC38A2,NCBI,5090_13498_8414_10897_33312_10943_11552_14092_12054_11960_11280_11294_11295_11298_11307_11498_12879_13089_13506,schizophrenia,MONDO_grouped,HGNC:13448,SLC38A2,solute carrier family 38 member 2,Q96QD8,mapped
6529,SLC6A1,NCBI,5090_13498_8414_10897_33312_10943_11552_14092_12054_11960_11280_11294_11295_11298_11307_11498_12879_13089_13506,schizophrenia,MONDO_grouped,HGNC:11042,SLC6A1,solute carrier family 6 member 1,P30531,mapped
6538,SLC6A11,NCBI,5090_13498_8414_10897_33312_10943_11552_14092_12054_11960_11280_11294_11295_11298_11307_11498_12879_13089_13506,schizophrenia,MONDO_grouped,HGNC:11044,SLC6A11,solute carrier family 6 member 11,P48066,mapped
6539,SLC6A12,NCBI,5090_13498_8414_10897_33312_10943_11552_14092_12054_11960_11280_11294_11295_11298_11307_11498_12879_13089_13506,schizophrenia,MONDO_grouped,HGNC:11045,SLC6A12,solute carrier family 6 member 12,P48065,mapped
6530,SLC6A2,NCBI,5090_13498_8414_10897_33312_10943_11552_14092_12054_11960_11280_11294_11295_11298_11307_11498_12879_13089_13506,schizophrenia,MONDO_grouped,HGNC:11048,SLC6A2,solute carrier family 6 member 2,P23975,mapped
6531,SLC6A3,NCBI,5090_13498_8414_10897_33312_10943_11552_14092_12054_11960_11280_11294_11295_11298_11307_11498_12879_13089_13506,schizophrenia,MONDO_grouped,HGNC:11049,SLC6A3,solute carrier family 6 member 3,Q01959,mapped
6532,SLC6A4,NCBI,5090_13498_8414_10897_33312_10943_11552_14092_12054_11960_11280_11294_11295_11298_11307_11498_12879_13089_13506,schizophrenia,MONDO_grouped,HGNC:11050,SLC6A4,solute carrier family 6 member 4,P31645,mapped
9152,SLC6A5,NCBI,5090_13498_8414_10897_33312_10943_11552_14092_12054_11960_11280_11294_11295_11298_11307_11498_12879_13089_13506,schizophrenia,MONDO_grouped,HGNC:11051,SLC6A5,solute carrier family 6 member 5,Q9Y345,mapped
6536,SLC6A9,NCBI,5090_13498_8414_10897_33312_10943_11552_14092_12054_11960_11280_11294_11295_11298_11307_11498_12879_13089_13506,schizophrenia,MONDO_grouped,HGNC:11056,SLC6A9,solute carrier family 6 member 9,P48067,mapped
56301,SLC7A10,NCBI,5090_13498_8414_10897_33312_10943_11552_14092_12054_11960_11280_11294_11295_11298_11307_11498_12879_13089_13506,schizophrenia,MONDO_grouped,HGNC:11058,SLC7A10,solute carrier family 7 member 10,Q9NS82,mapped
6586,SLIT3,NCBI,5090_13498_8414_10897_33312_10943_11552_14092_12054_11960_11280_11294_11295_11298_11307_11498_12879_13089_13506,schizophrenia,MONDO_grouped,HGNC:11087,SLIT3,slit guidance ligand 3,O75094,mapped
4090,SMAD5,NCBI,5090_13498_8414_10897_33312_10943_11552_14092_12054_11960_11280_11294_11295_11298_11307_11498_12879_13089_13506,schizophrenia,MONDO_grouped,HGNC:6771,SMAD5,SMAD family member 5,Q99717,mapped
6595,SMARCA2,NCBI,5090_13498_8414_10897_33312_10943_11552_14092_12054_11960_11280_11294_11295_11298_11307_11498_12879_13089_13506,schizophrenia,MONDO_grouped,HGNC:11098,SMARCA2,SWI/SNF related BAF chromatin remodeling complex subunit ATPase 2,P51531,mapped
6616,SNAP25,NCBI,5090_13498_8414_10897_33312_10943_11552_14092_12054_11960_11280_11294_11295_11298_11307_11498_12879_13089_13506,schizophrenia,MONDO_grouped,HGNC:11132,SNAP25,synaptosome associated protein 25,P60880,mapped
9342,SNAP29,NCBI,5090_13498_8414_10897_33312_10943_11552_14092_12054_11960_11280_11294_11295_11298_11307_11498_12879_13089_13506,schizophrenia,MONDO_grouped,HGNC:11133,SNAP29,synaptosome associated protein 29,O95721,mapped
6620,SNCB,NCBI,5090_13498_8414_10897_33312_10943_11552_14092_12054_11960_11280_11294_11295_11298_11307_11498_12879_13089_13506,schizophrenia,MONDO_grouped,HGNC:11140,SNCB,synuclein beta,Q16143,mapped
169166,SNX31,NCBI,5090_13498_8414_10897_33312_10943_11552_14092_12054_11960_11280_11294_11295_11298_11307_11498_12879_13089_13506,schizophrenia,MONDO_grouped,HGNC:28605,SNX31,sorting nexin 31,Q8N9S9,mapped
8835,SOCS2,NCBI,5090_13498_8414_10897_33312_10943_11552_14092_12054_11960_11280_11294_11295_11298_11307_11498_12879_13089_13506,schizophrenia,MONDO_grouped,HGNC:19382,SOCS2,suppressor of cytokine signaling 2,O14508,mapped
6648,SOD2,NCBI,5090_13498_8414_10897_33312_10943_11552_14092_12054_11960_11280_11294_11295_11298_11307_11498_12879_13089_13506,schizophrenia,MONDO_grouped,HGNC:11180,SOD2,superoxide dismutase 2,P04179,mapped
6663,SOX10,NCBI,5090_13498_8414_10897_33312_10943_11552_14092_12054_11960_11280_11294_11295_11298_11307_11498_12879_13089_13506,schizophrenia,MONDO_grouped,HGNC:11190,SOX10,SRY-box transcription factor 10,P56693,mapped
6660,SOX5,NCBI,5090_13498_8414_10897_33312_10943_11552_14092_12054_11960_11280_11294_11295_11298_11307_11498_12879_13089_13506,schizophrenia,MONDO_grouped,HGNC:11201,SOX5,SRY-box transcription factor 5,P35711,mapped
6667,SP1,NCBI,5090_13498_8414_10897_33312_10943_11552_14092_12054_11960_11280_11294_11295_11298_11307_11498_12879_13089_13506,schizophrenia,MONDO_grouped,HGNC:11205,SP1,Sp1 transcription factor,P08047,mapped
6671,SP4,NCBI,5090_13498_8414_10897_33312_10943_11552_14092_12054_11960_11280_11294_11295_11298_11307_11498_12879_13089_13506,schizophrenia,MONDO_grouped,HGNC:11209,SP4,Sp4 transcription factor,Q02446,mapped
166378,SPATA5,NCBI,5090_13498_8414_10897_33312_10943_11552_14092_12054_11960_11280_11294_11295_11298_11307_11498_12879_13089_13506,schizophrenia,MONDO_grouped,HGNC:18119,AFG2A,AAA ATPase AFG2A,Q8NB90,mapped
6712,SPTBN2,NCBI,5090_13498_8414_10897_33312_10943_11552_14092_12054_11960_11280_11294_11295_11298_11307_11498_12879_13089_13506,schizophrenia,MONDO_grouped,HGNC:11276,SPTBN2,"spectrin beta, non-erythrocytic 2",O15020,mapped
6716,SRD5A2,NCBI,5090_13498_8414_10897_33312_10943_11552_14092_12054_11960_11280_11294_11295_11298_11307_11498_12879_13089_13506,schizophrenia,MONDO_grouped,HGNC:11285,SRD5A2,steroid 5 alpha-reductase 2,P31213,mapped
6720,SREBF1,NCBI,5090_13498_8414_10897_33312_10943_11552_14092_12054_11960_11280_11294_11295_11298_11307_11498_12879_13089_13506,schizophrenia,MONDO_grouped,HGNC:11289,SREBF1,sterol regulatory element binding transcription factor 1,P36956,mapped
6721,SREBF2,NCBI,5090_13498_8414_10897_33312_10943_11552_14092_12054_11960_11280_11294_11295_11298_11307_11498_12879_13089_13506,schizophrenia,MONDO_grouped,HGNC:11290,SREBF2,sterol regulatory element binding transcription factor 2,Q12772,mapped
9901,SRGAP3,NCBI,5090_13498_8414_10897_33312_10943_11552_14092_12054_11960_11280_11294_11295_11298_11307_11498_12879_13089_13506,schizophrenia,MONDO_grouped,HGNC:19744,SRGAP3,SLIT-ROBO Rho GTPase activating protein 3,O43295,mapped
63826,SRR,NCBI,5090_13498_8414_10897_33312_10943_11552_14092_12054_11960_11280_11294_11295_11298_11307_11498_12879_13089_13506,schizophrenia,MONDO_grouped,HGNC:14398,SRR,serine racemase,Q9GZT4,mapped
6426,SRSF1,NCBI,5090_13498_8414_10897_33312_10943_11552_14092_12054_11960_11280_11294_11295_11298_11307_11498_12879_13089_13506,schizophrenia,MONDO_grouped,HGNC:10780,SRSF1,serine and arginine rich splicing factor 1,Q07955,mapped
10772,SRSF10,NCBI,5090_13498_8414_10897_33312_10943_11552_14092_12054_11960_11280_11294_11295_11298_11307_11498_12879_13089_13506,schizophrenia,MONDO_grouped,HGNC:16713,SRSF10,serine and arginine rich splicing factor 10,O75494,mapped
6750,SST,NCBI,5090_13498_8414_10897_33312_10943_11552_14092_12054_11960_11280_11294_11295_11298_11307_11498_12879_13089_13506,schizophrenia,MONDO_grouped,HGNC:11329,SST,somatostatin,P61278,mapped
6482,ST3GAL1,NCBI,5090_13498_8414_10897_33312_10943_11552_14092_12054_11960_11280_11294_11295_11298_11307_11498_12879_13089_13506,schizophrenia,MONDO_grouped,HGNC:10862,ST3GAL1,"ST3 beta-galactoside alpha-2,3-sialyltransferase 1",Q11201,mapped
55808,ST6GALNAC1,NCBI,5090_13498_8414_10897_33312_10943_11552_14092_12054_11960_11280_11294_11295_11298_11307_11498_12879_13089_13506,schizophrenia,MONDO_grouped,HGNC:23614,ST6GALNAC1,"ST6 N-acetylgalactosaminide alpha-2,6-sialyltransferase 1",Q9NSC7,mapped
8128,ST8SIA2,NCBI,5090_13498_8414_10897_33312_10943_11552_14092_12054_11960_11280_11294_11295_11298_11307_11498_12879_13089_13506,schizophrenia,MONDO_grouped,HGNC:10870,ST8SIA2,"ST8 alpha-N-acetyl-neuraminide alpha-2,8-sialyltransferase 2",Q92186,mapped
246744,STH,NCBI,5090_13498_8414_10897_33312_10943_11552_14092_12054_11960_11280_11294_11295_11298_11307_11498_12879_13089_13506,schizophrenia,MONDO_grouped,HGNC:18839,STH,saitohin,Q8IWL8,mapped
85439,STON2,NCBI,5090_13498_8414_10897_33312_10943_11552_14092_12054_11960_11280_11294_11295_11298_11307_11498_12879_13089_13506,schizophrenia,MONDO_grouped,HGNC:30652,STON2,stonin 2,Q8WXE9,mapped
6804,STX1A,NCBI,5090_13498_8414_10897_33312_10943_11552_14092_12054_11960_11280_11294_11295_11298_11307_11498_12879_13089_13506,schizophrenia,MONDO_grouped,HGNC:11433,STX1A,syntaxin 1A,Q16623,mapped
6812,STXBP1,NCBI,5090_13498_8414_10897_33312_10943_11552_14092_12054_11960_11280_11294_11295_11298_11307_11498_12879_13089_13506,schizophrenia,MONDO_grouped,HGNC:11444,STXBP1,syntaxin binding protein 1,P61764,mapped
25830,SULT4A1,NCBI,5090_13498_8414_10897_33312_10943_11552_14092_12054_11960_11280_11294_11295_11298_11307_11498_12879_13089_13506,schizophrenia,MONDO_grouped,HGNC:14903,SULT4A1,sulfotransferase family 4A member 1,Q9BR01,mapped
9900,SV2A,NCBI,5090_13498_8414_10897_33312_10943_11552_14092_12054_11960_11280_11294_11295_11298_11307_11498_12879_13089_13506,schizophrenia,MONDO_grouped,HGNC:20566,SV2A,synaptic vesicle glycoprotein 2A,Q7L0J3,mapped
6853,SYN1,NCBI,5090_13498_8414_10897_33312_10943_11552_14092_12054_11960_11280_11294_11295_11298_11307_11498_12879_13089_13506,schizophrenia,MONDO_grouped,HGNC:11494,SYN1,synapsin I,P17600,mapped
6854,SYN2,NCBI,5090_13498_8414_10897_33312_10943_11552_14092_12054_11960_11280_11294_11295_11298_11307_11498_12879_13089_13506,schizophrenia,MONDO_grouped,HGNC:11495,SYN2,synapsin II,Q92777,mapped
8224,SYN3,NCBI,5090_13498_8414_10897_33312_10943_11552_14092_12054_11960_11280_11294_11295_11298_11307_11498_12879_13089_13506,schizophrenia,MONDO_grouped,HGNC:11496,SYN3,synapsin III,O14994,mapped
8831,SYNGAP1,NCBI,5090_13498_8414_10897_33312_10943_11552_14092_12054_11960_11280_11294_11295_11298_11307_11498_12879_13089_13506,schizophrenia,MONDO_grouped,HGNC:11497,SYNGAP1,synaptic Ras GTPase activating protein 1,Q96PV0,mapped
9145,SYNGR1,NCBI,5090_13498_8414_10897_33312_10943_11552_14092_12054_11960_11280_11294_11295_11298_11307_11498_12879_13089_13506,schizophrenia,MONDO_grouped,HGNC:11498,SYNGR1,synaptogyrin 1,O43759,mapped
6855,SYP,NCBI,5090_13498_8414_10897_33312_10943_11552_14092_12054_11960_11280_11294_11295_11298_11307_11498_12879_13089_13506,schizophrenia,MONDO_grouped,HGNC:11506,SYP,synaptophysin,P08247,mapped
23208,SYT11,NCBI,5090_13498_8414_10897_33312_10943_11552_14092_12054_11960_11280_11294_11295_11298_11307_11498_12879_13089_13506,schizophrenia,MONDO_grouped,HGNC:19239,SYT11,synaptotagmin 11,Q9BT88,mapped
134864,TAAR1,NCBI,5090_13498_8414_10897_33312_10943_11552_14092_12054_11960_11280_11294_11295_11298_11307_11498_12879_13089_13506,schizophrenia,MONDO_grouped,HGNC:17734,TAAR1,trace amine associated receptor 1,Q96RJ0,mapped
6863,TAC1,NCBI,5090_13498_8414_10897_33312_10943_11552_14092_12054_11960_11280_11294_11295_11298_11307_11498_12879_13089_13506,schizophrenia,MONDO_grouped,HGNC:11517,TAC1,tachykinin precursor 1,P20366,mapped
6870,TACR3,NCBI,5090_13498_8414_10897_33312_10943_11552_14092_12054_11960_11280_11294_11295_11298_11307_11498_12879_13089_13506,schizophrenia,MONDO_grouped,HGNC:11528,TACR3,tachykinin receptor 3,P29371,mapped
6890,TAP1,NCBI,5090_13498_8414_10897_33312_10943_11552_14092_12054_11960_11280_11294_11295_11298_11307_11498_12879_13089_13506,schizophrenia,MONDO_grouped,HGNC:43,TAP1,"transporter 1, ATP binding cassette subfamily B member",Q03518,mapped
6891,TAP2,NCBI,5090_13498_8414_10897_33312_10943_11552_14092_12054_11960_11280_11294_11295_11298_11307_11498_12879_13089_13506,schizophrenia,MONDO_grouped,HGNC:44,TAP2,"transporter 2, ATP binding cassette subfamily B member",Q03519,mapped
6892,TAPBP,NCBI,5090_13498_8414_10897_33312_10943_11552_14092_12054_11960_11280_11294_11295_11298_11307_11498_12879_13089_13506,schizophrenia,MONDO_grouped,HGNC:11566,TAPBP,TAP binding protein,O15533,mapped
6908,TBP,NCBI,5090_13498_8414_10897_33312_10943_11552_14092_12054_11960_11280_11294_11295_11298_11307_11498_12879_13089_13506,schizophrenia,MONDO_grouped,HGNC:11588,TBP,TATA-box binding protein,P20226,mapped
6899,TBX1,NCBI,5090_13498_8414_10897_33312_10943_11552_14092_12054_11960_11280_11294_11295_11298_11307_11498_12879_13089_13506,schizophrenia,MONDO_grouped,HGNC:11592,TBX1,T-box transcription factor 1,O43435,mapped
6925,TCF4,NCBI,5090_13498_8414_10897_33312_10943_11552_14092_12054_11960_11280_11294_11295_11298_11307_11498_12879_13089_13506,schizophrenia,MONDO_grouped,HGNC:11634,TCF4,transcription factor 4,P15884,mapped
6934,TCF7L2,NCBI,5090_13498_8414_10897_33312_10943_11552_14092_12054_11960_11280_11294_11295_11298_11307_11498_12879_13089_13506,schizophrenia,MONDO_grouped,HGNC:11641,TCF7L2,transcription factor 7 like 2,Q9NQB0,mapped
6999,TDO2,NCBI,5090_13498_8414_10897_33312_10943_11552_14092_12054_11960_11280_11294_11295_11298_11307_11498_12879_13089_13506,schizophrenia,MONDO_grouped,HGNC:11708,TDO2,"tryptophan 2,3-dioxygenase",P48775,mapped
146279,TEKT5,NCBI,5090_13498_8414_10897_33312_10943_11552_14092_12054_11960_11280_11294_11295_11298_11307_11498_12879_13089_13506,schizophrenia,MONDO_grouped,HGNC:26554,TEKT5,tektin 5,Q96M29,mapped
26011,TENM4,NCBI,5090_13498_8414_10897_33312_10943_11552_14092_12054_11960_11280_11294_11295_11298_11307_11498_12879_13089_13506,schizophrenia,MONDO_grouped,HGNC:29945,TENM4,teneurin transmembrane protein 4,Q6N022,mapped
80312,TET1,NCBI,5090_13498_8414_10897_33312_10943_11552_14092_12054_11960_11280_11294_11295_11298_11307_11498_12879_13089_13506,schizophrenia,MONDO_grouped,HGNC:29484,TET1,tet methylcytosine dioxygenase 1,Q8NFU7,mapped
7018,TF,NCBI,5090_13498_8414_10897_33312_10943_11552_14092_12054_11960_11280_11294_11295_11298_11307_11498_12879_13089_13506,schizophrenia,MONDO_grouped,HGNC:11740,TF,transferrin,P02787,mapped
7040,TGFB1,NCBI,5090_13498_8414_10897_33312_10943_11552_14092_12054_11960_11280_11294_11295_11298_11307_11498_12879_13089_13506,schizophrenia,MONDO_grouped,HGNC:11766,TGFB1,transforming growth factor beta 1,P01137,mapped
7052,TGM2,NCBI,5090_13498_8414_10897_33312_10943_11552_14092_12054_11960_11280_11294_11295_11298_11307_11498_12879_13089_13506,schizophrenia,MONDO_grouped,HGNC:11778,TGM2,transglutaminase 2,P21980,mapped
7057,THBS1,NCBI,5090_13498_8414_10897_33312_10943_11552_14092_12054_11960_11280_11294_11295_11298_11307_11498_12879_13089_13506,schizophrenia,MONDO_grouped,HGNC:11785,THBS1,thrombospondin 1,P07996,mapped
7097,TLR2,NCBI,5090_13498_8414_10897_33312_10943_11552_14092_12054_11960_11280_11294_11295_11298_11307_11498_12879_13089_13506,schizophrenia,MONDO_grouped,HGNC:11848,TLR2,toll like receptor 2,O60603,mapped
7098,TLR3,NCBI,5090_13498_8414_10897_33312_10943_11552_14092_12054_11960_11280_11294_11295_11298_11307_11498_12879_13089_13506,schizophrenia,MONDO_grouped,HGNC:11849,TLR3,toll like receptor 3,O15455,mapped
7099,TLR4,NCBI,5090_13498_8414_10897_33312_10943_11552_14092_12054_11960_11280_11294_11295_11298_11307_11498_12879_13089_13506,schizophrenia,MONDO_grouped,HGNC:11850,TLR4,toll like receptor 4,O00206,mapped
23731,TMEM245,NCBI,5090_13498_8414_10897_33312_10943_11552_14092_12054_11960_11280_11294_11295_11298_11307_11498_12879_13089_13506,schizophrenia,MONDO_grouped,HGNC:1363,TMEM245,transmembrane protein 245,Q9H330,mapped
9168,TMSB10,NCBI,5090_13498_8414_10897_33312_10943_11552_14092_12054_11960_11280_11294_11295_11298_11307_11498_12879_13089_13506,schizophrenia,MONDO_grouped,HGNC:11879,TMSB10,thymosin beta 10,P63313,mapped
7124,TNF,NCBI,5090_13498_8414_10897_33312_10943_11552_14092_12054_11960_11280_11294_11295_11298_11307_11498_12879_13089_13506,schizophrenia,MONDO_grouped,HGNC:11892,TNF,tumor necrosis factor,P01375,mapped
7132,TNFRSF1A,NCBI,5090_13498_8414_10897_33312_10943_11552_14092_12054_11960_11280_11294_11295_11298_11307_11498_12879_13089_13506,schizophrenia,MONDO_grouped,HGNC:11916,TNFRSF1A,TNF receptor superfamily member 1A,P19438,mapped
7133,TNFRSF1B,NCBI,5090_13498_8414_10897_33312_10943_11552_14092_12054_11960_11280_11294_11295_11298_11307_11498_12879_13089_13506,schizophrenia,MONDO_grouped,HGNC:11917,TNFRSF1B,TNF receptor superfamily member 1B,P20333,mapped
8741,TNFSF13,NCBI,5090_13498_8414_10897_33312_10943_11552_14092_12054_11960_11280_11294_11295_11298_11307_11498_12879_13089_13506,schizophrenia,MONDO_grouped,HGNC:11928,TNFSF13,TNF superfamily member 13,O75888,mapped
23043,TNIK,NCBI,5090_13498_8414_10897_33312_10943_11552_14092_12054_11960_11280_11294_11295_11298_11307_11498_12879_13089_13506,schizophrenia,MONDO_grouped,HGNC:30765,TNIK,TRAF2 and NCK interacting kinase,Q9UKE5,mapped
7148,TNXB,NCBI,5090_13498_8414_10897_33312_10943_11552_14092_12054_11960_11280_11294_11295_11298_11307_11498_12879_13089_13506,schizophrenia,MONDO_grouped,HGNC:11976,TNXB,tenascin XB,P22105,mapped
8940,TOP3B,NCBI,5090_13498_8414_10897_33312_10943_11552_14092_12054_11960_11280_11294_11295_11298_11307_11498_12879_13089_13506,schizophrenia,MONDO_grouped,HGNC:11993,TOP3B,DNA topoisomerase III beta,O95985,mapped
7157,TP53,NCBI,5090_13498_8414_10897_33312_10943_11552_14092_12054_11960_11280_11294_11295_11298_11307_11498_12879_13089_13506,schizophrenia,MONDO_grouped,HGNC:11998,TP53,tumor protein p53,P04637,mapped
7166,TPH1,NCBI,5090_13498_8414_10897_33312_10943_11552_14092_12054_11960_11280_11294_11295_11298_11307_11498_12879_13089_13506,schizophrenia,MONDO_grouped,HGNC:12008,TPH1,tryptophan hydroxylase 1,P17752,mapped
121278,TPH2,NCBI,5090_13498_8414_10897_33312_10943_11552_14092_12054_11960_11280_11294_11295_11298_11307_11498_12879_13089_13506,schizophrenia,MONDO_grouped,HGNC:20692,TPH2,tryptophan hydroxylase 2,Q8IWU9,mapped
7167,TPI1,NCBI,5090_13498_8414_10897_33312_10943_11552_14092_12054_11960_11280_11294_11295_11298_11307_11498_12879_13089_13506,schizophrenia,MONDO_grouped,HGNC:12009,TPI1,triosephosphate isomerase 1,P60174,mapped
7178,TPT1,NCBI,5090_13498_8414_10897_33312_10943_11552_14092_12054_11960_11280_11294_11295_11298_11307_11498_12879_13089_13506,schizophrenia,MONDO_grouped,HGNC:12022,TPT1,"tumor protein, translationally-controlled 1",P13693,mapped
22906,TRAK1,NCBI,5090_13498_8414_10897_33312_10943_11552_14092_12054_11960_11280_11294_11295_11298_11307_11498_12879_13089_13506,schizophrenia,MONDO_grouped,HGNC:29947,TRAK1,trafficking kinesin protein 1,Q9UPV9,mapped
54210,TREM1,NCBI,5090_13498_8414_10897_33312_10943_11552_14092_12054_11960_11280_11294_11295_11298_11307_11498_12879_13089_13506,schizophrenia,MONDO_grouped,HGNC:17760,TREM1,triggering receptor expressed on myeloid cells 1,Q9NP99,mapped
27037,TRMT2A,NCBI,5090_13498_8414_10897_33312_10943_11552_14092_12054_11960_11280_11294_11295_11298_11307_11498_12879_13089_13506,schizophrenia,MONDO_grouped,HGNC:24974,TRMT2A,tRNA methyltransferase 2A,Q8IZ69,mapped
4308,TRPM1,NCBI,5090_13498_8414_10897_33312_10943_11552_14092_12054_11960_11280_11294_11295_11298_11307_11498_12879_13089_13506,schizophrenia,MONDO_grouped,HGNC:7146,TRPM1,transient receptor potential cation channel subfamily M member 1,Q7Z4N2,mapped
8295,TRRAP,NCBI,5090_13498_8414_10897_33312_10943_11552_14092_12054_11960_11280_11294_11295_11298_11307_11498_12879_13089_13506,schizophrenia,MONDO_grouped,HGNC:12347,TRRAP,transformation/transcription domain associated protein,Q9Y4A5,mapped
203062,TSNARE1,NCBI,5090_13498_8414_10897_33312_10943_11552_14092_12054_11960_11280_11294_11295_11298_11307_11498_12879_13089_13506,schizophrenia,MONDO_grouped,HGNC:26437,TSNARE1,t-SNARE domain containing 1,Q96NA8,mapped
90139,TSPAN18,NCBI,5090_13498_8414_10897_33312_10943_11552_14092_12054_11960_11280_11294_11295_11298_11307_11498_12879_13089_13506,schizophrenia,MONDO_grouped,HGNC:20660,TSPAN18,tetraspanin 18,Q96SJ8,mapped
7103,TSPAN8,NCBI,5090_13498_8414_10897_33312_10943_11552_14092_12054_11960_11280_11294_11295_11298_11307_11498_12879_13089_13506,schizophrenia,MONDO_grouped,HGNC:11855,TSPAN8,tetraspanin 8,P19075,mapped
81567,TXNDC5,NCBI,5090_13498_8414_10897_33312_10943_11552_14092_12054_11960_11280_11294_11295_11298_11307_11498_12879_13089_13506,schizophrenia,MONDO_grouped,HGNC:21073,TXNDC5,thioredoxin domain containing 5,Q8NBS9,mapped
7299,TYR,NCBI,5090_13498_8414_10897_33312_10943_11552_14092_12054_11960_11280_11294_11295_11298_11307_11498_12879_13089_13506,schizophrenia,MONDO_grouped,HGNC:12442,TYR,tyrosinase,P14679,mapped
7351,UCP2,NCBI,5090_13498_8414_10897_33312_10943_11552_14092_12054_11960_11280_11294_11295_11298_11307_11498_12879_13089_13506,schizophrenia,MONDO_grouped,HGNC:12518,UCP2,uncoupling protein 2,P55851,mapped
7353,UFD1,NCBI,5090_13498_8414_10897_33312_10943_11552_14092_12054_11960_11280_11294_11295_11298_11307_11498_12879_13089_13506,schizophrenia,MONDO_grouped,HGNC:12520,UFD1,ubiquitin recognition factor in ER associated degradation 1,Q92890,mapped
127933,UHMK1,NCBI,5090_13498_8414_10897_33312_10943_11552_14092_12054_11960_11280_11294_11295_11298_11307_11498_12879_13089_13506,schizophrenia,MONDO_grouped,HGNC:19683,UHMK1,U2AF homology motif kinase 1,Q8TAS1,mapped
54986,ULK4,NCBI,5090_13498_8414_10897_33312_10943_11552_14092_12054_11960_11280_11294_11295_11298_11307_11498_12879_13089_13506,schizophrenia,MONDO_grouped,HGNC:15784,ULK4,unc-51 like kinase 4,Q96C45,mapped
8633,UNC5C,NCBI,5090_13498_8414_10897_33312_10943_11552_14092_12054_11960_11280_11294_11295_11298_11307_11498_12879_13089_13506,schizophrenia,MONDO_grouped,HGNC:12569,UNC5C,unc-5 netrin receptor C,O95185,mapped
7432,VIP,NCBI,5090_13498_8414_10897_33312_10943_11552_14092_12054_11960_11280_11294_11295_11298_11307_11498_12879_13089_13506,schizophrenia,MONDO_grouped,HGNC:12693,VIP,vasoactive intestinal peptide,P01282,mapped
7434,VIPR2,NCBI,5090_13498_8414_10897_33312_10943_11552_14092_12054_11960_11280_11294_11295_11298_11307_11498_12879_13089_13506,schizophrenia,MONDO_grouped,HGNC:12695,VIPR2,vasoactive intestinal peptide receptor 2,P41587,mapped
7436,VLDLR,NCBI,5090_13498_8414_10897_33312_10943_11552_14092_12054_11960_11280_11294_11295_11298_11307_11498_12879_13089_13506,schizophrenia,MONDO_grouped,HGNC:12698,VLDLR,very low density lipoprotein receptor,P98155,mapped
55737,VPS35,NCBI,5090_13498_8414_10897_33312_10943_11552_14092_12054_11960_11280_11294_11295_11298_11307_11498_12879_13089_13506,schizophrenia,MONDO_grouped,HGNC:13487,VPS35,VPS35 retromer complex component,Q96QK1,mapped
23339,VPS39,NCBI,5090_13498_8414_10897_33312_10943_11552_14092_12054_11960_11280_11294_11295_11298_11307_11498_12879_13089_13506,schizophrenia,MONDO_grouped,HGNC:20593,VPS39,VPS39 subunit of HOPS complex,Q96JC1,mapped
7444,VRK2,NCBI,5090_13498_8414_10897_33312_10943_11552_14092_12054_11960_11280_11294_11295_11298_11307_11498_12879_13089_13506,schizophrenia,MONDO_grouped,HGNC:12719,VRK2,VRK serine/threonine kinase 2,Q86Y07,mapped
7447,VSNL1,NCBI,5090_13498_8414_10897_33312_10943_11552_14092_12054_11960_11280_11294_11295_11298_11307_11498_12879_13089_13506,schizophrenia,MONDO_grouped,HGNC:12722,VSNL1,visinin like 1,P62760,mapped
55717,WDR11,NCBI,5090_13498_8414_10897_33312_10943_11552_14092_12054_11960_11280_11294_11295_11298_11307_11498_12879_13089_13506,schizophrenia,MONDO_grouped,HGNC:13831,WDR11,WD repeat domain 11,Q9BZH6,mapped
65267,WNK3,NCBI,5090_13498_8414_10897_33312_10943_11552_14092_12054_11960_11280_11294_11295_11298_11307_11498_12879_13089_13506,schizophrenia,MONDO_grouped,HGNC:14543,WNK3,WNK lysine deficient protein kinase 3,Q9BYP7,mapped
7494,XBP1,NCBI,5090_13498_8414_10897_33312_10943_11552_14092_12054_11960_11280_11294_11295_11298_11307_11498_12879_13089_13506,schizophrenia,MONDO_grouped,HGNC:12801,XBP1,X-box binding protein 1,P17861,mapped
7515,XRCC1,NCBI,5090_13498_8414_10897_33312_10943_11552_14092_12054_11960_11280_11294_11295_11298_11307_11498_12879_13089_13506,schizophrenia,MONDO_grouped,HGNC:12828,XRCC1,X-ray repair cross complementing 1,P18887,mapped
7518,XRCC4,NCBI,5090_13498_8414_10897_33312_10943_11552_14092_12054_11960_11280_11294_11295_11298_11307_11498_12879_13089_13506,schizophrenia,MONDO_grouped,HGNC:12831,XRCC4,X-ray repair cross complementing 4,Q13426,mapped
7531,YWHAE,NCBI,5090_13498_8414_10897_33312_10943_11552_14092_12054_11960_11280_11294_11295_11298_11307_11498_12879_13089_13506,schizophrenia,MONDO_grouped,HGNC:12851,YWHAE,tyrosine 3-monooxygenase/tryptophan 5-monooxygenase activation protein epsilon,P62258,mapped
29801,ZDHHC8,NCBI,5090_13498_8414_10897_33312_10943_11552_14092_12054_11960_11280_11294_11295_11298_11307_11498_12879_13089_13506,schizophrenia,MONDO_grouped,HGNC:18474,ZDHHC8,zDHHC palmitoyltransferase 8,Q9ULC8,mapped
7546,ZIC2,NCBI,5090_13498_8414_10897_33312_10943_11552_14092_12054_11960_11280_11294_11295_11298_11307_11498_12879_13089_13506,schizophrenia,MONDO_grouped,HGNC:12873,ZIC2,Zic family zinc finger 2,O95409,mapped
387032,ZKSCAN4,NCBI,5090_13498_8414_10897_33312_10943_11552_14092_12054_11960_11280_11294_11295_11298_11307_11498_12879_13089_13506,schizophrenia,MONDO_grouped,HGNC:13854,ZKSCAN4,zinc finger with KRAB and SCAN domains 4,Q969J2,mapped
147657,ZNF480,NCBI,5090_13498_8414_10897_33312_10943_11552_14092_12054_11960_11280_11294_11295_11298_11307_11498_12879_13089_13506,schizophrenia,MONDO_grouped,HGNC:23305,ZNF480,zinc finger protein 480,Q8WV37,mapped
348327,ZNF530,NCBI,5090_13498_8414_10897_33312_10943_11552_14092_12054_11960_11280_11294_11295_11298_11307_11498_12879_13089_13506,schizophrenia,MONDO_grouped,HGNC:29297,ZNF530,zinc finger protein 530,Q6P9A1,mapped
147929,ZNF565,NCBI,5090_13498_8414_10897_33312_10943_11552_14092_12054_11960_11280_11294_11295_11298_11307_11498_12879_13089_13506,schizophrenia,MONDO_grouped,HGNC:26726,ZNF565,zinc finger protein 565,Q8N9K5,mapped
7625,ZNF74,NCBI,5090_13498_8414_10897_33312_10943_11552_14092_12054_11960_11280_11294_11295_11298_11307_11498_12879_13089_13506,schizophrenia,MONDO_grouped,HGNC:13144,ZNF74,zinc finger protein 74,Q16587,mapped
91752,ZNF804A,NCBI,5090_13498_8414_10897_33312_10943_11552_14092_12054_11960_11280_11294_11295_11298_11307_11498_12879_13089_13506,schizophrenia,MONDO_grouped,HGNC:21711,ZNF804A,zinc finger protein 804A,Q7Z570,mapped
64288,ZSCAN31,NCBI,5090_13498_8414_10897_33312_10943_11552_14092_12054_11960_11280_11294_11295_11298_11307_11498_12879_13089_13506,schizophrenia,MONDO_grouped,HGNC:14097,ZSCAN31,zinc finger and SCAN domain containing 31,Q96LW9,mapped
28,ABO,NCBI,5098,stroke disorder,MONDO,HGNC:79,ABO,"ABO, alpha 1-3-N-acetylgalactosaminyltransferase and alpha 1-3-galactosyltransferase",P16442,mapped
1636,ACE,NCBI,5098,stroke disorder,MONDO,HGNC:2707,ACE,angiotensin I converting enzyme,P12821,mapped
213,ALB,NCBI,5098,stroke disorder,MONDO,HGNC:399,ALB,albumin,P02768,mapped
287,ANK2,NCBI,5098,stroke disorder,MONDO,HGNC:493,ANK2,ankyrin 2,Q01484,mapped
335,APOA1,NCBI,5098,stroke disorder,MONDO,HGNC:600,APOA1,apolipoprotein A1,P02647,mapped
351,APP,NCBI,5098,stroke disorder,MONDO,HGNC:620,APP,amyloid beta precursor protein,P05067,mapped
54897,CASZ1,NCBI,5098,stroke disorder,MONDO,HGNC:26002,CASZ1,castor zinc finger 1,Q86V15,mapped
1021,CDK6,NCBI,5098,stroke disorder,MONDO,HGNC:1777,CDK6,cyclin dependent kinase 6,Q00534,mapped
1281,COL3A1,NCBI,5098,stroke disorder,MONDO,HGNC:2201,COL3A1,collagen type III alpha 1 chain,P02461,mapped
2833,CXCR3,NCBI,5098,stroke disorder,MONDO,HGNC:4540,CXCR3,C-X-C motif chemokine receptor 3,P49682,mapped
1906,EDN1,NCBI,5098,stroke disorder,MONDO,HGNC:3176,EDN1,endothelin 1,P05305,mapped
1909,EDNRA,NCBI,5098,stroke disorder,MONDO,HGNC:3179,EDNRA,endothelin receptor type A,P25101,mapped
2147,F2,NCBI,5098,stroke disorder,MONDO,HGNC:3535,F2,"coagulation factor II, thrombin",P00734,mapped
2153,F5,NCBI,5098,stroke disorder,MONDO,HGNC:3542,F5,coagulation factor V,P12259,mapped
2243,FGA,NCBI,5098,stroke disorder,MONDO,HGNC:3661,FGA,fibrinogen alpha chain,P02671,mapped
2295,FOXF2,NCBI,5098,stroke disorder,MONDO,HGNC:3810,FOXF2,forkhead box F2,Q12947,mapped
2717,GLA,NCBI,5098,stroke disorder,MONDO,HGNC:4296,GLA,galactosidase alpha,P06280,mapped
9734,HDAC9,NCBI,5098,stroke disorder,MONDO,HGNC:14065,HDAC9,histone deacetylase 9,Q9UKV0,mapped
3360,HTR4,NCBI,5098,stroke disorder,MONDO,HGNC:5299,HTR4,5-hydroxytryptamine receptor 4,Q13639,mapped
3383,ICAM1,NCBI,5098,stroke disorder,MONDO,HGNC:5344,ICAM1,intercellular adhesion molecule 1,P05362,mapped
3553,IL1B,NCBI,5098,stroke disorder,MONDO,HGNC:5992,IL1B,interleukin 1 beta,P01584,mapped
3557,IL1RN,NCBI,5098,stroke disorder,MONDO,HGNC:6000,IL1RN,interleukin 1 receptor antagonist,P18510,mapped
3569,IL6,NCBI,5098,stroke disorder,MONDO,HGNC:6018,IL6,interleukin 6,P05231,mapped
3659,IRF1,NCBI,5098,stroke disorder,MONDO,HGNC:6116,IRF1,interferon regulatory factor 1,P10914,mapped
3674,ITGA2B,NCBI,5098,stroke disorder,MONDO,HGNC:6138,ITGA2B,integrin subunit alpha 2b,P08514,mapped
3685,ITGAV,NCBI,5098,stroke disorder,MONDO,HGNC:6150,ITGAV,integrin subunit alpha V,P06756,mapped
3690,ITGB3,NCBI,5098,stroke disorder,MONDO,HGNC:6156,ITGB3,integrin subunit beta 3,P05106,mapped
9445,ITM2B,NCBI,5098,stroke disorder,MONDO,HGNC:6174,ITM2B,integral membrane protein 2B,Q9Y287,mapped
3777,KCNK3,NCBI,5098,stroke disorder,MONDO,HGNC:6278,KCNK3,potassium two pore domain channel subfamily K member 3,O14649,mapped
4018,LPA,NCBI,5098,stroke disorder,MONDO,HGNC:6667,LPA,lipoprotein(a),P08519,mapped
23143,LRCH1,NCBI,5098,stroke disorder,MONDO,HGNC:20309,LRCH1,leucine rich repeats and calponin homology domain containing 1,Q9Y2L9,mapped
4321,MMP12,NCBI,5098,stroke disorder,MONDO,HGNC:7158,MMP12,matrix metallopeptidase 12,P39900,mapped
4524,MTHFR,NCBI,5098,stroke disorder,MONDO,HGNC:7436,MTHFR,methylenetetrahydrofolate reductase,P42898,mapped
1482,NKX2-5,NCBI,5098,stroke disorder,MONDO,HGNC:2488,NKX2-5,NK2 homeobox 5,P52952,mapped
4843,NOS2,NCBI,5098,stroke disorder,MONDO,HGNC:7873,NOS2,nitric oxide synthase 2,P35228,mapped
196743,PAOX,NCBI,5098,stroke disorder,MONDO,HGNC:20837,PAOX,polyamine oxidase,Q6QHF9,mapped
5139,PDE3A,NCBI,5098,stroke disorder,MONDO,HGNC:8778,PDE3A,phosphodiesterase 3A,Q14432,mapped
5308,PITX2,NCBI,5098,stroke disorder,MONDO,HGNC:9005,PITX2,paired like homeodomain 2,Q99697,mapped
7941,PLA2G7,NCBI,5098,stroke disorder,MONDO,HGNC:9040,PLA2G7,phospholipase A2 group VII,Q13093,mapped
5327,PLAT,NCBI,5098,stroke disorder,MONDO,HGNC:9051,PLAT,"plasminogen activator, tissue type",P00750,mapped
5328,PLAU,NCBI,5098,stroke disorder,MONDO,HGNC:9052,PLAU,"plasminogen activator, urokinase",P00749,mapped
5563,PRKAA2,NCBI,5098,stroke disorder,MONDO,HGNC:9377,PRKAA2,protein kinase AMP-activated catalytic subunit alpha 2,P54646,mapped
10594,PRPF8,NCBI,5098,stroke disorder,MONDO,HGNC:17340,PRPF8,pre-mRNA processing factor 8,Q6P2Q9,mapped
5743,PTGS2,NCBI,5098,stroke disorder,MONDO,HGNC:9605,PTGS2,prostaglandin-endoperoxide synthase 2,P35354,mapped
6000,RGS7,NCBI,5098,stroke disorder,MONDO,HGNC:10003,RGS7,regulator of G protein signaling 7,P49802,mapped
10019,SH2B3,NCBI,5098,stroke disorder,MONDO,HGNC:29605,SH2B3,SH2B adaptor protein 3,Q9UQQ2,mapped
9644,SH3PXD2A,NCBI,5098,stroke disorder,MONDO,HGNC:23664,SH3PXD2A,SH3 and PX domains 2A,Q5TCZ1,mapped
54498,SMOX,NCBI,5098,stroke disorder,MONDO,HGNC:15862,SMOX,spermine oxidase,Q9NWM0,mapped
6647,SOD1,NCBI,5098,stroke disorder,MONDO,HGNC:11179,SOD1,superoxide dismutase 1,P00441,mapped
6926,TBX3,NCBI,5098,stroke disorder,MONDO,HGNC:11602,TBX3,T-box transcription factor 3,O15119,mapped
7040,TGFB1,NCBI,5098,stroke disorder,MONDO,HGNC:11766,TGFB1,transforming growth factor beta 1,P01137,mapped
7124,TNF,NCBI,5098,stroke disorder,MONDO,HGNC:11892,TNF,tumor necrosis factor,P01375,mapped
10100,TSPAN2,NCBI,5098,stroke disorder,MONDO,HGNC:20659,TSPAN2,tetraspanin 2,O60636,mapped
7351,UCP2,NCBI,5098,stroke disorder,MONDO,HGNC:12518,UCP2,uncoupling protein 2,P55851,mapped
79001,VKORC1,NCBI,5098,stroke disorder,MONDO,HGNC:23663,VKORC1,vitamin K epoxide reductase complex subunit 1,Q9BQB6,mapped
7482,WNT2B,NCBI,5098,stroke disorder,MONDO,HGNC:12781,WNT2B,Wnt family member 2B,Q93097,mapped
23174,ZCCHC14,NCBI,5098,stroke disorder,MONDO,HGNC:24134,ZCCHC14,zinc finger CCHC-type containing 14,Q8WYQ9,mapped
463,ZFHX3,NCBI,5098,stroke disorder,MONDO,HGNC:777,ZFHX3,zinc finger homeobox 3,Q15911,mapped
