chembl_id,mondo_id,path_support,known_pair
CHEMBL100116,MONDO:0001627,1,0
CHEMBL100116,MONDO:0002009,1,0
CHEMBL100116,MONDO:0004975,1,1
CHEMBL100116,MONDO:0004985,1,0
CHEMBL100116,MONDO:0005027,1,1
CHEMBL100116,MONDO:0005090,1,0
CHEMBL100116,MONDO:0005098,1,0
CHEMBL100116,MONDO:0005180,1,0
CHEMBL100116,MONDO:0005277,1,0
CHEMBL100116,MONDO:0005301,1,0
CHEMBL100116,MONDO:0005618,1,0
CHEMBL100116,MONDO:0007743,1,0
CHEMBL1002,MONDO:0001627,1,0
CHEMBL1002,MONDO:0002009,1,0
CHEMBL1002,MONDO:0004975,1,0
CHEMBL1002,MONDO:0004985,1,0
CHEMBL1002,MONDO:0005027,1,1
CHEMBL1002,MONDO:0005090,1,0
CHEMBL1002,MONDO:0005098,1,0
CHEMBL1002,MONDO:0005180,1,0
CHEMBL1002,MONDO:0005277,1,0
CHEMBL1002,MONDO:0005301,1,0
CHEMBL1002,MONDO:0005618,1,0
CHEMBL1002,MONDO:0007743,1,0
CHEMBL1006,MONDO:0001627,1,0
CHEMBL1006,MONDO:0002009,1,0
CHEMBL1006,MONDO:0004975,1,0
CHEMBL1006,MONDO:0004985,1,0
CHEMBL1006,MONDO:0005027,1,0
CHEMBL1006,MONDO:0005090,1,0
CHEMBL1006,MONDO:0005098,1,1
CHEMBL1006,MONDO:0005180,1,0
CHEMBL1006,MONDO:0005277,1,0
CHEMBL1006,MONDO:0005301,1,0
CHEMBL1006,MONDO:0005618,1,0
CHEMBL1006,MONDO:0007743,1,0
CHEMBL1009,MONDO:0001627,1,0
CHEMBL1009,MONDO:0002009,1,0
CHEMBL1009,MONDO:0004975,1,0
CHEMBL1009,MONDO:0004985,1,0
CHEMBL1009,MONDO:0005027,1,1
CHEMBL1009,MONDO:0005090,1,0
CHEMBL1009,MONDO:0005098,1,0
CHEMBL1009,MONDO:0005180,1,1
CHEMBL1009,MONDO:0005277,1,0
CHEMBL1009,MONDO:0005301,1,0
CHEMBL1009,MONDO:0005618,1,1
CHEMBL1009,MONDO:0007743,1,0
CHEMBL1017,MONDO:0001627,1,0
CHEMBL1017,MONDO:0002009,1,0
CHEMBL1017,MONDO:0004975,1,0
CHEMBL1017,MONDO:0004985,1,0
CHEMBL1017,MONDO:0005027,1,0
CHEMBL1017,MONDO:0005090,1,0
CHEMBL1017,MONDO:0005098,1,1
CHEMBL1017,MONDO:0005180,1,0
CHEMBL1017,MONDO:0005277,1,0
CHEMBL1017,MONDO:0005301,1,0
CHEMBL1017,MONDO:0005618,1,0
CHEMBL1017,MONDO:0007743,1,0
CHEMBL1027,MONDO:0001627,1,0
CHEMBL1027,MONDO:0002009,1,0
CHEMBL1027,MONDO:0004975,1,0
CHEMBL1027,MONDO:0004985,1,0
CHEMBL1027,MONDO:0005027,1,0
CHEMBL1027,MONDO:0005090,1,0
CHEMBL1027,MONDO:0005098,1,0
CHEMBL1027,MONDO:0005180,1,0
CHEMBL1027,MONDO:0005277,1,0
CHEMBL1027,MONDO:0005301,1,0
CHEMBL1027,MONDO:0005618,1,1
CHEMBL1027,MONDO:0007743,1,0
CHEMBL103,MONDO:0001627,1,1
CHEMBL103,MONDO:0002009,1,0
CHEMBL103,MONDO:0004975,1,0
CHEMBL103,MONDO:0004985,1,0
CHEMBL103,MONDO:0005027,1,1
CHEMBL103,MONDO:0005090,1,0
CHEMBL103,MONDO:0005098,1,1
CHEMBL103,MONDO:0005180,1,0
CHEMBL103,MONDO:0005277,1,1
CHEMBL103,MONDO:0005301,1,0
CHEMBL103,MONDO:0005618,1,1
CHEMBL103,MONDO:0007743,1,0
CHEMBL1044,MONDO:0001627,1,0
CHEMBL1044,MONDO:0002009,1,0
CHEMBL1044,MONDO:0004975,1,0
CHEMBL1044,MONDO:0004985,1,0
CHEMBL1044,MONDO:0005027,1,1
CHEMBL1044,MONDO:0005090,1,0
CHEMBL1044,MONDO:0005098,1,0
CHEMBL1044,MONDO:0005180,1,0
CHEMBL1044,MONDO:0005277,1,0
CHEMBL1044,MONDO:0005301,1,0
CHEMBL1044,MONDO:0005618,1,0
CHEMBL1044,MONDO:0007743,1,0
CHEMBL1054,MONDO:0001627,1,0
CHEMBL1054,MONDO:0002009,1,0
CHEMBL1054,MONDO:0004975,1,0
CHEMBL1054,MONDO:0004985,1,0
CHEMBL1054,MONDO:0005027,1,1
CHEMBL1054,MONDO:0005090,1,0
CHEMBL1054,MONDO:0005098,1,0
CHEMBL1054,MONDO:0005180,1,0
CHEMBL1054,MONDO:0005277,1,0
CHEMBL1054,MONDO:0005301,1,0
CHEMBL1054,MONDO:0005618,1,1
CHEMBL1054,MONDO:0007743,1,0
CHEMBL1055,MONDO:0001627,1,0
CHEMBL1055,MONDO:0002009,1,0
CHEMBL1055,MONDO:0004975,1,0
CHEMBL1055,MONDO:0004985,1,0
CHEMBL1055,MONDO:0005027,1,1
CHEMBL1055,MONDO:0005090,1,0
CHEMBL1055,MONDO:0005098,1,0
CHEMBL1055,MONDO:0005180,1,0
CHEMBL1055,MONDO:0005277,1,0
CHEMBL1055,MONDO:0005301,1,0
CHEMBL1055,MONDO:0005618,1,1
CHEMBL1055,MONDO:0007743,1,0
CHEMBL1059,MONDO:0001627,1,0
CHEMBL1059,MONDO:0002009,1,0
CHEMBL1059,MONDO:0004975,1,0
CHEMBL1059,MONDO:0004985,1,0
CHEMBL1059,MONDO:0005027,1,0
CHEMBL1059,MONDO:0005090,1,0
CHEMBL1059,MONDO:0005098,1,0
CHEMBL1059,MONDO:0005180,1,0
CHEMBL1059,MONDO:0005277,1,0
CHEMBL1059,MONDO:0005301,1,0
CHEMBL1059,MONDO:0005618,1,1
CHEMBL1059,MONDO:0007743,1,0
CHEMBL1064,MONDO:0001627,1,0
CHEMBL1064,MONDO:0002009,1,0
CHEMBL1064,MONDO:0004975,1,0
CHEMBL1064,MONDO:0004985,1,0
CHEMBL1064,MONDO:0005027,1,0
CHEMBL1064,MONDO:0005090,1,0
CHEMBL1064,MONDO:0005098,1,1
CHEMBL1064,MONDO:0005180,1,0
CHEMBL1064,MONDO:0005277,1,0
CHEMBL1064,MONDO:0005301,1,0
CHEMBL1064,MONDO:0005618,1,0
CHEMBL1064,MONDO:0007743,1,0
CHEMBL1068,MONDO:0001627,1,0
CHEMBL1068,MONDO:0002009,1,0
CHEMBL1068,MONDO:0004975,1,0
CHEMBL1068,MONDO:0004985,1,0
CHEMBL1068,MONDO:0005027,1,0
CHEMBL1068,MONDO:0005090,1,0
CHEMBL1068,MONDO:0005098,1,0
CHEMBL1068,MONDO:0005180,1,0
CHEMBL1068,MONDO:0005277,1,0
CHEMBL1068,MONDO:0005301,1,0
CHEMBL1068,MONDO:0005618,1,1
CHEMBL1068,MONDO:0007743,1,0
CHEMBL1076903,MONDO:0001627,1,0
CHEMBL1076903,MONDO:0002009,1,0
CHEMBL1076903,MONDO:0004975,1,0
CHEMBL1076903,MONDO:0004985,1,1
CHEMBL1076903,MONDO:0005027,1,0
CHEMBL1076903,MONDO:0005090,1,1
CHEMBL1076903,MONDO:0005098,1,0
CHEMBL1076903,MONDO:0005180,1,0
CHEMBL1076903,MONDO:0005277,1,0
CHEMBL1076903,MONDO:0005301,1,0
CHEMBL1076903,MONDO:0005618,1,1
CHEMBL1076903,MONDO:0007743,1,0
CHEMBL108,MONDO:0001627,1,0
CHEMBL108,MONDO:0002009,1,0
CHEMBL108,MONDO:0004975,1,0
CHEMBL108,MONDO:0004985,1,1
CHEMBL108,MONDO:0005027,1,1
CHEMBL108,MONDO:0005090,1,0
CHEMBL108,MONDO:0005098,1,0
CHEMBL108,MONDO:0005180,1,0
CHEMBL108,MONDO:0005277,1,0
CHEMBL108,MONDO:0005301,1,0
CHEMBL108,MONDO:0005618,1,1
CHEMBL108,MONDO:0007743,1,1
CHEMBL1085,MONDO:0001627,1,0
CHEMBL1085,MONDO:0002009,1,0
CHEMBL1085,MONDO:0004975,1,1
CHEMBL1085,MONDO:0004985,1,0
CHEMBL1085,MONDO:0005027,1,1
CHEMBL1085,MONDO:0005090,1,0
CHEMBL1085,MONDO:0005098,1,0
CHEMBL1085,MONDO:0005180,1,1
CHEMBL1085,MONDO:0005277,1,0
CHEMBL1085,MONDO:0005301,1,0
CHEMBL1085,MONDO:0005618,1,0
CHEMBL1085,MONDO:0007743,1,0
CHEMBL108545,MONDO:0001627,1,0
CHEMBL108545,MONDO:0002009,1,0
CHEMBL108545,MONDO:0004975,1,0
CHEMBL108545,MONDO:0004985,1,0
CHEMBL108545,MONDO:0005027,1,1
CHEMBL108545,MONDO:0005090,1,0
CHEMBL108545,MONDO:0005098,1,0
CHEMBL108545,MONDO:0005180,1,0
CHEMBL108545,MONDO:0005277,1,0
CHEMBL108545,MONDO:0005301,1,0
CHEMBL108545,MONDO:0005618,1,0
CHEMBL108545,MONDO:0007743,1,0
CHEMBL1086,MONDO:0001627,1,0
CHEMBL1086,MONDO:0002009,1,0
CHEMBL1086,MONDO:0004975,1,0
CHEMBL1086,MONDO:0004985,1,0
CHEMBL1086,MONDO:0005027,1,1
CHEMBL1086,MONDO:0005090,1,0
CHEMBL1086,MONDO:0005098,1,0
CHEMBL1086,MONDO:0005180,1,0
CHEMBL1086,MONDO:0005277,1,0
CHEMBL1086,MONDO:0005301,1,0
CHEMBL1086,MONDO:0005618,1,0
CHEMBL1086,MONDO:0007743,1,0
CHEMBL10878,MONDO:0001627,1,0
CHEMBL10878,MONDO:0002009,1,1
CHEMBL10878,MONDO:0004975,1,0
CHEMBL10878,MONDO:0004985,1,0
CHEMBL10878,MONDO:0005027,1,0
CHEMBL10878,MONDO:0005090,1,0
CHEMBL10878,MONDO:0005098,1,0
CHEMBL10878,MONDO:0005180,1,0
CHEMBL10878,MONDO:0005277,1,0
CHEMBL10878,MONDO:0005301,1,0
CHEMBL10878,MONDO:0005618,1,1
CHEMBL10878,MONDO:0007743,1,0
CHEMBL1088,MONDO:0001627,1,0
CHEMBL1088,MONDO:0002009,1,0
CHEMBL1088,MONDO:0004975,1,0
CHEMBL1088,MONDO:0004985,1,0
CHEMBL1088,MONDO:0005027,1,1
CHEMBL1088,MONDO:0005090,1,1
CHEMBL1088,MONDO:0005098,1,0
CHEMBL1088,MONDO:0005180,1,0
CHEMBL1088,MONDO:0005277,1,0
CHEMBL1088,MONDO:0005301,1,0
CHEMBL1088,MONDO:0005618,1,0
CHEMBL1088,MONDO:0007743,1,0
CHEMBL1089,MONDO:0001627,1,0
CHEMBL1089,MONDO:0002009,1,0
CHEMBL1089,MONDO:0004975,1,0
CHEMBL1089,MONDO:0004985,1,1
CHEMBL1089,MONDO:0005027,1,1
CHEMBL1089,MONDO:0005090,1,1
CHEMBL1089,MONDO:0005098,1,0
CHEMBL1089,MONDO:0005180,1,0
CHEMBL1089,MONDO:0005277,1,0
CHEMBL1089,MONDO:0005301,1,0
CHEMBL1089,MONDO:0005618,1,1
CHEMBL1089,MONDO:0007743,1,0
CHEMBL1089318,MONDO:0001627,1,0
CHEMBL1089318,MONDO:0002009,1,0
CHEMBL1089318,MONDO:0004975,1,0
CHEMBL1089318,MONDO:0004985,1,0
CHEMBL1089318,MONDO:0005027,1,0
CHEMBL1089318,MONDO:0005090,1,0
CHEMBL1089318,MONDO:0005098,1,0
CHEMBL1089318,MONDO:0005180,1,1
CHEMBL1089318,MONDO:0005277,1,0
CHEMBL1089318,MONDO:0005301,1,0
CHEMBL1089318,MONDO:0005618,1,0
CHEMBL1089318,MONDO:0007743,1,0
CHEMBL109,MONDO:0001627,1,0
CHEMBL109,MONDO:0002009,1,0
CHEMBL109,MONDO:0004975,1,0
CHEMBL109,MONDO:0004985,1,1
CHEMBL109,MONDO:0005027,1,1
CHEMBL109,MONDO:0005090,1,0
CHEMBL109,MONDO:0005098,1,0
CHEMBL109,MONDO:0005180,1,0
CHEMBL109,MONDO:0005277,1,0
CHEMBL109,MONDO:0005301,1,0
CHEMBL109,MONDO:0005618,1,1
CHEMBL109,MONDO:0007743,1,0
CHEMBL1091,MONDO:0001627,1,0
CHEMBL1091,MONDO:0002009,1,0
CHEMBL1091,MONDO:0004975,1,0
CHEMBL1091,MONDO:0004985,1,0
CHEMBL1091,MONDO:0005027,1,1
CHEMBL1091,MONDO:0005090,1,0
CHEMBL1091,MONDO:0005098,1,0
CHEMBL1091,MONDO:0005180,1,0
CHEMBL1091,MONDO:0005277,1,0
CHEMBL1091,MONDO:0005301,1,1
CHEMBL1091,MONDO:0005618,1,0
CHEMBL1091,MONDO:0007743,1,0
CHEMBL1093,MONDO:0001627,1,0
CHEMBL1093,MONDO:0002009,1,0
CHEMBL1093,MONDO:0004975,1,0
CHEMBL1093,MONDO:0004985,1,0
CHEMBL1093,MONDO:0005027,1,0
CHEMBL1093,MONDO:0005090,1,0
CHEMBL1093,MONDO:0005098,1,0
CHEMBL1093,MONDO:0005180,1,1
CHEMBL1093,MONDO:0005277,1,0
CHEMBL1093,MONDO:0005301,1,0
CHEMBL1093,MONDO:0005618,1,0
CHEMBL1093,MONDO:0007743,1,0
CHEMBL1094,MONDO:0001627,1,0
CHEMBL1094,MONDO:0002009,1,0
CHEMBL1094,MONDO:0004975,1,0
CHEMBL1094,MONDO:0004985,1,0
CHEMBL1094,MONDO:0005027,1,1
CHEMBL1094,MONDO:0005090,1,0
CHEMBL1094,MONDO:0005098,1,0
CHEMBL1094,MONDO:0005180,1,0
CHEMBL1094,MONDO:0005277,1,0
CHEMBL1094,MONDO:0005301,1,0
CHEMBL1094,MONDO:0005618,1,1
CHEMBL1094,MONDO:0007743,1,0
CHEMBL1094982,MONDO:0001627,1,0
CHEMBL1094982,MONDO:0002009,1,0
CHEMBL1094982,MONDO:0004975,1,0
CHEMBL1094982,MONDO:0004985,1,0
CHEMBL1094982,MONDO:0005027,1,0
CHEMBL1094982,MONDO:0005090,1,0
CHEMBL1094982,MONDO:0005098,1,1
CHEMBL1094982,MONDO:0005180,1,0
CHEMBL1094982,MONDO:0005277,1,0
CHEMBL1094982,MONDO:0005301,1,0
CHEMBL1094982,MONDO:0005618,1,0
CHEMBL1094982,MONDO:0007743,1,0
CHEMBL1095,MONDO:0001627,1,0
CHEMBL1095,MONDO:0002009,1,0
CHEMBL1095,MONDO:0004975,1,0
CHEMBL1095,MONDO:0004985,1,0
CHEMBL1095,MONDO:0005027,1,0
CHEMBL1095,MONDO:0005090,1,0
CHEMBL1095,MONDO:0005098,1,0
CHEMBL1095,MONDO:0005180,1,0
CHEMBL1095,MONDO:0005277,1,0
CHEMBL1095,MONDO:0005301,1,0
CHEMBL1095,MONDO:0005618,1,1
CHEMBL1095,MONDO:0007743,1,0
CHEMBL1095777,MONDO:0001627,1,0
CHEMBL1095777,MONDO:0002009,1,0
CHEMBL1095777,MONDO:0004975,1,0
CHEMBL1095777,MONDO:0004985,1,0
CHEMBL1095777,MONDO:0005027,1,1
CHEMBL1095777,MONDO:0005090,1,0
CHEMBL1095777,MONDO:0005098,1,0
CHEMBL1095777,MONDO:0005180,1,0
CHEMBL1095777,MONDO:0005277,1,0
CHEMBL1095777,MONDO:0005301,1,0
CHEMBL1095777,MONDO:0005618,1,0
CHEMBL1095777,MONDO:0007743,1,0
CHEMBL1098,MONDO:0001627,1,0
CHEMBL1098,MONDO:0002009,1,0
CHEMBL1098,MONDO:0004975,1,0
CHEMBL1098,MONDO:0004985,1,0
CHEMBL1098,MONDO:0005027,1,1
CHEMBL1098,MONDO:0005090,1,0
CHEMBL1098,MONDO:0005098,1,0
CHEMBL1098,MONDO:0005180,1,1
CHEMBL1098,MONDO:0005277,1,0
CHEMBL1098,MONDO:0005301,1,0
CHEMBL1098,MONDO:0005618,1,0
CHEMBL1098,MONDO:0007743,1,0
CHEMBL11,MONDO:0001627,1,0
CHEMBL11,MONDO:0002009,1,0
CHEMBL11,MONDO:0004975,1,0
CHEMBL11,MONDO:0004985,1,1
CHEMBL11,MONDO:0005027,1,1
CHEMBL11,MONDO:0005090,1,1
CHEMBL11,MONDO:0005098,1,1
CHEMBL11,MONDO:0005180,1,0
CHEMBL11,MONDO:0005277,1,0
CHEMBL11,MONDO:0005301,1,0
CHEMBL11,MONDO:0005618,1,1
CHEMBL11,MONDO:0007743,1,1
CHEMBL1100,MONDO:0001627,1,0
CHEMBL1100,MONDO:0002009,1,0
CHEMBL1100,MONDO:0004975,1,0
CHEMBL1100,MONDO:0004985,1,0
CHEMBL1100,MONDO:0005027,1,1
CHEMBL1100,MONDO:0005090,1,0
CHEMBL1100,MONDO:0005098,1,0
CHEMBL1100,MONDO:0005180,1,0
CHEMBL1100,MONDO:0005277,1,0
CHEMBL1100,MONDO:0005301,1,0
CHEMBL1100,MONDO:0005618,1,0
CHEMBL1100,MONDO:0007743,1,0
CHEMBL1101,MONDO:0001627,1,0
CHEMBL1101,MONDO:0002009,1,0
CHEMBL1101,MONDO:0004975,1,0
CHEMBL1101,MONDO:0004985,1,0
CHEMBL1101,MONDO:0005027,1,0
CHEMBL1101,MONDO:0005090,1,0
CHEMBL1101,MONDO:0005098,1,0
CHEMBL1101,MONDO:0005180,1,1
CHEMBL1101,MONDO:0005277,1,0
CHEMBL1101,MONDO:0005301,1,0
CHEMBL1101,MONDO:0005618,1,0
CHEMBL1101,MONDO:0007743,1,0
CHEMBL1108,MONDO:0001627,1,0
CHEMBL1108,MONDO:0002009,1,0
CHEMBL1108,MONDO:0004975,1,0
CHEMBL1108,MONDO:0004985,1,0
CHEMBL1108,MONDO:0005027,1,0
CHEMBL1108,MONDO:0005090,1,0
CHEMBL1108,MONDO:0005098,1,0
CHEMBL1108,MONDO:0005180,1,0
CHEMBL1108,MONDO:0005277,1,0
CHEMBL1108,MONDO:0005301,1,0
CHEMBL1108,MONDO:0005618,1,1
CHEMBL1108,MONDO:0007743,1,0
CHEMBL1112,MONDO:0001627,1,0
CHEMBL1112,MONDO:0002009,1,0
CHEMBL1112,MONDO:0004975,1,1
CHEMBL1112,MONDO:0004985,1,1
CHEMBL1112,MONDO:0005027,1,1
CHEMBL1112,MONDO:0005090,1,1
CHEMBL1112,MONDO:0005098,1,0
CHEMBL1112,MONDO:0005180,1,0
CHEMBL1112,MONDO:0005277,1,0
CHEMBL1112,MONDO:0005301,1,0
CHEMBL1112,MONDO:0005618,1,0
CHEMBL1112,MONDO:0007743,1,0
CHEMBL1113,MONDO:0001627,1,0
CHEMBL1113,MONDO:0002009,1,0
CHEMBL1113,MONDO:0004975,1,0
CHEMBL1113,MONDO:0004985,1,1
CHEMBL1113,MONDO:0005027,1,1
CHEMBL1113,MONDO:0005090,1,1
CHEMBL1113,MONDO:0005098,1,0
CHEMBL1113,MONDO:0005180,1,0
CHEMBL1113,MONDO:0005277,1,0
CHEMBL1113,MONDO:0005301,1,0
CHEMBL1113,MONDO:0005618,1,1
CHEMBL1113,MONDO:0007743,1,0
CHEMBL1118,MONDO:0001627,1,0
CHEMBL1118,MONDO:0002009,1,1
CHEMBL1118,MONDO:0004975,1,0
CHEMBL1118,MONDO:0004985,1,1
CHEMBL1118,MONDO:0005027,1,1
CHEMBL1118,MONDO:0005090,1,0
CHEMBL1118,MONDO:0005098,1,0
CHEMBL1118,MONDO:0005180,1,0
CHEMBL1118,MONDO:0005277,1,0
CHEMBL1118,MONDO:0005301,1,0
CHEMBL1118,MONDO:0005618,1,1
CHEMBL1118,MONDO:0007743,1,0
CHEMBL112,MONDO:0001627,1,0
CHEMBL112,MONDO:0002009,1,0
CHEMBL112,MONDO:0004975,1,0
CHEMBL112,MONDO:0004985,1,0
CHEMBL112,MONDO:0005027,1,0
CHEMBL112,MONDO:0005090,1,0
CHEMBL112,MONDO:0005098,1,0
CHEMBL112,MONDO:0005180,1,0
CHEMBL112,MONDO:0005277,1,1
CHEMBL112,MONDO:0005301,1,0
CHEMBL112,MONDO:0005618,1,0
CHEMBL112,MONDO:0007743,1,0
CHEMBL1120,MONDO:0001627,1,0
CHEMBL1120,MONDO:0002009,1,0
CHEMBL1120,MONDO:0004975,1,0
CHEMBL1120,MONDO:0004985,1,0
CHEMBL1120,MONDO:0005027,1,1
CHEMBL1120,MONDO:0005090,1,0
CHEMBL1120,MONDO:0005098,1,0
CHEMBL1120,MONDO:0005180,1,0
CHEMBL1120,MONDO:0005277,1,0
CHEMBL1120,MONDO:0005301,1,0
CHEMBL1120,MONDO:0005618,1,0
CHEMBL1120,MONDO:0007743,1,0
CHEMBL1123,MONDO:0001627,1,0
CHEMBL1123,MONDO:0002009,1,0
CHEMBL1123,MONDO:0004975,1,0
CHEMBL1123,MONDO:0004985,1,0
CHEMBL1123,MONDO:0005027,1,0
CHEMBL1123,MONDO:0005090,1,0
CHEMBL1123,MONDO:0005098,1,0
CHEMBL1123,MONDO:0005180,1,0
CHEMBL1123,MONDO:0005277,1,0
CHEMBL1123,MONDO:0005301,1,0
CHEMBL1123,MONDO:0005618,1,1
CHEMBL1123,MONDO:0007743,1,0
CHEMBL11298,MONDO:0001627,0,0
CHEMBL11298,MONDO:0002009,0,0
CHEMBL11298,MONDO:0004975,0,0
CHEMBL11298,MONDO:0004985,1,0
CHEMBL11298,MONDO:0005027,0,1
CHEMBL11298,MONDO:0005090,1,0
CHEMBL11298,MONDO:0005098,0,0
CHEMBL11298,MONDO:0005180,0,0
CHEMBL11298,MONDO:0005277,0,0
CHEMBL11298,MONDO:0005301,0,0
CHEMBL11298,MONDO:0005618,0,1
CHEMBL11298,MONDO:0007743,0,0
CHEMBL113,MONDO:0001627,1,0
CHEMBL113,MONDO:0002009,1,0
CHEMBL113,MONDO:0004975,1,1
CHEMBL113,MONDO:0004985,1,0
CHEMBL113,MONDO:0005027,1,1
CHEMBL113,MONDO:0005090,1,0
CHEMBL113,MONDO:0005098,1,0
CHEMBL113,MONDO:0005180,1,0
CHEMBL113,MONDO:0005277,1,1
CHEMBL113,MONDO:0005301,1,0
CHEMBL113,MONDO:0005618,1,1
CHEMBL113,MONDO:0007743,1,0
CHEMBL1131,MONDO:0001627,1,0
CHEMBL1131,MONDO:0002009,1,0
CHEMBL1131,MONDO:0004975,1,0
CHEMBL1131,MONDO:0004985,1,0
CHEMBL1131,MONDO:0005027,1,0
CHEMBL1131,MONDO:0005090,1,0
CHEMBL1131,MONDO:0005098,1,0
CHEMBL1131,MONDO:0005180,1,0
CHEMBL1131,MONDO:0005277,1,0
CHEMBL1131,MONDO:0005301,1,0
CHEMBL1131,MONDO:0005618,1,1
CHEMBL1131,MONDO:0007743,1,0
CHEMBL1141,MONDO:0001627,1,0
CHEMBL1141,MONDO:0002009,1,0
CHEMBL1141,MONDO:0004975,1,0
CHEMBL1141,MONDO:0004985,1,0
CHEMBL1141,MONDO:0005027,1,1
CHEMBL1141,MONDO:0005090,1,0
CHEMBL1141,MONDO:0005098,1,0
CHEMBL1141,MONDO:0005180,1,0
CHEMBL1141,MONDO:0005277,1,0
CHEMBL1141,MONDO:0005301,1,0
CHEMBL1141,MONDO:0005618,1,1
CHEMBL1141,MONDO:0007743,1,0
CHEMBL1144,MONDO:0001627,1,0
CHEMBL1144,MONDO:0002009,1,0
CHEMBL1144,MONDO:0004975,1,1
CHEMBL1144,MONDO:0004985,1,0
CHEMBL1144,MONDO:0005027,1,0
CHEMBL1144,MONDO:0005090,1,0
CHEMBL1144,MONDO:0005098,1,1
CHEMBL1144,MONDO:0005180,1,0
CHEMBL1144,MONDO:0005277,1,0
CHEMBL1144,MONDO:0005301,1,0
CHEMBL1144,MONDO:0005618,1,0
CHEMBL1144,MONDO:0007743,1,0
CHEMBL1149,MONDO:0001627,1,0
CHEMBL1149,MONDO:0002009,1,0
CHEMBL1149,MONDO:0004975,1,0
CHEMBL1149,MONDO:0004985,1,0
CHEMBL1149,MONDO:0005027,1,1
CHEMBL1149,MONDO:0005090,1,0
CHEMBL1149,MONDO:0005098,1,0
CHEMBL1149,MONDO:0005180,1,0
CHEMBL1149,MONDO:0005277,1,0
CHEMBL1149,MONDO:0005301,1,0
CHEMBL1149,MONDO:0005618,1,0
CHEMBL1149,MONDO:0007743,1,0
CHEMBL1161,MONDO:0001627,1,0
CHEMBL1161,MONDO:0002009,1,0
CHEMBL1161,MONDO:0004975,1,0
CHEMBL1161,MONDO:0004985,1,0
CHEMBL1161,MONDO:0005027,1,1
CHEMBL1161,MONDO:0005090,1,0
CHEMBL1161,MONDO:0005098,1,0
CHEMBL1161,MONDO:0005180,1,0
CHEMBL1161,MONDO:0005277,1,0
CHEMBL1161,MONDO:0005301,1,0
CHEMBL1161,MONDO:0005618,1,0
CHEMBL1161,MONDO:0007743,1,0
CHEMBL1162,MONDO:0001627,1,1
CHEMBL1162,MONDO:0002009,1,0
CHEMBL1162,MONDO:0004975,1,0
CHEMBL1162,MONDO:0004985,1,0
CHEMBL1162,MONDO:0005027,1,1
CHEMBL1162,MONDO:0005090,1,0
CHEMBL1162,MONDO:0005098,1,1
CHEMBL1162,MONDO:0005180,1,0
CHEMBL1162,MONDO:0005277,1,1
CHEMBL1162,MONDO:0005301,1,0
CHEMBL1162,MONDO:0005618,1,1
CHEMBL1162,MONDO:0007743,1,0
CHEMBL1164729,MONDO:0001627,1,0
CHEMBL1164729,MONDO:0002009,1,0
CHEMBL1164729,MONDO:0004975,1,0
CHEMBL1164729,MONDO:0004985,1,0
CHEMBL1164729,MONDO:0005027,1,0
CHEMBL1164729,MONDO:0005090,1,0
CHEMBL1164729,MONDO:0005098,1,1
CHEMBL1164729,MONDO:0005180,1,0
CHEMBL1164729,MONDO:0005277,1,0
CHEMBL1164729,MONDO:0005301,1,0
CHEMBL1164729,MONDO:0005618,1,0
CHEMBL1164729,MONDO:0007743,1,0
CHEMBL1168,MONDO:0001627,1,0
CHEMBL1168,MONDO:0002009,1,0
CHEMBL1168,MONDO:0004975,1,0
CHEMBL1168,MONDO:0004985,1,0
CHEMBL1168,MONDO:0005027,1,0
CHEMBL1168,MONDO:0005090,1,0
CHEMBL1168,MONDO:0005098,1,1
CHEMBL1168,MONDO:0005180,1,0
CHEMBL1168,MONDO:0005277,1,0
CHEMBL1168,MONDO:0005301,1,0
CHEMBL1168,MONDO:0005618,1,0
CHEMBL1168,MONDO:0007743,1,0
CHEMBL1175,MONDO:0001627,1,0
CHEMBL1175,MONDO:0002009,1,1
CHEMBL1175,MONDO:0004975,1,0
CHEMBL1175,MONDO:0004985,1,1
CHEMBL1175,MONDO:0005027,1,1
CHEMBL1175,MONDO:0005090,1,0
CHEMBL1175,MONDO:0005098,1,0
CHEMBL1175,MONDO:0005180,1,0
CHEMBL1175,MONDO:0005277,1,0
CHEMBL1175,MONDO:0005301,1,0
CHEMBL1175,MONDO:0005618,1,1
CHEMBL1175,MONDO:0007743,1,0
CHEMBL1177,MONDO:0001627,1,0
CHEMBL1177,MONDO:0002009,1,0
CHEMBL1177,MONDO:0004975,1,0
CHEMBL1177,MONDO:0004985,1,0
CHEMBL1177,MONDO:0005027,1,0
CHEMBL1177,MONDO:0005090,1,0
CHEMBL1177,MONDO:0005098,1,0
CHEMBL1177,MONDO:0005180,1,0
CHEMBL1177,MONDO:0005277,1,0
CHEMBL1177,MONDO:0005301,1,0
CHEMBL1177,MONDO:0005618,1,0
CHEMBL1177,MONDO:0007743,1,1
CHEMBL117785,MONDO:0001627,1,0
CHEMBL117785,MONDO:0002009,1,0
CHEMBL117785,MONDO:0004975,1,0
CHEMBL117785,MONDO:0004985,1,0
CHEMBL117785,MONDO:0005027,1,0
CHEMBL117785,MONDO:0005090,1,0
CHEMBL117785,MONDO:0005098,1,0
CHEMBL117785,MONDO:0005180,1,1
CHEMBL117785,MONDO:0005277,1,0
CHEMBL117785,MONDO:0005301,1,0
CHEMBL117785,MONDO:0005618,1,1
CHEMBL117785,MONDO:0007743,1,0
CHEMBL118,MONDO:0001627,1,0
CHEMBL118,MONDO:0002009,1,0
CHEMBL118,MONDO:0004975,1,0
CHEMBL118,MONDO:0004985,1,0
CHEMBL118,MONDO:0005027,1,0
CHEMBL118,MONDO:0005090,1,0
CHEMBL118,MONDO:0005098,1,1
CHEMBL118,MONDO:0005180,1,0
CHEMBL118,MONDO:0005277,1,0
CHEMBL118,MONDO:0005301,1,0
CHEMBL118,MONDO:0005618,1,0
CHEMBL118,MONDO:0007743,1,0
CHEMBL1185,MONDO:0001627,1,0
CHEMBL1185,MONDO:0002009,1,0
CHEMBL1185,MONDO:0004975,1,0
CHEMBL1185,MONDO:0004985,1,0
CHEMBL1185,MONDO:0005027,1,0
CHEMBL1185,MONDO:0005090,1,0
CHEMBL1185,MONDO:0005098,1,1
CHEMBL1185,MONDO:0005180,1,0
CHEMBL1185,MONDO:0005277,1,1
CHEMBL1185,MONDO:0005301,1,0
CHEMBL1185,MONDO:0005618,1,0
CHEMBL1185,MONDO:0007743,1,0
CHEMBL1193,MONDO:0001627,1,0
CHEMBL1193,MONDO:0002009,1,0
CHEMBL1193,MONDO:0004975,1,1
CHEMBL1193,MONDO:0004985,1,0
CHEMBL1193,MONDO:0005027,1,1
CHEMBL1193,MONDO:0005090,1,0
CHEMBL1193,MONDO:0005098,1,0
CHEMBL1193,MONDO:0005180,1,0
CHEMBL1193,MONDO:0005277,1,0
CHEMBL1193,MONDO:0005301,1,0
CHEMBL1193,MONDO:0005618,1,1
CHEMBL1193,MONDO:0007743,1,0
CHEMBL1194,MONDO:0001627,1,0
CHEMBL1194,MONDO:0002009,1,0
CHEMBL1194,MONDO:0004975,1,0
CHEMBL1194,MONDO:0004985,1,0
CHEMBL1194,MONDO:0005027,1,1
CHEMBL1194,MONDO:0005090,1,0
CHEMBL1194,MONDO:0005098,1,0
CHEMBL1194,MONDO:0005180,1,1
CHEMBL1194,MONDO:0005277,1,0
CHEMBL1194,MONDO:0005301,1,0
CHEMBL1194,MONDO:0005618,1,0
CHEMBL1194,MONDO:0007743,1,0
CHEMBL119443,MONDO:0001627,1,0
CHEMBL119443,MONDO:0002009,1,0
CHEMBL119443,MONDO:0004975,1,0
CHEMBL119443,MONDO:0004985,1,0
CHEMBL119443,MONDO:0005027,1,1
CHEMBL119443,MONDO:0005090,1,0
CHEMBL119443,MONDO:0005098,1,1
CHEMBL119443,MONDO:0005180,1,0
CHEMBL119443,MONDO:0005277,1,0
CHEMBL119443,MONDO:0005301,1,0
CHEMBL119443,MONDO:0005618,1,0
CHEMBL119443,MONDO:0007743,1,0
CHEMBL1194666,MONDO:0001627,1,0
CHEMBL1194666,MONDO:0002009,1,0
CHEMBL1194666,MONDO:0004975,1,0
CHEMBL1194666,MONDO:0004985,1,0
CHEMBL1194666,MONDO:0005027,1,1
CHEMBL1194666,MONDO:0005090,1,0
CHEMBL1194666,MONDO:0005098,1,0
CHEMBL1194666,MONDO:0005180,1,0
CHEMBL1194666,MONDO:0005277,1,0
CHEMBL1194666,MONDO:0005301,1,0
CHEMBL1194666,MONDO:0005618,1,0
CHEMBL1194666,MONDO:0007743,1,0
CHEMBL1197,MONDO:0001627,1,0
CHEMBL1197,MONDO:0002009,1,0
CHEMBL1197,MONDO:0004975,1,0
CHEMBL1197,MONDO:0004985,1,0
CHEMBL1197,MONDO:0005027,1,1
CHEMBL1197,MONDO:0005090,1,0
CHEMBL1197,MONDO:0005098,1,0
CHEMBL1197,MONDO:0005180,1,0
CHEMBL1197,MONDO:0005277,1,0
CHEMBL1197,MONDO:0005301,1,0
CHEMBL1197,MONDO:0005618,1,0
CHEMBL1197,MONDO:0007743,1,0
CHEMBL12,MONDO:0001627,1,0
CHEMBL12,MONDO:0002009,1,0
CHEMBL12,MONDO:0004975,1,0
CHEMBL12,MONDO:0004985,1,0
CHEMBL12,MONDO:0005027,1,1
CHEMBL12,MONDO:0005090,1,0
CHEMBL12,MONDO:0005098,1,0
CHEMBL12,MONDO:0005180,1,0
CHEMBL12,MONDO:0005277,1,0
CHEMBL12,MONDO:0005301,1,0
CHEMBL12,MONDO:0005618,1,1
CHEMBL12,MONDO:0007743,1,0
CHEMBL1200335,MONDO:0001627,1,1
CHEMBL1200335,MONDO:0002009,1,0
CHEMBL1200335,MONDO:0004975,1,0
CHEMBL1200335,MONDO:0004985,1,0
CHEMBL1200335,MONDO:0005027,1,1
CHEMBL1200335,MONDO:0005090,1,0
CHEMBL1200335,MONDO:0005098,1,1
CHEMBL1200335,MONDO:0005180,1,0
CHEMBL1200335,MONDO:0005277,1,1
CHEMBL1200335,MONDO:0005301,1,0
CHEMBL1200335,MONDO:0005618,1,0
CHEMBL1200335,MONDO:0007743,1,0
CHEMBL1200391,MONDO:0001627,1,0
CHEMBL1200391,MONDO:0002009,1,0
CHEMBL1200391,MONDO:0004975,1,0
CHEMBL1200391,MONDO:0004985,1,0
CHEMBL1200391,MONDO:0005027,1,0
CHEMBL1200391,MONDO:0005090,1,0
CHEMBL1200391,MONDO:0005098,1,1
CHEMBL1200391,MONDO:0005180,1,0
CHEMBL1200391,MONDO:0005277,1,0
CHEMBL1200391,MONDO:0005301,1,0
CHEMBL1200391,MONDO:0005618,1,0
CHEMBL1200391,MONDO:0007743,1,0
CHEMBL1200472,MONDO:0001627,1,0
CHEMBL1200472,MONDO:0002009,1,0
CHEMBL1200472,MONDO:0004975,1,0
CHEMBL1200472,MONDO:0004985,1,0
CHEMBL1200472,MONDO:0005027,1,0
CHEMBL1200472,MONDO:0005090,1,0
CHEMBL1200472,MONDO:0005098,1,0
CHEMBL1200472,MONDO:0005180,1,0
CHEMBL1200472,MONDO:0005277,1,0
CHEMBL1200472,MONDO:0005301,1,0
CHEMBL1200472,MONDO:0005618,1,1
CHEMBL1200472,MONDO:0007743,1,0
CHEMBL1200558,MONDO:0001627,1,0
CHEMBL1200558,MONDO:0002009,1,0
CHEMBL1200558,MONDO:0004975,1,0
CHEMBL1200558,MONDO:0004985,1,0
CHEMBL1200558,MONDO:0005027,1,1
CHEMBL1200558,MONDO:0005090,1,0
CHEMBL1200558,MONDO:0005098,1,0
CHEMBL1200558,MONDO:0005180,1,0
CHEMBL1200558,MONDO:0005277,1,0
CHEMBL1200558,MONDO:0005301,1,0
CHEMBL1200558,MONDO:0005618,1,0
CHEMBL1200558,MONDO:0007743,1,0
CHEMBL1200572,MONDO:0001627,0,0
CHEMBL1200572,MONDO:0002009,0,0
CHEMBL1200572,MONDO:0004975,0,0
CHEMBL1200572,MONDO:0004985,0,1
CHEMBL1200572,MONDO:0005027,0,1
CHEMBL1200572,MONDO:0005090,0,0
CHEMBL1200572,MONDO:0005098,0,0
CHEMBL1200572,MONDO:0005180,0,0
CHEMBL1200572,MONDO:0005277,0,0
CHEMBL1200572,MONDO:0005301,0,0
CHEMBL1200572,MONDO:0005618,0,0
CHEMBL1200572,MONDO:0007743,0,0
CHEMBL1200624,MONDO:0001627,1,0
CHEMBL1200624,MONDO:0002009,1,0
CHEMBL1200624,MONDO:0004975,1,0
CHEMBL1200624,MONDO:0004985,1,0
CHEMBL1200624,MONDO:0005027,1,0
CHEMBL1200624,MONDO:0005090,1,0
CHEMBL1200624,MONDO:0005098,1,1
CHEMBL1200624,MONDO:0005180,1,0
CHEMBL1200624,MONDO:0005277,1,1
CHEMBL1200624,MONDO:0005301,1,0
CHEMBL1200624,MONDO:0005618,1,1
CHEMBL1200624,MONDO:0007743,1,0
CHEMBL1200640,MONDO:0001627,1,0
CHEMBL1200640,MONDO:0002009,1,0
CHEMBL1200640,MONDO:0004975,1,0
CHEMBL1200640,MONDO:0004985,1,0
CHEMBL1200640,MONDO:0005027,1,0
CHEMBL1200640,MONDO:0005090,1,0
CHEMBL1200640,MONDO:0005098,1,1
CHEMBL1200640,MONDO:0005180,1,0
CHEMBL1200640,MONDO:0005277,1,1
CHEMBL1200640,MONDO:0005301,1,0
CHEMBL1200640,MONDO:0005618,1,1
CHEMBL1200640,MONDO:0007743,1,0
CHEMBL1200682,MONDO:0001627,0,0
CHEMBL1200682,MONDO:0002009,0,0
CHEMBL1200682,MONDO:0004975,0,0
CHEMBL1200682,MONDO:0004985,0,0
CHEMBL1200682,MONDO:0005027,0,1
CHEMBL1200682,MONDO:0005090,0,0
CHEMBL1200682,MONDO:0005098,0,0
CHEMBL1200682,MONDO:0005180,0,0
CHEMBL1200682,MONDO:0005277,0,0
CHEMBL1200682,MONDO:0005301,0,0
CHEMBL1200682,MONDO:0005618,0,1
CHEMBL1200682,MONDO:0007743,0,0
CHEMBL1200694,MONDO:0001627,1,0
CHEMBL1200694,MONDO:0002009,1,0
CHEMBL1200694,MONDO:0004975,1,0
CHEMBL1200694,MONDO:0004985,1,0
CHEMBL1200694,MONDO:0005027,1,1
CHEMBL1200694,MONDO:0005090,1,0
CHEMBL1200694,MONDO:0005098,1,0
CHEMBL1200694,MONDO:0005180,1,0
CHEMBL1200694,MONDO:0005277,1,0
CHEMBL1200694,MONDO:0005301,1,0
CHEMBL1200694,MONDO:0005618,1,0
CHEMBL1200694,MONDO:0007743,1,0
CHEMBL1200731,MONDO:0001627,1,0
CHEMBL1200731,MONDO:0002009,1,0
CHEMBL1200731,MONDO:0004975,1,0
CHEMBL1200731,MONDO:0004985,1,0
CHEMBL1200731,MONDO:0005027,1,1
CHEMBL1200731,MONDO:0005090,1,0
CHEMBL1200731,MONDO:0005098,1,0
CHEMBL1200731,MONDO:0005180,1,0
CHEMBL1200731,MONDO:0005277,1,0
CHEMBL1200731,MONDO:0005301,1,0
CHEMBL1200731,MONDO:0005618,1,0
CHEMBL1200731,MONDO:0007743,1,0
CHEMBL1200736,MONDO:0001627,1,0
CHEMBL1200736,MONDO:0002009,1,0
CHEMBL1200736,MONDO:0004975,1,0
CHEMBL1200736,MONDO:0004985,1,0
CHEMBL1200736,MONDO:0005027,1,0
CHEMBL1200736,MONDO:0005090,1,0
CHEMBL1200736,MONDO:0005098,1,0
CHEMBL1200736,MONDO:0005180,1,0
CHEMBL1200736,MONDO:0005277,1,0
CHEMBL1200736,MONDO:0005301,1,0
CHEMBL1200736,MONDO:0005618,1,1
CHEMBL1200736,MONDO:0007743,1,0
CHEMBL1200748,MONDO:0001627,0,0
CHEMBL1200748,MONDO:0002009,1,0
CHEMBL1200748,MONDO:0004975,0,0
CHEMBL1200748,MONDO:0004985,1,0
CHEMBL1200748,MONDO:0005027,0,1
CHEMBL1200748,MONDO:0005090,0,0
CHEMBL1200748,MONDO:0005098,0,0
CHEMBL1200748,MONDO:0005180,1,1
CHEMBL1200748,MONDO:0005277,0,0
CHEMBL1200748,MONDO:0005301,0,0
CHEMBL1200748,MONDO:0005618,1,1
CHEMBL1200748,MONDO:0007743,0,0
CHEMBL1200761,MONDO:0001627,1,1
CHEMBL1200761,MONDO:0002009,1,0
CHEMBL1200761,MONDO:0004975,1,0
CHEMBL1200761,MONDO:0004985,1,0
CHEMBL1200761,MONDO:0005027,1,1
CHEMBL1200761,MONDO:0005090,1,0
CHEMBL1200761,MONDO:0005098,1,1
CHEMBL1200761,MONDO:0005180,1,0
CHEMBL1200761,MONDO:0005277,1,1
CHEMBL1200761,MONDO:0005301,1,0
CHEMBL1200761,MONDO:0005618,1,0
CHEMBL1200761,MONDO:0007743,1,0
CHEMBL1200807,MONDO:0001627,1,1
CHEMBL1200807,MONDO:0002009,1,0
CHEMBL1200807,MONDO:0004975,1,0
CHEMBL1200807,MONDO:0004985,1,0
CHEMBL1200807,MONDO:0005027,1,1
CHEMBL1200807,MONDO:0005090,1,0
CHEMBL1200807,MONDO:0005098,1,1
CHEMBL1200807,MONDO:0005180,1,0
CHEMBL1200807,MONDO:0005277,1,1
CHEMBL1200807,MONDO:0005301,1,0
CHEMBL1200807,MONDO:0005618,1,1
CHEMBL1200807,MONDO:0007743,1,0
CHEMBL1200826,MONDO:0001627,1,0
CHEMBL1200826,MONDO:0002009,1,0
CHEMBL1200826,MONDO:0004975,1,0
CHEMBL1200826,MONDO:0004985,1,1
CHEMBL1200826,MONDO:0005027,1,0
CHEMBL1200826,MONDO:0005090,1,0
CHEMBL1200826,MONDO:0005098,1,0
CHEMBL1200826,MONDO:0005180,1,0
CHEMBL1200826,MONDO:0005277,1,0
CHEMBL1200826,MONDO:0005301,1,0
CHEMBL1200826,MONDO:0005618,1,0
CHEMBL1200826,MONDO:0007743,1,0
CHEMBL1200848,MONDO:0001627,1,0
CHEMBL1200848,MONDO:0002009,1,0
CHEMBL1200848,MONDO:0004975,1,0
CHEMBL1200848,MONDO:0004985,1,0
CHEMBL1200848,MONDO:0005027,1,1
CHEMBL1200848,MONDO:0005090,1,0
CHEMBL1200848,MONDO:0005098,1,0
CHEMBL1200848,MONDO:0005180,1,0
CHEMBL1200848,MONDO:0005277,1,1
CHEMBL1200848,MONDO:0005301,1,0
CHEMBL1200848,MONDO:0005618,1,1
CHEMBL1200848,MONDO:0007743,1,0
CHEMBL1200851,MONDO:0001627,1,0
CHEMBL1200851,MONDO:0002009,1,0
CHEMBL1200851,MONDO:0004975,1,0
CHEMBL1200851,MONDO:0004985,1,0
CHEMBL1200851,MONDO:0005027,1,1
CHEMBL1200851,MONDO:0005090,1,0
CHEMBL1200851,MONDO:0005098,1,0
CHEMBL1200851,MONDO:0005180,1,0
CHEMBL1200851,MONDO:0005277,1,0
CHEMBL1200851,MONDO:0005301,1,0
CHEMBL1200851,MONDO:0005618,1,0
CHEMBL1200851,MONDO:0007743,1,0
CHEMBL1200862,MONDO:0001627,1,0
CHEMBL1200862,MONDO:0002009,1,0
CHEMBL1200862,MONDO:0004975,1,0
CHEMBL1200862,MONDO:0004985,1,0
CHEMBL1200862,MONDO:0005027,1,0
CHEMBL1200862,MONDO:0005090,1,0
CHEMBL1200862,MONDO:0005098,1,0
CHEMBL1200862,MONDO:0005180,1,1
CHEMBL1200862,MONDO:0005277,1,0
CHEMBL1200862,MONDO:0005301,1,0
CHEMBL1200862,MONDO:0005618,1,1
CHEMBL1200862,MONDO:0007743,1,0
CHEMBL1200929,MONDO:0001627,1,0
CHEMBL1200929,MONDO:0002009,1,0
CHEMBL1200929,MONDO:0004975,1,0
CHEMBL1200929,MONDO:0004985,1,0
CHEMBL1200929,MONDO:0005027,1,0
CHEMBL1200929,MONDO:0005090,1,0
CHEMBL1200929,MONDO:0005098,1,0
CHEMBL1200929,MONDO:0005180,1,0
CHEMBL1200929,MONDO:0005277,1,0
CHEMBL1200929,MONDO:0005301,0,0
CHEMBL1200929,MONDO:0005618,1,1
CHEMBL1200929,MONDO:0007743,1,1
CHEMBL1200934,MONDO:0001627,1,1
CHEMBL1200934,MONDO:0002009,1,0
CHEMBL1200934,MONDO:0004975,1,0
CHEMBL1200934,MONDO:0004985,1,0
CHEMBL1200934,MONDO:0005027,1,1
CHEMBL1200934,MONDO:0005090,1,0
CHEMBL1200934,MONDO:0005098,1,1
CHEMBL1200934,MONDO:0005180,1,0
CHEMBL1200934,MONDO:0005277,1,1
CHEMBL1200934,MONDO:0005301,1,0
CHEMBL1200934,MONDO:0005618,1,1
CHEMBL1200934,MONDO:0007743,1,0
CHEMBL1200939,MONDO:0001627,0,0
CHEMBL1200939,MONDO:0002009,0,0
CHEMBL1200939,MONDO:0004975,0,0
CHEMBL1200939,MONDO:0004985,0,0
CHEMBL1200939,MONDO:0005027,0,1
CHEMBL1200939,MONDO:0005090,0,0
CHEMBL1200939,MONDO:0005098,0,0
CHEMBL1200939,MONDO:0005180,0,0
CHEMBL1200939,MONDO:0005277,0,0
CHEMBL1200939,MONDO:0005301,0,0
CHEMBL1200939,MONDO:0005618,0,1
CHEMBL1200939,MONDO:0007743,0,0
CHEMBL1200973,MONDO:0001627,1,1
CHEMBL1200973,MONDO:0002009,1,0
CHEMBL1200973,MONDO:0004975,1,0
CHEMBL1200973,MONDO:0004985,1,0
CHEMBL1200973,MONDO:0005027,1,1
CHEMBL1200973,MONDO:0005090,1,0
CHEMBL1200973,MONDO:0005098,1,1
CHEMBL1200973,MONDO:0005180,1,0
CHEMBL1200973,MONDO:0005277,1,1
CHEMBL1200973,MONDO:0005301,1,0
CHEMBL1200973,MONDO:0005618,1,1
CHEMBL1200973,MONDO:0007743,1,0
CHEMBL1201,MONDO:0001627,1,0
CHEMBL1201,MONDO:0002009,1,0
CHEMBL1201,MONDO:0004975,1,1
CHEMBL1201,MONDO:0004985,1,0
CHEMBL1201,MONDO:0005027,1,1
CHEMBL1201,MONDO:0005090,1,1
CHEMBL1201,MONDO:0005098,1,0
CHEMBL1201,MONDO:0005180,1,1
CHEMBL1201,MONDO:0005277,1,0
CHEMBL1201,MONDO:0005301,1,0
CHEMBL1201,MONDO:0005618,1,0
CHEMBL1201,MONDO:0007743,1,0
CHEMBL1201039,MONDO:0001627,1,0
CHEMBL1201039,MONDO:0002009,1,0
CHEMBL1201039,MONDO:0004975,1,0
CHEMBL1201039,MONDO:0004985,1,0
CHEMBL1201039,MONDO:0005027,1,1
CHEMBL1201039,MONDO:0005090,1,0
CHEMBL1201039,MONDO:0005098,1,0
CHEMBL1201039,MONDO:0005180,1,0
CHEMBL1201039,MONDO:0005277,1,0
CHEMBL1201039,MONDO:0005301,1,0
CHEMBL1201039,MONDO:0005618,1,1
CHEMBL1201039,MONDO:0007743,1,0
CHEMBL1201101,MONDO:0001627,1,1
CHEMBL1201101,MONDO:0002009,1,0
CHEMBL1201101,MONDO:0004975,1,0
CHEMBL1201101,MONDO:0004985,1,0
CHEMBL1201101,MONDO:0005027,1,1
CHEMBL1201101,MONDO:0005090,1,0
CHEMBL1201101,MONDO:0005098,1,1
CHEMBL1201101,MONDO:0005180,1,0
CHEMBL1201101,MONDO:0005277,1,1
CHEMBL1201101,MONDO:0005301,1,0
CHEMBL1201101,MONDO:0005618,1,0
CHEMBL1201101,MONDO:0007743,1,0
CHEMBL1201109,MONDO:0001627,1,0
CHEMBL1201109,MONDO:0002009,1,0
CHEMBL1201109,MONDO:0004975,1,0
CHEMBL1201109,MONDO:0004985,1,0
CHEMBL1201109,MONDO:0005027,1,1
CHEMBL1201109,MONDO:0005090,1,0
CHEMBL1201109,MONDO:0005098,1,0
CHEMBL1201109,MONDO:0005180,1,0
CHEMBL1201109,MONDO:0005277,1,0
CHEMBL1201109,MONDO:0005301,1,0
CHEMBL1201109,MONDO:0005618,1,0
CHEMBL1201109,MONDO:0007743,1,0
CHEMBL1201112,MONDO:0001627,1,0
CHEMBL1201112,MONDO:0002009,1,0
CHEMBL1201112,MONDO:0004975,1,0
CHEMBL1201112,MONDO:0004985,1,0
CHEMBL1201112,MONDO:0005027,1,1
CHEMBL1201112,MONDO:0005090,1,0
CHEMBL1201112,MONDO:0005098,1,0
CHEMBL1201112,MONDO:0005180,1,0
CHEMBL1201112,MONDO:0005277,1,0
CHEMBL1201112,MONDO:0005301,1,0
CHEMBL1201112,MONDO:0005618,1,0
CHEMBL1201112,MONDO:0007743,1,0
CHEMBL1201117,MONDO:0001627,1,0
CHEMBL1201117,MONDO:0002009,1,0
CHEMBL1201117,MONDO:0004975,1,1
CHEMBL1201117,MONDO:0004985,1,0
CHEMBL1201117,MONDO:0005027,1,1
CHEMBL1201117,MONDO:0005090,1,0
CHEMBL1201117,MONDO:0005098,1,0
CHEMBL1201117,MONDO:0005180,1,0
CHEMBL1201117,MONDO:0005277,1,0
CHEMBL1201117,MONDO:0005301,1,0
CHEMBL1201117,MONDO:0005618,1,0
CHEMBL1201117,MONDO:0007743,1,0
CHEMBL1201151,MONDO:0001627,1,0
CHEMBL1201151,MONDO:0002009,1,0
CHEMBL1201151,MONDO:0004975,1,0
CHEMBL1201151,MONDO:0004985,1,0
CHEMBL1201151,MONDO:0005027,1,0
CHEMBL1201151,MONDO:0005090,1,0
CHEMBL1201151,MONDO:0005098,1,1
CHEMBL1201151,MONDO:0005180,1,0
CHEMBL1201151,MONDO:0005277,1,1
CHEMBL1201151,MONDO:0005301,1,0
CHEMBL1201151,MONDO:0005618,1,1
CHEMBL1201151,MONDO:0007743,1,0
CHEMBL1201165,MONDO:0001627,1,1
CHEMBL1201165,MONDO:0002009,1,0
CHEMBL1201165,MONDO:0004975,1,0
CHEMBL1201165,MONDO:0004985,1,0
CHEMBL1201165,MONDO:0005027,1,1
CHEMBL1201165,MONDO:0005090,1,0
CHEMBL1201165,MONDO:0005098,1,1
CHEMBL1201165,MONDO:0005180,1,0
CHEMBL1201165,MONDO:0005277,1,1
CHEMBL1201165,MONDO:0005301,1,0
CHEMBL1201165,MONDO:0005618,1,0
CHEMBL1201165,MONDO:0007743,1,0
CHEMBL1201168,MONDO:0001627,1,0
CHEMBL1201168,MONDO:0002009,1,1
CHEMBL1201168,MONDO:0004975,1,0
CHEMBL1201168,MONDO:0004985,1,1
CHEMBL1201168,MONDO:0005027,1,1
CHEMBL1201168,MONDO:0005090,1,1
CHEMBL1201168,MONDO:0005098,1,0
CHEMBL1201168,MONDO:0005180,1,0
CHEMBL1201168,MONDO:0005277,1,0
CHEMBL1201168,MONDO:0005301,1,0
CHEMBL1201168,MONDO:0005618,1,1
CHEMBL1201168,MONDO:0007743,1,0
CHEMBL1201182,MONDO:0001627,1,0
CHEMBL1201182,MONDO:0002009,1,0
CHEMBL1201182,MONDO:0004975,1,0
CHEMBL1201182,MONDO:0004985,1,0
CHEMBL1201182,MONDO:0005027,1,0
CHEMBL1201182,MONDO:0005090,1,0
CHEMBL1201182,MONDO:0005098,1,1
CHEMBL1201182,MONDO:0005180,1,0
CHEMBL1201182,MONDO:0005277,1,0
CHEMBL1201182,MONDO:0005301,1,0
CHEMBL1201182,MONDO:0005618,1,0
CHEMBL1201182,MONDO:0007743,1,0
CHEMBL1201192,MONDO:0001627,1,0
CHEMBL1201192,MONDO:0002009,1,0
CHEMBL1201192,MONDO:0004975,1,0
CHEMBL1201192,MONDO:0004985,1,0
CHEMBL1201192,MONDO:0005027,1,0
CHEMBL1201192,MONDO:0005090,1,0
CHEMBL1201192,MONDO:0005098,1,0
CHEMBL1201192,MONDO:0005180,1,0
CHEMBL1201192,MONDO:0005277,1,0
CHEMBL1201192,MONDO:0005301,1,0
CHEMBL1201192,MONDO:0005618,1,1
CHEMBL1201192,MONDO:0007743,1,0
CHEMBL1201199,MONDO:0001627,0,0
CHEMBL1201199,MONDO:0002009,0,0
CHEMBL1201199,MONDO:0004975,0,0
CHEMBL1201199,MONDO:0004985,0,0
CHEMBL1201199,MONDO:0005027,0,0
CHEMBL1201199,MONDO:0005090,0,0
CHEMBL1201199,MONDO:0005098,0,1
CHEMBL1201199,MONDO:0005180,0,0
CHEMBL1201199,MONDO:0005277,0,0
CHEMBL1201199,MONDO:0005301,0,0
CHEMBL1201199,MONDO:0005618,0,0
CHEMBL1201199,MONDO:0007743,0,0
CHEMBL1201201,MONDO:0001627,1,0
CHEMBL1201201,MONDO:0002009,1,0
CHEMBL1201201,MONDO:0004975,1,0
CHEMBL1201201,MONDO:0004985,1,1
CHEMBL1201201,MONDO:0005027,1,1
CHEMBL1201201,MONDO:0005090,1,0
CHEMBL1201201,MONDO:0005098,1,1
CHEMBL1201201,MONDO:0005180,1,0
CHEMBL1201201,MONDO:0005277,1,0
CHEMBL1201201,MONDO:0005301,1,0
CHEMBL1201201,MONDO:0005618,1,1
CHEMBL1201201,MONDO:0007743,1,1
CHEMBL1201203,MONDO:0001627,1,0
CHEMBL1201203,MONDO:0002009,1,0
CHEMBL1201203,MONDO:0004975,1,0
CHEMBL1201203,MONDO:0004985,1,0
CHEMBL1201203,MONDO:0005027,1,0
CHEMBL1201203,MONDO:0005090,1,0
CHEMBL1201203,MONDO:0005098,1,0
CHEMBL1201203,MONDO:0005180,1,1
CHEMBL1201203,MONDO:0005277,1,0
CHEMBL1201203,MONDO:0005301,1,0
CHEMBL1201203,MONDO:0005618,1,0
CHEMBL1201203,MONDO:0007743,1,0
CHEMBL1201208,MONDO:0001627,1,0
CHEMBL1201208,MONDO:0002009,1,0
CHEMBL1201208,MONDO:0004975,1,0
CHEMBL1201208,MONDO:0004985,1,0
CHEMBL1201208,MONDO:0005027,1,1
CHEMBL1201208,MONDO:0005090,1,0
CHEMBL1201208,MONDO:0005098,1,0
CHEMBL1201208,MONDO:0005180,1,0
CHEMBL1201208,MONDO:0005277,1,0
CHEMBL1201208,MONDO:0005301,1,0
CHEMBL1201208,MONDO:0005618,1,0
CHEMBL1201208,MONDO:0007743,1,0
CHEMBL1201210,MONDO:0001627,1,0
CHEMBL1201210,MONDO:0002009,1,0
CHEMBL1201210,MONDO:0004975,1,1
CHEMBL1201210,MONDO:0004985,1,0
CHEMBL1201210,MONDO:0005027,1,1
CHEMBL1201210,MONDO:0005090,1,0
CHEMBL1201210,MONDO:0005098,1,0
CHEMBL1201210,MONDO:0005180,1,1
CHEMBL1201210,MONDO:0005277,1,0
CHEMBL1201210,MONDO:0005301,1,0
CHEMBL1201210,MONDO:0005618,1,0
CHEMBL1201210,MONDO:0007743,1,0
CHEMBL1201217,MONDO:0001627,1,0
CHEMBL1201217,MONDO:0002009,1,0
CHEMBL1201217,MONDO:0004975,1,0
CHEMBL1201217,MONDO:0004985,1,0
CHEMBL1201217,MONDO:0005027,1,1
CHEMBL1201217,MONDO:0005090,1,0
CHEMBL1201217,MONDO:0005098,1,0
CHEMBL1201217,MONDO:0005180,1,0
CHEMBL1201217,MONDO:0005277,1,0
CHEMBL1201217,MONDO:0005301,1,0
CHEMBL1201217,MONDO:0005618,1,0
CHEMBL1201217,MONDO:0007743,1,0
CHEMBL1201222,MONDO:0001627,1,0
CHEMBL1201222,MONDO:0002009,1,0
CHEMBL1201222,MONDO:0004975,1,0
CHEMBL1201222,MONDO:0004985,1,1
CHEMBL1201222,MONDO:0005027,1,1
CHEMBL1201222,MONDO:0005090,1,0
CHEMBL1201222,MONDO:0005098,1,1
CHEMBL1201222,MONDO:0005180,1,0
CHEMBL1201222,MONDO:0005277,1,0
CHEMBL1201222,MONDO:0005301,1,0
CHEMBL1201222,MONDO:0005618,1,0
CHEMBL1201222,MONDO:0007743,1,1
CHEMBL1201225,MONDO:0001627,1,0
CHEMBL1201225,MONDO:0002009,1,0
CHEMBL1201225,MONDO:0004975,1,0
CHEMBL1201225,MONDO:0004985,1,0
CHEMBL1201225,MONDO:0005027,1,1
CHEMBL1201225,MONDO:0005090,1,0
CHEMBL1201225,MONDO:0005098,1,0
CHEMBL1201225,MONDO:0005180,1,0
CHEMBL1201225,MONDO:0005277,1,0
CHEMBL1201225,MONDO:0005301,1,0
CHEMBL1201225,MONDO:0005618,1,0
CHEMBL1201225,MONDO:0007743,1,0
CHEMBL1201227,MONDO:0001627,1,0
CHEMBL1201227,MONDO:0002009,1,0
CHEMBL1201227,MONDO:0004975,1,0
CHEMBL1201227,MONDO:0004985,1,0
CHEMBL1201227,MONDO:0005027,1,0
CHEMBL1201227,MONDO:0005090,1,0
CHEMBL1201227,MONDO:0005098,1,0
CHEMBL1201227,MONDO:0005180,1,1
CHEMBL1201227,MONDO:0005277,1,0
CHEMBL1201227,MONDO:0005301,1,0
CHEMBL1201227,MONDO:0005618,1,0
CHEMBL1201227,MONDO:0007743,1,0
CHEMBL1201232,MONDO:0001627,1,0
CHEMBL1201232,MONDO:0002009,1,0
CHEMBL1201232,MONDO:0004975,1,1
CHEMBL1201232,MONDO:0004985,1,0
CHEMBL1201232,MONDO:0005027,1,1
CHEMBL1201232,MONDO:0005090,1,0
CHEMBL1201232,MONDO:0005098,1,0
CHEMBL1201232,MONDO:0005180,1,1
CHEMBL1201232,MONDO:0005277,1,0
CHEMBL1201232,MONDO:0005301,1,0
CHEMBL1201232,MONDO:0005618,1,0
CHEMBL1201232,MONDO:0007743,1,0
CHEMBL1201245,MONDO:0001627,1,0
CHEMBL1201245,MONDO:0002009,1,0
CHEMBL1201245,MONDO:0004975,1,0
CHEMBL1201245,MONDO:0004985,1,0
CHEMBL1201245,MONDO:0005027,1,1
CHEMBL1201245,MONDO:0005090,1,0
CHEMBL1201245,MONDO:0005098,1,0
CHEMBL1201245,MONDO:0005180,1,0
CHEMBL1201245,MONDO:0005277,1,0
CHEMBL1201245,MONDO:0005301,1,0
CHEMBL1201245,MONDO:0005618,1,0
CHEMBL1201245,MONDO:0007743,1,0
CHEMBL1201284,MONDO:0001627,1,0
CHEMBL1201284,MONDO:0002009,1,0
CHEMBL1201284,MONDO:0004975,1,0
CHEMBL1201284,MONDO:0004985,1,0
CHEMBL1201284,MONDO:0005027,1,1
CHEMBL1201284,MONDO:0005090,1,0
CHEMBL1201284,MONDO:0005098,1,0
CHEMBL1201284,MONDO:0005180,1,0
CHEMBL1201284,MONDO:0005277,1,0
CHEMBL1201284,MONDO:0005301,1,0
CHEMBL1201284,MONDO:0005618,1,0
CHEMBL1201284,MONDO:0007743,1,0
CHEMBL1201287,MONDO:0001627,1,0
CHEMBL1201287,MONDO:0002009,1,0
CHEMBL1201287,MONDO:0004975,1,0
CHEMBL1201287,MONDO:0004985,1,0
CHEMBL1201287,MONDO:0005027,1,1
CHEMBL1201287,MONDO:0005090,1,0
CHEMBL1201287,MONDO:0005098,1,0
CHEMBL1201287,MONDO:0005180,1,0
CHEMBL1201287,MONDO:0005277,1,0
CHEMBL1201287,MONDO:0005301,1,0
CHEMBL1201287,MONDO:0005618,1,0
CHEMBL1201287,MONDO:0007743,1,0
CHEMBL1201336,MONDO:0001627,1,0
CHEMBL1201336,MONDO:0002009,1,0
CHEMBL1201336,MONDO:0004975,1,0
CHEMBL1201336,MONDO:0004985,1,0
CHEMBL1201336,MONDO:0005027,1,1
CHEMBL1201336,MONDO:0005090,1,0
CHEMBL1201336,MONDO:0005098,1,0
CHEMBL1201336,MONDO:0005180,1,0
CHEMBL1201336,MONDO:0005277,1,0
CHEMBL1201336,MONDO:0005301,1,0
CHEMBL1201336,MONDO:0005618,1,0
CHEMBL1201336,MONDO:0007743,1,0
CHEMBL1201341,MONDO:0001627,1,0
CHEMBL1201341,MONDO:0002009,1,0
CHEMBL1201341,MONDO:0004975,1,0
CHEMBL1201341,MONDO:0004985,1,0
CHEMBL1201341,MONDO:0005027,1,1
CHEMBL1201341,MONDO:0005090,1,0
CHEMBL1201341,MONDO:0005098,1,0
CHEMBL1201341,MONDO:0005180,1,1
CHEMBL1201341,MONDO:0005277,1,0
CHEMBL1201341,MONDO:0005301,1,0
CHEMBL1201341,MONDO:0005618,1,0
CHEMBL1201341,MONDO:0007743,1,0
CHEMBL1201342,MONDO:0001627,1,0
CHEMBL1201342,MONDO:0002009,1,0
CHEMBL1201342,MONDO:0004975,1,0
CHEMBL1201342,MONDO:0004985,1,0
CHEMBL1201342,MONDO:0005027,1,0
CHEMBL1201342,MONDO:0005090,1,0
CHEMBL1201342,MONDO:0005098,1,0
CHEMBL1201342,MONDO:0005180,1,1
CHEMBL1201342,MONDO:0005277,1,0
CHEMBL1201342,MONDO:0005301,1,0
CHEMBL1201342,MONDO:0005618,1,0
CHEMBL1201342,MONDO:0007743,1,0
CHEMBL1201353,MONDO:0001627,1,0
CHEMBL1201353,MONDO:0002009,1,0
CHEMBL1201353,MONDO:0004975,1,0
CHEMBL1201353,MONDO:0004985,1,0
CHEMBL1201353,MONDO:0005027,1,1
CHEMBL1201353,MONDO:0005090,1,0
CHEMBL1201353,MONDO:0005098,1,0
CHEMBL1201353,MONDO:0005180,1,0
CHEMBL1201353,MONDO:0005277,1,0
CHEMBL1201353,MONDO:0005301,1,0
CHEMBL1201353,MONDO:0005618,1,0
CHEMBL1201353,MONDO:0007743,1,0
CHEMBL1201354,MONDO:0001627,1,0
CHEMBL1201354,MONDO:0002009,1,0
CHEMBL1201354,MONDO:0004975,1,0
CHEMBL1201354,MONDO:0004985,1,0
CHEMBL1201354,MONDO:0005027,1,1
CHEMBL1201354,MONDO:0005090,1,0
CHEMBL1201354,MONDO:0005098,1,0
CHEMBL1201354,MONDO:0005180,1,0
CHEMBL1201354,MONDO:0005277,1,0
CHEMBL1201354,MONDO:0005301,1,0
CHEMBL1201354,MONDO:0005618,1,0
CHEMBL1201354,MONDO:0007743,1,0
CHEMBL1201356,MONDO:0001627,1,0
CHEMBL1201356,MONDO:0002009,1,0
CHEMBL1201356,MONDO:0004975,1,0
CHEMBL1201356,MONDO:0004985,1,0
CHEMBL1201356,MONDO:0005027,1,1
CHEMBL1201356,MONDO:0005090,1,0
CHEMBL1201356,MONDO:0005098,1,1
CHEMBL1201356,MONDO:0005180,1,0
CHEMBL1201356,MONDO:0005277,1,0
CHEMBL1201356,MONDO:0005301,1,0
CHEMBL1201356,MONDO:0005618,1,0
CHEMBL1201356,MONDO:0007743,1,0
CHEMBL1201478,MONDO:0001627,1,0
CHEMBL1201478,MONDO:0002009,1,0
CHEMBL1201478,MONDO:0004975,1,0
CHEMBL1201478,MONDO:0004985,1,0
CHEMBL1201478,MONDO:0005027,1,1
CHEMBL1201478,MONDO:0005090,1,0
CHEMBL1201478,MONDO:0005098,1,0
CHEMBL1201478,MONDO:0005180,1,0
CHEMBL1201478,MONDO:0005277,1,0
CHEMBL1201478,MONDO:0005301,1,0
CHEMBL1201478,MONDO:0005618,1,0
CHEMBL1201478,MONDO:0007743,1,0
CHEMBL1201479,MONDO:0001627,0,0
CHEMBL1201479,MONDO:0002009,0,0
CHEMBL1201479,MONDO:0004975,0,0
CHEMBL1201479,MONDO:0004985,0,0
CHEMBL1201479,MONDO:0005027,0,1
CHEMBL1201479,MONDO:0005090,0,0
CHEMBL1201479,MONDO:0005098,0,0
CHEMBL1201479,MONDO:0005180,0,0
CHEMBL1201479,MONDO:0005277,0,0
CHEMBL1201479,MONDO:0005301,0,0
CHEMBL1201479,MONDO:0005618,0,0
CHEMBL1201479,MONDO:0007743,0,0
CHEMBL1201593,MONDO:0001627,1,0
CHEMBL1201593,MONDO:0002009,1,0
CHEMBL1201593,MONDO:0004975,1,0
CHEMBL1201593,MONDO:0004985,1,0
CHEMBL1201593,MONDO:0005027,1,0
CHEMBL1201593,MONDO:0005090,1,0
CHEMBL1201593,MONDO:0005098,1,1
CHEMBL1201593,MONDO:0005180,1,0
CHEMBL1201593,MONDO:0005277,1,0
CHEMBL1201593,MONDO:0005301,1,0
CHEMBL1201593,MONDO:0005618,1,0
CHEMBL1201593,MONDO:0007743,1,0
CHEMBL1201607,MONDO:0001627,0,0
CHEMBL1201607,MONDO:0002009,0,0
CHEMBL1201607,MONDO:0004975,0,0
CHEMBL1201607,MONDO:0004985,0,0
CHEMBL1201607,MONDO:0005027,0,0
CHEMBL1201607,MONDO:0005090,1,0
CHEMBL1201607,MONDO:0005098,1,0
CHEMBL1201607,MONDO:0005180,0,0
CHEMBL1201607,MONDO:0005277,0,0
CHEMBL1201607,MONDO:0005301,1,1
CHEMBL1201607,MONDO:0005618,0,0
CHEMBL1201607,MONDO:0007743,0,0
CHEMBL1201666,MONDO:0001627,1,0
CHEMBL1201666,MONDO:0002009,1,0
CHEMBL1201666,MONDO:0004975,1,0
CHEMBL1201666,MONDO:0004985,1,0
CHEMBL1201666,MONDO:0005027,1,0
CHEMBL1201666,MONDO:0005090,1,0
CHEMBL1201666,MONDO:0005098,1,1
CHEMBL1201666,MONDO:0005180,1,0
CHEMBL1201666,MONDO:0005277,1,0
CHEMBL1201666,MONDO:0005301,1,0
CHEMBL1201666,MONDO:0005618,1,0
CHEMBL1201666,MONDO:0007743,1,0
CHEMBL1201724,MONDO:0001627,0,0
CHEMBL1201724,MONDO:0002009,0,0
CHEMBL1201724,MONDO:0004975,0,0
CHEMBL1201724,MONDO:0004985,0,0
CHEMBL1201724,MONDO:0005027,0,1
CHEMBL1201724,MONDO:0005090,0,0
CHEMBL1201724,MONDO:0005098,0,0
CHEMBL1201724,MONDO:0005180,0,0
CHEMBL1201724,MONDO:0005277,0,0
CHEMBL1201724,MONDO:0005301,0,0
CHEMBL1201724,MONDO:0005618,0,0
CHEMBL1201724,MONDO:0007743,0,0
CHEMBL1201754,MONDO:0001627,1,0
CHEMBL1201754,MONDO:0002009,1,0
CHEMBL1201754,MONDO:0004975,1,0
CHEMBL1201754,MONDO:0004985,1,0
CHEMBL1201754,MONDO:0005027,1,0
CHEMBL1201754,MONDO:0005090,1,0
CHEMBL1201754,MONDO:0005098,1,0
CHEMBL1201754,MONDO:0005180,1,0
CHEMBL1201754,MONDO:0005277,1,0
CHEMBL1201754,MONDO:0005301,1,0
CHEMBL1201754,MONDO:0005618,1,1
CHEMBL1201754,MONDO:0007743,1,0
CHEMBL1201772,MONDO:0001627,1,0
CHEMBL1201772,MONDO:0002009,1,0
CHEMBL1201772,MONDO:0004975,1,0
CHEMBL1201772,MONDO:0004985,1,0
CHEMBL1201772,MONDO:0005027,1,0
CHEMBL1201772,MONDO:0005090,1,0
CHEMBL1201772,MONDO:0005098,1,1
CHEMBL1201772,MONDO:0005180,1,0
CHEMBL1201772,MONDO:0005277,1,0
CHEMBL1201772,MONDO:0005301,1,0
CHEMBL1201772,MONDO:0005618,1,0
CHEMBL1201772,MONDO:0007743,1,0
CHEMBL1201864,MONDO:0001627,1,1
CHEMBL1201864,MONDO:0002009,1,0
CHEMBL1201864,MONDO:0004975,1,0
CHEMBL1201864,MONDO:0004985,1,0
CHEMBL1201864,MONDO:0005027,1,1
CHEMBL1201864,MONDO:0005090,1,0
CHEMBL1201864,MONDO:0005098,1,1
CHEMBL1201864,MONDO:0005180,1,0
CHEMBL1201864,MONDO:0005277,1,1
CHEMBL1201864,MONDO:0005301,1,0
CHEMBL1201864,MONDO:0005618,1,1
CHEMBL1201864,MONDO:0007743,1,0
CHEMBL121,MONDO:0001627,1,0
CHEMBL121,MONDO:0002009,1,0
CHEMBL121,MONDO:0004975,1,0
CHEMBL121,MONDO:0004985,1,0
CHEMBL121,MONDO:0005027,1,0
CHEMBL121,MONDO:0005090,1,0
CHEMBL121,MONDO:0005098,1,1
CHEMBL121,MONDO:0005180,1,0
CHEMBL121,MONDO:0005277,1,0
CHEMBL121,MONDO:0005301,1,0
CHEMBL121,MONDO:0005618,1,0
CHEMBL121,MONDO:0007743,1,0
CHEMBL1213351,MONDO:0001627,1,0
CHEMBL1213351,MONDO:0002009,1,0
CHEMBL1213351,MONDO:0004975,1,1
CHEMBL1213351,MONDO:0004985,1,0
CHEMBL1213351,MONDO:0005027,1,1
CHEMBL1213351,MONDO:0005090,1,0
CHEMBL1213351,MONDO:0005098,1,0
CHEMBL1213351,MONDO:0005180,1,0
CHEMBL1213351,MONDO:0005277,1,0
CHEMBL1213351,MONDO:0005301,1,0
CHEMBL1213351,MONDO:0005618,1,1
CHEMBL1213351,MONDO:0007743,1,0
CHEMBL1213460,MONDO:0001627,1,0
CHEMBL1213460,MONDO:0002009,1,0
CHEMBL1213460,MONDO:0004975,1,0
CHEMBL1213460,MONDO:0004985,1,0
CHEMBL1213460,MONDO:0005027,1,0
CHEMBL1213460,MONDO:0005090,1,0
CHEMBL1213460,MONDO:0005098,1,0
CHEMBL1213460,MONDO:0005180,1,0
CHEMBL1213460,MONDO:0005277,1,0
CHEMBL1213460,MONDO:0005301,1,0
CHEMBL1213460,MONDO:0005618,1,1
CHEMBL1213460,MONDO:0007743,1,0
CHEMBL1215,MONDO:0001627,1,0
CHEMBL1215,MONDO:0002009,1,0
CHEMBL1215,MONDO:0004975,1,1
CHEMBL1215,MONDO:0004985,1,0
CHEMBL1215,MONDO:0005027,1,1
CHEMBL1215,MONDO:0005090,1,0
CHEMBL1215,MONDO:0005098,1,0
CHEMBL1215,MONDO:0005180,1,0
CHEMBL1215,MONDO:0005277,1,0
CHEMBL1215,MONDO:0005301,1,0
CHEMBL1215,MONDO:0005618,1,1
CHEMBL1215,MONDO:0007743,1,0
CHEMBL1218,MONDO:0001627,1,0
CHEMBL1218,MONDO:0002009,1,0
CHEMBL1218,MONDO:0004975,1,0
CHEMBL1218,MONDO:0004985,1,0
CHEMBL1218,MONDO:0005027,1,0
CHEMBL1218,MONDO:0005090,1,0
CHEMBL1218,MONDO:0005098,1,0
CHEMBL1218,MONDO:0005180,1,0
CHEMBL1218,MONDO:0005277,1,0
CHEMBL1218,MONDO:0005301,1,0
CHEMBL1218,MONDO:0005618,1,1
CHEMBL1218,MONDO:0007743,1,0
CHEMBL122,MONDO:0001627,1,0
CHEMBL122,MONDO:0002009,1,0
CHEMBL122,MONDO:0004975,1,0
CHEMBL122,MONDO:0004985,1,0
CHEMBL122,MONDO:0005027,1,0
CHEMBL122,MONDO:0005090,1,0
CHEMBL122,MONDO:0005098,1,0
CHEMBL122,MONDO:0005180,1,0
CHEMBL122,MONDO:0005277,1,1
CHEMBL122,MONDO:0005301,1,0
CHEMBL122,MONDO:0005618,1,0
CHEMBL122,MONDO:0007743,1,0
CHEMBL1220,MONDO:0001627,1,0
CHEMBL1220,MONDO:0002009,1,0
CHEMBL1220,MONDO:0004975,1,0
CHEMBL1220,MONDO:0004985,1,0
CHEMBL1220,MONDO:0005027,1,1
CHEMBL1220,MONDO:0005090,1,0
CHEMBL1220,MONDO:0005098,1,0
CHEMBL1220,MONDO:0005180,1,0
CHEMBL1220,MONDO:0005277,1,0
CHEMBL1220,MONDO:0005301,1,0
CHEMBL1220,MONDO:0005618,1,0
CHEMBL1220,MONDO:0007743,1,0
CHEMBL1222251,MONDO:0001627,1,0
CHEMBL1222251,MONDO:0002009,1,0
CHEMBL1222251,MONDO:0004975,1,0
CHEMBL1222251,MONDO:0004985,1,0
CHEMBL1222251,MONDO:0005027,1,0
CHEMBL1222251,MONDO:0005090,1,0
CHEMBL1222251,MONDO:0005098,1,1
CHEMBL1222251,MONDO:0005180,1,0
CHEMBL1222251,MONDO:0005277,1,0
CHEMBL1222251,MONDO:0005301,1,0
CHEMBL1222251,MONDO:0005618,1,0
CHEMBL1222251,MONDO:0007743,1,0
CHEMBL1231574,MONDO:0001627,1,1
CHEMBL1231574,MONDO:0002009,1,0
CHEMBL1231574,MONDO:0004975,1,0
CHEMBL1231574,MONDO:0004985,1,0
CHEMBL1231574,MONDO:0005027,1,1
CHEMBL1231574,MONDO:0005090,1,0
CHEMBL1231574,MONDO:0005098,1,1
CHEMBL1231574,MONDO:0005180,1,0
CHEMBL1231574,MONDO:0005277,1,1
CHEMBL1231574,MONDO:0005301,1,0
CHEMBL1231574,MONDO:0005618,1,1
CHEMBL1231574,MONDO:0007743,1,0
CHEMBL1233,MONDO:0001627,1,0
CHEMBL1233,MONDO:0002009,1,0
CHEMBL1233,MONDO:0004975,1,1
CHEMBL1233,MONDO:0004985,1,0
CHEMBL1233,MONDO:0005027,1,1
CHEMBL1233,MONDO:0005090,1,0
CHEMBL1233,MONDO:0005098,1,0
CHEMBL1233,MONDO:0005180,1,0
CHEMBL1233,MONDO:0005277,1,0
CHEMBL1233,MONDO:0005301,1,0
CHEMBL1233,MONDO:0005618,1,0
CHEMBL1233,MONDO:0007743,1,0
CHEMBL1237021,MONDO:0001627,1,0
CHEMBL1237021,MONDO:0002009,1,0
CHEMBL1237021,MONDO:0004975,1,0
CHEMBL1237021,MONDO:0004985,1,1
CHEMBL1237021,MONDO:0005027,1,1
CHEMBL1237021,MONDO:0005090,1,1
CHEMBL1237021,MONDO:0005098,1,1
CHEMBL1237021,MONDO:0005180,1,0
CHEMBL1237021,MONDO:0005277,1,0
CHEMBL1237021,MONDO:0005301,1,0
CHEMBL1237021,MONDO:0005618,1,0
CHEMBL1237021,MONDO:0007743,1,0
CHEMBL1237044,MONDO:0001627,1,0
CHEMBL1237044,MONDO:0002009,1,0
CHEMBL1237044,MONDO:0004975,1,0
CHEMBL1237044,MONDO:0004985,1,0
CHEMBL1237044,MONDO:0005027,1,1
CHEMBL1237044,MONDO:0005090,1,0
CHEMBL1237044,MONDO:0005098,1,0
CHEMBL1237044,MONDO:0005180,1,0
CHEMBL1237044,MONDO:0005277,1,0
CHEMBL1237044,MONDO:0005301,1,0
CHEMBL1237044,MONDO:0005618,1,1
CHEMBL1237044,MONDO:0007743,1,0
CHEMBL1242,MONDO:0001627,1,0
CHEMBL1242,MONDO:0002009,1,0
CHEMBL1242,MONDO:0004975,1,0
CHEMBL1242,MONDO:0004985,1,0
CHEMBL1242,MONDO:0005027,1,0
CHEMBL1242,MONDO:0005090,1,0
CHEMBL1242,MONDO:0005098,1,0
CHEMBL1242,MONDO:0005180,1,0
CHEMBL1242,MONDO:0005277,1,0
CHEMBL1242,MONDO:0005301,1,0
CHEMBL1242,MONDO:0005618,1,1
CHEMBL1242,MONDO:0007743,1,0
CHEMBL1256786,MONDO:0001627,1,0
CHEMBL1256786,MONDO:0002009,1,0
CHEMBL1256786,MONDO:0004975,1,0
CHEMBL1256786,MONDO:0004985,1,0
CHEMBL1256786,MONDO:0005027,1,1
CHEMBL1256786,MONDO:0005090,1,0
CHEMBL1256786,MONDO:0005098,1,0
CHEMBL1256786,MONDO:0005180,1,0
CHEMBL1256786,MONDO:0005277,1,0
CHEMBL1256786,MONDO:0005301,1,0
CHEMBL1256786,MONDO:0005618,1,0
CHEMBL1256786,MONDO:0007743,1,0
CHEMBL1257,MONDO:0001627,1,0
CHEMBL1257,MONDO:0002009,1,0
CHEMBL1257,MONDO:0004975,1,0
CHEMBL1257,MONDO:0004985,1,0
CHEMBL1257,MONDO:0005027,1,1
CHEMBL1257,MONDO:0005090,1,0
CHEMBL1257,MONDO:0005098,1,0
CHEMBL1257,MONDO:0005180,1,0
CHEMBL1257,MONDO:0005277,1,0
CHEMBL1257,MONDO:0005301,1,0
CHEMBL1257,MONDO:0005618,1,0
CHEMBL1257,MONDO:0007743,1,0
CHEMBL126,MONDO:0001627,1,0
CHEMBL126,MONDO:0002009,1,0
CHEMBL126,MONDO:0004975,1,0
CHEMBL126,MONDO:0004985,1,0
CHEMBL126,MONDO:0005027,1,1
CHEMBL126,MONDO:0005090,1,0
CHEMBL126,MONDO:0005098,1,0
CHEMBL126,MONDO:0005180,1,0
CHEMBL126,MONDO:0005277,1,0
CHEMBL126,MONDO:0005301,1,0
CHEMBL126,MONDO:0005618,1,0
CHEMBL126,MONDO:0007743,1,0
CHEMBL1261,MONDO:0001627,1,0
CHEMBL1261,MONDO:0002009,1,0
CHEMBL1261,MONDO:0004975,1,1
CHEMBL1261,MONDO:0004985,1,0
CHEMBL1261,MONDO:0005027,1,0
CHEMBL1261,MONDO:0005090,1,0
CHEMBL1261,MONDO:0005098,1,0
CHEMBL1261,MONDO:0005180,1,0
CHEMBL1261,MONDO:0005277,1,0
CHEMBL1261,MONDO:0005301,1,0
CHEMBL1261,MONDO:0005618,1,0
CHEMBL1261,MONDO:0007743,1,0
CHEMBL1263,MONDO:0001627,1,0
CHEMBL1263,MONDO:0002009,1,0
CHEMBL1263,MONDO:0004975,1,0
CHEMBL1263,MONDO:0004985,1,0
CHEMBL1263,MONDO:0005027,1,1
CHEMBL1263,MONDO:0005090,1,0
CHEMBL1263,MONDO:0005098,1,0
CHEMBL1263,MONDO:0005180,1,0
CHEMBL1263,MONDO:0005277,1,0
CHEMBL1263,MONDO:0005301,1,0
CHEMBL1263,MONDO:0005618,1,0
CHEMBL1263,MONDO:0007743,1,0
CHEMBL127,MONDO:0001627,1,0
CHEMBL127,MONDO:0002009,1,0
CHEMBL127,MONDO:0004975,1,0
CHEMBL127,MONDO:0004985,1,0
CHEMBL127,MONDO:0005027,1,1
CHEMBL127,MONDO:0005090,1,0
CHEMBL127,MONDO:0005098,1,0
CHEMBL127,MONDO:0005180,1,0
CHEMBL127,MONDO:0005277,1,0
CHEMBL127,MONDO:0005301,1,0
CHEMBL127,MONDO:0005618,1,0
CHEMBL127,MONDO:0007743,1,0
CHEMBL12713,MONDO:0001627,1,0
CHEMBL12713,MONDO:0002009,1,0
CHEMBL12713,MONDO:0004975,1,0
CHEMBL12713,MONDO:0004985,1,0
CHEMBL12713,MONDO:0005027,1,0
CHEMBL12713,MONDO:0005090,1,1
CHEMBL12713,MONDO:0005098,1,0
CHEMBL12713,MONDO:0005180,1,0
CHEMBL12713,MONDO:0005277,1,0
CHEMBL12713,MONDO:0005301,1,0
CHEMBL12713,MONDO:0005618,1,0
CHEMBL12713,MONDO:0007743,1,0
CHEMBL127516,MONDO:0001627,1,0
CHEMBL127516,MONDO:0002009,1,0
CHEMBL127516,MONDO:0004975,1,0
CHEMBL127516,MONDO:0004985,1,0
CHEMBL127516,MONDO:0005027,1,1
CHEMBL127516,MONDO:0005090,1,0
CHEMBL127516,MONDO:0005098,1,0
CHEMBL127516,MONDO:0005180,1,0
CHEMBL127516,MONDO:0005277,1,0
CHEMBL127516,MONDO:0005301,1,0
CHEMBL127516,MONDO:0005618,1,0
CHEMBL127516,MONDO:0007743,1,0
CHEMBL1278,MONDO:0001627,1,0
CHEMBL1278,MONDO:0002009,1,0
CHEMBL1278,MONDO:0004975,1,0
CHEMBL1278,MONDO:0004985,1,0
CHEMBL1278,MONDO:0005027,1,0
CHEMBL1278,MONDO:0005090,1,0
CHEMBL1278,MONDO:0005098,1,1
CHEMBL1278,MONDO:0005180,1,0
CHEMBL1278,MONDO:0005277,1,1
CHEMBL1278,MONDO:0005301,1,0
CHEMBL1278,MONDO:0005618,1,0
CHEMBL1278,MONDO:0007743,1,0
CHEMBL1279,MONDO:0001627,1,0
CHEMBL1279,MONDO:0002009,1,0
CHEMBL1279,MONDO:0004975,1,0
CHEMBL1279,MONDO:0004985,1,0
CHEMBL1279,MONDO:0005027,1,0
CHEMBL1279,MONDO:0005090,1,0
CHEMBL1279,MONDO:0005098,1,1
CHEMBL1279,MONDO:0005180,1,0
CHEMBL1279,MONDO:0005277,1,1
CHEMBL1279,MONDO:0005301,1,0
CHEMBL1279,MONDO:0005618,1,0
CHEMBL1279,MONDO:0007743,1,0
CHEMBL128,MONDO:0001627,1,0
CHEMBL128,MONDO:0002009,1,0
CHEMBL128,MONDO:0004975,1,0
CHEMBL128,MONDO:0004985,1,0
CHEMBL128,MONDO:0005027,1,1
CHEMBL128,MONDO:0005090,1,0
CHEMBL128,MONDO:0005098,1,1
CHEMBL128,MONDO:0005180,1,0
CHEMBL128,MONDO:0005277,1,1
CHEMBL128,MONDO:0005301,1,0
CHEMBL128,MONDO:0005618,1,0
CHEMBL128,MONDO:0007743,1,0
CHEMBL1286,MONDO:0001627,1,0
CHEMBL1286,MONDO:0002009,1,0
CHEMBL1286,MONDO:0004975,1,0
CHEMBL1286,MONDO:0004985,1,0
CHEMBL1286,MONDO:0005027,1,0
CHEMBL1286,MONDO:0005090,1,0
CHEMBL1286,MONDO:0005098,1,0
CHEMBL1286,MONDO:0005180,1,0
CHEMBL1286,MONDO:0005277,1,0
CHEMBL1286,MONDO:0005301,1,0
CHEMBL1286,MONDO:0005618,1,1
CHEMBL1286,MONDO:0007743,1,0
CHEMBL1290,MONDO:0001627,1,0
CHEMBL1290,MONDO:0002009,1,0
CHEMBL1290,MONDO:0004975,1,0
CHEMBL1290,MONDO:0004985,1,0
CHEMBL1290,MONDO:0005027,1,0
CHEMBL1290,MONDO:0005090,1,0
CHEMBL1290,MONDO:0005098,1,0
CHEMBL1290,MONDO:0005180,1,0
CHEMBL1290,MONDO:0005277,1,0
CHEMBL1290,MONDO:0005301,1,0
CHEMBL1290,MONDO:0005618,1,1
CHEMBL1290,MONDO:0007743,1,0
CHEMBL1297,MONDO:0001627,1,0
CHEMBL1297,MONDO:0002009,1,0
CHEMBL1297,MONDO:0004975,1,0
CHEMBL1297,MONDO:0004985,1,0
CHEMBL1297,MONDO:0005027,1,0
CHEMBL1297,MONDO:0005090,1,0
CHEMBL1297,MONDO:0005098,1,1
CHEMBL1297,MONDO:0005180,1,0
CHEMBL1297,MONDO:0005277,1,0
CHEMBL1297,MONDO:0005301,1,0
CHEMBL1297,MONDO:0005618,1,0
CHEMBL1297,MONDO:0007743,1,0
CHEMBL13,MONDO:0001627,1,0
CHEMBL13,MONDO:0002009,1,0
CHEMBL13,MONDO:0004975,1,0
CHEMBL13,MONDO:0004985,1,0
CHEMBL13,MONDO:0005027,1,0
CHEMBL13,MONDO:0005090,1,0
CHEMBL13,MONDO:0005098,1,0
CHEMBL13,MONDO:0005180,1,0
CHEMBL13,MONDO:0005277,1,0
CHEMBL13,MONDO:0005301,1,0
CHEMBL13,MONDO:0005618,1,1
CHEMBL13,MONDO:0007743,1,0
CHEMBL1303,MONDO:0001627,1,0
CHEMBL1303,MONDO:0002009,1,0
CHEMBL1303,MONDO:0004975,1,0
CHEMBL1303,MONDO:0004985,1,0
CHEMBL1303,MONDO:0005027,1,0
CHEMBL1303,MONDO:0005090,1,0
CHEMBL1303,MONDO:0005098,1,0
CHEMBL1303,MONDO:0005180,1,1
CHEMBL1303,MONDO:0005277,1,0
CHEMBL1303,MONDO:0005301,1,0
CHEMBL1303,MONDO:0005618,1,0
CHEMBL1303,MONDO:0007743,1,0
CHEMBL130880,MONDO:0001627,1,0
CHEMBL130880,MONDO:0002009,1,0
CHEMBL130880,MONDO:0004975,1,1
CHEMBL130880,MONDO:0004985,1,0
CHEMBL130880,MONDO:0005027,1,0
CHEMBL130880,MONDO:0005090,1,0
CHEMBL130880,MONDO:0005098,1,0
CHEMBL130880,MONDO:0005180,1,0
CHEMBL130880,MONDO:0005277,1,0
CHEMBL130880,MONDO:0005301,1,0
CHEMBL130880,MONDO:0005618,1,0
CHEMBL130880,MONDO:0007743,1,0
CHEMBL131,MONDO:0001627,1,0
CHEMBL131,MONDO:0002009,1,0
CHEMBL131,MONDO:0004975,1,0
CHEMBL131,MONDO:0004985,1,0
CHEMBL131,MONDO:0005027,1,1
CHEMBL131,MONDO:0005090,1,0
CHEMBL131,MONDO:0005098,1,0
CHEMBL131,MONDO:0005180,1,0
CHEMBL131,MONDO:0005277,1,0
CHEMBL131,MONDO:0005301,1,1
CHEMBL131,MONDO:0005618,1,0
CHEMBL131,MONDO:0007743,1,0
CHEMBL1324,MONDO:0001627,1,0
CHEMBL1324,MONDO:0002009,1,0
CHEMBL1324,MONDO:0004975,1,0
CHEMBL1324,MONDO:0004985,1,0
CHEMBL1324,MONDO:0005027,1,0
CHEMBL1324,MONDO:0005090,1,0
CHEMBL1324,MONDO:0005098,1,0
CHEMBL1324,MONDO:0005180,1,1
CHEMBL1324,MONDO:0005277,1,0
CHEMBL1324,MONDO:0005301,1,0
CHEMBL1324,MONDO:0005618,1,0
CHEMBL1324,MONDO:0007743,1,0
CHEMBL1328898,MONDO:0001627,1,0
CHEMBL1328898,MONDO:0002009,1,0
CHEMBL1328898,MONDO:0004975,1,0
CHEMBL1328898,MONDO:0004985,1,0
CHEMBL1328898,MONDO:0005027,1,0
CHEMBL1328898,MONDO:0005090,1,0
CHEMBL1328898,MONDO:0005098,1,0
CHEMBL1328898,MONDO:0005180,1,1
CHEMBL1328898,MONDO:0005277,1,0
CHEMBL1328898,MONDO:0005301,1,0
CHEMBL1328898,MONDO:0005618,1,0
CHEMBL1328898,MONDO:0007743,1,0
CHEMBL1331216,MONDO:0001627,1,0
CHEMBL1331216,MONDO:0002009,1,0
CHEMBL1331216,MONDO:0004975,1,0
CHEMBL1331216,MONDO:0004985,1,0
CHEMBL1331216,MONDO:0005027,1,0
CHEMBL1331216,MONDO:0005090,1,0
CHEMBL1331216,MONDO:0005098,1,0
CHEMBL1331216,MONDO:0005180,1,0
CHEMBL1331216,MONDO:0005277,1,0
CHEMBL1331216,MONDO:0005301,1,0
CHEMBL1331216,MONDO:0005618,1,1
CHEMBL1331216,MONDO:0007743,1,0
CHEMBL1336,MONDO:0001627,1,0
CHEMBL1336,MONDO:0002009,1,0
CHEMBL1336,MONDO:0004975,1,0
CHEMBL1336,MONDO:0004985,1,0
CHEMBL1336,MONDO:0005027,1,0
CHEMBL1336,MONDO:0005090,1,0
CHEMBL1336,MONDO:0005098,1,0
CHEMBL1336,MONDO:0005180,1,0
CHEMBL1336,MONDO:0005277,1,0
CHEMBL1336,MONDO:0005301,1,0
CHEMBL1336,MONDO:0005618,1,1
CHEMBL1336,MONDO:0007743,1,0
CHEMBL134,MONDO:0001627,1,0
CHEMBL134,MONDO:0002009,1,0
CHEMBL134,MONDO:0004975,1,0
CHEMBL134,MONDO:0004985,1,0
CHEMBL134,MONDO:0005027,1,0
CHEMBL134,MONDO:0005090,1,0
CHEMBL134,MONDO:0005098,1,0
CHEMBL134,MONDO:0005180,1,0
CHEMBL134,MONDO:0005277,1,0
CHEMBL134,MONDO:0005301,1,0
CHEMBL134,MONDO:0005618,1,1
CHEMBL134,MONDO:0007743,1,1
CHEMBL135,MONDO:0001627,1,1
CHEMBL135,MONDO:0002009,1,0
CHEMBL135,MONDO:0004975,1,0
CHEMBL135,MONDO:0004985,1,0
CHEMBL135,MONDO:0005027,1,1
CHEMBL135,MONDO:0005090,1,0
CHEMBL135,MONDO:0005098,1,1
CHEMBL135,MONDO:0005180,1,0
CHEMBL135,MONDO:0005277,1,1
CHEMBL135,MONDO:0005301,1,0
CHEMBL135,MONDO:0005618,1,1
CHEMBL135,MONDO:0007743,1,0
CHEMBL135400,MONDO:0001627,1,0
CHEMBL135400,MONDO:0002009,1,0
CHEMBL135400,MONDO:0004975,1,0
CHEMBL135400,MONDO:0004985,1,0
CHEMBL135400,MONDO:0005027,1,0
CHEMBL135400,MONDO:0005090,1,0
CHEMBL135400,MONDO:0005098,1,0
CHEMBL135400,MONDO:0005180,1,0
CHEMBL135400,MONDO:0005277,1,0
CHEMBL135400,MONDO:0005301,1,0
CHEMBL135400,MONDO:0005618,1,1
CHEMBL135400,MONDO:0007743,1,0
CHEMBL1355736,MONDO:0001627,1,0
CHEMBL1355736,MONDO:0002009,1,0
CHEMBL1355736,MONDO:0004975,1,0
CHEMBL1355736,MONDO:0004985,1,0
CHEMBL1355736,MONDO:0005027,1,1
CHEMBL1355736,MONDO:0005090,1,0
CHEMBL1355736,MONDO:0005098,1,0
CHEMBL1355736,MONDO:0005180,1,0
CHEMBL1355736,MONDO:0005277,1,0
CHEMBL1355736,MONDO:0005301,1,0
CHEMBL1355736,MONDO:0005618,1,1
CHEMBL1355736,MONDO:0007743,1,0
CHEMBL1359,MONDO:0001627,1,0
CHEMBL1359,MONDO:0002009,1,0
CHEMBL1359,MONDO:0004975,1,0
CHEMBL1359,MONDO:0004985,1,0
CHEMBL1359,MONDO:0005027,1,1
CHEMBL1359,MONDO:0005090,1,0
CHEMBL1359,MONDO:0005098,1,0
CHEMBL1359,MONDO:0005180,1,0
CHEMBL1359,MONDO:0005277,1,0
CHEMBL1359,MONDO:0005301,1,0
CHEMBL1359,MONDO:0005618,1,0
CHEMBL1359,MONDO:0007743,1,0
CHEMBL1364,MONDO:0001627,1,0
CHEMBL1364,MONDO:0002009,1,0
CHEMBL1364,MONDO:0004975,1,0
CHEMBL1364,MONDO:0004985,1,0
CHEMBL1364,MONDO:0005027,1,0
CHEMBL1364,MONDO:0005090,1,1
CHEMBL1364,MONDO:0005098,1,0
CHEMBL1364,MONDO:0005180,1,0
CHEMBL1364,MONDO:0005277,1,0
CHEMBL1364,MONDO:0005301,1,0
CHEMBL1364,MONDO:0005618,1,1
CHEMBL1364,MONDO:0007743,1,0
CHEMBL1368,MONDO:0001627,1,0
CHEMBL1368,MONDO:0002009,1,0
CHEMBL1368,MONDO:0004975,1,0
CHEMBL1368,MONDO:0004985,1,0
CHEMBL1368,MONDO:0005027,1,1
CHEMBL1368,MONDO:0005090,1,0
CHEMBL1368,MONDO:0005098,1,0
CHEMBL1368,MONDO:0005180,1,0
CHEMBL1368,MONDO:0005277,1,0
CHEMBL1368,MONDO:0005301,1,0
CHEMBL1368,MONDO:0005618,1,0
CHEMBL1368,MONDO:0007743,1,0
CHEMBL137,MONDO:0001627,1,0
CHEMBL137,MONDO:0002009,1,0
CHEMBL137,MONDO:0004975,1,0
CHEMBL137,MONDO:0004985,1,0
CHEMBL137,MONDO:0005027,1,1
CHEMBL137,MONDO:0005090,1,0
CHEMBL137,MONDO:0005098,1,0
CHEMBL137,MONDO:0005180,1,0
CHEMBL137,MONDO:0005277,1,0
CHEMBL137,MONDO:0005301,1,0
CHEMBL137,MONDO:0005618,1,0
CHEMBL137,MONDO:0007743,1,0
CHEMBL1370,MONDO:0001627,1,0
CHEMBL1370,MONDO:0002009,1,0
CHEMBL1370,MONDO:0004975,1,0
CHEMBL1370,MONDO:0004985,1,0
CHEMBL1370,MONDO:0005027,1,1
CHEMBL1370,MONDO:0005090,1,0
CHEMBL1370,MONDO:0005098,1,0
CHEMBL1370,MONDO:0005180,1,0
CHEMBL1370,MONDO:0005277,1,0
CHEMBL1370,MONDO:0005301,1,0
CHEMBL1370,MONDO:0005618,1,0
CHEMBL1370,MONDO:0007743,1,0
CHEMBL1371770,MONDO:0001627,1,0
CHEMBL1371770,MONDO:0002009,1,0
CHEMBL1371770,MONDO:0004975,1,0
CHEMBL1371770,MONDO:0004985,1,0
CHEMBL1371770,MONDO:0005027,1,0
CHEMBL1371770,MONDO:0005090,1,0
CHEMBL1371770,MONDO:0005098,1,0
CHEMBL1371770,MONDO:0005180,1,1
CHEMBL1371770,MONDO:0005277,1,0
CHEMBL1371770,MONDO:0005301,1,0
CHEMBL1371770,MONDO:0005618,1,0
CHEMBL1371770,MONDO:0007743,1,0
CHEMBL1373,MONDO:0001627,1,0
CHEMBL1373,MONDO:0002009,1,0
CHEMBL1373,MONDO:0004975,1,0
CHEMBL1373,MONDO:0004985,1,0
CHEMBL1373,MONDO:0005027,1,0
CHEMBL1373,MONDO:0005090,1,0
CHEMBL1373,MONDO:0005098,1,0
CHEMBL1373,MONDO:0005180,1,0
CHEMBL1373,MONDO:0005277,1,0
CHEMBL1373,MONDO:0005301,1,0
CHEMBL1373,MONDO:0005618,1,1
CHEMBL1373,MONDO:0007743,1,0
CHEMBL13766,MONDO:0001627,1,0
CHEMBL13766,MONDO:0002009,1,0
CHEMBL13766,MONDO:0004975,1,0
CHEMBL13766,MONDO:0004985,1,0
CHEMBL13766,MONDO:0005027,1,1
CHEMBL13766,MONDO:0005090,1,0
CHEMBL13766,MONDO:0005098,1,0
CHEMBL13766,MONDO:0005180,1,0
CHEMBL13766,MONDO:0005277,1,0
CHEMBL13766,MONDO:0005301,1,0
CHEMBL13766,MONDO:0005618,1,0
CHEMBL13766,MONDO:0007743,1,0
CHEMBL1382,MONDO:0001627,1,1
CHEMBL1382,MONDO:0002009,1,0
CHEMBL1382,MONDO:0004975,1,0
CHEMBL1382,MONDO:0004985,1,0
CHEMBL1382,MONDO:0005027,1,0
CHEMBL1382,MONDO:0005090,1,0
CHEMBL1382,MONDO:0005098,1,0
CHEMBL1382,MONDO:0005180,1,0
CHEMBL1382,MONDO:0005277,1,0
CHEMBL1382,MONDO:0005301,1,0
CHEMBL1382,MONDO:0005618,1,0
CHEMBL1382,MONDO:0007743,1,0
CHEMBL1384,MONDO:0001627,1,0
CHEMBL1384,MONDO:0002009,1,0
CHEMBL1384,MONDO:0004975,1,0
CHEMBL1384,MONDO:0004985,1,0
CHEMBL1384,MONDO:0005027,1,0
CHEMBL1384,MONDO:0005090,1,0
CHEMBL1384,MONDO:0005098,1,0
CHEMBL1384,MONDO:0005180,1,1
CHEMBL1384,MONDO:0005277,1,0
CHEMBL1384,MONDO:0005301,1,0
CHEMBL1384,MONDO:0005618,1,0
CHEMBL1384,MONDO:0007743,1,0
CHEMBL1389,MONDO:0001627,1,1
CHEMBL1389,MONDO:0002009,1,0
CHEMBL1389,MONDO:0004975,1,0
CHEMBL1389,MONDO:0004985,1,0
CHEMBL1389,MONDO:0005027,1,1
CHEMBL1389,MONDO:0005090,1,0
CHEMBL1389,MONDO:0005098,1,1
CHEMBL1389,MONDO:0005180,1,0
CHEMBL1389,MONDO:0005277,1,1
CHEMBL1389,MONDO:0005301,1,0
CHEMBL1389,MONDO:0005618,1,1
CHEMBL1389,MONDO:0007743,1,0
CHEMBL139,MONDO:0001627,1,0
CHEMBL139,MONDO:0002009,1,0
CHEMBL139,MONDO:0004975,1,0
CHEMBL139,MONDO:0004985,1,0
CHEMBL139,MONDO:0005027,1,0
CHEMBL139,MONDO:0005090,1,0
CHEMBL139,MONDO:0005098,1,1
CHEMBL139,MONDO:0005180,1,0
CHEMBL139,MONDO:0005277,1,0
CHEMBL139,MONDO:0005301,1,0
CHEMBL139,MONDO:0005618,1,0
CHEMBL139,MONDO:0007743,1,0
CHEMBL1395,MONDO:0001627,1,1
CHEMBL1395,MONDO:0002009,1,0
CHEMBL1395,MONDO:0004975,1,0
CHEMBL1395,MONDO:0004985,1,0
CHEMBL1395,MONDO:0005027,1,1
CHEMBL1395,MONDO:0005090,1,0
CHEMBL1395,MONDO:0005098,1,1
CHEMBL1395,MONDO:0005180,1,0
CHEMBL1395,MONDO:0005277,1,1
CHEMBL1395,MONDO:0005301,1,0
CHEMBL1395,MONDO:0005618,1,0
CHEMBL1395,MONDO:0007743,1,0
CHEMBL1405,MONDO:0001627,1,1
CHEMBL1405,MONDO:0002009,1,0
CHEMBL1405,MONDO:0004975,1,0
CHEMBL1405,MONDO:0004985,1,0
CHEMBL1405,MONDO:0005027,1,1
CHEMBL1405,MONDO:0005090,1,0
CHEMBL1405,MONDO:0005098,1,1
CHEMBL1405,MONDO:0005180,1,0
CHEMBL1405,MONDO:0005277,1,1
CHEMBL1405,MONDO:0005301,1,0
CHEMBL1405,MONDO:0005618,1,1
CHEMBL1405,MONDO:0007743,1,0
CHEMBL14060,MONDO:0001627,1,0
CHEMBL14060,MONDO:0002009,1,0
CHEMBL14060,MONDO:0004975,1,0
CHEMBL14060,MONDO:0004985,1,0
CHEMBL14060,MONDO:0005027,1,1
CHEMBL14060,MONDO:0005090,1,0
CHEMBL14060,MONDO:0005098,1,0
CHEMBL14060,MONDO:0005180,1,0
CHEMBL14060,MONDO:0005277,1,0
CHEMBL14060,MONDO:0005301,1,0
CHEMBL14060,MONDO:0005618,1,0
CHEMBL14060,MONDO:0007743,1,0
CHEMBL1412,MONDO:0001627,1,0
CHEMBL1412,MONDO:0002009,1,0
CHEMBL1412,MONDO:0004975,1,0
CHEMBL1412,MONDO:0004985,1,0
CHEMBL1412,MONDO:0005027,1,1
CHEMBL1412,MONDO:0005090,1,0
CHEMBL1412,MONDO:0005098,1,0
CHEMBL1412,MONDO:0005180,1,0
CHEMBL1412,MONDO:0005277,1,0
CHEMBL1412,MONDO:0005301,1,0
CHEMBL1412,MONDO:0005618,1,0
CHEMBL1412,MONDO:0007743,1,0
CHEMBL1419,MONDO:0001627,1,0
CHEMBL1419,MONDO:0002009,1,0
CHEMBL1419,MONDO:0004975,1,0
CHEMBL1419,MONDO:0004985,1,0
CHEMBL1419,MONDO:0005027,1,1
CHEMBL1419,MONDO:0005090,1,0
CHEMBL1419,MONDO:0005098,1,1
CHEMBL1419,MONDO:0005180,1,0
CHEMBL1419,MONDO:0005277,1,0
CHEMBL1419,MONDO:0005301,1,0
CHEMBL1419,MONDO:0005618,1,0
CHEMBL1419,MONDO:0007743,1,0
CHEMBL1423,MONDO:0001627,1,0
CHEMBL1423,MONDO:0002009,1,0
CHEMBL1423,MONDO:0004975,1,1
CHEMBL1423,MONDO:0004985,1,0
CHEMBL1423,MONDO:0005027,1,1
CHEMBL1423,MONDO:0005090,1,0
CHEMBL1423,MONDO:0005098,1,0
CHEMBL1423,MONDO:0005180,1,1
CHEMBL1423,MONDO:0005277,1,0
CHEMBL1423,MONDO:0005301,1,0
CHEMBL1423,MONDO:0005618,1,0
CHEMBL1423,MONDO:0007743,1,0
CHEMBL1431,MONDO:0001627,1,0
CHEMBL1431,MONDO:0002009,1,0
CHEMBL1431,MONDO:0004975,1,0
CHEMBL1431,MONDO:0004985,1,0
CHEMBL1431,MONDO:0005027,1,0
CHEMBL1431,MONDO:0005090,1,0
CHEMBL1431,MONDO:0005098,1,1
CHEMBL1431,MONDO:0005180,1,0
CHEMBL1431,MONDO:0005277,1,0
CHEMBL1431,MONDO:0005301,1,0
CHEMBL1431,MONDO:0005618,1,0
CHEMBL1431,MONDO:0007743,1,0
CHEMBL14370,MONDO:0001627,1,0
CHEMBL14370,MONDO:0002009,1,1
CHEMBL14370,MONDO:0004975,1,0
CHEMBL14370,MONDO:0004985,1,0
CHEMBL14370,MONDO:0005027,1,0
CHEMBL14370,MONDO:0005090,1,0
CHEMBL14370,MONDO:0005098,1,0
CHEMBL14370,MONDO:0005180,1,0
CHEMBL14370,MONDO:0005277,1,0
CHEMBL14370,MONDO:0005301,1,0
CHEMBL14370,MONDO:0005618,1,1
CHEMBL14370,MONDO:0007743,1,0
CHEMBL14376,MONDO:0001627,1,0
CHEMBL14376,MONDO:0002009,1,0
CHEMBL14376,MONDO:0004975,1,1
CHEMBL14376,MONDO:0004985,1,0
CHEMBL14376,MONDO:0005027,1,1
CHEMBL14376,MONDO:0005090,1,1
CHEMBL14376,MONDO:0005098,1,0
CHEMBL14376,MONDO:0005180,1,0
CHEMBL14376,MONDO:0005277,1,0
CHEMBL14376,MONDO:0005301,1,0
CHEMBL14376,MONDO:0005618,1,0
CHEMBL14376,MONDO:0007743,1,0
CHEMBL1440,MONDO:0001627,1,0
CHEMBL1440,MONDO:0002009,1,0
CHEMBL1440,MONDO:0004975,1,0
CHEMBL1440,MONDO:0004985,1,0
CHEMBL1440,MONDO:0005027,1,1
CHEMBL1440,MONDO:0005090,1,0
CHEMBL1440,MONDO:0005098,1,0
CHEMBL1440,MONDO:0005180,1,0
CHEMBL1440,MONDO:0005277,1,0
CHEMBL1440,MONDO:0005301,1,0
CHEMBL1440,MONDO:0005618,1,0
CHEMBL1440,MONDO:0007743,1,0
CHEMBL1445,MONDO:0001627,1,1
CHEMBL1445,MONDO:0002009,1,0
CHEMBL1445,MONDO:0004975,1,0
CHEMBL1445,MONDO:0004985,1,0
CHEMBL1445,MONDO:0005027,1,1
CHEMBL1445,MONDO:0005090,1,0
CHEMBL1445,MONDO:0005098,1,1
CHEMBL1445,MONDO:0005180,1,0
CHEMBL1445,MONDO:0005277,1,1
CHEMBL1445,MONDO:0005301,1,0
CHEMBL1445,MONDO:0005618,1,0
CHEMBL1445,MONDO:0007743,1,0
CHEMBL1451,MONDO:0001627,1,0
CHEMBL1451,MONDO:0002009,1,0
CHEMBL1451,MONDO:0004975,1,0
CHEMBL1451,MONDO:0004985,1,0
CHEMBL1451,MONDO:0005027,1,1
CHEMBL1451,MONDO:0005090,1,0
CHEMBL1451,MONDO:0005098,1,0
CHEMBL1451,MONDO:0005180,1,0
CHEMBL1451,MONDO:0005277,1,0
CHEMBL1451,MONDO:0005301,1,1
CHEMBL1451,MONDO:0005618,1,0
CHEMBL1451,MONDO:0007743,1,0
CHEMBL1457,MONDO:0001627,1,0
CHEMBL1457,MONDO:0002009,1,0
CHEMBL1457,MONDO:0004975,1,1
CHEMBL1457,MONDO:0004985,1,0
CHEMBL1457,MONDO:0005027,1,1
CHEMBL1457,MONDO:0005090,1,0
CHEMBL1457,MONDO:0005098,1,0
CHEMBL1457,MONDO:0005180,1,0
CHEMBL1457,MONDO:0005277,1,0
CHEMBL1457,MONDO:0005301,1,0
CHEMBL1457,MONDO:0005618,1,0
CHEMBL1457,MONDO:0007743,1,0
CHEMBL1472975,MONDO:0001627,1,0
CHEMBL1472975,MONDO:0002009,1,0
CHEMBL1472975,MONDO:0004975,1,0
CHEMBL1472975,MONDO:0004985,1,0
CHEMBL1472975,MONDO:0005027,1,0
CHEMBL1472975,MONDO:0005090,1,1
CHEMBL1472975,MONDO:0005098,1,0
CHEMBL1472975,MONDO:0005180,1,0
CHEMBL1472975,MONDO:0005277,1,0
CHEMBL1472975,MONDO:0005301,1,0
CHEMBL1472975,MONDO:0005618,1,0
CHEMBL1472975,MONDO:0007743,1,0
CHEMBL1473,MONDO:0001627,1,0
CHEMBL1473,MONDO:0002009,1,0
CHEMBL1473,MONDO:0004975,1,0
CHEMBL1473,MONDO:0004985,1,0
CHEMBL1473,MONDO:0005027,1,1
CHEMBL1473,MONDO:0005090,1,0
CHEMBL1473,MONDO:0005098,1,0
CHEMBL1473,MONDO:0005180,1,0
CHEMBL1473,MONDO:0005277,1,0
CHEMBL1473,MONDO:0005301,1,0
CHEMBL1473,MONDO:0005618,1,0
CHEMBL1473,MONDO:0007743,1,0
CHEMBL1479,MONDO:0001627,1,0
CHEMBL1479,MONDO:0002009,1,0
CHEMBL1479,MONDO:0004975,1,0
CHEMBL1479,MONDO:0004985,1,0
CHEMBL1479,MONDO:0005027,1,1
CHEMBL1479,MONDO:0005090,1,0
CHEMBL1479,MONDO:0005098,1,0
CHEMBL1479,MONDO:0005180,1,0
CHEMBL1479,MONDO:0005277,1,1
CHEMBL1479,MONDO:0005301,1,0
CHEMBL1479,MONDO:0005618,1,0
CHEMBL1479,MONDO:0007743,1,0
CHEMBL1481,MONDO:0001627,1,0
CHEMBL1481,MONDO:0002009,1,0
CHEMBL1481,MONDO:0004975,1,0
CHEMBL1481,MONDO:0004985,1,0
CHEMBL1481,MONDO:0005027,1,0
CHEMBL1481,MONDO:0005090,1,0
CHEMBL1481,MONDO:0005098,1,1
CHEMBL1481,MONDO:0005180,1,0
CHEMBL1481,MONDO:0005277,1,0
CHEMBL1481,MONDO:0005301,1,0
CHEMBL1481,MONDO:0005618,1,0
CHEMBL1481,MONDO:0007743,1,0
CHEMBL1482,MONDO:0001627,1,0
CHEMBL1482,MONDO:0002009,1,0
CHEMBL1482,MONDO:0004975,1,0
CHEMBL1482,MONDO:0004985,1,0
CHEMBL1482,MONDO:0005027,1,1
CHEMBL1482,MONDO:0005090,1,0
CHEMBL1482,MONDO:0005098,1,0
CHEMBL1482,MONDO:0005180,1,1
CHEMBL1482,MONDO:0005277,1,0
CHEMBL1482,MONDO:0005301,1,0
CHEMBL1482,MONDO:0005618,1,0
CHEMBL1482,MONDO:0007743,1,0
CHEMBL1487,MONDO:0001627,1,0
CHEMBL1487,MONDO:0002009,1,0
CHEMBL1487,MONDO:0004975,1,0
CHEMBL1487,MONDO:0004985,1,0
CHEMBL1487,MONDO:0005027,1,0
CHEMBL1487,MONDO:0005090,1,0
CHEMBL1487,MONDO:0005098,1,1
CHEMBL1487,MONDO:0005180,1,0
CHEMBL1487,MONDO:0005277,1,0
CHEMBL1487,MONDO:0005301,1,0
CHEMBL1487,MONDO:0005618,1,0
CHEMBL1487,MONDO:0007743,1,0
CHEMBL1490,MONDO:0001627,1,0
CHEMBL1490,MONDO:0002009,1,0
CHEMBL1490,MONDO:0004975,1,0
CHEMBL1490,MONDO:0004985,1,0
CHEMBL1490,MONDO:0005027,1,0
CHEMBL1490,MONDO:0005090,1,0
CHEMBL1490,MONDO:0005098,1,0
CHEMBL1490,MONDO:0005180,1,1
CHEMBL1490,MONDO:0005277,1,0
CHEMBL1490,MONDO:0005301,1,0
CHEMBL1490,MONDO:0005618,1,0
CHEMBL1490,MONDO:0007743,1,0
CHEMBL1491,MONDO:0001627,1,0
CHEMBL1491,MONDO:0002009,1,0
CHEMBL1491,MONDO:0004975,1,0
CHEMBL1491,MONDO:0004985,1,0
CHEMBL1491,MONDO:0005027,1,0
CHEMBL1491,MONDO:0005090,1,0
CHEMBL1491,MONDO:0005098,1,1
CHEMBL1491,MONDO:0005180,1,0
CHEMBL1491,MONDO:0005277,1,0
CHEMBL1491,MONDO:0005301,1,0
CHEMBL1491,MONDO:0005618,1,0
CHEMBL1491,MONDO:0007743,1,0
CHEMBL1492500,MONDO:0001627,1,0
CHEMBL1492500,MONDO:0002009,1,1
CHEMBL1492500,MONDO:0004975,1,0
CHEMBL1492500,MONDO:0004985,1,0
CHEMBL1492500,MONDO:0005027,1,0
CHEMBL1492500,MONDO:0005090,1,0
CHEMBL1492500,MONDO:0005098,1,0
CHEMBL1492500,MONDO:0005180,1,0
CHEMBL1492500,MONDO:0005277,1,0
CHEMBL1492500,MONDO:0005301,1,0
CHEMBL1492500,MONDO:0005618,1,1
CHEMBL1492500,MONDO:0007743,1,0
CHEMBL1495,MONDO:0001627,1,0
CHEMBL1495,MONDO:0002009,1,0
CHEMBL1495,MONDO:0004975,1,0
CHEMBL1495,MONDO:0004985,1,0
CHEMBL1495,MONDO:0005027,1,0
CHEMBL1495,MONDO:0005090,1,0
CHEMBL1495,MONDO:0005098,1,0
CHEMBL1495,MONDO:0005180,1,0
CHEMBL1495,MONDO:0005277,1,0
CHEMBL1495,MONDO:0005301,1,0
CHEMBL1495,MONDO:0005618,1,1
CHEMBL1495,MONDO:0007743,1,0
CHEMBL1496,MONDO:0001627,1,0
CHEMBL1496,MONDO:0002009,1,0
CHEMBL1496,MONDO:0004975,1,0
CHEMBL1496,MONDO:0004985,1,0
CHEMBL1496,MONDO:0005027,1,0
CHEMBL1496,MONDO:0005090,1,0
CHEMBL1496,MONDO:0005098,1,1
CHEMBL1496,MONDO:0005180,1,0
CHEMBL1496,MONDO:0005277,1,0
CHEMBL1496,MONDO:0005301,1,0
CHEMBL1496,MONDO:0005618,1,0
CHEMBL1496,MONDO:0007743,1,0
CHEMBL1505,MONDO:0001627,1,0
CHEMBL1505,MONDO:0002009,1,0
CHEMBL1505,MONDO:0004975,1,0
CHEMBL1505,MONDO:0004985,1,0
CHEMBL1505,MONDO:0005027,1,0
CHEMBL1505,MONDO:0005090,1,0
CHEMBL1505,MONDO:0005098,1,1
CHEMBL1505,MONDO:0005180,1,0
CHEMBL1505,MONDO:0005277,1,1
CHEMBL1505,MONDO:0005301,1,0
CHEMBL1505,MONDO:0005618,1,0
CHEMBL1505,MONDO:0007743,1,0
CHEMBL1508,MONDO:0001627,1,0
CHEMBL1508,MONDO:0002009,1,1
CHEMBL1508,MONDO:0004975,1,0
CHEMBL1508,MONDO:0004985,1,1
CHEMBL1508,MONDO:0005027,1,1
CHEMBL1508,MONDO:0005090,1,0
CHEMBL1508,MONDO:0005098,1,0
CHEMBL1508,MONDO:0005180,1,0
CHEMBL1508,MONDO:0005277,1,0
CHEMBL1508,MONDO:0005301,1,0
CHEMBL1508,MONDO:0005618,1,1
CHEMBL1508,MONDO:0007743,1,0
CHEMBL1509,MONDO:0001627,1,1
CHEMBL1509,MONDO:0002009,1,0
CHEMBL1509,MONDO:0004975,1,0
CHEMBL1509,MONDO:0004985,1,0
CHEMBL1509,MONDO:0005027,1,1
CHEMBL1509,MONDO:0005090,1,0
CHEMBL1509,MONDO:0005098,1,1
CHEMBL1509,MONDO:0005180,1,0
CHEMBL1509,MONDO:0005277,1,1
CHEMBL1509,MONDO:0005301,1,0
CHEMBL1509,MONDO:0005618,1,1
CHEMBL1509,MONDO:0007743,1,0
CHEMBL1510,MONDO:0001627,1,0
CHEMBL1510,MONDO:0002009,1,0
CHEMBL1510,MONDO:0004975,1,0
CHEMBL1510,MONDO:0004985,1,0
CHEMBL1510,MONDO:0005027,1,0
CHEMBL1510,MONDO:0005090,1,0
CHEMBL1510,MONDO:0005098,1,1
CHEMBL1510,MONDO:0005180,1,0
CHEMBL1510,MONDO:0005277,1,1
CHEMBL1510,MONDO:0005301,1,0
CHEMBL1510,MONDO:0005618,1,0
CHEMBL1510,MONDO:0007743,1,0
CHEMBL1511,MONDO:0001627,1,1
CHEMBL1511,MONDO:0002009,1,0
CHEMBL1511,MONDO:0004975,1,0
CHEMBL1511,MONDO:0004985,1,0
CHEMBL1511,MONDO:0005027,1,1
CHEMBL1511,MONDO:0005090,1,0
CHEMBL1511,MONDO:0005098,1,1
CHEMBL1511,MONDO:0005180,1,0
CHEMBL1511,MONDO:0005277,1,1
CHEMBL1511,MONDO:0005301,1,0
CHEMBL1511,MONDO:0005618,1,1
CHEMBL1511,MONDO:0007743,1,0
CHEMBL1520,MONDO:0001627,1,0
CHEMBL1520,MONDO:0002009,1,0
CHEMBL1520,MONDO:0004975,1,0
CHEMBL1520,MONDO:0004985,1,0
CHEMBL1520,MONDO:0005027,1,0
CHEMBL1520,MONDO:0005090,1,0
CHEMBL1520,MONDO:0005098,1,1
CHEMBL1520,MONDO:0005180,1,0
CHEMBL1520,MONDO:0005277,1,0
CHEMBL1520,MONDO:0005301,1,0
CHEMBL1520,MONDO:0005618,1,0
CHEMBL1520,MONDO:0007743,1,0
CHEMBL1521,MONDO:0001627,1,0
CHEMBL1521,MONDO:0002009,1,0
CHEMBL1521,MONDO:0004975,1,0
CHEMBL1521,MONDO:0004985,1,0
CHEMBL1521,MONDO:0005027,1,0
CHEMBL1521,MONDO:0005090,1,0
CHEMBL1521,MONDO:0005098,1,0
CHEMBL1521,MONDO:0005180,1,0
CHEMBL1521,MONDO:0005277,1,0
CHEMBL1521,MONDO:0005301,1,0
CHEMBL1521,MONDO:0005618,1,1
CHEMBL1521,MONDO:0007743,1,0
CHEMBL1522,MONDO:0001627,1,0
CHEMBL1522,MONDO:0002009,1,0
CHEMBL1522,MONDO:0004975,1,0
CHEMBL1522,MONDO:0004985,1,0
CHEMBL1522,MONDO:0005027,1,0
CHEMBL1522,MONDO:0005090,1,0
CHEMBL1522,MONDO:0005098,1,0
CHEMBL1522,MONDO:0005180,1,0
CHEMBL1522,MONDO:0005277,1,0
CHEMBL1522,MONDO:0005301,1,0
CHEMBL1522,MONDO:0005618,1,1
CHEMBL1522,MONDO:0007743,1,0
CHEMBL15245,MONDO:0001627,1,0
CHEMBL15245,MONDO:0002009,1,0
CHEMBL15245,MONDO:0004975,1,0
CHEMBL15245,MONDO:0004985,1,0
CHEMBL15245,MONDO:0005027,1,0
CHEMBL15245,MONDO:0005090,1,0
CHEMBL15245,MONDO:0005098,1,0
CHEMBL15245,MONDO:0005180,1,0
CHEMBL15245,MONDO:0005277,1,0
CHEMBL15245,MONDO:0005301,1,0
CHEMBL15245,MONDO:0005618,1,1
CHEMBL15245,MONDO:0007743,1,0
CHEMBL1531,MONDO:0001627,1,1
CHEMBL1531,MONDO:0002009,1,0
CHEMBL1531,MONDO:0004975,1,0
CHEMBL1531,MONDO:0004985,1,0
CHEMBL1531,MONDO:0005027,1,1
CHEMBL1531,MONDO:0005090,1,0
CHEMBL1531,MONDO:0005098,1,1
CHEMBL1531,MONDO:0005180,1,0
CHEMBL1531,MONDO:0005277,1,1
CHEMBL1531,MONDO:0005301,1,0
CHEMBL1531,MONDO:0005618,1,1
CHEMBL1531,MONDO:0007743,1,0
CHEMBL1532,MONDO:0001627,1,0
CHEMBL1532,MONDO:0002009,1,0
CHEMBL1532,MONDO:0004975,1,0
CHEMBL1532,MONDO:0004985,1,0
CHEMBL1532,MONDO:0005027,1,1
CHEMBL1532,MONDO:0005090,1,0
CHEMBL1532,MONDO:0005098,1,0
CHEMBL1532,MONDO:0005180,1,0
CHEMBL1532,MONDO:0005277,1,0
CHEMBL1532,MONDO:0005301,1,0
CHEMBL1532,MONDO:0005618,1,1
CHEMBL1532,MONDO:0007743,1,0
CHEMBL1533,MONDO:0001627,1,1
CHEMBL1533,MONDO:0002009,1,0
CHEMBL1533,MONDO:0004975,1,0
CHEMBL1533,MONDO:0004985,1,0
CHEMBL1533,MONDO:0005027,1,1
CHEMBL1533,MONDO:0005090,1,0
CHEMBL1533,MONDO:0005098,1,1
CHEMBL1533,MONDO:0005180,1,0
CHEMBL1533,MONDO:0005277,1,1
CHEMBL1533,MONDO:0005301,1,0
CHEMBL1533,MONDO:0005618,1,1
CHEMBL1533,MONDO:0007743,1,0
CHEMBL1534,MONDO:0001627,1,0
CHEMBL1534,MONDO:0002009,1,0
CHEMBL1534,MONDO:0004975,1,0
CHEMBL1534,MONDO:0004985,1,0
CHEMBL1534,MONDO:0005027,1,1
CHEMBL1534,MONDO:0005090,1,0
CHEMBL1534,MONDO:0005098,1,0
CHEMBL1534,MONDO:0005180,1,0
CHEMBL1534,MONDO:0005277,1,0
CHEMBL1534,MONDO:0005301,1,0
CHEMBL1534,MONDO:0005618,1,1
CHEMBL1534,MONDO:0007743,1,0
CHEMBL1538,MONDO:0001627,1,0
CHEMBL1538,MONDO:0002009,1,0
CHEMBL1538,MONDO:0004975,1,0
CHEMBL1538,MONDO:0004985,1,0
CHEMBL1538,MONDO:0005027,1,1
CHEMBL1538,MONDO:0005090,1,0
CHEMBL1538,MONDO:0005098,1,0
CHEMBL1538,MONDO:0005180,1,0
CHEMBL1538,MONDO:0005277,1,0
CHEMBL1538,MONDO:0005301,1,0
CHEMBL1538,MONDO:0005618,1,1
CHEMBL1538,MONDO:0007743,1,0
CHEMBL1539,MONDO:0001627,1,0
CHEMBL1539,MONDO:0002009,1,0
CHEMBL1539,MONDO:0004975,1,0
CHEMBL1539,MONDO:0004985,1,0
CHEMBL1539,MONDO:0005027,1,1
CHEMBL1539,MONDO:0005090,1,0
CHEMBL1539,MONDO:0005098,1,0
CHEMBL1539,MONDO:0005180,1,0
CHEMBL1539,MONDO:0005277,1,0
CHEMBL1539,MONDO:0005301,1,0
CHEMBL1539,MONDO:0005618,1,0
CHEMBL1539,MONDO:0007743,1,0
CHEMBL154,MONDO:0001627,1,0
CHEMBL154,MONDO:0002009,1,0
CHEMBL154,MONDO:0004975,1,0
CHEMBL154,MONDO:0004985,1,0
CHEMBL154,MONDO:0005027,1,1
CHEMBL154,MONDO:0005090,1,0
CHEMBL154,MONDO:0005098,1,1
CHEMBL154,MONDO:0005180,1,0
CHEMBL154,MONDO:0005277,1,1
CHEMBL154,MONDO:0005301,1,0
CHEMBL154,MONDO:0005618,1,0
CHEMBL154,MONDO:0007743,1,0
CHEMBL157138,MONDO:0001627,1,0
CHEMBL157138,MONDO:0002009,1,0
CHEMBL157138,MONDO:0004975,1,0
CHEMBL157138,MONDO:0004985,1,0
CHEMBL157138,MONDO:0005027,1,0
CHEMBL157138,MONDO:0005090,1,0
CHEMBL157138,MONDO:0005098,1,0
CHEMBL157138,MONDO:0005180,1,0
CHEMBL157138,MONDO:0005277,1,1
CHEMBL157138,MONDO:0005301,1,0
CHEMBL157138,MONDO:0005618,1,0
CHEMBL157138,MONDO:0007743,1,0
CHEMBL1572,MONDO:0001627,1,0
CHEMBL1572,MONDO:0002009,1,0
CHEMBL1572,MONDO:0004975,1,0
CHEMBL1572,MONDO:0004985,1,0
CHEMBL1572,MONDO:0005027,1,0
CHEMBL1572,MONDO:0005090,1,0
CHEMBL1572,MONDO:0005098,1,0
CHEMBL1572,MONDO:0005180,1,1
CHEMBL1572,MONDO:0005277,1,0
CHEMBL1572,MONDO:0005301,1,0
CHEMBL1572,MONDO:0005618,1,0
CHEMBL1572,MONDO:0007743,1,0
CHEMBL1575,MONDO:0001627,1,0
CHEMBL1575,MONDO:0002009,1,0
CHEMBL1575,MONDO:0004975,1,0
CHEMBL1575,MONDO:0004985,1,0
CHEMBL1575,MONDO:0005027,1,1
CHEMBL1575,MONDO:0005090,1,0
CHEMBL1575,MONDO:0005098,1,0
CHEMBL1575,MONDO:0005180,1,0
CHEMBL1575,MONDO:0005277,1,1
CHEMBL1575,MONDO:0005301,1,0
CHEMBL1575,MONDO:0005618,1,0
CHEMBL1575,MONDO:0007743,1,0
CHEMBL1577,MONDO:0001627,1,0
CHEMBL1577,MONDO:0002009,1,0
CHEMBL1577,MONDO:0004975,1,0
CHEMBL1577,MONDO:0004985,1,0
CHEMBL1577,MONDO:0005027,1,1
CHEMBL1577,MONDO:0005090,1,0
CHEMBL1577,MONDO:0005098,1,0
CHEMBL1577,MONDO:0005180,1,0
CHEMBL1577,MONDO:0005277,1,0
CHEMBL1577,MONDO:0005301,1,0
CHEMBL1577,MONDO:0005618,1,1
CHEMBL1577,MONDO:0007743,1,0
CHEMBL1587,MONDO:0001627,1,0
CHEMBL1587,MONDO:0002009,1,0
CHEMBL1587,MONDO:0004975,1,0
CHEMBL1587,MONDO:0004985,1,0
CHEMBL1587,MONDO:0005027,1,1
CHEMBL1587,MONDO:0005090,1,0
CHEMBL1587,MONDO:0005098,1,0
CHEMBL1587,MONDO:0005180,1,0
CHEMBL1587,MONDO:0005277,1,0
CHEMBL1587,MONDO:0005301,1,0
CHEMBL1587,MONDO:0005618,1,1
CHEMBL1587,MONDO:0007743,1,0
CHEMBL15891,MONDO:0001627,1,0
CHEMBL15891,MONDO:0002009,1,0
CHEMBL15891,MONDO:0004975,1,0
CHEMBL15891,MONDO:0004985,1,0
CHEMBL15891,MONDO:0005027,1,1
CHEMBL15891,MONDO:0005090,1,0
CHEMBL15891,MONDO:0005098,1,0
CHEMBL15891,MONDO:0005180,1,0
CHEMBL15891,MONDO:0005277,1,0
CHEMBL15891,MONDO:0005301,1,0
CHEMBL15891,MONDO:0005618,1,0
CHEMBL15891,MONDO:0007743,1,0
CHEMBL159,MONDO:0001627,1,0
CHEMBL159,MONDO:0002009,1,0
CHEMBL159,MONDO:0004975,1,0
CHEMBL159,MONDO:0004985,1,0
CHEMBL159,MONDO:0005027,1,0
CHEMBL159,MONDO:0005090,1,0
CHEMBL159,MONDO:0005098,1,0
CHEMBL159,MONDO:0005180,1,0
CHEMBL159,MONDO:0005277,1,0
CHEMBL159,MONDO:0005301,1,0
CHEMBL159,MONDO:0005618,1,1
CHEMBL159,MONDO:0007743,1,0
CHEMBL1590,MONDO:0001627,1,0
CHEMBL1590,MONDO:0002009,1,0
CHEMBL1590,MONDO:0004975,1,0
CHEMBL1590,MONDO:0004985,1,0
CHEMBL1590,MONDO:0005027,1,1
CHEMBL1590,MONDO:0005090,1,0
CHEMBL1590,MONDO:0005098,1,1
CHEMBL1590,MONDO:0005180,1,0
CHEMBL1590,MONDO:0005277,1,0
CHEMBL1590,MONDO:0005301,1,0
CHEMBL1590,MONDO:0005618,1,0
CHEMBL1590,MONDO:0007743,1,0
CHEMBL1595,MONDO:0001627,1,0
CHEMBL1595,MONDO:0002009,1,0
CHEMBL1595,MONDO:0004975,1,1
CHEMBL1595,MONDO:0004985,1,0
CHEMBL1595,MONDO:0005027,1,1
CHEMBL1595,MONDO:0005090,1,0
CHEMBL1595,MONDO:0005098,1,0
CHEMBL1595,MONDO:0005180,1,0
CHEMBL1595,MONDO:0005277,1,0
CHEMBL1595,MONDO:0005301,1,0
CHEMBL1595,MONDO:0005618,1,1
CHEMBL1595,MONDO:0007743,1,0
CHEMBL159776,MONDO:0001627,1,0
CHEMBL159776,MONDO:0002009,1,0
CHEMBL159776,MONDO:0004975,1,1
CHEMBL159776,MONDO:0004985,1,0
CHEMBL159776,MONDO:0005027,1,0
CHEMBL159776,MONDO:0005090,1,0
CHEMBL159776,MONDO:0005098,1,0
CHEMBL159776,MONDO:0005180,1,0
CHEMBL159776,MONDO:0005277,1,0
CHEMBL159776,MONDO:0005301,1,0
CHEMBL159776,MONDO:0005618,1,0
CHEMBL159776,MONDO:0007743,1,0
CHEMBL16,MONDO:0001627,1,0
CHEMBL16,MONDO:0002009,1,0
CHEMBL16,MONDO:0004975,1,0
CHEMBL16,MONDO:0004985,1,1
CHEMBL16,MONDO:0005027,1,1
CHEMBL16,MONDO:0005090,1,0
CHEMBL16,MONDO:0005098,1,0
CHEMBL16,MONDO:0005180,1,0
CHEMBL16,MONDO:0005277,1,0
CHEMBL16,MONDO:0005301,1,0
CHEMBL16,MONDO:0005618,1,1
CHEMBL16,MONDO:0007743,1,0
CHEMBL160,MONDO:0001627,1,0
CHEMBL160,MONDO:0002009,1,0
CHEMBL160,MONDO:0004975,1,0
CHEMBL160,MONDO:0004985,1,0
CHEMBL160,MONDO:0005027,1,1
CHEMBL160,MONDO:0005090,1,0
CHEMBL160,MONDO:0005098,1,0
CHEMBL160,MONDO:0005180,1,0
CHEMBL160,MONDO:0005277,1,0
CHEMBL160,MONDO:0005301,1,0
CHEMBL160,MONDO:0005618,1,0
CHEMBL160,MONDO:0007743,1,0
CHEMBL16073,MONDO:0001627,1,0
CHEMBL16073,MONDO:0002009,1,0
CHEMBL16073,MONDO:0004975,1,1
CHEMBL16073,MONDO:0004985,1,0
CHEMBL16073,MONDO:0005027,1,1
CHEMBL16073,MONDO:0005090,1,0
CHEMBL16073,MONDO:0005098,1,0
CHEMBL16073,MONDO:0005180,1,0
CHEMBL16073,MONDO:0005277,1,0
CHEMBL16073,MONDO:0005301,1,0
CHEMBL16073,MONDO:0005618,1,1
CHEMBL16073,MONDO:0007743,1,0
CHEMBL1618018,MONDO:0001627,1,0
CHEMBL1618018,MONDO:0002009,1,0
CHEMBL1618018,MONDO:0004975,1,0
CHEMBL1618018,MONDO:0004985,1,0
CHEMBL1618018,MONDO:0005027,1,1
CHEMBL1618018,MONDO:0005090,1,0
CHEMBL1618018,MONDO:0005098,1,0
CHEMBL1618018,MONDO:0005180,1,0
CHEMBL1618018,MONDO:0005277,1,0
CHEMBL1618018,MONDO:0005301,1,0
CHEMBL1618018,MONDO:0005618,1,1
CHEMBL1618018,MONDO:0007743,1,0
CHEMBL1621,MONDO:0001627,1,0
CHEMBL1621,MONDO:0002009,1,0
CHEMBL1621,MONDO:0004975,1,1
CHEMBL1621,MONDO:0004985,1,1
CHEMBL1621,MONDO:0005027,1,1
CHEMBL1621,MONDO:0005090,1,1
CHEMBL1621,MONDO:0005098,1,0
CHEMBL1621,MONDO:0005180,1,1
CHEMBL1621,MONDO:0005277,1,0
CHEMBL1621,MONDO:0005301,1,0
CHEMBL1621,MONDO:0005618,1,0
CHEMBL1621,MONDO:0007743,1,0
CHEMBL1621597,MONDO:0001627,1,0
CHEMBL1621597,MONDO:0002009,1,0
CHEMBL1621597,MONDO:0004975,1,0
CHEMBL1621597,MONDO:0004985,1,0
CHEMBL1621597,MONDO:0005027,1,1
CHEMBL1621597,MONDO:0005090,1,0
CHEMBL1621597,MONDO:0005098,1,0
CHEMBL1621597,MONDO:0005180,1,0
CHEMBL1621597,MONDO:0005277,1,0
CHEMBL1621597,MONDO:0005301,1,0
CHEMBL1621597,MONDO:0005618,1,0
CHEMBL1621597,MONDO:0007743,1,0
CHEMBL1622,MONDO:0001627,1,0
CHEMBL1622,MONDO:0002009,1,0
CHEMBL1622,MONDO:0004975,1,0
CHEMBL1622,MONDO:0004985,1,1
CHEMBL1622,MONDO:0005027,1,0
CHEMBL1622,MONDO:0005090,1,0
CHEMBL1622,MONDO:0005098,1,0
CHEMBL1622,MONDO:0005180,1,0
CHEMBL1622,MONDO:0005277,1,0
CHEMBL1622,MONDO:0005301,1,0
CHEMBL1622,MONDO:0005618,1,0
CHEMBL1622,MONDO:0007743,1,0
CHEMBL1623765,MONDO:0001627,0,0
CHEMBL1623765,MONDO:0002009,0,0
CHEMBL1623765,MONDO:0004975,0,0
CHEMBL1623765,MONDO:0004985,0,0
CHEMBL1623765,MONDO:0005027,0,1
CHEMBL1623765,MONDO:0005090,0,0
CHEMBL1623765,MONDO:0005098,0,0
CHEMBL1623765,MONDO:0005180,0,0
CHEMBL1623765,MONDO:0005277,0,0
CHEMBL1623765,MONDO:0005301,0,0
CHEMBL1623765,MONDO:0005618,0,0
CHEMBL1623765,MONDO:0007743,0,0
CHEMBL1628227,MONDO:0001627,1,0
CHEMBL1628227,MONDO:0002009,1,0
CHEMBL1628227,MONDO:0004975,1,0
CHEMBL1628227,MONDO:0004985,1,1
CHEMBL1628227,MONDO:0005027,1,1
CHEMBL1628227,MONDO:0005090,1,0
CHEMBL1628227,MONDO:0005098,1,0
CHEMBL1628227,MONDO:0005180,1,0
CHEMBL1628227,MONDO:0005277,1,0
CHEMBL1628227,MONDO:0005301,1,0
CHEMBL1628227,MONDO:0005618,1,1
CHEMBL1628227,MONDO:0007743,1,0
CHEMBL1628502,MONDO:0001627,1,0
CHEMBL1628502,MONDO:0002009,1,0
CHEMBL1628502,MONDO:0004975,1,0
CHEMBL1628502,MONDO:0004985,1,0
CHEMBL1628502,MONDO:0005027,1,0
CHEMBL1628502,MONDO:0005090,1,0
CHEMBL1628502,MONDO:0005098,1,0
CHEMBL1628502,MONDO:0005180,1,0
CHEMBL1628502,MONDO:0005277,1,0
CHEMBL1628502,MONDO:0005301,1,0
CHEMBL1628502,MONDO:0005618,1,1
CHEMBL1628502,MONDO:0007743,1,0
CHEMBL1650,MONDO:0001627,1,0
CHEMBL1650,MONDO:0002009,1,0
CHEMBL1650,MONDO:0004975,1,0
CHEMBL1650,MONDO:0004985,1,0
CHEMBL1650,MONDO:0005027,1,1
CHEMBL1650,MONDO:0005090,1,0
CHEMBL1650,MONDO:0005098,1,0
CHEMBL1650,MONDO:0005180,1,0
CHEMBL1650,MONDO:0005277,1,0
CHEMBL1650,MONDO:0005301,1,1
CHEMBL1650,MONDO:0005618,1,0
CHEMBL1650,MONDO:0007743,1,0
CHEMBL1652,MONDO:0001627,1,0
CHEMBL1652,MONDO:0002009,1,0
CHEMBL1652,MONDO:0004975,1,0
CHEMBL1652,MONDO:0004985,1,0
CHEMBL1652,MONDO:0005027,1,0
CHEMBL1652,MONDO:0005090,1,0
CHEMBL1652,MONDO:0005098,1,0
CHEMBL1652,MONDO:0005180,1,1
CHEMBL1652,MONDO:0005277,1,0
CHEMBL1652,MONDO:0005301,1,0
CHEMBL1652,MONDO:0005618,1,0
CHEMBL1652,MONDO:0007743,1,0
CHEMBL1684,MONDO:0001627,1,0
CHEMBL1684,MONDO:0002009,1,0
CHEMBL1684,MONDO:0004975,1,0
CHEMBL1684,MONDO:0004985,1,0
CHEMBL1684,MONDO:0005027,1,0
CHEMBL1684,MONDO:0005090,1,0
CHEMBL1684,MONDO:0005098,1,0
CHEMBL1684,MONDO:0005180,1,0
CHEMBL1684,MONDO:0005277,1,0
CHEMBL1684,MONDO:0005301,1,0
CHEMBL1684,MONDO:0005618,1,1
CHEMBL1684,MONDO:0007743,1,0
CHEMBL1697733,MONDO:0001627,1,0
CHEMBL1697733,MONDO:0002009,1,0
CHEMBL1697733,MONDO:0004975,1,1
CHEMBL1697733,MONDO:0004985,1,0
CHEMBL1697733,MONDO:0005027,1,1
CHEMBL1697733,MONDO:0005090,1,0
CHEMBL1697733,MONDO:0005098,1,0
CHEMBL1697733,MONDO:0005180,1,0
CHEMBL1697733,MONDO:0005277,1,0
CHEMBL1697733,MONDO:0005301,1,0
CHEMBL1697733,MONDO:0005618,1,0
CHEMBL1697733,MONDO:0007743,1,0
CHEMBL1697766,MONDO:0001627,1,0
CHEMBL1697766,MONDO:0002009,1,0
CHEMBL1697766,MONDO:0004975,1,1
CHEMBL1697766,MONDO:0004985,1,0
CHEMBL1697766,MONDO:0005027,1,1
CHEMBL1697766,MONDO:0005090,1,1
CHEMBL1697766,MONDO:0005098,1,0
CHEMBL1697766,MONDO:0005180,1,1
CHEMBL1697766,MONDO:0005277,1,0
CHEMBL1697766,MONDO:0005301,1,0
CHEMBL1697766,MONDO:0005618,1,0
CHEMBL1697766,MONDO:0007743,1,0
CHEMBL1697841,MONDO:0001627,1,0
CHEMBL1697841,MONDO:0002009,1,0
CHEMBL1697841,MONDO:0004975,1,0
CHEMBL1697841,MONDO:0004985,1,0
CHEMBL1697841,MONDO:0005027,1,1
CHEMBL1697841,MONDO:0005090,1,0
CHEMBL1697841,MONDO:0005098,1,0
CHEMBL1697841,MONDO:0005180,1,0
CHEMBL1697841,MONDO:0005277,1,1
CHEMBL1697841,MONDO:0005301,1,0
CHEMBL1697841,MONDO:0005618,1,1
CHEMBL1697841,MONDO:0007743,1,0
CHEMBL170797,MONDO:0001627,0,0
CHEMBL170797,MONDO:0002009,0,0
CHEMBL170797,MONDO:0004975,0,0
CHEMBL170797,MONDO:0004985,0,0
CHEMBL170797,MONDO:0005027,0,1
CHEMBL170797,MONDO:0005090,0,0
CHEMBL170797,MONDO:0005098,0,0
CHEMBL170797,MONDO:0005180,0,0
CHEMBL170797,MONDO:0005277,0,0
CHEMBL170797,MONDO:0005301,0,0
CHEMBL170797,MONDO:0005618,0,0
CHEMBL170797,MONDO:0007743,0,0
CHEMBL1729,MONDO:0001627,1,0
CHEMBL1729,MONDO:0002009,1,0
CHEMBL1729,MONDO:0004975,1,0
CHEMBL1729,MONDO:0004985,1,0
CHEMBL1729,MONDO:0005027,1,1
CHEMBL1729,MONDO:0005090,1,0
CHEMBL1729,MONDO:0005098,1,0
CHEMBL1729,MONDO:0005180,1,0
CHEMBL1729,MONDO:0005277,1,0
CHEMBL1729,MONDO:0005301,1,0
CHEMBL1729,MONDO:0005618,1,0
CHEMBL1729,MONDO:0007743,1,0
CHEMBL1732,MONDO:0001627,1,0
CHEMBL1732,MONDO:0002009,1,0
CHEMBL1732,MONDO:0004975,1,0
CHEMBL1732,MONDO:0004985,1,0
CHEMBL1732,MONDO:0005027,1,0
CHEMBL1732,MONDO:0005090,1,0
CHEMBL1732,MONDO:0005098,1,0
CHEMBL1732,MONDO:0005180,1,0
CHEMBL1732,MONDO:0005277,1,1
CHEMBL1732,MONDO:0005301,1,0
CHEMBL1732,MONDO:0005618,1,0
CHEMBL1732,MONDO:0007743,1,0
CHEMBL1747,MONDO:0001627,1,0
CHEMBL1747,MONDO:0002009,1,0
CHEMBL1747,MONDO:0004975,1,0
CHEMBL1747,MONDO:0004985,1,0
CHEMBL1747,MONDO:0005027,1,0
CHEMBL1747,MONDO:0005090,1,0
CHEMBL1747,MONDO:0005098,1,0
CHEMBL1747,MONDO:0005180,1,1
CHEMBL1747,MONDO:0005277,1,0
CHEMBL1747,MONDO:0005301,1,0
CHEMBL1747,MONDO:0005618,1,0
CHEMBL1747,MONDO:0007743,1,0
CHEMBL1752,MONDO:0001627,1,0
CHEMBL1752,MONDO:0002009,1,0
CHEMBL1752,MONDO:0004975,1,0
CHEMBL1752,MONDO:0004985,1,0
CHEMBL1752,MONDO:0005027,1,0
CHEMBL1752,MONDO:0005090,1,0
CHEMBL1752,MONDO:0005098,1,0
CHEMBL1752,MONDO:0005180,1,0
CHEMBL1752,MONDO:0005277,1,0
CHEMBL1752,MONDO:0005301,1,0
CHEMBL1752,MONDO:0005618,1,1
CHEMBL1752,MONDO:0007743,1,0
CHEMBL1754,MONDO:0001627,1,0
CHEMBL1754,MONDO:0002009,1,0
CHEMBL1754,MONDO:0004975,1,0
CHEMBL1754,MONDO:0004985,1,0
CHEMBL1754,MONDO:0005027,1,1
CHEMBL1754,MONDO:0005090,1,0
CHEMBL1754,MONDO:0005098,1,1
CHEMBL1754,MONDO:0005180,1,0
CHEMBL1754,MONDO:0005277,1,0
CHEMBL1754,MONDO:0005301,1,0
CHEMBL1754,MONDO:0005618,1,0
CHEMBL1754,MONDO:0007743,1,0
CHEMBL1760,MONDO:0001627,1,0
CHEMBL1760,MONDO:0002009,1,0
CHEMBL1760,MONDO:0004975,1,0
CHEMBL1760,MONDO:0004985,1,0
CHEMBL1760,MONDO:0005027,1,1
CHEMBL1760,MONDO:0005090,1,0
CHEMBL1760,MONDO:0005098,1,0
CHEMBL1760,MONDO:0005180,1,0
CHEMBL1760,MONDO:0005277,1,0
CHEMBL1760,MONDO:0005301,1,0
CHEMBL1760,MONDO:0005618,1,0
CHEMBL1760,MONDO:0007743,1,0
CHEMBL1763,MONDO:0001627,1,0
CHEMBL1763,MONDO:0002009,1,0
CHEMBL1763,MONDO:0004975,1,0
CHEMBL1763,MONDO:0004985,1,0
CHEMBL1763,MONDO:0005027,1,1
CHEMBL1763,MONDO:0005090,1,0
CHEMBL1763,MONDO:0005098,1,0
CHEMBL1763,MONDO:0005180,1,0
CHEMBL1763,MONDO:0005277,1,0
CHEMBL1763,MONDO:0005301,1,0
CHEMBL1763,MONDO:0005618,1,1
CHEMBL1763,MONDO:0007743,1,0
CHEMBL1764,MONDO:0001627,1,0
CHEMBL1764,MONDO:0002009,1,0
CHEMBL1764,MONDO:0004975,1,1
CHEMBL1764,MONDO:0004985,1,0
CHEMBL1764,MONDO:0005027,1,1
CHEMBL1764,MONDO:0005090,1,0
CHEMBL1764,MONDO:0005098,1,0
CHEMBL1764,MONDO:0005180,1,1
CHEMBL1764,MONDO:0005277,1,0
CHEMBL1764,MONDO:0005301,1,0
CHEMBL1764,MONDO:0005618,1,0
CHEMBL1764,MONDO:0007743,1,0
CHEMBL177,MONDO:0001627,1,0
CHEMBL177,MONDO:0002009,1,0
CHEMBL177,MONDO:0004975,1,0
CHEMBL177,MONDO:0004985,1,0
CHEMBL177,MONDO:0005027,1,0
CHEMBL177,MONDO:0005090,1,0
CHEMBL177,MONDO:0005098,1,0
CHEMBL177,MONDO:0005180,1,1
CHEMBL177,MONDO:0005277,1,0
CHEMBL177,MONDO:0005301,1,0
CHEMBL177,MONDO:0005618,1,0
CHEMBL177,MONDO:0007743,1,0
CHEMBL178,MONDO:0001627,1,0
CHEMBL178,MONDO:0002009,1,0
CHEMBL178,MONDO:0004975,1,0
CHEMBL178,MONDO:0004985,1,0
CHEMBL178,MONDO:0005027,1,1
CHEMBL178,MONDO:0005090,1,0
CHEMBL178,MONDO:0005098,1,0
CHEMBL178,MONDO:0005180,1,0
CHEMBL178,MONDO:0005277,1,0
CHEMBL178,MONDO:0005301,1,0
CHEMBL178,MONDO:0005618,1,0
CHEMBL178,MONDO:0007743,1,0
CHEMBL178803,MONDO:0001627,1,0
CHEMBL178803,MONDO:0002009,1,0
CHEMBL178803,MONDO:0004975,1,0
CHEMBL178803,MONDO:0004985,1,0
CHEMBL178803,MONDO:0005027,1,0
CHEMBL178803,MONDO:0005090,1,1
CHEMBL178803,MONDO:0005098,1,0
CHEMBL178803,MONDO:0005180,1,0
CHEMBL178803,MONDO:0005277,1,0
CHEMBL178803,MONDO:0005301,1,0
CHEMBL178803,MONDO:0005618,1,0
CHEMBL178803,MONDO:0007743,1,0
CHEMBL18116,MONDO:0001627,1,0
CHEMBL18116,MONDO:0002009,1,0
CHEMBL18116,MONDO:0004975,1,0
CHEMBL18116,MONDO:0004985,1,0
CHEMBL18116,MONDO:0005027,1,0
CHEMBL18116,MONDO:0005090,1,0
CHEMBL18116,MONDO:0005098,1,0
CHEMBL18116,MONDO:0005180,1,0
CHEMBL18116,MONDO:0005277,1,0
CHEMBL18116,MONDO:0005301,1,0
CHEMBL18116,MONDO:0005618,1,1
CHEMBL18116,MONDO:0007743,1,0
CHEMBL184,MONDO:0001627,1,0
CHEMBL184,MONDO:0002009,1,0
CHEMBL184,MONDO:0004975,1,0
CHEMBL184,MONDO:0004985,1,0
CHEMBL184,MONDO:0005027,1,0
CHEMBL184,MONDO:0005090,1,0
CHEMBL184,MONDO:0005098,1,1
CHEMBL184,MONDO:0005180,1,0
CHEMBL184,MONDO:0005277,1,0
CHEMBL184,MONDO:0005301,1,0
CHEMBL184,MONDO:0005618,1,0
CHEMBL184,MONDO:0007743,1,0
CHEMBL186,MONDO:0001627,1,0
CHEMBL186,MONDO:0002009,1,0
CHEMBL186,MONDO:0004975,1,0
CHEMBL186,MONDO:0004985,1,0
CHEMBL186,MONDO:0005027,1,1
CHEMBL186,MONDO:0005090,1,0
CHEMBL186,MONDO:0005098,1,0
CHEMBL186,MONDO:0005180,1,0
CHEMBL186,MONDO:0005277,1,0
CHEMBL186,MONDO:0005301,1,0
CHEMBL186,MONDO:0005618,1,0
CHEMBL186,MONDO:0007743,1,0
CHEMBL186720,MONDO:0001627,1,0
CHEMBL186720,MONDO:0002009,1,0
CHEMBL186720,MONDO:0004975,1,1
CHEMBL186720,MONDO:0004985,1,0
CHEMBL186720,MONDO:0005027,1,1
CHEMBL186720,MONDO:0005090,1,0
CHEMBL186720,MONDO:0005098,1,0
CHEMBL186720,MONDO:0005180,1,0
CHEMBL186720,MONDO:0005277,1,0
CHEMBL186720,MONDO:0005301,1,0
CHEMBL186720,MONDO:0005618,1,1
CHEMBL186720,MONDO:0007743,1,0
CHEMBL19019,MONDO:0001627,1,0
CHEMBL19019,MONDO:0002009,1,0
CHEMBL19019,MONDO:0004975,1,0
CHEMBL19019,MONDO:0004985,1,0
CHEMBL19019,MONDO:0005027,1,1
CHEMBL19019,MONDO:0005090,1,0
CHEMBL19019,MONDO:0005098,1,0
CHEMBL19019,MONDO:0005180,1,0
CHEMBL19019,MONDO:0005277,1,0
CHEMBL19019,MONDO:0005301,1,0
CHEMBL19019,MONDO:0005618,1,1
CHEMBL19019,MONDO:0007743,1,0
CHEMBL1909283,MONDO:0001627,0,0
CHEMBL1909283,MONDO:0002009,0,0
CHEMBL1909283,MONDO:0004975,0,0
CHEMBL1909283,MONDO:0004985,0,0
CHEMBL1909283,MONDO:0005027,0,0
CHEMBL1909283,MONDO:0005090,0,0
CHEMBL1909283,MONDO:0005098,0,0
CHEMBL1909283,MONDO:0005180,0,0
CHEMBL1909283,MONDO:0005277,0,0
CHEMBL1909283,MONDO:0005301,0,0
CHEMBL1909283,MONDO:0005618,0,1
CHEMBL1909283,MONDO:0007743,0,0
CHEMBL192,MONDO:0001627,1,0
CHEMBL192,MONDO:0002009,1,0
CHEMBL192,MONDO:0004975,1,0
CHEMBL192,MONDO:0004985,1,0
CHEMBL192,MONDO:0005027,1,0
CHEMBL192,MONDO:0005090,1,0
CHEMBL192,MONDO:0005098,1,1
CHEMBL192,MONDO:0005180,1,0
CHEMBL192,MONDO:0005277,1,0
CHEMBL192,MONDO:0005301,1,0
CHEMBL192,MONDO:0005618,1,0
CHEMBL192,MONDO:0007743,1,0
CHEMBL193240,MONDO:0001627,1,0
CHEMBL193240,MONDO:0002009,1,0
CHEMBL193240,MONDO:0004975,1,0
CHEMBL193240,MONDO:0004985,1,0
CHEMBL193240,MONDO:0005027,1,0
CHEMBL193240,MONDO:0005090,1,0
CHEMBL193240,MONDO:0005098,1,0
CHEMBL193240,MONDO:0005180,1,0
CHEMBL193240,MONDO:0005277,1,0
CHEMBL193240,MONDO:0005301,1,0
CHEMBL193240,MONDO:0005618,1,1
CHEMBL193240,MONDO:0007743,1,0
CHEMBL196,MONDO:0001627,1,0
CHEMBL196,MONDO:0002009,1,0
CHEMBL196,MONDO:0004975,1,0
CHEMBL196,MONDO:0004985,1,0
CHEMBL196,MONDO:0005027,1,1
CHEMBL196,MONDO:0005090,1,0
CHEMBL196,MONDO:0005098,1,0
CHEMBL196,MONDO:0005180,1,0
CHEMBL196,MONDO:0005277,1,0
CHEMBL196,MONDO:0005301,1,1
CHEMBL196,MONDO:0005618,1,0
CHEMBL196,MONDO:0007743,1,0
CHEMBL20,MONDO:0001627,1,0
CHEMBL20,MONDO:0002009,1,0
CHEMBL20,MONDO:0004975,1,0
CHEMBL20,MONDO:0004985,1,0
CHEMBL20,MONDO:0005027,1,1
CHEMBL20,MONDO:0005090,1,0
CHEMBL20,MONDO:0005098,1,0
CHEMBL20,MONDO:0005180,1,0
CHEMBL20,MONDO:0005277,1,0
CHEMBL20,MONDO:0005301,1,0
CHEMBL20,MONDO:0005618,1,0
CHEMBL20,MONDO:0007743,1,0
CHEMBL2028019,MONDO:0001627,1,0
CHEMBL2028019,MONDO:0002009,1,0
CHEMBL2028019,MONDO:0004975,1,0
CHEMBL2028019,MONDO:0004985,1,1
CHEMBL2028019,MONDO:0005027,1,0
CHEMBL2028019,MONDO:0005090,1,1
CHEMBL2028019,MONDO:0005098,1,0
CHEMBL2028019,MONDO:0005180,1,0
CHEMBL2028019,MONDO:0005277,1,0
CHEMBL2028019,MONDO:0005301,1,0
CHEMBL2028019,MONDO:0005618,1,0
CHEMBL2028019,MONDO:0007743,1,0
CHEMBL2103738,MONDO:0001627,1,0
CHEMBL2103738,MONDO:0002009,1,0
CHEMBL2103738,MONDO:0004975,1,0
CHEMBL2103738,MONDO:0004985,1,1
CHEMBL2103738,MONDO:0005027,1,0
CHEMBL2103738,MONDO:0005090,1,0
CHEMBL2103738,MONDO:0005098,1,0
CHEMBL2103738,MONDO:0005180,1,0
CHEMBL2103738,MONDO:0005277,1,0
CHEMBL2103738,MONDO:0005301,1,0
CHEMBL2103738,MONDO:0005618,1,0
CHEMBL2103738,MONDO:0007743,1,0
CHEMBL2103827,MONDO:0001627,1,0
CHEMBL2103827,MONDO:0002009,1,0
CHEMBL2103827,MONDO:0004975,1,0
CHEMBL2103827,MONDO:0004985,1,0
CHEMBL2103827,MONDO:0005027,1,0
CHEMBL2103827,MONDO:0005090,1,0
CHEMBL2103827,MONDO:0005098,1,0
CHEMBL2103827,MONDO:0005180,1,1
CHEMBL2103827,MONDO:0005277,1,0
CHEMBL2103827,MONDO:0005301,1,0
CHEMBL2103827,MONDO:0005618,1,0
CHEMBL2103827,MONDO:0007743,1,0
CHEMBL2104164,MONDO:0001627,1,0
CHEMBL2104164,MONDO:0002009,1,0
CHEMBL2104164,MONDO:0004975,1,0
CHEMBL2104164,MONDO:0004985,1,0
CHEMBL2104164,MONDO:0005027,1,0
CHEMBL2104164,MONDO:0005090,1,0
CHEMBL2104164,MONDO:0005098,1,0
CHEMBL2104164,MONDO:0005180,1,0
CHEMBL2104164,MONDO:0005277,1,0
CHEMBL2104164,MONDO:0005301,1,0
CHEMBL2104164,MONDO:0005618,1,1
CHEMBL2104164,MONDO:0007743,1,0
CHEMBL2104895,MONDO:0001627,1,0
CHEMBL2104895,MONDO:0002009,1,0
CHEMBL2104895,MONDO:0004975,1,0
CHEMBL2104895,MONDO:0004985,1,0
CHEMBL2104895,MONDO:0005027,1,0
CHEMBL2104895,MONDO:0005090,1,0
CHEMBL2104895,MONDO:0005098,1,0
CHEMBL2104895,MONDO:0005180,1,0
CHEMBL2104895,MONDO:0005277,1,0
CHEMBL2104895,MONDO:0005301,1,0
CHEMBL2104895,MONDO:0005618,1,1
CHEMBL2104895,MONDO:0007743,1,0
CHEMBL2104993,MONDO:0001627,1,0
CHEMBL2104993,MONDO:0002009,1,1
CHEMBL2104993,MONDO:0004975,1,0
CHEMBL2104993,MONDO:0004985,1,0
CHEMBL2104993,MONDO:0005027,1,0
CHEMBL2104993,MONDO:0005090,1,0
CHEMBL2104993,MONDO:0005098,1,0
CHEMBL2104993,MONDO:0005180,1,0
CHEMBL2104993,MONDO:0005277,1,0
CHEMBL2104993,MONDO:0005301,1,0
CHEMBL2104993,MONDO:0005618,1,1
CHEMBL2104993,MONDO:0007743,1,0
CHEMBL2105760,MONDO:0001627,1,0
CHEMBL2105760,MONDO:0002009,1,1
CHEMBL2105760,MONDO:0004975,1,0
CHEMBL2105760,MONDO:0004985,1,0
CHEMBL2105760,MONDO:0005027,1,0
CHEMBL2105760,MONDO:0005090,1,1
CHEMBL2105760,MONDO:0005098,1,0
CHEMBL2105760,MONDO:0005180,1,0
CHEMBL2105760,MONDO:0005277,1,0
CHEMBL2105760,MONDO:0005301,1,0
CHEMBL2105760,MONDO:0005618,1,1
CHEMBL2105760,MONDO:0007743,1,0
CHEMBL2106119,MONDO:0001627,0,0
CHEMBL2106119,MONDO:0002009,0,0
CHEMBL2106119,MONDO:0004975,0,1
CHEMBL2106119,MONDO:0004985,0,0
CHEMBL2106119,MONDO:0005027,0,1
CHEMBL2106119,MONDO:0005090,0,0
CHEMBL2106119,MONDO:0005098,0,0
CHEMBL2106119,MONDO:0005180,0,0
CHEMBL2106119,MONDO:0005277,0,0
CHEMBL2106119,MONDO:0005301,0,0
CHEMBL2106119,MONDO:0005618,0,1
CHEMBL2106119,MONDO:0007743,0,0
CHEMBL2106411,MONDO:0001627,1,0
CHEMBL2106411,MONDO:0002009,1,0
CHEMBL2106411,MONDO:0004975,1,1
CHEMBL2106411,MONDO:0004985,1,0
CHEMBL2106411,MONDO:0005027,1,0
CHEMBL2106411,MONDO:0005090,1,0
CHEMBL2106411,MONDO:0005098,1,0
CHEMBL2106411,MONDO:0005180,1,0
CHEMBL2106411,MONDO:0005277,1,0
CHEMBL2106411,MONDO:0005301,1,0
CHEMBL2106411,MONDO:0005618,1,0
CHEMBL2106411,MONDO:0007743,1,0
CHEMBL2106650,MONDO:0001627,1,0
CHEMBL2106650,MONDO:0002009,1,0
CHEMBL2106650,MONDO:0004975,1,0
CHEMBL2106650,MONDO:0004985,1,0
CHEMBL2106650,MONDO:0005027,1,0
CHEMBL2106650,MONDO:0005090,1,1
CHEMBL2106650,MONDO:0005098,1,0
CHEMBL2106650,MONDO:0005180,1,0
CHEMBL2106650,MONDO:0005277,1,0
CHEMBL2106650,MONDO:0005301,1,0
CHEMBL2106650,MONDO:0005618,1,0
CHEMBL2106650,MONDO:0007743,1,0
CHEMBL2106989,MONDO:0001627,0,0
CHEMBL2106989,MONDO:0002009,0,0
CHEMBL2106989,MONDO:0004975,0,0
CHEMBL2106989,MONDO:0004985,0,0
CHEMBL2106989,MONDO:0005027,0,1
CHEMBL2106989,MONDO:0005090,0,0
CHEMBL2106989,MONDO:0005098,0,0
CHEMBL2106989,MONDO:0005180,0,0
CHEMBL2106989,MONDO:0005277,0,0
CHEMBL2106989,MONDO:0005301,0,0
CHEMBL2106989,MONDO:0005618,0,0
CHEMBL2106989,MONDO:0007743,0,0
CHEMBL2107011,MONDO:0001627,1,0
CHEMBL2107011,MONDO:0002009,1,0
CHEMBL2107011,MONDO:0004975,1,0
CHEMBL2107011,MONDO:0004985,1,0
CHEMBL2107011,MONDO:0005027,1,0
CHEMBL2107011,MONDO:0005090,1,1
CHEMBL2107011,MONDO:0005098,1,0
CHEMBL2107011,MONDO:0005180,1,0
CHEMBL2107011,MONDO:0005277,1,0
CHEMBL2107011,MONDO:0005301,1,0
CHEMBL2107011,MONDO:0005618,1,0
CHEMBL2107011,MONDO:0007743,1,0
CHEMBL2107576,MONDO:0001627,0,0
CHEMBL2107576,MONDO:0002009,0,0
CHEMBL2107576,MONDO:0004975,0,0
CHEMBL2107576,MONDO:0004985,0,0
CHEMBL2107576,MONDO:0005027,0,0
CHEMBL2107576,MONDO:0005090,0,0
CHEMBL2107576,MONDO:0005098,0,0
CHEMBL2107576,MONDO:0005180,0,0
CHEMBL2107576,MONDO:0005277,0,0
CHEMBL2107576,MONDO:0005301,0,0
CHEMBL2107576,MONDO:0005618,0,1
CHEMBL2107576,MONDO:0007743,0,0
CHEMBL2108139,MONDO:0001627,0,0
CHEMBL2108139,MONDO:0002009,0,0
CHEMBL2108139,MONDO:0004975,0,0
CHEMBL2108139,MONDO:0004985,0,0
CHEMBL2108139,MONDO:0005027,0,1
CHEMBL2108139,MONDO:0005090,0,0
CHEMBL2108139,MONDO:0005098,0,0
CHEMBL2108139,MONDO:0005180,0,0
CHEMBL2108139,MONDO:0005277,0,0
CHEMBL2108139,MONDO:0005301,0,0
CHEMBL2108139,MONDO:0005618,0,0
CHEMBL2108139,MONDO:0007743,0,0
CHEMBL2110809,MONDO:0001627,1,0
CHEMBL2110809,MONDO:0002009,1,0
CHEMBL2110809,MONDO:0004975,1,0
CHEMBL2110809,MONDO:0004985,1,0
CHEMBL2110809,MONDO:0005027,1,0
CHEMBL2110809,MONDO:0005090,1,0
CHEMBL2110809,MONDO:0005098,1,0
CHEMBL2110809,MONDO:0005180,1,0
CHEMBL2110809,MONDO:0005277,1,0
CHEMBL2110809,MONDO:0005301,1,0
CHEMBL2110809,MONDO:0005618,1,1
CHEMBL2110809,MONDO:0007743,1,0
CHEMBL2110816,MONDO:0001627,1,0
CHEMBL2110816,MONDO:0002009,1,0
CHEMBL2110816,MONDO:0004975,1,0
CHEMBL2110816,MONDO:0004985,1,0
CHEMBL2110816,MONDO:0005027,1,0
CHEMBL2110816,MONDO:0005090,1,0
CHEMBL2110816,MONDO:0005098,1,0
CHEMBL2110816,MONDO:0005180,1,0
CHEMBL2110816,MONDO:0005277,1,0
CHEMBL2110816,MONDO:0005301,1,0
CHEMBL2110816,MONDO:0005618,1,1
CHEMBL2110816,MONDO:0007743,1,0
CHEMBL2111101,MONDO:0001627,1,0
CHEMBL2111101,MONDO:0002009,1,0
CHEMBL2111101,MONDO:0004975,1,0
CHEMBL2111101,MONDO:0004985,1,0
CHEMBL2111101,MONDO:0005027,1,0
CHEMBL2111101,MONDO:0005090,1,0
CHEMBL2111101,MONDO:0005098,1,0
CHEMBL2111101,MONDO:0005180,1,1
CHEMBL2111101,MONDO:0005277,1,0
CHEMBL2111101,MONDO:0005301,1,0
CHEMBL2111101,MONDO:0005618,1,0
CHEMBL2111101,MONDO:0007743,1,0
CHEMBL2111164,MONDO:0001627,0,0
CHEMBL2111164,MONDO:0002009,0,0
CHEMBL2111164,MONDO:0004975,0,1
CHEMBL2111164,MONDO:0004985,0,1
CHEMBL2111164,MONDO:0005027,1,1
CHEMBL2111164,MONDO:0005090,1,1
CHEMBL2111164,MONDO:0005098,0,1
CHEMBL2111164,MONDO:0005180,0,0
CHEMBL2111164,MONDO:0005277,0,0
CHEMBL2111164,MONDO:0005301,0,0
CHEMBL2111164,MONDO:0005618,1,1
CHEMBL2111164,MONDO:0007743,0,0
CHEMBL211456,MONDO:0001627,1,0
CHEMBL211456,MONDO:0002009,1,0
CHEMBL211456,MONDO:0004975,1,0
CHEMBL211456,MONDO:0004985,1,0
CHEMBL211456,MONDO:0005027,1,1
CHEMBL211456,MONDO:0005090,1,0
CHEMBL211456,MONDO:0005098,1,1
CHEMBL211456,MONDO:0005180,1,0
CHEMBL211456,MONDO:0005277,1,0
CHEMBL211456,MONDO:0005301,1,0
CHEMBL211456,MONDO:0005618,1,1
CHEMBL211456,MONDO:0007743,1,0
CHEMBL21731,MONDO:0001627,1,0
CHEMBL21731,MONDO:0002009,1,0
CHEMBL21731,MONDO:0004975,1,0
CHEMBL21731,MONDO:0004985,1,1
CHEMBL21731,MONDO:0005027,1,1
CHEMBL21731,MONDO:0005090,1,0
CHEMBL21731,MONDO:0005098,1,1
CHEMBL21731,MONDO:0005180,1,0
CHEMBL21731,MONDO:0005277,1,0
CHEMBL21731,MONDO:0005301,1,0
CHEMBL21731,MONDO:0005618,1,1
CHEMBL21731,MONDO:0007743,1,0
CHEMBL2178422,MONDO:0001627,1,0
CHEMBL2178422,MONDO:0002009,1,0
CHEMBL2178422,MONDO:0004975,1,0
CHEMBL2178422,MONDO:0004985,1,0
CHEMBL2178422,MONDO:0005027,1,0
CHEMBL2178422,MONDO:0005090,1,0
CHEMBL2178422,MONDO:0005098,1,0
CHEMBL2178422,MONDO:0005180,1,0
CHEMBL2178422,MONDO:0005277,1,1
CHEMBL2178422,MONDO:0005301,1,0
CHEMBL2178422,MONDO:0005618,1,0
CHEMBL2178422,MONDO:0007743,1,0
CHEMBL220492,MONDO:0001627,1,0
CHEMBL220492,MONDO:0002009,1,0
CHEMBL220492,MONDO:0004975,1,0
CHEMBL220492,MONDO:0004985,1,0
CHEMBL220492,MONDO:0005027,1,0
CHEMBL220492,MONDO:0005090,1,0
CHEMBL220492,MONDO:0005098,1,0
CHEMBL220492,MONDO:0005180,1,0
CHEMBL220492,MONDO:0005277,1,0
CHEMBL220492,MONDO:0005301,1,0
CHEMBL220492,MONDO:0005618,1,1
CHEMBL220492,MONDO:0007743,1,0
CHEMBL22150,MONDO:0001627,1,0
CHEMBL22150,MONDO:0002009,1,0
CHEMBL22150,MONDO:0004975,1,0
CHEMBL22150,MONDO:0004985,1,0
CHEMBL22150,MONDO:0005027,1,1
CHEMBL22150,MONDO:0005090,1,0
CHEMBL22150,MONDO:0005098,1,0
CHEMBL22150,MONDO:0005180,1,0
CHEMBL22150,MONDO:0005277,1,0
CHEMBL22150,MONDO:0005301,1,0
CHEMBL22150,MONDO:0005618,1,0
CHEMBL22150,MONDO:0007743,1,0
CHEMBL2218896,MONDO:0001627,1,0
CHEMBL2218896,MONDO:0002009,1,0
CHEMBL2218896,MONDO:0004975,1,0
CHEMBL2218896,MONDO:0004985,1,0
CHEMBL2218896,MONDO:0005027,1,0
CHEMBL2218896,MONDO:0005090,1,1
CHEMBL2218896,MONDO:0005098,1,0
CHEMBL2218896,MONDO:0005180,1,0
CHEMBL2218896,MONDO:0005277,1,0
CHEMBL2218896,MONDO:0005301,1,0
CHEMBL2218896,MONDO:0005618,1,1
CHEMBL2218896,MONDO:0007743,1,0
CHEMBL2219425,MONDO:0001627,1,0
CHEMBL2219425,MONDO:0002009,1,0
CHEMBL2219425,MONDO:0004975,1,0
CHEMBL2219425,MONDO:0004985,1,0
CHEMBL2219425,MONDO:0005027,1,0
CHEMBL2219425,MONDO:0005090,1,1
CHEMBL2219425,MONDO:0005098,1,0
CHEMBL2219425,MONDO:0005180,1,0
CHEMBL2219425,MONDO:0005277,1,0
CHEMBL2219425,MONDO:0005301,1,0
CHEMBL2219425,MONDO:0005618,1,0
CHEMBL2219425,MONDO:0007743,1,0
CHEMBL2220442,MONDO:0001627,1,0
CHEMBL2220442,MONDO:0002009,1,0
CHEMBL2220442,MONDO:0004975,1,0
CHEMBL2220442,MONDO:0004985,1,0
CHEMBL2220442,MONDO:0005027,1,0
CHEMBL2220442,MONDO:0005090,1,0
CHEMBL2220442,MONDO:0005098,1,1
CHEMBL2220442,MONDO:0005180,1,0
CHEMBL2220442,MONDO:0005277,1,0
CHEMBL2220442,MONDO:0005301,1,0
CHEMBL2220442,MONDO:0005618,1,0
CHEMBL2220442,MONDO:0007743,1,0
CHEMBL222813,MONDO:0001627,1,0
CHEMBL222813,MONDO:0002009,1,0
CHEMBL222813,MONDO:0004975,1,0
CHEMBL222813,MONDO:0004985,1,0
CHEMBL222813,MONDO:0005027,1,1
CHEMBL222813,MONDO:0005090,1,0
CHEMBL222813,MONDO:0005098,1,0
CHEMBL222813,MONDO:0005180,1,0
CHEMBL222813,MONDO:0005277,1,0
CHEMBL222813,MONDO:0005301,1,0
CHEMBL222813,MONDO:0005618,1,0
CHEMBL222813,MONDO:0007743,1,0
CHEMBL223228,MONDO:0001627,1,0
CHEMBL223228,MONDO:0002009,1,0
CHEMBL223228,MONDO:0004975,1,0
CHEMBL223228,MONDO:0004985,1,0
CHEMBL223228,MONDO:0005027,1,1
CHEMBL223228,MONDO:0005090,1,0
CHEMBL223228,MONDO:0005098,1,0
CHEMBL223228,MONDO:0005180,1,0
CHEMBL223228,MONDO:0005277,1,0
CHEMBL223228,MONDO:0005301,1,0
CHEMBL223228,MONDO:0005618,1,1
CHEMBL223228,MONDO:0007743,1,0
CHEMBL2311030,MONDO:0001627,1,1
CHEMBL2311030,MONDO:0002009,1,0
CHEMBL2311030,MONDO:0004975,1,0
CHEMBL2311030,MONDO:0004985,1,0
CHEMBL2311030,MONDO:0005027,1,0
CHEMBL2311030,MONDO:0005090,1,0
CHEMBL2311030,MONDO:0005098,1,0
CHEMBL2311030,MONDO:0005180,1,0
CHEMBL2311030,MONDO:0005277,1,0
CHEMBL2311030,MONDO:0005301,1,0
CHEMBL2311030,MONDO:0005618,1,0
CHEMBL2311030,MONDO:0007743,1,0
CHEMBL2355051,MONDO:0001627,1,0
CHEMBL2355051,MONDO:0002009,1,0
CHEMBL2355051,MONDO:0004975,1,0
CHEMBL2355051,MONDO:0004985,1,0
CHEMBL2355051,MONDO:0005027,1,0
CHEMBL2355051,MONDO:0005090,1,0
CHEMBL2355051,MONDO:0005098,1,0
CHEMBL2355051,MONDO:0005180,1,0
CHEMBL2355051,MONDO:0005277,1,0
CHEMBL2355051,MONDO:0005301,1,0
CHEMBL2355051,MONDO:0005618,1,1
CHEMBL2355051,MONDO:0007743,1,0
CHEMBL2364638,MONDO:0001627,1,0
CHEMBL2364638,MONDO:0002009,1,0
CHEMBL2364638,MONDO:0004975,1,0
CHEMBL2364638,MONDO:0004985,1,0
CHEMBL2364638,MONDO:0005027,1,0
CHEMBL2364638,MONDO:0005090,1,0
CHEMBL2364638,MONDO:0005098,1,0
CHEMBL2364638,MONDO:0005180,1,0
CHEMBL2364638,MONDO:0005277,1,1
CHEMBL2364638,MONDO:0005301,1,0
CHEMBL2364638,MONDO:0005618,1,0
CHEMBL2364638,MONDO:0007743,1,0
CHEMBL2365712,MONDO:0001627,1,1
CHEMBL2365712,MONDO:0002009,1,0
CHEMBL2365712,MONDO:0004975,1,0
CHEMBL2365712,MONDO:0004985,1,0
CHEMBL2365712,MONDO:0005027,1,0
CHEMBL2365712,MONDO:0005090,1,0
CHEMBL2365712,MONDO:0005098,1,0
CHEMBL2365712,MONDO:0005180,1,0
CHEMBL2365712,MONDO:0005277,1,0
CHEMBL2365712,MONDO:0005301,1,0
CHEMBL2365712,MONDO:0005618,1,0
CHEMBL2365712,MONDO:0007743,1,0
CHEMBL24,MONDO:0001627,1,0
CHEMBL24,MONDO:0002009,1,0
CHEMBL24,MONDO:0004975,1,0
CHEMBL24,MONDO:0004985,1,0
CHEMBL24,MONDO:0005027,1,0
CHEMBL24,MONDO:0005090,1,0
CHEMBL24,MONDO:0005098,1,0
CHEMBL24,MONDO:0005180,1,0
CHEMBL24,MONDO:0005277,1,0
CHEMBL24,MONDO:0005301,1,0
CHEMBL24,MONDO:0005618,1,1
CHEMBL24,MONDO:0007743,1,0
CHEMBL24147,MONDO:0001627,1,0
CHEMBL24147,MONDO:0002009,1,0
CHEMBL24147,MONDO:0004975,1,0
CHEMBL24147,MONDO:0004985,1,0
CHEMBL24147,MONDO:0005027,1,1
CHEMBL24147,MONDO:0005090,1,0
CHEMBL24147,MONDO:0005098,1,0
CHEMBL24147,MONDO:0005180,1,0
CHEMBL24147,MONDO:0005277,1,0
CHEMBL24147,MONDO:0005301,1,0
CHEMBL24147,MONDO:0005618,1,0
CHEMBL24147,MONDO:0007743,1,0
CHEMBL248594,MONDO:0001627,1,0
CHEMBL248594,MONDO:0002009,1,0
CHEMBL248594,MONDO:0004975,1,0
CHEMBL248594,MONDO:0004985,1,0
CHEMBL248594,MONDO:0005027,1,0
CHEMBL248594,MONDO:0005090,1,0
CHEMBL248594,MONDO:0005098,1,1
CHEMBL248594,MONDO:0005180,1,0
CHEMBL248594,MONDO:0005277,1,0
CHEMBL248594,MONDO:0005301,1,0
CHEMBL248594,MONDO:0005618,1,0
CHEMBL248594,MONDO:0007743,1,0
CHEMBL25,MONDO:0001627,1,0
CHEMBL25,MONDO:0002009,1,0
CHEMBL25,MONDO:0004975,1,0
CHEMBL25,MONDO:0004985,1,0
CHEMBL25,MONDO:0005027,1,0
CHEMBL25,MONDO:0005090,1,0
CHEMBL25,MONDO:0005098,1,0
CHEMBL25,MONDO:0005180,1,0
CHEMBL25,MONDO:0005277,1,1
CHEMBL25,MONDO:0005301,1,0
CHEMBL25,MONDO:0005618,1,0
CHEMBL25,MONDO:0007743,1,0
CHEMBL259209,MONDO:0001627,1,0
CHEMBL259209,MONDO:0002009,1,0
CHEMBL259209,MONDO:0004975,1,0
CHEMBL259209,MONDO:0004985,1,0
CHEMBL259209,MONDO:0005027,1,1
CHEMBL259209,MONDO:0005090,1,0
CHEMBL259209,MONDO:0005098,1,0
CHEMBL259209,MONDO:0005180,1,0
CHEMBL259209,MONDO:0005277,1,0
CHEMBL259209,MONDO:0005301,1,0
CHEMBL259209,MONDO:0005618,1,0
CHEMBL259209,MONDO:0007743,1,0
CHEMBL26,MONDO:0001627,1,0
CHEMBL26,MONDO:0002009,1,0
CHEMBL26,MONDO:0004975,1,0
CHEMBL26,MONDO:0004985,1,0
CHEMBL26,MONDO:0005027,1,0
CHEMBL26,MONDO:0005090,1,1
CHEMBL26,MONDO:0005098,1,0
CHEMBL26,MONDO:0005180,1,0
CHEMBL26,MONDO:0005277,1,0
CHEMBL26,MONDO:0005301,1,0
CHEMBL26,MONDO:0005618,1,0
CHEMBL26,MONDO:0007743,1,0
CHEMBL267894,MONDO:0001627,1,0
CHEMBL267894,MONDO:0002009,1,0
CHEMBL267894,MONDO:0004975,1,0
CHEMBL267894,MONDO:0004985,1,0
CHEMBL267894,MONDO:0005027,1,1
CHEMBL267894,MONDO:0005090,1,0
CHEMBL267894,MONDO:0005098,1,0
CHEMBL267894,MONDO:0005180,1,0
CHEMBL267894,MONDO:0005277,1,0
CHEMBL267894,MONDO:0005301,1,0
CHEMBL267894,MONDO:0005618,1,1
CHEMBL267894,MONDO:0007743,1,0
CHEMBL27,MONDO:0001627,1,0
CHEMBL27,MONDO:0002009,1,0
CHEMBL27,MONDO:0004975,1,0
CHEMBL27,MONDO:0004985,1,0
CHEMBL27,MONDO:0005027,1,0
CHEMBL27,MONDO:0005090,1,0
CHEMBL27,MONDO:0005098,1,0
CHEMBL27,MONDO:0005180,1,0
CHEMBL27,MONDO:0005277,1,0
CHEMBL27,MONDO:0005301,1,0
CHEMBL27,MONDO:0005618,1,1
CHEMBL27,MONDO:0007743,1,0
CHEMBL27577,MONDO:0001627,1,0
CHEMBL27577,MONDO:0002009,1,0
CHEMBL27577,MONDO:0004975,1,1
CHEMBL27577,MONDO:0004985,1,0
CHEMBL27577,MONDO:0005027,1,1
CHEMBL27577,MONDO:0005090,1,0
CHEMBL27577,MONDO:0005098,1,0
CHEMBL27577,MONDO:0005180,1,0
CHEMBL27577,MONDO:0005277,1,0
CHEMBL27577,MONDO:0005301,1,0
CHEMBL27577,MONDO:0005618,1,1
CHEMBL27577,MONDO:0007743,1,0
CHEMBL276832,MONDO:0001627,1,0
CHEMBL276832,MONDO:0002009,1,0
CHEMBL276832,MONDO:0004975,1,0
CHEMBL276832,MONDO:0004985,1,0
CHEMBL276832,MONDO:0005027,1,1
CHEMBL276832,MONDO:0005090,1,0
CHEMBL276832,MONDO:0005098,1,1
CHEMBL276832,MONDO:0005180,1,0
CHEMBL276832,MONDO:0005277,1,0
CHEMBL276832,MONDO:0005301,1,0
CHEMBL276832,MONDO:0005618,1,1
CHEMBL276832,MONDO:0007743,1,0
CHEMBL277474,MONDO:0001627,1,0
CHEMBL277474,MONDO:0002009,1,0
CHEMBL277474,MONDO:0004975,1,0
CHEMBL277474,MONDO:0004985,1,0
CHEMBL277474,MONDO:0005027,1,0
CHEMBL277474,MONDO:0005090,1,0
CHEMBL277474,MONDO:0005098,1,0
CHEMBL277474,MONDO:0005180,1,0
CHEMBL277474,MONDO:0005277,1,1
CHEMBL277474,MONDO:0005301,1,0
CHEMBL277474,MONDO:0005618,1,0
CHEMBL277474,MONDO:0007743,1,0
CHEMBL278020,MONDO:0001627,1,0
CHEMBL278020,MONDO:0002009,1,0
CHEMBL278020,MONDO:0004975,1,0
CHEMBL278020,MONDO:0004985,1,0
CHEMBL278020,MONDO:0005027,1,1
CHEMBL278020,MONDO:0005090,1,0
CHEMBL278020,MONDO:0005098,1,0
CHEMBL278020,MONDO:0005180,1,0
CHEMBL278020,MONDO:0005277,1,0
CHEMBL278020,MONDO:0005301,1,0
CHEMBL278020,MONDO:0005618,1,0
CHEMBL278020,MONDO:0007743,1,0
CHEMBL278172,MONDO:0001627,1,0
CHEMBL278172,MONDO:0002009,1,0
CHEMBL278172,MONDO:0004975,1,0
CHEMBL278172,MONDO:0004985,1,0
CHEMBL278172,MONDO:0005027,1,1
CHEMBL278172,MONDO:0005090,1,0
CHEMBL278172,MONDO:0005098,1,0
CHEMBL278172,MONDO:0005180,1,0
CHEMBL278172,MONDO:0005277,1,0
CHEMBL278172,MONDO:0005301,1,0
CHEMBL278172,MONDO:0005618,1,1
CHEMBL278172,MONDO:0007743,1,0
CHEMBL284092,MONDO:0001627,1,0
CHEMBL284092,MONDO:0002009,1,1
CHEMBL284092,MONDO:0004975,1,0
CHEMBL284092,MONDO:0004985,1,0
CHEMBL284092,MONDO:0005027,1,0
CHEMBL284092,MONDO:0005090,1,0
CHEMBL284092,MONDO:0005098,1,0
CHEMBL284092,MONDO:0005180,1,0
CHEMBL284092,MONDO:0005277,1,0
CHEMBL284092,MONDO:0005301,1,0
CHEMBL284092,MONDO:0005618,1,1
CHEMBL284092,MONDO:0007743,1,0
CHEMBL284348,MONDO:0001627,1,0
CHEMBL284348,MONDO:0002009,1,0
CHEMBL284348,MONDO:0004975,1,0
CHEMBL284348,MONDO:0004985,1,0
CHEMBL284348,MONDO:0005027,1,1
CHEMBL284348,MONDO:0005090,1,0
CHEMBL284348,MONDO:0005098,1,0
CHEMBL284348,MONDO:0005180,1,0
CHEMBL284348,MONDO:0005277,1,0
CHEMBL284348,MONDO:0005301,1,1
CHEMBL284348,MONDO:0005618,1,0
CHEMBL284348,MONDO:0007743,1,0
CHEMBL285674,MONDO:0001627,1,0
CHEMBL285674,MONDO:0002009,1,0
CHEMBL285674,MONDO:0004975,1,0
CHEMBL285674,MONDO:0004985,1,0
CHEMBL285674,MONDO:0005027,1,0
CHEMBL285674,MONDO:0005090,1,0
CHEMBL285674,MONDO:0005098,1,0
CHEMBL285674,MONDO:0005180,1,0
CHEMBL285674,MONDO:0005277,1,0
CHEMBL285674,MONDO:0005301,1,0
CHEMBL285674,MONDO:0005618,1,1
CHEMBL285674,MONDO:0007743,1,0
CHEMBL290916,MONDO:0001627,1,0
CHEMBL290916,MONDO:0002009,1,0
CHEMBL290916,MONDO:0004975,1,0
CHEMBL290916,MONDO:0004985,1,0
CHEMBL290916,MONDO:0005027,1,0
CHEMBL290916,MONDO:0005090,1,0
CHEMBL290916,MONDO:0005098,1,1
CHEMBL290916,MONDO:0005180,1,0
CHEMBL290916,MONDO:0005277,1,0
CHEMBL290916,MONDO:0005301,1,0
CHEMBL290916,MONDO:0005618,1,0
CHEMBL290916,MONDO:0007743,1,0
CHEMBL294199,MONDO:0001627,1,0
CHEMBL294199,MONDO:0002009,1,0
CHEMBL294199,MONDO:0004975,1,0
CHEMBL294199,MONDO:0004985,1,0
CHEMBL294199,MONDO:0005027,1,1
CHEMBL294199,MONDO:0005090,1,0
CHEMBL294199,MONDO:0005098,1,1
CHEMBL294199,MONDO:0005180,1,0
CHEMBL294199,MONDO:0005277,1,0
CHEMBL294199,MONDO:0005301,1,0
CHEMBL294199,MONDO:0005618,1,0
CHEMBL294199,MONDO:0007743,1,0
CHEMBL301265,MONDO:0001627,1,0
CHEMBL301265,MONDO:0002009,1,0
CHEMBL301265,MONDO:0004975,1,0
CHEMBL301265,MONDO:0004985,1,0
CHEMBL301265,MONDO:0005027,1,0
CHEMBL301265,MONDO:0005090,1,0
CHEMBL301265,MONDO:0005098,1,0
CHEMBL301265,MONDO:0005180,1,1
CHEMBL301265,MONDO:0005277,1,0
CHEMBL301265,MONDO:0005301,1,0
CHEMBL301265,MONDO:0005618,1,0
CHEMBL301265,MONDO:0007743,1,0
CHEMBL3039520,MONDO:0001627,1,0
CHEMBL3039520,MONDO:0002009,1,0
CHEMBL3039520,MONDO:0004975,1,0
CHEMBL3039520,MONDO:0004985,1,0
CHEMBL3039520,MONDO:0005027,1,0
CHEMBL3039520,MONDO:0005090,1,0
CHEMBL3039520,MONDO:0005098,1,0
CHEMBL3039520,MONDO:0005180,1,0
CHEMBL3039520,MONDO:0005277,1,1
CHEMBL3039520,MONDO:0005301,1,0
CHEMBL3039520,MONDO:0005618,1,0
CHEMBL3039520,MONDO:0007743,1,0
CHEMBL3187365,MONDO:0001627,1,0
CHEMBL3187365,MONDO:0002009,1,0
CHEMBL3187365,MONDO:0004975,1,1
CHEMBL3187365,MONDO:0004985,1,1
CHEMBL3187365,MONDO:0005027,1,1
CHEMBL3187365,MONDO:0005090,1,1
CHEMBL3187365,MONDO:0005098,1,1
CHEMBL3187365,MONDO:0005180,1,0
CHEMBL3187365,MONDO:0005277,1,0
CHEMBL3187365,MONDO:0005301,1,0
CHEMBL3187365,MONDO:0005618,1,0
CHEMBL3187365,MONDO:0007743,1,0
CHEMBL32,MONDO:0001627,1,0
CHEMBL32,MONDO:0002009,1,0
CHEMBL32,MONDO:0004975,1,0
CHEMBL32,MONDO:0004985,1,0
CHEMBL32,MONDO:0005027,1,1
CHEMBL32,MONDO:0005090,1,0
CHEMBL32,MONDO:0005098,1,0
CHEMBL32,MONDO:0005180,1,0
CHEMBL32,MONDO:0005277,1,0
CHEMBL32,MONDO:0005301,1,0
CHEMBL32,MONDO:0005618,1,0
CHEMBL32,MONDO:0007743,1,0
CHEMBL32350,MONDO:0001627,1,0
CHEMBL32350,MONDO:0002009,1,0
CHEMBL32350,MONDO:0004975,1,0
CHEMBL32350,MONDO:0004985,1,0
CHEMBL32350,MONDO:0005027,1,0
CHEMBL32350,MONDO:0005090,1,0
CHEMBL32350,MONDO:0005098,1,0
CHEMBL32350,MONDO:0005180,1,0
CHEMBL32350,MONDO:0005277,1,0
CHEMBL32350,MONDO:0005301,1,0
CHEMBL32350,MONDO:0005618,1,1
CHEMBL32350,MONDO:0007743,1,0
CHEMBL3306803,MONDO:0001627,1,0
CHEMBL3306803,MONDO:0002009,1,0
CHEMBL3306803,MONDO:0004975,1,0
CHEMBL3306803,MONDO:0004985,1,0
CHEMBL3306803,MONDO:0005027,1,0
CHEMBL3306803,MONDO:0005090,1,1
CHEMBL3306803,MONDO:0005098,1,0
CHEMBL3306803,MONDO:0005180,1,0
CHEMBL3306803,MONDO:0005277,1,0
CHEMBL3306803,MONDO:0005301,1,0
CHEMBL3306803,MONDO:0005618,1,0
CHEMBL3306803,MONDO:0007743,1,0
CHEMBL33986,MONDO:0001627,1,0
CHEMBL33986,MONDO:0002009,1,0
CHEMBL33986,MONDO:0004975,1,0
CHEMBL33986,MONDO:0004985,1,0
CHEMBL33986,MONDO:0005027,1,0
CHEMBL33986,MONDO:0005090,1,0
CHEMBL33986,MONDO:0005098,1,0
CHEMBL33986,MONDO:0005180,1,0
CHEMBL33986,MONDO:0005277,1,1
CHEMBL33986,MONDO:0005301,1,0
CHEMBL33986,MONDO:0005618,1,0
CHEMBL33986,MONDO:0007743,1,0
CHEMBL3545985,MONDO:0001627,1,0
CHEMBL3545985,MONDO:0002009,1,0
CHEMBL3545985,MONDO:0004975,1,0
CHEMBL3545985,MONDO:0004985,1,1
CHEMBL3545985,MONDO:0005027,1,0
CHEMBL3545985,MONDO:0005090,1,0
CHEMBL3545985,MONDO:0005098,1,0
CHEMBL3545985,MONDO:0005180,1,0
CHEMBL3545985,MONDO:0005277,1,0
CHEMBL3545985,MONDO:0005301,1,0
CHEMBL3545985,MONDO:0005618,1,0
CHEMBL3545985,MONDO:0007743,1,0
CHEMBL36,MONDO:0001627,1,0
CHEMBL36,MONDO:0002009,1,0
CHEMBL36,MONDO:0004975,1,0
CHEMBL36,MONDO:0004985,1,0
CHEMBL36,MONDO:0005027,1,1
CHEMBL36,MONDO:0005090,1,0
CHEMBL36,MONDO:0005098,1,0
CHEMBL36,MONDO:0005180,1,0
CHEMBL36,MONDO:0005277,1,0
CHEMBL36,MONDO:0005301,1,0
CHEMBL36,MONDO:0005618,1,0
CHEMBL36,MONDO:0007743,1,0
CHEMBL364713,MONDO:0001627,1,0
CHEMBL364713,MONDO:0002009,1,0
CHEMBL364713,MONDO:0004975,1,0
CHEMBL364713,MONDO:0004985,1,0
CHEMBL364713,MONDO:0005027,1,1
CHEMBL364713,MONDO:0005090,1,0
CHEMBL364713,MONDO:0005098,1,0
CHEMBL364713,MONDO:0005180,1,0
CHEMBL364713,MONDO:0005277,1,0
CHEMBL364713,MONDO:0005301,1,0
CHEMBL364713,MONDO:0005618,1,0
CHEMBL364713,MONDO:0007743,1,0
CHEMBL3707247,MONDO:0001627,1,0
CHEMBL3707247,MONDO:0002009,1,0
CHEMBL3707247,MONDO:0004975,1,0
CHEMBL3707247,MONDO:0004985,1,0
CHEMBL3707247,MONDO:0005027,1,0
CHEMBL3707247,MONDO:0005090,1,0
CHEMBL3707247,MONDO:0005098,1,1
CHEMBL3707247,MONDO:0005180,1,0
CHEMBL3707247,MONDO:0005277,1,0
CHEMBL3707247,MONDO:0005301,1,1
CHEMBL3707247,MONDO:0005618,1,0
CHEMBL3707247,MONDO:0007743,1,0
CHEMBL3707328,MONDO:0001627,0,0
CHEMBL3707328,MONDO:0002009,0,0
CHEMBL3707328,MONDO:0004975,0,0
CHEMBL3707328,MONDO:0004985,0,0
CHEMBL3707328,MONDO:0005027,0,0
CHEMBL3707328,MONDO:0005090,0,0
CHEMBL3707328,MONDO:0005098,0,0
CHEMBL3707328,MONDO:0005180,0,0
CHEMBL3707328,MONDO:0005277,0,1
CHEMBL3707328,MONDO:0005301,0,0
CHEMBL3707328,MONDO:0005618,0,0
CHEMBL3707328,MONDO:0007743,0,0
CHEMBL3707389,MONDO:0001627,0,0
CHEMBL3707389,MONDO:0002009,0,0
CHEMBL3707389,MONDO:0004975,0,0
CHEMBL3707389,MONDO:0004985,0,0
CHEMBL3707389,MONDO:0005027,0,1
CHEMBL3707389,MONDO:0005090,0,0
CHEMBL3707389,MONDO:0005098,0,0
CHEMBL3707389,MONDO:0005180,0,0
CHEMBL3707389,MONDO:0005277,0,0
CHEMBL3707389,MONDO:0005301,0,0
CHEMBL3707389,MONDO:0005618,0,0
CHEMBL3707389,MONDO:0007743,0,0
CHEMBL3707390,MONDO:0001627,0,0
CHEMBL3707390,MONDO:0002009,0,0
CHEMBL3707390,MONDO:0004975,0,0
CHEMBL3707390,MONDO:0004985,0,0
CHEMBL3707390,MONDO:0005027,0,0
CHEMBL3707390,MONDO:0005090,0,0
CHEMBL3707390,MONDO:0005098,0,0
CHEMBL3707390,MONDO:0005180,0,0
CHEMBL3707390,MONDO:0005277,0,0
CHEMBL3707390,MONDO:0005301,0,0
CHEMBL3707390,MONDO:0005618,0,0
CHEMBL3707390,MONDO:0007743,0,1
CHEMBL370753,MONDO:0001627,1,0
CHEMBL370753,MONDO:0002009,1,0
CHEMBL370753,MONDO:0004975,1,0
CHEMBL370753,MONDO:0004985,1,0
CHEMBL370753,MONDO:0005027,1,0
CHEMBL370753,MONDO:0005090,1,0
CHEMBL370753,MONDO:0005098,1,0
CHEMBL370753,MONDO:0005180,1,0
CHEMBL370753,MONDO:0005277,1,0
CHEMBL370753,MONDO:0005301,1,0
CHEMBL370753,MONDO:0005618,1,1
CHEMBL370753,MONDO:0007743,1,0
CHEMBL370805,MONDO:0001627,1,0
CHEMBL370805,MONDO:0002009,1,0
CHEMBL370805,MONDO:0004975,1,0
CHEMBL370805,MONDO:0004985,1,0
CHEMBL370805,MONDO:0005027,1,1
CHEMBL370805,MONDO:0005090,1,0
CHEMBL370805,MONDO:0005098,1,0
CHEMBL370805,MONDO:0005180,1,0
CHEMBL370805,MONDO:0005277,1,0
CHEMBL370805,MONDO:0005301,1,0
CHEMBL370805,MONDO:0005618,1,0
CHEMBL370805,MONDO:0007743,1,0
CHEMBL372795,MONDO:0001627,1,0
CHEMBL372795,MONDO:0002009,1,0
CHEMBL372795,MONDO:0004975,1,0
CHEMBL372795,MONDO:0004985,1,0
CHEMBL372795,MONDO:0005027,1,0
CHEMBL372795,MONDO:0005090,1,0
CHEMBL372795,MONDO:0005098,1,0
CHEMBL372795,MONDO:0005180,1,1
CHEMBL372795,MONDO:0005277,1,0
CHEMBL372795,MONDO:0005301,1,0
CHEMBL372795,MONDO:0005618,1,0
CHEMBL372795,MONDO:0007743,1,0
CHEMBL374478,MONDO:0001627,1,0
CHEMBL374478,MONDO:0002009,1,0
CHEMBL374478,MONDO:0004975,1,0
CHEMBL374478,MONDO:0004985,1,0
CHEMBL374478,MONDO:0005027,1,0
CHEMBL374478,MONDO:0005090,1,0
CHEMBL374478,MONDO:0005098,1,0
CHEMBL374478,MONDO:0005180,1,0
CHEMBL374478,MONDO:0005277,1,0
CHEMBL374478,MONDO:0005301,1,0
CHEMBL374478,MONDO:0005618,1,1
CHEMBL374478,MONDO:0007743,1,0
CHEMBL374975,MONDO:0001627,1,0
CHEMBL374975,MONDO:0002009,1,0
CHEMBL374975,MONDO:0004975,1,0
CHEMBL374975,MONDO:0004985,1,0
CHEMBL374975,MONDO:0005027,1,0
CHEMBL374975,MONDO:0005090,1,0
CHEMBL374975,MONDO:0005098,1,0
CHEMBL374975,MONDO:0005180,1,1
CHEMBL374975,MONDO:0005277,1,0
CHEMBL374975,MONDO:0005301,1,0
CHEMBL374975,MONDO:0005618,1,0
CHEMBL374975,MONDO:0007743,1,0
CHEMBL376897,MONDO:0001627,1,0
CHEMBL376897,MONDO:0002009,1,0
CHEMBL376897,MONDO:0004975,1,0
CHEMBL376897,MONDO:0004985,1,0
CHEMBL376897,MONDO:0005027,1,0
CHEMBL376897,MONDO:0005090,1,0
CHEMBL376897,MONDO:0005098,1,0
CHEMBL376897,MONDO:0005180,1,0
CHEMBL376897,MONDO:0005277,1,0
CHEMBL376897,MONDO:0005301,1,0
CHEMBL376897,MONDO:0005618,1,1
CHEMBL376897,MONDO:0007743,1,0
CHEMBL38,MONDO:0001627,1,0
CHEMBL38,MONDO:0002009,1,0
CHEMBL38,MONDO:0004975,1,0
CHEMBL38,MONDO:0004985,1,0
CHEMBL38,MONDO:0005027,1,0
CHEMBL38,MONDO:0005090,1,0
CHEMBL38,MONDO:0005098,1,0
CHEMBL38,MONDO:0005180,1,0
CHEMBL38,MONDO:0005277,1,0
CHEMBL38,MONDO:0005301,1,0
CHEMBL38,MONDO:0005618,1,1
CHEMBL38,MONDO:0007743,1,0
CHEMBL3833320,MONDO:0001627,0,0
CHEMBL3833320,MONDO:0002009,0,0
CHEMBL3833320,MONDO:0004975,0,0
CHEMBL3833320,MONDO:0004985,0,0
CHEMBL3833320,MONDO:0005027,0,0
CHEMBL3833320,MONDO:0005090,0,0
CHEMBL3833320,MONDO:0005098,0,0
CHEMBL3833320,MONDO:0005180,0,0
CHEMBL3833320,MONDO:0005277,0,1
CHEMBL3833320,MONDO:0005301,0,0
CHEMBL3833320,MONDO:0005618,0,0
CHEMBL3833320,MONDO:0007743,0,0
CHEMBL3833329,MONDO:0001627,1,0
CHEMBL3833329,MONDO:0002009,1,0
CHEMBL3833329,MONDO:0004975,1,0
CHEMBL3833329,MONDO:0004985,1,0
CHEMBL3833329,MONDO:0005027,1,0
CHEMBL3833329,MONDO:0005090,1,0
CHEMBL3833329,MONDO:0005098,1,0
CHEMBL3833329,MONDO:0005180,1,0
CHEMBL3833329,MONDO:0005277,1,1
CHEMBL3833329,MONDO:0005301,1,0
CHEMBL3833329,MONDO:0005618,1,0
CHEMBL3833329,MONDO:0007743,1,0
CHEMBL3833377,MONDO:0001627,0,0
CHEMBL3833377,MONDO:0002009,0,0
CHEMBL3833377,MONDO:0004975,0,0
CHEMBL3833377,MONDO:0004985,0,0
CHEMBL3833377,MONDO:0005027,0,0
CHEMBL3833377,MONDO:0005090,0,0
CHEMBL3833377,MONDO:0005098,0,0
CHEMBL3833377,MONDO:0005180,0,0
CHEMBL3833377,MONDO:0005277,0,0
CHEMBL3833377,MONDO:0005301,0,1
CHEMBL3833377,MONDO:0005618,0,0
CHEMBL3833377,MONDO:0007743,0,1
CHEMBL384467,MONDO:0001627,1,0
CHEMBL384467,MONDO:0002009,1,0
CHEMBL384467,MONDO:0004975,1,0
CHEMBL384467,MONDO:0004985,1,0
CHEMBL384467,MONDO:0005027,1,1
CHEMBL384467,MONDO:0005090,1,0
CHEMBL384467,MONDO:0005098,1,0
CHEMBL384467,MONDO:0005180,1,0
CHEMBL384467,MONDO:0005277,1,0
CHEMBL384467,MONDO:0005301,1,1
CHEMBL384467,MONDO:0005618,1,0
CHEMBL384467,MONDO:0007743,1,0
CHEMBL386630,MONDO:0001627,1,1
CHEMBL386630,MONDO:0002009,1,0
CHEMBL386630,MONDO:0004975,1,0
CHEMBL386630,MONDO:0004985,1,0
CHEMBL386630,MONDO:0005027,1,1
CHEMBL386630,MONDO:0005090,1,0
CHEMBL386630,MONDO:0005098,1,1
CHEMBL386630,MONDO:0005180,1,0
CHEMBL386630,MONDO:0005277,1,1
CHEMBL386630,MONDO:0005301,1,0
CHEMBL386630,MONDO:0005618,1,0
CHEMBL386630,MONDO:0007743,1,0
CHEMBL389621,MONDO:0001627,1,0
CHEMBL389621,MONDO:0002009,1,0
CHEMBL389621,MONDO:0004975,1,0
CHEMBL389621,MONDO:0004985,1,0
CHEMBL389621,MONDO:0005027,1,1
CHEMBL389621,MONDO:0005090,1,0
CHEMBL389621,MONDO:0005098,1,0
CHEMBL389621,MONDO:0005180,1,0
CHEMBL389621,MONDO:0005277,1,0
CHEMBL389621,MONDO:0005301,1,1
CHEMBL389621,MONDO:0005618,1,0
CHEMBL389621,MONDO:0007743,1,0
CHEMBL395091,MONDO:0001627,1,0
CHEMBL395091,MONDO:0002009,1,0
CHEMBL395091,MONDO:0004975,1,0
CHEMBL395091,MONDO:0004985,1,0
CHEMBL395091,MONDO:0005027,1,0
CHEMBL395091,MONDO:0005090,1,0
CHEMBL395091,MONDO:0005098,1,0
CHEMBL395091,MONDO:0005180,1,0
CHEMBL395091,MONDO:0005277,1,0
CHEMBL395091,MONDO:0005301,1,0
CHEMBL395091,MONDO:0005618,1,1
CHEMBL395091,MONDO:0007743,1,0
CHEMBL396778,MONDO:0001627,1,0
CHEMBL396778,MONDO:0002009,1,0
CHEMBL396778,MONDO:0004975,1,0
CHEMBL396778,MONDO:0004985,1,0
CHEMBL396778,MONDO:0005027,1,0
CHEMBL396778,MONDO:0005090,1,0
CHEMBL396778,MONDO:0005098,1,0
CHEMBL396778,MONDO:0005180,1,1
CHEMBL396778,MONDO:0005277,1,0
CHEMBL396778,MONDO:0005301,1,0
CHEMBL396778,MONDO:0005618,1,0
CHEMBL396778,MONDO:0007743,1,0
CHEMBL398707,MONDO:0001627,1,0
CHEMBL398707,MONDO:0002009,1,0
CHEMBL398707,MONDO:0004975,1,0
CHEMBL398707,MONDO:0004985,1,0
CHEMBL398707,MONDO:0005027,1,1
CHEMBL398707,MONDO:0005090,1,0
CHEMBL398707,MONDO:0005098,1,0
CHEMBL398707,MONDO:0005180,1,0
CHEMBL398707,MONDO:0005277,1,0
CHEMBL398707,MONDO:0005301,1,0
CHEMBL398707,MONDO:0005618,1,0
CHEMBL398707,MONDO:0007743,1,0
CHEMBL3989695,MONDO:0001627,1,0
CHEMBL3989695,MONDO:0002009,1,0
CHEMBL3989695,MONDO:0004975,1,0
CHEMBL3989695,MONDO:0004985,1,0
CHEMBL3989695,MONDO:0005027,1,1
CHEMBL3989695,MONDO:0005090,1,0
CHEMBL3989695,MONDO:0005098,1,0
CHEMBL3989695,MONDO:0005180,1,0
CHEMBL3989695,MONDO:0005277,1,0
CHEMBL3989695,MONDO:0005301,1,0
CHEMBL3989695,MONDO:0005618,1,0
CHEMBL3989695,MONDO:0007743,1,0
CHEMBL3989702,MONDO:0001627,1,0
CHEMBL3989702,MONDO:0002009,1,0
CHEMBL3989702,MONDO:0004975,1,0
CHEMBL3989702,MONDO:0004985,1,0
CHEMBL3989702,MONDO:0005027,1,1
CHEMBL3989702,MONDO:0005090,1,0
CHEMBL3989702,MONDO:0005098,1,0
CHEMBL3989702,MONDO:0005180,1,0
CHEMBL3989702,MONDO:0005277,1,0
CHEMBL3989702,MONDO:0005301,1,0
CHEMBL3989702,MONDO:0005618,1,1
CHEMBL3989702,MONDO:0007743,1,0
CHEMBL3989752,MONDO:0001627,0,0
CHEMBL3989752,MONDO:0002009,0,0
CHEMBL3989752,MONDO:0004975,0,0
CHEMBL3989752,MONDO:0004985,0,0
CHEMBL3989752,MONDO:0005027,0,0
CHEMBL3989752,MONDO:0005090,0,0
CHEMBL3989752,MONDO:0005098,0,0
CHEMBL3989752,MONDO:0005180,0,0
CHEMBL3989752,MONDO:0005277,0,1
CHEMBL3989752,MONDO:0005301,0,0
CHEMBL3989752,MONDO:0005618,0,0
CHEMBL3989752,MONDO:0007743,0,0
CHEMBL3989810,MONDO:0001627,1,0
CHEMBL3989810,MONDO:0002009,1,0
CHEMBL3989810,MONDO:0004975,1,0
CHEMBL3989810,MONDO:0004985,1,0
CHEMBL3989810,MONDO:0005027,1,1
CHEMBL3989810,MONDO:0005090,1,0
CHEMBL3989810,MONDO:0005098,1,0
CHEMBL3989810,MONDO:0005180,1,0
CHEMBL3989810,MONDO:0005277,1,0
CHEMBL3989810,MONDO:0005301,1,0
CHEMBL3989810,MONDO:0005618,1,1
CHEMBL3989810,MONDO:0007743,1,0
CHEMBL3989843,MONDO:0001627,1,0
CHEMBL3989843,MONDO:0002009,1,1
CHEMBL3989843,MONDO:0004975,1,0
CHEMBL3989843,MONDO:0004985,1,1
CHEMBL3989843,MONDO:0005027,1,1
CHEMBL3989843,MONDO:0005090,1,1
CHEMBL3989843,MONDO:0005098,1,0
CHEMBL3989843,MONDO:0005180,1,0
CHEMBL3989843,MONDO:0005277,1,0
CHEMBL3989843,MONDO:0005301,1,0
CHEMBL3989843,MONDO:0005618,1,1
CHEMBL3989843,MONDO:0007743,1,0
CHEMBL3989856,MONDO:0001627,1,0
CHEMBL3989856,MONDO:0002009,1,0
CHEMBL3989856,MONDO:0004975,1,0
CHEMBL3989856,MONDO:0004985,1,0
CHEMBL3989856,MONDO:0005027,1,1
CHEMBL3989856,MONDO:0005090,1,0
CHEMBL3989856,MONDO:0005098,1,0
CHEMBL3989856,MONDO:0005180,1,0
CHEMBL3989856,MONDO:0005277,1,0
CHEMBL3989856,MONDO:0005301,1,0
CHEMBL3989856,MONDO:0005618,1,0
CHEMBL3989856,MONDO:0007743,1,0
CHEMBL3989887,MONDO:0001627,1,0
CHEMBL3989887,MONDO:0002009,1,0
CHEMBL3989887,MONDO:0004975,1,0
CHEMBL3989887,MONDO:0004985,1,0
CHEMBL3989887,MONDO:0005027,1,1
CHEMBL3989887,MONDO:0005090,1,0
CHEMBL3989887,MONDO:0005098,1,0
CHEMBL3989887,MONDO:0005180,1,0
CHEMBL3989887,MONDO:0005277,1,0
CHEMBL3989887,MONDO:0005301,1,0
CHEMBL3989887,MONDO:0005618,1,0
CHEMBL3989887,MONDO:0007743,1,0
CHEMBL4,MONDO:0001627,1,0
CHEMBL4,MONDO:0002009,1,0
CHEMBL4,MONDO:0004975,1,0
CHEMBL4,MONDO:0004985,1,0
CHEMBL4,MONDO:0005027,1,1
CHEMBL4,MONDO:0005090,1,0
CHEMBL4,MONDO:0005098,1,0
CHEMBL4,MONDO:0005180,1,0
CHEMBL4,MONDO:0005277,1,0
CHEMBL4,MONDO:0005301,1,0
CHEMBL4,MONDO:0005618,1,0
CHEMBL4,MONDO:0007743,1,0
CHEMBL40,MONDO:0001627,1,0
CHEMBL40,MONDO:0002009,1,0
CHEMBL40,MONDO:0004975,1,1
CHEMBL40,MONDO:0004985,1,1
CHEMBL40,MONDO:0005027,1,1
CHEMBL40,MONDO:0005090,1,0
CHEMBL40,MONDO:0005098,1,0
CHEMBL40,MONDO:0005180,1,0
CHEMBL40,MONDO:0005277,1,1
CHEMBL40,MONDO:0005301,1,0
CHEMBL40,MONDO:0005618,1,1
CHEMBL40,MONDO:0007743,1,0
CHEMBL404422,MONDO:0001627,1,0
CHEMBL404422,MONDO:0002009,1,0
CHEMBL404422,MONDO:0004975,1,0
CHEMBL404422,MONDO:0004985,1,0
CHEMBL404422,MONDO:0005027,1,0
CHEMBL404422,MONDO:0005090,1,0
CHEMBL404422,MONDO:0005098,1,0
CHEMBL404422,MONDO:0005180,1,0
CHEMBL404422,MONDO:0005277,1,0
CHEMBL404422,MONDO:0005301,1,0
CHEMBL404422,MONDO:0005618,1,1
CHEMBL404422,MONDO:0007743,1,0
CHEMBL405,MONDO:0001627,1,0
CHEMBL405,MONDO:0002009,1,0
CHEMBL405,MONDO:0004975,1,0
CHEMBL405,MONDO:0004985,1,1
CHEMBL405,MONDO:0005027,1,1
CHEMBL405,MONDO:0005090,1,0
CHEMBL405,MONDO:0005098,1,1
CHEMBL405,MONDO:0005180,1,0
CHEMBL405,MONDO:0005277,1,0
CHEMBL405,MONDO:0005301,1,0
CHEMBL405,MONDO:0005618,1,1
CHEMBL405,MONDO:0007743,1,1
CHEMBL407,MONDO:0001627,1,0
CHEMBL407,MONDO:0002009,1,0
CHEMBL407,MONDO:0004975,1,0
CHEMBL407,MONDO:0004985,1,0
CHEMBL407,MONDO:0005027,1,1
CHEMBL407,MONDO:0005090,1,0
CHEMBL407,MONDO:0005098,1,0
CHEMBL407,MONDO:0005180,1,0
CHEMBL407,MONDO:0005277,1,0
CHEMBL407,MONDO:0005301,1,0
CHEMBL407,MONDO:0005618,1,1
CHEMBL407,MONDO:0007743,1,0
CHEMBL41,MONDO:0001627,1,0
CHEMBL41,MONDO:0002009,1,1
CHEMBL41,MONDO:0004975,1,1
CHEMBL41,MONDO:0004985,1,1
CHEMBL41,MONDO:0005027,1,1
CHEMBL41,MONDO:0005090,1,0
CHEMBL41,MONDO:0005098,1,1
CHEMBL41,MONDO:0005180,1,0
CHEMBL41,MONDO:0005277,1,0
CHEMBL41,MONDO:0005301,1,0
CHEMBL41,MONDO:0005618,1,1
CHEMBL41,MONDO:0007743,1,0
CHEMBL411,MONDO:0001627,1,1
CHEMBL411,MONDO:0002009,1,0
CHEMBL411,MONDO:0004975,1,0
CHEMBL411,MONDO:0004985,1,0
CHEMBL411,MONDO:0005027,1,1
CHEMBL411,MONDO:0005090,1,0
CHEMBL411,MONDO:0005098,1,1
CHEMBL411,MONDO:0005180,1,0
CHEMBL411,MONDO:0005277,1,1
CHEMBL411,MONDO:0005301,1,0
CHEMBL411,MONDO:0005618,1,0
CHEMBL411,MONDO:0007743,1,0
CHEMBL413,MONDO:0001627,1,0
CHEMBL413,MONDO:0002009,1,0
CHEMBL413,MONDO:0004975,1,0
CHEMBL413,MONDO:0004985,1,0
CHEMBL413,MONDO:0005027,1,0
CHEMBL413,MONDO:0005090,1,0
CHEMBL413,MONDO:0005098,1,1
CHEMBL413,MONDO:0005180,1,0
CHEMBL413,MONDO:0005277,1,0
CHEMBL413,MONDO:0005301,1,0
CHEMBL413,MONDO:0005618,1,0
CHEMBL413,MONDO:0007743,1,0
CHEMBL415,MONDO:0001627,1,0
CHEMBL415,MONDO:0002009,1,0
CHEMBL415,MONDO:0004975,1,0
CHEMBL415,MONDO:0004985,1,0
CHEMBL415,MONDO:0005027,1,1
CHEMBL415,MONDO:0005090,1,0
CHEMBL415,MONDO:0005098,1,0
CHEMBL415,MONDO:0005180,1,0
CHEMBL415,MONDO:0005277,1,0
CHEMBL415,MONDO:0005301,1,0
CHEMBL415,MONDO:0005618,1,1
CHEMBL415,MONDO:0007743,1,0
CHEMBL416956,MONDO:0001627,1,0
CHEMBL416956,MONDO:0002009,1,0
CHEMBL416956,MONDO:0004975,1,0
CHEMBL416956,MONDO:0004985,1,0
CHEMBL416956,MONDO:0005027,1,1
CHEMBL416956,MONDO:0005090,1,1
CHEMBL416956,MONDO:0005098,1,0
CHEMBL416956,MONDO:0005180,1,0
CHEMBL416956,MONDO:0005277,1,0
CHEMBL416956,MONDO:0005301,1,0
CHEMBL416956,MONDO:0005618,1,1
CHEMBL416956,MONDO:0007743,1,0
CHEMBL418995,MONDO:0001627,1,0
CHEMBL418995,MONDO:0002009,1,0
CHEMBL418995,MONDO:0004975,1,0
CHEMBL418995,MONDO:0004985,1,0
CHEMBL418995,MONDO:0005027,1,0
CHEMBL418995,MONDO:0005090,1,0
CHEMBL418995,MONDO:0005098,1,0
CHEMBL418995,MONDO:0005180,1,0
CHEMBL418995,MONDO:0005277,1,0
CHEMBL418995,MONDO:0005301,1,0
CHEMBL418995,MONDO:0005618,1,1
CHEMBL418995,MONDO:0007743,1,0
CHEMBL42,MONDO:0001627,1,0
CHEMBL42,MONDO:0002009,1,0
CHEMBL42,MONDO:0004975,1,1
CHEMBL42,MONDO:0004985,1,0
CHEMBL42,MONDO:0005027,1,1
CHEMBL42,MONDO:0005090,1,0
CHEMBL42,MONDO:0005098,1,1
CHEMBL42,MONDO:0005180,1,0
CHEMBL42,MONDO:0005277,1,0
CHEMBL42,MONDO:0005301,1,0
CHEMBL42,MONDO:0005618,1,0
CHEMBL42,MONDO:0007743,1,0
CHEMBL422,MONDO:0001627,1,0
CHEMBL422,MONDO:0002009,1,0
CHEMBL422,MONDO:0004975,1,1
CHEMBL422,MONDO:0004985,1,0
CHEMBL422,MONDO:0005027,1,1
CHEMBL422,MONDO:0005090,1,1
CHEMBL422,MONDO:0005098,1,0
CHEMBL422,MONDO:0005180,1,0
CHEMBL422,MONDO:0005277,1,0
CHEMBL422,MONDO:0005301,1,0
CHEMBL422,MONDO:0005618,1,0
CHEMBL422,MONDO:0007743,1,0
CHEMBL423,MONDO:0001627,1,0
CHEMBL423,MONDO:0002009,1,0
CHEMBL423,MONDO:0004975,1,0
CHEMBL423,MONDO:0004985,1,0
CHEMBL423,MONDO:0005027,1,0
CHEMBL423,MONDO:0005090,1,0
CHEMBL423,MONDO:0005098,1,0
CHEMBL423,MONDO:0005180,1,0
CHEMBL423,MONDO:0005277,1,0
CHEMBL423,MONDO:0005301,1,0
CHEMBL423,MONDO:0005618,1,1
CHEMBL423,MONDO:0007743,1,0
CHEMBL428647,MONDO:0001627,1,0
CHEMBL428647,MONDO:0002009,1,0
CHEMBL428647,MONDO:0004975,1,0
CHEMBL428647,MONDO:0004985,1,0
CHEMBL428647,MONDO:0005027,1,0
CHEMBL428647,MONDO:0005090,1,0
CHEMBL428647,MONDO:0005098,1,0
CHEMBL428647,MONDO:0005180,1,0
CHEMBL428647,MONDO:0005277,1,0
CHEMBL428647,MONDO:0005301,1,0
CHEMBL428647,MONDO:0005618,1,1
CHEMBL428647,MONDO:0007743,1,0
CHEMBL429,MONDO:0001627,1,0
CHEMBL429,MONDO:0002009,1,0
CHEMBL429,MONDO:0004975,1,0
CHEMBL429,MONDO:0004985,1,0
CHEMBL429,MONDO:0005027,1,0
CHEMBL429,MONDO:0005090,1,0
CHEMBL429,MONDO:0005098,1,0
CHEMBL429,MONDO:0005180,1,0
CHEMBL429,MONDO:0005277,1,0
CHEMBL429,MONDO:0005301,1,0
CHEMBL429,MONDO:0005618,1,1
CHEMBL429,MONDO:0007743,1,0
CHEMBL4297756,MONDO:0001627,0,0
CHEMBL4297756,MONDO:0002009,0,0
CHEMBL4297756,MONDO:0004975,0,0
CHEMBL4297756,MONDO:0004985,0,0
CHEMBL4297756,MONDO:0005027,0,0
CHEMBL4297756,MONDO:0005090,0,0
CHEMBL4297756,MONDO:0005098,0,0
CHEMBL4297756,MONDO:0005180,0,0
CHEMBL4297756,MONDO:0005277,0,1
CHEMBL4297756,MONDO:0005301,0,0
CHEMBL4297756,MONDO:0005618,0,0
CHEMBL4297756,MONDO:0007743,0,0
CHEMBL430,MONDO:0001627,1,0
CHEMBL430,MONDO:0002009,1,0
CHEMBL430,MONDO:0004975,1,0
CHEMBL430,MONDO:0004985,1,0
CHEMBL430,MONDO:0005027,1,1
CHEMBL430,MONDO:0005090,1,0
CHEMBL430,MONDO:0005098,1,0
CHEMBL430,MONDO:0005180,1,0
CHEMBL430,MONDO:0005277,1,0
CHEMBL430,MONDO:0005301,1,0
CHEMBL430,MONDO:0005618,1,1
CHEMBL430,MONDO:0007743,1,0
CHEMBL431770,MONDO:0001627,1,0
CHEMBL431770,MONDO:0002009,1,0
CHEMBL431770,MONDO:0004975,1,0
CHEMBL431770,MONDO:0004985,1,0
CHEMBL431770,MONDO:0005027,1,0
CHEMBL431770,MONDO:0005090,1,0
CHEMBL431770,MONDO:0005098,1,0
CHEMBL431770,MONDO:0005180,1,1
CHEMBL431770,MONDO:0005277,1,0
CHEMBL431770,MONDO:0005301,1,0
CHEMBL431770,MONDO:0005618,1,0
CHEMBL431770,MONDO:0007743,1,0
CHEMBL435,MONDO:0001627,1,0
CHEMBL435,MONDO:0002009,1,0
CHEMBL435,MONDO:0004975,1,0
CHEMBL435,MONDO:0004985,1,0
CHEMBL435,MONDO:0005027,1,1
CHEMBL435,MONDO:0005090,1,0
CHEMBL435,MONDO:0005098,1,1
CHEMBL435,MONDO:0005180,1,1
CHEMBL435,MONDO:0005277,1,0
CHEMBL435,MONDO:0005301,1,0
CHEMBL435,MONDO:0005618,1,1
CHEMBL435,MONDO:0007743,1,0
CHEMBL43708,MONDO:0001627,1,0
CHEMBL43708,MONDO:0002009,1,0
CHEMBL43708,MONDO:0004975,1,0
CHEMBL43708,MONDO:0004985,1,0
CHEMBL43708,MONDO:0005027,1,1
CHEMBL43708,MONDO:0005090,1,0
CHEMBL43708,MONDO:0005098,1,0
CHEMBL43708,MONDO:0005180,1,0
CHEMBL43708,MONDO:0005277,1,0
CHEMBL43708,MONDO:0005301,1,0
CHEMBL43708,MONDO:0005618,1,0
CHEMBL43708,MONDO:0007743,1,0
CHEMBL439849,MONDO:0001627,1,0
CHEMBL439849,MONDO:0002009,1,1
CHEMBL439849,MONDO:0004975,1,0
CHEMBL439849,MONDO:0004985,1,1
CHEMBL439849,MONDO:0005027,1,1
CHEMBL439849,MONDO:0005090,1,0
CHEMBL439849,MONDO:0005098,1,0
CHEMBL439849,MONDO:0005180,1,0
CHEMBL439849,MONDO:0005277,1,0
CHEMBL439849,MONDO:0005301,1,0
CHEMBL439849,MONDO:0005618,1,1
CHEMBL439849,MONDO:0007743,1,0
CHEMBL441,MONDO:0001627,1,0
CHEMBL441,MONDO:0002009,1,0
CHEMBL441,MONDO:0004975,1,0
CHEMBL441,MONDO:0004985,1,0
CHEMBL441,MONDO:0005027,1,1
CHEMBL441,MONDO:0005090,1,0
CHEMBL441,MONDO:0005098,1,0
CHEMBL441,MONDO:0005180,1,0
CHEMBL441,MONDO:0005277,1,0
CHEMBL441,MONDO:0005301,1,0
CHEMBL441,MONDO:0005618,1,0
CHEMBL441,MONDO:0007743,1,0
CHEMBL442,MONDO:0001627,1,0
CHEMBL442,MONDO:0002009,1,0
CHEMBL442,MONDO:0004975,1,0
CHEMBL442,MONDO:0004985,1,0
CHEMBL442,MONDO:0005027,1,1
CHEMBL442,MONDO:0005090,1,0
CHEMBL442,MONDO:0005098,1,0
CHEMBL442,MONDO:0005180,1,0
CHEMBL442,MONDO:0005277,1,1
CHEMBL442,MONDO:0005301,1,0
CHEMBL442,MONDO:0005618,1,1
CHEMBL442,MONDO:0007743,1,0
CHEMBL445,MONDO:0001627,1,0
CHEMBL445,MONDO:0002009,1,0
CHEMBL445,MONDO:0004975,1,0
CHEMBL445,MONDO:0004985,1,0
CHEMBL445,MONDO:0005027,1,1
CHEMBL445,MONDO:0005090,1,0
CHEMBL445,MONDO:0005098,1,1
CHEMBL445,MONDO:0005180,1,0
CHEMBL445,MONDO:0005277,1,0
CHEMBL445,MONDO:0005301,1,0
CHEMBL445,MONDO:0005618,1,1
CHEMBL445,MONDO:0007743,1,1
CHEMBL447,MONDO:0001627,1,0
CHEMBL447,MONDO:0002009,1,0
CHEMBL447,MONDO:0004975,1,0
CHEMBL447,MONDO:0004985,1,0
CHEMBL447,MONDO:0005027,1,1
CHEMBL447,MONDO:0005090,1,0
CHEMBL447,MONDO:0005098,1,0
CHEMBL447,MONDO:0005180,1,0
CHEMBL447,MONDO:0005277,1,0
CHEMBL447,MONDO:0005301,1,0
CHEMBL447,MONDO:0005618,1,1
CHEMBL447,MONDO:0007743,1,0
CHEMBL448,MONDO:0001627,1,0
CHEMBL448,MONDO:0002009,1,0
CHEMBL448,MONDO:0004975,1,0
CHEMBL448,MONDO:0004985,1,0
CHEMBL448,MONDO:0005027,1,1
CHEMBL448,MONDO:0005090,1,0
CHEMBL448,MONDO:0005098,1,0
CHEMBL448,MONDO:0005180,1,0
CHEMBL448,MONDO:0005277,1,0
CHEMBL448,MONDO:0005301,1,0
CHEMBL448,MONDO:0005618,1,1
CHEMBL448,MONDO:0007743,1,0
CHEMBL449,MONDO:0001627,1,0
CHEMBL449,MONDO:0002009,1,0
CHEMBL449,MONDO:0004975,1,0
CHEMBL449,MONDO:0004985,1,1
CHEMBL449,MONDO:0005027,1,1
CHEMBL449,MONDO:0005090,1,0
CHEMBL449,MONDO:0005098,1,1
CHEMBL449,MONDO:0005180,1,0
CHEMBL449,MONDO:0005277,1,0
CHEMBL449,MONDO:0005301,1,0
CHEMBL449,MONDO:0005618,1,1
CHEMBL449,MONDO:0007743,1,0
CHEMBL45,MONDO:0001627,1,0
CHEMBL45,MONDO:0002009,1,0
CHEMBL45,MONDO:0004975,1,0
CHEMBL45,MONDO:0004985,1,0
CHEMBL45,MONDO:0005027,1,0
CHEMBL45,MONDO:0005090,1,1
CHEMBL45,MONDO:0005098,1,0
CHEMBL45,MONDO:0005180,1,0
CHEMBL45,MONDO:0005277,1,0
CHEMBL45,MONDO:0005301,1,0
CHEMBL45,MONDO:0005618,1,1
CHEMBL45,MONDO:0007743,1,0
CHEMBL450,MONDO:0001627,1,0
CHEMBL450,MONDO:0002009,1,0
CHEMBL450,MONDO:0004975,1,0
CHEMBL450,MONDO:0004985,1,0
CHEMBL450,MONDO:0005027,1,1
CHEMBL450,MONDO:0005090,1,0
CHEMBL450,MONDO:0005098,1,0
CHEMBL450,MONDO:0005180,1,0
CHEMBL450,MONDO:0005277,1,0
CHEMBL450,MONDO:0005301,1,0
CHEMBL450,MONDO:0005618,1,0
CHEMBL450,MONDO:0007743,1,0
CHEMBL45029,MONDO:0001627,1,0
CHEMBL45029,MONDO:0002009,1,0
CHEMBL45029,MONDO:0004975,1,0
CHEMBL45029,MONDO:0004985,1,0
CHEMBL45029,MONDO:0005027,1,1
CHEMBL45029,MONDO:0005090,1,0
CHEMBL45029,MONDO:0005098,1,0
CHEMBL45029,MONDO:0005180,1,0
CHEMBL45029,MONDO:0005277,1,0
CHEMBL45029,MONDO:0005301,1,0
CHEMBL45029,MONDO:0005618,1,1
CHEMBL45029,MONDO:0007743,1,0
CHEMBL451,MONDO:0001627,1,1
CHEMBL451,MONDO:0002009,1,0
CHEMBL451,MONDO:0004975,1,0
CHEMBL451,MONDO:0004985,1,0
CHEMBL451,MONDO:0005027,1,1
CHEMBL451,MONDO:0005090,1,0
CHEMBL451,MONDO:0005098,1,1
CHEMBL451,MONDO:0005180,1,0
CHEMBL451,MONDO:0005277,1,1
CHEMBL451,MONDO:0005301,1,0
CHEMBL451,MONDO:0005618,1,1
CHEMBL451,MONDO:0007743,1,0
CHEMBL452,MONDO:0001627,1,0
CHEMBL452,MONDO:0002009,1,0
CHEMBL452,MONDO:0004975,1,0
CHEMBL452,MONDO:0004985,1,0
CHEMBL452,MONDO:0005027,1,0
CHEMBL452,MONDO:0005090,1,0
CHEMBL452,MONDO:0005098,1,0
CHEMBL452,MONDO:0005180,1,0
CHEMBL452,MONDO:0005277,1,0
CHEMBL452,MONDO:0005301,1,0
CHEMBL452,MONDO:0005618,1,1
CHEMBL452,MONDO:0007743,1,0
CHEMBL454,MONDO:0001627,1,0
CHEMBL454,MONDO:0002009,1,0
CHEMBL454,MONDO:0004975,1,1
CHEMBL454,MONDO:0004985,1,0
CHEMBL454,MONDO:0005027,1,1
CHEMBL454,MONDO:0005090,1,0
CHEMBL454,MONDO:0005098,1,0
CHEMBL454,MONDO:0005180,1,0
CHEMBL454,MONDO:0005277,1,1
CHEMBL454,MONDO:0005301,1,0
CHEMBL454,MONDO:0005618,1,1
CHEMBL454,MONDO:0007743,1,0
CHEMBL459,MONDO:0001627,1,0
CHEMBL459,MONDO:0002009,1,0
CHEMBL459,MONDO:0004975,1,0
CHEMBL459,MONDO:0004985,1,0
CHEMBL459,MONDO:0005027,1,0
CHEMBL459,MONDO:0005090,1,0
CHEMBL459,MONDO:0005098,1,0
CHEMBL459,MONDO:0005180,1,1
CHEMBL459,MONDO:0005277,1,0
CHEMBL459,MONDO:0005301,1,0
CHEMBL459,MONDO:0005618,1,1
CHEMBL459,MONDO:0007743,1,0
CHEMBL46,MONDO:0001627,1,0
CHEMBL46,MONDO:0002009,1,0
CHEMBL46,MONDO:0004975,1,0
CHEMBL46,MONDO:0004985,1,0
CHEMBL46,MONDO:0005027,1,1
CHEMBL46,MONDO:0005090,1,0
CHEMBL46,MONDO:0005098,1,0
CHEMBL46,MONDO:0005180,1,0
CHEMBL46,MONDO:0005277,1,0
CHEMBL46,MONDO:0005301,1,0
CHEMBL46,MONDO:0005618,1,0
CHEMBL46,MONDO:0007743,1,0
CHEMBL460,MONDO:0001627,1,0
CHEMBL460,MONDO:0002009,1,0
CHEMBL460,MONDO:0004975,1,1
CHEMBL460,MONDO:0004985,1,0
CHEMBL460,MONDO:0005027,1,1
CHEMBL460,MONDO:0005090,1,1
CHEMBL460,MONDO:0005098,1,0
CHEMBL460,MONDO:0005180,1,1
CHEMBL460,MONDO:0005277,1,0
CHEMBL460,MONDO:0005301,1,0
CHEMBL460,MONDO:0005618,1,0
CHEMBL460,MONDO:0007743,1,0
CHEMBL460026,MONDO:0001627,1,0
CHEMBL460026,MONDO:0002009,1,0
CHEMBL460026,MONDO:0004975,1,0
CHEMBL460026,MONDO:0004985,1,1
CHEMBL460026,MONDO:0005027,1,0
CHEMBL460026,MONDO:0005090,1,0
CHEMBL460026,MONDO:0005098,1,0
CHEMBL460026,MONDO:0005180,1,0
CHEMBL460026,MONDO:0005277,1,0
CHEMBL460026,MONDO:0005301,1,0
CHEMBL460026,MONDO:0005618,1,0
CHEMBL460026,MONDO:0007743,1,0
CHEMBL465,MONDO:0001627,1,0
CHEMBL465,MONDO:0002009,1,0
CHEMBL465,MONDO:0004975,1,0
CHEMBL465,MONDO:0004985,1,1
CHEMBL465,MONDO:0005027,1,1
CHEMBL465,MONDO:0005090,1,1
CHEMBL465,MONDO:0005098,1,0
CHEMBL465,MONDO:0005180,1,0
CHEMBL465,MONDO:0005277,1,0
CHEMBL465,MONDO:0005301,1,0
CHEMBL465,MONDO:0005618,1,1
CHEMBL465,MONDO:0007743,1,0
CHEMBL46516,MONDO:0001627,1,0
CHEMBL46516,MONDO:0002009,1,0
CHEMBL46516,MONDO:0004975,1,0
CHEMBL46516,MONDO:0004985,1,0
CHEMBL46516,MONDO:0005027,1,0
CHEMBL46516,MONDO:0005090,1,1
CHEMBL46516,MONDO:0005098,1,0
CHEMBL46516,MONDO:0005180,1,0
CHEMBL46516,MONDO:0005277,1,0
CHEMBL46516,MONDO:0005301,1,0
CHEMBL46516,MONDO:0005618,1,0
CHEMBL46516,MONDO:0007743,1,0
CHEMBL466659,MONDO:0001627,1,0
CHEMBL466659,MONDO:0002009,1,0
CHEMBL466659,MONDO:0004975,1,0
CHEMBL466659,MONDO:0004985,1,0
CHEMBL466659,MONDO:0005027,1,1
CHEMBL466659,MONDO:0005090,1,0
CHEMBL466659,MONDO:0005098,1,0
CHEMBL466659,MONDO:0005180,1,0
CHEMBL466659,MONDO:0005277,1,0
CHEMBL466659,MONDO:0005301,1,0
CHEMBL466659,MONDO:0005618,1,1
CHEMBL466659,MONDO:0007743,1,0
CHEMBL468,MONDO:0001627,1,0
CHEMBL468,MONDO:0002009,1,0
CHEMBL468,MONDO:0004975,1,0
CHEMBL468,MONDO:0004985,1,0
CHEMBL468,MONDO:0005027,1,1
CHEMBL468,MONDO:0005090,1,0
CHEMBL468,MONDO:0005098,1,0
CHEMBL468,MONDO:0005180,1,0
CHEMBL468,MONDO:0005277,1,0
CHEMBL468,MONDO:0005301,1,0
CHEMBL468,MONDO:0005618,1,0
CHEMBL468,MONDO:0007743,1,0
CHEMBL469,MONDO:0001627,1,0
CHEMBL469,MONDO:0002009,1,0
CHEMBL469,MONDO:0004975,1,0
CHEMBL469,MONDO:0004985,1,0
CHEMBL469,MONDO:0005027,1,0
CHEMBL469,MONDO:0005090,1,0
CHEMBL469,MONDO:0005098,1,1
CHEMBL469,MONDO:0005180,1,0
CHEMBL469,MONDO:0005277,1,0
CHEMBL469,MONDO:0005301,1,0
CHEMBL469,MONDO:0005618,1,0
CHEMBL469,MONDO:0007743,1,0
CHEMBL479,MONDO:0001627,1,0
CHEMBL479,MONDO:0002009,1,0
CHEMBL479,MONDO:0004975,1,1
CHEMBL479,MONDO:0004985,1,0
CHEMBL479,MONDO:0005027,1,1
CHEMBL479,MONDO:0005090,1,0
CHEMBL479,MONDO:0005098,1,0
CHEMBL479,MONDO:0005180,1,0
CHEMBL479,MONDO:0005277,1,0
CHEMBL479,MONDO:0005301,1,0
CHEMBL479,MONDO:0005618,1,0
CHEMBL479,MONDO:0007743,1,0
CHEMBL480,MONDO:0001627,1,0
CHEMBL480,MONDO:0002009,1,0
CHEMBL480,MONDO:0004975,1,0
CHEMBL480,MONDO:0004985,1,0
CHEMBL480,MONDO:0005027,1,0
CHEMBL480,MONDO:0005090,1,0
CHEMBL480,MONDO:0005098,1,1
CHEMBL480,MONDO:0005180,1,0
CHEMBL480,MONDO:0005277,1,0
CHEMBL480,MONDO:0005301,1,0
CHEMBL480,MONDO:0005618,1,0
CHEMBL480,MONDO:0007743,1,0
CHEMBL485,MONDO:0001627,1,0
CHEMBL485,MONDO:0002009,1,0
CHEMBL485,MONDO:0004975,1,1
CHEMBL485,MONDO:0004985,1,0
CHEMBL485,MONDO:0005027,1,1
CHEMBL485,MONDO:0005090,1,0
CHEMBL485,MONDO:0005098,1,0
CHEMBL485,MONDO:0005180,1,0
CHEMBL485,MONDO:0005277,1,0
CHEMBL485,MONDO:0005301,1,0
CHEMBL485,MONDO:0005618,1,1
CHEMBL485,MONDO:0007743,1,0
CHEMBL49,MONDO:0001627,1,0
CHEMBL49,MONDO:0002009,1,0
CHEMBL49,MONDO:0004975,1,0
CHEMBL49,MONDO:0004985,1,0
CHEMBL49,MONDO:0005027,1,0
CHEMBL49,MONDO:0005090,1,0
CHEMBL49,MONDO:0005098,1,0
CHEMBL49,MONDO:0005180,1,0
CHEMBL49,MONDO:0005277,1,0
CHEMBL49,MONDO:0005301,1,0
CHEMBL49,MONDO:0005618,1,1
CHEMBL49,MONDO:0007743,1,0
CHEMBL490,MONDO:0001627,1,0
CHEMBL490,MONDO:0002009,1,1
CHEMBL490,MONDO:0004975,1,0
CHEMBL490,MONDO:0004985,1,1
CHEMBL490,MONDO:0005027,1,1
CHEMBL490,MONDO:0005090,1,0
CHEMBL490,MONDO:0005098,1,0
CHEMBL490,MONDO:0005180,1,0
CHEMBL490,MONDO:0005277,1,0
CHEMBL490,MONDO:0005301,1,0
CHEMBL490,MONDO:0005618,1,1
CHEMBL490,MONDO:0007743,1,0
CHEMBL492,MONDO:0001627,1,0
CHEMBL492,MONDO:0002009,1,0
CHEMBL492,MONDO:0004975,1,0
CHEMBL492,MONDO:0004985,1,0
CHEMBL492,MONDO:0005027,1,0
CHEMBL492,MONDO:0005090,1,0
CHEMBL492,MONDO:0005098,1,0
CHEMBL492,MONDO:0005180,1,1
CHEMBL492,MONDO:0005277,1,0
CHEMBL492,MONDO:0005301,1,0
CHEMBL492,MONDO:0005618,1,0
CHEMBL492,MONDO:0007743,1,0
CHEMBL493,MONDO:0001627,1,0
CHEMBL493,MONDO:0002009,1,0
CHEMBL493,MONDO:0004975,1,0
CHEMBL493,MONDO:0004985,1,0
CHEMBL493,MONDO:0005027,1,0
CHEMBL493,MONDO:0005090,1,0
CHEMBL493,MONDO:0005098,1,1
CHEMBL493,MONDO:0005180,1,1
CHEMBL493,MONDO:0005277,1,0
CHEMBL493,MONDO:0005301,1,0
CHEMBL493,MONDO:0005618,1,0
CHEMBL493,MONDO:0007743,1,0
CHEMBL493982,MONDO:0001627,1,0
CHEMBL493982,MONDO:0002009,1,0
CHEMBL493982,MONDO:0004975,1,0
CHEMBL493982,MONDO:0004985,1,0
CHEMBL493982,MONDO:0005027,1,0
CHEMBL493982,MONDO:0005090,1,0
CHEMBL493982,MONDO:0005098,1,1
CHEMBL493982,MONDO:0005180,1,0
CHEMBL493982,MONDO:0005277,1,0
CHEMBL493982,MONDO:0005301,1,0
CHEMBL493982,MONDO:0005618,1,0
CHEMBL493982,MONDO:0007743,1,0
CHEMBL499,MONDO:0001627,1,0
CHEMBL499,MONDO:0002009,1,0
CHEMBL499,MONDO:0004975,1,0
CHEMBL499,MONDO:0004985,1,0
CHEMBL499,MONDO:0005027,1,0
CHEMBL499,MONDO:0005090,1,0
CHEMBL499,MONDO:0005098,1,0
CHEMBL499,MONDO:0005180,1,0
CHEMBL499,MONDO:0005277,1,0
CHEMBL499,MONDO:0005301,1,0
CHEMBL499,MONDO:0005618,1,1
CHEMBL499,MONDO:0007743,1,0
CHEMBL5,MONDO:0001627,1,0
CHEMBL5,MONDO:0002009,1,0
CHEMBL5,MONDO:0004975,1,0
CHEMBL5,MONDO:0004985,1,0
CHEMBL5,MONDO:0005027,1,1
CHEMBL5,MONDO:0005090,1,0
CHEMBL5,MONDO:0005098,1,0
CHEMBL5,MONDO:0005180,1,0
CHEMBL5,MONDO:0005277,1,0
CHEMBL5,MONDO:0005301,1,0
CHEMBL5,MONDO:0005618,1,0
CHEMBL5,MONDO:0007743,1,0
CHEMBL500,MONDO:0001627,1,0
CHEMBL500,MONDO:0002009,1,0
CHEMBL500,MONDO:0004975,1,0
CHEMBL500,MONDO:0004985,1,0
CHEMBL500,MONDO:0005027,1,0
CHEMBL500,MONDO:0005090,1,0
CHEMBL500,MONDO:0005098,1,0
CHEMBL500,MONDO:0005180,1,0
CHEMBL500,MONDO:0005277,1,0
CHEMBL500,MONDO:0005301,1,0
CHEMBL500,MONDO:0005618,1,1
CHEMBL500,MONDO:0007743,1,0
CHEMBL502,MONDO:0001627,1,0
CHEMBL502,MONDO:0002009,1,0
CHEMBL502,MONDO:0004975,1,1
CHEMBL502,MONDO:0004985,1,0
CHEMBL502,MONDO:0005027,1,1
CHEMBL502,MONDO:0005090,1,0
CHEMBL502,MONDO:0005098,1,0
CHEMBL502,MONDO:0005180,1,0
CHEMBL502,MONDO:0005277,1,0
CHEMBL502,MONDO:0005301,1,0
CHEMBL502,MONDO:0005618,1,0
CHEMBL502,MONDO:0007743,1,0
CHEMBL503,MONDO:0001627,1,0
CHEMBL503,MONDO:0002009,1,0
CHEMBL503,MONDO:0004975,1,0
CHEMBL503,MONDO:0004985,1,0
CHEMBL503,MONDO:0005027,1,0
CHEMBL503,MONDO:0005090,1,0
CHEMBL503,MONDO:0005098,1,1
CHEMBL503,MONDO:0005180,1,0
CHEMBL503,MONDO:0005277,1,0
CHEMBL503,MONDO:0005301,1,0
CHEMBL503,MONDO:0005618,1,0
CHEMBL503,MONDO:0007743,1,0
CHEMBL505,MONDO:0001627,1,0
CHEMBL505,MONDO:0002009,1,0
CHEMBL505,MONDO:0004975,1,1
CHEMBL505,MONDO:0004985,1,0
CHEMBL505,MONDO:0005027,1,1
CHEMBL505,MONDO:0005090,1,0
CHEMBL505,MONDO:0005098,1,0
CHEMBL505,MONDO:0005180,1,0
CHEMBL505,MONDO:0005277,1,0
CHEMBL505,MONDO:0005301,1,0
CHEMBL505,MONDO:0005618,1,1
CHEMBL505,MONDO:0007743,1,0
CHEMBL511,MONDO:0001627,1,0
CHEMBL511,MONDO:0002009,1,0
CHEMBL511,MONDO:0004975,1,0
CHEMBL511,MONDO:0004985,1,0
CHEMBL511,MONDO:0005027,1,1
CHEMBL511,MONDO:0005090,1,0
CHEMBL511,MONDO:0005098,1,0
CHEMBL511,MONDO:0005180,1,0
CHEMBL511,MONDO:0005277,1,0
CHEMBL511,MONDO:0005301,1,0
CHEMBL511,MONDO:0005618,1,1
CHEMBL511,MONDO:0007743,1,0
CHEMBL513,MONDO:0001627,1,0
CHEMBL513,MONDO:0002009,1,0
CHEMBL513,MONDO:0004975,1,0
CHEMBL513,MONDO:0004985,1,0
CHEMBL513,MONDO:0005027,1,1
CHEMBL513,MONDO:0005090,1,0
CHEMBL513,MONDO:0005098,1,0
CHEMBL513,MONDO:0005180,1,0
CHEMBL513,MONDO:0005277,1,0
CHEMBL513,MONDO:0005301,1,0
CHEMBL513,MONDO:0005618,1,0
CHEMBL513,MONDO:0007743,1,0
CHEMBL515,MONDO:0001627,1,0
CHEMBL515,MONDO:0002009,1,0
CHEMBL515,MONDO:0004975,1,0
CHEMBL515,MONDO:0004985,1,0
CHEMBL515,MONDO:0005027,1,1
CHEMBL515,MONDO:0005090,1,0
CHEMBL515,MONDO:0005098,1,0
CHEMBL515,MONDO:0005180,1,0
CHEMBL515,MONDO:0005277,1,0
CHEMBL515,MONDO:0005301,1,0
CHEMBL515,MONDO:0005618,1,0
CHEMBL515,MONDO:0007743,1,0
CHEMBL521,MONDO:0001627,1,0
CHEMBL521,MONDO:0002009,1,0
CHEMBL521,MONDO:0004975,1,0
CHEMBL521,MONDO:0004985,1,0
CHEMBL521,MONDO:0005027,1,1
CHEMBL521,MONDO:0005090,1,0
CHEMBL521,MONDO:0005098,1,1
CHEMBL521,MONDO:0005180,1,0
CHEMBL521,MONDO:0005277,1,0
CHEMBL521,MONDO:0005301,1,0
CHEMBL521,MONDO:0005618,1,1
CHEMBL521,MONDO:0007743,1,0
CHEMBL521606,MONDO:0001627,1,0
CHEMBL521606,MONDO:0002009,1,0
CHEMBL521606,MONDO:0004975,1,0
CHEMBL521606,MONDO:0004985,1,0
CHEMBL521606,MONDO:0005027,1,0
CHEMBL521606,MONDO:0005090,1,0
CHEMBL521606,MONDO:0005098,1,0
CHEMBL521606,MONDO:0005180,1,0
CHEMBL521606,MONDO:0005277,1,0
CHEMBL521606,MONDO:0005301,1,0
CHEMBL521606,MONDO:0005618,1,1
CHEMBL521606,MONDO:0007743,1,0
CHEMBL52440,MONDO:0001627,1,0
CHEMBL52440,MONDO:0002009,1,0
CHEMBL52440,MONDO:0004975,1,0
CHEMBL52440,MONDO:0004985,1,0
CHEMBL52440,MONDO:0005027,1,1
CHEMBL52440,MONDO:0005090,1,0
CHEMBL52440,MONDO:0005098,1,0
CHEMBL52440,MONDO:0005180,1,0
CHEMBL52440,MONDO:0005277,1,0
CHEMBL52440,MONDO:0005301,1,0
CHEMBL52440,MONDO:0005618,1,0
CHEMBL52440,MONDO:0007743,1,0
CHEMBL526,MONDO:0001627,1,0
CHEMBL526,MONDO:0002009,1,0
CHEMBL526,MONDO:0004975,1,0
CHEMBL526,MONDO:0004985,1,0
CHEMBL526,MONDO:0005027,1,1
CHEMBL526,MONDO:0005090,1,0
CHEMBL526,MONDO:0005098,1,0
CHEMBL526,MONDO:0005180,1,0
CHEMBL526,MONDO:0005277,1,0
CHEMBL526,MONDO:0005301,1,0
CHEMBL526,MONDO:0005618,1,0
CHEMBL526,MONDO:0007743,1,0
CHEMBL527,MONDO:0001627,1,0
CHEMBL527,MONDO:0002009,1,0
CHEMBL527,MONDO:0004975,1,0
CHEMBL527,MONDO:0004985,1,0
CHEMBL527,MONDO:0005027,1,0
CHEMBL527,MONDO:0005090,1,0
CHEMBL527,MONDO:0005098,1,1
CHEMBL527,MONDO:0005180,1,0
CHEMBL527,MONDO:0005277,1,0
CHEMBL527,MONDO:0005301,1,0
CHEMBL527,MONDO:0005618,1,0
CHEMBL527,MONDO:0007743,1,0
CHEMBL53,MONDO:0001627,1,0
CHEMBL53,MONDO:0002009,1,0
CHEMBL53,MONDO:0004975,1,0
CHEMBL53,MONDO:0004985,1,0
CHEMBL53,MONDO:0005027,1,0
CHEMBL53,MONDO:0005090,1,0
CHEMBL53,MONDO:0005098,1,0
CHEMBL53,MONDO:0005180,1,1
CHEMBL53,MONDO:0005277,1,0
CHEMBL53,MONDO:0005301,1,0
CHEMBL53,MONDO:0005618,1,0
CHEMBL53,MONDO:0007743,1,0
CHEMBL531,MONDO:0001627,1,0
CHEMBL531,MONDO:0002009,1,0
CHEMBL531,MONDO:0004975,1,0
CHEMBL531,MONDO:0004985,1,0
CHEMBL531,MONDO:0005027,1,0
CHEMBL531,MONDO:0005090,1,0
CHEMBL531,MONDO:0005098,1,0
CHEMBL531,MONDO:0005180,1,1
CHEMBL531,MONDO:0005277,1,0
CHEMBL531,MONDO:0005301,1,0
CHEMBL531,MONDO:0005618,1,0
CHEMBL531,MONDO:0007743,1,0
CHEMBL5315124,MONDO:0001627,1,0
CHEMBL5315124,MONDO:0002009,1,0
CHEMBL5315124,MONDO:0004975,1,0
CHEMBL5315124,MONDO:0004985,1,0
CHEMBL5315124,MONDO:0005027,1,1
CHEMBL5315124,MONDO:0005090,1,0
CHEMBL5315124,MONDO:0005098,1,0
CHEMBL5315124,MONDO:0005180,1,0
CHEMBL5315124,MONDO:0005277,1,0
CHEMBL5315124,MONDO:0005301,1,0
CHEMBL5315124,MONDO:0005618,1,0
CHEMBL5315124,MONDO:0007743,1,0
CHEMBL535,MONDO:0001627,1,0
CHEMBL535,MONDO:0002009,1,0
CHEMBL535,MONDO:0004975,1,0
CHEMBL535,MONDO:0004985,1,0
CHEMBL535,MONDO:0005027,1,1
CHEMBL535,MONDO:0005090,1,0
CHEMBL535,MONDO:0005098,1,0
CHEMBL535,MONDO:0005180,1,0
CHEMBL535,MONDO:0005277,1,0
CHEMBL535,MONDO:0005301,1,0
CHEMBL535,MONDO:0005618,1,0
CHEMBL535,MONDO:0007743,1,0
CHEMBL53904,MONDO:0001627,1,0
CHEMBL53904,MONDO:0002009,1,0
CHEMBL53904,MONDO:0004975,1,0
CHEMBL53904,MONDO:0004985,1,0
CHEMBL53904,MONDO:0005027,1,0
CHEMBL53904,MONDO:0005090,1,1
CHEMBL53904,MONDO:0005098,1,0
CHEMBL53904,MONDO:0005180,1,0
CHEMBL53904,MONDO:0005277,1,0
CHEMBL53904,MONDO:0005301,1,0
CHEMBL53904,MONDO:0005618,1,0
CHEMBL53904,MONDO:0007743,1,0
CHEMBL54,MONDO:0001627,1,0
CHEMBL54,MONDO:0002009,1,0
CHEMBL54,MONDO:0004975,1,1
CHEMBL54,MONDO:0004985,1,0
CHEMBL54,MONDO:0005027,1,1
CHEMBL54,MONDO:0005090,1,1
CHEMBL54,MONDO:0005098,1,0
CHEMBL54,MONDO:0005180,1,1
CHEMBL54,MONDO:0005277,1,0
CHEMBL54,MONDO:0005301,1,0
CHEMBL54,MONDO:0005618,1,0
CHEMBL54,MONDO:0007743,1,0
CHEMBL547,MONDO:0001627,1,0
CHEMBL547,MONDO:0002009,1,0
CHEMBL547,MONDO:0004975,1,0
CHEMBL547,MONDO:0004985,1,0
CHEMBL547,MONDO:0005027,1,0
CHEMBL547,MONDO:0005090,1,0
CHEMBL547,MONDO:0005098,1,0
CHEMBL547,MONDO:0005180,1,0
CHEMBL547,MONDO:0005277,1,0
CHEMBL547,MONDO:0005301,1,0
CHEMBL547,MONDO:0005618,1,1
CHEMBL547,MONDO:0007743,1,0
CHEMBL548,MONDO:0001627,1,0
CHEMBL548,MONDO:0002009,1,0
CHEMBL548,MONDO:0004975,1,0
CHEMBL548,MONDO:0004985,1,0
CHEMBL548,MONDO:0005027,1,1
CHEMBL548,MONDO:0005090,1,0
CHEMBL548,MONDO:0005098,1,0
CHEMBL548,MONDO:0005180,1,0
CHEMBL548,MONDO:0005277,1,0
CHEMBL548,MONDO:0005301,1,0
CHEMBL548,MONDO:0005618,1,0
CHEMBL548,MONDO:0007743,1,0
CHEMBL549,MONDO:0001627,1,0
CHEMBL549,MONDO:0002009,1,1
CHEMBL549,MONDO:0004975,1,0
CHEMBL549,MONDO:0004985,1,1
CHEMBL549,MONDO:0005027,1,1
CHEMBL549,MONDO:0005090,1,0
CHEMBL549,MONDO:0005098,1,0
CHEMBL549,MONDO:0005180,1,0
CHEMBL549,MONDO:0005277,1,0
CHEMBL549,MONDO:0005301,1,0
CHEMBL549,MONDO:0005618,1,1
CHEMBL549,MONDO:0007743,1,0
CHEMBL54976,MONDO:0001627,0,0
CHEMBL54976,MONDO:0002009,1,0
CHEMBL54976,MONDO:0004975,1,0
CHEMBL54976,MONDO:0004985,1,0
CHEMBL54976,MONDO:0005027,1,0
CHEMBL54976,MONDO:0005090,1,1
CHEMBL54976,MONDO:0005098,1,0
CHEMBL54976,MONDO:0005180,1,0
CHEMBL54976,MONDO:0005277,0,0
CHEMBL54976,MONDO:0005301,1,0
CHEMBL54976,MONDO:0005618,1,1
CHEMBL54976,MONDO:0007743,1,0
CHEMBL553,MONDO:0001627,1,0
CHEMBL553,MONDO:0002009,1,0
CHEMBL553,MONDO:0004975,1,0
CHEMBL553,MONDO:0004985,1,0
CHEMBL553,MONDO:0005027,1,0
CHEMBL553,MONDO:0005090,1,0
CHEMBL553,MONDO:0005098,1,1
CHEMBL553,MONDO:0005180,1,0
CHEMBL553,MONDO:0005277,1,0
CHEMBL553,MONDO:0005301,1,0
CHEMBL553,MONDO:0005618,1,0
CHEMBL553,MONDO:0007743,1,0
CHEMBL558,MONDO:0001627,1,0
CHEMBL558,MONDO:0002009,1,0
CHEMBL558,MONDO:0004975,1,0
CHEMBL558,MONDO:0004985,1,0
CHEMBL558,MONDO:0005027,1,1
CHEMBL558,MONDO:0005090,1,0
CHEMBL558,MONDO:0005098,1,0
CHEMBL558,MONDO:0005180,1,0
CHEMBL558,MONDO:0005277,1,0
CHEMBL558,MONDO:0005301,1,0
CHEMBL558,MONDO:0005618,1,0
CHEMBL558,MONDO:0007743,1,0
CHEMBL564,MONDO:0001627,1,0
CHEMBL564,MONDO:0002009,1,0
CHEMBL564,MONDO:0004975,1,1
CHEMBL564,MONDO:0004985,1,0
CHEMBL564,MONDO:0005027,1,1
CHEMBL564,MONDO:0005090,1,1
CHEMBL564,MONDO:0005098,1,0
CHEMBL564,MONDO:0005180,1,1
CHEMBL564,MONDO:0005277,1,0
CHEMBL564,MONDO:0005301,1,0
CHEMBL564,MONDO:0005618,1,0
CHEMBL564,MONDO:0007743,1,0
CHEMBL567,MONDO:0001627,1,0
CHEMBL567,MONDO:0002009,1,0
CHEMBL567,MONDO:0004975,1,1
CHEMBL567,MONDO:0004985,1,0
CHEMBL567,MONDO:0005027,1,1
CHEMBL567,MONDO:0005090,1,1
CHEMBL567,MONDO:0005098,1,0
CHEMBL567,MONDO:0005180,1,1
CHEMBL567,MONDO:0005277,1,0
CHEMBL567,MONDO:0005301,1,0
CHEMBL567,MONDO:0005618,1,0
CHEMBL567,MONDO:0007743,1,0
CHEMBL568,MONDO:0001627,1,0
CHEMBL568,MONDO:0002009,1,0
CHEMBL568,MONDO:0004975,1,0
CHEMBL568,MONDO:0004985,1,0
CHEMBL568,MONDO:0005027,1,0
CHEMBL568,MONDO:0005090,1,0
CHEMBL568,MONDO:0005098,1,0
CHEMBL568,MONDO:0005180,1,0
CHEMBL568,MONDO:0005277,1,0
CHEMBL568,MONDO:0005301,1,0
CHEMBL568,MONDO:0005618,1,1
CHEMBL568,MONDO:0007743,1,0
CHEMBL569713,MONDO:0001627,1,0
CHEMBL569713,MONDO:0002009,1,0
CHEMBL569713,MONDO:0004975,1,0
CHEMBL569713,MONDO:0004985,1,0
CHEMBL569713,MONDO:0005027,1,1
CHEMBL569713,MONDO:0005090,1,0
CHEMBL569713,MONDO:0005098,1,0
CHEMBL569713,MONDO:0005180,1,0
CHEMBL569713,MONDO:0005277,1,0
CHEMBL569713,MONDO:0005301,1,0
CHEMBL569713,MONDO:0005618,1,1
CHEMBL569713,MONDO:0007743,1,0
CHEMBL570,MONDO:0001627,1,0
CHEMBL570,MONDO:0002009,1,0
CHEMBL570,MONDO:0004975,1,1
CHEMBL570,MONDO:0004985,1,0
CHEMBL570,MONDO:0005027,1,1
CHEMBL570,MONDO:0005090,1,0
CHEMBL570,MONDO:0005098,1,0
CHEMBL570,MONDO:0005180,1,1
CHEMBL570,MONDO:0005277,1,0
CHEMBL570,MONDO:0005301,1,0
CHEMBL570,MONDO:0005618,1,0
CHEMBL570,MONDO:0007743,1,0
CHEMBL58,MONDO:0001627,1,0
CHEMBL58,MONDO:0002009,1,0
CHEMBL58,MONDO:0004975,1,0
CHEMBL58,MONDO:0004985,1,0
CHEMBL58,MONDO:0005027,1,1
CHEMBL58,MONDO:0005090,1,0
CHEMBL58,MONDO:0005098,1,0
CHEMBL58,MONDO:0005180,1,0
CHEMBL58,MONDO:0005277,1,0
CHEMBL58,MONDO:0005301,1,0
CHEMBL58,MONDO:0005618,1,0
CHEMBL58,MONDO:0007743,1,0
CHEMBL580,MONDO:0001627,1,0
CHEMBL580,MONDO:0002009,1,0
CHEMBL580,MONDO:0004975,1,0
CHEMBL580,MONDO:0004985,1,0
CHEMBL580,MONDO:0005027,1,1
CHEMBL580,MONDO:0005090,1,0
CHEMBL580,MONDO:0005098,1,0
CHEMBL580,MONDO:0005180,1,0
CHEMBL580,MONDO:0005277,1,0
CHEMBL580,MONDO:0005301,1,0
CHEMBL580,MONDO:0005618,1,1
CHEMBL580,MONDO:0007743,1,0
CHEMBL584,MONDO:0001627,1,0
CHEMBL584,MONDO:0002009,1,0
CHEMBL584,MONDO:0004975,1,0
CHEMBL584,MONDO:0004985,1,0
CHEMBL584,MONDO:0005027,1,0
CHEMBL584,MONDO:0005090,1,0
CHEMBL584,MONDO:0005098,1,0
CHEMBL584,MONDO:0005180,1,0
CHEMBL584,MONDO:0005277,1,0
CHEMBL584,MONDO:0005301,1,0
CHEMBL584,MONDO:0005618,1,1
CHEMBL584,MONDO:0007743,1,0
CHEMBL589,MONDO:0001627,1,0
CHEMBL589,MONDO:0002009,1,0
CHEMBL589,MONDO:0004975,1,0
CHEMBL589,MONDO:0004985,1,0
CHEMBL589,MONDO:0005027,1,0
CHEMBL589,MONDO:0005090,1,0
CHEMBL589,MONDO:0005098,1,0
CHEMBL589,MONDO:0005180,1,1
CHEMBL589,MONDO:0005277,1,0
CHEMBL589,MONDO:0005301,1,0
CHEMBL589,MONDO:0005618,1,0
CHEMBL589,MONDO:0007743,1,0
CHEMBL592,MONDO:0001627,1,0
CHEMBL592,MONDO:0002009,1,0
CHEMBL592,MONDO:0004975,1,0
CHEMBL592,MONDO:0004985,1,0
CHEMBL592,MONDO:0005027,1,1
CHEMBL592,MONDO:0005090,1,0
CHEMBL592,MONDO:0005098,1,0
CHEMBL592,MONDO:0005180,1,0
CHEMBL592,MONDO:0005277,1,0
CHEMBL592,MONDO:0005301,1,0
CHEMBL592,MONDO:0005618,1,0
CHEMBL592,MONDO:0007743,1,0
CHEMBL596,MONDO:0001627,1,0
CHEMBL596,MONDO:0002009,1,0
CHEMBL596,MONDO:0004975,1,0
CHEMBL596,MONDO:0004985,1,0
CHEMBL596,MONDO:0005027,1,0
CHEMBL596,MONDO:0005090,1,0
CHEMBL596,MONDO:0005098,1,0
CHEMBL596,MONDO:0005180,1,0
CHEMBL596,MONDO:0005277,1,1
CHEMBL596,MONDO:0005301,1,0
CHEMBL596,MONDO:0005618,1,1
CHEMBL596,MONDO:0007743,1,0
CHEMBL599,MONDO:0001627,1,0
CHEMBL599,MONDO:0002009,1,0
CHEMBL599,MONDO:0004975,1,0
CHEMBL599,MONDO:0004985,1,0
CHEMBL599,MONDO:0005027,1,0
CHEMBL599,MONDO:0005090,1,0
CHEMBL599,MONDO:0005098,1,1
CHEMBL599,MONDO:0005180,1,0
CHEMBL599,MONDO:0005277,1,0
CHEMBL599,MONDO:0005301,1,0
CHEMBL599,MONDO:0005618,1,0
CHEMBL599,MONDO:0007743,1,0
CHEMBL6,MONDO:0001627,1,0
CHEMBL6,MONDO:0002009,1,0
CHEMBL6,MONDO:0004975,1,0
CHEMBL6,MONDO:0004985,1,0
CHEMBL6,MONDO:0005027,1,1
CHEMBL6,MONDO:0005090,1,0
CHEMBL6,MONDO:0005098,1,0
CHEMBL6,MONDO:0005180,1,1
CHEMBL6,MONDO:0005277,1,0
CHEMBL6,MONDO:0005301,1,0
CHEMBL6,MONDO:0005618,1,1
CHEMBL6,MONDO:0007743,1,0
CHEMBL602,MONDO:0001627,1,0
CHEMBL602,MONDO:0002009,1,0
CHEMBL602,MONDO:0004975,1,0
CHEMBL602,MONDO:0004985,1,0
CHEMBL602,MONDO:0005027,1,1
CHEMBL602,MONDO:0005090,1,0
CHEMBL602,MONDO:0005098,1,0
CHEMBL602,MONDO:0005180,1,0
CHEMBL602,MONDO:0005277,1,0
CHEMBL602,MONDO:0005301,1,0
CHEMBL602,MONDO:0005618,1,1
CHEMBL602,MONDO:0007743,1,0
CHEMBL603,MONDO:0001627,1,0
CHEMBL603,MONDO:0002009,1,0
CHEMBL603,MONDO:0004975,1,0
CHEMBL603,MONDO:0004985,1,0
CHEMBL603,MONDO:0005027,1,0
CHEMBL603,MONDO:0005090,1,0
CHEMBL603,MONDO:0005098,1,0
CHEMBL603,MONDO:0005180,1,0
CHEMBL603,MONDO:0005277,1,0
CHEMBL603,MONDO:0005301,1,0
CHEMBL603,MONDO:0005618,1,1
CHEMBL603,MONDO:0007743,1,0
CHEMBL606,MONDO:0001627,1,0
CHEMBL606,MONDO:0002009,1,0
CHEMBL606,MONDO:0004975,1,0
CHEMBL606,MONDO:0004985,1,0
CHEMBL606,MONDO:0005027,1,0
CHEMBL606,MONDO:0005090,1,0
CHEMBL606,MONDO:0005098,1,1
CHEMBL606,MONDO:0005180,1,0
CHEMBL606,MONDO:0005277,1,0
CHEMBL606,MONDO:0005301,1,0
CHEMBL606,MONDO:0005618,1,0
CHEMBL606,MONDO:0007743,1,0
CHEMBL6066864,MONDO:0001627,1,0
CHEMBL6066864,MONDO:0002009,1,0
CHEMBL6066864,MONDO:0004975,1,0
CHEMBL6066864,MONDO:0004985,1,0
CHEMBL6066864,MONDO:0005027,1,0
CHEMBL6066864,MONDO:0005090,1,1
CHEMBL6066864,MONDO:0005098,1,0
CHEMBL6066864,MONDO:0005180,1,0
CHEMBL6066864,MONDO:0005277,1,0
CHEMBL6066864,MONDO:0005301,1,0
CHEMBL6066864,MONDO:0005618,1,0
CHEMBL6066864,MONDO:0007743,1,0
CHEMBL607,MONDO:0001627,1,0
CHEMBL607,MONDO:0002009,1,0
CHEMBL607,MONDO:0004975,1,0
CHEMBL607,MONDO:0004985,1,0
CHEMBL607,MONDO:0005027,1,1
CHEMBL607,MONDO:0005090,1,0
CHEMBL607,MONDO:0005098,1,0
CHEMBL607,MONDO:0005180,1,0
CHEMBL607,MONDO:0005277,1,0
CHEMBL607,MONDO:0005301,1,0
CHEMBL607,MONDO:0005618,1,0
CHEMBL607,MONDO:0007743,1,0
CHEMBL61006,MONDO:0001627,1,0
CHEMBL61006,MONDO:0002009,1,0
CHEMBL61006,MONDO:0004975,1,1
CHEMBL61006,MONDO:0004985,1,0
CHEMBL61006,MONDO:0005027,1,1
CHEMBL61006,MONDO:0005090,1,0
CHEMBL61006,MONDO:0005098,1,0
CHEMBL61006,MONDO:0005180,1,0
CHEMBL61006,MONDO:0005277,1,0
CHEMBL61006,MONDO:0005301,1,0
CHEMBL61006,MONDO:0005618,1,1
CHEMBL61006,MONDO:0007743,1,0
CHEMBL612,MONDO:0001627,1,0
CHEMBL612,MONDO:0002009,1,0
CHEMBL612,MONDO:0004975,1,0
CHEMBL612,MONDO:0004985,1,1
CHEMBL612,MONDO:0005027,1,1
CHEMBL612,MONDO:0005090,1,0
CHEMBL612,MONDO:0005098,1,1
CHEMBL612,MONDO:0005180,1,0
CHEMBL612,MONDO:0005277,1,0
CHEMBL612,MONDO:0005301,1,0
CHEMBL612,MONDO:0005618,1,0
CHEMBL612,MONDO:0007743,1,1
CHEMBL620,MONDO:0001627,1,0
CHEMBL620,MONDO:0002009,1,0
CHEMBL620,MONDO:0004975,1,0
CHEMBL620,MONDO:0004985,1,0
CHEMBL620,MONDO:0005027,1,0
CHEMBL620,MONDO:0005090,1,0
CHEMBL620,MONDO:0005098,1,0
CHEMBL620,MONDO:0005180,1,0
CHEMBL620,MONDO:0005277,1,0
CHEMBL620,MONDO:0005301,1,0
CHEMBL620,MONDO:0005618,1,1
CHEMBL620,MONDO:0007743,1,0
CHEMBL621,MONDO:0001627,1,0
CHEMBL621,MONDO:0002009,1,1
CHEMBL621,MONDO:0004975,1,0
CHEMBL621,MONDO:0004985,1,0
CHEMBL621,MONDO:0005027,1,0
CHEMBL621,MONDO:0005090,1,0
CHEMBL621,MONDO:0005098,1,0
CHEMBL621,MONDO:0005180,1,0
CHEMBL621,MONDO:0005277,1,0
CHEMBL621,MONDO:0005301,1,0
CHEMBL621,MONDO:0005618,1,1
CHEMBL621,MONDO:0007743,1,0
CHEMBL623,MONDO:0001627,1,0
CHEMBL623,MONDO:0002009,1,1
CHEMBL623,MONDO:0004975,1,0
CHEMBL623,MONDO:0004985,1,1
CHEMBL623,MONDO:0005027,1,1
CHEMBL623,MONDO:0005090,1,0
CHEMBL623,MONDO:0005098,1,1
CHEMBL623,MONDO:0005180,1,0
CHEMBL623,MONDO:0005277,1,0
CHEMBL623,MONDO:0005301,1,0
CHEMBL623,MONDO:0005618,1,1
CHEMBL623,MONDO:0007743,1,0
CHEMBL629,MONDO:0001627,1,0
CHEMBL629,MONDO:0002009,1,0
CHEMBL629,MONDO:0004975,1,1
CHEMBL629,MONDO:0004985,1,0
CHEMBL629,MONDO:0005027,1,1
CHEMBL629,MONDO:0005090,1,0
CHEMBL629,MONDO:0005098,1,0
CHEMBL629,MONDO:0005180,1,1
CHEMBL629,MONDO:0005277,1,0
CHEMBL629,MONDO:0005301,1,0
CHEMBL629,MONDO:0005618,1,1
CHEMBL629,MONDO:0007743,1,0
CHEMBL632,MONDO:0001627,1,0
CHEMBL632,MONDO:0002009,1,0
CHEMBL632,MONDO:0004975,1,0
CHEMBL632,MONDO:0004985,1,0
CHEMBL632,MONDO:0005027,1,1
CHEMBL632,MONDO:0005090,1,0
CHEMBL632,MONDO:0005098,1,0
CHEMBL632,MONDO:0005180,1,0
CHEMBL632,MONDO:0005277,1,0
CHEMBL632,MONDO:0005301,1,1
CHEMBL632,MONDO:0005618,1,0
CHEMBL632,MONDO:0007743,1,0
CHEMBL635,MONDO:0001627,1,0
CHEMBL635,MONDO:0002009,1,0
CHEMBL635,MONDO:0004975,1,0
CHEMBL635,MONDO:0004985,1,0
CHEMBL635,MONDO:0005027,1,1
CHEMBL635,MONDO:0005090,1,0
CHEMBL635,MONDO:0005098,1,0
CHEMBL635,MONDO:0005180,1,0
CHEMBL635,MONDO:0005277,1,0
CHEMBL635,MONDO:0005301,1,1
CHEMBL635,MONDO:0005618,1,0
CHEMBL635,MONDO:0007743,1,0
CHEMBL636,MONDO:0001627,1,0
CHEMBL636,MONDO:0002009,1,0
CHEMBL636,MONDO:0004975,1,1
CHEMBL636,MONDO:0004985,1,0
CHEMBL636,MONDO:0005027,1,1
CHEMBL636,MONDO:0005090,1,0
CHEMBL636,MONDO:0005098,1,0
CHEMBL636,MONDO:0005180,1,1
CHEMBL636,MONDO:0005277,1,0
CHEMBL636,MONDO:0005301,1,0
CHEMBL636,MONDO:0005618,1,0
CHEMBL636,MONDO:0007743,1,0
CHEMBL637,MONDO:0001627,1,0
CHEMBL637,MONDO:0002009,1,1
CHEMBL637,MONDO:0004975,1,0
CHEMBL637,MONDO:0004985,1,1
CHEMBL637,MONDO:0005027,1,1
CHEMBL637,MONDO:0005090,1,0
CHEMBL637,MONDO:0005098,1,0
CHEMBL637,MONDO:0005180,1,0
CHEMBL637,MONDO:0005277,1,0
CHEMBL637,MONDO:0005301,1,0
CHEMBL637,MONDO:0005618,1,1
CHEMBL637,MONDO:0007743,1,0
CHEMBL641,MONDO:0001627,1,0
CHEMBL641,MONDO:0002009,1,0
CHEMBL641,MONDO:0004975,1,0
CHEMBL641,MONDO:0004985,1,1
CHEMBL641,MONDO:0005027,1,1
CHEMBL641,MONDO:0005090,1,0
CHEMBL641,MONDO:0005098,1,1
CHEMBL641,MONDO:0005180,1,0
CHEMBL641,MONDO:0005277,1,0
CHEMBL641,MONDO:0005301,1,0
CHEMBL641,MONDO:0005618,1,0
CHEMBL641,MONDO:0007743,1,1
CHEMBL642,MONDO:0001627,1,0
CHEMBL642,MONDO:0002009,1,0
CHEMBL642,MONDO:0004975,1,0
CHEMBL642,MONDO:0004985,1,0
CHEMBL642,MONDO:0005027,1,0
CHEMBL642,MONDO:0005090,1,0
CHEMBL642,MONDO:0005098,1,0
CHEMBL642,MONDO:0005180,1,0
CHEMBL642,MONDO:0005277,1,0
CHEMBL642,MONDO:0005301,1,0
CHEMBL642,MONDO:0005618,1,1
CHEMBL642,MONDO:0007743,1,0
CHEMBL6437,MONDO:0001627,1,0
CHEMBL6437,MONDO:0002009,1,1
CHEMBL6437,MONDO:0004975,1,0
CHEMBL6437,MONDO:0004985,1,0
CHEMBL6437,MONDO:0005027,1,0
CHEMBL6437,MONDO:0005090,1,0
CHEMBL6437,MONDO:0005098,1,0
CHEMBL6437,MONDO:0005180,1,0
CHEMBL6437,MONDO:0005277,1,0
CHEMBL6437,MONDO:0005301,1,0
CHEMBL6437,MONDO:0005618,1,1
CHEMBL6437,MONDO:0007743,1,0
CHEMBL644,MONDO:0001627,1,0
CHEMBL644,MONDO:0002009,1,0
CHEMBL644,MONDO:0004975,1,0
CHEMBL644,MONDO:0004985,1,1
CHEMBL644,MONDO:0005027,1,1
CHEMBL644,MONDO:0005090,1,1
CHEMBL644,MONDO:0005098,1,1
CHEMBL644,MONDO:0005180,1,0
CHEMBL644,MONDO:0005277,1,0
CHEMBL644,MONDO:0005301,1,0
CHEMBL644,MONDO:0005618,1,1
CHEMBL644,MONDO:0007743,1,0
CHEMBL645,MONDO:0001627,1,0
CHEMBL645,MONDO:0002009,1,0
CHEMBL645,MONDO:0004975,1,0
CHEMBL645,MONDO:0004985,1,0
CHEMBL645,MONDO:0005027,1,0
CHEMBL645,MONDO:0005090,1,0
CHEMBL645,MONDO:0005098,1,0
CHEMBL645,MONDO:0005180,1,0
CHEMBL645,MONDO:0005277,1,0
CHEMBL645,MONDO:0005301,1,0
CHEMBL645,MONDO:0005618,1,1
CHEMBL645,MONDO:0007743,1,0
CHEMBL646,MONDO:0001627,1,0
CHEMBL646,MONDO:0002009,1,0
CHEMBL646,MONDO:0004975,1,0
CHEMBL646,MONDO:0004985,1,0
CHEMBL646,MONDO:0005027,1,0
CHEMBL646,MONDO:0005090,1,0
CHEMBL646,MONDO:0005098,1,0
CHEMBL646,MONDO:0005180,1,0
CHEMBL646,MONDO:0005277,1,0
CHEMBL646,MONDO:0005301,1,0
CHEMBL646,MONDO:0005618,1,1
CHEMBL646,MONDO:0007743,1,0
CHEMBL648,MONDO:0001627,1,0
CHEMBL648,MONDO:0002009,1,0
CHEMBL648,MONDO:0004975,1,0
CHEMBL648,MONDO:0004985,1,0
CHEMBL648,MONDO:0005027,1,1
CHEMBL648,MONDO:0005090,1,0
CHEMBL648,MONDO:0005098,1,0
CHEMBL648,MONDO:0005180,1,0
CHEMBL648,MONDO:0005277,1,0
CHEMBL648,MONDO:0005301,1,0
CHEMBL648,MONDO:0005618,1,0
CHEMBL648,MONDO:0007743,1,0
CHEMBL650,MONDO:0001627,1,0
CHEMBL650,MONDO:0002009,1,0
CHEMBL650,MONDO:0004975,1,0
CHEMBL650,MONDO:0004985,1,0
CHEMBL650,MONDO:0005027,1,1
CHEMBL650,MONDO:0005090,1,0
CHEMBL650,MONDO:0005098,1,0
CHEMBL650,MONDO:0005180,1,0
CHEMBL650,MONDO:0005277,1,0
CHEMBL650,MONDO:0005301,1,1
CHEMBL650,MONDO:0005618,1,0
CHEMBL650,MONDO:0007743,1,0
CHEMBL651,MONDO:0001627,1,0
CHEMBL651,MONDO:0002009,1,0
CHEMBL651,MONDO:0004975,1,0
CHEMBL651,MONDO:0004985,1,0
CHEMBL651,MONDO:0005027,1,1
CHEMBL651,MONDO:0005090,1,0
CHEMBL651,MONDO:0005098,1,0
CHEMBL651,MONDO:0005180,1,0
CHEMBL651,MONDO:0005277,1,0
CHEMBL651,MONDO:0005301,1,0
CHEMBL651,MONDO:0005618,1,0
CHEMBL651,MONDO:0007743,1,0
CHEMBL654,MONDO:0001627,1,0
CHEMBL654,MONDO:0002009,1,1
CHEMBL654,MONDO:0004975,1,0
CHEMBL654,MONDO:0004985,1,0
CHEMBL654,MONDO:0005027,1,1
CHEMBL654,MONDO:0005090,1,0
CHEMBL654,MONDO:0005098,1,1
CHEMBL654,MONDO:0005180,1,0
CHEMBL654,MONDO:0005277,1,0
CHEMBL654,MONDO:0005301,1,0
CHEMBL654,MONDO:0005618,1,1
CHEMBL654,MONDO:0007743,1,0
CHEMBL656,MONDO:0001627,1,0
CHEMBL656,MONDO:0002009,1,0
CHEMBL656,MONDO:0004975,1,1
CHEMBL656,MONDO:0004985,1,0
CHEMBL656,MONDO:0005027,1,1
CHEMBL656,MONDO:0005090,1,0
CHEMBL656,MONDO:0005098,1,0
CHEMBL656,MONDO:0005180,1,0
CHEMBL656,MONDO:0005277,1,0
CHEMBL656,MONDO:0005301,1,0
CHEMBL656,MONDO:0005618,1,0
CHEMBL656,MONDO:0007743,1,0
CHEMBL659,MONDO:0001627,1,0
CHEMBL659,MONDO:0002009,1,0
CHEMBL659,MONDO:0004975,1,1
CHEMBL659,MONDO:0004985,1,0
CHEMBL659,MONDO:0005027,1,1
CHEMBL659,MONDO:0005090,1,0
CHEMBL659,MONDO:0005098,1,0
CHEMBL659,MONDO:0005180,1,0
CHEMBL659,MONDO:0005277,1,0
CHEMBL659,MONDO:0005301,1,0
CHEMBL659,MONDO:0005618,1,0
CHEMBL659,MONDO:0007743,1,0
CHEMBL660,MONDO:0001627,1,0
CHEMBL660,MONDO:0002009,1,0
CHEMBL660,MONDO:0004975,1,0
CHEMBL660,MONDO:0004985,1,0
CHEMBL660,MONDO:0005027,1,1
CHEMBL660,MONDO:0005090,1,0
CHEMBL660,MONDO:0005098,1,0
CHEMBL660,MONDO:0005180,1,1
CHEMBL660,MONDO:0005277,1,0
CHEMBL660,MONDO:0005301,1,0
CHEMBL660,MONDO:0005618,1,0
CHEMBL660,MONDO:0007743,1,0
CHEMBL661,MONDO:0001627,1,0
CHEMBL661,MONDO:0002009,1,0
CHEMBL661,MONDO:0004975,1,0
CHEMBL661,MONDO:0004985,1,0
CHEMBL661,MONDO:0005027,1,0
CHEMBL661,MONDO:0005090,1,0
CHEMBL661,MONDO:0005098,1,0
CHEMBL661,MONDO:0005180,1,0
CHEMBL661,MONDO:0005277,1,0
CHEMBL661,MONDO:0005301,1,0
CHEMBL661,MONDO:0005618,1,1
CHEMBL661,MONDO:0007743,1,0
CHEMBL6622,MONDO:0001627,1,0
CHEMBL6622,MONDO:0002009,1,0
CHEMBL6622,MONDO:0004975,1,0
CHEMBL6622,MONDO:0004985,1,0
CHEMBL6622,MONDO:0005027,1,0
CHEMBL6622,MONDO:0005090,1,0
CHEMBL6622,MONDO:0005098,1,1
CHEMBL6622,MONDO:0005180,1,0
CHEMBL6622,MONDO:0005277,1,0
CHEMBL6622,MONDO:0005301,1,0
CHEMBL6622,MONDO:0005618,1,0
CHEMBL6622,MONDO:0007743,1,0
CHEMBL666,MONDO:0001627,1,0
CHEMBL666,MONDO:0002009,1,0
CHEMBL666,MONDO:0004975,1,0
CHEMBL666,MONDO:0004985,1,0
CHEMBL666,MONDO:0005027,1,1
CHEMBL666,MONDO:0005090,1,0
CHEMBL666,MONDO:0005098,1,0
CHEMBL666,MONDO:0005180,1,0
CHEMBL666,MONDO:0005277,1,0
CHEMBL666,MONDO:0005301,1,0
CHEMBL666,MONDO:0005618,1,0
CHEMBL666,MONDO:0007743,1,0
CHEMBL668,MONDO:0001627,1,1
CHEMBL668,MONDO:0002009,1,0
CHEMBL668,MONDO:0004975,1,0
CHEMBL668,MONDO:0004985,1,1
CHEMBL668,MONDO:0005027,1,1
CHEMBL668,MONDO:0005090,1,1
CHEMBL668,MONDO:0005098,1,0
CHEMBL668,MONDO:0005180,1,0
CHEMBL668,MONDO:0005277,1,0
CHEMBL668,MONDO:0005301,1,0
CHEMBL668,MONDO:0005618,1,1
CHEMBL668,MONDO:0007743,1,0
CHEMBL679,MONDO:0001627,1,0
CHEMBL679,MONDO:0002009,1,0
CHEMBL679,MONDO:0004975,1,0
CHEMBL679,MONDO:0004985,1,0
CHEMBL679,MONDO:0005027,1,1
CHEMBL679,MONDO:0005090,1,0
CHEMBL679,MONDO:0005098,1,0
CHEMBL679,MONDO:0005180,1,1
CHEMBL679,MONDO:0005277,1,0
CHEMBL679,MONDO:0005301,1,0
CHEMBL679,MONDO:0005618,1,0
CHEMBL679,MONDO:0007743,1,0
CHEMBL689,MONDO:0001627,1,0
CHEMBL689,MONDO:0002009,1,0
CHEMBL689,MONDO:0004975,1,0
CHEMBL689,MONDO:0004985,1,0
CHEMBL689,MONDO:0005027,1,0
CHEMBL689,MONDO:0005090,1,0
CHEMBL689,MONDO:0005098,1,0
CHEMBL689,MONDO:0005180,1,0
CHEMBL689,MONDO:0005277,1,0
CHEMBL689,MONDO:0005301,1,0
CHEMBL689,MONDO:0005618,1,1
CHEMBL689,MONDO:0007743,1,0
CHEMBL691,MONDO:0001627,1,1
CHEMBL691,MONDO:0002009,1,0
CHEMBL691,MONDO:0004975,1,0
CHEMBL691,MONDO:0004985,1,0
CHEMBL691,MONDO:0005027,1,1
CHEMBL691,MONDO:0005090,1,0
CHEMBL691,MONDO:0005098,1,1
CHEMBL691,MONDO:0005180,1,0
CHEMBL691,MONDO:0005277,1,1
CHEMBL691,MONDO:0005301,1,0
CHEMBL691,MONDO:0005618,1,1
CHEMBL691,MONDO:0007743,1,0
CHEMBL695,MONDO:0001627,1,0
CHEMBL695,MONDO:0002009,1,0
CHEMBL695,MONDO:0004975,1,0
CHEMBL695,MONDO:0004985,1,0
CHEMBL695,MONDO:0005027,1,1
CHEMBL695,MONDO:0005090,1,0
CHEMBL695,MONDO:0005098,1,0
CHEMBL695,MONDO:0005180,1,0
CHEMBL695,MONDO:0005277,1,0
CHEMBL695,MONDO:0005301,1,0
CHEMBL695,MONDO:0005618,1,0
CHEMBL695,MONDO:0007743,1,0
CHEMBL696,MONDO:0001627,1,0
CHEMBL696,MONDO:0002009,1,0
CHEMBL696,MONDO:0004975,1,0
CHEMBL696,MONDO:0004985,1,0
CHEMBL696,MONDO:0005027,1,0
CHEMBL696,MONDO:0005090,1,0
CHEMBL696,MONDO:0005098,1,0
CHEMBL696,MONDO:0005180,1,0
CHEMBL696,MONDO:0005277,1,0
CHEMBL696,MONDO:0005301,1,0
CHEMBL696,MONDO:0005618,1,1
CHEMBL696,MONDO:0007743,1,0
CHEMBL697,MONDO:0001627,1,0
CHEMBL697,MONDO:0002009,1,0
CHEMBL697,MONDO:0004975,1,0
CHEMBL697,MONDO:0004985,1,0
CHEMBL697,MONDO:0005027,1,1
CHEMBL697,MONDO:0005090,1,0
CHEMBL697,MONDO:0005098,1,0
CHEMBL697,MONDO:0005180,1,0
CHEMBL697,MONDO:0005277,1,0
CHEMBL697,MONDO:0005301,1,0
CHEMBL697,MONDO:0005618,1,1
CHEMBL697,MONDO:0007743,1,0
CHEMBL698,MONDO:0001627,1,0
CHEMBL698,MONDO:0002009,1,0
CHEMBL698,MONDO:0004975,1,0
CHEMBL698,MONDO:0004985,1,0
CHEMBL698,MONDO:0005027,1,1
CHEMBL698,MONDO:0005090,1,0
CHEMBL698,MONDO:0005098,1,0
CHEMBL698,MONDO:0005180,1,0
CHEMBL698,MONDO:0005277,1,0
CHEMBL698,MONDO:0005301,1,0
CHEMBL698,MONDO:0005618,1,0
CHEMBL698,MONDO:0007743,1,0
CHEMBL70,MONDO:0001627,1,0
CHEMBL70,MONDO:0002009,1,0
CHEMBL70,MONDO:0004975,1,0
CHEMBL70,MONDO:0004985,1,0
CHEMBL70,MONDO:0005027,1,1
CHEMBL70,MONDO:0005090,1,0
CHEMBL70,MONDO:0005098,1,0
CHEMBL70,MONDO:0005180,1,0
CHEMBL70,MONDO:0005277,1,0
CHEMBL70,MONDO:0005301,1,0
CHEMBL70,MONDO:0005618,1,1
CHEMBL70,MONDO:0007743,1,0
CHEMBL701,MONDO:0001627,1,0
CHEMBL701,MONDO:0002009,1,0
CHEMBL701,MONDO:0004975,1,0
CHEMBL701,MONDO:0004985,1,0
CHEMBL701,MONDO:0005027,1,1
CHEMBL701,MONDO:0005090,1,1
CHEMBL701,MONDO:0005098,1,1
CHEMBL701,MONDO:0005180,1,0
CHEMBL701,MONDO:0005277,1,0
CHEMBL701,MONDO:0005301,1,0
CHEMBL701,MONDO:0005618,1,0
CHEMBL701,MONDO:0007743,1,0
CHEMBL708,MONDO:0001627,1,0
CHEMBL708,MONDO:0002009,1,0
CHEMBL708,MONDO:0004975,1,1
CHEMBL708,MONDO:0004985,1,1
CHEMBL708,MONDO:0005027,1,1
CHEMBL708,MONDO:0005090,1,1
CHEMBL708,MONDO:0005098,1,0
CHEMBL708,MONDO:0005180,1,0
CHEMBL708,MONDO:0005277,1,0
CHEMBL708,MONDO:0005301,1,0
CHEMBL708,MONDO:0005618,1,0
CHEMBL708,MONDO:0007743,1,0
CHEMBL71,MONDO:0001627,1,0
CHEMBL71,MONDO:0002009,1,0
CHEMBL71,MONDO:0004975,1,1
CHEMBL71,MONDO:0004985,1,0
CHEMBL71,MONDO:0005027,1,1
CHEMBL71,MONDO:0005090,1,1
CHEMBL71,MONDO:0005098,1,0
CHEMBL71,MONDO:0005180,1,1
CHEMBL71,MONDO:0005277,1,0
CHEMBL71,MONDO:0005301,1,0
CHEMBL71,MONDO:0005618,1,0
CHEMBL71,MONDO:0007743,1,0
CHEMBL714,MONDO:0001627,1,0
CHEMBL714,MONDO:0002009,1,0
CHEMBL714,MONDO:0004975,1,0
CHEMBL714,MONDO:0004985,1,0
CHEMBL714,MONDO:0005027,1,1
CHEMBL714,MONDO:0005090,1,0
CHEMBL714,MONDO:0005098,1,0
CHEMBL714,MONDO:0005180,1,0
CHEMBL714,MONDO:0005277,1,0
CHEMBL714,MONDO:0005301,1,0
CHEMBL714,MONDO:0005618,1,0
CHEMBL714,MONDO:0007743,1,0
CHEMBL715,MONDO:0001627,1,0
CHEMBL715,MONDO:0002009,1,1
CHEMBL715,MONDO:0004975,1,1
CHEMBL715,MONDO:0004985,1,1
CHEMBL715,MONDO:0005027,1,1
CHEMBL715,MONDO:0005090,1,1
CHEMBL715,MONDO:0005098,1,1
CHEMBL715,MONDO:0005180,1,0
CHEMBL715,MONDO:0005277,1,0
CHEMBL715,MONDO:0005301,1,0
CHEMBL715,MONDO:0005618,1,1
CHEMBL715,MONDO:0007743,1,0
CHEMBL716,MONDO:0001627,1,0
CHEMBL716,MONDO:0002009,1,0
CHEMBL716,MONDO:0004975,1,1
CHEMBL716,MONDO:0004985,1,1
CHEMBL716,MONDO:0005027,1,1
CHEMBL716,MONDO:0005090,1,1
CHEMBL716,MONDO:0005098,1,0
CHEMBL716,MONDO:0005180,1,0
CHEMBL716,MONDO:0005277,1,0
CHEMBL716,MONDO:0005301,1,0
CHEMBL716,MONDO:0005618,1,0
CHEMBL716,MONDO:0007743,1,0
CHEMBL717,MONDO:0001627,1,1
CHEMBL717,MONDO:0002009,1,0
CHEMBL717,MONDO:0004975,1,0
CHEMBL717,MONDO:0004985,1,0
CHEMBL717,MONDO:0005027,1,1
CHEMBL717,MONDO:0005090,1,0
CHEMBL717,MONDO:0005098,1,1
CHEMBL717,MONDO:0005180,1,0
CHEMBL717,MONDO:0005277,1,1
CHEMBL717,MONDO:0005301,1,0
CHEMBL717,MONDO:0005618,1,1
CHEMBL717,MONDO:0007743,1,0
CHEMBL71752,MONDO:0001627,0,1
CHEMBL71752,MONDO:0002009,1,0
CHEMBL71752,MONDO:0004975,1,0
CHEMBL71752,MONDO:0004985,1,0
CHEMBL71752,MONDO:0005027,1,0
CHEMBL71752,MONDO:0005090,1,0
CHEMBL71752,MONDO:0005098,1,0
CHEMBL71752,MONDO:0005180,1,0
CHEMBL71752,MONDO:0005277,0,0
CHEMBL71752,MONDO:0005301,1,0
CHEMBL71752,MONDO:0005618,1,0
CHEMBL71752,MONDO:0007743,1,0
CHEMBL72,MONDO:0001627,1,0
CHEMBL72,MONDO:0002009,1,0
CHEMBL72,MONDO:0004975,1,0
CHEMBL72,MONDO:0004985,1,1
CHEMBL72,MONDO:0005027,1,1
CHEMBL72,MONDO:0005090,1,1
CHEMBL72,MONDO:0005098,1,1
CHEMBL72,MONDO:0005180,1,0
CHEMBL72,MONDO:0005277,1,0
CHEMBL72,MONDO:0005301,1,0
CHEMBL72,MONDO:0005618,1,1
CHEMBL72,MONDO:0007743,1,1
CHEMBL726,MONDO:0001627,1,0
CHEMBL726,MONDO:0002009,1,0
CHEMBL726,MONDO:0004975,1,1
CHEMBL726,MONDO:0004985,1,0
CHEMBL726,MONDO:0005027,1,1
CHEMBL726,MONDO:0005090,1,1
CHEMBL726,MONDO:0005098,1,0
CHEMBL726,MONDO:0005180,1,1
CHEMBL726,MONDO:0005277,1,0
CHEMBL726,MONDO:0005301,1,0
CHEMBL726,MONDO:0005618,1,0
CHEMBL726,MONDO:0007743,1,0
CHEMBL728,MONDO:0001627,1,0
CHEMBL728,MONDO:0002009,1,0
CHEMBL728,MONDO:0004975,1,1
CHEMBL728,MONDO:0004985,1,0
CHEMBL728,MONDO:0005027,1,1
CHEMBL728,MONDO:0005090,1,1
CHEMBL728,MONDO:0005098,1,0
CHEMBL728,MONDO:0005180,1,1
CHEMBL728,MONDO:0005277,1,0
CHEMBL728,MONDO:0005301,1,0
CHEMBL728,MONDO:0005618,1,0
CHEMBL728,MONDO:0007743,1,0
CHEMBL741,MONDO:0001627,1,0
CHEMBL741,MONDO:0002009,1,0
CHEMBL741,MONDO:0004975,1,0
CHEMBL741,MONDO:0004985,1,1
CHEMBL741,MONDO:0005027,1,1
CHEMBL741,MONDO:0005090,1,0
CHEMBL741,MONDO:0005098,1,0
CHEMBL741,MONDO:0005180,1,0
CHEMBL741,MONDO:0005277,1,0
CHEMBL741,MONDO:0005301,1,0
CHEMBL741,MONDO:0005618,1,1
CHEMBL741,MONDO:0007743,1,0
CHEMBL7413,MONDO:0001627,1,0
CHEMBL7413,MONDO:0002009,1,0
CHEMBL7413,MONDO:0004975,1,0
CHEMBL7413,MONDO:0004985,1,0
CHEMBL7413,MONDO:0005027,1,1
CHEMBL7413,MONDO:0005090,1,0
CHEMBL7413,MONDO:0005098,1,0
CHEMBL7413,MONDO:0005180,1,0
CHEMBL7413,MONDO:0005277,1,0
CHEMBL7413,MONDO:0005301,1,0
CHEMBL7413,MONDO:0005618,1,0
CHEMBL7413,MONDO:0007743,1,0
CHEMBL742,MONDO:0001627,1,0
CHEMBL742,MONDO:0002009,1,1
CHEMBL742,MONDO:0004975,1,0
CHEMBL742,MONDO:0004985,1,0
CHEMBL742,MONDO:0005027,1,0
CHEMBL742,MONDO:0005090,1,0
CHEMBL742,MONDO:0005098,1,1
CHEMBL742,MONDO:0005180,1,0
CHEMBL742,MONDO:0005277,1,0
CHEMBL742,MONDO:0005301,1,0
CHEMBL742,MONDO:0005618,1,1
CHEMBL742,MONDO:0007743,1,0
CHEMBL750,MONDO:0001627,1,0
CHEMBL750,MONDO:0002009,1,0
CHEMBL750,MONDO:0004975,1,0
CHEMBL750,MONDO:0004985,1,0
CHEMBL750,MONDO:0005027,1,0
CHEMBL750,MONDO:0005090,1,0
CHEMBL750,MONDO:0005098,1,0
CHEMBL750,MONDO:0005180,1,0
CHEMBL750,MONDO:0005277,1,0
CHEMBL750,MONDO:0005301,1,0
CHEMBL750,MONDO:0005618,1,1
CHEMBL750,MONDO:0007743,1,0
CHEMBL76,MONDO:0001627,1,0
CHEMBL76,MONDO:0002009,1,0
CHEMBL76,MONDO:0004975,1,0
CHEMBL76,MONDO:0004985,1,0
CHEMBL76,MONDO:0005027,1,1
CHEMBL76,MONDO:0005090,1,0
CHEMBL76,MONDO:0005098,1,0
CHEMBL76,MONDO:0005180,1,0
CHEMBL76,MONDO:0005277,1,0
CHEMBL76,MONDO:0005301,1,0
CHEMBL76,MONDO:0005618,1,0
CHEMBL76,MONDO:0007743,1,0
CHEMBL76370,MONDO:0001627,1,0
CHEMBL76370,MONDO:0002009,1,0
CHEMBL76370,MONDO:0004975,1,0
CHEMBL76370,MONDO:0004985,1,0
CHEMBL76370,MONDO:0005027,1,0
CHEMBL76370,MONDO:0005090,1,0
CHEMBL76370,MONDO:0005098,1,1
CHEMBL76370,MONDO:0005180,1,0
CHEMBL76370,MONDO:0005277,1,0
CHEMBL76370,MONDO:0005301,1,0
CHEMBL76370,MONDO:0005618,1,0
CHEMBL76370,MONDO:0007743,1,0
CHEMBL766,MONDO:0001627,1,0
CHEMBL766,MONDO:0002009,1,0
CHEMBL766,MONDO:0004975,1,0
CHEMBL766,MONDO:0004985,1,0
CHEMBL766,MONDO:0005027,1,1
CHEMBL766,MONDO:0005090,1,0
CHEMBL766,MONDO:0005098,1,0
CHEMBL766,MONDO:0005180,1,0
CHEMBL766,MONDO:0005277,1,0
CHEMBL766,MONDO:0005301,1,0
CHEMBL766,MONDO:0005618,1,0
CHEMBL766,MONDO:0007743,1,0
CHEMBL771,MONDO:0001627,0,0
CHEMBL771,MONDO:0002009,1,0
CHEMBL771,MONDO:0004975,0,0
CHEMBL771,MONDO:0004985,1,0
CHEMBL771,MONDO:0005027,0,1
CHEMBL771,MONDO:0005090,0,0
CHEMBL771,MONDO:0005098,0,0
CHEMBL771,MONDO:0005180,1,0
CHEMBL771,MONDO:0005277,0,0
CHEMBL771,MONDO:0005301,0,0
CHEMBL771,MONDO:0005618,1,1
CHEMBL771,MONDO:0007743,0,0
CHEMBL772,MONDO:0001627,1,0
CHEMBL772,MONDO:0002009,1,0
CHEMBL772,MONDO:0004975,1,0
CHEMBL772,MONDO:0004985,1,0
CHEMBL772,MONDO:0005027,1,1
CHEMBL772,MONDO:0005090,1,0
CHEMBL772,MONDO:0005098,1,1
CHEMBL772,MONDO:0005180,1,0
CHEMBL772,MONDO:0005277,1,0
CHEMBL772,MONDO:0005301,1,0
CHEMBL772,MONDO:0005618,1,1
CHEMBL772,MONDO:0007743,1,0
CHEMBL776,MONDO:0001627,1,0
CHEMBL776,MONDO:0002009,1,0
CHEMBL776,MONDO:0004975,1,0
CHEMBL776,MONDO:0004985,1,0
CHEMBL776,MONDO:0005027,1,1
CHEMBL776,MONDO:0005090,1,0
CHEMBL776,MONDO:0005098,1,0
CHEMBL776,MONDO:0005180,1,0
CHEMBL776,MONDO:0005277,1,0
CHEMBL776,MONDO:0005301,1,0
CHEMBL776,MONDO:0005618,1,0
CHEMBL776,MONDO:0007743,1,0
CHEMBL779,MONDO:0001627,1,0
CHEMBL779,MONDO:0002009,1,0
CHEMBL779,MONDO:0004975,1,0
CHEMBL779,MONDO:0004985,1,0
CHEMBL779,MONDO:0005027,1,1
CHEMBL779,MONDO:0005090,1,0
CHEMBL779,MONDO:0005098,1,1
CHEMBL779,MONDO:0005180,1,0
CHEMBL779,MONDO:0005277,1,0
CHEMBL779,MONDO:0005301,1,0
CHEMBL779,MONDO:0005618,1,0
CHEMBL779,MONDO:0007743,1,0
CHEMBL787,MONDO:0001627,1,0
CHEMBL787,MONDO:0002009,1,0
CHEMBL787,MONDO:0004975,1,0
CHEMBL787,MONDO:0004985,1,0
CHEMBL787,MONDO:0005027,1,0
CHEMBL787,MONDO:0005090,1,0
CHEMBL787,MONDO:0005098,1,0
CHEMBL787,MONDO:0005180,1,0
CHEMBL787,MONDO:0005277,1,0
CHEMBL787,MONDO:0005301,1,0
CHEMBL787,MONDO:0005618,1,1
CHEMBL787,MONDO:0007743,1,0
CHEMBL79,MONDO:0001627,1,0
CHEMBL79,MONDO:0002009,1,0
CHEMBL79,MONDO:0004975,1,0
CHEMBL79,MONDO:0004985,1,0
CHEMBL79,MONDO:0005027,1,1
CHEMBL79,MONDO:0005090,1,0
CHEMBL79,MONDO:0005098,1,0
CHEMBL79,MONDO:0005180,1,1
CHEMBL79,MONDO:0005277,1,0
CHEMBL79,MONDO:0005301,1,0
CHEMBL79,MONDO:0005618,1,0
CHEMBL79,MONDO:0007743,1,0
CHEMBL796,MONDO:0001627,1,0
CHEMBL796,MONDO:0002009,1,0
CHEMBL796,MONDO:0004975,1,0
CHEMBL796,MONDO:0004985,1,1
CHEMBL796,MONDO:0005027,1,1
CHEMBL796,MONDO:0005090,1,0
CHEMBL796,MONDO:0005098,1,1
CHEMBL796,MONDO:0005180,1,0
CHEMBL796,MONDO:0005277,1,0
CHEMBL796,MONDO:0005301,1,0
CHEMBL796,MONDO:0005618,1,1
CHEMBL796,MONDO:0007743,1,1
CHEMBL797,MONDO:0001627,1,0
CHEMBL797,MONDO:0002009,1,0
CHEMBL797,MONDO:0004975,1,0
CHEMBL797,MONDO:0004985,1,0
CHEMBL797,MONDO:0005027,1,1
CHEMBL797,MONDO:0005090,1,0
CHEMBL797,MONDO:0005098,1,0
CHEMBL797,MONDO:0005180,1,0
CHEMBL797,MONDO:0005277,1,0
CHEMBL797,MONDO:0005301,1,0
CHEMBL797,MONDO:0005618,1,0
CHEMBL797,MONDO:0007743,1,0
CHEMBL8,MONDO:0001627,1,0
CHEMBL8,MONDO:0002009,1,0
CHEMBL8,MONDO:0004975,1,0
CHEMBL8,MONDO:0004985,1,0
CHEMBL8,MONDO:0005027,1,1
CHEMBL8,MONDO:0005090,1,0
CHEMBL8,MONDO:0005098,1,0
CHEMBL8,MONDO:0005180,1,0
CHEMBL8,MONDO:0005277,1,0
CHEMBL8,MONDO:0005301,1,0
CHEMBL8,MONDO:0005618,1,0
CHEMBL8,MONDO:0007743,1,0
CHEMBL80,MONDO:0001627,1,0
CHEMBL80,MONDO:0002009,1,0
CHEMBL80,MONDO:0004975,1,0
CHEMBL80,MONDO:0004985,1,0
CHEMBL80,MONDO:0005027,1,1
CHEMBL80,MONDO:0005090,1,0
CHEMBL80,MONDO:0005098,1,0
CHEMBL80,MONDO:0005180,1,0
CHEMBL80,MONDO:0005277,1,0
CHEMBL80,MONDO:0005301,1,0
CHEMBL80,MONDO:0005618,1,0
CHEMBL80,MONDO:0007743,1,0
CHEMBL802,MONDO:0001627,1,0
CHEMBL802,MONDO:0002009,1,0
CHEMBL802,MONDO:0004975,1,0
CHEMBL802,MONDO:0004985,1,0
CHEMBL802,MONDO:0005027,1,0
CHEMBL802,MONDO:0005090,1,0
CHEMBL802,MONDO:0005098,1,1
CHEMBL802,MONDO:0005180,1,0
CHEMBL802,MONDO:0005277,1,0
CHEMBL802,MONDO:0005301,1,0
CHEMBL802,MONDO:0005618,1,0
CHEMBL802,MONDO:0007743,1,0
CHEMBL809,MONDO:0001627,1,0
CHEMBL809,MONDO:0002009,1,0
CHEMBL809,MONDO:0004975,1,0
CHEMBL809,MONDO:0004985,1,1
CHEMBL809,MONDO:0005027,1,1
CHEMBL809,MONDO:0005090,1,0
CHEMBL809,MONDO:0005098,1,0
CHEMBL809,MONDO:0005180,1,0
CHEMBL809,MONDO:0005277,1,0
CHEMBL809,MONDO:0005301,1,0
CHEMBL809,MONDO:0005618,1,1
CHEMBL809,MONDO:0007743,1,0
CHEMBL81,MONDO:0001627,1,0
CHEMBL81,MONDO:0002009,1,0
CHEMBL81,MONDO:0004975,1,0
CHEMBL81,MONDO:0004985,1,0
CHEMBL81,MONDO:0005027,1,0
CHEMBL81,MONDO:0005090,1,0
CHEMBL81,MONDO:0005098,1,1
CHEMBL81,MONDO:0005180,1,0
CHEMBL81,MONDO:0005277,1,0
CHEMBL81,MONDO:0005301,1,0
CHEMBL81,MONDO:0005618,1,0
CHEMBL81,MONDO:0007743,1,0
CHEMBL811,MONDO:0001627,1,0
CHEMBL811,MONDO:0002009,1,0
CHEMBL811,MONDO:0004975,1,0
CHEMBL811,MONDO:0004985,1,0
CHEMBL811,MONDO:0005027,1,1
CHEMBL811,MONDO:0005090,1,0
CHEMBL811,MONDO:0005098,1,0
CHEMBL811,MONDO:0005180,1,0
CHEMBL811,MONDO:0005277,1,0
CHEMBL811,MONDO:0005301,1,0
CHEMBL811,MONDO:0005618,1,0
CHEMBL811,MONDO:0007743,1,0
CHEMBL814,MONDO:0001627,1,0
CHEMBL814,MONDO:0002009,1,0
CHEMBL814,MONDO:0004975,1,0
CHEMBL814,MONDO:0004985,1,1
CHEMBL814,MONDO:0005027,1,1
CHEMBL814,MONDO:0005090,1,0
CHEMBL814,MONDO:0005098,1,0
CHEMBL814,MONDO:0005180,1,0
CHEMBL814,MONDO:0005277,1,0
CHEMBL814,MONDO:0005301,1,0
CHEMBL814,MONDO:0005618,1,1
CHEMBL814,MONDO:0007743,1,0
CHEMBL815,MONDO:0001627,1,0
CHEMBL815,MONDO:0002009,1,0
CHEMBL815,MONDO:0004975,1,0
CHEMBL815,MONDO:0004985,1,0
CHEMBL815,MONDO:0005027,1,1
CHEMBL815,MONDO:0005090,1,0
CHEMBL815,MONDO:0005098,1,0
CHEMBL815,MONDO:0005180,1,0
CHEMBL815,MONDO:0005277,1,0
CHEMBL815,MONDO:0005301,1,0
CHEMBL815,MONDO:0005618,1,1
CHEMBL815,MONDO:0007743,1,0
CHEMBL820,MONDO:0001627,1,0
CHEMBL820,MONDO:0002009,1,0
CHEMBL820,MONDO:0004975,1,0
CHEMBL820,MONDO:0004985,1,0
CHEMBL820,MONDO:0005027,1,1
CHEMBL820,MONDO:0005090,1,0
CHEMBL820,MONDO:0005098,1,0
CHEMBL820,MONDO:0005180,1,0
CHEMBL820,MONDO:0005277,1,0
CHEMBL820,MONDO:0005301,1,0
CHEMBL820,MONDO:0005618,1,0
CHEMBL820,MONDO:0007743,1,0
CHEMBL827,MONDO:0001627,1,0
CHEMBL827,MONDO:0002009,1,0
CHEMBL827,MONDO:0004975,1,0
CHEMBL827,MONDO:0004985,1,1
CHEMBL827,MONDO:0005027,1,1
CHEMBL827,MONDO:0005090,1,0
CHEMBL827,MONDO:0005098,1,1
CHEMBL827,MONDO:0005180,1,0
CHEMBL827,MONDO:0005277,1,0
CHEMBL827,MONDO:0005301,1,0
CHEMBL827,MONDO:0005618,1,0
CHEMBL827,MONDO:0007743,1,1
CHEMBL829,MONDO:0001627,1,0
CHEMBL829,MONDO:0002009,1,0
CHEMBL829,MONDO:0004975,1,1
CHEMBL829,MONDO:0004985,1,0
CHEMBL829,MONDO:0005027,1,1
CHEMBL829,MONDO:0005090,1,0
CHEMBL829,MONDO:0005098,1,0
CHEMBL829,MONDO:0005180,1,1
CHEMBL829,MONDO:0005277,1,0
CHEMBL829,MONDO:0005301,1,0
CHEMBL829,MONDO:0005618,1,0
CHEMBL829,MONDO:0007743,1,0
CHEMBL83,MONDO:0001627,1,0
CHEMBL83,MONDO:0002009,1,0
CHEMBL83,MONDO:0004975,1,0
CHEMBL83,MONDO:0004985,1,0
CHEMBL83,MONDO:0005027,1,0
CHEMBL83,MONDO:0005090,1,0
CHEMBL83,MONDO:0005098,1,1
CHEMBL83,MONDO:0005180,1,0
CHEMBL83,MONDO:0005277,1,0
CHEMBL83,MONDO:0005301,1,0
CHEMBL83,MONDO:0005618,1,0
CHEMBL83,MONDO:0007743,1,0
CHEMBL83063,MONDO:0001627,1,0
CHEMBL83063,MONDO:0002009,1,0
CHEMBL83063,MONDO:0004975,1,0
CHEMBL83063,MONDO:0004985,1,0
CHEMBL83063,MONDO:0005027,1,0
CHEMBL83063,MONDO:0005090,1,0
CHEMBL83063,MONDO:0005098,1,0
CHEMBL83063,MONDO:0005180,1,0
CHEMBL83063,MONDO:0005277,1,1
CHEMBL83063,MONDO:0005301,1,0
CHEMBL83063,MONDO:0005618,1,0
CHEMBL83063,MONDO:0007743,1,0
CHEMBL831,MONDO:0001627,1,0
CHEMBL831,MONDO:0002009,1,0
CHEMBL831,MONDO:0004975,1,1
CHEMBL831,MONDO:0004985,1,1
CHEMBL831,MONDO:0005027,1,1
CHEMBL831,MONDO:0005090,1,1
CHEMBL831,MONDO:0005098,1,0
CHEMBL831,MONDO:0005180,1,0
CHEMBL831,MONDO:0005277,1,0
CHEMBL831,MONDO:0005301,1,0
CHEMBL831,MONDO:0005618,1,0
CHEMBL831,MONDO:0007743,1,0
CHEMBL842,MONDO:0001627,1,0
CHEMBL842,MONDO:0002009,1,0
CHEMBL842,MONDO:0004975,1,0
CHEMBL842,MONDO:0004985,1,0
CHEMBL842,MONDO:0005027,1,1
CHEMBL842,MONDO:0005090,1,0
CHEMBL842,MONDO:0005098,1,1
CHEMBL842,MONDO:0005180,1,1
CHEMBL842,MONDO:0005277,1,0
CHEMBL842,MONDO:0005301,1,0
CHEMBL842,MONDO:0005618,1,1
CHEMBL842,MONDO:0007743,1,0
CHEMBL844,MONDO:0001627,1,0
CHEMBL844,MONDO:0002009,1,0
CHEMBL844,MONDO:0004975,1,0
CHEMBL844,MONDO:0004985,1,0
CHEMBL844,MONDO:0005027,1,0
CHEMBL844,MONDO:0005090,1,0
CHEMBL844,MONDO:0005098,1,0
CHEMBL844,MONDO:0005180,1,0
CHEMBL844,MONDO:0005277,1,0
CHEMBL844,MONDO:0005301,1,0
CHEMBL844,MONDO:0005618,1,1
CHEMBL844,MONDO:0007743,1,0
CHEMBL849,MONDO:0001627,1,0
CHEMBL849,MONDO:0002009,1,0
CHEMBL849,MONDO:0004975,1,0
CHEMBL849,MONDO:0004985,1,0
CHEMBL849,MONDO:0005027,1,1
CHEMBL849,MONDO:0005090,1,0
CHEMBL849,MONDO:0005098,1,0
CHEMBL849,MONDO:0005180,1,0
CHEMBL849,MONDO:0005277,1,0
CHEMBL849,MONDO:0005301,1,0
CHEMBL849,MONDO:0005618,1,0
CHEMBL849,MONDO:0007743,1,0
CHEMBL85,MONDO:0001627,1,0
CHEMBL85,MONDO:0002009,1,0
CHEMBL85,MONDO:0004975,1,1
CHEMBL85,MONDO:0004985,1,1
CHEMBL85,MONDO:0005027,1,1
CHEMBL85,MONDO:0005090,1,1
CHEMBL85,MONDO:0005098,1,1
CHEMBL85,MONDO:0005180,1,1
CHEMBL85,MONDO:0005277,1,0
CHEMBL85,MONDO:0005301,1,0
CHEMBL85,MONDO:0005618,1,0
CHEMBL85,MONDO:0007743,1,0
CHEMBL855,MONDO:0001627,1,0
CHEMBL855,MONDO:0002009,1,0
CHEMBL855,MONDO:0004975,1,0
CHEMBL855,MONDO:0004985,1,0
CHEMBL855,MONDO:0005027,1,1
CHEMBL855,MONDO:0005090,1,0
CHEMBL855,MONDO:0005098,1,0
CHEMBL855,MONDO:0005180,1,0
CHEMBL855,MONDO:0005277,1,0
CHEMBL855,MONDO:0005301,1,0
CHEMBL855,MONDO:0005618,1,0
CHEMBL855,MONDO:0007743,1,0
CHEMBL856,MONDO:0001627,1,0
CHEMBL856,MONDO:0002009,1,0
CHEMBL856,MONDO:0004975,1,0
CHEMBL856,MONDO:0004985,1,1
CHEMBL856,MONDO:0005027,1,1
CHEMBL856,MONDO:0005090,1,0
CHEMBL856,MONDO:0005098,1,0
CHEMBL856,MONDO:0005180,1,0
CHEMBL856,MONDO:0005277,1,0
CHEMBL856,MONDO:0005301,1,0
CHEMBL856,MONDO:0005618,1,1
CHEMBL856,MONDO:0007743,1,0
CHEMBL858,MONDO:0001627,1,0
CHEMBL858,MONDO:0002009,1,0
CHEMBL858,MONDO:0004975,1,0
CHEMBL858,MONDO:0004985,1,0
CHEMBL858,MONDO:0005027,1,1
CHEMBL858,MONDO:0005090,1,0
CHEMBL858,MONDO:0005098,1,0
CHEMBL858,MONDO:0005180,1,0
CHEMBL858,MONDO:0005277,1,0
CHEMBL858,MONDO:0005301,1,0
CHEMBL858,MONDO:0005618,1,0
CHEMBL858,MONDO:0007743,1,0
CHEMBL86,MONDO:0001627,1,0
CHEMBL86,MONDO:0002009,1,0
CHEMBL86,MONDO:0004975,1,0
CHEMBL86,MONDO:0004985,1,0
CHEMBL86,MONDO:0005027,1,1
CHEMBL86,MONDO:0005090,1,0
CHEMBL86,MONDO:0005098,1,0
CHEMBL86,MONDO:0005180,1,1
CHEMBL86,MONDO:0005277,1,0
CHEMBL86,MONDO:0005301,1,0
CHEMBL86,MONDO:0005618,1,1
CHEMBL86,MONDO:0007743,1,0
CHEMBL861,MONDO:0001627,1,0
CHEMBL861,MONDO:0002009,1,0
CHEMBL861,MONDO:0004975,1,0
CHEMBL861,MONDO:0004985,1,0
CHEMBL861,MONDO:0005027,1,1
CHEMBL861,MONDO:0005090,1,0
CHEMBL861,MONDO:0005098,1,0
CHEMBL861,MONDO:0005180,1,0
CHEMBL861,MONDO:0005277,1,0
CHEMBL861,MONDO:0005301,1,0
CHEMBL861,MONDO:0005618,1,0
CHEMBL861,MONDO:0007743,1,0
CHEMBL862,MONDO:0001627,1,0
CHEMBL862,MONDO:0002009,1,0
CHEMBL862,MONDO:0004975,1,0
CHEMBL862,MONDO:0004985,1,0
CHEMBL862,MONDO:0005027,1,0
CHEMBL862,MONDO:0005090,1,0
CHEMBL862,MONDO:0005098,1,0
CHEMBL862,MONDO:0005180,1,0
CHEMBL862,MONDO:0005277,1,0
CHEMBL862,MONDO:0005301,1,0
CHEMBL862,MONDO:0005618,1,1
CHEMBL862,MONDO:0007743,1,1
CHEMBL86304,MONDO:0001627,1,0
CHEMBL86304,MONDO:0002009,1,0
CHEMBL86304,MONDO:0004975,1,0
CHEMBL86304,MONDO:0004985,1,0
CHEMBL86304,MONDO:0005027,1,0
CHEMBL86304,MONDO:0005090,1,0
CHEMBL86304,MONDO:0005098,1,0
CHEMBL86304,MONDO:0005180,1,0
CHEMBL86304,MONDO:0005277,1,0
CHEMBL86304,MONDO:0005301,1,0
CHEMBL86304,MONDO:0005618,1,1
CHEMBL86304,MONDO:0007743,1,0
CHEMBL864,MONDO:0001627,1,0
CHEMBL864,MONDO:0002009,1,0
CHEMBL864,MONDO:0004975,1,0
CHEMBL864,MONDO:0004985,1,0
CHEMBL864,MONDO:0005027,1,1
CHEMBL864,MONDO:0005090,1,0
CHEMBL864,MONDO:0005098,1,0
CHEMBL864,MONDO:0005180,1,0
CHEMBL864,MONDO:0005277,1,0
CHEMBL864,MONDO:0005301,1,0
CHEMBL864,MONDO:0005618,1,0
CHEMBL864,MONDO:0007743,1,0
CHEMBL86715,MONDO:0001627,1,0
CHEMBL86715,MONDO:0002009,1,0
CHEMBL86715,MONDO:0004975,1,0
CHEMBL86715,MONDO:0004985,1,0
CHEMBL86715,MONDO:0005027,1,0
CHEMBL86715,MONDO:0005090,1,0
CHEMBL86715,MONDO:0005098,1,0
CHEMBL86715,MONDO:0005180,1,1
CHEMBL86715,MONDO:0005277,1,0
CHEMBL86715,MONDO:0005301,1,0
CHEMBL86715,MONDO:0005618,1,0
CHEMBL86715,MONDO:0007743,1,0
CHEMBL877,MONDO:0001627,1,0
CHEMBL877,MONDO:0002009,1,0
CHEMBL877,MONDO:0004975,1,0
CHEMBL877,MONDO:0004985,1,0
CHEMBL877,MONDO:0005027,1,0
CHEMBL877,MONDO:0005090,1,0
CHEMBL877,MONDO:0005098,1,1
CHEMBL877,MONDO:0005180,1,0
CHEMBL877,MONDO:0005277,1,1
CHEMBL877,MONDO:0005301,1,0
CHEMBL877,MONDO:0005618,1,1
CHEMBL877,MONDO:0007743,1,0
CHEMBL87708,MONDO:0001627,1,0
CHEMBL87708,MONDO:0002009,1,0
CHEMBL87708,MONDO:0004975,1,0
CHEMBL87708,MONDO:0004985,1,0
CHEMBL87708,MONDO:0005027,1,0
CHEMBL87708,MONDO:0005090,1,0
CHEMBL87708,MONDO:0005098,1,0
CHEMBL87708,MONDO:0005180,1,0
CHEMBL87708,MONDO:0005277,1,0
CHEMBL87708,MONDO:0005301,1,0
CHEMBL87708,MONDO:0005618,1,1
CHEMBL87708,MONDO:0007743,1,0
CHEMBL885,MONDO:0001627,1,0
CHEMBL885,MONDO:0002009,1,0
CHEMBL885,MONDO:0004975,1,0
CHEMBL885,MONDO:0004985,1,0
CHEMBL885,MONDO:0005027,1,1
CHEMBL885,MONDO:0005090,1,0
CHEMBL885,MONDO:0005098,1,0
CHEMBL885,MONDO:0005180,1,0
CHEMBL885,MONDO:0005277,1,0
CHEMBL885,MONDO:0005301,1,0
CHEMBL885,MONDO:0005618,1,1
CHEMBL885,MONDO:0007743,1,0
CHEMBL887,MONDO:0001627,1,0
CHEMBL887,MONDO:0002009,1,0
CHEMBL887,MONDO:0004975,1,0
CHEMBL887,MONDO:0004985,1,1
CHEMBL887,MONDO:0005027,1,1
CHEMBL887,MONDO:0005090,1,0
CHEMBL887,MONDO:0005098,1,0
CHEMBL887,MONDO:0005180,1,1
CHEMBL887,MONDO:0005277,1,0
CHEMBL887,MONDO:0005301,1,0
CHEMBL887,MONDO:0005618,1,0
CHEMBL887,MONDO:0007743,1,0
CHEMBL894,MONDO:0001627,1,0
CHEMBL894,MONDO:0002009,1,1
CHEMBL894,MONDO:0004975,1,0
CHEMBL894,MONDO:0004985,1,1
CHEMBL894,MONDO:0005027,1,1
CHEMBL894,MONDO:0005090,1,0
CHEMBL894,MONDO:0005098,1,0
CHEMBL894,MONDO:0005180,1,0
CHEMBL894,MONDO:0005277,1,0
CHEMBL894,MONDO:0005301,1,0
CHEMBL894,MONDO:0005618,1,1
CHEMBL894,MONDO:0007743,1,1
CHEMBL895,MONDO:0001627,1,0
CHEMBL895,MONDO:0002009,1,0
CHEMBL895,MONDO:0004975,1,0
CHEMBL895,MONDO:0004985,1,0
CHEMBL895,MONDO:0005027,1,1
CHEMBL895,MONDO:0005090,1,0
CHEMBL895,MONDO:0005098,1,0
CHEMBL895,MONDO:0005180,1,0
CHEMBL895,MONDO:0005277,1,0
CHEMBL895,MONDO:0005301,1,0
CHEMBL895,MONDO:0005618,1,0
CHEMBL895,MONDO:0007743,1,0
CHEMBL896,MONDO:0001627,1,0
CHEMBL896,MONDO:0002009,1,0
CHEMBL896,MONDO:0004975,1,0
CHEMBL896,MONDO:0004985,1,0
CHEMBL896,MONDO:0005027,1,1
CHEMBL896,MONDO:0005090,1,0
CHEMBL896,MONDO:0005098,1,0
CHEMBL896,MONDO:0005180,1,0
CHEMBL896,MONDO:0005277,1,0
CHEMBL896,MONDO:0005301,1,0
CHEMBL896,MONDO:0005618,1,0
CHEMBL896,MONDO:0007743,1,0
CHEMBL9,MONDO:0001627,1,0
CHEMBL9,MONDO:0002009,1,0
CHEMBL9,MONDO:0004975,1,0
CHEMBL9,MONDO:0004985,1,0
CHEMBL9,MONDO:0005027,1,1
CHEMBL9,MONDO:0005090,1,0
CHEMBL9,MONDO:0005098,1,0
CHEMBL9,MONDO:0005180,1,0
CHEMBL9,MONDO:0005277,1,0
CHEMBL9,MONDO:0005301,1,0
CHEMBL9,MONDO:0005618,1,1
CHEMBL9,MONDO:0007743,1,0
CHEMBL900,MONDO:0001627,1,0
CHEMBL900,MONDO:0002009,1,0
CHEMBL900,MONDO:0004975,1,1
CHEMBL900,MONDO:0004985,1,0
CHEMBL900,MONDO:0005027,1,1
CHEMBL900,MONDO:0005090,1,0
CHEMBL900,MONDO:0005098,1,0
CHEMBL900,MONDO:0005180,1,1
CHEMBL900,MONDO:0005277,1,0
CHEMBL900,MONDO:0005301,1,0
CHEMBL900,MONDO:0005618,1,1
CHEMBL900,MONDO:0007743,1,0
CHEMBL905,MONDO:0001627,1,0
CHEMBL905,MONDO:0002009,1,0
CHEMBL905,MONDO:0004975,1,0
CHEMBL905,MONDO:0004985,1,0
CHEMBL905,MONDO:0005027,1,0
CHEMBL905,MONDO:0005090,1,0
CHEMBL905,MONDO:0005098,1,1
CHEMBL905,MONDO:0005180,1,0
CHEMBL905,MONDO:0005277,1,1
CHEMBL905,MONDO:0005301,1,0
CHEMBL905,MONDO:0005618,1,0
CHEMBL905,MONDO:0007743,1,0
CHEMBL908,MONDO:0001627,1,0
CHEMBL908,MONDO:0002009,1,0
CHEMBL908,MONDO:0004975,1,1
CHEMBL908,MONDO:0004985,1,0
CHEMBL908,MONDO:0005027,1,1
CHEMBL908,MONDO:0005090,1,1
CHEMBL908,MONDO:0005098,1,0
CHEMBL908,MONDO:0005180,1,1
CHEMBL908,MONDO:0005277,1,0
CHEMBL908,MONDO:0005301,1,0
CHEMBL908,MONDO:0005618,1,0
CHEMBL908,MONDO:0007743,1,0
CHEMBL911,MONDO:0001627,1,0
CHEMBL911,MONDO:0002009,1,0
CHEMBL911,MONDO:0004975,1,0
CHEMBL911,MONDO:0004985,1,0
CHEMBL911,MONDO:0005027,1,0
CHEMBL911,MONDO:0005090,1,0
CHEMBL911,MONDO:0005098,1,0
CHEMBL911,MONDO:0005180,1,0
CHEMBL911,MONDO:0005277,1,0
CHEMBL911,MONDO:0005301,1,0
CHEMBL911,MONDO:0005618,1,1
CHEMBL911,MONDO:0007743,1,1
CHEMBL91238,MONDO:0001627,0,0
CHEMBL91238,MONDO:0002009,0,0
CHEMBL91238,MONDO:0004975,0,0
CHEMBL91238,MONDO:0004985,0,0
CHEMBL91238,MONDO:0005027,0,0
CHEMBL91238,MONDO:0005090,0,0
CHEMBL91238,MONDO:0005098,0,0
CHEMBL91238,MONDO:0005180,0,0
CHEMBL91238,MONDO:0005277,0,0
CHEMBL91238,MONDO:0005301,0,0
CHEMBL91238,MONDO:0005618,0,1
CHEMBL91238,MONDO:0007743,0,0
CHEMBL916,MONDO:0001627,1,0
CHEMBL916,MONDO:0002009,1,0
CHEMBL916,MONDO:0004975,1,0
CHEMBL916,MONDO:0004985,1,0
CHEMBL916,MONDO:0005027,1,0
CHEMBL916,MONDO:0005090,1,0
CHEMBL916,MONDO:0005098,1,1
CHEMBL916,MONDO:0005180,1,0
CHEMBL916,MONDO:0005277,1,0
CHEMBL916,MONDO:0005301,1,0
CHEMBL916,MONDO:0005618,1,0
CHEMBL916,MONDO:0007743,1,0
CHEMBL918,MONDO:0001627,1,0
CHEMBL918,MONDO:0002009,1,0
CHEMBL918,MONDO:0004975,1,0
CHEMBL918,MONDO:0004985,1,0
CHEMBL918,MONDO:0005027,1,1
CHEMBL918,MONDO:0005090,1,0
CHEMBL918,MONDO:0005098,1,0
CHEMBL918,MONDO:0005180,1,0
CHEMBL918,MONDO:0005277,1,0
CHEMBL918,MONDO:0005301,1,0
CHEMBL918,MONDO:0005618,1,0
CHEMBL918,MONDO:0007743,1,0
CHEMBL92401,MONDO:0001627,1,0
CHEMBL92401,MONDO:0002009,1,0
CHEMBL92401,MONDO:0004975,1,0
CHEMBL92401,MONDO:0004985,1,0
CHEMBL92401,MONDO:0005027,1,0
CHEMBL92401,MONDO:0005090,1,0
CHEMBL92401,MONDO:0005098,1,0
CHEMBL92401,MONDO:0005180,1,0
CHEMBL92401,MONDO:0005277,1,0
CHEMBL92401,MONDO:0005301,1,0
CHEMBL92401,MONDO:0005618,1,1
CHEMBL92401,MONDO:0007743,1,0
CHEMBL93,MONDO:0001627,1,0
CHEMBL93,MONDO:0002009,1,0
CHEMBL93,MONDO:0004975,1,0
CHEMBL93,MONDO:0004985,1,0
CHEMBL93,MONDO:0005027,1,0
CHEMBL93,MONDO:0005090,1,0
CHEMBL93,MONDO:0005098,1,0
CHEMBL93,MONDO:0005180,1,0
CHEMBL93,MONDO:0005277,1,0
CHEMBL93,MONDO:0005301,1,0
CHEMBL93,MONDO:0005618,1,1
CHEMBL93,MONDO:0007743,1,0
CHEMBL93047,MONDO:0001627,0,0
CHEMBL93047,MONDO:0002009,0,0
CHEMBL93047,MONDO:0004975,0,0
CHEMBL93047,MONDO:0004985,0,0
CHEMBL93047,MONDO:0005027,0,1
CHEMBL93047,MONDO:0005090,0,0
CHEMBL93047,MONDO:0005098,0,0
CHEMBL93047,MONDO:0005180,0,0
CHEMBL93047,MONDO:0005277,0,0
CHEMBL93047,MONDO:0005301,0,0
CHEMBL93047,MONDO:0005618,0,0
CHEMBL93047,MONDO:0007743,0,0
CHEMBL932,MONDO:0001627,1,0
CHEMBL932,MONDO:0002009,1,0
CHEMBL932,MONDO:0004975,1,1
CHEMBL932,MONDO:0004985,1,0
CHEMBL932,MONDO:0005027,1,0
CHEMBL932,MONDO:0005090,1,0
CHEMBL932,MONDO:0005098,1,0
CHEMBL932,MONDO:0005180,1,0
CHEMBL932,MONDO:0005277,1,0
CHEMBL932,MONDO:0005301,1,0
CHEMBL932,MONDO:0005618,1,0
CHEMBL932,MONDO:0007743,1,0
CHEMBL94,MONDO:0001627,1,0
CHEMBL94,MONDO:0002009,1,0
CHEMBL94,MONDO:0004975,1,0
CHEMBL94,MONDO:0004985,1,0
CHEMBL94,MONDO:0005027,1,1
CHEMBL94,MONDO:0005090,1,0
CHEMBL94,MONDO:0005098,1,0
CHEMBL94,MONDO:0005180,1,1
CHEMBL94,MONDO:0005277,1,0
CHEMBL94,MONDO:0005301,1,0
CHEMBL94,MONDO:0005618,1,0
CHEMBL94,MONDO:0007743,1,0
CHEMBL940,MONDO:0001627,1,0
CHEMBL940,MONDO:0002009,1,0
CHEMBL940,MONDO:0004975,1,0
CHEMBL940,MONDO:0004985,1,0
CHEMBL940,MONDO:0005027,1,0
CHEMBL940,MONDO:0005090,1,0
CHEMBL940,MONDO:0005098,1,0
CHEMBL940,MONDO:0005180,1,0
CHEMBL940,MONDO:0005277,1,0
CHEMBL940,MONDO:0005301,1,0
CHEMBL940,MONDO:0005618,1,1
CHEMBL940,MONDO:0007743,1,0
CHEMBL942,MONDO:0001627,1,0
CHEMBL942,MONDO:0002009,1,0
CHEMBL942,MONDO:0004975,1,0
CHEMBL942,MONDO:0004985,1,0
CHEMBL942,MONDO:0005027,1,1
CHEMBL942,MONDO:0005090,1,0
CHEMBL942,MONDO:0005098,1,0
CHEMBL942,MONDO:0005180,1,0
CHEMBL942,MONDO:0005277,1,0
CHEMBL942,MONDO:0005301,1,0
CHEMBL942,MONDO:0005618,1,0
CHEMBL942,MONDO:0007743,1,0
CHEMBL95,MONDO:0001627,1,0
CHEMBL95,MONDO:0002009,1,0
CHEMBL95,MONDO:0004975,1,1
CHEMBL95,MONDO:0004985,1,0
CHEMBL95,MONDO:0005027,1,1
CHEMBL95,MONDO:0005090,1,0
CHEMBL95,MONDO:0005098,1,0
CHEMBL95,MONDO:0005180,1,1
CHEMBL95,MONDO:0005277,1,0
CHEMBL95,MONDO:0005301,1,0
CHEMBL95,MONDO:0005618,1,0
CHEMBL95,MONDO:0007743,1,0
CHEMBL953,MONDO:0001627,1,0
CHEMBL953,MONDO:0002009,1,0
CHEMBL953,MONDO:0004975,1,0
CHEMBL953,MONDO:0004985,1,0
CHEMBL953,MONDO:0005027,1,1
CHEMBL953,MONDO:0005090,1,0
CHEMBL953,MONDO:0005098,1,0
CHEMBL953,MONDO:0005180,1,1
CHEMBL953,MONDO:0005277,1,0
CHEMBL953,MONDO:0005301,1,0
CHEMBL953,MONDO:0005618,1,1
CHEMBL953,MONDO:0007743,1,0
CHEMBL959,MONDO:0001627,1,0
CHEMBL959,MONDO:0002009,1,0
CHEMBL959,MONDO:0004975,1,0
CHEMBL959,MONDO:0004985,1,0
CHEMBL959,MONDO:0005027,1,1
CHEMBL959,MONDO:0005090,1,0
CHEMBL959,MONDO:0005098,1,0
CHEMBL959,MONDO:0005180,1,0
CHEMBL959,MONDO:0005277,1,0
CHEMBL959,MONDO:0005301,1,0
CHEMBL959,MONDO:0005618,1,0
CHEMBL959,MONDO:0007743,1,0
CHEMBL963,MONDO:0001627,1,0
CHEMBL963,MONDO:0002009,1,0
CHEMBL963,MONDO:0004975,1,0
CHEMBL963,MONDO:0004985,1,0
CHEMBL963,MONDO:0005027,1,1
CHEMBL963,MONDO:0005090,1,0
CHEMBL963,MONDO:0005098,1,0
CHEMBL963,MONDO:0005180,1,0
CHEMBL963,MONDO:0005277,1,0
CHEMBL963,MONDO:0005301,1,0
CHEMBL963,MONDO:0005618,1,0
CHEMBL963,MONDO:0007743,1,0
CHEMBL964,MONDO:0001627,1,0
CHEMBL964,MONDO:0002009,1,0
CHEMBL964,MONDO:0004975,1,0
CHEMBL964,MONDO:0004985,1,0
CHEMBL964,MONDO:0005027,1,1
CHEMBL964,MONDO:0005090,1,0
CHEMBL964,MONDO:0005098,1,0
CHEMBL964,MONDO:0005180,1,0
CHEMBL964,MONDO:0005277,1,0
CHEMBL964,MONDO:0005301,1,0
CHEMBL964,MONDO:0005618,1,0
CHEMBL964,MONDO:0007743,1,0
CHEMBL967,MONDO:0001627,1,0
CHEMBL967,MONDO:0002009,1,0
CHEMBL967,MONDO:0004975,1,0
CHEMBL967,MONDO:0004985,1,0
CHEMBL967,MONDO:0005027,1,0
CHEMBL967,MONDO:0005090,1,0
CHEMBL967,MONDO:0005098,1,0
CHEMBL967,MONDO:0005180,1,0
CHEMBL967,MONDO:0005277,1,0
CHEMBL967,MONDO:0005301,1,0
CHEMBL967,MONDO:0005618,1,1
CHEMBL967,MONDO:0007743,1,0
CHEMBL968,MONDO:0001627,1,0
CHEMBL968,MONDO:0002009,1,0
CHEMBL968,MONDO:0004975,1,0
CHEMBL968,MONDO:0004985,1,0
CHEMBL968,MONDO:0005027,1,0
CHEMBL968,MONDO:0005090,1,0
CHEMBL968,MONDO:0005098,1,0
CHEMBL968,MONDO:0005180,1,0
CHEMBL968,MONDO:0005277,1,0
CHEMBL968,MONDO:0005301,1,0
CHEMBL968,MONDO:0005618,1,1
CHEMBL968,MONDO:0007743,1,0
CHEMBL969,MONDO:0001627,1,0
CHEMBL969,MONDO:0002009,1,0
CHEMBL969,MONDO:0004975,1,0
CHEMBL969,MONDO:0004985,1,0
CHEMBL969,MONDO:0005027,1,0
CHEMBL969,MONDO:0005090,1,0
CHEMBL969,MONDO:0005098,1,0
CHEMBL969,MONDO:0005180,1,0
CHEMBL969,MONDO:0005277,1,0
CHEMBL969,MONDO:0005301,1,0
CHEMBL969,MONDO:0005618,1,1
CHEMBL969,MONDO:0007743,1,0
CHEMBL972,MONDO:0001627,1,0
CHEMBL972,MONDO:0002009,1,1
CHEMBL972,MONDO:0004975,1,0
CHEMBL972,MONDO:0004985,1,1
CHEMBL972,MONDO:0005027,1,0
CHEMBL972,MONDO:0005090,1,0
CHEMBL972,MONDO:0005098,1,0
CHEMBL972,MONDO:0005180,1,1
CHEMBL972,MONDO:0005277,1,0
CHEMBL972,MONDO:0005301,1,0
CHEMBL972,MONDO:0005618,1,1
CHEMBL972,MONDO:0007743,1,0
CHEMBL973,MONDO:0001627,1,0
CHEMBL973,MONDO:0002009,1,0
CHEMBL973,MONDO:0004975,1,0
CHEMBL973,MONDO:0004985,1,0
CHEMBL973,MONDO:0005027,1,0
CHEMBL973,MONDO:0005090,1,0
CHEMBL973,MONDO:0005098,1,0
CHEMBL973,MONDO:0005180,1,0
CHEMBL973,MONDO:0005277,1,0
CHEMBL973,MONDO:0005301,1,1
CHEMBL973,MONDO:0005618,1,0
CHEMBL973,MONDO:0007743,1,0
CHEMBL976,MONDO:0001627,1,0
CHEMBL976,MONDO:0002009,1,0
CHEMBL976,MONDO:0004975,1,0
CHEMBL976,MONDO:0004985,1,0
CHEMBL976,MONDO:0005027,1,1
CHEMBL976,MONDO:0005090,1,0
CHEMBL976,MONDO:0005098,1,0
CHEMBL976,MONDO:0005180,1,0
CHEMBL976,MONDO:0005277,1,0
CHEMBL976,MONDO:0005301,1,0
CHEMBL976,MONDO:0005618,1,0
CHEMBL976,MONDO:0007743,1,0
CHEMBL978,MONDO:0001627,1,0
CHEMBL978,MONDO:0002009,1,0
CHEMBL978,MONDO:0004975,1,0
CHEMBL978,MONDO:0004985,1,0
CHEMBL978,MONDO:0005027,1,1
CHEMBL978,MONDO:0005090,1,0
CHEMBL978,MONDO:0005098,1,0
CHEMBL978,MONDO:0005180,1,0
CHEMBL978,MONDO:0005277,1,0
CHEMBL978,MONDO:0005301,1,0
CHEMBL978,MONDO:0005618,1,0
CHEMBL978,MONDO:0007743,1,0
CHEMBL979,MONDO:0001627,1,1
CHEMBL979,MONDO:0002009,1,0
CHEMBL979,MONDO:0004975,1,1
CHEMBL979,MONDO:0004985,1,0
CHEMBL979,MONDO:0005027,1,1
CHEMBL979,MONDO:0005090,1,0
CHEMBL979,MONDO:0005098,1,1
CHEMBL979,MONDO:0005180,1,0
CHEMBL979,MONDO:0005277,1,1
CHEMBL979,MONDO:0005301,1,0
CHEMBL979,MONDO:0005618,1,0
CHEMBL979,MONDO:0007743,1,0
CHEMBL980,MONDO:0001627,1,0
CHEMBL980,MONDO:0002009,1,0
CHEMBL980,MONDO:0004975,1,0
CHEMBL980,MONDO:0004985,1,0
CHEMBL980,MONDO:0005027,1,1
CHEMBL980,MONDO:0005090,1,0
CHEMBL980,MONDO:0005098,1,0
CHEMBL980,MONDO:0005180,1,0
CHEMBL980,MONDO:0005277,1,0
CHEMBL980,MONDO:0005301,1,0
CHEMBL980,MONDO:0005618,1,1
CHEMBL980,MONDO:0007743,1,0
CHEMBL99946,MONDO:0001627,1,0
CHEMBL99946,MONDO:0002009,1,1
CHEMBL99946,MONDO:0004975,1,0
CHEMBL99946,MONDO:0004985,1,0
CHEMBL99946,MONDO:0005027,1,0
CHEMBL99946,MONDO:0005090,1,0
CHEMBL99946,MONDO:0005098,1,0
CHEMBL99946,MONDO:0005180,1,0
CHEMBL99946,MONDO:0005277,1,0
CHEMBL99946,MONDO:0005301,1,0
CHEMBL99946,MONDO:0005618,1,1
CHEMBL99946,MONDO:0007743,1,0
