pair_type,source_id,target_id,shared_proteins,shared_pathways,connectivity_score
known,CHEMBL100116,MONDO:0004975,0,22,22
known,CHEMBL100116,MONDO:0005027,5,30,35
known,CHEMBL1002,MONDO:0005027,0,80,80
known,CHEMBL1006,MONDO:0005098,3,90,93
known,CHEMBL1009,MONDO:0005027,20,215,235
known,CHEMBL1009,MONDO:0005180,6,130,136
known,CHEMBL1009,MONDO:0005618,44,451,495
known,CHEMBL1017,MONDO:0005098,5,178,183
known,CHEMBL1027,MONDO:0005618,17,193,210
known,CHEMBL103,MONDO:0001627,2,84,86
known,CHEMBL103,MONDO:0005027,19,208,227
known,CHEMBL103,MONDO:0005098,3,172,175
known,CHEMBL103,MONDO:0005277,2,54,56
known,CHEMBL103,MONDO:0005618,44,452,496
known,CHEMBL1044,MONDO:0005027,0,67,67
known,CHEMBL1054,MONDO:0005027,9,108,117
known,CHEMBL1054,MONDO:0005618,16,189,205
known,CHEMBL1055,MONDO:0005027,16,156,172
known,CHEMBL1055,MONDO:0005618,30,235,265
known,CHEMBL1059,MONDO:0005618,1,9,10
known,CHEMBL1064,MONDO:0005098,4,137,141
known,CHEMBL1068,MONDO:0005618,5,195,200
known,CHEMBL1076903,MONDO:0004985,21,183,204
known,CHEMBL1076903,MONDO:0005090,33,222,255
known,CHEMBL1076903,MONDO:0005618,28,243,271
known,CHEMBL108,MONDO:0004985,5,318,323
known,CHEMBL108,MONDO:0005027,8,164,172
known,CHEMBL108,MONDO:0005618,10,363,373
known,CHEMBL108,MONDO:0007743,1,36,37
known,CHEMBL1085,MONDO:0004975,2,110,112
known,CHEMBL1085,MONDO:0005027,14,124,138
known,CHEMBL1085,MONDO:0005180,4,87,91
known,CHEMBL108545,MONDO:0005027,0,25,25
known,CHEMBL1086,MONDO:0005027,16,194,210
known,CHEMBL10878,MONDO:0002009,21,182,203
known,CHEMBL10878,MONDO:0005618,36,209,245
known,CHEMBL1088,MONDO:0005027,10,116,126
known,CHEMBL1088,MONDO:0005090,22,212,234
known,CHEMBL1089,MONDO:0004985,13,267,280
known,CHEMBL1089,MONDO:0005027,10,152,162
known,CHEMBL1089,MONDO:0005090,27,336,363
known,CHEMBL1089,MONDO:0005618,21,313,334
known,CHEMBL1089318,MONDO:0005180,0,34,34
known,CHEMBL109,MONDO:0004985,31,318,349
known,CHEMBL109,MONDO:0005027,23,183,206
known,CHEMBL109,MONDO:0005618,47,385,432
known,CHEMBL1091,MONDO:0005027,10,151,161
known,CHEMBL1091,MONDO:0005301,0,49,49
known,CHEMBL1093,MONDO:0005180,3,79,82
known,CHEMBL1094,MONDO:0005027,17,163,180
known,CHEMBL1094,MONDO:0005618,36,275,311
known,CHEMBL1094982,MONDO:0005098,0,29,29
known,CHEMBL1095,MONDO:0005618,29,212,241
known,CHEMBL1095777,MONDO:0005027,16,104,120
known,CHEMBL1098,MONDO:0005027,14,108,122
known,CHEMBL1098,MONDO:0005180,5,85,90
known,CHEMBL11,MONDO:0004985,29,238,267
known,CHEMBL11,MONDO:0005027,21,178,199
known,CHEMBL11,MONDO:0005090,47,304,351
known,CHEMBL11,MONDO:0005098,4,112,116
known,CHEMBL11,MONDO:0005618,44,297,341
known,CHEMBL11,MONDO:0007743,6,46,52
known,CHEMBL1100,MONDO:0005027,0,15,15
known,CHEMBL1101,MONDO:0005180,6,106,112
known,CHEMBL1108,MONDO:0005618,24,372,396
known,CHEMBL1112,MONDO:0004975,6,200,206
known,CHEMBL1112,MONDO:0004985,33,290,323
known,CHEMBL1112,MONDO:0005027,24,207,231
known,CHEMBL1112,MONDO:0005090,56,376,432
known,CHEMBL1113,MONDO:0004985,37,337,374
known,CHEMBL1113,MONDO:0005027,23,197,220
known,CHEMBL1113,MONDO:0005090,59,457,516
known,CHEMBL1113,MONDO:0005618,46,408,454
known,CHEMBL1118,MONDO:0002009,7,175,182
known,CHEMBL1118,MONDO:0004985,10,175,185
known,CHEMBL1118,MONDO:0005027,8,117,125
known,CHEMBL1118,MONDO:0005618,16,197,213
known,CHEMBL112,MONDO:0005277,2,64,66
known,CHEMBL1120,MONDO:0005027,1,50,51
known,CHEMBL1123,MONDO:0005618,27,237,264
known,CHEMBL11298,MONDO:0005027,0,0,0
known,CHEMBL11298,MONDO:0005618,0,0,0
known,CHEMBL113,MONDO:0004975,1,119,120
known,CHEMBL113,MONDO:0005027,1,113,114
known,CHEMBL113,MONDO:0005277,0,30,30
known,CHEMBL113,MONDO:0005618,8,210,218
known,CHEMBL1131,MONDO:0005618,31,290,321
known,CHEMBL1141,MONDO:0005027,0,9,9
known,CHEMBL1141,MONDO:0005618,0,13,13
known,CHEMBL1144,MONDO:0004975,0,47,47
known,CHEMBL1144,MONDO:0005098,0,52,52
known,CHEMBL1149,MONDO:0005027,9,118,127
known,CHEMBL1161,MONDO:0005027,9,143,152
known,CHEMBL1162,MONDO:0001627,1,42,43
known,CHEMBL1162,MONDO:0005027,17,148,165
known,CHEMBL1162,MONDO:0005098,3,99,102
known,CHEMBL1162,MONDO:0005277,2,51,53
known,CHEMBL1162,MONDO:0005618,34,236,270
known,CHEMBL1164729,MONDO:0005098,2,109,111
known,CHEMBL1168,MONDO:0005098,1,18,19
known,CHEMBL1175,MONDO:0002009,23,233,256
known,CHEMBL1175,MONDO:0004985,21,228,249
known,CHEMBL1175,MONDO:0005027,19,176,195
known,CHEMBL1175,MONDO:0005618,37,282,319
known,CHEMBL1177,MONDO:0007743,3,46,49
known,CHEMBL117785,MONDO:0005180,7,124,131
known,CHEMBL117785,MONDO:0005618,32,437,469
known,CHEMBL118,MONDO:0005098,3,146,149
known,CHEMBL1185,MONDO:0005098,3,92,95
known,CHEMBL1185,MONDO:0005277,2,51,53
known,CHEMBL1193,MONDO:0004975,3,122,125
known,CHEMBL1193,MONDO:0005027,9,106,115
known,CHEMBL1193,MONDO:0005618,15,163,178
known,CHEMBL1194,MONDO:0005027,15,123,138
known,CHEMBL1194,MONDO:0005180,4,99,103
known,CHEMBL119443,MONDO:0005027,6,79,85
known,CHEMBL119443,MONDO:0005098,0,55,55
known,CHEMBL1194666,MONDO:0005027,16,112,128
known,CHEMBL1197,MONDO:0005027,0,22,22
known,CHEMBL12,MONDO:0005027,22,146,168
known,CHEMBL12,MONDO:0005618,43,238,281
known,CHEMBL1200335,MONDO:0001627,0,28,28
known,CHEMBL1200335,MONDO:0005027,3,76,79
known,CHEMBL1200335,MONDO:0005098,1,58,59
known,CHEMBL1200335,MONDO:0005277,1,44,45
known,CHEMBL1200391,MONDO:0005098,1,95,96
known,CHEMBL1200472,MONDO:0005618,6,27,33
known,CHEMBL1200558,MONDO:0005027,0,72,72
known,CHEMBL1200572,MONDO:0004985,0,0,0
known,CHEMBL1200572,MONDO:0005027,0,0,0
known,CHEMBL1200624,MONDO:0005098,2,100,102
known,CHEMBL1200624,MONDO:0005277,1,51,52
known,CHEMBL1200624,MONDO:0005618,16,197,213
known,CHEMBL1200640,MONDO:0005098,0,26,26
known,CHEMBL1200640,MONDO:0005277,0,12,12
known,CHEMBL1200640,MONDO:0005618,1,41,42
known,CHEMBL1200682,MONDO:0005027,0,0,0
known,CHEMBL1200682,MONDO:0005618,0,0,0
known,CHEMBL1200694,MONDO:0005027,5,42,47
known,CHEMBL1200731,MONDO:0005027,2,21,23
known,CHEMBL1200736,MONDO:0005618,2,35,37
known,CHEMBL1200748,MONDO:0005027,0,0,0
known,CHEMBL1200748,MONDO:0005180,1,0,1
known,CHEMBL1200748,MONDO:0005618,1,0,1
known,CHEMBL1200761,MONDO:0001627,2,71,73
known,CHEMBL1200761,MONDO:0005027,15,180,195
known,CHEMBL1200761,MONDO:0005098,3,135,138
known,CHEMBL1200761,MONDO:0005277,2,53,55
known,CHEMBL1200807,MONDO:0001627,0,20,20
known,CHEMBL1200807,MONDO:0005027,1,55,56
known,CHEMBL1200807,MONDO:0005098,1,63,64
known,CHEMBL1200807,MONDO:0005277,0,29,29
known,CHEMBL1200807,MONDO:0005618,3,105,108
known,CHEMBL1200826,MONDO:0004985,4,78,82
known,CHEMBL1200848,MONDO:0005027,15,153,168
known,CHEMBL1200848,MONDO:0005277,2,61,63
known,CHEMBL1200848,MONDO:0005618,36,278,314
known,CHEMBL1200851,MONDO:0005027,2,38,40
known,CHEMBL1200862,MONDO:0005180,4,89,93
known,CHEMBL1200862,MONDO:0005618,17,243,260
known,CHEMBL1200929,MONDO:0005618,0,2,2
known,CHEMBL1200929,MONDO:0007743,0,2,2
known,CHEMBL1200934,MONDO:0001627,1,42,43
known,CHEMBL1200934,MONDO:0005027,18,145,163
known,CHEMBL1200934,MONDO:0005098,4,101,105
known,CHEMBL1200934,MONDO:0005277,2,51,53
known,CHEMBL1200934,MONDO:0005618,33,229,262
known,CHEMBL1200939,MONDO:0005027,0,0,0
known,CHEMBL1200939,MONDO:0005618,0,0,0
known,CHEMBL1200973,MONDO:0001627,1,50,51
known,CHEMBL1200973,MONDO:0005027,12,137,149
known,CHEMBL1200973,MONDO:0005098,3,118,121
known,CHEMBL1200973,MONDO:0005277,1,51,52
known,CHEMBL1200973,MONDO:0005618,23,227,250
known,CHEMBL1201,MONDO:0004975,2,152,154
known,CHEMBL1201,MONDO:0005027,17,164,181
known,CHEMBL1201,MONDO:0005090,38,333,371
known,CHEMBL1201,MONDO:0005180,7,112,119
known,CHEMBL1201039,MONDO:0005027,15,131,146
known,CHEMBL1201039,MONDO:0005618,31,224,255
known,CHEMBL1201101,MONDO:0001627,0,28,28
known,CHEMBL1201101,MONDO:0005027,3,76,79
known,CHEMBL1201101,MONDO:0005098,1,58,59
known,CHEMBL1201101,MONDO:0005277,1,44,45
known,CHEMBL1201109,MONDO:0005027,15,113,128
known,CHEMBL1201112,MONDO:0005027,1,39,40
known,CHEMBL1201117,MONDO:0004975,1,96,97
known,CHEMBL1201117,MONDO:0005027,15,120,135
known,CHEMBL1201151,MONDO:0005098,2,80,82
known,CHEMBL1201151,MONDO:0005277,2,51,53
known,CHEMBL1201151,MONDO:0005618,30,226,256
known,CHEMBL1201165,MONDO:0001627,2,70,72
known,CHEMBL1201165,MONDO:0005027,16,170,186
known,CHEMBL1201165,MONDO:0005098,2,107,109
known,CHEMBL1201165,MONDO:0005277,2,53,55
known,CHEMBL1201168,MONDO:0002009,18,184,202
known,CHEMBL1201168,MONDO:0004985,21,180,201
known,CHEMBL1201168,MONDO:0005027,15,125,140
known,CHEMBL1201168,MONDO:0005090,31,229,260
known,CHEMBL1201168,MONDO:0005618,30,223,253
known,CHEMBL1201182,MONDO:0005098,3,210,213
known,CHEMBL1201192,MONDO:0005618,9,78,87
known,CHEMBL1201199,MONDO:0005098,0,0,0
known,CHEMBL1201201,MONDO:0004985,8,64,72
known,CHEMBL1201201,MONDO:0005027,3,47,50
known,CHEMBL1201201,MONDO:0005098,0,34,34
known,CHEMBL1201201,MONDO:0005618,9,71,80
known,CHEMBL1201201,MONDO:0007743,1,30,31
known,CHEMBL1201203,MONDO:0005180,1,31,32
known,CHEMBL1201208,MONDO:0005027,16,110,126
known,CHEMBL1201210,MONDO:0004975,1,89,90
known,CHEMBL1201210,MONDO:0005027,15,109,124
known,CHEMBL1201210,MONDO:0005180,4,80,84
known,CHEMBL1201217,MONDO:0005027,17,141,158
known,CHEMBL1201222,MONDO:0004985,0,17,17
known,CHEMBL1201222,MONDO:0005027,0,15,15
known,CHEMBL1201222,MONDO:0005098,0,16,16
known,CHEMBL1201222,MONDO:0007743,0,12,12
known,CHEMBL1201225,MONDO:0005027,1,31,32
known,CHEMBL1201227,MONDO:0005180,0,6,6
known,CHEMBL1201232,MONDO:0004975,2,105,107
known,CHEMBL1201232,MONDO:0005027,16,129,145
known,CHEMBL1201232,MONDO:0005180,5,96,101
known,CHEMBL1201245,MONDO:0005027,9,99,108
known,CHEMBL1201284,MONDO:0005027,15,124,139
known,CHEMBL1201287,MONDO:0005027,16,141,157
known,CHEMBL1201336,MONDO:0005027,1,53,54
known,CHEMBL1201341,MONDO:0005027,11,121,132
known,CHEMBL1201341,MONDO:0005180,4,80,84
known,CHEMBL1201342,MONDO:0005180,3,79,82
known,CHEMBL1201353,MONDO:0005027,15,116,131
known,CHEMBL1201354,MONDO:0005027,9,106,115
known,CHEMBL1201356,MONDO:0005027,16,159,175
known,CHEMBL1201356,MONDO:0005098,3,108,111
known,CHEMBL1201478,MONDO:0005027,1,7,8
known,CHEMBL1201479,MONDO:0005027,0,0,0
known,CHEMBL1201593,MONDO:0005098,1,15,16
known,CHEMBL1201607,MONDO:0005301,1,0,1
known,CHEMBL1201666,MONDO:0005098,1,41,42
known,CHEMBL1201724,MONDO:0005027,0,0,0
known,CHEMBL1201754,MONDO:0005618,29,253,282
known,CHEMBL1201772,MONDO:0005098,3,111,114
known,CHEMBL1201864,MONDO:0001627,0,10,10
known,CHEMBL1201864,MONDO:0005027,0,29,29
known,CHEMBL1201864,MONDO:0005098,0,20,20
known,CHEMBL1201864,MONDO:0005277,0,26,26
known,CHEMBL1201864,MONDO:0005618,1,49,50
known,CHEMBL121,MONDO:0005098,4,93,97
known,CHEMBL1213351,MONDO:0004975,2,100,102
known,CHEMBL1213351,MONDO:0005027,16,113,129
known,CHEMBL1213351,MONDO:0005618,35,172,207
known,CHEMBL1213460,MONDO:0005618,4,7,11
known,CHEMBL1215,MONDO:0004975,4,195,199
known,CHEMBL1215,MONDO:0005027,20,165,185
known,CHEMBL1215,MONDO:0005618,44,320,364
known,CHEMBL1218,MONDO:0005618,28,197,225
known,CHEMBL122,MONDO:0005277,2,51,53
known,CHEMBL1220,MONDO:0005027,16,134,150
known,CHEMBL1222251,MONDO:0005098,2,92,94
known,CHEMBL1231574,MONDO:0001627,0,7,7
known,CHEMBL1231574,MONDO:0005027,0,11,11
known,CHEMBL1231574,MONDO:0005098,0,24,24
known,CHEMBL1231574,MONDO:0005277,0,10,10
known,CHEMBL1231574,MONDO:0005618,2,35,37
known,CHEMBL1233,MONDO:0004975,1,164,165
known,CHEMBL1233,MONDO:0005027,20,169,189
known,CHEMBL1237021,MONDO:0004985,20,216,236
known,CHEMBL1237021,MONDO:0005027,15,148,163
known,CHEMBL1237021,MONDO:0005090,35,276,311
known,CHEMBL1237021,MONDO:0005098,4,111,115
known,CHEMBL1237044,MONDO:0005027,9,92,101
known,CHEMBL1237044,MONDO:0005618,10,104,114
known,CHEMBL1242,MONDO:0005618,23,193,216
known,CHEMBL1256786,MONDO:0005027,3,126,129
known,CHEMBL1257,MONDO:0005027,9,76,85
known,CHEMBL126,MONDO:0005027,16,126,142
known,CHEMBL1261,MONDO:0004975,4,168,172
known,CHEMBL1263,MONDO:0005027,19,140,159
known,CHEMBL127,MONDO:0005027,17,148,165
known,CHEMBL12713,MONDO:0005090,35,204,239
known,CHEMBL127516,MONDO:0005027,20,159,179
known,CHEMBL1278,MONDO:0005098,0,41,41
known,CHEMBL1278,MONDO:0005277,0,16,16
known,CHEMBL1279,MONDO:0005098,0,39,39
known,CHEMBL1279,MONDO:0005277,0,16,16
known,CHEMBL128,MONDO:0005027,18,127,145
known,CHEMBL128,MONDO:0005098,3,91,94
known,CHEMBL128,MONDO:0005277,2,51,53
known,CHEMBL1286,MONDO:0005618,34,267,301
known,CHEMBL1290,MONDO:0005618,18,175,193
known,CHEMBL1297,MONDO:0005098,4,124,128
known,CHEMBL13,MONDO:0005618,39,207,246
known,CHEMBL1303,MONDO:0005180,5,108,113
known,CHEMBL130880,MONDO:0004975,1,106,107
known,CHEMBL131,MONDO:0005027,20,168,188
known,CHEMBL131,MONDO:0005301,1,60,61
known,CHEMBL1324,MONDO:0005180,4,102,106
known,CHEMBL1328898,MONDO:0005180,4,101,105
known,CHEMBL1331216,MONDO:0005618,29,216,245
known,CHEMBL1336,MONDO:0005618,59,804,863
known,CHEMBL134,MONDO:0005618,42,234,276
known,CHEMBL134,MONDO:0007743,6,54,60
known,CHEMBL135,MONDO:0001627,2,69,71
known,CHEMBL135,MONDO:0005027,21,215,236
known,CHEMBL135,MONDO:0005098,5,164,169
known,CHEMBL135,MONDO:0005277,2,61,63
known,CHEMBL135,MONDO:0005618,48,422,470
known,CHEMBL135400,MONDO:0005618,38,214,252
known,CHEMBL1355736,MONDO:0005027,19,203,222
known,CHEMBL1355736,MONDO:0005618,42,402,444
known,CHEMBL1359,MONDO:0005027,9,94,103
known,CHEMBL1364,MONDO:0005090,0,37,37
known,CHEMBL1364,MONDO:0005618,1,48,49
known,CHEMBL1368,MONDO:0005027,0,12,12
known,CHEMBL137,MONDO:0005027,17,175,192
known,CHEMBL1370,MONDO:0005027,20,201,221
known,CHEMBL1371770,MONDO:0005180,5,140,145
known,CHEMBL1373,MONDO:0005618,40,367,407
known,CHEMBL13766,MONDO:0005027,1,109,110
known,CHEMBL1382,MONDO:0001627,2,56,58
known,CHEMBL1384,MONDO:0005180,4,84,88
known,CHEMBL1389,MONDO:0001627,1,49,50
known,CHEMBL1389,MONDO:0005027,10,127,137
known,CHEMBL1389,MONDO:0005098,2,107,109
known,CHEMBL1389,MONDO:0005277,1,51,52
known,CHEMBL1389,MONDO:0005618,18,213,231
known,CHEMBL139,MONDO:0005098,5,125,130
known,CHEMBL1395,MONDO:0001627,1,42,43
known,CHEMBL1395,MONDO:0005027,16,141,157
known,CHEMBL1395,MONDO:0005098,4,104,108
known,CHEMBL1395,MONDO:0005277,2,51,53
known,CHEMBL1405,MONDO:0001627,2,88,90
known,CHEMBL1405,MONDO:0005027,11,176,187
known,CHEMBL1405,MONDO:0005098,3,174,177
known,CHEMBL1405,MONDO:0005277,1,51,52
known,CHEMBL1405,MONDO:0005618,24,375,399
known,CHEMBL14060,MONDO:0005027,10,131,141
known,CHEMBL1412,MONDO:0005027,10,117,127
known,CHEMBL1419,MONDO:0005027,16,121,137
known,CHEMBL1419,MONDO:0005098,3,72,75
known,CHEMBL1423,MONDO:0004975,7,338,345
known,CHEMBL1423,MONDO:0005027,19,254,273
known,CHEMBL1423,MONDO:0005180,8,162,170
known,CHEMBL1431,MONDO:0005098,4,117,121
known,CHEMBL14370,MONDO:0002009,3,27,30
known,CHEMBL14370,MONDO:0005618,3,27,30
known,CHEMBL14376,MONDO:0004975,5,150,155
known,CHEMBL14376,MONDO:0005027,18,139,157
known,CHEMBL14376,MONDO:0005090,40,245,285
known,CHEMBL1440,MONDO:0005027,17,153,170
known,CHEMBL1445,MONDO:0001627,1,39,40
known,CHEMBL1445,MONDO:0005027,16,130,146
known,CHEMBL1445,MONDO:0005098,2,72,74
known,CHEMBL1445,MONDO:0005277,2,61,63
known,CHEMBL1451,MONDO:0005027,12,176,188
known,CHEMBL1451,MONDO:0005301,1,72,73
known,CHEMBL1457,MONDO:0004975,2,104,106
known,CHEMBL1457,MONDO:0005027,17,123,140
known,CHEMBL1472975,MONDO:0005090,25,221,246
known,CHEMBL1473,MONDO:0005027,19,149,168
known,CHEMBL1479,MONDO:0005027,16,139,155
known,CHEMBL1479,MONDO:0005277,2,51,53
known,CHEMBL1481,MONDO:0005098,0,14,14
known,CHEMBL1482,MONDO:0005027,15,128,143
known,CHEMBL1482,MONDO:0005180,4,90,94
known,CHEMBL1487,MONDO:0005098,4,112,116
known,CHEMBL1490,MONDO:0005180,5,95,100
known,CHEMBL1491,MONDO:0005098,4,116,120
known,CHEMBL1492500,MONDO:0002009,19,163,182
known,CHEMBL1492500,MONDO:0005618,31,188,219
known,CHEMBL1495,MONDO:0005618,29,184,213
known,CHEMBL1496,MONDO:0005098,4,102,106
known,CHEMBL1505,MONDO:0005098,3,84,87
known,CHEMBL1505,MONDO:0005277,2,51,53
known,CHEMBL1508,MONDO:0002009,22,236,258
known,CHEMBL1508,MONDO:0004985,20,221,241
known,CHEMBL1508,MONDO:0005027,17,140,157
known,CHEMBL1508,MONDO:0005618,33,271,304
known,CHEMBL1509,MONDO:0001627,1,40,41
known,CHEMBL1509,MONDO:0005027,15,126,141
known,CHEMBL1509,MONDO:0005098,3,85,88
known,CHEMBL1509,MONDO:0005277,2,51,53
known,CHEMBL1509,MONDO:0005618,32,205,237
known,CHEMBL1510,MONDO:0005098,0,21,21
known,CHEMBL1510,MONDO:0005277,0,8,8
known,CHEMBL1511,MONDO:0001627,2,58,60
known,CHEMBL1511,MONDO:0005027,13,171,184
known,CHEMBL1511,MONDO:0005098,3,132,135
known,CHEMBL1511,MONDO:0005277,1,51,52
known,CHEMBL1511,MONDO:0005618,24,310,334
known,CHEMBL1520,MONDO:0005098,2,97,99
known,CHEMBL1521,MONDO:0005618,30,352,382
known,CHEMBL1522,MONDO:0005618,5,76,81
known,CHEMBL15245,MONDO:0005618,44,313,357
known,CHEMBL1531,MONDO:0001627,1,49,50
known,CHEMBL1531,MONDO:0005027,14,121,135
known,CHEMBL1531,MONDO:0005098,3,114,117
known,CHEMBL1531,MONDO:0005277,2,51,53
known,CHEMBL1531,MONDO:0005618,23,195,218
known,CHEMBL1532,MONDO:0005027,16,116,132
known,CHEMBL1532,MONDO:0005618,29,212,241
known,CHEMBL1533,MONDO:0001627,1,49,50
known,CHEMBL1533,MONDO:0005027,17,148,165
known,CHEMBL1533,MONDO:0005098,5,123,128
known,CHEMBL1533,MONDO:0005277,2,51,53
known,CHEMBL1533,MONDO:0005618,33,235,268
known,CHEMBL1534,MONDO:0005027,0,18,18
known,CHEMBL1534,MONDO:0005618,2,31,33
known,CHEMBL1538,MONDO:0005027,2,22,24
known,CHEMBL1538,MONDO:0005618,1,21,22
known,CHEMBL1539,MONDO:0005027,9,112,121
known,CHEMBL154,MONDO:0005027,21,175,196
known,CHEMBL154,MONDO:0005098,5,133,138
known,CHEMBL154,MONDO:0005277,2,54,56
known,CHEMBL157138,MONDO:0005277,2,51,53
known,CHEMBL1572,MONDO:0005180,3,76,79
known,CHEMBL1575,MONDO:0005027,1,92,93
known,CHEMBL1575,MONDO:0005277,1,44,45
known,CHEMBL1577,MONDO:0005027,0,7,7
known,CHEMBL1577,MONDO:0005618,0,9,9
known,CHEMBL1587,MONDO:0005027,1,42,43
known,CHEMBL1587,MONDO:0005618,2,71,73
known,CHEMBL15891,MONDO:0005027,1,45,46
known,CHEMBL159,MONDO:0005618,16,327,343
known,CHEMBL1590,MONDO:0005027,17,164,181
known,CHEMBL1590,MONDO:0005098,6,156,162
known,CHEMBL1595,MONDO:0004975,1,51,52
known,CHEMBL1595,MONDO:0005027,10,57,67
known,CHEMBL1595,MONDO:0005618,15,81,96
known,CHEMBL159776,MONDO:0004975,3,123,126
known,CHEMBL16,MONDO:0004985,14,66,80
known,CHEMBL16,MONDO:0005027,11,70,81
known,CHEMBL16,MONDO:0005618,12,89,101
known,CHEMBL160,MONDO:0005027,2,47,49
known,CHEMBL16073,MONDO:0004975,6,173,179
known,CHEMBL16073,MONDO:0005027,10,144,154
known,CHEMBL16073,MONDO:0005618,20,284,304
known,CHEMBL1618018,MONDO:0005027,2,41,43
known,CHEMBL1618018,MONDO:0005618,2,70,72
known,CHEMBL1621,MONDO:0004975,1,64,65
known,CHEMBL1621,MONDO:0004985,12,99,111
known,CHEMBL1621,MONDO:0005027,8,72,80
known,CHEMBL1621,MONDO:0005090,19,131,150
known,CHEMBL1621,MONDO:0005180,4,59,63
known,CHEMBL1621597,MONDO:0005027,10,124,134
known,CHEMBL1622,MONDO:0004985,1,29,30
known,CHEMBL1623765,MONDO:0005027,0,0,0
known,CHEMBL1628227,MONDO:0004985,27,194,221
known,CHEMBL1628227,MONDO:0005027,21,150,171
known,CHEMBL1628227,MONDO:0005618,43,235,278
known,CHEMBL1628502,MONDO:0005618,1,37,38
known,CHEMBL1650,MONDO:0005027,13,124,137
known,CHEMBL1650,MONDO:0005301,1,45,46
known,CHEMBL1652,MONDO:0005180,6,94,100
known,CHEMBL1684,MONDO:0005618,29,216,245
known,CHEMBL1697733,MONDO:0004975,1,93,94
known,CHEMBL1697733,MONDO:0005027,16,122,138
known,CHEMBL1697766,MONDO:0004975,0,23,23
known,CHEMBL1697766,MONDO:0005027,0,31,31
known,CHEMBL1697766,MONDO:0005090,0,54,54
known,CHEMBL1697766,MONDO:0005180,0,22,22
known,CHEMBL1697841,MONDO:0005027,4,96,100
known,CHEMBL1697841,MONDO:0005277,1,50,51
known,CHEMBL1697841,MONDO:0005618,16,158,174
known,CHEMBL170797,MONDO:0005027,0,0,0
known,CHEMBL1729,MONDO:0005027,17,124,141
known,CHEMBL1732,MONDO:0005277,2,51,53
known,CHEMBL1747,MONDO:0005180,0,26,26
known,CHEMBL1752,MONDO:0005618,19,203,222
known,CHEMBL1754,MONDO:0005027,15,109,124
known,CHEMBL1754,MONDO:0005098,4,64,68
known,CHEMBL1760,MONDO:0005027,6,122,128
known,CHEMBL1763,MONDO:0005027,17,156,173
known,CHEMBL1763,MONDO:0005618,31,252,283
known,CHEMBL1764,MONDO:0004975,4,138,142
known,CHEMBL1764,MONDO:0005027,11,113,124
known,CHEMBL1764,MONDO:0005180,6,91,97
known,CHEMBL177,MONDO:0005180,4,89,93
known,CHEMBL178,MONDO:0005027,14,213,227
known,CHEMBL178803,MONDO:0005090,4,67,71
known,CHEMBL18116,MONDO:0005618,28,161,189
known,CHEMBL184,MONDO:0005098,5,148,153
known,CHEMBL186,MONDO:0005027,16,136,152
known,CHEMBL186720,MONDO:0004975,0,6,6
known,CHEMBL186720,MONDO:0005027,3,9,12
known,CHEMBL186720,MONDO:0005618,5,9,14
known,CHEMBL19019,MONDO:0005027,12,122,134
known,CHEMBL19019,MONDO:0005618,19,188,207
known,CHEMBL1909283,MONDO:0005618,0,0,0
known,CHEMBL192,MONDO:0005098,0,24,24
known,CHEMBL193240,MONDO:0005618,32,203,235
known,CHEMBL196,MONDO:0005027,4,44,48
known,CHEMBL196,MONDO:0005301,0,12,12
known,CHEMBL20,MONDO:0005027,16,145,161
known,CHEMBL2028019,MONDO:0004985,16,170,186
known,CHEMBL2028019,MONDO:0005090,28,206,234
known,CHEMBL2103738,MONDO:0004985,4,94,98
known,CHEMBL2103827,MONDO:0005180,4,78,82
known,CHEMBL2104164,MONDO:0005618,1,35,36
known,CHEMBL2104895,MONDO:0005618,24,178,202
known,CHEMBL2104993,MONDO:0002009,10,83,93
known,CHEMBL2104993,MONDO:0005618,12,87,99
known,CHEMBL2105760,MONDO:0002009,14,103,117
known,CHEMBL2105760,MONDO:0005090,27,114,141
known,CHEMBL2105760,MONDO:0005618,23,117,140
known,CHEMBL2106119,MONDO:0004975,0,0,0
known,CHEMBL2106119,MONDO:0005027,0,0,0
known,CHEMBL2106119,MONDO:0005618,0,0,0
known,CHEMBL2106411,MONDO:0004975,0,6,6
known,CHEMBL2106650,MONDO:0005090,1,11,12
known,CHEMBL2106989,MONDO:0005027,0,0,0
known,CHEMBL2107011,MONDO:0005090,28,148,176
known,CHEMBL2107576,MONDO:0005618,0,0,0
known,CHEMBL2108139,MONDO:0005027,0,0,0
known,CHEMBL2110809,MONDO:0005618,2,15,17
known,CHEMBL2110816,MONDO:0005618,16,164,180
known,CHEMBL2111101,MONDO:0005180,5,95,100
known,CHEMBL2111164,MONDO:0004975,0,0,0
known,CHEMBL2111164,MONDO:0004985,0,0,0
known,CHEMBL2111164,MONDO:0005027,0,1,1
known,CHEMBL2111164,MONDO:0005090,0,3,3
known,CHEMBL2111164,MONDO:0005098,0,0,0
known,CHEMBL2111164,MONDO:0005618,0,3,3
known,CHEMBL211456,MONDO:0005027,19,140,159
known,CHEMBL211456,MONDO:0005098,4,98,102
known,CHEMBL211456,MONDO:0005618,37,215,252
known,CHEMBL21731,MONDO:0004985,21,260,281
known,CHEMBL21731,MONDO:0005027,17,180,197
known,CHEMBL21731,MONDO:0005098,3,131,134
known,CHEMBL21731,MONDO:0005618,30,326,356
known,CHEMBL2178422,MONDO:0005277,0,23,23
known,CHEMBL220492,MONDO:0005618,44,269,313
known,CHEMBL22150,MONDO:0005027,9,118,127
known,CHEMBL2218896,MONDO:0005090,31,177,208
known,CHEMBL2218896,MONDO:0005618,30,171,201
known,CHEMBL2219425,MONDO:0005090,22,62,84
known,CHEMBL2220442,MONDO:0005098,4,125,129
known,CHEMBL222813,MONDO:0005027,15,114,129
known,CHEMBL223228,MONDO:0005027,17,179,196
known,CHEMBL223228,MONDO:0005618,36,368,404
known,CHEMBL2311030,MONDO:0001627,0,15,15
known,CHEMBL2355051,MONDO:0005618,19,256,275
known,CHEMBL2364638,MONDO:0005277,0,11,11
known,CHEMBL2365712,MONDO:0001627,0,15,15
known,CHEMBL24,MONDO:0005618,32,227,259
known,CHEMBL24147,MONDO:0005027,1,89,90
known,CHEMBL248594,MONDO:0005098,1,104,105
known,CHEMBL25,MONDO:0005277,2,56,58
known,CHEMBL259209,MONDO:0005027,17,135,152
known,CHEMBL26,MONDO:0005090,23,272,295
known,CHEMBL267894,MONDO:0005027,17,110,127
known,CHEMBL267894,MONDO:0005618,32,158,190
known,CHEMBL27,MONDO:0005618,46,269,315
known,CHEMBL27577,MONDO:0004975,1,94,95
known,CHEMBL27577,MONDO:0005027,0,94,94
known,CHEMBL27577,MONDO:0005618,4,171,175
known,CHEMBL276832,MONDO:0005027,10,173,183
known,CHEMBL276832,MONDO:0005098,3,154,157
known,CHEMBL276832,MONDO:0005618,23,334,357
known,CHEMBL277474,MONDO:0005277,2,51,53
known,CHEMBL278020,MONDO:0005027,11,126,137
known,CHEMBL278172,MONDO:0005027,17,142,159
known,CHEMBL278172,MONDO:0005618,30,228,258
known,CHEMBL284092,MONDO:0002009,3,9,12
known,CHEMBL284092,MONDO:0005618,3,9,12
known,CHEMBL284348,MONDO:0005027,12,177,189
known,CHEMBL284348,MONDO:0005301,0,62,62
known,CHEMBL285674,MONDO:0005618,33,163,196
known,CHEMBL290916,MONDO:0005098,3,167,170
known,CHEMBL294199,MONDO:0005027,18,186,204
known,CHEMBL294199,MONDO:0005098,3,138,141
known,CHEMBL301265,MONDO:0005180,4,88,92
known,CHEMBL3039520,MONDO:0005277,1,23,24
known,CHEMBL3187365,MONDO:0004975,4,140,144
known,CHEMBL3187365,MONDO:0004985,22,197,219
known,CHEMBL3187365,MONDO:0005027,17,160,177
known,CHEMBL3187365,MONDO:0005090,38,252,290
known,CHEMBL3187365,MONDO:0005098,4,89,93
known,CHEMBL32,MONDO:0005027,0,14,14
known,CHEMBL32350,MONDO:0005618,16,190,206
known,CHEMBL3306803,MONDO:0005090,8,110,118
known,CHEMBL33986,MONDO:0005277,2,51,53
known,CHEMBL3545985,MONDO:0004985,21,146,167
known,CHEMBL36,MONDO:0005027,0,18,18
known,CHEMBL364713,MONDO:0005027,18,174,192
known,CHEMBL3707247,MONDO:0005098,0,61,61
known,CHEMBL3707247,MONDO:0005301,0,33,33
known,CHEMBL3707328,MONDO:0005277,0,0,0
known,CHEMBL3707389,MONDO:0005027,0,0,0
known,CHEMBL3707390,MONDO:0007743,0,0,0
known,CHEMBL370753,MONDO:0005618,31,233,264
known,CHEMBL370805,MONDO:0005027,21,130,151
known,CHEMBL372795,MONDO:0005180,4,88,92
known,CHEMBL374478,MONDO:0005618,44,384,428
known,CHEMBL374975,MONDO:0005180,4,95,99
known,CHEMBL376897,MONDO:0005618,17,191,208
known,CHEMBL38,MONDO:0005618,22,481,503
known,CHEMBL3833320,MONDO:0005277,0,0,0
known,CHEMBL3833329,MONDO:0005277,0,5,5
known,CHEMBL3833377,MONDO:0005301,0,0,0
known,CHEMBL3833377,MONDO:0007743,0,0,0
known,CHEMBL384467,MONDO:0005027,20,188,208
known,CHEMBL384467,MONDO:0005301,1,62,63
known,CHEMBL386630,MONDO:0001627,1,52,53
known,CHEMBL386630,MONDO:0005027,19,173,192
known,CHEMBL386630,MONDO:0005098,3,126,129
known,CHEMBL386630,MONDO:0005277,2,53,55
known,CHEMBL389621,MONDO:0005027,18,171,189
known,CHEMBL389621,MONDO:0005301,2,71,73
known,CHEMBL395091,MONDO:0005618,34,195,229
known,CHEMBL396778,MONDO:0005180,4,57,61
known,CHEMBL398707,MONDO:0005027,4,64,68
known,CHEMBL3989695,MONDO:0005027,1,15,16
known,CHEMBL3989702,MONDO:0005027,2,39,41
known,CHEMBL3989702,MONDO:0005618,2,46,48
known,CHEMBL3989752,MONDO:0005277,0,0,0
known,CHEMBL3989810,MONDO:0005027,2,46,48
known,CHEMBL3989810,MONDO:0005618,2,48,50
known,CHEMBL3989843,MONDO:0002009,12,165,177
known,CHEMBL3989843,MONDO:0004985,13,178,191
known,CHEMBL3989843,MONDO:0005027,9,122,131
known,CHEMBL3989843,MONDO:0005090,25,222,247
known,CHEMBL3989843,MONDO:0005618,20,198,218
known,CHEMBL3989856,MONDO:0005027,0,7,7
known,CHEMBL3989887,MONDO:0005027,2,52,54
known,CHEMBL4,MONDO:0005027,14,169,183
known,CHEMBL40,MONDO:0004975,1,62,63
known,CHEMBL40,MONDO:0004985,8,84,92
known,CHEMBL40,MONDO:0005027,6,84,90
known,CHEMBL40,MONDO:0005277,0,11,11
known,CHEMBL40,MONDO:0005618,7,104,111
known,CHEMBL404422,MONDO:0005618,32,164,196
known,CHEMBL405,MONDO:0004985,10,70,80
known,CHEMBL405,MONDO:0005027,4,51,55
known,CHEMBL405,MONDO:0005098,0,36,36
known,CHEMBL405,MONDO:0005618,12,77,89
known,CHEMBL405,MONDO:0007743,2,33,35
known,CHEMBL407,MONDO:0005027,21,157,178
known,CHEMBL407,MONDO:0005618,37,286,323
known,CHEMBL41,MONDO:0002009,30,247,277
known,CHEMBL41,MONDO:0004975,3,151,154
known,CHEMBL41,MONDO:0004985,29,227,256
known,CHEMBL41,MONDO:0005027,23,184,207
known,CHEMBL41,MONDO:0005098,4,106,110
known,CHEMBL41,MONDO:0005618,46,290,336
known,CHEMBL411,MONDO:0001627,0,25,25
known,CHEMBL411,MONDO:0005027,1,70,71
known,CHEMBL411,MONDO:0005098,0,48,48
known,CHEMBL411,MONDO:0005277,1,44,45
known,CHEMBL413,MONDO:0005098,5,226,231
known,CHEMBL415,MONDO:0005027,21,221,242
known,CHEMBL415,MONDO:0005618,38,436,474
known,CHEMBL416956,MONDO:0005027,18,173,191
known,CHEMBL416956,MONDO:0005090,37,384,421
known,CHEMBL416956,MONDO:0005618,35,372,407
known,CHEMBL418995,MONDO:0005618,29,180,209
known,CHEMBL42,MONDO:0004975,6,316,322
known,CHEMBL42,MONDO:0005027,22,239,261
known,CHEMBL42,MONDO:0005098,4,177,181
known,CHEMBL422,MONDO:0004975,4,304,308
known,CHEMBL422,MONDO:0005027,18,242,260
known,CHEMBL422,MONDO:0005090,45,601,646
known,CHEMBL423,MONDO:0005618,2,38,40
known,CHEMBL428647,MONDO:0005618,45,557,602
known,CHEMBL429,MONDO:0005618,21,211,232
known,CHEMBL4297756,MONDO:0005277,0,0,0
known,CHEMBL430,MONDO:0005027,9,107,116
known,CHEMBL430,MONDO:0005618,16,171,187
known,CHEMBL431770,MONDO:0005180,7,105,112
known,CHEMBL435,MONDO:0005027,19,179,198
known,CHEMBL435,MONDO:0005098,4,117,121
known,CHEMBL435,MONDO:0005180,4,115,119
known,CHEMBL435,MONDO:0005618,41,289,330
known,CHEMBL43708,MONDO:0005027,0,8,8
known,CHEMBL439849,MONDO:0002009,9,103,112
known,CHEMBL439849,MONDO:0004985,6,90,96
known,CHEMBL439849,MONDO:0005027,4,47,51
known,CHEMBL439849,MONDO:0005618,11,110,121
known,CHEMBL441,MONDO:0005027,4,48,52
known,CHEMBL442,MONDO:0005027,17,149,166
known,CHEMBL442,MONDO:0005277,2,51,53
known,CHEMBL442,MONDO:0005618,28,214,242
known,CHEMBL445,MONDO:0005027,21,197,218
known,CHEMBL445,MONDO:0005098,4,139,143
known,CHEMBL445,MONDO:0005618,35,338,373
known,CHEMBL445,MONDO:0007743,4,53,57
known,CHEMBL447,MONDO:0005027,5,62,67
known,CHEMBL447,MONDO:0005618,9,78,87
known,CHEMBL448,MONDO:0005027,22,143,165
known,CHEMBL448,MONDO:0005618,37,231,268
known,CHEMBL449,MONDO:0004985,18,38,56
known,CHEMBL449,MONDO:0005027,12,57,69
known,CHEMBL449,MONDO:0005098,1,38,39
known,CHEMBL449,MONDO:0005618,16,52,68
known,CHEMBL45,MONDO:0005090,54,468,522
known,CHEMBL45,MONDO:0005618,51,444,495
known,CHEMBL450,MONDO:0005027,20,110,130
known,CHEMBL45029,MONDO:0005027,3,33,36
known,CHEMBL45029,MONDO:0005618,6,53,59
known,CHEMBL451,MONDO:0001627,1,42,43
known,CHEMBL451,MONDO:0005027,20,134,154
known,CHEMBL451,MONDO:0005098,2,79,81
known,CHEMBL451,MONDO:0005277,2,51,53
known,CHEMBL451,MONDO:0005618,33,187,220
known,CHEMBL452,MONDO:0005618,39,189,228
known,CHEMBL454,MONDO:0004975,1,9,10
known,CHEMBL454,MONDO:0005027,6,13,19
known,CHEMBL454,MONDO:0005277,0,3,3
known,CHEMBL454,MONDO:0005618,6,13,19
known,CHEMBL459,MONDO:0005180,7,128,135
known,CHEMBL459,MONDO:0005618,36,412,448
known,CHEMBL46,MONDO:0005027,5,71,76
known,CHEMBL460,MONDO:0004975,1,94,95
known,CHEMBL460,MONDO:0005027,15,116,131
known,CHEMBL460,MONDO:0005090,30,192,222
known,CHEMBL460,MONDO:0005180,4,91,95
known,CHEMBL460026,MONDO:0004985,2,68,70
known,CHEMBL465,MONDO:0004985,4,49,53
known,CHEMBL465,MONDO:0005027,4,47,51
known,CHEMBL465,MONDO:0005090,6,64,70
known,CHEMBL465,MONDO:0005618,6,64,70
known,CHEMBL46516,MONDO:0005090,40,559,599
known,CHEMBL466659,MONDO:0005027,0,6,6
known,CHEMBL466659,MONDO:0005618,0,12,12
known,CHEMBL468,MONDO:0005027,19,186,205
known,CHEMBL469,MONDO:0005098,3,90,93
known,CHEMBL479,MONDO:0004975,3,181,184
known,CHEMBL479,MONDO:0005027,19,202,221
known,CHEMBL480,MONDO:0005098,5,170,175
known,CHEMBL485,MONDO:0004975,2,102,104
known,CHEMBL485,MONDO:0005027,16,125,141
known,CHEMBL485,MONDO:0005618,36,182,218
known,CHEMBL49,MONDO:0005618,37,243,280
known,CHEMBL490,MONDO:0002009,31,243,274
known,CHEMBL490,MONDO:0004985,31,239,270
known,CHEMBL490,MONDO:0005027,21,185,206
known,CHEMBL490,MONDO:0005618,47,294,341
known,CHEMBL492,MONDO:0005180,4,79,83
known,CHEMBL493,MONDO:0005098,4,121,125
known,CHEMBL493,MONDO:0005180,8,125,133
known,CHEMBL493982,MONDO:0005098,2,100,102
known,CHEMBL499,MONDO:0005618,36,264,300
known,CHEMBL5,MONDO:0005027,12,157,169
known,CHEMBL500,MONDO:0005618,35,425,460
known,CHEMBL502,MONDO:0004975,10,284,294
known,CHEMBL502,MONDO:0005027,26,212,238
known,CHEMBL503,MONDO:0005098,1,66,67
known,CHEMBL505,MONDO:0004975,2,125,127
known,CHEMBL505,MONDO:0005027,17,151,168
known,CHEMBL505,MONDO:0005618,38,220,258
known,CHEMBL511,MONDO:0005027,9,133,142
known,CHEMBL511,MONDO:0005618,19,228,247
known,CHEMBL513,MONDO:0005027,10,129,139
known,CHEMBL515,MONDO:0005027,10,191,201
known,CHEMBL521,MONDO:0005027,21,210,231
known,CHEMBL521,MONDO:0005098,5,188,193
known,CHEMBL521,MONDO:0005618,47,439,486
known,CHEMBL521606,MONDO:0005618,30,208,238
known,CHEMBL52440,MONDO:0005027,21,145,166
known,CHEMBL526,MONDO:0005027,22,172,194
known,CHEMBL527,MONDO:0005098,4,182,186
known,CHEMBL53,MONDO:0005180,8,139,147
known,CHEMBL531,MONDO:0005180,6,116,122
known,CHEMBL5315124,MONDO:0005027,18,160,178
known,CHEMBL535,MONDO:0005027,27,309,336
known,CHEMBL53904,MONDO:0005090,34,241,275
known,CHEMBL54,MONDO:0004975,6,249,255
known,CHEMBL54,MONDO:0005027,22,230,252
known,CHEMBL54,MONDO:0005090,57,466,523
known,CHEMBL54,MONDO:0005180,9,137,146
known,CHEMBL547,MONDO:0005618,20,473,493
known,CHEMBL548,MONDO:0005027,16,176,192
known,CHEMBL549,MONDO:0002009,4,40,44
known,CHEMBL549,MONDO:0004985,1,27,28
known,CHEMBL549,MONDO:0005027,1,26,27
known,CHEMBL549,MONDO:0005618,4,41,45
known,CHEMBL54976,MONDO:0005090,3,2,5
known,CHEMBL54976,MONDO:0005618,5,3,8
known,CHEMBL553,MONDO:0005098,7,236,243
known,CHEMBL558,MONDO:0005027,15,142,157
known,CHEMBL564,MONDO:0004975,3,185,188
known,CHEMBL564,MONDO:0005027,16,170,186
known,CHEMBL564,MONDO:0005090,44,395,439
known,CHEMBL564,MONDO:0005180,7,121,128
known,CHEMBL567,MONDO:0004975,4,304,308
known,CHEMBL567,MONDO:0005027,17,249,266
known,CHEMBL567,MONDO:0005090,39,596,635
known,CHEMBL567,MONDO:0005180,8,146,154
known,CHEMBL568,MONDO:0005618,41,201,242
known,CHEMBL569713,MONDO:0005027,17,139,156
known,CHEMBL569713,MONDO:0005618,33,205,238
known,CHEMBL570,MONDO:0004975,6,220,226
known,CHEMBL570,MONDO:0005027,12,192,204
known,CHEMBL570,MONDO:0005180,8,126,134
known,CHEMBL58,MONDO:0005027,19,279,298
known,CHEMBL580,MONDO:0005027,4,16,20
known,CHEMBL580,MONDO:0005618,4,22,26
known,CHEMBL584,MONDO:0005618,5,69,74
known,CHEMBL589,MONDO:0005180,5,132,137
known,CHEMBL592,MONDO:0005027,15,114,129
known,CHEMBL596,MONDO:0005277,1,51,52
known,CHEMBL596,MONDO:0005618,20,209,229
known,CHEMBL599,MONDO:0005098,5,95,100
known,CHEMBL6,MONDO:0005027,21,215,236
known,CHEMBL6,MONDO:0005180,9,154,163
known,CHEMBL6,MONDO:0005618,54,446,500
known,CHEMBL602,MONDO:0005027,2,71,73
known,CHEMBL602,MONDO:0005618,2,97,99
known,CHEMBL603,MONDO:0005618,35,466,501
known,CHEMBL606,MONDO:0005098,3,70,73
known,CHEMBL6066864,MONDO:0005090,26,286,312
known,CHEMBL607,MONDO:0005027,19,155,174
known,CHEMBL61006,MONDO:0004975,1,91,92
known,CHEMBL61006,MONDO:0005027,16,112,128
known,CHEMBL61006,MONDO:0005618,35,166,201
known,CHEMBL612,MONDO:0004985,8,59,67
known,CHEMBL612,MONDO:0005027,3,42,45
known,CHEMBL612,MONDO:0005098,0,31,31
known,CHEMBL612,MONDO:0007743,1,27,28
known,CHEMBL620,MONDO:0005618,28,157,185
known,CHEMBL621,MONDO:0002009,23,285,308
known,CHEMBL621,MONDO:0005618,37,377,414
known,CHEMBL623,MONDO:0002009,23,200,223
known,CHEMBL623,MONDO:0004985,24,205,229
known,CHEMBL623,MONDO:0005027,19,150,169
known,CHEMBL623,MONDO:0005098,3,92,95
known,CHEMBL623,MONDO:0005618,36,243,279
known,CHEMBL629,MONDO:0004975,5,216,221
known,CHEMBL629,MONDO:0005027,26,206,232
known,CHEMBL629,MONDO:0005180,7,128,135
known,CHEMBL629,MONDO:0005618,50,376,426
known,CHEMBL632,MONDO:0005027,12,148,160
known,CHEMBL632,MONDO:0005301,1,50,51
known,CHEMBL635,MONDO:0005027,18,166,184
known,CHEMBL635,MONDO:0005301,2,58,60
known,CHEMBL636,MONDO:0004975,3,90,93
known,CHEMBL636,MONDO:0005027,3,53,56
known,CHEMBL636,MONDO:0005180,1,40,41
known,CHEMBL637,MONDO:0002009,20,183,203
known,CHEMBL637,MONDO:0004985,20,170,190
known,CHEMBL637,MONDO:0005027,17,138,155
known,CHEMBL637,MONDO:0005618,32,210,242
known,CHEMBL641,MONDO:0004985,23,179,202
known,CHEMBL641,MONDO:0005027,20,165,185
known,CHEMBL641,MONDO:0005098,4,86,90
known,CHEMBL641,MONDO:0007743,4,48,52
known,CHEMBL642,MONDO:0005618,30,175,205
known,CHEMBL6437,MONDO:0002009,25,225,250
known,CHEMBL6437,MONDO:0005618,42,266,308
known,CHEMBL644,MONDO:0004985,18,179,197
known,CHEMBL644,MONDO:0005027,12,125,137
known,CHEMBL644,MONDO:0005090,31,235,266
known,CHEMBL644,MONDO:0005098,2,100,102
known,CHEMBL644,MONDO:0005618,26,215,241
known,CHEMBL645,MONDO:0005618,36,200,236
known,CHEMBL646,MONDO:0005618,33,171,204
known,CHEMBL648,MONDO:0005027,9,117,126
known,CHEMBL650,MONDO:0005027,18,149,167
known,CHEMBL650,MONDO:0005301,1,44,45
known,CHEMBL651,MONDO:0005027,12,96,108
known,CHEMBL654,MONDO:0002009,18,245,263
known,CHEMBL654,MONDO:0005027,13,140,153
known,CHEMBL654,MONDO:0005098,2,95,97
known,CHEMBL654,MONDO:0005618,26,271,297
known,CHEMBL656,MONDO:0004975,2,106,108
known,CHEMBL656,MONDO:0005027,17,134,151
known,CHEMBL659,MONDO:0004975,7,195,202
known,CHEMBL659,MONDO:0005027,13,143,156
known,CHEMBL660,MONDO:0005027,21,175,196
known,CHEMBL660,MONDO:0005180,6,113,119
known,CHEMBL661,MONDO:0005618,40,207,247
known,CHEMBL6622,MONDO:0005098,2,101,103
known,CHEMBL666,MONDO:0005027,9,111,120
known,CHEMBL668,MONDO:0001627,1,77,78
known,CHEMBL668,MONDO:0004985,21,258,279
known,CHEMBL668,MONDO:0005027,16,166,182
known,CHEMBL668,MONDO:0005090,36,346,382
known,CHEMBL668,MONDO:0005618,30,304,334
known,CHEMBL679,MONDO:0005027,19,197,216
known,CHEMBL679,MONDO:0005180,8,140,148
known,CHEMBL689,MONDO:0005618,16,200,216
known,CHEMBL691,MONDO:0001627,1,51,52
known,CHEMBL691,MONDO:0005027,19,152,171
known,CHEMBL691,MONDO:0005098,5,125,130
known,CHEMBL691,MONDO:0005277,2,53,55
known,CHEMBL691,MONDO:0005618,43,260,303
known,CHEMBL695,MONDO:0005027,15,120,135
known,CHEMBL696,MONDO:0005618,31,227,258
known,CHEMBL697,MONDO:0005027,15,116,131
known,CHEMBL697,MONDO:0005618,30,192,222
known,CHEMBL698,MONDO:0005027,22,174,196
known,CHEMBL70,MONDO:0005027,7,83,90
known,CHEMBL70,MONDO:0005618,5,97,102
known,CHEMBL701,MONDO:0005027,0,9,9
known,CHEMBL701,MONDO:0005090,1,17,18
known,CHEMBL701,MONDO:0005098,0,9,9
known,CHEMBL708,MONDO:0004975,0,43,43
known,CHEMBL708,MONDO:0004985,15,56,71
known,CHEMBL708,MONDO:0005027,11,69,80
known,CHEMBL708,MONDO:0005090,25,66,91
known,CHEMBL71,MONDO:0004975,6,318,324
known,CHEMBL71,MONDO:0005027,22,263,285
known,CHEMBL71,MONDO:0005090,51,640,691
known,CHEMBL71,MONDO:0005180,10,151,161
known,CHEMBL714,MONDO:0005027,17,155,172
known,CHEMBL715,MONDO:0002009,28,306,334
known,CHEMBL715,MONDO:0004975,2,196,198
known,CHEMBL715,MONDO:0004985,33,354,387
known,CHEMBL715,MONDO:0005027,22,189,211
known,CHEMBL715,MONDO:0005090,51,416,467
known,CHEMBL715,MONDO:0005098,4,151,155
known,CHEMBL715,MONDO:0005618,45,395,440
known,CHEMBL716,MONDO:0004975,4,156,160
known,CHEMBL716,MONDO:0004985,28,226,254
known,CHEMBL716,MONDO:0005027,20,149,169
known,CHEMBL716,MONDO:0005090,49,287,336
known,CHEMBL717,MONDO:0001627,1,55,56
known,CHEMBL717,MONDO:0005027,20,189,209
known,CHEMBL717,MONDO:0005098,5,148,153
known,CHEMBL717,MONDO:0005277,1,53,54
known,CHEMBL717,MONDO:0005618,35,320,355
known,CHEMBL71752,MONDO:0001627,0,0,0
known,CHEMBL72,MONDO:0004985,23,368,391
known,CHEMBL72,MONDO:0005027,19,209,228
known,CHEMBL72,MONDO:0005090,41,427,468
known,CHEMBL72,MONDO:0005098,4,164,168
known,CHEMBL72,MONDO:0005618,35,426,461
known,CHEMBL72,MONDO:0007743,4,53,57
known,CHEMBL726,MONDO:0004975,4,310,314
known,CHEMBL726,MONDO:0005027,18,242,260
known,CHEMBL726,MONDO:0005090,48,615,663
known,CHEMBL726,MONDO:0005180,10,149,159
known,CHEMBL728,MONDO:0004975,3,241,244
known,CHEMBL728,MONDO:0005027,20,234,254
known,CHEMBL728,MONDO:0005090,45,557,602
known,CHEMBL728,MONDO:0005180,8,140,148
known,CHEMBL741,MONDO:0004985,37,354,391
known,CHEMBL741,MONDO:0005027,27,207,234
known,CHEMBL741,MONDO:0005618,45,431,476
known,CHEMBL7413,MONDO:0005027,0,13,13
known,CHEMBL742,MONDO:0002009,15,188,203
known,CHEMBL742,MONDO:0005098,2,101,103
known,CHEMBL742,MONDO:0005618,26,217,243
known,CHEMBL750,MONDO:0005618,32,232,264
known,CHEMBL76,MONDO:0005027,19,191,210
known,CHEMBL76370,MONDO:0005098,5,98,103
known,CHEMBL766,MONDO:0005027,9,98,107
known,CHEMBL771,MONDO:0005027,0,0,0
known,CHEMBL771,MONDO:0005618,1,0,1
known,CHEMBL772,MONDO:0005027,2,28,30
known,CHEMBL772,MONDO:0005098,0,17,17
known,CHEMBL772,MONDO:0005618,3,32,35
known,CHEMBL776,MONDO:0005027,9,115,124
known,CHEMBL779,MONDO:0005027,17,178,195
known,CHEMBL779,MONDO:0005098,2,118,120
known,CHEMBL787,MONDO:0005618,26,329,355
known,CHEMBL79,MONDO:0005027,19,194,213
known,CHEMBL79,MONDO:0005180,7,131,138
known,CHEMBL796,MONDO:0004985,4,20,24
known,CHEMBL796,MONDO:0005027,2,16,18
known,CHEMBL796,MONDO:0005098,0,10,10
known,CHEMBL796,MONDO:0005618,4,20,24
known,CHEMBL796,MONDO:0007743,1,17,18
known,CHEMBL797,MONDO:0005027,15,126,141
known,CHEMBL8,MONDO:0005027,21,167,188
known,CHEMBL80,MONDO:0005027,7,101,108
known,CHEMBL802,MONDO:0005098,2,102,104
known,CHEMBL809,MONDO:0004985,27,264,291
known,CHEMBL809,MONDO:0005027,19,186,205
known,CHEMBL809,MONDO:0005618,41,322,363
known,CHEMBL81,MONDO:0005098,4,170,174
known,CHEMBL811,MONDO:0005027,16,139,155
known,CHEMBL814,MONDO:0004985,1,30,31
known,CHEMBL814,MONDO:0005027,1,27,28
known,CHEMBL814,MONDO:0005618,5,44,49
known,CHEMBL815,MONDO:0005027,9,112,121
known,CHEMBL815,MONDO:0005618,15,186,201
known,CHEMBL820,MONDO:0005027,16,150,166
known,CHEMBL827,MONDO:0004985,3,14,17
known,CHEMBL827,MONDO:0005027,1,10,11
known,CHEMBL827,MONDO:0005098,0,4,4
known,CHEMBL827,MONDO:0007743,1,12,13
known,CHEMBL829,MONDO:0004975,3,126,129
known,CHEMBL829,MONDO:0005027,9,107,116
known,CHEMBL829,MONDO:0005180,3,79,82
known,CHEMBL83,MONDO:0005098,4,167,171
known,CHEMBL83063,MONDO:0005277,2,51,53
known,CHEMBL831,MONDO:0004975,3,144,147
known,CHEMBL831,MONDO:0004985,28,199,227
known,CHEMBL831,MONDO:0005027,19,149,168
known,CHEMBL831,MONDO:0005090,46,270,316
known,CHEMBL842,MONDO:0005027,17,178,195
known,CHEMBL842,MONDO:0005098,3,157,160
known,CHEMBL842,MONDO:0005180,4,109,113
known,CHEMBL842,MONDO:0005618,32,339,371
known,CHEMBL844,MONDO:0005618,32,411,443
known,CHEMBL849,MONDO:0005027,15,175,190
known,CHEMBL85,MONDO:0004975,5,176,181
known,CHEMBL85,MONDO:0004985,29,247,276
known,CHEMBL85,MONDO:0005027,23,177,200
known,CHEMBL85,MONDO:0005090,50,342,392
known,CHEMBL85,MONDO:0005098,5,129,134
known,CHEMBL85,MONDO:0005180,6,115,121
known,CHEMBL855,MONDO:0005027,15,123,138
known,CHEMBL856,MONDO:0004985,31,206,237
known,CHEMBL856,MONDO:0005027,22,153,175
known,CHEMBL856,MONDO:0005618,38,265,303
known,CHEMBL858,MONDO:0005027,16,148,164
known,CHEMBL86,MONDO:0005027,19,145,164
known,CHEMBL86,MONDO:0005180,6,106,112
known,CHEMBL86,MONDO:0005618,39,234,273
known,CHEMBL861,MONDO:0005027,15,123,138
known,CHEMBL862,MONDO:0005618,34,387,421
known,CHEMBL862,MONDO:0007743,4,46,50
known,CHEMBL86304,MONDO:0005618,34,241,275
known,CHEMBL864,MONDO:0005027,15,120,135
known,CHEMBL86715,MONDO:0005180,4,89,93
known,CHEMBL877,MONDO:0005098,4,88,92
known,CHEMBL877,MONDO:0005277,2,51,53
known,CHEMBL877,MONDO:0005618,30,199,229
known,CHEMBL87708,MONDO:0005618,28,214,242
known,CHEMBL885,MONDO:0005027,17,136,153
known,CHEMBL885,MONDO:0005618,30,210,240
known,CHEMBL887,MONDO:0004985,23,185,208
known,CHEMBL887,MONDO:0005027,17,124,141
known,CHEMBL887,MONDO:0005180,6,94,100
known,CHEMBL894,MONDO:0002009,25,195,220
known,CHEMBL894,MONDO:0004985,27,195,222
known,CHEMBL894,MONDO:0005027,19,140,159
known,CHEMBL894,MONDO:0005618,39,230,269
known,CHEMBL894,MONDO:0007743,7,50,57
known,CHEMBL895,MONDO:0005027,3,23,26
known,CHEMBL896,MONDO:0005027,18,138,156
known,CHEMBL9,MONDO:0005027,16,144,160
known,CHEMBL9,MONDO:0005618,34,258,292
known,CHEMBL900,MONDO:0004975,4,144,148
known,CHEMBL900,MONDO:0005027,9,127,136
known,CHEMBL900,MONDO:0005180,6,100,106
known,CHEMBL900,MONDO:0005618,22,230,252
known,CHEMBL905,MONDO:0005098,3,79,82
known,CHEMBL905,MONDO:0005277,2,51,53
known,CHEMBL908,MONDO:0004975,4,157,161
known,CHEMBL908,MONDO:0005027,16,163,179
known,CHEMBL908,MONDO:0005090,44,280,324
known,CHEMBL908,MONDO:0005180,5,110,115
known,CHEMBL911,MONDO:0005618,43,238,281
known,CHEMBL911,MONDO:0007743,7,49,56
known,CHEMBL91238,MONDO:0005618,0,0,0
known,CHEMBL916,MONDO:0005098,4,91,95
known,CHEMBL918,MONDO:0005027,16,124,140
known,CHEMBL92401,MONDO:0005618,30,300,330
known,CHEMBL93,MONDO:0005618,33,248,281
known,CHEMBL93047,MONDO:0005027,0,0,0
known,CHEMBL932,MONDO:0004975,3,207,210
known,CHEMBL94,MONDO:0005027,18,171,189
known,CHEMBL94,MONDO:0005180,6,114,120
known,CHEMBL940,MONDO:0005618,40,369,409
known,CHEMBL942,MONDO:0005027,11,134,145
known,CHEMBL95,MONDO:0004975,8,268,276
known,CHEMBL95,MONDO:0005027,15,192,207
known,CHEMBL95,MONDO:0005180,9,125,134
known,CHEMBL953,MONDO:0005027,1,76,77
known,CHEMBL953,MONDO:0005180,1,65,66
known,CHEMBL953,MONDO:0005618,5,165,170
known,CHEMBL959,MONDO:0005027,15,116,131
known,CHEMBL963,MONDO:0005027,3,36,39
known,CHEMBL964,MONDO:0005027,14,242,256
known,CHEMBL967,MONDO:0005618,5,27,32
known,CHEMBL968,MONDO:0005618,35,188,223
known,CHEMBL969,MONDO:0005618,4,24,28
known,CHEMBL972,MONDO:0002009,22,179,201
known,CHEMBL972,MONDO:0004985,23,182,205
known,CHEMBL972,MONDO:0005180,10,113,123
known,CHEMBL972,MONDO:0005618,33,218,251
known,CHEMBL973,MONDO:0005301,1,40,41
known,CHEMBL976,MONDO:0005027,16,190,206
known,CHEMBL978,MONDO:0005027,9,107,116
known,CHEMBL979,MONDO:0001627,1,39,40
known,CHEMBL979,MONDO:0004975,1,107,108
known,CHEMBL979,MONDO:0005027,20,117,137
known,CHEMBL979,MONDO:0005098,2,71,73
known,CHEMBL979,MONDO:0005277,2,53,55
known,CHEMBL980,MONDO:0005027,19,171,190
known,CHEMBL980,MONDO:0005618,40,266,306
known,CHEMBL99946,MONDO:0002009,5,36,41
known,CHEMBL99946,MONDO:0005618,6,38,44
random,CHEMBL100116,MONDO:0001627,0,16,16
random,CHEMBL100116,MONDO:0002009,1,29,30
random,CHEMBL100116,MONDO:0004985,0,25,25
random,CHEMBL100116,MONDO:0005090,3,30,33
random,CHEMBL100116,MONDO:0005098,0,20,20
random,CHEMBL100116,MONDO:0005180,1,23,24
random,CHEMBL100116,MONDO:0005277,0,10,10
random,CHEMBL100116,MONDO:0005301,0,19,19
random,CHEMBL100116,MONDO:0005618,3,30,33
random,CHEMBL100116,MONDO:0007743,0,13,13
random,CHEMBL1002,MONDO:0001627,0,57,57
random,CHEMBL1002,MONDO:0002009,2,168,170
random,CHEMBL1002,MONDO:0004975,1,106,107
random,CHEMBL1002,MONDO:0004985,2,146,148
random,CHEMBL1002,MONDO:0005090,3,167,170
random,CHEMBL1002,MONDO:0005098,0,111,111
random,CHEMBL1002,MONDO:0005180,1,70,71
random,CHEMBL1002,MONDO:0005277,0,20,20
random,CHEMBL1002,MONDO:0005301,0,53,53
random,CHEMBL1002,MONDO:0005618,3,178,181
random,CHEMBL1002,MONDO:0007743,0,27,27
random,CHEMBL1006,MONDO:0001627,1,41,42
random,CHEMBL1006,MONDO:0002009,18,180,198
random,CHEMBL1006,MONDO:0004975,1,101,102
random,CHEMBL1006,MONDO:0004985,21,176,197
random,CHEMBL1006,MONDO:0005027,16,126,142
random,CHEMBL1006,MONDO:0005090,29,235,264
random,CHEMBL1006,MONDO:0005180,4,89,93
random,CHEMBL1006,MONDO:0005277,2,51,53
random,CHEMBL1006,MONDO:0005301,1,41,42
random,CHEMBL1006,MONDO:0005618,30,239,269
random,CHEMBL1006,MONDO:0007743,4,51,55
random,CHEMBL1009,MONDO:0001627,2,100,102
random,CHEMBL1009,MONDO:0002009,28,355,383
random,CHEMBL1009,MONDO:0004975,5,232,237
random,CHEMBL1009,MONDO:0004985,31,362,393
random,CHEMBL1009,MONDO:0005090,40,470,510
random,CHEMBL1009,MONDO:0005098,6,198,204
random,CHEMBL1009,MONDO:0005277,2,51,53
random,CHEMBL1009,MONDO:0005301,2,69,71
random,CHEMBL1009,MONDO:0007743,6,51,57
random,CHEMBL1017,MONDO:0001627,1,79,80
random,CHEMBL1017,MONDO:0002009,28,346,374
random,CHEMBL1017,MONDO:0004975,6,239,245
random,CHEMBL1017,MONDO:0004985,29,395,424
random,CHEMBL1017,MONDO:0005027,19,208,227
random,CHEMBL1017,MONDO:0005090,51,495,546
random,CHEMBL1017,MONDO:0005180,6,147,153
random,CHEMBL1017,MONDO:0005277,2,53,55
random,CHEMBL1017,MONDO:0005301,2,64,66
random,CHEMBL1017,MONDO:0005618,46,454,500
random,CHEMBL1017,MONDO:0007743,6,51,57
random,CHEMBL1027,MONDO:0001627,1,47,48
random,CHEMBL1027,MONDO:0002009,7,168,175
random,CHEMBL1027,MONDO:0004975,3,131,134
random,CHEMBL1027,MONDO:0004985,11,167,178
random,CHEMBL1027,MONDO:0005027,10,113,123
random,CHEMBL1027,MONDO:0005090,23,210,233
random,CHEMBL1027,MONDO:0005098,2,100,102
random,CHEMBL1027,MONDO:0005180,3,89,92
random,CHEMBL1027,MONDO:0005277,1,51,52
random,CHEMBL1027,MONDO:0005301,0,41,41
random,CHEMBL1027,MONDO:0007743,1,38,39
random,CHEMBL103,MONDO:0002009,26,338,364
random,CHEMBL103,MONDO:0004975,6,241,247
random,CHEMBL103,MONDO:0004985,26,398,424
random,CHEMBL103,MONDO:0005090,44,483,527
random,CHEMBL103,MONDO:0005180,8,150,158
random,CHEMBL103,MONDO:0005301,2,67,69
random,CHEMBL103,MONDO:0007743,4,53,57
random,CHEMBL1044,MONDO:0001627,0,29,29
random,CHEMBL1044,MONDO:0002009,1,87,88
random,CHEMBL1044,MONDO:0004975,0,67,67
random,CHEMBL1044,MONDO:0004985,1,118,119
random,CHEMBL1044,MONDO:0005090,2,142,144
random,CHEMBL1044,MONDO:0005098,0,58,58
random,CHEMBL1044,MONDO:0005180,1,54,55
random,CHEMBL1044,MONDO:0005277,0,21,21
random,CHEMBL1044,MONDO:0005301,0,34,34
random,CHEMBL1044,MONDO:0005618,2,120,122
random,CHEMBL1044,MONDO:0007743,0,17,17
random,CHEMBL1054,MONDO:0001627,1,47,48
random,CHEMBL1054,MONDO:0002009,7,167,174
random,CHEMBL1054,MONDO:0004975,3,126,129
random,CHEMBL1054,MONDO:0004985,12,168,180
random,CHEMBL1054,MONDO:0005090,18,196,214
random,CHEMBL1054,MONDO:0005098,2,95,97
random,CHEMBL1054,MONDO:0005180,3,81,84
random,CHEMBL1054,MONDO:0005277,1,51,52
random,CHEMBL1054,MONDO:0005301,0,45,45
random,CHEMBL1054,MONDO:0007743,1,38,39
random,CHEMBL1055,MONDO:0001627,2,48,50
random,CHEMBL1055,MONDO:0002009,17,195,212
random,CHEMBL1055,MONDO:0004975,2,115,117
random,CHEMBL1055,MONDO:0004985,19,195,214
random,CHEMBL1055,MONDO:0005090,28,230,258
random,CHEMBL1055,MONDO:0005098,3,102,105
random,CHEMBL1055,MONDO:0005180,4,94,98
random,CHEMBL1055,MONDO:0005277,2,61,63
random,CHEMBL1055,MONDO:0005301,1,50,51
random,CHEMBL1055,MONDO:0007743,3,46,49
random,CHEMBL1059,MONDO:0001627,0,3,3
random,CHEMBL1059,MONDO:0002009,0,7,7
random,CHEMBL1059,MONDO:0004975,0,7,7
random,CHEMBL1059,MONDO:0004985,1,8,9
random,CHEMBL1059,MONDO:0005027,1,7,8
random,CHEMBL1059,MONDO:0005090,1,12,13
random,CHEMBL1059,MONDO:0005098,0,6,6
random,CHEMBL1059,MONDO:0005180,0,4,4
random,CHEMBL1059,MONDO:0005277,0,2,2
random,CHEMBL1059,MONDO:0005301,0,2,2
random,CHEMBL1059,MONDO:0007743,0,3,3
random,CHEMBL1064,MONDO:0001627,1,56,57
random,CHEMBL1064,MONDO:0002009,26,262,288
random,CHEMBL1064,MONDO:0004975,5,177,182
random,CHEMBL1064,MONDO:0004985,28,280,308
random,CHEMBL1064,MONDO:0005027,19,173,192
random,CHEMBL1064,MONDO:0005090,48,381,429
random,CHEMBL1064,MONDO:0005180,7,127,134
random,CHEMBL1064,MONDO:0005277,2,61,63
random,CHEMBL1064,MONDO:0005301,2,59,61
random,CHEMBL1064,MONDO:0005618,44,345,389
random,CHEMBL1064,MONDO:0007743,6,50,56
random,CHEMBL1068,MONDO:0001627,1,38,39
random,CHEMBL1068,MONDO:0002009,3,139,142
random,CHEMBL1068,MONDO:0004975,1,89,90
random,CHEMBL1068,MONDO:0004985,4,130,134
random,CHEMBL1068,MONDO:0005027,8,107,115
random,CHEMBL1068,MONDO:0005090,5,190,195
random,CHEMBL1068,MONDO:0005098,1,92,93
random,CHEMBL1068,MONDO:0005180,2,70,72
random,CHEMBL1068,MONDO:0005277,0,23,23
random,CHEMBL1068,MONDO:0005301,1,36,37
random,CHEMBL1068,MONDO:0007743,0,18,18
random,CHEMBL1076903,MONDO:0001627,1,41,42
random,CHEMBL1076903,MONDO:0002009,17,217,234
random,CHEMBL1076903,MONDO:0004975,5,124,129
random,CHEMBL1076903,MONDO:0005027,17,141,158
random,CHEMBL1076903,MONDO:0005098,3,72,75
random,CHEMBL1076903,MONDO:0005180,4,98,102
random,CHEMBL1076903,MONDO:0005277,2,51,53
random,CHEMBL1076903,MONDO:0005301,1,46,47
random,CHEMBL1076903,MONDO:0007743,5,46,51
random,CHEMBL108,MONDO:0001627,1,74,75
random,CHEMBL108,MONDO:0002009,6,264,270
random,CHEMBL108,MONDO:0004975,2,177,179
random,CHEMBL108,MONDO:0005090,12,398,410
random,CHEMBL108,MONDO:0005098,0,135,135
random,CHEMBL108,MONDO:0005180,2,111,113
random,CHEMBL108,MONDO:0005277,0,36,36
random,CHEMBL108,MONDO:0005301,0,66,66
random,CHEMBL1085,MONDO:0001627,1,38,39
random,CHEMBL1085,MONDO:0002009,15,168,183
random,CHEMBL1085,MONDO:0004985,19,178,197
random,CHEMBL1085,MONDO:0005090,28,198,226
random,CHEMBL1085,MONDO:0005098,3,86,89
random,CHEMBL1085,MONDO:0005277,2,51,53
random,CHEMBL1085,MONDO:0005301,1,39,40
random,CHEMBL1085,MONDO:0005618,26,202,228
random,CHEMBL1085,MONDO:0007743,4,46,50
random,CHEMBL108545,MONDO:0001627,0,15,15
random,CHEMBL108545,MONDO:0002009,0,50,50
random,CHEMBL108545,MONDO:0004975,0,28,28
random,CHEMBL108545,MONDO:0004985,1,47,48
random,CHEMBL108545,MONDO:0005090,0,49,49
random,CHEMBL108545,MONDO:0005098,0,34,34
random,CHEMBL108545,MONDO:0005180,0,24,24
random,CHEMBL108545,MONDO:0005277,0,20,20
random,CHEMBL108545,MONDO:0005301,1,23,24
random,CHEMBL108545,MONDO:0005618,1,54,55
random,CHEMBL108545,MONDO:0007743,0,12,12
random,CHEMBL1086,MONDO:0001627,1,51,52
random,CHEMBL1086,MONDO:0002009,19,279,298
random,CHEMBL1086,MONDO:0004975,4,237,241
random,CHEMBL1086,MONDO:0004985,22,290,312
random,CHEMBL1086,MONDO:0005090,33,365,398
random,CHEMBL1086,MONDO:0005098,2,113,115
random,CHEMBL1086,MONDO:0005180,6,109,115
random,CHEMBL1086,MONDO:0005277,2,63,65
random,CHEMBL1086,MONDO:0005301,2,62,64
random,CHEMBL1086,MONDO:0005618,32,333,365
random,CHEMBL1086,MONDO:0007743,4,48,52
random,CHEMBL10878,MONDO:0001627,1,40,41
random,CHEMBL10878,MONDO:0004975,1,108,109
random,CHEMBL10878,MONDO:0004985,24,177,201
random,CHEMBL10878,MONDO:0005027,17,126,143
random,CHEMBL10878,MONDO:0005090,35,211,246
random,CHEMBL10878,MONDO:0005098,3,87,90
random,CHEMBL10878,MONDO:0005180,4,92,96
random,CHEMBL10878,MONDO:0005277,2,51,53
random,CHEMBL10878,MONDO:0005301,1,42,43
random,CHEMBL10878,MONDO:0007743,6,49,55
random,CHEMBL1088,MONDO:0001627,2,54,56
random,CHEMBL1088,MONDO:0002009,10,157,167
random,CHEMBL1088,MONDO:0004975,5,138,143
random,CHEMBL1088,MONDO:0004985,13,162,175
random,CHEMBL1088,MONDO:0005098,2,87,89
random,CHEMBL1088,MONDO:0005180,6,98,104
random,CHEMBL1088,MONDO:0005277,2,51,53
random,CHEMBL1088,MONDO:0005301,0,45,45
random,CHEMBL1088,MONDO:0005618,19,191,210
random,CHEMBL1088,MONDO:0007743,2,37,39
random,CHEMBL1089,MONDO:0001627,1,77,78
random,CHEMBL1089,MONDO:0002009,11,264,275
random,CHEMBL1089,MONDO:0004975,5,198,203
random,CHEMBL1089,MONDO:0005098,2,156,158
random,CHEMBL1089,MONDO:0005180,7,112,119
random,CHEMBL1089,MONDO:0005277,1,51,52
random,CHEMBL1089,MONDO:0005301,0,72,72
random,CHEMBL1089,MONDO:0007743,1,42,43
random,CHEMBL1089318,MONDO:0001627,0,12,12
random,CHEMBL1089318,MONDO:0002009,2,60,62
random,CHEMBL1089318,MONDO:0004975,0,32,32
random,CHEMBL1089318,MONDO:0004985,1,49,50
random,CHEMBL1089318,MONDO:0005027,0,26,26
random,CHEMBL1089318,MONDO:0005090,1,59,60
random,CHEMBL1089318,MONDO:0005098,0,38,38
random,CHEMBL1089318,MONDO:0005277,0,10,10
random,CHEMBL1089318,MONDO:0005301,0,20,20
random,CHEMBL1089318,MONDO:0005618,3,64,67
random,CHEMBL1089318,MONDO:0007743,1,17,18
random,CHEMBL109,MONDO:0001627,1,59,60
random,CHEMBL109,MONDO:0002009,27,298,325
random,CHEMBL109,MONDO:0004975,6,221,227
random,CHEMBL109,MONDO:0005090,53,433,486
random,CHEMBL109,MONDO:0005098,6,143,149
random,CHEMBL109,MONDO:0005180,5,136,141
random,CHEMBL109,MONDO:0005277,2,53,55
random,CHEMBL109,MONDO:0005301,1,58,59
random,CHEMBL109,MONDO:0007743,6,50,56
random,CHEMBL1091,MONDO:0001627,1,51,52
random,CHEMBL1091,MONDO:0002009,9,209,218
random,CHEMBL1091,MONDO:0004975,3,151,154
random,CHEMBL1091,MONDO:0004985,12,208,220
random,CHEMBL1091,MONDO:0005090,22,257,279
random,CHEMBL1091,MONDO:0005098,2,110,112
random,CHEMBL1091,MONDO:0005180,4,107,111
random,CHEMBL1091,MONDO:0005277,1,51,52
random,CHEMBL1091,MONDO:0005618,18,247,265
random,CHEMBL1091,MONDO:0007743,1,42,43
random,CHEMBL1093,MONDO:0001627,1,51,52
random,CHEMBL1093,MONDO:0002009,8,165,173
random,CHEMBL1093,MONDO:0004975,3,128,131
random,CHEMBL1093,MONDO:0004985,12,170,182
random,CHEMBL1093,MONDO:0005027,9,106,115
random,CHEMBL1093,MONDO:0005090,20,201,221
random,CHEMBL1093,MONDO:0005098,2,92,94
random,CHEMBL1093,MONDO:0005277,1,51,52
random,CHEMBL1093,MONDO:0005301,0,41,41
random,CHEMBL1093,MONDO:0005618,17,187,204
random,CHEMBL1093,MONDO:0007743,1,37,38
random,CHEMBL1094,MONDO:0001627,1,43,44
random,CHEMBL1094,MONDO:0002009,21,223,244
random,CHEMBL1094,MONDO:0004975,2,134,136
random,CHEMBL1094,MONDO:0004985,22,227,249
random,CHEMBL1094,MONDO:0005090,36,277,313
random,CHEMBL1094,MONDO:0005098,2,110,112
random,CHEMBL1094,MONDO:0005180,6,109,115
random,CHEMBL1094,MONDO:0005277,2,51,53
random,CHEMBL1094,MONDO:0005301,1,51,52
random,CHEMBL1094,MONDO:0007743,4,53,57
random,CHEMBL1094982,MONDO:0001627,0,12,12
random,CHEMBL1094982,MONDO:0002009,0,36,36
random,CHEMBL1094982,MONDO:0004975,0,18,18
random,CHEMBL1094982,MONDO:0004985,1,32,33
random,CHEMBL1094982,MONDO:0005027,0,16,16
random,CHEMBL1094982,MONDO:0005090,2,36,38
random,CHEMBL1094982,MONDO:0005180,0,16,16
random,CHEMBL1094982,MONDO:0005277,0,14,14
random,CHEMBL1094982,MONDO:0005301,0,14,14
random,CHEMBL1094982,MONDO:0005618,1,40,41
random,CHEMBL1094982,MONDO:0007743,0,7,7
random,CHEMBL1095,MONDO:0001627,1,42,43
random,CHEMBL1095,MONDO:0002009,17,182,199
random,CHEMBL1095,MONDO:0004975,2,119,121
random,CHEMBL1095,MONDO:0004985,20,190,210
random,CHEMBL1095,MONDO:0005027,15,131,146
random,CHEMBL1095,MONDO:0005090,29,211,240
random,CHEMBL1095,MONDO:0005098,3,90,93
random,CHEMBL1095,MONDO:0005180,4,88,92
random,CHEMBL1095,MONDO:0005277,2,51,53
random,CHEMBL1095,MONDO:0005301,1,42,43
random,CHEMBL1095,MONDO:0007743,4,46,50
random,CHEMBL1095777,MONDO:0001627,1,42,43
random,CHEMBL1095777,MONDO:0002009,15,129,144
random,CHEMBL1095777,MONDO:0004975,0,69,69
random,CHEMBL1095777,MONDO:0004985,19,112,131
random,CHEMBL1095777,MONDO:0005090,27,131,158
random,CHEMBL1095777,MONDO:0005098,1,83,84
random,CHEMBL1095777,MONDO:0005180,4,69,73
random,CHEMBL1095777,MONDO:0005277,1,23,24
random,CHEMBL1095777,MONDO:0005301,0,37,37
random,CHEMBL1095777,MONDO:0005618,24,144,168
random,CHEMBL1095777,MONDO:0007743,4,40,44
random,CHEMBL1098,MONDO:0001627,1,39,40
random,CHEMBL1098,MONDO:0002009,17,142,159
random,CHEMBL1098,MONDO:0004975,1,83,84
random,CHEMBL1098,MONDO:0004985,16,134,150
random,CHEMBL1098,MONDO:0005090,28,165,193
random,CHEMBL1098,MONDO:0005098,4,63,67
random,CHEMBL1098,MONDO:0005277,1,35,36
random,CHEMBL1098,MONDO:0005301,1,38,39
random,CHEMBL1098,MONDO:0005618,27,158,185
random,CHEMBL1098,MONDO:0007743,4,45,49
random,CHEMBL11,MONDO:0001627,3,59,62
random,CHEMBL11,MONDO:0002009,29,253,282
random,CHEMBL11,MONDO:0004975,4,158,162
random,CHEMBL11,MONDO:0005180,9,118,127
random,CHEMBL11,MONDO:0005277,2,51,53
random,CHEMBL11,MONDO:0005301,1,49,50
random,CHEMBL1100,MONDO:0001627,0,5,5
random,CHEMBL1100,MONDO:0002009,1,25,26
random,CHEMBL1100,MONDO:0004975,0,20,20
random,CHEMBL1100,MONDO:0004985,0,18,18
random,CHEMBL1100,MONDO:0005090,2,28,30
random,CHEMBL1100,MONDO:0005098,0,13,13
random,CHEMBL1100,MONDO:0005180,1,19,20
random,CHEMBL1100,MONDO:0005277,0,1,1
random,CHEMBL1100,MONDO:0005301,0,5,5
random,CHEMBL1100,MONDO:0005618,1,25,26
random,CHEMBL1100,MONDO:0007743,0,3,3
random,CHEMBL1101,MONDO:0001627,1,44,45
random,CHEMBL1101,MONDO:0002009,21,239,260
random,CHEMBL1101,MONDO:0004975,3,135,138
random,CHEMBL1101,MONDO:0004985,20,189,209
random,CHEMBL1101,MONDO:0005027,15,148,163
random,CHEMBL1101,MONDO:0005090,33,249,282
random,CHEMBL1101,MONDO:0005098,3,83,86
random,CHEMBL1101,MONDO:0005277,2,51,53
random,CHEMBL1101,MONDO:0005301,1,44,45
random,CHEMBL1101,MONDO:0005618,32,274,306
random,CHEMBL1101,MONDO:0007743,4,51,55
random,CHEMBL1108,MONDO:0001627,2,80,82
random,CHEMBL1108,MONDO:0002009,14,291,305
random,CHEMBL1108,MONDO:0004975,5,206,211
random,CHEMBL1108,MONDO:0004985,18,336,354
random,CHEMBL1108,MONDO:0005027,11,170,181
random,CHEMBL1108,MONDO:0005090,31,387,418
random,CHEMBL1108,MONDO:0005098,2,144,146
random,CHEMBL1108,MONDO:0005180,7,121,128
random,CHEMBL1108,MONDO:0005277,2,53,55
random,CHEMBL1108,MONDO:0005301,0,57,57
random,CHEMBL1108,MONDO:0007743,2,39,41
random,CHEMBL1112,MONDO:0001627,2,59,61
random,CHEMBL1112,MONDO:0002009,28,323,351
random,CHEMBL1112,MONDO:0005098,5,143,148
random,CHEMBL1112,MONDO:0005180,7,129,136
random,CHEMBL1112,MONDO:0005277,2,51,53
random,CHEMBL1112,MONDO:0005301,1,54,55
random,CHEMBL1112,MONDO:0005618,50,389,439
random,CHEMBL1112,MONDO:0007743,7,48,55
random,CHEMBL1113,MONDO:0001627,1,82,83
random,CHEMBL1113,MONDO:0002009,26,330,356
random,CHEMBL1113,MONDO:0004975,2,212,214
random,CHEMBL1113,MONDO:0005098,3,164,167
random,CHEMBL1113,MONDO:0005180,6,130,136
random,CHEMBL1113,MONDO:0005277,2,54,56
random,CHEMBL1113,MONDO:0005301,2,79,81
random,CHEMBL1113,MONDO:0007743,7,49,56
random,CHEMBL1118,MONDO:0001627,1,49,50
random,CHEMBL1118,MONDO:0004975,4,140,144
random,CHEMBL1118,MONDO:0005090,20,210,230
random,CHEMBL1118,MONDO:0005098,2,100,102
random,CHEMBL1118,MONDO:0005180,4,91,95
random,CHEMBL1118,MONDO:0005277,1,51,52
random,CHEMBL1118,MONDO:0005301,0,42,42
random,CHEMBL1118,MONDO:0007743,1,38,39
random,CHEMBL112,MONDO:0001627,2,57,59
random,CHEMBL112,MONDO:0002009,22,252,274
random,CHEMBL112,MONDO:0004975,7,184,191
random,CHEMBL112,MONDO:0004985,22,257,279
random,CHEMBL112,MONDO:0005027,19,170,189
random,CHEMBL112,MONDO:0005090,44,343,387
random,CHEMBL112,MONDO:0005098,5,135,140
random,CHEMBL112,MONDO:0005180,11,131,142
random,CHEMBL112,MONDO:0005301,1,57,58
random,CHEMBL112,MONDO:0005618,36,315,351
random,CHEMBL112,MONDO:0007743,4,49,53
random,CHEMBL1120,MONDO:0001627,0,20,20
random,CHEMBL1120,MONDO:0002009,1,73,74
random,CHEMBL1120,MONDO:0004975,1,35,36
random,CHEMBL1120,MONDO:0004985,0,59,59
random,CHEMBL1120,MONDO:0005090,1,73,74
random,CHEMBL1120,MONDO:0005098,1,58,59
random,CHEMBL1120,MONDO:0005180,0,28,28
random,CHEMBL1120,MONDO:0005277,0,13,13
random,CHEMBL1120,MONDO:0005301,0,19,19
random,CHEMBL1120,MONDO:0005618,2,87,89
random,CHEMBL1120,MONDO:0007743,0,10,10
random,CHEMBL1123,MONDO:0001627,1,42,43
random,CHEMBL1123,MONDO:0002009,17,195,212
random,CHEMBL1123,MONDO:0004975,3,118,121
random,CHEMBL1123,MONDO:0004985,19,192,211
random,CHEMBL1123,MONDO:0005027,15,127,142
random,CHEMBL1123,MONDO:0005090,36,237,273
random,CHEMBL1123,MONDO:0005098,3,93,96
random,CHEMBL1123,MONDO:0005180,6,106,112
random,CHEMBL1123,MONDO:0005277,2,51,53
random,CHEMBL1123,MONDO:0005301,1,42,43
random,CHEMBL1123,MONDO:0007743,4,51,55
random,CHEMBL11298,MONDO:0001627,0,0,0
random,CHEMBL11298,MONDO:0002009,0,0,0
random,CHEMBL11298,MONDO:0004975,0,0,0
random,CHEMBL11298,MONDO:0004985,1,0,1
random,CHEMBL11298,MONDO:0005090,2,0,2
random,CHEMBL11298,MONDO:0005098,0,0,0
random,CHEMBL11298,MONDO:0005180,0,0,0
random,CHEMBL11298,MONDO:0005277,0,0,0
random,CHEMBL11298,MONDO:0005301,0,0,0
random,CHEMBL11298,MONDO:0007743,0,0,0
random,CHEMBL113,MONDO:0001627,0,32,32
random,CHEMBL113,MONDO:0002009,4,162,166
random,CHEMBL113,MONDO:0004985,5,164,169
random,CHEMBL113,MONDO:0005090,13,272,285
random,CHEMBL113,MONDO:0005098,1,68,69
random,CHEMBL113,MONDO:0005180,2,72,74
random,CHEMBL113,MONDO:0005301,0,38,38
random,CHEMBL113,MONDO:0007743,0,19,19
random,CHEMBL1131,MONDO:0001627,2,49,51
random,CHEMBL1131,MONDO:0002009,18,229,247
random,CHEMBL1131,MONDO:0004975,2,132,134
random,CHEMBL1131,MONDO:0004985,21,239,260
random,CHEMBL1131,MONDO:0005027,16,172,188
random,CHEMBL1131,MONDO:0005090,32,309,341
random,CHEMBL1131,MONDO:0005098,3,111,114
random,CHEMBL1131,MONDO:0005180,5,117,122
random,CHEMBL1131,MONDO:0005277,2,53,55
random,CHEMBL1131,MONDO:0005301,2,48,50
random,CHEMBL1131,MONDO:0007743,4,46,50
random,CHEMBL1141,MONDO:0001627,0,5,5
random,CHEMBL1141,MONDO:0002009,0,13,13
random,CHEMBL1141,MONDO:0004975,0,11,11
random,CHEMBL1141,MONDO:0004985,0,11,11
random,CHEMBL1141,MONDO:0005090,0,12,12
random,CHEMBL1141,MONDO:0005098,0,9,9
random,CHEMBL1141,MONDO:0005180,0,9,9
random,CHEMBL1141,MONDO:0005277,0,5,5
random,CHEMBL1141,MONDO:0005301,0,10,10
random,CHEMBL1141,MONDO:0007743,0,2,2
random,CHEMBL1144,MONDO:0001627,0,24,24
random,CHEMBL1144,MONDO:0002009,1,78,79
random,CHEMBL1144,MONDO:0004985,0,79,79
random,CHEMBL1144,MONDO:0005027,2,60,62
random,CHEMBL1144,MONDO:0005090,2,101,103
random,CHEMBL1144,MONDO:0005180,1,51,52
random,CHEMBL1144,MONDO:0005277,0,19,19
random,CHEMBL1144,MONDO:0005301,0,29,29
random,CHEMBL1144,MONDO:0005618,2,107,109
random,CHEMBL1144,MONDO:0007743,0,16,16
random,CHEMBL1149,MONDO:0001627,1,47,48
random,CHEMBL1149,MONDO:0002009,9,159,168
random,CHEMBL1149,MONDO:0004975,4,136,140
random,CHEMBL1149,MONDO:0004985,14,177,191
random,CHEMBL1149,MONDO:0005090,19,195,214
random,CHEMBL1149,MONDO:0005098,2,94,96
random,CHEMBL1149,MONDO:0005180,3,84,87
random,CHEMBL1149,MONDO:0005277,1,51,52
random,CHEMBL1149,MONDO:0005301,0,42,42
random,CHEMBL1149,MONDO:0005618,17,186,203
random,CHEMBL1149,MONDO:0007743,1,38,39
random,CHEMBL1161,MONDO:0001627,1,50,51
random,CHEMBL1161,MONDO:0002009,9,218,227
random,CHEMBL1161,MONDO:0004975,3,155,158
random,CHEMBL1161,MONDO:0004985,12,206,218
random,CHEMBL1161,MONDO:0005090,24,258,282
random,CHEMBL1161,MONDO:0005098,2,117,119
random,CHEMBL1161,MONDO:0005180,4,99,103
random,CHEMBL1161,MONDO:0005277,1,51,52
random,CHEMBL1161,MONDO:0005301,0,49,49
random,CHEMBL1161,MONDO:0005618,18,246,264
random,CHEMBL1161,MONDO:0007743,1,40,41
random,CHEMBL1162,MONDO:0002009,20,200,220
random,CHEMBL1162,MONDO:0004975,1,117,118
random,CHEMBL1162,MONDO:0004985,21,191,212
random,CHEMBL1162,MONDO:0005090,33,227,260
random,CHEMBL1162,MONDO:0005180,5,96,101
random,CHEMBL1162,MONDO:0005301,1,43,44
random,CHEMBL1162,MONDO:0007743,4,48,52
random,CHEMBL1164729,MONDO:0001627,1,49,50
random,CHEMBL1164729,MONDO:0002009,8,183,191
random,CHEMBL1164729,MONDO:0004975,3,134,137
random,CHEMBL1164729,MONDO:0004985,12,180,192
random,CHEMBL1164729,MONDO:0005027,10,125,135
random,CHEMBL1164729,MONDO:0005090,19,211,230
random,CHEMBL1164729,MONDO:0005180,3,89,92
random,CHEMBL1164729,MONDO:0005277,1,51,52
random,CHEMBL1164729,MONDO:0005301,0,46,46
random,CHEMBL1164729,MONDO:0005618,17,206,223
random,CHEMBL1164729,MONDO:0007743,1,39,40
random,CHEMBL1168,MONDO:0001627,0,14,14
random,CHEMBL1168,MONDO:0002009,1,22,23
random,CHEMBL1168,MONDO:0004975,2,24,26
random,CHEMBL1168,MONDO:0004985,2,24,26
random,CHEMBL1168,MONDO:0005027,1,23,24
random,CHEMBL1168,MONDO:0005090,1,24,25
random,CHEMBL1168,MONDO:0005180,1,21,22
random,CHEMBL1168,MONDO:0005277,0,8,8
random,CHEMBL1168,MONDO:0005301,1,19,20
random,CHEMBL1168,MONDO:0005618,1,23,24
random,CHEMBL1168,MONDO:0007743,0,16,16
random,CHEMBL1175,MONDO:0001627,1,54,55
random,CHEMBL1175,MONDO:0004975,2,139,141
random,CHEMBL1175,MONDO:0005090,36,289,325
random,CHEMBL1175,MONDO:0005098,3,117,120
random,CHEMBL1175,MONDO:0005180,7,112,119
random,CHEMBL1175,MONDO:0005277,2,61,63
random,CHEMBL1175,MONDO:0005301,1,51,52
random,CHEMBL1175,MONDO:0007743,4,51,55
random,CHEMBL1177,MONDO:0001627,1,40,41
random,CHEMBL1177,MONDO:0002009,16,149,165
random,CHEMBL1177,MONDO:0004975,1,99,100
random,CHEMBL1177,MONDO:0004985,19,158,177
random,CHEMBL1177,MONDO:0005027,15,126,141
random,CHEMBL1177,MONDO:0005090,28,177,205
random,CHEMBL1177,MONDO:0005098,2,71,73
random,CHEMBL1177,MONDO:0005180,4,83,87
random,CHEMBL1177,MONDO:0005277,2,51,53
random,CHEMBL1177,MONDO:0005301,0,40,40
random,CHEMBL1177,MONDO:0005618,28,171,199
random,CHEMBL117785,MONDO:0001627,2,70,72
random,CHEMBL117785,MONDO:0002009,19,339,358
random,CHEMBL117785,MONDO:0004975,4,193,197
random,CHEMBL117785,MONDO:0004985,23,349,372
random,CHEMBL117785,MONDO:0005027,14,190,204
random,CHEMBL117785,MONDO:0005090,35,423,458
random,CHEMBL117785,MONDO:0005098,3,131,134
random,CHEMBL117785,MONDO:0005277,2,53,55
random,CHEMBL117785,MONDO:0005301,2,57,59
random,CHEMBL117785,MONDO:0007743,4,46,50
random,CHEMBL118,MONDO:0001627,1,70,71
random,CHEMBL118,MONDO:0002009,27,315,342
random,CHEMBL118,MONDO:0004975,4,219,223
random,CHEMBL118,MONDO:0004985,29,372,401
random,CHEMBL118,MONDO:0005027,18,201,219
random,CHEMBL118,MONDO:0005090,49,478,527
random,CHEMBL118,MONDO:0005180,6,142,148
random,CHEMBL118,MONDO:0005277,2,64,66
random,CHEMBL118,MONDO:0005301,1,67,68
random,CHEMBL118,MONDO:0005618,44,427,471
random,CHEMBL118,MONDO:0007743,7,50,57
random,CHEMBL1185,MONDO:0001627,1,40,41
random,CHEMBL1185,MONDO:0002009,20,187,207
random,CHEMBL1185,MONDO:0004975,2,114,116
random,CHEMBL1185,MONDO:0004985,21,178,199
random,CHEMBL1185,MONDO:0005027,20,137,157
random,CHEMBL1185,MONDO:0005090,34,213,247
random,CHEMBL1185,MONDO:0005180,5,101,106
random,CHEMBL1185,MONDO:0005301,1,40,41
random,CHEMBL1185,MONDO:0005618,33,217,250
random,CHEMBL1185,MONDO:0007743,4,51,55
random,CHEMBL1193,MONDO:0001627,1,47,48
random,CHEMBL1193,MONDO:0002009,7,143,150
random,CHEMBL1193,MONDO:0004985,12,152,164
random,CHEMBL1193,MONDO:0005090,20,180,200
random,CHEMBL1193,MONDO:0005098,2,81,83
random,CHEMBL1193,MONDO:0005180,3,79,82
random,CHEMBL1193,MONDO:0005277,1,51,52
random,CHEMBL1193,MONDO:0005301,0,43,43
random,CHEMBL1193,MONDO:0007743,1,38,39
random,CHEMBL1194,MONDO:0001627,1,43,44
random,CHEMBL1194,MONDO:0002009,18,184,202
random,CHEMBL1194,MONDO:0004975,2,109,111
random,CHEMBL1194,MONDO:0004985,20,182,202
random,CHEMBL1194,MONDO:0005090,29,221,250
random,CHEMBL1194,MONDO:0005098,3,88,91
random,CHEMBL1194,MONDO:0005277,2,51,53
random,CHEMBL1194,MONDO:0005301,1,41,42
random,CHEMBL1194,MONDO:0005618,30,222,252
random,CHEMBL1194,MONDO:0007743,4,50,54
random,CHEMBL119443,MONDO:0001627,1,34,35
random,CHEMBL119443,MONDO:0002009,6,78,84
random,CHEMBL119443,MONDO:0004975,1,66,67
random,CHEMBL119443,MONDO:0004985,6,80,86
random,CHEMBL119443,MONDO:0005090,11,115,126
random,CHEMBL119443,MONDO:0005180,4,52,56
random,CHEMBL119443,MONDO:0005277,1,20,21
random,CHEMBL119443,MONDO:0005301,1,50,51
random,CHEMBL119443,MONDO:0005618,9,100,109
random,CHEMBL119443,MONDO:0007743,1,19,20
random,CHEMBL1194666,MONDO:0001627,1,38,39
random,CHEMBL1194666,MONDO:0002009,19,164,183
random,CHEMBL1194666,MONDO:0004975,1,94,95
random,CHEMBL1194666,MONDO:0004985,22,166,188
random,CHEMBL1194666,MONDO:0005090,31,192,223
random,CHEMBL1194666,MONDO:0005098,3,76,79
random,CHEMBL1194666,MONDO:0005180,4,84,88
random,CHEMBL1194666,MONDO:0005277,2,51,53
random,CHEMBL1194666,MONDO:0005301,1,41,42
random,CHEMBL1194666,MONDO:0005618,33,189,222
random,CHEMBL1194666,MONDO:0007743,4,45,49
random,CHEMBL1197,MONDO:0001627,0,11,11
random,CHEMBL1197,MONDO:0002009,0,44,44
random,CHEMBL1197,MONDO:0004975,0,21,21
random,CHEMBL1197,MONDO:0004985,0,40,40
random,CHEMBL1197,MONDO:0005090,0,43,43
random,CHEMBL1197,MONDO:0005098,0,29,29
random,CHEMBL1197,MONDO:0005180,0,15,15
random,CHEMBL1197,MONDO:0005277,0,10,10
random,CHEMBL1197,MONDO:0005301,0,14,14
random,CHEMBL1197,MONDO:0005618,1,48,49
random,CHEMBL1197,MONDO:0007743,0,3,3
random,CHEMBL12,MONDO:0001627,1,43,44
random,CHEMBL12,MONDO:0002009,24,203,227
random,CHEMBL12,MONDO:0004975,1,121,122
random,CHEMBL12,MONDO:0004985,32,196,228
random,CHEMBL12,MONDO:0005090,48,232,280
random,CHEMBL12,MONDO:0005098,4,104,108
random,CHEMBL12,MONDO:0005180,6,98,104
random,CHEMBL12,MONDO:0005277,2,51,53
random,CHEMBL12,MONDO:0005301,1,44,45
random,CHEMBL12,MONDO:0007743,6,48,54
random,CHEMBL1200335,MONDO:0002009,6,109,115
random,CHEMBL1200335,MONDO:0004975,1,87,88
random,CHEMBL1200335,MONDO:0004985,2,98,100
random,CHEMBL1200335,MONDO:0005090,6,112,118
random,CHEMBL1200335,MONDO:0005180,2,74,76
random,CHEMBL1200335,MONDO:0005301,0,31,31
random,CHEMBL1200335,MONDO:0005618,9,125,134
random,CHEMBL1200335,MONDO:0007743,0,19,19
random,CHEMBL1200391,MONDO:0001627,1,78,79
random,CHEMBL1200391,MONDO:0002009,1,107,108
random,CHEMBL1200391,MONDO:0004975,1,86,87
random,CHEMBL1200391,MONDO:0004985,1,103,104
random,CHEMBL1200391,MONDO:0005027,0,42,42
random,CHEMBL1200391,MONDO:0005090,0,103,103
random,CHEMBL1200391,MONDO:0005180,0,30,30
random,CHEMBL1200391,MONDO:0005277,0,17,17
random,CHEMBL1200391,MONDO:0005301,0,30,30
random,CHEMBL1200391,MONDO:0005618,2,116,118
random,CHEMBL1200391,MONDO:0007743,0,14,14
random,CHEMBL1200472,MONDO:0001627,0,4,4
random,CHEMBL1200472,MONDO:0002009,2,26,28
random,CHEMBL1200472,MONDO:0004975,0,20,20
random,CHEMBL1200472,MONDO:0004985,7,18,25
random,CHEMBL1200472,MONDO:0005027,4,17,21
random,CHEMBL1200472,MONDO:0005090,11,28,39
random,CHEMBL1200472,MONDO:0005098,0,16,16
random,CHEMBL1200472,MONDO:0005180,0,22,22
random,CHEMBL1200472,MONDO:0005277,0,3,3
random,CHEMBL1200472,MONDO:0005301,0,7,7
random,CHEMBL1200472,MONDO:0007743,0,7,7
random,CHEMBL1200558,MONDO:0001627,0,29,29
random,CHEMBL1200558,MONDO:0002009,1,133,134
random,CHEMBL1200558,MONDO:0004975,2,75,77
random,CHEMBL1200558,MONDO:0004985,0,113,113
random,CHEMBL1200558,MONDO:0005090,1,138,139
random,CHEMBL1200558,MONDO:0005098,0,58,58
random,CHEMBL1200558,MONDO:0005180,0,49,49
random,CHEMBL1200558,MONDO:0005277,0,33,33
random,CHEMBL1200558,MONDO:0005301,0,28,28
random,CHEMBL1200558,MONDO:0005618,3,140,143
random,CHEMBL1200558,MONDO:0007743,0,20,20
random,CHEMBL1200572,MONDO:0001627,0,0,0
random,CHEMBL1200572,MONDO:0002009,0,0,0
random,CHEMBL1200572,MONDO:0004975,0,0,0
random,CHEMBL1200572,MONDO:0005090,0,0,0
random,CHEMBL1200572,MONDO:0005098,0,0,0
random,CHEMBL1200572,MONDO:0005180,0,0,0
random,CHEMBL1200572,MONDO:0005277,0,0,0
random,CHEMBL1200572,MONDO:0005301,0,0,0
random,CHEMBL1200572,MONDO:0005618,0,0,0
random,CHEMBL1200572,MONDO:0007743,0,0,0
random,CHEMBL1200624,MONDO:0001627,1,47,48
random,CHEMBL1200624,MONDO:0002009,7,172,179
random,CHEMBL1200624,MONDO:0004975,3,134,137
random,CHEMBL1200624,MONDO:0004985,11,173,184
random,CHEMBL1200624,MONDO:0005027,9,114,123
random,CHEMBL1200624,MONDO:0005090,20,210,230
random,CHEMBL1200624,MONDO:0005180,3,89,92
random,CHEMBL1200624,MONDO:0005301,0,44,44
random,CHEMBL1200624,MONDO:0007743,1,38,39
random,CHEMBL1200640,MONDO:0001627,1,10,11
random,CHEMBL1200640,MONDO:0002009,1,34,35
random,CHEMBL1200640,MONDO:0004975,1,20,21
random,CHEMBL1200640,MONDO:0004985,0,32,32
random,CHEMBL1200640,MONDO:0005027,0,25,25
random,CHEMBL1200640,MONDO:0005090,2,39,41
random,CHEMBL1200640,MONDO:0005180,1,14,15
random,CHEMBL1200640,MONDO:0005301,0,14,14
random,CHEMBL1200640,MONDO:0007743,0,6,6
random,CHEMBL1200682,MONDO:0001627,0,0,0
random,CHEMBL1200682,MONDO:0002009,0,0,0
random,CHEMBL1200682,MONDO:0004975,0,0,0
random,CHEMBL1200682,MONDO:0004985,0,0,0
random,CHEMBL1200682,MONDO:0005090,0,0,0
random,CHEMBL1200682,MONDO:0005098,0,0,0
random,CHEMBL1200682,MONDO:0005180,0,0,0
random,CHEMBL1200682,MONDO:0005277,0,0,0
random,CHEMBL1200682,MONDO:0005301,0,0,0
random,CHEMBL1200682,MONDO:0007743,0,0,0
random,CHEMBL1200694,MONDO:0001627,0,14,14
random,CHEMBL1200694,MONDO:0002009,1,48,49
random,CHEMBL1200694,MONDO:0004975,0,35,35
random,CHEMBL1200694,MONDO:0004985,9,31,40
random,CHEMBL1200694,MONDO:0005090,13,40,53
random,CHEMBL1200694,MONDO:0005098,1,40,41
random,CHEMBL1200694,MONDO:0005180,1,29,30
random,CHEMBL1200694,MONDO:0005277,0,8,8
random,CHEMBL1200694,MONDO:0005301,0,14,14
random,CHEMBL1200694,MONDO:0005618,6,49,55
random,CHEMBL1200694,MONDO:0007743,0,12,12
random,CHEMBL1200731,MONDO:0001627,0,14,14
random,CHEMBL1200731,MONDO:0002009,0,22,22
random,CHEMBL1200731,MONDO:0004975,0,21,21
random,CHEMBL1200731,MONDO:0004985,1,23,24
random,CHEMBL1200731,MONDO:0005090,2,23,25
random,CHEMBL1200731,MONDO:0005098,0,15,15
random,CHEMBL1200731,MONDO:0005180,0,18,18
random,CHEMBL1200731,MONDO:0005277,0,10,10
random,CHEMBL1200731,MONDO:0005301,0,16,16
random,CHEMBL1200731,MONDO:0005618,0,23,23
random,CHEMBL1200731,MONDO:0007743,0,11,11
random,CHEMBL1200736,MONDO:0001627,0,11,11
random,CHEMBL1200736,MONDO:0002009,0,31,31
random,CHEMBL1200736,MONDO:0004975,0,26,26
random,CHEMBL1200736,MONDO:0004985,4,34,38
random,CHEMBL1200736,MONDO:0005027,3,33,36
random,CHEMBL1200736,MONDO:0005090,7,34,41
random,CHEMBL1200736,MONDO:0005098,0,14,14
random,CHEMBL1200736,MONDO:0005180,0,11,11
random,CHEMBL1200736,MONDO:0005277,0,10,10
random,CHEMBL1200736,MONDO:0005301,0,9,9
random,CHEMBL1200736,MONDO:0007743,0,5,5
random,CHEMBL1200748,MONDO:0001627,0,0,0
random,CHEMBL1200748,MONDO:0002009,1,0,1
random,CHEMBL1200748,MONDO:0004975,0,0,0
random,CHEMBL1200748,MONDO:0004985,1,0,1
random,CHEMBL1200748,MONDO:0005090,0,0,0
random,CHEMBL1200748,MONDO:0005098,0,0,0
random,CHEMBL1200748,MONDO:0005277,0,0,0
random,CHEMBL1200748,MONDO:0005301,0,0,0
random,CHEMBL1200748,MONDO:0007743,0,0,0
random,CHEMBL1200761,MONDO:0002009,20,300,320
random,CHEMBL1200761,MONDO:0004975,3,191,194
random,CHEMBL1200761,MONDO:0004985,22,359,381
random,CHEMBL1200761,MONDO:0005090,34,411,445
random,CHEMBL1200761,MONDO:0005180,6,127,133
random,CHEMBL1200761,MONDO:0005301,1,59,60
random,CHEMBL1200761,MONDO:0005618,35,403,438
random,CHEMBL1200761,MONDO:0007743,4,47,51
random,CHEMBL1200807,MONDO:0002009,1,92,93
random,CHEMBL1200807,MONDO:0004975,0,59,59
random,CHEMBL1200807,MONDO:0004985,0,71,71
random,CHEMBL1200807,MONDO:0005090,1,83,84
random,CHEMBL1200807,MONDO:0005180,0,42,42
random,CHEMBL1200807,MONDO:0005301,0,24,24
random,CHEMBL1200807,MONDO:0007743,1,16,17
random,CHEMBL1200826,MONDO:0001627,0,12,12
random,CHEMBL1200826,MONDO:0002009,1,78,79
random,CHEMBL1200826,MONDO:0004975,1,78,79
random,CHEMBL1200826,MONDO:0005027,1,31,32
random,CHEMBL1200826,MONDO:0005090,3,78,81
random,CHEMBL1200826,MONDO:0005098,0,22,22
random,CHEMBL1200826,MONDO:0005180,0,17,17
random,CHEMBL1200826,MONDO:0005277,0,14,14
random,CHEMBL1200826,MONDO:0005301,0,16,16
random,CHEMBL1200826,MONDO:0005618,3,78,81
random,CHEMBL1200826,MONDO:0007743,0,5,5
random,CHEMBL1200848,MONDO:0001627,2,51,53
random,CHEMBL1200848,MONDO:0002009,20,229,249
random,CHEMBL1200848,MONDO:0004975,2,142,144
random,CHEMBL1200848,MONDO:0004985,22,230,252
random,CHEMBL1200848,MONDO:0005090,34,279,313
random,CHEMBL1200848,MONDO:0005098,2,105,107
random,CHEMBL1200848,MONDO:0005180,7,108,115
random,CHEMBL1200848,MONDO:0005301,2,54,56
random,CHEMBL1200848,MONDO:0007743,4,46,50
random,CHEMBL1200851,MONDO:0001627,0,19,19
random,CHEMBL1200851,MONDO:0002009,0,57,57
random,CHEMBL1200851,MONDO:0004975,0,28,28
random,CHEMBL1200851,MONDO:0004985,1,51,52
random,CHEMBL1200851,MONDO:0005090,4,54,58
random,CHEMBL1200851,MONDO:0005098,0,43,43
random,CHEMBL1200851,MONDO:0005180,0,28,28
random,CHEMBL1200851,MONDO:0005277,0,17,17
random,CHEMBL1200851,MONDO:0005301,0,18,18
random,CHEMBL1200851,MONDO:0005618,2,62,64
random,CHEMBL1200851,MONDO:0007743,0,20,20
random,CHEMBL1200862,MONDO:0001627,1,49,50
random,CHEMBL1200862,MONDO:0002009,8,181,189
random,CHEMBL1200862,MONDO:0004975,3,134,137
random,CHEMBL1200862,MONDO:0004985,12,189,201
random,CHEMBL1200862,MONDO:0005027,9,132,141
random,CHEMBL1200862,MONDO:0005090,19,255,274
random,CHEMBL1200862,MONDO:0005098,2,111,113
random,CHEMBL1200862,MONDO:0005277,1,51,52
random,CHEMBL1200862,MONDO:0005301,0,46,46
random,CHEMBL1200862,MONDO:0007743,1,38,39
random,CHEMBL1200929,MONDO:0001627,0,2,2
random,CHEMBL1200929,MONDO:0002009,0,2,2
random,CHEMBL1200929,MONDO:0004975,0,2,2
random,CHEMBL1200929,MONDO:0004985,0,2,2
random,CHEMBL1200929,MONDO:0005027,0,2,2
random,CHEMBL1200929,MONDO:0005090,0,2,2
random,CHEMBL1200929,MONDO:0005098,0,1,1
random,CHEMBL1200929,MONDO:0005180,0,2,2
random,CHEMBL1200929,MONDO:0005277,0,1,1
random,CHEMBL1200929,MONDO:0005301,0,0,0
random,CHEMBL1200934,MONDO:0002009,20,198,218
random,CHEMBL1200934,MONDO:0004975,1,112,113
random,CHEMBL1200934,MONDO:0004985,20,178,198
random,CHEMBL1200934,MONDO:0005090,31,217,248
random,CHEMBL1200934,MONDO:0005180,5,99,104
random,CHEMBL1200934,MONDO:0005301,1,41,42
random,CHEMBL1200934,MONDO:0007743,4,50,54
random,CHEMBL1200939,MONDO:0001627,0,0,0
random,CHEMBL1200939,MONDO:0002009,0,0,0
random,CHEMBL1200939,MONDO:0004975,0,0,0
random,CHEMBL1200939,MONDO:0004985,0,0,0
random,CHEMBL1200939,MONDO:0005090,0,0,0
random,CHEMBL1200939,MONDO:0005098,0,0,0
random,CHEMBL1200939,MONDO:0005180,0,0,0
random,CHEMBL1200939,MONDO:0005277,0,0,0
random,CHEMBL1200939,MONDO:0005301,0,0,0
random,CHEMBL1200939,MONDO:0007743,0,0,0
random,CHEMBL1200973,MONDO:0002009,12,196,208
random,CHEMBL1200973,MONDO:0004975,3,147,150
random,CHEMBL1200973,MONDO:0004985,13,186,199
random,CHEMBL1200973,MONDO:0005090,27,233,260
random,CHEMBL1200973,MONDO:0005180,4,97,101
random,CHEMBL1200973,MONDO:0005301,1,45,46
random,CHEMBL1200973,MONDO:0007743,2,48,50
random,CHEMBL1201,MONDO:0001627,1,66,67
random,CHEMBL1201,MONDO:0002009,23,252,275
random,CHEMBL1201,MONDO:0004985,24,248,272
random,CHEMBL1201,MONDO:0005098,4,139,143
random,CHEMBL1201,MONDO:0005277,2,61,63
random,CHEMBL1201,MONDO:0005301,1,59,60
random,CHEMBL1201,MONDO:0005618,37,309,346
random,CHEMBL1201,MONDO:0007743,5,46,51
random,CHEMBL1201039,MONDO:0001627,1,39,40
random,CHEMBL1201039,MONDO:0002009,19,192,211
random,CHEMBL1201039,MONDO:0004975,2,109,111
random,CHEMBL1201039,MONDO:0004985,20,189,209
random,CHEMBL1201039,MONDO:0005090,32,231,263
random,CHEMBL1201039,MONDO:0005098,2,91,93
random,CHEMBL1201039,MONDO:0005180,5,97,102
random,CHEMBL1201039,MONDO:0005277,2,51,53
random,CHEMBL1201039,MONDO:0005301,1,51,52
random,CHEMBL1201039,MONDO:0007743,4,46,50
random,CHEMBL1201101,MONDO:0002009,6,109,115
random,CHEMBL1201101,MONDO:0004975,1,87,88
random,CHEMBL1201101,MONDO:0004985,2,98,100
random,CHEMBL1201101,MONDO:0005090,6,112,118
random,CHEMBL1201101,MONDO:0005180,2,74,76
random,CHEMBL1201101,MONDO:0005301,0,31,31
random,CHEMBL1201101,MONDO:0005618,9,125,134
random,CHEMBL1201101,MONDO:0007743,0,19,19
random,CHEMBL1201109,MONDO:0001627,1,38,39
random,CHEMBL1201109,MONDO:0002009,17,162,179
random,CHEMBL1201109,MONDO:0004975,1,97,98
random,CHEMBL1201109,MONDO:0004985,20,161,181
random,CHEMBL1201109,MONDO:0005090,30,193,223
random,CHEMBL1201109,MONDO:0005098,2,77,79
random,CHEMBL1201109,MONDO:0005180,4,88,92
random,CHEMBL1201109,MONDO:0005277,2,51,53
random,CHEMBL1201109,MONDO:0005301,1,38,39
random,CHEMBL1201109,MONDO:0005618,29,189,218
random,CHEMBL1201109,MONDO:0007743,4,45,49
random,CHEMBL1201112,MONDO:0001627,0,15,15
random,CHEMBL1201112,MONDO:0002009,0,62,62
random,CHEMBL1201112,MONDO:0004975,0,32,32
random,CHEMBL1201112,MONDO:0004985,0,54,54
random,CHEMBL1201112,MONDO:0005090,0,61,61
random,CHEMBL1201112,MONDO:0005098,0,45,45
random,CHEMBL1201112,MONDO:0005180,0,20,20
random,CHEMBL1201112,MONDO:0005277,0,11,11
random,CHEMBL1201112,MONDO:0005301,0,15,15
random,CHEMBL1201112,MONDO:0005618,1,72,73
random,CHEMBL1201112,MONDO:0007743,0,7,7
random,CHEMBL1201117,MONDO:0001627,1,38,39
random,CHEMBL1201117,MONDO:0002009,17,171,188
random,CHEMBL1201117,MONDO:0004985,20,170,190
random,CHEMBL1201117,MONDO:0005090,29,201,230
random,CHEMBL1201117,MONDO:0005098,2,80,82
random,CHEMBL1201117,MONDO:0005180,4,87,91
random,CHEMBL1201117,MONDO:0005277,2,51,53
random,CHEMBL1201117,MONDO:0005301,1,44,45
random,CHEMBL1201117,MONDO:0005618,29,200,229
random,CHEMBL1201117,MONDO:0007743,4,46,50
random,CHEMBL1201151,MONDO:0001627,1,39,40
random,CHEMBL1201151,MONDO:0002009,18,185,203
random,CHEMBL1201151,MONDO:0004975,1,106,107
random,CHEMBL1201151,MONDO:0004985,20,184,204
random,CHEMBL1201151,MONDO:0005027,15,123,138
random,CHEMBL1201151,MONDO:0005090,30,232,262
random,CHEMBL1201151,MONDO:0005180,4,96,100
random,CHEMBL1201151,MONDO:0005301,1,40,41
random,CHEMBL1201151,MONDO:0007743,4,45,49
random,CHEMBL1201165,MONDO:0002009,17,238,255
random,CHEMBL1201165,MONDO:0004975,2,166,168
random,CHEMBL1201165,MONDO:0004985,21,303,324
random,CHEMBL1201165,MONDO:0005090,31,334,365
random,CHEMBL1201165,MONDO:0005180,6,103,109
random,CHEMBL1201165,MONDO:0005301,1,53,54
random,CHEMBL1201165,MONDO:0005618,29,320,349
random,CHEMBL1201165,MONDO:0007743,4,45,49
random,CHEMBL1201168,MONDO:0001627,1,40,41
random,CHEMBL1201168,MONDO:0004975,2,103,105
random,CHEMBL1201168,MONDO:0005098,2,83,85
random,CHEMBL1201168,MONDO:0005180,5,94,99
random,CHEMBL1201168,MONDO:0005277,2,51,53
random,CHEMBL1201168,MONDO:0005301,1,41,42
random,CHEMBL1201168,MONDO:0007743,4,48,52
random,CHEMBL1201182,MONDO:0001627,1,96,97
random,CHEMBL1201182,MONDO:0002009,20,542,562
random,CHEMBL1201182,MONDO:0004975,10,373,383
random,CHEMBL1201182,MONDO:0004985,26,615,641
random,CHEMBL1201182,MONDO:0005027,19,289,308
random,CHEMBL1201182,MONDO:0005090,55,863,918
random,CHEMBL1201182,MONDO:0005180,9,174,183
random,CHEMBL1201182,MONDO:0005277,2,71,73
random,CHEMBL1201182,MONDO:0005301,1,98,99
random,CHEMBL1201182,MONDO:0005618,34,737,771
random,CHEMBL1201182,MONDO:0007743,1,44,45
random,CHEMBL1201192,MONDO:0001627,1,23,24
random,CHEMBL1201192,MONDO:0002009,7,71,78
random,CHEMBL1201192,MONDO:0004975,0,37,37
random,CHEMBL1201192,MONDO:0004985,6,60,66
random,CHEMBL1201192,MONDO:0005027,3,37,40
random,CHEMBL1201192,MONDO:0005090,9,75,84
random,CHEMBL1201192,MONDO:0005098,0,44,44
random,CHEMBL1201192,MONDO:0005180,2,48,50
random,CHEMBL1201192,MONDO:0005277,0,16,16
random,CHEMBL1201192,MONDO:0005301,0,21,21
random,CHEMBL1201192,MONDO:0007743,3,25,28
random,CHEMBL1201199,MONDO:0001627,0,0,0
random,CHEMBL1201199,MONDO:0002009,0,0,0
random,CHEMBL1201199,MONDO:0004975,0,0,0
random,CHEMBL1201199,MONDO:0004985,0,0,0
random,CHEMBL1201199,MONDO:0005027,0,0,0
random,CHEMBL1201199,MONDO:0005090,0,0,0
random,CHEMBL1201199,MONDO:0005180,0,0,0
random,CHEMBL1201199,MONDO:0005277,0,0,0
random,CHEMBL1201199,MONDO:0005301,0,0,0
random,CHEMBL1201199,MONDO:0005618,0,0,0
random,CHEMBL1201199,MONDO:0007743,0,0,0
random,CHEMBL1201201,MONDO:0001627,1,25,26
random,CHEMBL1201201,MONDO:0002009,5,65,70
random,CHEMBL1201201,MONDO:0004975,2,40,42
random,CHEMBL1201201,MONDO:0005090,11,71,82
random,CHEMBL1201201,MONDO:0005180,5,58,63
random,CHEMBL1201201,MONDO:0005277,0,9,9
random,CHEMBL1201201,MONDO:0005301,0,23,23
random,CHEMBL1201203,MONDO:0001627,1,27,28
random,CHEMBL1201203,MONDO:0002009,3,49,52
random,CHEMBL1201203,MONDO:0004975,0,30,30
random,CHEMBL1201203,MONDO:0004985,3,40,43
random,CHEMBL1201203,MONDO:0005027,3,48,51
random,CHEMBL1201203,MONDO:0005090,5,42,47
random,CHEMBL1201203,MONDO:0005098,1,41,42
random,CHEMBL1201203,MONDO:0005277,0,13,13
random,CHEMBL1201203,MONDO:0005301,0,20,20
random,CHEMBL1201203,MONDO:0005618,4,52,56
random,CHEMBL1201203,MONDO:0007743,1,25,26
random,CHEMBL1201208,MONDO:0001627,1,38,39
random,CHEMBL1201208,MONDO:0002009,19,139,158
random,CHEMBL1201208,MONDO:0004975,1,91,92
random,CHEMBL1201208,MONDO:0004985,22,146,168
random,CHEMBL1201208,MONDO:0005090,31,168,199
random,CHEMBL1201208,MONDO:0005098,3,61,64
random,CHEMBL1201208,MONDO:0005180,4,81,85
random,CHEMBL1201208,MONDO:0005277,2,51,53
random,CHEMBL1201208,MONDO:0005301,1,39,40
random,CHEMBL1201208,MONDO:0005618,32,160,192
random,CHEMBL1201208,MONDO:0007743,4,45,49
random,CHEMBL1201210,MONDO:0001627,1,38,39
random,CHEMBL1201210,MONDO:0002009,17,138,155
random,CHEMBL1201210,MONDO:0004985,20,145,165
random,CHEMBL1201210,MONDO:0005090,31,166,197
random,CHEMBL1201210,MONDO:0005098,2,60,62
random,CHEMBL1201210,MONDO:0005277,2,51,53
random,CHEMBL1201210,MONDO:0005301,1,39,40
random,CHEMBL1201210,MONDO:0005618,28,158,186
random,CHEMBL1201210,MONDO:0007743,4,45,49
random,CHEMBL1201217,MONDO:0001627,1,42,43
random,CHEMBL1201217,MONDO:0002009,24,205,229
random,CHEMBL1201217,MONDO:0004975,3,126,129
random,CHEMBL1201217,MONDO:0004985,27,209,236
random,CHEMBL1201217,MONDO:0005090,43,264,307
random,CHEMBL1201217,MONDO:0005098,3,88,91
random,CHEMBL1201217,MONDO:0005180,5,101,106
random,CHEMBL1201217,MONDO:0005277,2,51,53
random,CHEMBL1201217,MONDO:0005301,2,48,50
random,CHEMBL1201217,MONDO:0005618,39,244,283
random,CHEMBL1201217,MONDO:0007743,7,49,56
random,CHEMBL1201222,MONDO:0001627,0,7,7
random,CHEMBL1201222,MONDO:0002009,1,24,25
random,CHEMBL1201222,MONDO:0004975,1,22,23
random,CHEMBL1201222,MONDO:0005090,2,24,26
random,CHEMBL1201222,MONDO:0005180,1,24,25
random,CHEMBL1201222,MONDO:0005277,0,7,7
random,CHEMBL1201222,MONDO:0005301,0,9,9
random,CHEMBL1201222,MONDO:0005618,1,24,25
random,CHEMBL1201225,MONDO:0001627,0,10,10
random,CHEMBL1201225,MONDO:0002009,2,31,33
random,CHEMBL1201225,MONDO:0004975,0,19,19
random,CHEMBL1201225,MONDO:0004985,1,19,20
random,CHEMBL1201225,MONDO:0005090,0,20,20
random,CHEMBL1201225,MONDO:0005098,1,31,32
random,CHEMBL1201225,MONDO:0005180,0,13,13
random,CHEMBL1201225,MONDO:0005277,0,5,5
random,CHEMBL1201225,MONDO:0005301,0,11,11
random,CHEMBL1201225,MONDO:0005618,2,31,33
random,CHEMBL1201225,MONDO:0007743,0,7,7
random,CHEMBL1201227,MONDO:0001627,0,6,6
random,CHEMBL1201227,MONDO:0002009,0,7,7
random,CHEMBL1201227,MONDO:0004975,0,6,6
random,CHEMBL1201227,MONDO:0004985,0,8,8
random,CHEMBL1201227,MONDO:0005027,1,8,9
random,CHEMBL1201227,MONDO:0005090,1,8,9
random,CHEMBL1201227,MONDO:0005098,0,7,7
random,CHEMBL1201227,MONDO:0005277,0,7,7
random,CHEMBL1201227,MONDO:0005301,0,5,5
random,CHEMBL1201227,MONDO:0005618,0,8,8
random,CHEMBL1201227,MONDO:0007743,0,7,7
random,CHEMBL1201232,MONDO:0001627,1,40,41
random,CHEMBL1201232,MONDO:0002009,18,183,201
random,CHEMBL1201232,MONDO:0004985,20,183,203
random,CHEMBL1201232,MONDO:0005090,31,228,259
random,CHEMBL1201232,MONDO:0005098,2,81,83
random,CHEMBL1201232,MONDO:0005277,2,51,53
random,CHEMBL1201232,MONDO:0005301,1,41,42
random,CHEMBL1201232,MONDO:0005618,30,222,252
random,CHEMBL1201232,MONDO:0007743,4,45,49
random,CHEMBL1201245,MONDO:0001627,1,47,48
random,CHEMBL1201245,MONDO:0002009,7,131,138
random,CHEMBL1201245,MONDO:0004975,3,118,121
random,CHEMBL1201245,MONDO:0004985,11,144,155
random,CHEMBL1201245,MONDO:0005090,19,168,187
random,CHEMBL1201245,MONDO:0005098,2,74,76
random,CHEMBL1201245,MONDO:0005180,3,76,79
random,CHEMBL1201245,MONDO:0005277,1,51,52
random,CHEMBL1201245,MONDO:0005301,0,39,39
random,CHEMBL1201245,MONDO:0005618,15,151,166
random,CHEMBL1201245,MONDO:0007743,1,37,38
random,CHEMBL1201284,MONDO:0001627,1,41,42
random,CHEMBL1201284,MONDO:0002009,18,182,200
random,CHEMBL1201284,MONDO:0004975,1,101,102
random,CHEMBL1201284,MONDO:0004985,19,182,201
random,CHEMBL1201284,MONDO:0005090,31,233,264
random,CHEMBL1201284,MONDO:0005098,3,90,93
random,CHEMBL1201284,MONDO:0005180,5,92,97
random,CHEMBL1201284,MONDO:0005277,1,47,48
random,CHEMBL1201284,MONDO:0005301,1,46,47
random,CHEMBL1201284,MONDO:0005618,30,224,254
random,CHEMBL1201284,MONDO:0007743,4,48,52
random,CHEMBL1201287,MONDO:0001627,1,49,50
random,CHEMBL1201287,MONDO:0002009,19,192,211
random,CHEMBL1201287,MONDO:0004975,3,146,149
random,CHEMBL1201287,MONDO:0004985,21,198,219
random,CHEMBL1201287,MONDO:0005090,34,248,282
random,CHEMBL1201287,MONDO:0005098,3,107,110
random,CHEMBL1201287,MONDO:0005180,4,97,101
random,CHEMBL1201287,MONDO:0005277,2,51,53
random,CHEMBL1201287,MONDO:0005301,1,47,48
random,CHEMBL1201287,MONDO:0005618,32,230,262
random,CHEMBL1201287,MONDO:0007743,4,51,55
random,CHEMBL1201336,MONDO:0001627,0,19,19
random,CHEMBL1201336,MONDO:0002009,3,83,86
random,CHEMBL1201336,MONDO:0004975,0,47,47
random,CHEMBL1201336,MONDO:0004985,0,62,62
random,CHEMBL1201336,MONDO:0005090,2,77,79
random,CHEMBL1201336,MONDO:0005098,1,61,62
random,CHEMBL1201336,MONDO:0005180,0,38,38
random,CHEMBL1201336,MONDO:0005277,0,13,13
random,CHEMBL1201336,MONDO:0005301,0,18,18
random,CHEMBL1201336,MONDO:0005618,4,90,94
random,CHEMBL1201336,MONDO:0007743,0,12,12
random,CHEMBL1201341,MONDO:0001627,1,50,51
random,CHEMBL1201341,MONDO:0002009,8,154,162
random,CHEMBL1201341,MONDO:0004975,4,128,132
random,CHEMBL1201341,MONDO:0004985,12,154,166
random,CHEMBL1201341,MONDO:0005090,19,182,201
random,CHEMBL1201341,MONDO:0005098,3,97,100
random,CHEMBL1201341,MONDO:0005277,1,51,52
random,CHEMBL1201341,MONDO:0005301,1,44,45
random,CHEMBL1201341,MONDO:0005618,16,174,190
random,CHEMBL1201341,MONDO:0007743,1,38,39
random,CHEMBL1201342,MONDO:0001627,1,47,48
random,CHEMBL1201342,MONDO:0002009,7,159,166
random,CHEMBL1201342,MONDO:0004975,3,123,126
random,CHEMBL1201342,MONDO:0004985,11,164,175
random,CHEMBL1201342,MONDO:0005027,9,103,112
random,CHEMBL1201342,MONDO:0005090,21,196,217
random,CHEMBL1201342,MONDO:0005098,2,92,94
random,CHEMBL1201342,MONDO:0005277,1,51,52
random,CHEMBL1201342,MONDO:0005301,0,41,41
random,CHEMBL1201342,MONDO:0005618,16,181,197
random,CHEMBL1201342,MONDO:0007743,1,37,38
random,CHEMBL1201353,MONDO:0001627,1,39,40
random,CHEMBL1201353,MONDO:0002009,18,153,171
random,CHEMBL1201353,MONDO:0004975,2,103,105
random,CHEMBL1201353,MONDO:0004985,19,150,169
random,CHEMBL1201353,MONDO:0005090,32,180,212
random,CHEMBL1201353,MONDO:0005098,3,70,73
random,CHEMBL1201353,MONDO:0005180,4,90,94
random,CHEMBL1201353,MONDO:0005277,2,51,53
random,CHEMBL1201353,MONDO:0005301,1,40,41
random,CHEMBL1201353,MONDO:0005618,29,178,207
random,CHEMBL1201353,MONDO:0007743,3,51,54
random,CHEMBL1201354,MONDO:0001627,1,47,48
random,CHEMBL1201354,MONDO:0002009,8,149,157
random,CHEMBL1201354,MONDO:0004975,4,131,135
random,CHEMBL1201354,MONDO:0004985,11,153,164
random,CHEMBL1201354,MONDO:0005090,20,189,209
random,CHEMBL1201354,MONDO:0005098,2,81,83
random,CHEMBL1201354,MONDO:0005180,4,88,92
random,CHEMBL1201354,MONDO:0005277,1,51,52
random,CHEMBL1201354,MONDO:0005301,0,43,43
random,CHEMBL1201354,MONDO:0005618,16,169,185
random,CHEMBL1201354,MONDO:0007743,1,37,38
random,CHEMBL1201356,MONDO:0001627,2,47,49
random,CHEMBL1201356,MONDO:0002009,19,223,242
random,CHEMBL1201356,MONDO:0004975,3,130,133
random,CHEMBL1201356,MONDO:0004985,22,221,243
random,CHEMBL1201356,MONDO:0005090,33,287,320
random,CHEMBL1201356,MONDO:0005180,6,119,125
random,CHEMBL1201356,MONDO:0005277,2,51,53
random,CHEMBL1201356,MONDO:0005301,2,52,54
random,CHEMBL1201356,MONDO:0005618,32,277,309
random,CHEMBL1201356,MONDO:0007743,4,51,55
random,CHEMBL1201478,MONDO:0001627,0,1,1
random,CHEMBL1201478,MONDO:0002009,1,7,8
random,CHEMBL1201478,MONDO:0004975,0,2,2
random,CHEMBL1201478,MONDO:0004985,0,3,3
random,CHEMBL1201478,MONDO:0005090,1,7,8
random,CHEMBL1201478,MONDO:0005098,0,3,3
random,CHEMBL1201478,MONDO:0005180,1,7,8
random,CHEMBL1201478,MONDO:0005277,0,1,1
random,CHEMBL1201478,MONDO:0005301,0,1,1
random,CHEMBL1201478,MONDO:0005618,1,7,8
random,CHEMBL1201478,MONDO:0007743,0,1,1
random,CHEMBL1201479,MONDO:0001627,0,0,0
random,CHEMBL1201479,MONDO:0002009,0,0,0
random,CHEMBL1201479,MONDO:0004975,0,0,0
random,CHEMBL1201479,MONDO:0004985,0,0,0
random,CHEMBL1201479,MONDO:0005090,0,0,0
random,CHEMBL1201479,MONDO:0005098,0,0,0
random,CHEMBL1201479,MONDO:0005180,0,0,0
random,CHEMBL1201479,MONDO:0005277,0,0,0
random,CHEMBL1201479,MONDO:0005301,0,0,0
random,CHEMBL1201479,MONDO:0005618,0,0,0
random,CHEMBL1201479,MONDO:0007743,0,0,0
random,CHEMBL1201593,MONDO:0001627,0,12,12
random,CHEMBL1201593,MONDO:0002009,2,17,19
random,CHEMBL1201593,MONDO:0004975,0,15,15
random,CHEMBL1201593,MONDO:0004985,0,15,15
random,CHEMBL1201593,MONDO:0005027,0,13,13
random,CHEMBL1201593,MONDO:0005090,1,17,18
random,CHEMBL1201593,MONDO:0005180,0,6,6
random,CHEMBL1201593,MONDO:0005277,0,4,4
random,CHEMBL1201593,MONDO:0005301,0,5,5
random,CHEMBL1201593,MONDO:0005618,2,17,19
random,CHEMBL1201593,MONDO:0007743,0,3,3
random,CHEMBL1201607,MONDO:0001627,0,0,0
random,CHEMBL1201607,MONDO:0002009,0,0,0
random,CHEMBL1201607,MONDO:0004975,0,0,0
random,CHEMBL1201607,MONDO:0004985,0,0,0
random,CHEMBL1201607,MONDO:0005027,0,0,0
random,CHEMBL1201607,MONDO:0005090,1,0,1
random,CHEMBL1201607,MONDO:0005098,1,0,1
random,CHEMBL1201607,MONDO:0005180,0,0,0
random,CHEMBL1201607,MONDO:0005277,0,0,0
random,CHEMBL1201607,MONDO:0005618,0,0,0
random,CHEMBL1201607,MONDO:0007743,0,0,0
random,CHEMBL1201666,MONDO:0001627,0,22,22
random,CHEMBL1201666,MONDO:0002009,0,26,26
random,CHEMBL1201666,MONDO:0004975,1,41,42
random,CHEMBL1201666,MONDO:0004985,0,28,28
random,CHEMBL1201666,MONDO:0005027,0,20,20
random,CHEMBL1201666,MONDO:0005090,1,41,42
random,CHEMBL1201666,MONDO:0005180,0,12,12
random,CHEMBL1201666,MONDO:0005277,0,9,9
random,CHEMBL1201666,MONDO:0005301,0,12,12
random,CHEMBL1201666,MONDO:0005618,0,28,28
random,CHEMBL1201666,MONDO:0007743,0,13,13
random,CHEMBL1201724,MONDO:0001627,0,0,0
random,CHEMBL1201724,MONDO:0002009,0,0,0
random,CHEMBL1201724,MONDO:0004975,0,0,0
random,CHEMBL1201724,MONDO:0004985,0,0,0
random,CHEMBL1201724,MONDO:0005090,0,0,0
random,CHEMBL1201724,MONDO:0005098,0,0,0
random,CHEMBL1201724,MONDO:0005180,0,0,0
random,CHEMBL1201724,MONDO:0005277,0,0,0
random,CHEMBL1201724,MONDO:0005301,0,0,0
random,CHEMBL1201724,MONDO:0005618,0,0,0
random,CHEMBL1201724,MONDO:0007743,0,0,0
random,CHEMBL1201754,MONDO:0001627,1,48,49
random,CHEMBL1201754,MONDO:0002009,18,210,228
random,CHEMBL1201754,MONDO:0004975,2,127,129
random,CHEMBL1201754,MONDO:0004985,19,200,219
random,CHEMBL1201754,MONDO:0005027,15,154,169
random,CHEMBL1201754,MONDO:0005090,30,244,274
random,CHEMBL1201754,MONDO:0005098,4,106,110
random,CHEMBL1201754,MONDO:0005180,5,106,111
random,CHEMBL1201754,MONDO:0005277,2,61,63
random,CHEMBL1201754,MONDO:0005301,1,49,50
random,CHEMBL1201754,MONDO:0007743,5,51,56
random,CHEMBL1201772,MONDO:0001627,1,50,51
random,CHEMBL1201772,MONDO:0002009,10,183,193
random,CHEMBL1201772,MONDO:0004975,3,138,141
random,CHEMBL1201772,MONDO:0004985,11,172,183
random,CHEMBL1201772,MONDO:0005027,10,124,134
random,CHEMBL1201772,MONDO:0005090,19,207,226
random,CHEMBL1201772,MONDO:0005180,3,91,94
random,CHEMBL1201772,MONDO:0005277,1,51,52
random,CHEMBL1201772,MONDO:0005301,0,44,44
random,CHEMBL1201772,MONDO:0005618,19,205,224
random,CHEMBL1201772,MONDO:0007743,1,38,39
random,CHEMBL1201864,MONDO:0002009,0,42,42
random,CHEMBL1201864,MONDO:0004975,0,42,42
random,CHEMBL1201864,MONDO:0004985,0,42,42
random,CHEMBL1201864,MONDO:0005090,1,48,49
random,CHEMBL1201864,MONDO:0005180,0,32,32
random,CHEMBL1201864,MONDO:0005301,0,19,19
random,CHEMBL1201864,MONDO:0007743,0,6,6
random,CHEMBL121,MONDO:0001627,1,46,47
random,CHEMBL121,MONDO:0002009,27,205,232
random,CHEMBL121,MONDO:0004975,4,135,139
random,CHEMBL121,MONDO:0004985,27,222,249
random,CHEMBL121,MONDO:0005027,17,155,172
random,CHEMBL121,MONDO:0005090,45,289,334
random,CHEMBL121,MONDO:0005180,6,122,128
random,CHEMBL121,MONDO:0005277,2,53,55
random,CHEMBL121,MONDO:0005301,1,50,51
random,CHEMBL121,MONDO:0005618,41,258,299
random,CHEMBL121,MONDO:0007743,6,49,55
random,CHEMBL1213351,MONDO:0001627,1,38,39
random,CHEMBL1213351,MONDO:0002009,21,150,171
random,CHEMBL1213351,MONDO:0004985,24,150,174
random,CHEMBL1213351,MONDO:0005090,35,181,216
random,CHEMBL1213351,MONDO:0005098,3,64,67
random,CHEMBL1213351,MONDO:0005180,5,91,96
random,CHEMBL1213351,MONDO:0005277,2,51,53
random,CHEMBL1213351,MONDO:0005301,1,40,41
random,CHEMBL1213351,MONDO:0007743,6,46,52
random,CHEMBL1213460,MONDO:0001627,0,4,4
random,CHEMBL1213460,MONDO:0002009,0,6,6
random,CHEMBL1213460,MONDO:0004975,0,6,6
random,CHEMBL1213460,MONDO:0004985,7,7,14
random,CHEMBL1213460,MONDO:0005027,4,7,11
random,CHEMBL1213460,MONDO:0005090,10,7,17
random,CHEMBL1213460,MONDO:0005098,0,5,5
random,CHEMBL1213460,MONDO:0005180,0,4,4
random,CHEMBL1213460,MONDO:0005277,0,3,3
random,CHEMBL1213460,MONDO:0005301,0,3,3
random,CHEMBL1213460,MONDO:0007743,0,4,4
random,CHEMBL1215,MONDO:0001627,1,81,82
random,CHEMBL1215,MONDO:0002009,26,278,304
random,CHEMBL1215,MONDO:0004985,31,276,307
random,CHEMBL1215,MONDO:0005090,48,340,388
random,CHEMBL1215,MONDO:0005098,4,154,158
random,CHEMBL1215,MONDO:0005180,5,108,113
random,CHEMBL1215,MONDO:0005277,2,51,53
random,CHEMBL1215,MONDO:0005301,1,68,69
random,CHEMBL1215,MONDO:0007743,7,51,58
random,CHEMBL1218,MONDO:0001627,1,49,50
random,CHEMBL1218,MONDO:0002009,16,170,186
random,CHEMBL1218,MONDO:0004975,3,132,135
random,CHEMBL1218,MONDO:0004985,22,173,195
random,CHEMBL1218,MONDO:0005027,16,121,137
random,CHEMBL1218,MONDO:0005090,34,207,241
random,CHEMBL1218,MONDO:0005098,2,104,106
random,CHEMBL1218,MONDO:0005180,4,92,96
random,CHEMBL1218,MONDO:0005277,2,51,53
random,CHEMBL1218,MONDO:0005301,0,45,45
random,CHEMBL1218,MONDO:0007743,4,44,48
random,CHEMBL122,MONDO:0001627,1,51,52
random,CHEMBL122,MONDO:0002009,24,231,255
random,CHEMBL122,MONDO:0004975,3,160,163
random,CHEMBL122,MONDO:0004985,28,229,257
random,CHEMBL122,MONDO:0005027,18,153,171
random,CHEMBL122,MONDO:0005090,49,309,358
random,CHEMBL122,MONDO:0005098,4,121,125
random,CHEMBL122,MONDO:0005180,4,104,108
random,CHEMBL122,MONDO:0005301,1,51,52
random,CHEMBL122,MONDO:0005618,42,279,321
random,CHEMBL122,MONDO:0007743,7,50,57
random,CHEMBL1220,MONDO:0001627,1,40,41
random,CHEMBL1220,MONDO:0002009,17,192,209
random,CHEMBL1220,MONDO:0004975,2,110,112
random,CHEMBL1220,MONDO:0004985,20,183,203
random,CHEMBL1220,MONDO:0005090,31,219,250
random,CHEMBL1220,MONDO:0005098,2,91,93
random,CHEMBL1220,MONDO:0005180,4,100,104
random,CHEMBL1220,MONDO:0005277,2,51,53
random,CHEMBL1220,MONDO:0005301,1,44,45
random,CHEMBL1220,MONDO:0005618,29,221,250
random,CHEMBL1220,MONDO:0007743,4,49,53
random,CHEMBL1222251,MONDO:0001627,1,47,48
random,CHEMBL1222251,MONDO:0002009,7,160,167
random,CHEMBL1222251,MONDO:0004975,3,125,128
random,CHEMBL1222251,MONDO:0004985,12,166,178
random,CHEMBL1222251,MONDO:0005027,9,106,115
random,CHEMBL1222251,MONDO:0005090,19,200,219
random,CHEMBL1222251,MONDO:0005180,3,78,81
random,CHEMBL1222251,MONDO:0005277,1,51,52
random,CHEMBL1222251,MONDO:0005301,0,39,39
random,CHEMBL1222251,MONDO:0005618,16,186,202
random,CHEMBL1222251,MONDO:0007743,1,37,38
random,CHEMBL1231574,MONDO:0002009,0,31,31
random,CHEMBL1231574,MONDO:0004975,0,13,13
random,CHEMBL1231574,MONDO:0004985,1,27,28
random,CHEMBL1231574,MONDO:0005090,1,30,31
random,CHEMBL1231574,MONDO:0005180,0,11,11
random,CHEMBL1231574,MONDO:0005301,0,9,9
random,CHEMBL1231574,MONDO:0007743,0,2,2
random,CHEMBL1233,MONDO:0001627,1,70,71
random,CHEMBL1233,MONDO:0002009,21,268,289
random,CHEMBL1233,MONDO:0004985,28,258,286
random,CHEMBL1233,MONDO:0005090,39,323,362
random,CHEMBL1233,MONDO:0005098,3,142,145
random,CHEMBL1233,MONDO:0005180,4,112,116
random,CHEMBL1233,MONDO:0005277,2,51,53
random,CHEMBL1233,MONDO:0005301,1,67,68
random,CHEMBL1233,MONDO:0005618,37,320,357
random,CHEMBL1233,MONDO:0007743,6,47,53
random,CHEMBL1237021,MONDO:0001627,1,49,50
random,CHEMBL1237021,MONDO:0002009,18,254,272
random,CHEMBL1237021,MONDO:0004975,4,161,165
random,CHEMBL1237021,MONDO:0005180,4,105,109
random,CHEMBL1237021,MONDO:0005277,2,51,53
random,CHEMBL1237021,MONDO:0005301,1,48,49
random,CHEMBL1237021,MONDO:0005618,30,287,317
random,CHEMBL1237021,MONDO:0007743,4,47,51
random,CHEMBL1237044,MONDO:0001627,0,32,32
random,CHEMBL1237044,MONDO:0002009,4,94,98
random,CHEMBL1237044,MONDO:0004975,1,66,67
random,CHEMBL1237044,MONDO:0004985,10,93,103
random,CHEMBL1237044,MONDO:0005090,15,103,118
random,CHEMBL1237044,MONDO:0005098,0,48,48
random,CHEMBL1237044,MONDO:0005180,1,52,53
random,CHEMBL1237044,MONDO:0005277,0,19,19
random,CHEMBL1237044,MONDO:0005301,0,25,25
random,CHEMBL1237044,MONDO:0007743,1,29,30
random,CHEMBL1242,MONDO:0001627,1,48,49
random,CHEMBL1242,MONDO:0002009,12,165,177
random,CHEMBL1242,MONDO:0004975,3,124,127
random,CHEMBL1242,MONDO:0004985,18,174,192
random,CHEMBL1242,MONDO:0005027,15,119,134
random,CHEMBL1242,MONDO:0005090,28,209,237
random,CHEMBL1242,MONDO:0005098,3,106,109
random,CHEMBL1242,MONDO:0005180,4,82,86
random,CHEMBL1242,MONDO:0005277,2,51,53
random,CHEMBL1242,MONDO:0005301,1,43,44
random,CHEMBL1242,MONDO:0007743,3,38,41
random,CHEMBL1256786,MONDO:0001627,0,64,64
random,CHEMBL1256786,MONDO:0002009,6,212,218
random,CHEMBL1256786,MONDO:0004975,1,132,133
random,CHEMBL1256786,MONDO:0004985,4,244,248
random,CHEMBL1256786,MONDO:0005090,6,263,269
random,CHEMBL1256786,MONDO:0005098,1,119,120
random,CHEMBL1256786,MONDO:0005180,2,94,96
random,CHEMBL1256786,MONDO:0005277,0,30,30
random,CHEMBL1256786,MONDO:0005301,0,47,47
random,CHEMBL1256786,MONDO:0005618,8,271,279
random,CHEMBL1256786,MONDO:0007743,1,33,34
random,CHEMBL1257,MONDO:0001627,0,22,22
random,CHEMBL1257,MONDO:0002009,2,80,82
random,CHEMBL1257,MONDO:0004975,0,59,59
random,CHEMBL1257,MONDO:0004985,17,70,87
random,CHEMBL1257,MONDO:0005090,24,77,101
random,CHEMBL1257,MONDO:0005098,1,51,52
random,CHEMBL1257,MONDO:0005180,1,33,34
random,CHEMBL1257,MONDO:0005277,0,12,12
random,CHEMBL1257,MONDO:0005301,0,20,20
random,CHEMBL1257,MONDO:0005618,8,85,93
random,CHEMBL1257,MONDO:0007743,0,12,12
random,CHEMBL126,MONDO:0001627,1,44,45
random,CHEMBL126,MONDO:0002009,21,187,208
random,CHEMBL126,MONDO:0004975,2,101,103
random,CHEMBL126,MONDO:0004985,20,175,195
random,CHEMBL126,MONDO:0005090,34,217,251
random,CHEMBL126,MONDO:0005098,3,86,89
random,CHEMBL126,MONDO:0005180,6,89,95
random,CHEMBL126,MONDO:0005277,1,37,38
random,CHEMBL126,MONDO:0005301,1,42,43
random,CHEMBL126,MONDO:0005618,32,212,244
random,CHEMBL126,MONDO:0007743,4,48,52
random,CHEMBL1261,MONDO:0001627,1,51,52
random,CHEMBL1261,MONDO:0002009,9,230,239
random,CHEMBL1261,MONDO:0004985,12,244,256
random,CHEMBL1261,MONDO:0005027,9,136,145
random,CHEMBL1261,MONDO:0005090,20,302,322
random,CHEMBL1261,MONDO:0005098,2,116,118
random,CHEMBL1261,MONDO:0005180,3,106,109
random,CHEMBL1261,MONDO:0005277,1,51,52
random,CHEMBL1261,MONDO:0005301,0,51,51
random,CHEMBL1261,MONDO:0005618,19,278,297
random,CHEMBL1261,MONDO:0007743,1,42,43
random,CHEMBL1263,MONDO:0001627,1,45,46
random,CHEMBL1263,MONDO:0002009,22,180,202
random,CHEMBL1263,MONDO:0004975,1,109,110
random,CHEMBL1263,MONDO:0004985,25,164,189
random,CHEMBL1263,MONDO:0005090,40,202,242
random,CHEMBL1263,MONDO:0005098,3,87,90
random,CHEMBL1263,MONDO:0005180,5,102,107
random,CHEMBL1263,MONDO:0005277,2,51,53
random,CHEMBL1263,MONDO:0005301,1,47,48
random,CHEMBL1263,MONDO:0005618,35,207,242
random,CHEMBL1263,MONDO:0007743,6,50,56
random,CHEMBL127,MONDO:0001627,1,43,44
random,CHEMBL127,MONDO:0002009,19,248,267
random,CHEMBL127,MONDO:0004975,3,133,136
random,CHEMBL127,MONDO:0004985,20,207,227
random,CHEMBL127,MONDO:0005090,32,254,286
random,CHEMBL127,MONDO:0005098,3,92,95
random,CHEMBL127,MONDO:0005180,4,102,106
random,CHEMBL127,MONDO:0005277,2,51,53
random,CHEMBL127,MONDO:0005301,1,50,51
random,CHEMBL127,MONDO:0005618,31,278,309
random,CHEMBL127,MONDO:0007743,4,46,50
random,CHEMBL12713,MONDO:0001627,1,44,45
random,CHEMBL12713,MONDO:0002009,22,180,202
random,CHEMBL12713,MONDO:0004975,1,99,100
random,CHEMBL12713,MONDO:0004985,22,168,190
random,CHEMBL12713,MONDO:0005027,20,127,147
random,CHEMBL12713,MONDO:0005098,3,86,89
random,CHEMBL12713,MONDO:0005180,6,91,97
random,CHEMBL12713,MONDO:0005277,1,37,38
random,CHEMBL12713,MONDO:0005301,1,42,43
random,CHEMBL12713,MONDO:0005618,33,203,236
random,CHEMBL12713,MONDO:0007743,5,46,51
random,CHEMBL127516,MONDO:0001627,1,47,48
random,CHEMBL127516,MONDO:0002009,21,229,250
random,CHEMBL127516,MONDO:0004975,3,147,150
random,CHEMBL127516,MONDO:0004985,27,229,256
random,CHEMBL127516,MONDO:0005090,38,267,305
random,CHEMBL127516,MONDO:0005098,4,109,113
random,CHEMBL127516,MONDO:0005180,5,110,115
random,CHEMBL127516,MONDO:0005277,2,54,56
random,CHEMBL127516,MONDO:0005301,3,49,52
random,CHEMBL127516,MONDO:0005618,34,273,307
random,CHEMBL127516,MONDO:0007743,4,48,52
random,CHEMBL1278,MONDO:0001627,0,19,19
random,CHEMBL1278,MONDO:0002009,3,60,63
random,CHEMBL1278,MONDO:0004975,0,30,30
random,CHEMBL1278,MONDO:0004985,3,56,59
random,CHEMBL1278,MONDO:0005027,2,27,29
random,CHEMBL1278,MONDO:0005090,4,59,63
random,CHEMBL1278,MONDO:0005180,1,39,40
random,CHEMBL1278,MONDO:0005301,0,22,22
random,CHEMBL1278,MONDO:0005618,5,64,69
random,CHEMBL1278,MONDO:0007743,0,16,16
random,CHEMBL1279,MONDO:0001627,0,12,12
random,CHEMBL1279,MONDO:0002009,2,54,56
random,CHEMBL1279,MONDO:0004975,0,28,28
random,CHEMBL1279,MONDO:0004985,2,44,46
random,CHEMBL1279,MONDO:0005027,2,24,26
random,CHEMBL1279,MONDO:0005090,3,56,59
random,CHEMBL1279,MONDO:0005180,0,29,29
random,CHEMBL1279,MONDO:0005301,0,16,16
random,CHEMBL1279,MONDO:0005618,4,59,63
random,CHEMBL1279,MONDO:0007743,0,13,13
random,CHEMBL128,MONDO:0001627,1,40,41
random,CHEMBL128,MONDO:0002009,23,185,208
random,CHEMBL128,MONDO:0004975,1,100,101
random,CHEMBL128,MONDO:0004985,25,176,201
random,CHEMBL128,MONDO:0005090,38,214,252
random,CHEMBL128,MONDO:0005180,5,96,101
random,CHEMBL128,MONDO:0005301,1,44,45
random,CHEMBL128,MONDO:0005618,37,209,246
random,CHEMBL128,MONDO:0007743,4,41,45
random,CHEMBL1286,MONDO:0001627,1,55,56
random,CHEMBL1286,MONDO:0002009,20,228,248
random,CHEMBL1286,MONDO:0004975,4,161,165
random,CHEMBL1286,MONDO:0004985,23,227,250
random,CHEMBL1286,MONDO:0005027,18,157,175
random,CHEMBL1286,MONDO:0005090,38,282,320
random,CHEMBL1286,MONDO:0005098,4,121,125
random,CHEMBL1286,MONDO:0005180,5,106,111
random,CHEMBL1286,MONDO:0005277,2,51,53
random,CHEMBL1286,MONDO:0005301,1,51,52
random,CHEMBL1286,MONDO:0007743,4,47,51
random,CHEMBL1290,MONDO:0001627,1,49,50
random,CHEMBL1290,MONDO:0002009,9,155,164
random,CHEMBL1290,MONDO:0004975,4,137,141
random,CHEMBL1290,MONDO:0004985,13,160,173
random,CHEMBL1290,MONDO:0005027,10,113,123
random,CHEMBL1290,MONDO:0005090,21,192,213
random,CHEMBL1290,MONDO:0005098,2,87,89
random,CHEMBL1290,MONDO:0005180,4,88,92
random,CHEMBL1290,MONDO:0005277,1,51,52
random,CHEMBL1290,MONDO:0005301,0,44,44
random,CHEMBL1290,MONDO:0007743,1,38,39
random,CHEMBL1297,MONDO:0001627,1,50,51
random,CHEMBL1297,MONDO:0002009,10,195,205
random,CHEMBL1297,MONDO:0004975,4,146,150
random,CHEMBL1297,MONDO:0004985,12,193,205
random,CHEMBL1297,MONDO:0005027,11,135,146
random,CHEMBL1297,MONDO:0005090,22,236,258
random,CHEMBL1297,MONDO:0005180,3,100,103
random,CHEMBL1297,MONDO:0005277,1,51,52
random,CHEMBL1297,MONDO:0005301,0,47,47
random,CHEMBL1297,MONDO:0005618,19,227,246
random,CHEMBL1297,MONDO:0007743,1,39,40
random,CHEMBL13,MONDO:0001627,1,44,45
random,CHEMBL13,MONDO:0002009,25,184,209
random,CHEMBL13,MONDO:0004975,2,112,114
random,CHEMBL13,MONDO:0004985,24,171,195
random,CHEMBL13,MONDO:0005027,19,144,163
random,CHEMBL13,MONDO:0005090,36,206,242
random,CHEMBL13,MONDO:0005098,4,83,87
random,CHEMBL13,MONDO:0005180,6,98,104
random,CHEMBL13,MONDO:0005277,2,51,53
random,CHEMBL13,MONDO:0005301,1,45,46
random,CHEMBL13,MONDO:0007743,6,49,55
random,CHEMBL1303,MONDO:0001627,1,42,43
random,CHEMBL1303,MONDO:0002009,20,243,263
random,CHEMBL1303,MONDO:0004975,4,136,140
random,CHEMBL1303,MONDO:0004985,21,200,221
random,CHEMBL1303,MONDO:0005027,15,144,159
random,CHEMBL1303,MONDO:0005090,34,255,289
random,CHEMBL1303,MONDO:0005098,3,86,89
random,CHEMBL1303,MONDO:0005277,2,51,53
random,CHEMBL1303,MONDO:0005301,1,47,48
random,CHEMBL1303,MONDO:0005618,30,278,308
random,CHEMBL1303,MONDO:0007743,6,46,52
random,CHEMBL130880,MONDO:0001627,0,50,50
random,CHEMBL130880,MONDO:0002009,0,150,150
random,CHEMBL130880,MONDO:0004985,1,203,204
random,CHEMBL130880,MONDO:0005027,1,83,84
random,CHEMBL130880,MONDO:0005090,2,209,211
random,CHEMBL130880,MONDO:0005098,0,81,81
random,CHEMBL130880,MONDO:0005180,0,58,58
random,CHEMBL130880,MONDO:0005277,0,24,24
random,CHEMBL130880,MONDO:0005301,0,42,42
random,CHEMBL130880,MONDO:0005618,1,207,208
random,CHEMBL130880,MONDO:0007743,0,14,14
random,CHEMBL131,MONDO:0001627,1,46,47
random,CHEMBL131,MONDO:0002009,24,243,267
random,CHEMBL131,MONDO:0004975,2,140,142
random,CHEMBL131,MONDO:0004985,24,231,255
random,CHEMBL131,MONDO:0005090,36,276,312
random,CHEMBL131,MONDO:0005098,6,136,142
random,CHEMBL131,MONDO:0005180,7,134,141
random,CHEMBL131,MONDO:0005277,2,51,53
random,CHEMBL131,MONDO:0005618,41,286,327
random,CHEMBL131,MONDO:0007743,4,47,51
random,CHEMBL1324,MONDO:0001627,1,43,44
random,CHEMBL1324,MONDO:0002009,19,183,202
random,CHEMBL1324,MONDO:0004975,1,122,123
random,CHEMBL1324,MONDO:0004985,21,191,212
random,CHEMBL1324,MONDO:0005027,15,127,142
random,CHEMBL1324,MONDO:0005090,32,236,268
random,CHEMBL1324,MONDO:0005098,2,93,95
random,CHEMBL1324,MONDO:0005277,2,53,55
random,CHEMBL1324,MONDO:0005301,1,42,43
random,CHEMBL1324,MONDO:0005618,32,229,261
random,CHEMBL1324,MONDO:0007743,5,48,53
random,CHEMBL1328898,MONDO:0001627,1,52,53
random,CHEMBL1328898,MONDO:0002009,9,203,212
random,CHEMBL1328898,MONDO:0004975,3,145,148
random,CHEMBL1328898,MONDO:0004985,13,203,216
random,CHEMBL1328898,MONDO:0005027,9,132,141
random,CHEMBL1328898,MONDO:0005090,21,252,273
random,CHEMBL1328898,MONDO:0005098,2,116,118
random,CHEMBL1328898,MONDO:0005277,1,51,52
random,CHEMBL1328898,MONDO:0005301,1,46,47
random,CHEMBL1328898,MONDO:0005618,18,242,260
random,CHEMBL1328898,MONDO:0007743,1,42,43
random,CHEMBL1331216,MONDO:0001627,1,38,39
random,CHEMBL1331216,MONDO:0002009,17,189,206
random,CHEMBL1331216,MONDO:0004975,1,104,105
random,CHEMBL1331216,MONDO:0004985,20,192,212
random,CHEMBL1331216,MONDO:0005027,15,134,149
random,CHEMBL1331216,MONDO:0005090,30,217,247
random,CHEMBL1331216,MONDO:0005098,2,84,86
random,CHEMBL1331216,MONDO:0005180,4,84,88
random,CHEMBL1331216,MONDO:0005277,2,51,53
random,CHEMBL1331216,MONDO:0005301,1,40,41
random,CHEMBL1331216,MONDO:0007743,4,46,50
random,CHEMBL1336,MONDO:0001627,2,93,95
random,CHEMBL1336,MONDO:0002009,40,594,634
random,CHEMBL1336,MONDO:0004975,8,360,368
random,CHEMBL1336,MONDO:0004985,46,649,695
random,CHEMBL1336,MONDO:0005027,26,306,332
random,CHEMBL1336,MONDO:0005090,83,921,1004
random,CHEMBL1336,MONDO:0005098,5,209,214
random,CHEMBL1336,MONDO:0005180,12,178,190
random,CHEMBL1336,MONDO:0005277,2,69,71
random,CHEMBL1336,MONDO:0005301,2,97,99
random,CHEMBL1336,MONDO:0007743,4,49,53
random,CHEMBL134,MONDO:0001627,1,45,46
random,CHEMBL134,MONDO:0002009,27,208,235
random,CHEMBL134,MONDO:0004975,2,122,124
random,CHEMBL134,MONDO:0004985,27,193,220
random,CHEMBL134,MONDO:0005027,20,144,164
random,CHEMBL134,MONDO:0005090,38,225,263
random,CHEMBL134,MONDO:0005098,4,96,100
random,CHEMBL134,MONDO:0005180,5,102,107
random,CHEMBL134,MONDO:0005277,2,51,53
random,CHEMBL134,MONDO:0005301,1,46,47
random,CHEMBL135,MONDO:0002009,28,305,333
random,CHEMBL135,MONDO:0004975,6,215,221
random,CHEMBL135,MONDO:0004985,28,328,356
random,CHEMBL135,MONDO:0005090,47,458,505
random,CHEMBL135,MONDO:0005180,7,144,151
random,CHEMBL135,MONDO:0005301,1,71,72
random,CHEMBL135,MONDO:0007743,6,54,60
random,CHEMBL135400,MONDO:0001627,2,47,49
random,CHEMBL135400,MONDO:0002009,22,176,198
random,CHEMBL135400,MONDO:0004975,3,121,124
random,CHEMBL135400,MONDO:0004985,26,176,202
random,CHEMBL135400,MONDO:0005027,19,139,158
random,CHEMBL135400,MONDO:0005090,40,223,263
random,CHEMBL135400,MONDO:0005098,3,81,84
random,CHEMBL135400,MONDO:0005180,6,108,114
random,CHEMBL135400,MONDO:0005277,2,51,53
random,CHEMBL135400,MONDO:0005301,1,46,47
random,CHEMBL135400,MONDO:0007743,5,46,51
random,CHEMBL1355736,MONDO:0001627,1,63,64
random,CHEMBL1355736,MONDO:0002009,24,313,337
random,CHEMBL1355736,MONDO:0004975,4,210,214
random,CHEMBL1355736,MONDO:0004985,25,332,357
random,CHEMBL1355736,MONDO:0005090,45,457,502
random,CHEMBL1355736,MONDO:0005098,4,147,151
random,CHEMBL1355736,MONDO:0005180,6,142,148
random,CHEMBL1355736,MONDO:0005277,2,53,55
random,CHEMBL1355736,MONDO:0005301,1,59,60
random,CHEMBL1355736,MONDO:0007743,4,53,57
random,CHEMBL1359,MONDO:0001627,1,46,47
random,CHEMBL1359,MONDO:0002009,6,139,145
random,CHEMBL1359,MONDO:0004975,3,112,115
random,CHEMBL1359,MONDO:0004985,11,150,161
random,CHEMBL1359,MONDO:0005090,18,173,191
random,CHEMBL1359,MONDO:0005098,2,88,90
random,CHEMBL1359,MONDO:0005180,3,78,81
random,CHEMBL1359,MONDO:0005277,1,51,52
random,CHEMBL1359,MONDO:0005301,0,39,39
random,CHEMBL1359,MONDO:0005618,15,161,176
random,CHEMBL1359,MONDO:0007743,1,37,38
random,CHEMBL1364,MONDO:0001627,0,12,12
random,CHEMBL1364,MONDO:0002009,1,45,46
random,CHEMBL1364,MONDO:0004975,0,31,31
random,CHEMBL1364,MONDO:0004985,0,32,32
random,CHEMBL1364,MONDO:0005027,2,41,43
random,CHEMBL1364,MONDO:0005098,1,40,41
random,CHEMBL1364,MONDO:0005180,0,24,24
random,CHEMBL1364,MONDO:0005277,0,5,5
random,CHEMBL1364,MONDO:0005301,0,13,13
random,CHEMBL1364,MONDO:0007743,0,8,8
random,CHEMBL1368,MONDO:0001627,0,7,7
random,CHEMBL1368,MONDO:0002009,0,14,14
random,CHEMBL1368,MONDO:0004975,0,11,11
random,CHEMBL1368,MONDO:0004985,0,14,14
random,CHEMBL1368,MONDO:0005090,0,12,12
random,CHEMBL1368,MONDO:0005098,0,8,8
random,CHEMBL1368,MONDO:0005180,0,11,11
random,CHEMBL1368,MONDO:0005277,0,7,7
random,CHEMBL1368,MONDO:0005301,0,7,7
random,CHEMBL1368,MONDO:0005618,0,14,14
random,CHEMBL1368,MONDO:0007743,0,7,7
random,CHEMBL137,MONDO:0001627,1,69,70
random,CHEMBL137,MONDO:0002009,20,276,296
random,CHEMBL137,MONDO:0004975,1,174,175
random,CHEMBL137,MONDO:0004985,23,327,350
random,CHEMBL137,MONDO:0005090,36,370,406
random,CHEMBL137,MONDO:0005098,2,127,129
random,CHEMBL137,MONDO:0005180,5,113,118
random,CHEMBL137,MONDO:0005277,2,53,55
random,CHEMBL137,MONDO:0005301,2,57,59
random,CHEMBL137,MONDO:0005618,32,356,388
random,CHEMBL137,MONDO:0007743,4,47,51
random,CHEMBL1370,MONDO:0001627,1,84,85
random,CHEMBL1370,MONDO:0002009,25,313,338
random,CHEMBL1370,MONDO:0004975,3,217,220
random,CHEMBL1370,MONDO:0004985,23,298,321
random,CHEMBL1370,MONDO:0005090,39,376,415
random,CHEMBL1370,MONDO:0005098,4,182,186
random,CHEMBL1370,MONDO:0005180,6,129,135
random,CHEMBL1370,MONDO:0005277,2,51,53
random,CHEMBL1370,MONDO:0005301,1,75,76
random,CHEMBL1370,MONDO:0005618,40,365,405
random,CHEMBL1370,MONDO:0007743,4,51,55
random,CHEMBL1371770,MONDO:0001627,1,82,83
random,CHEMBL1371770,MONDO:0002009,19,379,398
random,CHEMBL1371770,MONDO:0004975,4,225,229
random,CHEMBL1371770,MONDO:0004985,21,385,406
random,CHEMBL1371770,MONDO:0005027,16,199,215
random,CHEMBL1371770,MONDO:0005090,34,461,495
random,CHEMBL1371770,MONDO:0005098,3,162,165
random,CHEMBL1371770,MONDO:0005277,2,53,55
random,CHEMBL1371770,MONDO:0005301,1,79,80
random,CHEMBL1371770,MONDO:0005618,29,479,508
random,CHEMBL1371770,MONDO:0007743,4,51,55
random,CHEMBL1373,MONDO:0001627,1,68,69
random,CHEMBL1373,MONDO:0002009,25,278,303
random,CHEMBL1373,MONDO:0004975,2,174,176
random,CHEMBL1373,MONDO:0004985,27,328,355
random,CHEMBL1373,MONDO:0005027,18,169,187
random,CHEMBL1373,MONDO:0005090,44,383,427
random,CHEMBL1373,MONDO:0005098,3,126,129
random,CHEMBL1373,MONDO:0005180,5,115,120
random,CHEMBL1373,MONDO:0005277,2,53,55
random,CHEMBL1373,MONDO:0005301,1,58,59
random,CHEMBL1373,MONDO:0007743,7,49,56
random,CHEMBL13766,MONDO:0001627,0,61,61
random,CHEMBL13766,MONDO:0002009,2,154,156
random,CHEMBL13766,MONDO:0004975,0,114,114
random,CHEMBL13766,MONDO:0004985,1,164,165
random,CHEMBL13766,MONDO:0005090,3,228,231
random,CHEMBL13766,MONDO:0005098,1,109,110
random,CHEMBL13766,MONDO:0005180,0,69,69
random,CHEMBL13766,MONDO:0005277,0,31,31
random,CHEMBL13766,MONDO:0005301,0,52,52
random,CHEMBL13766,MONDO:0005618,3,201,204
random,CHEMBL13766,MONDO:0007743,0,20,20
random,CHEMBL1382,MONDO:0002009,26,222,248
random,CHEMBL1382,MONDO:0004975,5,160,165
random,CHEMBL1382,MONDO:0004985,26,219,245
random,CHEMBL1382,MONDO:0005027,17,154,171
random,CHEMBL1382,MONDO:0005090,45,282,327
random,CHEMBL1382,MONDO:0005098,4,111,115
random,CHEMBL1382,MONDO:0005180,6,104,110
random,CHEMBL1382,MONDO:0005277,2,51,53
random,CHEMBL1382,MONDO:0005301,1,46,47
random,CHEMBL1382,MONDO:0005618,44,261,305
random,CHEMBL1382,MONDO:0007743,6,48,54
random,CHEMBL1384,MONDO:0001627,1,40,41
random,CHEMBL1384,MONDO:0002009,18,171,189
random,CHEMBL1384,MONDO:0004975,1,102,103
random,CHEMBL1384,MONDO:0004985,20,163,183
random,CHEMBL1384,MONDO:0005027,16,130,146
random,CHEMBL1384,MONDO:0005090,29,185,214
random,CHEMBL1384,MONDO:0005098,2,71,73
random,CHEMBL1384,MONDO:0005277,2,51,53
random,CHEMBL1384,MONDO:0005301,1,44,45
random,CHEMBL1384,MONDO:0005618,29,191,220
random,CHEMBL1384,MONDO:0007743,4,46,50
random,CHEMBL1389,MONDO:0002009,8,191,199
random,CHEMBL1389,MONDO:0004975,3,140,143
random,CHEMBL1389,MONDO:0004985,12,189,201
random,CHEMBL1389,MONDO:0005090,22,224,246
random,CHEMBL1389,MONDO:0005180,3,95,98
random,CHEMBL1389,MONDO:0005301,0,47,47
random,CHEMBL1389,MONDO:0007743,1,40,41
random,CHEMBL139,MONDO:0001627,1,55,56
random,CHEMBL139,MONDO:0002009,29,250,279
random,CHEMBL139,MONDO:0004975,5,184,189
random,CHEMBL139,MONDO:0004985,32,260,292
random,CHEMBL139,MONDO:0005027,21,179,200
random,CHEMBL139,MONDO:0005090,54,333,387
random,CHEMBL139,MONDO:0005180,7,121,128
random,CHEMBL139,MONDO:0005277,2,56,58
random,CHEMBL139,MONDO:0005301,1,54,55
random,CHEMBL139,MONDO:0005618,49,315,364
random,CHEMBL139,MONDO:0007743,7,52,59
random,CHEMBL1395,MONDO:0002009,18,198,216
random,CHEMBL1395,MONDO:0004975,2,124,126
random,CHEMBL1395,MONDO:0004985,21,195,216
random,CHEMBL1395,MONDO:0005090,31,234,265
random,CHEMBL1395,MONDO:0005180,5,108,113
random,CHEMBL1395,MONDO:0005301,1,41,42
random,CHEMBL1395,MONDO:0005618,31,238,269
random,CHEMBL1395,MONDO:0007743,4,50,54
random,CHEMBL1405,MONDO:0002009,13,294,307
random,CHEMBL1405,MONDO:0004975,4,215,219
random,CHEMBL1405,MONDO:0004985,12,282,294
random,CHEMBL1405,MONDO:0005090,25,369,394
random,CHEMBL1405,MONDO:0005180,7,131,138
random,CHEMBL1405,MONDO:0005301,0,72,72
random,CHEMBL1405,MONDO:0007743,2,47,49
random,CHEMBL14060,MONDO:0001627,1,51,52
random,CHEMBL14060,MONDO:0002009,9,201,210
random,CHEMBL14060,MONDO:0004975,4,158,162
random,CHEMBL14060,MONDO:0004985,11,207,218
random,CHEMBL14060,MONDO:0005090,20,256,276
random,CHEMBL14060,MONDO:0005098,4,126,130
random,CHEMBL14060,MONDO:0005180,3,107,110
random,CHEMBL14060,MONDO:0005277,1,53,54
random,CHEMBL14060,MONDO:0005301,0,48,48
random,CHEMBL14060,MONDO:0005618,18,239,257
random,CHEMBL14060,MONDO:0007743,1,44,45
random,CHEMBL1412,MONDO:0001627,2,52,54
random,CHEMBL1412,MONDO:0002009,8,153,161
random,CHEMBL1412,MONDO:0004975,5,139,144
random,CHEMBL1412,MONDO:0004985,12,157,169
random,CHEMBL1412,MONDO:0005090,22,193,215
random,CHEMBL1412,MONDO:0005098,2,88,90
random,CHEMBL1412,MONDO:0005180,5,93,98
random,CHEMBL1412,MONDO:0005277,1,51,52
random,CHEMBL1412,MONDO:0005301,0,43,43
random,CHEMBL1412,MONDO:0005618,18,178,196
random,CHEMBL1412,MONDO:0007743,1,39,40
random,CHEMBL1419,MONDO:0001627,1,40,41
random,CHEMBL1419,MONDO:0002009,20,163,183
random,CHEMBL1419,MONDO:0004975,1,102,103
random,CHEMBL1419,MONDO:0004985,24,162,186
random,CHEMBL1419,MONDO:0005090,35,208,243
random,CHEMBL1419,MONDO:0005180,4,97,101
random,CHEMBL1419,MONDO:0005277,2,51,53
random,CHEMBL1419,MONDO:0005301,1,42,43
random,CHEMBL1419,MONDO:0005618,34,195,229
random,CHEMBL1419,MONDO:0007743,6,49,55
random,CHEMBL1423,MONDO:0001627,2,97,99
random,CHEMBL1423,MONDO:0002009,30,426,456
random,CHEMBL1423,MONDO:0004985,32,488,520
random,CHEMBL1423,MONDO:0005090,52,660,712
random,CHEMBL1423,MONDO:0005098,4,205,209
random,CHEMBL1423,MONDO:0005277,2,56,58
random,CHEMBL1423,MONDO:0005301,2,87,89
random,CHEMBL1423,MONDO:0005618,50,583,633
random,CHEMBL1423,MONDO:0007743,6,54,60
random,CHEMBL1431,MONDO:0001627,1,50,51
random,CHEMBL1431,MONDO:0002009,21,226,247
random,CHEMBL1431,MONDO:0004975,3,154,157
random,CHEMBL1431,MONDO:0004985,25,230,255
random,CHEMBL1431,MONDO:0005027,18,159,177
random,CHEMBL1431,MONDO:0005090,38,280,318
random,CHEMBL1431,MONDO:0005180,4,97,101
random,CHEMBL1431,MONDO:0005277,2,51,53
random,CHEMBL1431,MONDO:0005301,1,48,49
random,CHEMBL1431,MONDO:0005618,39,269,308
random,CHEMBL1431,MONDO:0007743,6,48,54
random,CHEMBL14370,MONDO:0001627,0,6,6
random,CHEMBL14370,MONDO:0004975,1,18,19
random,CHEMBL14370,MONDO:0004985,1,16,17
random,CHEMBL14370,MONDO:0005027,2,18,20
random,CHEMBL14370,MONDO:0005090,4,28,32
random,CHEMBL14370,MONDO:0005098,0,11,11
random,CHEMBL14370,MONDO:0005180,2,26,28
random,CHEMBL14370,MONDO:0005277,0,2,2
random,CHEMBL14370,MONDO:0005301,0,5,5
random,CHEMBL14370,MONDO:0007743,0,9,9
random,CHEMBL14376,MONDO:0001627,1,48,49
random,CHEMBL14376,MONDO:0002009,18,196,214
random,CHEMBL14376,MONDO:0004985,22,198,220
random,CHEMBL14376,MONDO:0005098,4,115,119
random,CHEMBL14376,MONDO:0005180,6,105,111
random,CHEMBL14376,MONDO:0005277,2,51,53
random,CHEMBL14376,MONDO:0005301,1,46,47
random,CHEMBL14376,MONDO:0005618,33,232,265
random,CHEMBL14376,MONDO:0007743,6,48,54
random,CHEMBL1440,MONDO:0001627,1,48,49
random,CHEMBL1440,MONDO:0002009,21,218,239
random,CHEMBL1440,MONDO:0004975,1,128,129
random,CHEMBL1440,MONDO:0004985,21,206,227
random,CHEMBL1440,MONDO:0005090,33,244,277
random,CHEMBL1440,MONDO:0005098,3,107,110
random,CHEMBL1440,MONDO:0005180,5,104,109
random,CHEMBL1440,MONDO:0005277,2,51,53
random,CHEMBL1440,MONDO:0005301,1,49,50
random,CHEMBL1440,MONDO:0005618,33,249,282
random,CHEMBL1440,MONDO:0007743,4,47,51
random,CHEMBL1445,MONDO:0002009,17,156,173
random,CHEMBL1445,MONDO:0004975,1,104,105
random,CHEMBL1445,MONDO:0004985,21,181,202
random,CHEMBL1445,MONDO:0005090,29,214,243
random,CHEMBL1445,MONDO:0005180,4,87,91
random,CHEMBL1445,MONDO:0005301,2,45,47
random,CHEMBL1445,MONDO:0005618,29,203,232
random,CHEMBL1445,MONDO:0007743,4,46,50
random,CHEMBL1451,MONDO:0001627,1,83,84
random,CHEMBL1451,MONDO:0002009,15,305,320
random,CHEMBL1451,MONDO:0004975,5,205,210
random,CHEMBL1451,MONDO:0004985,14,292,306
random,CHEMBL1451,MONDO:0005090,26,386,412
random,CHEMBL1451,MONDO:0005098,4,180,184
random,CHEMBL1451,MONDO:0005180,5,121,126
random,CHEMBL1451,MONDO:0005277,1,61,62
random,CHEMBL1451,MONDO:0005618,25,388,413
random,CHEMBL1451,MONDO:0007743,1,47,48
random,CHEMBL1457,MONDO:0001627,1,40,41
random,CHEMBL1457,MONDO:0002009,22,163,185
random,CHEMBL1457,MONDO:0004985,24,160,184
random,CHEMBL1457,MONDO:0005090,36,193,229
random,CHEMBL1457,MONDO:0005098,3,64,67
random,CHEMBL1457,MONDO:0005180,5,93,98
random,CHEMBL1457,MONDO:0005277,2,51,53
random,CHEMBL1457,MONDO:0005301,1,40,41
random,CHEMBL1457,MONDO:0005618,36,185,221
random,CHEMBL1457,MONDO:0007743,6,46,52
random,CHEMBL1472975,MONDO:0001627,1,47,48
random,CHEMBL1472975,MONDO:0002009,11,179,190
random,CHEMBL1472975,MONDO:0004975,4,142,146
random,CHEMBL1472975,MONDO:0004985,15,180,195
random,CHEMBL1472975,MONDO:0005027,11,116,127
random,CHEMBL1472975,MONDO:0005098,2,101,103
random,CHEMBL1472975,MONDO:0005180,5,93,98
random,CHEMBL1472975,MONDO:0005277,2,51,53
random,CHEMBL1472975,MONDO:0005301,1,43,44
random,CHEMBL1472975,MONDO:0005618,20,206,226
random,CHEMBL1472975,MONDO:0007743,3,38,41
random,CHEMBL1473,MONDO:0001627,1,49,50
random,CHEMBL1473,MONDO:0002009,23,205,228
random,CHEMBL1473,MONDO:0004975,3,149,152
random,CHEMBL1473,MONDO:0004985,26,209,235
random,CHEMBL1473,MONDO:0005090,42,259,301
random,CHEMBL1473,MONDO:0005098,4,99,103
random,CHEMBL1473,MONDO:0005180,5,98,103
random,CHEMBL1473,MONDO:0005277,2,51,53
random,CHEMBL1473,MONDO:0005301,1,48,49
random,CHEMBL1473,MONDO:0005618,40,234,274
random,CHEMBL1473,MONDO:0007743,6,49,55
random,CHEMBL1479,MONDO:0001627,1,40,41
random,CHEMBL1479,MONDO:0002009,21,206,227
random,CHEMBL1479,MONDO:0004975,2,122,124
random,CHEMBL1479,MONDO:0004985,22,200,222
random,CHEMBL1479,MONDO:0005090,33,241,274
random,CHEMBL1479,MONDO:0005098,2,100,102
random,CHEMBL1479,MONDO:0005180,5,101,106
random,CHEMBL1479,MONDO:0005301,2,44,46
random,CHEMBL1479,MONDO:0005618,34,246,280
random,CHEMBL1479,MONDO:0007743,5,55,60
random,CHEMBL1481,MONDO:0001627,0,2,2
random,CHEMBL1481,MONDO:0002009,1,22,23
random,CHEMBL1481,MONDO:0004975,0,17,17
random,CHEMBL1481,MONDO:0004985,0,16,16
random,CHEMBL1481,MONDO:0005027,1,14,15
random,CHEMBL1481,MONDO:0005090,0,20,20
random,CHEMBL1481,MONDO:0005180,0,17,17
random,CHEMBL1481,MONDO:0005277,0,1,1
random,CHEMBL1481,MONDO:0005301,0,6,6
random,CHEMBL1481,MONDO:0005618,1,22,23
random,CHEMBL1481,MONDO:0007743,0,6,6
random,CHEMBL1482,MONDO:0001627,1,40,41
random,CHEMBL1482,MONDO:0002009,17,177,194
random,CHEMBL1482,MONDO:0004975,1,100,101
random,CHEMBL1482,MONDO:0004985,21,177,198
random,CHEMBL1482,MONDO:0005090,30,218,248
random,CHEMBL1482,MONDO:0005098,2,85,87
random,CHEMBL1482,MONDO:0005277,2,51,53
random,CHEMBL1482,MONDO:0005301,1,41,42
random,CHEMBL1482,MONDO:0005618,29,214,243
random,CHEMBL1482,MONDO:0007743,4,46,50
random,CHEMBL1487,MONDO:0001627,1,52,53
random,CHEMBL1487,MONDO:0002009,24,239,263
random,CHEMBL1487,MONDO:0004975,2,148,150
random,CHEMBL1487,MONDO:0004985,23,246,269
random,CHEMBL1487,MONDO:0005027,19,166,185
random,CHEMBL1487,MONDO:0005090,41,337,378
random,CHEMBL1487,MONDO:0005180,6,127,133
random,CHEMBL1487,MONDO:0005277,2,54,56
random,CHEMBL1487,MONDO:0005301,2,53,55
random,CHEMBL1487,MONDO:0005618,40,316,356
random,CHEMBL1487,MONDO:0007743,4,49,53
random,CHEMBL1490,MONDO:0001627,1,47,48
random,CHEMBL1490,MONDO:0002009,8,181,189
random,CHEMBL1490,MONDO:0004975,4,138,142
random,CHEMBL1490,MONDO:0004985,12,175,187
random,CHEMBL1490,MONDO:0005027,10,116,126
random,CHEMBL1490,MONDO:0005090,24,212,236
random,CHEMBL1490,MONDO:0005098,2,103,105
random,CHEMBL1490,MONDO:0005277,1,51,52
random,CHEMBL1490,MONDO:0005301,0,46,46
random,CHEMBL1490,MONDO:0005618,17,203,220
random,CHEMBL1490,MONDO:0007743,1,43,44
random,CHEMBL1491,MONDO:0001627,1,55,56
random,CHEMBL1491,MONDO:0002009,28,234,262
random,CHEMBL1491,MONDO:0004975,4,158,162
random,CHEMBL1491,MONDO:0004985,27,232,259
random,CHEMBL1491,MONDO:0005027,19,149,168
random,CHEMBL1491,MONDO:0005090,46,302,348
random,CHEMBL1491,MONDO:0005180,6,109,115
random,CHEMBL1491,MONDO:0005277,2,61,63
random,CHEMBL1491,MONDO:0005301,1,54,55
random,CHEMBL1491,MONDO:0005618,43,275,318
random,CHEMBL1491,MONDO:0007743,5,47,52
random,CHEMBL1492500,MONDO:0001627,1,38,39
random,CHEMBL1492500,MONDO:0004975,2,99,101
random,CHEMBL1492500,MONDO:0004985,19,158,177
random,CHEMBL1492500,MONDO:0005027,16,111,127
random,CHEMBL1492500,MONDO:0005090,33,199,232
random,CHEMBL1492500,MONDO:0005098,3,75,78
random,CHEMBL1492500,MONDO:0005180,4,81,85
random,CHEMBL1492500,MONDO:0005277,2,51,53
random,CHEMBL1492500,MONDO:0005301,1,40,41
random,CHEMBL1492500,MONDO:0007743,4,45,49
random,CHEMBL1495,MONDO:0001627,1,40,41
random,CHEMBL1495,MONDO:0002009,17,160,177
random,CHEMBL1495,MONDO:0004975,1,94,95
random,CHEMBL1495,MONDO:0004985,20,161,181
random,CHEMBL1495,MONDO:0005027,15,109,124
random,CHEMBL1495,MONDO:0005090,29,184,213
random,CHEMBL1495,MONDO:0005098,2,80,82
random,CHEMBL1495,MONDO:0005180,4,84,88
random,CHEMBL1495,MONDO:0005277,2,51,53
random,CHEMBL1495,MONDO:0005301,1,37,38
random,CHEMBL1495,MONDO:0007743,4,48,52
random,CHEMBL1496,MONDO:0001627,1,43,44
random,CHEMBL1496,MONDO:0002009,19,198,217
random,CHEMBL1496,MONDO:0004975,2,122,124
random,CHEMBL1496,MONDO:0004985,20,182,202
random,CHEMBL1496,MONDO:0005027,17,142,159
random,CHEMBL1496,MONDO:0005090,29,216,245
random,CHEMBL1496,MONDO:0005180,4,104,108
random,CHEMBL1496,MONDO:0005277,2,51,53
random,CHEMBL1496,MONDO:0005301,1,43,44
random,CHEMBL1496,MONDO:0005618,31,227,258
random,CHEMBL1496,MONDO:0007743,4,47,51
random,CHEMBL1505,MONDO:0001627,1,38,39
random,CHEMBL1505,MONDO:0002009,20,185,205
random,CHEMBL1505,MONDO:0004975,3,114,117
random,CHEMBL1505,MONDO:0004985,21,177,198
random,CHEMBL1505,MONDO:0005027,16,122,138
random,CHEMBL1505,MONDO:0005090,33,211,244
random,CHEMBL1505,MONDO:0005180,6,98,104
random,CHEMBL1505,MONDO:0005301,1,39,40
random,CHEMBL1505,MONDO:0005618,33,213,246
random,CHEMBL1505,MONDO:0007743,4,46,50
random,CHEMBL1508,MONDO:0001627,1,69,70
random,CHEMBL1508,MONDO:0004975,2,143,145
random,CHEMBL1508,MONDO:0005090,33,272,305
random,CHEMBL1508,MONDO:0005098,3,132,135
random,CHEMBL1508,MONDO:0005180,7,104,111
random,CHEMBL1508,MONDO:0005277,1,37,38
random,CHEMBL1508,MONDO:0005301,1,64,65
random,CHEMBL1508,MONDO:0007743,4,46,50
random,CHEMBL1509,MONDO:0002009,19,176,195
random,CHEMBL1509,MONDO:0004975,1,108,109
random,CHEMBL1509,MONDO:0004985,21,175,196
random,CHEMBL1509,MONDO:0005090,31,206,237
random,CHEMBL1509,MONDO:0005180,5,91,96
random,CHEMBL1509,MONDO:0005301,1,40,41
random,CHEMBL1509,MONDO:0007743,4,46,50
random,CHEMBL1510,MONDO:0001627,0,7,7
random,CHEMBL1510,MONDO:0002009,6,34,40
random,CHEMBL1510,MONDO:0004975,1,22,23
random,CHEMBL1510,MONDO:0004985,2,21,23
random,CHEMBL1510,MONDO:0005027,3,23,26
random,CHEMBL1510,MONDO:0005090,7,36,43
random,CHEMBL1510,MONDO:0005180,2,30,32
random,CHEMBL1510,MONDO:0005301,0,10,10
random,CHEMBL1510,MONDO:0005618,7,34,41
random,CHEMBL1510,MONDO:0007743,0,11,11
random,CHEMBL1511,MONDO:0002009,12,232,244
random,CHEMBL1511,MONDO:0004975,4,172,176
random,CHEMBL1511,MONDO:0004985,11,228,239
random,CHEMBL1511,MONDO:0005090,29,335,364
random,CHEMBL1511,MONDO:0005180,6,112,118
random,CHEMBL1511,MONDO:0005301,0,53,53
random,CHEMBL1511,MONDO:0007743,2,50,52
random,CHEMBL1520,MONDO:0001627,1,51,52
random,CHEMBL1520,MONDO:0002009,10,184,194
random,CHEMBL1520,MONDO:0004975,3,138,141
random,CHEMBL1520,MONDO:0004985,14,182,196
random,CHEMBL1520,MONDO:0005027,10,118,128
random,CHEMBL1520,MONDO:0005090,24,219,243
random,CHEMBL1520,MONDO:0005180,4,92,96
random,CHEMBL1520,MONDO:0005277,1,51,52
random,CHEMBL1520,MONDO:0005301,0,43,43
random,CHEMBL1520,MONDO:0005618,19,206,225
random,CHEMBL1520,MONDO:0007743,1,37,38
random,CHEMBL1521,MONDO:0001627,1,69,70
random,CHEMBL1521,MONDO:0002009,17,268,285
random,CHEMBL1521,MONDO:0004975,1,169,170
random,CHEMBL1521,MONDO:0004985,22,325,347
random,CHEMBL1521,MONDO:0005027,16,169,185
random,CHEMBL1521,MONDO:0005090,33,361,394
random,CHEMBL1521,MONDO:0005098,2,126,128
random,CHEMBL1521,MONDO:0005180,4,112,116
random,CHEMBL1521,MONDO:0005277,2,53,55
random,CHEMBL1521,MONDO:0005301,1,56,57
random,CHEMBL1521,MONDO:0007743,4,46,50
random,CHEMBL1522,MONDO:0001627,0,16,16
random,CHEMBL1522,MONDO:0002009,0,71,71
random,CHEMBL1522,MONDO:0004975,0,42,42
random,CHEMBL1522,MONDO:0004985,7,58,65
random,CHEMBL1522,MONDO:0005027,5,44,49
random,CHEMBL1522,MONDO:0005090,11,68,79
random,CHEMBL1522,MONDO:0005098,0,52,52
random,CHEMBL1522,MONDO:0005180,0,35,35
random,CHEMBL1522,MONDO:0005277,0,13,13
random,CHEMBL1522,MONDO:0005301,0,17,17
random,CHEMBL1522,MONDO:0007743,0,11,11
random,CHEMBL15245,MONDO:0001627,1,57,58
random,CHEMBL15245,MONDO:0002009,27,258,285
random,CHEMBL15245,MONDO:0004975,4,173,177
random,CHEMBL15245,MONDO:0004985,27,253,280
random,CHEMBL15245,MONDO:0005027,20,170,190
random,CHEMBL15245,MONDO:0005090,47,333,380
random,CHEMBL15245,MONDO:0005098,4,130,134
random,CHEMBL15245,MONDO:0005180,7,110,117
random,CHEMBL15245,MONDO:0005277,2,51,53
random,CHEMBL15245,MONDO:0005301,2,52,54
random,CHEMBL15245,MONDO:0007743,5,51,56
random,CHEMBL1531,MONDO:0002009,12,170,182
random,CHEMBL1531,MONDO:0004975,3,129,132
random,CHEMBL1531,MONDO:0004985,18,164,182
random,CHEMBL1531,MONDO:0005090,27,200,227
random,CHEMBL1531,MONDO:0005180,4,89,93
random,CHEMBL1531,MONDO:0005301,1,44,45
random,CHEMBL1531,MONDO:0007743,3,39,42
random,CHEMBL1532,MONDO:0001627,1,40,41
random,CHEMBL1532,MONDO:0002009,17,179,196
random,CHEMBL1532,MONDO:0004975,1,103,104
random,CHEMBL1532,MONDO:0004985,20,177,197
random,CHEMBL1532,MONDO:0005090,30,214,244
random,CHEMBL1532,MONDO:0005098,2,88,90
random,CHEMBL1532,MONDO:0005180,4,90,94
random,CHEMBL1532,MONDO:0005277,2,51,53
random,CHEMBL1532,MONDO:0005301,1,43,44
random,CHEMBL1532,MONDO:0007743,4,48,52
random,CHEMBL1533,MONDO:0002009,19,204,223
random,CHEMBL1533,MONDO:0004975,3,140,143
random,CHEMBL1533,MONDO:0004985,21,194,215
random,CHEMBL1533,MONDO:0005090,34,242,276
random,CHEMBL1533,MONDO:0005180,4,97,101
random,CHEMBL1533,MONDO:0005301,1,47,48
random,CHEMBL1533,MONDO:0007743,4,48,52
random,CHEMBL1534,MONDO:0001627,0,10,10
random,CHEMBL1534,MONDO:0002009,2,31,33
random,CHEMBL1534,MONDO:0004975,1,18,19
random,CHEMBL1534,MONDO:0004985,2,28,30
random,CHEMBL1534,MONDO:0005090,2,29,31
random,CHEMBL1534,MONDO:0005098,1,18,19
random,CHEMBL1534,MONDO:0005180,2,27,29
random,CHEMBL1534,MONDO:0005277,0,4,4
random,CHEMBL1534,MONDO:0005301,0,13,13
random,CHEMBL1534,MONDO:0007743,0,11,11
random,CHEMBL1538,MONDO:0001627,0,8,8
random,CHEMBL1538,MONDO:0002009,1,21,22
random,CHEMBL1538,MONDO:0004975,0,10,10
random,CHEMBL1538,MONDO:0004985,0,14,14
random,CHEMBL1538,MONDO:0005090,2,18,20
random,CHEMBL1538,MONDO:0005098,0,13,13
random,CHEMBL1538,MONDO:0005180,1,13,14
random,CHEMBL1538,MONDO:0005277,0,2,2
random,CHEMBL1538,MONDO:0005301,0,4,4
random,CHEMBL1538,MONDO:0007743,0,5,5
random,CHEMBL1539,MONDO:0001627,1,47,48
random,CHEMBL1539,MONDO:0002009,7,165,172
random,CHEMBL1539,MONDO:0004975,3,129,132
random,CHEMBL1539,MONDO:0004985,11,173,184
random,CHEMBL1539,MONDO:0005090,19,201,220
random,CHEMBL1539,MONDO:0005098,2,98,100
random,CHEMBL1539,MONDO:0005180,3,79,82
random,CHEMBL1539,MONDO:0005277,1,51,52
random,CHEMBL1539,MONDO:0005301,0,42,42
random,CHEMBL1539,MONDO:0005618,16,189,205
random,CHEMBL1539,MONDO:0007743,1,38,39
random,CHEMBL154,MONDO:0001627,1,50,51
random,CHEMBL154,MONDO:0002009,24,246,270
random,CHEMBL154,MONDO:0004975,4,170,174
random,CHEMBL154,MONDO:0004985,24,230,254
random,CHEMBL154,MONDO:0005090,38,297,335
random,CHEMBL154,MONDO:0005180,5,115,120
random,CHEMBL154,MONDO:0005301,1,49,50
random,CHEMBL154,MONDO:0005618,40,292,332
random,CHEMBL154,MONDO:0007743,4,53,57
random,CHEMBL157138,MONDO:0001627,1,47,48
random,CHEMBL157138,MONDO:0002009,15,168,183
random,CHEMBL157138,MONDO:0004975,4,134,138
random,CHEMBL157138,MONDO:0004985,19,166,185
random,CHEMBL157138,MONDO:0005027,11,108,119
random,CHEMBL157138,MONDO:0005090,30,205,235
random,CHEMBL157138,MONDO:0005098,2,97,99
random,CHEMBL157138,MONDO:0005180,5,91,96
random,CHEMBL157138,MONDO:0005301,0,41,41
random,CHEMBL157138,MONDO:0005618,26,190,216
random,CHEMBL157138,MONDO:0007743,4,37,41
random,CHEMBL1572,MONDO:0001627,1,47,48
random,CHEMBL1572,MONDO:0002009,7,134,141
random,CHEMBL1572,MONDO:0004975,3,120,123
random,CHEMBL1572,MONDO:0004985,11,146,157
random,CHEMBL1572,MONDO:0005027,9,102,111
random,CHEMBL1572,MONDO:0005090,19,176,195
random,CHEMBL1572,MONDO:0005098,2,77,79
random,CHEMBL1572,MONDO:0005277,1,51,52
random,CHEMBL1572,MONDO:0005301,0,39,39
random,CHEMBL1572,MONDO:0005618,15,157,172
random,CHEMBL1572,MONDO:0007743,1,37,38
random,CHEMBL1575,MONDO:0001627,0,32,32
random,CHEMBL1575,MONDO:0002009,3,135,138
random,CHEMBL1575,MONDO:0004975,1,101,102
random,CHEMBL1575,MONDO:0004985,3,156,159
random,CHEMBL1575,MONDO:0005090,4,227,231
random,CHEMBL1575,MONDO:0005098,0,77,77
random,CHEMBL1575,MONDO:0005180,2,73,75
random,CHEMBL1575,MONDO:0005301,1,51,52
random,CHEMBL1575,MONDO:0005618,4,201,205
random,CHEMBL1575,MONDO:0007743,0,14,14
random,CHEMBL1577,MONDO:0001627,0,5,5
random,CHEMBL1577,MONDO:0002009,0,9,9
random,CHEMBL1577,MONDO:0004975,0,7,7
random,CHEMBL1577,MONDO:0004985,0,7,7
random,CHEMBL1577,MONDO:0005090,0,10,10
random,CHEMBL1577,MONDO:0005098,0,7,7
random,CHEMBL1577,MONDO:0005180,0,7,7
random,CHEMBL1577,MONDO:0005277,0,3,3
random,CHEMBL1577,MONDO:0005301,0,8,8
random,CHEMBL1577,MONDO:0007743,0,2,2
random,CHEMBL1587,MONDO:0001627,0,18,18
random,CHEMBL1587,MONDO:0002009,1,64,65
random,CHEMBL1587,MONDO:0004975,0,31,31
random,CHEMBL1587,MONDO:0004985,0,45,45
random,CHEMBL1587,MONDO:0005090,0,52,52
random,CHEMBL1587,MONDO:0005098,1,56,57
random,CHEMBL1587,MONDO:0005180,0,26,26
random,CHEMBL1587,MONDO:0005277,0,13,13
random,CHEMBL1587,MONDO:0005301,0,18,18
random,CHEMBL1587,MONDO:0007743,0,13,13
random,CHEMBL15891,MONDO:0001627,0,18,18
random,CHEMBL15891,MONDO:0002009,0,74,74
random,CHEMBL15891,MONDO:0004975,1,56,57
random,CHEMBL15891,MONDO:0004985,4,75,79
random,CHEMBL15891,MONDO:0005090,4,77,81
random,CHEMBL15891,MONDO:0005098,0,41,41
random,CHEMBL15891,MONDO:0005180,0,37,37
random,CHEMBL15891,MONDO:0005277,1,44,45
random,CHEMBL15891,MONDO:0005301,0,23,23
random,CHEMBL15891,MONDO:0005618,3,86,89
random,CHEMBL15891,MONDO:0007743,0,14,14
random,CHEMBL159,MONDO:0001627,1,80,81
random,CHEMBL159,MONDO:0002009,8,259,267
random,CHEMBL159,MONDO:0004975,4,201,205
random,CHEMBL159,MONDO:0004985,12,290,302
random,CHEMBL159,MONDO:0005027,11,169,180
random,CHEMBL159,MONDO:0005090,22,358,380
random,CHEMBL159,MONDO:0005098,2,148,150
random,CHEMBL159,MONDO:0005180,5,117,122
random,CHEMBL159,MONDO:0005277,1,62,63
random,CHEMBL159,MONDO:0005301,1,67,68
random,CHEMBL159,MONDO:0007743,1,41,42
random,CHEMBL1590,MONDO:0001627,1,80,81
random,CHEMBL1590,MONDO:0002009,25,265,290
random,CHEMBL1590,MONDO:0004975,4,186,190
random,CHEMBL1590,MONDO:0004985,28,269,297
random,CHEMBL1590,MONDO:0005090,39,322,361
random,CHEMBL1590,MONDO:0005180,6,123,129
random,CHEMBL1590,MONDO:0005277,2,51,53
random,CHEMBL1590,MONDO:0005301,0,73,73
random,CHEMBL1590,MONDO:0005618,42,313,355
random,CHEMBL1590,MONDO:0007743,5,50,55
random,CHEMBL1595,MONDO:0001627,0,25,25
random,CHEMBL1595,MONDO:0002009,10,76,86
random,CHEMBL1595,MONDO:0004985,12,71,83
random,CHEMBL1595,MONDO:0005090,18,86,104
random,CHEMBL1595,MONDO:0005098,1,43,44
random,CHEMBL1595,MONDO:0005180,4,54,58
random,CHEMBL1595,MONDO:0005277,1,15,16
random,CHEMBL1595,MONDO:0005301,1,24,25
random,CHEMBL1595,MONDO:0007743,2,28,30
random,CHEMBL159776,MONDO:0001627,1,47,48
random,CHEMBL159776,MONDO:0002009,7,155,162
random,CHEMBL159776,MONDO:0004985,11,161,172
random,CHEMBL159776,MONDO:0005027,9,102,111
random,CHEMBL159776,MONDO:0005090,19,191,210
random,CHEMBL159776,MONDO:0005098,2,92,94
random,CHEMBL159776,MONDO:0005180,3,78,81
random,CHEMBL159776,MONDO:0005277,1,51,52
random,CHEMBL159776,MONDO:0005301,0,39,39
random,CHEMBL159776,MONDO:0005618,16,177,193
random,CHEMBL159776,MONDO:0007743,1,37,38
random,CHEMBL16,MONDO:0001627,0,24,24
random,CHEMBL16,MONDO:0002009,7,84,91
random,CHEMBL16,MONDO:0004975,1,52,53
random,CHEMBL16,MONDO:0005090,21,83,104
random,CHEMBL16,MONDO:0005098,1,50,51
random,CHEMBL16,MONDO:0005180,4,48,52
random,CHEMBL16,MONDO:0005277,0,10,10
random,CHEMBL16,MONDO:0005301,0,21,21
random,CHEMBL16,MONDO:0007743,1,24,25
random,CHEMBL160,MONDO:0001627,0,15,15
random,CHEMBL160,MONDO:0002009,3,65,68
random,CHEMBL160,MONDO:0004975,1,47,48
random,CHEMBL160,MONDO:0004985,0,46,46
random,CHEMBL160,MONDO:0005090,5,78,83
random,CHEMBL160,MONDO:0005098,0,41,41
random,CHEMBL160,MONDO:0005180,2,38,40
random,CHEMBL160,MONDO:0005277,0,7,7
random,CHEMBL160,MONDO:0005301,0,23,23
random,CHEMBL160,MONDO:0005618,3,65,68
random,CHEMBL160,MONDO:0007743,0,13,13
random,CHEMBL16073,MONDO:0001627,1,51,52
random,CHEMBL16073,MONDO:0002009,11,228,239
random,CHEMBL16073,MONDO:0004985,13,246,259
random,CHEMBL16073,MONDO:0005090,24,300,324
random,CHEMBL16073,MONDO:0005098,2,118,120
random,CHEMBL16073,MONDO:0005180,5,110,115
random,CHEMBL16073,MONDO:0005277,1,61,62
random,CHEMBL16073,MONDO:0005301,1,53,54
random,CHEMBL16073,MONDO:0007743,1,42,43
random,CHEMBL1618018,MONDO:0001627,0,19,19
random,CHEMBL1618018,MONDO:0002009,0,65,65
random,CHEMBL1618018,MONDO:0004975,0,37,37
random,CHEMBL1618018,MONDO:0004985,1,62,63
random,CHEMBL1618018,MONDO:0005090,4,64,68
random,CHEMBL1618018,MONDO:0005098,0,50,50
random,CHEMBL1618018,MONDO:0005180,0,32,32
random,CHEMBL1618018,MONDO:0005277,0,17,17
random,CHEMBL1618018,MONDO:0005301,0,25,25
random,CHEMBL1618018,MONDO:0007743,0,19,19
random,CHEMBL1621,MONDO:0001627,0,30,30
random,CHEMBL1621,MONDO:0002009,14,112,126
random,CHEMBL1621,MONDO:0005098,0,68,68
random,CHEMBL1621,MONDO:0005277,1,24,25
random,CHEMBL1621,MONDO:0005301,0,28,28
random,CHEMBL1621,MONDO:0005618,18,133,151
random,CHEMBL1621,MONDO:0007743,3,24,27
random,CHEMBL1621597,MONDO:0001627,1,50,51
random,CHEMBL1621597,MONDO:0002009,8,159,167
random,CHEMBL1621597,MONDO:0004975,3,130,133
random,CHEMBL1621597,MONDO:0004985,11,159,170
random,CHEMBL1621597,MONDO:0005090,21,189,210
random,CHEMBL1621597,MONDO:0005098,3,102,105
random,CHEMBL1621597,MONDO:0005180,3,83,86
random,CHEMBL1621597,MONDO:0005277,1,51,52
random,CHEMBL1621597,MONDO:0005301,0,44,44
random,CHEMBL1621597,MONDO:0005618,16,180,196
random,CHEMBL1621597,MONDO:0007743,1,38,39
random,CHEMBL1622,MONDO:0001627,0,7,7
random,CHEMBL1622,MONDO:0002009,1,35,36
random,CHEMBL1622,MONDO:0004975,1,25,26
random,CHEMBL1622,MONDO:0005027,1,35,36
random,CHEMBL1622,MONDO:0005090,1,31,32
random,CHEMBL1622,MONDO:0005098,1,27,28
random,CHEMBL1622,MONDO:0005180,1,15,16
random,CHEMBL1622,MONDO:0005277,0,6,6
random,CHEMBL1622,MONDO:0005301,0,10,10
random,CHEMBL1622,MONDO:0005618,1,37,38
random,CHEMBL1622,MONDO:0007743,0,6,6
random,CHEMBL1623765,MONDO:0001627,0,0,0
random,CHEMBL1623765,MONDO:0002009,0,0,0
random,CHEMBL1623765,MONDO:0004975,0,0,0
random,CHEMBL1623765,MONDO:0004985,0,0,0
random,CHEMBL1623765,MONDO:0005090,0,0,0
random,CHEMBL1623765,MONDO:0005098,0,0,0
random,CHEMBL1623765,MONDO:0005180,0,0,0
random,CHEMBL1623765,MONDO:0005277,0,0,0
random,CHEMBL1623765,MONDO:0005301,0,0,0
random,CHEMBL1623765,MONDO:0005618,0,0,0
random,CHEMBL1623765,MONDO:0007743,0,0,0
random,CHEMBL1628227,MONDO:0001627,1,50,51
random,CHEMBL1628227,MONDO:0002009,28,211,239
random,CHEMBL1628227,MONDO:0004975,4,153,157
random,CHEMBL1628227,MONDO:0005090,47,247,294
random,CHEMBL1628227,MONDO:0005098,5,112,117
random,CHEMBL1628227,MONDO:0005180,6,103,109
random,CHEMBL1628227,MONDO:0005277,2,51,53
random,CHEMBL1628227,MONDO:0005301,1,47,48
random,CHEMBL1628227,MONDO:0007743,6,47,53
random,CHEMBL1628502,MONDO:0001627,0,7,7
random,CHEMBL1628502,MONDO:0002009,0,33,33
random,CHEMBL1628502,MONDO:0004975,0,14,14
random,CHEMBL1628502,MONDO:0004985,0,29,29
random,CHEMBL1628502,MONDO:0005027,2,13,15
random,CHEMBL1628502,MONDO:0005090,0,32,32
random,CHEMBL1628502,MONDO:0005098,0,24,24
random,CHEMBL1628502,MONDO:0005180,0,11,11
random,CHEMBL1628502,MONDO:0005277,0,10,10
random,CHEMBL1628502,MONDO:0005301,0,9,9
random,CHEMBL1628502,MONDO:0007743,0,2,2
random,CHEMBL1650,MONDO:0001627,1,48,49
random,CHEMBL1650,MONDO:0002009,12,182,194
random,CHEMBL1650,MONDO:0004975,3,131,134
random,CHEMBL1650,MONDO:0004985,20,181,201
random,CHEMBL1650,MONDO:0005090,29,254,283
random,CHEMBL1650,MONDO:0005098,2,109,111
random,CHEMBL1650,MONDO:0005180,4,100,104
random,CHEMBL1650,MONDO:0005277,2,51,53
random,CHEMBL1650,MONDO:0005618,23,242,265
random,CHEMBL1650,MONDO:0007743,3,41,44
random,CHEMBL1652,MONDO:0001627,1,38,39
random,CHEMBL1652,MONDO:0002009,17,172,189
random,CHEMBL1652,MONDO:0004975,4,107,111
random,CHEMBL1652,MONDO:0004985,19,170,189
random,CHEMBL1652,MONDO:0005027,17,119,136
random,CHEMBL1652,MONDO:0005090,31,202,233
random,CHEMBL1652,MONDO:0005098,3,80,83
random,CHEMBL1652,MONDO:0005277,2,51,53
random,CHEMBL1652,MONDO:0005301,2,44,46
random,CHEMBL1652,MONDO:0005618,29,198,227
random,CHEMBL1652,MONDO:0007743,4,48,52
random,CHEMBL1684,MONDO:0001627,1,38,39
random,CHEMBL1684,MONDO:0002009,17,183,200
random,CHEMBL1684,MONDO:0004975,1,103,104
random,CHEMBL1684,MONDO:0004985,20,177,197
random,CHEMBL1684,MONDO:0005027,15,121,136
random,CHEMBL1684,MONDO:0005090,31,228,259
random,CHEMBL1684,MONDO:0005098,2,80,82
random,CHEMBL1684,MONDO:0005180,4,94,98
random,CHEMBL1684,MONDO:0005277,2,51,53
random,CHEMBL1684,MONDO:0005301,1,43,44
random,CHEMBL1684,MONDO:0007743,4,46,50
random,CHEMBL1697733,MONDO:0001627,1,38,39
random,CHEMBL1697733,MONDO:0002009,16,139,155
random,CHEMBL1697733,MONDO:0004985,20,140,160
random,CHEMBL1697733,MONDO:0005090,29,167,196
random,CHEMBL1697733,MONDO:0005098,3,65,68
random,CHEMBL1697733,MONDO:0005180,3,74,77
random,CHEMBL1697733,MONDO:0005277,2,51,53
random,CHEMBL1697733,MONDO:0005301,1,38,39
random,CHEMBL1697733,MONDO:0005618,27,161,188
random,CHEMBL1697733,MONDO:0007743,4,46,50
random,CHEMBL1697766,MONDO:0001627,0,9,9
random,CHEMBL1697766,MONDO:0002009,0,33,33
random,CHEMBL1697766,MONDO:0004985,0,38,38
random,CHEMBL1697766,MONDO:0005098,0,19,19
random,CHEMBL1697766,MONDO:0005277,0,12,12
random,CHEMBL1697766,MONDO:0005301,0,16,16
random,CHEMBL1697766,MONDO:0005618,0,52,52
random,CHEMBL1697766,MONDO:0007743,0,6,6
random,CHEMBL1697841,MONDO:0001627,1,38,39
random,CHEMBL1697841,MONDO:0002009,9,137,146
random,CHEMBL1697841,MONDO:0004975,1,84,85
random,CHEMBL1697841,MONDO:0004985,10,139,149
random,CHEMBL1697841,MONDO:0005090,15,160,175
random,CHEMBL1697841,MONDO:0005098,2,69,71
random,CHEMBL1697841,MONDO:0005180,2,72,74
random,CHEMBL1697841,MONDO:0005301,0,37,37
random,CHEMBL1697841,MONDO:0007743,2,41,43
random,CHEMBL170797,MONDO:0001627,0,0,0
random,CHEMBL170797,MONDO:0002009,0,0,0
random,CHEMBL170797,MONDO:0004975,0,0,0
random,CHEMBL170797,MONDO:0004985,0,0,0
random,CHEMBL170797,MONDO:0005090,0,0,0
random,CHEMBL170797,MONDO:0005098,0,0,0
random,CHEMBL170797,MONDO:0005180,0,0,0
random,CHEMBL170797,MONDO:0005277,0,0,0
random,CHEMBL170797,MONDO:0005301,0,0,0
random,CHEMBL170797,MONDO:0005618,0,0,0
random,CHEMBL170797,MONDO:0007743,0,0,0
random,CHEMBL1729,MONDO:0001627,1,45,46
random,CHEMBL1729,MONDO:0002009,25,190,215
random,CHEMBL1729,MONDO:0004975,2,112,114
random,CHEMBL1729,MONDO:0004985,24,179,203
random,CHEMBL1729,MONDO:0005090,39,225,264
random,CHEMBL1729,MONDO:0005098,4,85,89
random,CHEMBL1729,MONDO:0005180,5,97,102
random,CHEMBL1729,MONDO:0005277,2,51,53
random,CHEMBL1729,MONDO:0005301,1,41,42
random,CHEMBL1729,MONDO:0005618,40,220,260
random,CHEMBL1729,MONDO:0007743,4,48,52
random,CHEMBL1732,MONDO:0001627,2,43,45
random,CHEMBL1732,MONDO:0002009,21,176,197
random,CHEMBL1732,MONDO:0004975,2,107,109
random,CHEMBL1732,MONDO:0004985,24,172,196
random,CHEMBL1732,MONDO:0005027,18,126,144
random,CHEMBL1732,MONDO:0005090,35,215,250
random,CHEMBL1732,MONDO:0005098,3,82,85
random,CHEMBL1732,MONDO:0005180,6,102,108
random,CHEMBL1732,MONDO:0005301,1,42,43
random,CHEMBL1732,MONDO:0005618,37,212,249
random,CHEMBL1732,MONDO:0007743,4,46,50
random,CHEMBL1747,MONDO:0001627,0,18,18
random,CHEMBL1747,MONDO:0002009,1,66,67
random,CHEMBL1747,MONDO:0004975,0,34,34
random,CHEMBL1747,MONDO:0004985,0,56,56
random,CHEMBL1747,MONDO:0005027,1,41,42
random,CHEMBL1747,MONDO:0005090,0,58,58
random,CHEMBL1747,MONDO:0005098,0,45,45
random,CHEMBL1747,MONDO:0005277,0,11,11
random,CHEMBL1747,MONDO:0005301,0,20,20
random,CHEMBL1747,MONDO:0005618,2,70,72
random,CHEMBL1747,MONDO:0007743,0,9,9
random,CHEMBL1752,MONDO:0001627,1,47,48
random,CHEMBL1752,MONDO:0002009,8,177,185
random,CHEMBL1752,MONDO:0004975,3,132,135
random,CHEMBL1752,MONDO:0004985,12,184,196
random,CHEMBL1752,MONDO:0005027,10,132,142
random,CHEMBL1752,MONDO:0005090,23,213,236
random,CHEMBL1752,MONDO:0005098,2,101,103
random,CHEMBL1752,MONDO:0005180,3,81,84
random,CHEMBL1752,MONDO:0005277,1,51,52
random,CHEMBL1752,MONDO:0005301,0,46,46
random,CHEMBL1752,MONDO:0007743,1,39,40
random,CHEMBL1754,MONDO:0001627,1,38,39
random,CHEMBL1754,MONDO:0002009,18,145,163
random,CHEMBL1754,MONDO:0004975,2,97,99
random,CHEMBL1754,MONDO:0004985,20,144,164
random,CHEMBL1754,MONDO:0005090,30,171,201
random,CHEMBL1754,MONDO:0005180,5,87,92
random,CHEMBL1754,MONDO:0005277,2,51,53
random,CHEMBL1754,MONDO:0005301,1,38,39
random,CHEMBL1754,MONDO:0005618,29,165,194
random,CHEMBL1754,MONDO:0007743,4,45,49
random,CHEMBL1760,MONDO:0001627,1,41,42
random,CHEMBL1760,MONDO:0002009,9,167,176
random,CHEMBL1760,MONDO:0004975,2,101,103
random,CHEMBL1760,MONDO:0004985,9,159,168
random,CHEMBL1760,MONDO:0005090,13,182,195
random,CHEMBL1760,MONDO:0005098,2,88,90
random,CHEMBL1760,MONDO:0005180,2,85,87
random,CHEMBL1760,MONDO:0005277,1,50,51
random,CHEMBL1760,MONDO:0005301,1,48,49
random,CHEMBL1760,MONDO:0005618,15,187,202
random,CHEMBL1760,MONDO:0007743,2,47,49
random,CHEMBL1763,MONDO:0001627,1,45,46
random,CHEMBL1763,MONDO:0002009,19,218,237
random,CHEMBL1763,MONDO:0004975,1,123,124
random,CHEMBL1763,MONDO:0004985,21,205,226
random,CHEMBL1763,MONDO:0005090,30,254,284
random,CHEMBL1763,MONDO:0005098,3,108,111
random,CHEMBL1763,MONDO:0005180,4,102,106
random,CHEMBL1763,MONDO:0005277,2,51,53
random,CHEMBL1763,MONDO:0005301,1,52,53
random,CHEMBL1763,MONDO:0007743,4,46,50
random,CHEMBL1764,MONDO:0001627,1,47,48
random,CHEMBL1764,MONDO:0002009,14,174,188
random,CHEMBL1764,MONDO:0004985,18,173,191
random,CHEMBL1764,MONDO:0005090,30,210,240
random,CHEMBL1764,MONDO:0005098,2,100,102
random,CHEMBL1764,MONDO:0005277,2,51,53
random,CHEMBL1764,MONDO:0005301,0,44,44
random,CHEMBL1764,MONDO:0005618,23,196,219
random,CHEMBL1764,MONDO:0007743,4,39,43
random,CHEMBL177,MONDO:0001627,1,41,42
random,CHEMBL177,MONDO:0002009,18,183,201
random,CHEMBL177,MONDO:0004975,1,108,109
random,CHEMBL177,MONDO:0004985,20,186,206
random,CHEMBL177,MONDO:0005027,16,132,148
random,CHEMBL177,MONDO:0005090,29,214,243
random,CHEMBL177,MONDO:0005098,2,83,85
random,CHEMBL177,MONDO:0005277,2,51,53
random,CHEMBL177,MONDO:0005301,1,42,43
random,CHEMBL177,MONDO:0005618,29,212,241
random,CHEMBL177,MONDO:0007743,4,46,50
random,CHEMBL178,MONDO:0001627,2,83,85
random,CHEMBL178,MONDO:0002009,16,328,344
random,CHEMBL178,MONDO:0004975,3,214,217
random,CHEMBL178,MONDO:0004985,18,397,415
random,CHEMBL178,MONDO:0005090,35,557,592
random,CHEMBL178,MONDO:0005098,3,152,155
random,CHEMBL178,MONDO:0005180,6,141,147
random,CHEMBL178,MONDO:0005277,1,53,54
random,CHEMBL178,MONDO:0005301,1,67,68
random,CHEMBL178,MONDO:0005618,30,502,532
random,CHEMBL178,MONDO:0007743,3,49,52
random,CHEMBL178803,MONDO:0001627,0,23,23
random,CHEMBL178803,MONDO:0002009,4,78,82
random,CHEMBL178803,MONDO:0004975,0,44,44
random,CHEMBL178803,MONDO:0004985,3,58,61
random,CHEMBL178803,MONDO:0005027,3,52,55
random,CHEMBL178803,MONDO:0005098,1,65,66
random,CHEMBL178803,MONDO:0005180,1,38,39
random,CHEMBL178803,MONDO:0005277,1,20,21
random,CHEMBL178803,MONDO:0005301,0,23,23
random,CHEMBL178803,MONDO:0005618,5,82,87
random,CHEMBL178803,MONDO:0007743,1,18,19
random,CHEMBL18116,MONDO:0001627,1,38,39
random,CHEMBL18116,MONDO:0002009,17,141,158
random,CHEMBL18116,MONDO:0004975,1,75,76
random,CHEMBL18116,MONDO:0004985,18,141,159
random,CHEMBL18116,MONDO:0005027,14,100,114
random,CHEMBL18116,MONDO:0005090,28,164,192
random,CHEMBL18116,MONDO:0005098,3,73,76
random,CHEMBL18116,MONDO:0005180,5,75,80
random,CHEMBL18116,MONDO:0005277,1,36,37
random,CHEMBL18116,MONDO:0005301,1,35,36
random,CHEMBL18116,MONDO:0007743,4,45,49
random,CHEMBL184,MONDO:0001627,1,57,58
random,CHEMBL184,MONDO:0002009,24,272,296
random,CHEMBL184,MONDO:0004975,3,169,172
random,CHEMBL184,MONDO:0004985,25,268,293
random,CHEMBL184,MONDO:0005027,19,187,206
random,CHEMBL184,MONDO:0005090,44,370,414
random,CHEMBL184,MONDO:0005180,4,117,121
random,CHEMBL184,MONDO:0005277,2,61,63
random,CHEMBL184,MONDO:0005301,1,58,59
random,CHEMBL184,MONDO:0005618,41,360,401
random,CHEMBL184,MONDO:0007743,6,52,58
random,CHEMBL186,MONDO:0001627,1,41,42
random,CHEMBL186,MONDO:0002009,19,214,233
random,CHEMBL186,MONDO:0004975,3,124,127
random,CHEMBL186,MONDO:0004985,20,183,203
random,CHEMBL186,MONDO:0005090,31,221,252
random,CHEMBL186,MONDO:0005098,3,71,74
random,CHEMBL186,MONDO:0005180,4,95,99
random,CHEMBL186,MONDO:0005277,2,51,53
random,CHEMBL186,MONDO:0005301,1,46,47
random,CHEMBL186,MONDO:0005618,30,240,270
random,CHEMBL186,MONDO:0007743,4,46,50
random,CHEMBL186720,MONDO:0001627,0,6,6
random,CHEMBL186720,MONDO:0002009,4,9,13
random,CHEMBL186720,MONDO:0004985,5,9,14
random,CHEMBL186720,MONDO:0005090,5,9,14
random,CHEMBL186720,MONDO:0005098,0,8,8
random,CHEMBL186720,MONDO:0005180,2,9,11
random,CHEMBL186720,MONDO:0005277,0,6,6
random,CHEMBL186720,MONDO:0005301,0,6,6
random,CHEMBL186720,MONDO:0007743,3,9,12
random,CHEMBL19019,MONDO:0001627,1,47,48
random,CHEMBL19019,MONDO:0002009,10,164,174
random,CHEMBL19019,MONDO:0004975,5,138,143
random,CHEMBL19019,MONDO:0004985,12,165,177
random,CHEMBL19019,MONDO:0005090,23,206,229
random,CHEMBL19019,MONDO:0005098,2,89,91
random,CHEMBL19019,MONDO:0005180,4,93,97
random,CHEMBL19019,MONDO:0005277,1,51,52
random,CHEMBL19019,MONDO:0005301,0,44,44
random,CHEMBL19019,MONDO:0007743,1,44,45
random,CHEMBL1909283,MONDO:0001627,0,0,0
random,CHEMBL1909283,MONDO:0002009,0,0,0
random,CHEMBL1909283,MONDO:0004975,0,0,0
random,CHEMBL1909283,MONDO:0004985,0,0,0
random,CHEMBL1909283,MONDO:0005027,0,0,0
random,CHEMBL1909283,MONDO:0005090,0,0,0
random,CHEMBL1909283,MONDO:0005098,0,0,0
random,CHEMBL1909283,MONDO:0005180,0,0,0
random,CHEMBL1909283,MONDO:0005277,0,0,0
random,CHEMBL1909283,MONDO:0005301,0,0,0
random,CHEMBL1909283,MONDO:0007743,0,0,0
random,CHEMBL192,MONDO:0001627,0,10,10
random,CHEMBL192,MONDO:0002009,4,50,54
random,CHEMBL192,MONDO:0004975,1,31,32
random,CHEMBL192,MONDO:0004985,0,33,33
random,CHEMBL192,MONDO:0005027,1,34,35
random,CHEMBL192,MONDO:0005090,5,44,49
random,CHEMBL192,MONDO:0005180,3,30,33
random,CHEMBL192,MONDO:0005277,0,3,3
random,CHEMBL192,MONDO:0005301,0,7,7
random,CHEMBL192,MONDO:0005618,4,50,54
random,CHEMBL192,MONDO:0007743,0,10,10
random,CHEMBL193240,MONDO:0001627,1,44,45
random,CHEMBL193240,MONDO:0002009,18,177,195
random,CHEMBL193240,MONDO:0004975,1,109,110
random,CHEMBL193240,MONDO:0004985,23,178,201
random,CHEMBL193240,MONDO:0005027,14,126,140
random,CHEMBL193240,MONDO:0005090,33,206,239
random,CHEMBL193240,MONDO:0005098,3,85,88
random,CHEMBL193240,MONDO:0005180,4,94,98
random,CHEMBL193240,MONDO:0005277,2,51,53
random,CHEMBL193240,MONDO:0005301,1,41,42
random,CHEMBL193240,MONDO:0007743,4,46,50
random,CHEMBL196,MONDO:0001627,0,14,14
random,CHEMBL196,MONDO:0002009,2,41,43
random,CHEMBL196,MONDO:0004975,1,24,25
random,CHEMBL196,MONDO:0004985,1,30,31
random,CHEMBL196,MONDO:0005090,0,28,28
random,CHEMBL196,MONDO:0005098,1,33,34
random,CHEMBL196,MONDO:0005180,0,18,18
random,CHEMBL196,MONDO:0005277,0,6,6
random,CHEMBL196,MONDO:0005618,3,41,44
random,CHEMBL196,MONDO:0007743,0,11,11
random,CHEMBL20,MONDO:0001627,1,43,44
random,CHEMBL20,MONDO:0002009,18,204,222
random,CHEMBL20,MONDO:0004975,1,117,118
random,CHEMBL20,MONDO:0004985,20,193,213
random,CHEMBL20,MONDO:0005090,31,262,293
random,CHEMBL20,MONDO:0005098,2,102,104
random,CHEMBL20,MONDO:0005180,4,99,103
random,CHEMBL20,MONDO:0005277,2,51,53
random,CHEMBL20,MONDO:0005301,1,48,49
random,CHEMBL20,MONDO:0005618,30,267,297
random,CHEMBL20,MONDO:0007743,4,51,55
random,CHEMBL2028019,MONDO:0001627,1,47,48
random,CHEMBL2028019,MONDO:0002009,14,171,185
random,CHEMBL2028019,MONDO:0004975,4,137,141
random,CHEMBL2028019,MONDO:0005027,10,112,122
random,CHEMBL2028019,MONDO:0005098,2,100,102
random,CHEMBL2028019,MONDO:0005180,5,91,96
random,CHEMBL2028019,MONDO:0005277,2,51,53
random,CHEMBL2028019,MONDO:0005301,0,42,42
random,CHEMBL2028019,MONDO:0005618,23,193,216
random,CHEMBL2028019,MONDO:0007743,4,38,42
random,CHEMBL2103738,MONDO:0001627,0,12,12
random,CHEMBL2103738,MONDO:0002009,1,98,99
random,CHEMBL2103738,MONDO:0004975,1,80,81
random,CHEMBL2103738,MONDO:0005027,1,32,33
random,CHEMBL2103738,MONDO:0005090,3,97,100
random,CHEMBL2103738,MONDO:0005098,0,37,37
random,CHEMBL2103738,MONDO:0005180,0,19,19
random,CHEMBL2103738,MONDO:0005277,0,14,14
random,CHEMBL2103738,MONDO:0005301,0,16,16
random,CHEMBL2103738,MONDO:0005618,4,102,106
random,CHEMBL2103738,MONDO:0007743,0,5,5
random,CHEMBL2103827,MONDO:0001627,1,47,48
random,CHEMBL2103827,MONDO:0002009,8,155,163
random,CHEMBL2103827,MONDO:0004975,3,123,126
random,CHEMBL2103827,MONDO:0004985,14,161,175
random,CHEMBL2103827,MONDO:0005027,10,102,112
random,CHEMBL2103827,MONDO:0005090,20,191,211
random,CHEMBL2103827,MONDO:0005098,2,92,94
random,CHEMBL2103827,MONDO:0005277,1,51,52
random,CHEMBL2103827,MONDO:0005301,0,39,39
random,CHEMBL2103827,MONDO:0005618,18,177,195
random,CHEMBL2103827,MONDO:0007743,1,37,38
random,CHEMBL2104164,MONDO:0001627,0,7,7
random,CHEMBL2104164,MONDO:0002009,0,31,31
random,CHEMBL2104164,MONDO:0004975,0,13,13
random,CHEMBL2104164,MONDO:0004985,0,27,27
random,CHEMBL2104164,MONDO:0005027,0,11,11
random,CHEMBL2104164,MONDO:0005090,0,30,30
random,CHEMBL2104164,MONDO:0005098,0,24,24
random,CHEMBL2104164,MONDO:0005180,0,11,11
random,CHEMBL2104164,MONDO:0005277,0,10,10
random,CHEMBL2104164,MONDO:0005301,0,9,9
random,CHEMBL2104164,MONDO:0007743,0,2,2
random,CHEMBL2104895,MONDO:0001627,1,47,48
random,CHEMBL2104895,MONDO:0002009,13,156,169
random,CHEMBL2104895,MONDO:0004975,3,124,127
random,CHEMBL2104895,MONDO:0004985,18,162,180
random,CHEMBL2104895,MONDO:0005027,10,103,113
random,CHEMBL2104895,MONDO:0005090,30,192,222
random,CHEMBL2104895,MONDO:0005098,3,93,96
random,CHEMBL2104895,MONDO:0005180,3,78,81
random,CHEMBL2104895,MONDO:0005277,2,51,53
random,CHEMBL2104895,MONDO:0005301,0,39,39
random,CHEMBL2104895,MONDO:0007743,1,38,39
random,CHEMBL2104993,MONDO:0001627,0,23,23
random,CHEMBL2104993,MONDO:0004975,1,44,45
random,CHEMBL2104993,MONDO:0004985,5,66,71
random,CHEMBL2104993,MONDO:0005027,4,51,55
random,CHEMBL2104993,MONDO:0005090,11,84,95
random,CHEMBL2104993,MONDO:0005098,1,58,59
random,CHEMBL2104993,MONDO:0005180,1,51,52
random,CHEMBL2104993,MONDO:0005277,0,17,17
random,CHEMBL2104993,MONDO:0005301,0,26,26
random,CHEMBL2104993,MONDO:0007743,0,21,21
random,CHEMBL2105760,MONDO:0001627,1,38,39
random,CHEMBL2105760,MONDO:0004975,1,63,64
random,CHEMBL2105760,MONDO:0004985,19,98,117
random,CHEMBL2105760,MONDO:0005027,14,78,92
random,CHEMBL2105760,MONDO:0005098,0,62,62
random,CHEMBL2105760,MONDO:0005180,4,62,66
random,CHEMBL2105760,MONDO:0005277,1,23,24
random,CHEMBL2105760,MONDO:0005301,0,35,35
random,CHEMBL2105760,MONDO:0007743,4,39,43
random,CHEMBL2106119,MONDO:0001627,0,0,0
random,CHEMBL2106119,MONDO:0002009,0,0,0
random,CHEMBL2106119,MONDO:0004985,0,0,0
random,CHEMBL2106119,MONDO:0005090,0,0,0
random,CHEMBL2106119,MONDO:0005098,0,0,0
random,CHEMBL2106119,MONDO:0005180,0,0,0
random,CHEMBL2106119,MONDO:0005277,0,0,0
random,CHEMBL2106119,MONDO:0005301,0,0,0
random,CHEMBL2106119,MONDO:0007743,0,0,0
random,CHEMBL2106411,MONDO:0001627,0,6,6
random,CHEMBL2106411,MONDO:0002009,4,9,13
random,CHEMBL2106411,MONDO:0004985,5,9,14
random,CHEMBL2106411,MONDO:0005027,3,9,12
random,CHEMBL2106411,MONDO:0005090,5,9,14
random,CHEMBL2106411,MONDO:0005098,0,8,8
random,CHEMBL2106411,MONDO:0005180,2,9,11
random,CHEMBL2106411,MONDO:0005277,0,6,6
random,CHEMBL2106411,MONDO:0005301,0,6,6
random,CHEMBL2106411,MONDO:0005618,5,9,14
random,CHEMBL2106411,MONDO:0007743,3,9,12
random,CHEMBL2106650,MONDO:0001627,0,6,6
random,CHEMBL2106650,MONDO:0002009,1,8,9
random,CHEMBL2106650,MONDO:0004975,0,6,6
random,CHEMBL2106650,MONDO:0004985,1,8,9
random,CHEMBL2106650,MONDO:0005027,0,9,9
random,CHEMBL2106650,MONDO:0005098,0,7,7
random,CHEMBL2106650,MONDO:0005180,0,8,8
random,CHEMBL2106650,MONDO:0005277,0,6,6
random,CHEMBL2106650,MONDO:0005301,0,6,6
random,CHEMBL2106650,MONDO:0005618,1,11,12
random,CHEMBL2106650,MONDO:0007743,1,8,9
random,CHEMBL2106989,MONDO:0001627,0,0,0
random,CHEMBL2106989,MONDO:0002009,0,0,0
random,CHEMBL2106989,MONDO:0004975,0,0,0
random,CHEMBL2106989,MONDO:0004985,0,0,0
random,CHEMBL2106989,MONDO:0005090,0,0,0
random,CHEMBL2106989,MONDO:0005098,0,0,0
random,CHEMBL2106989,MONDO:0005180,0,0,0
random,CHEMBL2106989,MONDO:0005277,0,0,0
random,CHEMBL2106989,MONDO:0005301,0,0,0
random,CHEMBL2106989,MONDO:0005618,0,0,0
random,CHEMBL2106989,MONDO:0007743,0,0,0
random,CHEMBL2107011,MONDO:0001627,1,37,38
random,CHEMBL2107011,MONDO:0002009,17,124,141
random,CHEMBL2107011,MONDO:0004975,0,74,74
random,CHEMBL2107011,MONDO:0004985,19,128,147
random,CHEMBL2107011,MONDO:0005027,15,100,115
random,CHEMBL2107011,MONDO:0005098,3,58,61
random,CHEMBL2107011,MONDO:0005180,4,74,78
random,CHEMBL2107011,MONDO:0005277,1,36,37
random,CHEMBL2107011,MONDO:0005301,1,36,37
random,CHEMBL2107011,MONDO:0005618,27,140,167
random,CHEMBL2107011,MONDO:0007743,4,45,49
random,CHEMBL2107576,MONDO:0001627,0,0,0
random,CHEMBL2107576,MONDO:0002009,0,0,0
random,CHEMBL2107576,MONDO:0004975,0,0,0
random,CHEMBL2107576,MONDO:0004985,0,0,0
random,CHEMBL2107576,MONDO:0005027,0,0,0
random,CHEMBL2107576,MONDO:0005090,0,0,0
random,CHEMBL2107576,MONDO:0005098,0,0,0
random,CHEMBL2107576,MONDO:0005180,0,0,0
random,CHEMBL2107576,MONDO:0005277,0,0,0
random,CHEMBL2107576,MONDO:0005301,0,0,0
random,CHEMBL2107576,MONDO:0007743,0,0,0
random,CHEMBL2108139,MONDO:0001627,0,0,0
random,CHEMBL2108139,MONDO:0002009,0,0,0
random,CHEMBL2108139,MONDO:0004975,0,0,0
random,CHEMBL2108139,MONDO:0004985,0,0,0
random,CHEMBL2108139,MONDO:0005090,0,0,0
random,CHEMBL2108139,MONDO:0005098,0,0,0
random,CHEMBL2108139,MONDO:0005180,0,0,0
random,CHEMBL2108139,MONDO:0005277,0,0,0
random,CHEMBL2108139,MONDO:0005301,0,0,0
random,CHEMBL2108139,MONDO:0005618,0,0,0
random,CHEMBL2108139,MONDO:0007743,0,0,0
random,CHEMBL2110809,MONDO:0001627,0,9,9
random,CHEMBL2110809,MONDO:0002009,2,15,17
random,CHEMBL2110809,MONDO:0004975,0,11,11
random,CHEMBL2110809,MONDO:0004985,2,15,17
random,CHEMBL2110809,MONDO:0005027,2,15,17
random,CHEMBL2110809,MONDO:0005090,3,15,18
random,CHEMBL2110809,MONDO:0005098,0,12,12
random,CHEMBL2110809,MONDO:0005180,0,11,11
random,CHEMBL2110809,MONDO:0005277,0,9,9
random,CHEMBL2110809,MONDO:0005301,0,11,11
random,CHEMBL2110809,MONDO:0007743,0,14,14
random,CHEMBL2110816,MONDO:0001627,0,35,35
random,CHEMBL2110816,MONDO:0002009,12,158,170
random,CHEMBL2110816,MONDO:0004975,0,81,81
random,CHEMBL2110816,MONDO:0004985,13,116,129
random,CHEMBL2110816,MONDO:0005027,8,88,96
random,CHEMBL2110816,MONDO:0005090,17,142,159
random,CHEMBL2110816,MONDO:0005098,1,49,50
random,CHEMBL2110816,MONDO:0005180,3,63,66
random,CHEMBL2110816,MONDO:0005277,1,36,37
random,CHEMBL2110816,MONDO:0005301,1,30,31
random,CHEMBL2110816,MONDO:0007743,2,32,34
random,CHEMBL2111101,MONDO:0001627,1,48,49
random,CHEMBL2111101,MONDO:0002009,13,180,193
random,CHEMBL2111101,MONDO:0004975,4,141,145
random,CHEMBL2111101,MONDO:0004985,15,175,190
random,CHEMBL2111101,MONDO:0005027,10,118,128
random,CHEMBL2111101,MONDO:0005090,25,218,243
random,CHEMBL2111101,MONDO:0005098,2,101,103
random,CHEMBL2111101,MONDO:0005277,2,51,53
random,CHEMBL2111101,MONDO:0005301,0,45,45
random,CHEMBL2111101,MONDO:0005618,22,207,229
random,CHEMBL2111101,MONDO:0007743,2,40,42
random,CHEMBL2111164,MONDO:0001627,0,0,0
random,CHEMBL2111164,MONDO:0002009,0,0,0
random,CHEMBL2111164,MONDO:0005180,0,0,0
random,CHEMBL2111164,MONDO:0005277,0,0,0
random,CHEMBL2111164,MONDO:0005301,0,0,0
random,CHEMBL2111164,MONDO:0007743,0,0,0
random,CHEMBL211456,MONDO:0001627,1,45,46
random,CHEMBL211456,MONDO:0002009,21,187,208
random,CHEMBL211456,MONDO:0004975,4,121,125
random,CHEMBL211456,MONDO:0004985,26,189,215
random,CHEMBL211456,MONDO:0005090,35,218,253
random,CHEMBL211456,MONDO:0005180,6,92,98
random,CHEMBL211456,MONDO:0005277,2,51,53
random,CHEMBL211456,MONDO:0005301,2,46,48
random,CHEMBL211456,MONDO:0007743,6,47,53
random,CHEMBL21731,MONDO:0001627,1,70,71
random,CHEMBL21731,MONDO:0002009,21,256,277
random,CHEMBL21731,MONDO:0004975,3,173,176
random,CHEMBL21731,MONDO:0005090,41,366,407
random,CHEMBL21731,MONDO:0005180,8,117,125
random,CHEMBL21731,MONDO:0005277,2,61,63
random,CHEMBL21731,MONDO:0005301,1,56,57
random,CHEMBL21731,MONDO:0007743,5,51,56
random,CHEMBL2178422,MONDO:0001627,0,26,26
random,CHEMBL2178422,MONDO:0002009,4,105,109
random,CHEMBL2178422,MONDO:0004975,1,58,59
random,CHEMBL2178422,MONDO:0004985,1,83,84
random,CHEMBL2178422,MONDO:0005027,1,69,70
random,CHEMBL2178422,MONDO:0005090,6,107,113
random,CHEMBL2178422,MONDO:0005098,0,63,63
random,CHEMBL2178422,MONDO:0005180,3,60,63
random,CHEMBL2178422,MONDO:0005301,0,28,28
random,CHEMBL2178422,MONDO:0005618,5,113,118
random,CHEMBL2178422,MONDO:0007743,0,29,29
random,CHEMBL220492,MONDO:0001627,1,53,54
random,CHEMBL220492,MONDO:0002009,26,235,261
random,CHEMBL220492,MONDO:0004975,3,158,161
random,CHEMBL220492,MONDO:0004985,35,224,259
random,CHEMBL220492,MONDO:0005027,27,176,203
random,CHEMBL220492,MONDO:0005090,51,283,334
random,CHEMBL220492,MONDO:0005098,6,143,149
random,CHEMBL220492,MONDO:0005180,5,103,108
random,CHEMBL220492,MONDO:0005277,2,51,53
random,CHEMBL220492,MONDO:0005301,1,52,53
random,CHEMBL220492,MONDO:0007743,6,48,54
random,CHEMBL22150,MONDO:0001627,1,51,52
random,CHEMBL22150,MONDO:0002009,7,156,163
random,CHEMBL22150,MONDO:0004975,4,146,150
random,CHEMBL22150,MONDO:0004985,12,175,187
random,CHEMBL22150,MONDO:0005090,21,203,224
random,CHEMBL22150,MONDO:0005098,2,88,90
random,CHEMBL22150,MONDO:0005180,3,83,86
random,CHEMBL22150,MONDO:0005277,1,51,52
random,CHEMBL22150,MONDO:0005301,0,51,51
random,CHEMBL22150,MONDO:0005618,16,184,200
random,CHEMBL22150,MONDO:0007743,1,39,40
random,CHEMBL2218896,MONDO:0001627,1,38,39
random,CHEMBL2218896,MONDO:0002009,19,147,166
random,CHEMBL2218896,MONDO:0004975,2,104,106
random,CHEMBL2218896,MONDO:0004985,21,149,170
random,CHEMBL2218896,MONDO:0005027,15,111,126
random,CHEMBL2218896,MONDO:0005098,3,63,66
random,CHEMBL2218896,MONDO:0005180,6,92,98
random,CHEMBL2218896,MONDO:0005277,2,51,53
random,CHEMBL2218896,MONDO:0005301,1,38,39
random,CHEMBL2218896,MONDO:0007743,4,45,49
random,CHEMBL2219425,MONDO:0001627,0,20,20
random,CHEMBL2219425,MONDO:0002009,13,67,80
random,CHEMBL2219425,MONDO:0004975,1,42,43
random,CHEMBL2219425,MONDO:0004985,13,51,64
random,CHEMBL2219425,MONDO:0005027,10,61,71
random,CHEMBL2219425,MONDO:0005098,1,51,52
random,CHEMBL2219425,MONDO:0005180,3,38,41
random,CHEMBL2219425,MONDO:0005277,1,13,14
random,CHEMBL2219425,MONDO:0005301,0,19,19
random,CHEMBL2219425,MONDO:0005618,17,70,87
random,CHEMBL2219425,MONDO:0007743,3,24,27
random,CHEMBL2220442,MONDO:0001627,1,54,55
random,CHEMBL2220442,MONDO:0002009,26,221,247
random,CHEMBL2220442,MONDO:0004975,5,166,171
random,CHEMBL2220442,MONDO:0004985,28,242,270
random,CHEMBL2220442,MONDO:0005027,18,151,169
random,CHEMBL2220442,MONDO:0005090,48,336,384
random,CHEMBL2220442,MONDO:0005180,6,127,133
random,CHEMBL2220442,MONDO:0005277,2,53,55
random,CHEMBL2220442,MONDO:0005301,1,52,53
random,CHEMBL2220442,MONDO:0005618,44,297,341
random,CHEMBL2220442,MONDO:0007743,7,49,56
random,CHEMBL222813,MONDO:0001627,1,39,40
random,CHEMBL222813,MONDO:0002009,17,164,181
random,CHEMBL222813,MONDO:0004975,1,94,95
random,CHEMBL222813,MONDO:0004985,20,163,183
random,CHEMBL222813,MONDO:0005090,29,187,216
random,CHEMBL222813,MONDO:0005098,2,81,83
random,CHEMBL222813,MONDO:0005180,4,86,90
random,CHEMBL222813,MONDO:0005277,2,51,53
random,CHEMBL222813,MONDO:0005301,1,38,39
random,CHEMBL222813,MONDO:0005618,30,188,218
random,CHEMBL222813,MONDO:0007743,4,48,52
random,CHEMBL223228,MONDO:0001627,2,73,75
random,CHEMBL223228,MONDO:0002009,21,283,304
random,CHEMBL223228,MONDO:0004975,5,182,187
random,CHEMBL223228,MONDO:0004985,21,322,343
random,CHEMBL223228,MONDO:0005090,35,367,402
random,CHEMBL223228,MONDO:0005098,4,139,143
random,CHEMBL223228,MONDO:0005180,6,126,132
random,CHEMBL223228,MONDO:0005277,2,53,55
random,CHEMBL223228,MONDO:0005301,1,57,58
random,CHEMBL223228,MONDO:0007743,4,49,53
random,CHEMBL2311030,MONDO:0002009,12,45,57
random,CHEMBL2311030,MONDO:0004975,0,31,31
random,CHEMBL2311030,MONDO:0004985,15,42,57
random,CHEMBL2311030,MONDO:0005027,7,39,46
random,CHEMBL2311030,MONDO:0005090,20,48,68
random,CHEMBL2311030,MONDO:0005098,1,30,31
random,CHEMBL2311030,MONDO:0005180,2,30,32
random,CHEMBL2311030,MONDO:0005277,1,11,12
random,CHEMBL2311030,MONDO:0005301,0,15,15
random,CHEMBL2311030,MONDO:0005618,17,47,64
random,CHEMBL2311030,MONDO:0007743,3,22,25
random,CHEMBL2355051,MONDO:0001627,2,66,68
random,CHEMBL2355051,MONDO:0002009,8,204,212
random,CHEMBL2355051,MONDO:0004975,4,162,166
random,CHEMBL2355051,MONDO:0004985,12,209,221
random,CHEMBL2355051,MONDO:0005027,11,151,162
random,CHEMBL2355051,MONDO:0005090,23,282,305
random,CHEMBL2355051,MONDO:0005098,2,117,119
random,CHEMBL2355051,MONDO:0005180,8,115,123
random,CHEMBL2355051,MONDO:0005277,1,61,62
random,CHEMBL2355051,MONDO:0005301,2,66,68
random,CHEMBL2355051,MONDO:0007743,1,42,43
random,CHEMBL2364638,MONDO:0001627,0,18,18
random,CHEMBL2364638,MONDO:0002009,5,75,80
random,CHEMBL2364638,MONDO:0004975,1,44,45
random,CHEMBL2364638,MONDO:0004985,1,58,59
random,CHEMBL2364638,MONDO:0005027,1,49,50
random,CHEMBL2364638,MONDO:0005090,4,71,75
random,CHEMBL2364638,MONDO:0005098,0,40,40
random,CHEMBL2364638,MONDO:0005180,3,58,61
random,CHEMBL2364638,MONDO:0005301,0,22,22
random,CHEMBL2364638,MONDO:0005618,5,75,80
random,CHEMBL2364638,MONDO:0007743,0,23,23
random,CHEMBL2365712,MONDO:0002009,8,44,52
random,CHEMBL2365712,MONDO:0004975,0,31,31
random,CHEMBL2365712,MONDO:0004985,10,41,51
random,CHEMBL2365712,MONDO:0005027,4,38,42
random,CHEMBL2365712,MONDO:0005090,15,47,62
random,CHEMBL2365712,MONDO:0005098,1,30,31
random,CHEMBL2365712,MONDO:0005180,0,29,29
random,CHEMBL2365712,MONDO:0005277,1,11,12
random,CHEMBL2365712,MONDO:0005301,0,15,15
random,CHEMBL2365712,MONDO:0005618,12,46,58
random,CHEMBL2365712,MONDO:0007743,0,21,21
random,CHEMBL24,MONDO:0001627,1,42,43
random,CHEMBL24,MONDO:0002009,19,198,217
random,CHEMBL24,MONDO:0004975,2,116,118
random,CHEMBL24,MONDO:0004985,21,185,206
random,CHEMBL24,MONDO:0005027,17,146,163
random,CHEMBL24,MONDO:0005090,30,220,250
random,CHEMBL24,MONDO:0005098,3,101,104
random,CHEMBL24,MONDO:0005180,5,97,102
random,CHEMBL24,MONDO:0005277,2,51,53
random,CHEMBL24,MONDO:0005301,1,41,42
random,CHEMBL24,MONDO:0007743,4,46,50
random,CHEMBL24147,MONDO:0001627,0,26,26
random,CHEMBL24147,MONDO:0002009,1,132,133
random,CHEMBL24147,MONDO:0004975,1,101,102
random,CHEMBL24147,MONDO:0004985,3,142,145
random,CHEMBL24147,MONDO:0005090,5,159,164
random,CHEMBL24147,MONDO:0005098,0,72,72
random,CHEMBL24147,MONDO:0005180,0,72,72
random,CHEMBL24147,MONDO:0005277,1,48,49
random,CHEMBL24147,MONDO:0005301,0,41,41
random,CHEMBL24147,MONDO:0005618,5,164,169
random,CHEMBL24147,MONDO:0007743,0,23,23
random,CHEMBL248594,MONDO:0001627,1,82,83
random,CHEMBL248594,MONDO:0002009,3,125,128
random,CHEMBL248594,MONDO:0004975,3,99,102
random,CHEMBL248594,MONDO:0004985,3,123,126
random,CHEMBL248594,MONDO:0005027,1,51,52
random,CHEMBL248594,MONDO:0005090,3,118,121
random,CHEMBL248594,MONDO:0005180,2,55,57
random,CHEMBL248594,MONDO:0005277,0,17,17
random,CHEMBL248594,MONDO:0005301,0,41,41
random,CHEMBL248594,MONDO:0005618,4,130,134
random,CHEMBL248594,MONDO:0007743,0,23,23
random,CHEMBL25,MONDO:0001627,1,95,96
random,CHEMBL25,MONDO:0002009,28,415,443
random,CHEMBL25,MONDO:0004975,6,287,293
random,CHEMBL25,MONDO:0004985,29,455,484
random,CHEMBL25,MONDO:0005027,20,241,261
random,CHEMBL25,MONDO:0005090,47,623,670
random,CHEMBL25,MONDO:0005098,5,207,212
random,CHEMBL25,MONDO:0005180,6,151,157
random,CHEMBL25,MONDO:0005301,2,98,100
random,CHEMBL25,MONDO:0005618,47,571,618
random,CHEMBL25,MONDO:0007743,6,52,58
random,CHEMBL259209,MONDO:0001627,1,40,41
random,CHEMBL259209,MONDO:0002009,18,164,182
random,CHEMBL259209,MONDO:0004975,2,113,115
random,CHEMBL259209,MONDO:0004985,24,169,193
random,CHEMBL259209,MONDO:0005090,37,195,232
random,CHEMBL259209,MONDO:0005098,3,69,72
random,CHEMBL259209,MONDO:0005180,5,91,96
random,CHEMBL259209,MONDO:0005277,2,51,53
random,CHEMBL259209,MONDO:0005301,1,41,42
random,CHEMBL259209,MONDO:0005618,31,188,219
random,CHEMBL259209,MONDO:0007743,4,46,50
random,CHEMBL26,MONDO:0001627,2,56,58
random,CHEMBL26,MONDO:0002009,11,197,208
random,CHEMBL26,MONDO:0004975,5,148,153
random,CHEMBL26,MONDO:0004985,16,208,224
random,CHEMBL26,MONDO:0005027,12,136,148
random,CHEMBL26,MONDO:0005098,2,110,112
random,CHEMBL26,MONDO:0005180,6,98,104
random,CHEMBL26,MONDO:0005277,1,51,52
random,CHEMBL26,MONDO:0005301,1,50,51
random,CHEMBL26,MONDO:0005618,20,262,282
random,CHEMBL26,MONDO:0007743,3,44,47
random,CHEMBL267894,MONDO:0001627,1,38,39
random,CHEMBL267894,MONDO:0002009,18,134,152
random,CHEMBL267894,MONDO:0004975,2,89,91
random,CHEMBL267894,MONDO:0004985,26,143,169
random,CHEMBL267894,MONDO:0005090,36,166,202
random,CHEMBL267894,MONDO:0005098,2,60,62
random,CHEMBL267894,MONDO:0005180,4,79,83
random,CHEMBL267894,MONDO:0005277,2,51,53
random,CHEMBL267894,MONDO:0005301,1,37,38
random,CHEMBL267894,MONDO:0007743,4,45,49
random,CHEMBL27,MONDO:0001627,1,56,57
random,CHEMBL27,MONDO:0002009,30,229,259
random,CHEMBL27,MONDO:0004975,4,160,164
random,CHEMBL27,MONDO:0004985,28,214,242
random,CHEMBL27,MONDO:0005027,22,167,189
random,CHEMBL27,MONDO:0005090,49,279,328
random,CHEMBL27,MONDO:0005098,5,117,122
random,CHEMBL27,MONDO:0005180,7,111,118
random,CHEMBL27,MONDO:0005277,2,51,53
random,CHEMBL27,MONDO:0005301,1,50,51
random,CHEMBL27,MONDO:0007743,6,54,60
random,CHEMBL27577,MONDO:0001627,1,40,41
random,CHEMBL27577,MONDO:0002009,1,137,138
random,CHEMBL27577,MONDO:0004985,1,154,155
random,CHEMBL27577,MONDO:0005090,3,174,177
random,CHEMBL27577,MONDO:0005098,0,84,84
random,CHEMBL27577,MONDO:0005180,1,67,68
random,CHEMBL27577,MONDO:0005277,0,41,41
random,CHEMBL27577,MONDO:0005301,0,44,44
random,CHEMBL27577,MONDO:0007743,0,28,28
random,CHEMBL276832,MONDO:0001627,2,87,89
random,CHEMBL276832,MONDO:0002009,14,265,279
random,CHEMBL276832,MONDO:0004975,5,194,199
random,CHEMBL276832,MONDO:0004985,14,282,296
random,CHEMBL276832,MONDO:0005090,27,379,406
random,CHEMBL276832,MONDO:0005180,5,120,125
random,CHEMBL276832,MONDO:0005277,1,51,52
random,CHEMBL276832,MONDO:0005301,0,65,65
random,CHEMBL276832,MONDO:0007743,1,46,47
random,CHEMBL277474,MONDO:0001627,1,41,42
random,CHEMBL277474,MONDO:0002009,20,204,224
random,CHEMBL277474,MONDO:0004975,2,120,122
random,CHEMBL277474,MONDO:0004985,21,198,219
random,CHEMBL277474,MONDO:0005027,17,142,159
random,CHEMBL277474,MONDO:0005090,34,242,276
random,CHEMBL277474,MONDO:0005098,2,99,101
random,CHEMBL277474,MONDO:0005180,6,101,107
random,CHEMBL277474,MONDO:0005301,1,44,45
random,CHEMBL277474,MONDO:0005618,33,238,271
random,CHEMBL277474,MONDO:0007743,4,48,52
random,CHEMBL278020,MONDO:0001627,1,51,52
random,CHEMBL278020,MONDO:0002009,8,170,178
random,CHEMBL278020,MONDO:0004975,4,135,139
random,CHEMBL278020,MONDO:0004985,13,175,188
random,CHEMBL278020,MONDO:0005090,19,210,229
random,CHEMBL278020,MONDO:0005098,2,98,100
random,CHEMBL278020,MONDO:0005180,4,90,94
random,CHEMBL278020,MONDO:0005277,1,51,52
random,CHEMBL278020,MONDO:0005301,1,46,47
random,CHEMBL278020,MONDO:0005618,16,197,213
random,CHEMBL278020,MONDO:0007743,1,42,43
random,CHEMBL278172,MONDO:0001627,1,42,43
random,CHEMBL278172,MONDO:0002009,18,200,218
random,CHEMBL278172,MONDO:0004975,1,115,116
random,CHEMBL278172,MONDO:0004985,20,193,213
random,CHEMBL278172,MONDO:0005090,32,230,262
random,CHEMBL278172,MONDO:0005098,2,92,94
random,CHEMBL278172,MONDO:0005180,5,94,99
random,CHEMBL278172,MONDO:0005277,2,51,53
random,CHEMBL278172,MONDO:0005301,1,43,44
random,CHEMBL278172,MONDO:0007743,4,48,52
random,CHEMBL284092,MONDO:0001627,0,6,6
random,CHEMBL284092,MONDO:0004975,0,6,6
random,CHEMBL284092,MONDO:0004985,3,9,12
random,CHEMBL284092,MONDO:0005027,2,9,11
random,CHEMBL284092,MONDO:0005090,3,9,12
random,CHEMBL284092,MONDO:0005098,0,8,8
random,CHEMBL284092,MONDO:0005180,1,7,8
random,CHEMBL284092,MONDO:0005277,1,8,9
random,CHEMBL284092,MONDO:0005301,0,5,5
random,CHEMBL284092,MONDO:0007743,1,8,9
random,CHEMBL284348,MONDO:0001627,2,82,84
random,CHEMBL284348,MONDO:0002009,9,287,296
random,CHEMBL284348,MONDO:0004975,5,205,210
random,CHEMBL284348,MONDO:0004985,13,339,352
random,CHEMBL284348,MONDO:0005090,25,406,431
random,CHEMBL284348,MONDO:0005098,2,151,153
random,CHEMBL284348,MONDO:0005180,7,132,139
random,CHEMBL284348,MONDO:0005277,1,53,54
random,CHEMBL284348,MONDO:0005618,19,376,395
random,CHEMBL284348,MONDO:0007743,1,43,44
random,CHEMBL285674,MONDO:0001627,1,38,39
random,CHEMBL285674,MONDO:0002009,17,142,159
random,CHEMBL285674,MONDO:0004975,1,94,95
random,CHEMBL285674,MONDO:0004985,27,146,173
random,CHEMBL285674,MONDO:0005027,19,112,131
random,CHEMBL285674,MONDO:0005090,40,172,212
random,CHEMBL285674,MONDO:0005098,2,62,64
random,CHEMBL285674,MONDO:0005180,4,86,90
random,CHEMBL285674,MONDO:0005277,2,51,53
random,CHEMBL285674,MONDO:0005301,1,38,39
random,CHEMBL285674,MONDO:0007743,4,45,49
random,CHEMBL290916,MONDO:0001627,3,98,101
random,CHEMBL290916,MONDO:0002009,10,264,274
random,CHEMBL290916,MONDO:0004975,7,218,225
random,CHEMBL290916,MONDO:0004985,15,281,296
random,CHEMBL290916,MONDO:0005027,10,158,168
random,CHEMBL290916,MONDO:0005090,26,349,375
random,CHEMBL290916,MONDO:0005180,6,129,135
random,CHEMBL290916,MONDO:0005277,1,53,54
random,CHEMBL290916,MONDO:0005301,1,59,60
random,CHEMBL290916,MONDO:0005618,20,313,333
random,CHEMBL290916,MONDO:0007743,1,45,46
random,CHEMBL294199,MONDO:0001627,2,72,74
random,CHEMBL294199,MONDO:0002009,20,289,309
random,CHEMBL294199,MONDO:0004975,5,188,193
random,CHEMBL294199,MONDO:0004985,24,353,377
random,CHEMBL294199,MONDO:0005090,37,416,453
random,CHEMBL294199,MONDO:0005180,9,140,149
random,CHEMBL294199,MONDO:0005277,2,47,49
random,CHEMBL294199,MONDO:0005301,2,65,67
random,CHEMBL294199,MONDO:0005618,35,408,443
random,CHEMBL294199,MONDO:0007743,4,51,55
random,CHEMBL301265,MONDO:0001627,1,40,41
random,CHEMBL301265,MONDO:0002009,21,176,197
random,CHEMBL301265,MONDO:0004975,1,101,102
random,CHEMBL301265,MONDO:0004985,24,175,199
random,CHEMBL301265,MONDO:0005027,19,129,148
random,CHEMBL301265,MONDO:0005090,38,202,240
random,CHEMBL301265,MONDO:0005098,2,87,89
random,CHEMBL301265,MONDO:0005277,2,51,53
random,CHEMBL301265,MONDO:0005301,1,42,43
random,CHEMBL301265,MONDO:0005618,35,203,238
random,CHEMBL301265,MONDO:0007743,6,46,52
random,CHEMBL3039520,MONDO:0001627,1,37,38
random,CHEMBL3039520,MONDO:0002009,15,95,110
random,CHEMBL3039520,MONDO:0004975,1,63,64
random,CHEMBL3039520,MONDO:0004985,19,87,106
random,CHEMBL3039520,MONDO:0005027,15,87,102
random,CHEMBL3039520,MONDO:0005090,28,102,130
random,CHEMBL3039520,MONDO:0005098,0,55,55
random,CHEMBL3039520,MONDO:0005180,5,67,72
random,CHEMBL3039520,MONDO:0005301,0,36,36
random,CHEMBL3039520,MONDO:0005618,23,105,128
random,CHEMBL3039520,MONDO:0007743,4,40,44
random,CHEMBL3187365,MONDO:0001627,1,46,47
random,CHEMBL3187365,MONDO:0002009,22,248,270
random,CHEMBL3187365,MONDO:0005180,5,108,113
random,CHEMBL3187365,MONDO:0005277,2,51,53
random,CHEMBL3187365,MONDO:0005301,1,52,53
random,CHEMBL3187365,MONDO:0005618,31,278,309
random,CHEMBL3187365,MONDO:0007743,5,48,53
random,CHEMBL32,MONDO:0001627,0,4,4
random,CHEMBL32,MONDO:0002009,0,22,22
random,CHEMBL32,MONDO:0004975,0,16,16
random,CHEMBL32,MONDO:0004985,0,17,17
random,CHEMBL32,MONDO:0005090,1,28,29
random,CHEMBL32,MONDO:0005098,0,13,13
random,CHEMBL32,MONDO:0005180,0,16,16
random,CHEMBL32,MONDO:0005277,0,4,4
random,CHEMBL32,MONDO:0005301,0,6,6
random,CHEMBL32,MONDO:0005618,0,24,24
random,CHEMBL32,MONDO:0007743,0,7,7
random,CHEMBL32350,MONDO:0001627,1,48,49
random,CHEMBL32350,MONDO:0002009,7,166,173
random,CHEMBL32350,MONDO:0004975,3,128,131
random,CHEMBL32350,MONDO:0004985,11,171,182
random,CHEMBL32350,MONDO:0005027,9,106,115
random,CHEMBL32350,MONDO:0005090,19,206,225
random,CHEMBL32350,MONDO:0005098,2,96,98
random,CHEMBL32350,MONDO:0005180,3,79,82
random,CHEMBL32350,MONDO:0005277,1,51,52
random,CHEMBL32350,MONDO:0005301,0,41,41
random,CHEMBL32350,MONDO:0007743,1,37,38
random,CHEMBL3306803,MONDO:0001627,0,21,21
random,CHEMBL3306803,MONDO:0002009,3,99,102
random,CHEMBL3306803,MONDO:0004975,0,61,61
random,CHEMBL3306803,MONDO:0004985,6,101,107
random,CHEMBL3306803,MONDO:0005027,3,71,74
random,CHEMBL3306803,MONDO:0005098,0,57,57
random,CHEMBL3306803,MONDO:0005180,2,50,52
random,CHEMBL3306803,MONDO:0005277,1,20,21
random,CHEMBL3306803,MONDO:0005301,0,23,23
random,CHEMBL3306803,MONDO:0005618,6,113,119
random,CHEMBL3306803,MONDO:0007743,1,24,25
random,CHEMBL33986,MONDO:0001627,1,40,41
random,CHEMBL33986,MONDO:0002009,17,152,169
random,CHEMBL33986,MONDO:0004975,2,107,109
random,CHEMBL33986,MONDO:0004985,20,159,179
random,CHEMBL33986,MONDO:0005027,16,124,140
random,CHEMBL33986,MONDO:0005090,29,178,207
random,CHEMBL33986,MONDO:0005098,3,73,76
random,CHEMBL33986,MONDO:0005180,4,89,93
random,CHEMBL33986,MONDO:0005301,1,40,41
random,CHEMBL33986,MONDO:0005618,28,176,204
random,CHEMBL33986,MONDO:0007743,4,46,50
random,CHEMBL3545985,MONDO:0001627,1,38,39
random,CHEMBL3545985,MONDO:0002009,17,143,160
random,CHEMBL3545985,MONDO:0004975,1,96,97
random,CHEMBL3545985,MONDO:0005027,15,111,126
random,CHEMBL3545985,MONDO:0005090,31,174,205
random,CHEMBL3545985,MONDO:0005098,2,62,64
random,CHEMBL3545985,MONDO:0005180,5,90,95
random,CHEMBL3545985,MONDO:0005277,2,51,53
random,CHEMBL3545985,MONDO:0005301,1,38,39
random,CHEMBL3545985,MONDO:0005618,29,165,194
random,CHEMBL3545985,MONDO:0007743,4,45,49
random,CHEMBL36,MONDO:0001627,0,2,2
random,CHEMBL36,MONDO:0002009,0,24,24
random,CHEMBL36,MONDO:0004975,0,20,20
random,CHEMBL36,MONDO:0004985,0,21,21
random,CHEMBL36,MONDO:0005090,0,27,27
random,CHEMBL36,MONDO:0005098,0,14,14
random,CHEMBL36,MONDO:0005180,0,17,17
random,CHEMBL36,MONDO:0005277,0,1,1
random,CHEMBL36,MONDO:0005301,0,4,4
random,CHEMBL36,MONDO:0005618,0,26,26
random,CHEMBL36,MONDO:0007743,0,5,5
random,CHEMBL364713,MONDO:0001627,1,70,71
random,CHEMBL364713,MONDO:0002009,21,272,293
random,CHEMBL364713,MONDO:0004975,2,180,182
random,CHEMBL364713,MONDO:0004985,23,327,350
random,CHEMBL364713,MONDO:0005090,36,384,420
random,CHEMBL364713,MONDO:0005098,3,124,127
random,CHEMBL364713,MONDO:0005180,5,129,134
random,CHEMBL364713,MONDO:0005277,2,53,55
random,CHEMBL364713,MONDO:0005301,1,59,60
random,CHEMBL364713,MONDO:0005618,34,369,403
random,CHEMBL364713,MONDO:0007743,4,50,54
random,CHEMBL3707247,MONDO:0001627,0,22,22
random,CHEMBL3707247,MONDO:0002009,2,90,92
random,CHEMBL3707247,MONDO:0004975,1,61,62
random,CHEMBL3707247,MONDO:0004985,2,79,81
random,CHEMBL3707247,MONDO:0005027,1,62,63
random,CHEMBL3707247,MONDO:0005090,3,90,93
random,CHEMBL3707247,MONDO:0005180,2,56,58
random,CHEMBL3707247,MONDO:0005277,0,24,24
random,CHEMBL3707247,MONDO:0005618,3,101,104
random,CHEMBL3707247,MONDO:0007743,0,19,19
random,CHEMBL3707328,MONDO:0001627,0,0,0
random,CHEMBL3707328,MONDO:0002009,0,0,0
random,CHEMBL3707328,MONDO:0004975,0,0,0
random,CHEMBL3707328,MONDO:0004985,0,0,0
random,CHEMBL3707328,MONDO:0005027,0,0,0
random,CHEMBL3707328,MONDO:0005090,0,0,0
random,CHEMBL3707328,MONDO:0005098,0,0,0
random,CHEMBL3707328,MONDO:0005180,0,0,0
random,CHEMBL3707328,MONDO:0005301,0,0,0
random,CHEMBL3707328,MONDO:0005618,0,0,0
random,CHEMBL3707328,MONDO:0007743,0,0,0
random,CHEMBL3707389,MONDO:0001627,0,0,0
random,CHEMBL3707389,MONDO:0002009,0,0,0
random,CHEMBL3707389,MONDO:0004975,0,0,0
random,CHEMBL3707389,MONDO:0004985,0,0,0
random,CHEMBL3707389,MONDO:0005090,0,0,0
random,CHEMBL3707389,MONDO:0005098,0,0,0
random,CHEMBL3707389,MONDO:0005180,0,0,0
random,CHEMBL3707389,MONDO:0005277,0,0,0
random,CHEMBL3707389,MONDO:0005301,0,0,0
random,CHEMBL3707389,MONDO:0005618,0,0,0
random,CHEMBL3707389,MONDO:0007743,0,0,0
random,CHEMBL3707390,MONDO:0001627,0,0,0
random,CHEMBL3707390,MONDO:0002009,0,0,0
random,CHEMBL3707390,MONDO:0004975,0,0,0
random,CHEMBL3707390,MONDO:0004985,0,0,0
random,CHEMBL3707390,MONDO:0005027,0,0,0
random,CHEMBL3707390,MONDO:0005090,0,0,0
random,CHEMBL3707390,MONDO:0005098,0,0,0
random,CHEMBL3707390,MONDO:0005180,0,0,0
random,CHEMBL3707390,MONDO:0005277,0,0,0
random,CHEMBL3707390,MONDO:0005301,0,0,0
random,CHEMBL3707390,MONDO:0005618,0,0,0
random,CHEMBL370753,MONDO:0001627,1,48,49
random,CHEMBL370753,MONDO:0002009,17,191,208
random,CHEMBL370753,MONDO:0004975,4,140,144
random,CHEMBL370753,MONDO:0004985,22,198,220
random,CHEMBL370753,MONDO:0005027,17,129,146
random,CHEMBL370753,MONDO:0005090,36,253,289
random,CHEMBL370753,MONDO:0005098,4,109,113
random,CHEMBL370753,MONDO:0005180,5,102,107
random,CHEMBL370753,MONDO:0005277,2,51,53
random,CHEMBL370753,MONDO:0005301,1,47,48
random,CHEMBL370753,MONDO:0007743,4,47,51
random,CHEMBL370805,MONDO:0001627,1,43,44
random,CHEMBL370805,MONDO:0002009,18,161,179
random,CHEMBL370805,MONDO:0004975,3,111,114
random,CHEMBL370805,MONDO:0004985,23,164,187
random,CHEMBL370805,MONDO:0005090,32,193,225
random,CHEMBL370805,MONDO:0005098,3,68,71
random,CHEMBL370805,MONDO:0005180,6,96,102
random,CHEMBL370805,MONDO:0005277,2,51,53
random,CHEMBL370805,MONDO:0005301,2,44,46
random,CHEMBL370805,MONDO:0005618,29,183,212
random,CHEMBL370805,MONDO:0007743,4,45,49
random,CHEMBL372795,MONDO:0001627,1,40,41
random,CHEMBL372795,MONDO:0002009,21,155,176
random,CHEMBL372795,MONDO:0004975,1,97,98
random,CHEMBL372795,MONDO:0004985,25,165,190
random,CHEMBL372795,MONDO:0005027,16,121,137
random,CHEMBL372795,MONDO:0005090,35,197,232
random,CHEMBL372795,MONDO:0005098,3,69,72
random,CHEMBL372795,MONDO:0005277,2,51,53
random,CHEMBL372795,MONDO:0005301,2,44,46
random,CHEMBL372795,MONDO:0005618,35,184,219
random,CHEMBL372795,MONDO:0007743,6,47,53
random,CHEMBL374478,MONDO:0001627,3,100,103
random,CHEMBL374478,MONDO:0002009,27,313,340
random,CHEMBL374478,MONDO:0004975,5,215,220
random,CHEMBL374478,MONDO:0004985,27,311,338
random,CHEMBL374478,MONDO:0005027,20,195,215
random,CHEMBL374478,MONDO:0005090,44,394,438
random,CHEMBL374478,MONDO:0005098,5,178,183
random,CHEMBL374478,MONDO:0005180,8,145,153
random,CHEMBL374478,MONDO:0005277,2,53,55
random,CHEMBL374478,MONDO:0005301,3,79,82
random,CHEMBL374478,MONDO:0007743,5,51,56
random,CHEMBL374975,MONDO:0001627,1,50,51
random,CHEMBL374975,MONDO:0002009,9,172,181
random,CHEMBL374975,MONDO:0004975,4,140,144
random,CHEMBL374975,MONDO:0004985,11,163,174
random,CHEMBL374975,MONDO:0005027,11,131,142
random,CHEMBL374975,MONDO:0005090,21,200,221
random,CHEMBL374975,MONDO:0005098,3,102,105
random,CHEMBL374975,MONDO:0005277,1,51,52
random,CHEMBL374975,MONDO:0005301,0,44,44
random,CHEMBL374975,MONDO:0005618,17,192,209
random,CHEMBL374975,MONDO:0007743,1,40,41
random,CHEMBL376897,MONDO:0001627,1,49,50
random,CHEMBL376897,MONDO:0002009,9,168,177
random,CHEMBL376897,MONDO:0004975,3,138,141
random,CHEMBL376897,MONDO:0004985,12,176,188
random,CHEMBL376897,MONDO:0005027,9,117,126
random,CHEMBL376897,MONDO:0005090,22,207,229
random,CHEMBL376897,MONDO:0005098,2,93,95
random,CHEMBL376897,MONDO:0005180,3,90,93
random,CHEMBL376897,MONDO:0005277,1,51,52
random,CHEMBL376897,MONDO:0005301,0,42,42
random,CHEMBL376897,MONDO:0007743,1,38,39
random,CHEMBL38,MONDO:0001627,3,107,110
random,CHEMBL38,MONDO:0002009,11,345,356
random,CHEMBL38,MONDO:0004975,6,252,258
random,CHEMBL38,MONDO:0004985,19,405,424
random,CHEMBL38,MONDO:0005027,11,197,208
random,CHEMBL38,MONDO:0005090,26,504,530
random,CHEMBL38,MONDO:0005098,4,191,195
random,CHEMBL38,MONDO:0005180,5,146,151
random,CHEMBL38,MONDO:0005277,1,54,55
random,CHEMBL38,MONDO:0005301,1,73,74
random,CHEMBL38,MONDO:0007743,1,42,43
random,CHEMBL3833320,MONDO:0001627,0,0,0
random,CHEMBL3833320,MONDO:0002009,0,0,0
random,CHEMBL3833320,MONDO:0004975,0,0,0
random,CHEMBL3833320,MONDO:0004985,0,0,0
random,CHEMBL3833320,MONDO:0005027,0,0,0
random,CHEMBL3833320,MONDO:0005090,0,0,0
random,CHEMBL3833320,MONDO:0005098,0,0,0
random,CHEMBL3833320,MONDO:0005180,0,0,0
random,CHEMBL3833320,MONDO:0005301,0,0,0
random,CHEMBL3833320,MONDO:0005618,0,0,0
random,CHEMBL3833320,MONDO:0007743,0,0,0
random,CHEMBL3833329,MONDO:0001627,0,4,4
random,CHEMBL3833329,MONDO:0002009,0,10,10
random,CHEMBL3833329,MONDO:0004975,0,8,8
random,CHEMBL3833329,MONDO:0004985,0,11,11
random,CHEMBL3833329,MONDO:0005027,0,9,9
random,CHEMBL3833329,MONDO:0005090,0,11,11
random,CHEMBL3833329,MONDO:0005098,0,6,6
random,CHEMBL3833329,MONDO:0005180,0,6,6
random,CHEMBL3833329,MONDO:0005301,0,5,5
random,CHEMBL3833329,MONDO:0005618,0,10,10
random,CHEMBL3833329,MONDO:0007743,0,5,5
random,CHEMBL3833377,MONDO:0001627,0,0,0
random,CHEMBL3833377,MONDO:0002009,0,0,0
random,CHEMBL3833377,MONDO:0004975,0,0,0
random,CHEMBL3833377,MONDO:0004985,0,0,0
random,CHEMBL3833377,MONDO:0005027,0,0,0
random,CHEMBL3833377,MONDO:0005090,0,0,0
random,CHEMBL3833377,MONDO:0005098,0,0,0
random,CHEMBL3833377,MONDO:0005180,0,0,0
random,CHEMBL3833377,MONDO:0005277,0,0,0
random,CHEMBL3833377,MONDO:0005618,0,0,0
random,CHEMBL384467,MONDO:0001627,1,80,81
random,CHEMBL384467,MONDO:0002009,23,296,319
random,CHEMBL384467,MONDO:0004975,2,205,207
random,CHEMBL384467,MONDO:0004985,25,327,352
random,CHEMBL384467,MONDO:0005090,37,381,418
random,CHEMBL384467,MONDO:0005098,5,160,165
random,CHEMBL384467,MONDO:0005180,9,147,156
random,CHEMBL384467,MONDO:0005277,2,51,53
random,CHEMBL384467,MONDO:0005618,39,359,398
random,CHEMBL384467,MONDO:0007743,4,47,51
random,CHEMBL386630,MONDO:0002009,24,253,277
random,CHEMBL386630,MONDO:0004975,3,160,163
random,CHEMBL386630,MONDO:0004985,23,253,276
random,CHEMBL386630,MONDO:0005090,35,321,356
random,CHEMBL386630,MONDO:0005180,6,135,141
random,CHEMBL386630,MONDO:0005301,1,48,49
random,CHEMBL386630,MONDO:0005618,39,313,352
random,CHEMBL386630,MONDO:0007743,4,51,55
random,CHEMBL389621,MONDO:0001627,2,77,79
random,CHEMBL389621,MONDO:0002009,25,274,299
random,CHEMBL389621,MONDO:0004975,2,185,187
random,CHEMBL389621,MONDO:0004985,26,282,308
random,CHEMBL389621,MONDO:0005090,38,349,387
random,CHEMBL389621,MONDO:0005098,3,147,150
random,CHEMBL389621,MONDO:0005180,6,136,142
random,CHEMBL389621,MONDO:0005277,2,53,55
random,CHEMBL389621,MONDO:0005618,44,335,379
random,CHEMBL389621,MONDO:0007743,6,50,56
random,CHEMBL395091,MONDO:0001627,1,40,41
random,CHEMBL395091,MONDO:0002009,21,171,192
random,CHEMBL395091,MONDO:0004975,2,109,111
random,CHEMBL395091,MONDO:0004985,26,174,200
random,CHEMBL395091,MONDO:0005027,18,131,149
random,CHEMBL395091,MONDO:0005090,38,204,242
random,CHEMBL395091,MONDO:0005098,3,66,69
random,CHEMBL395091,MONDO:0005180,5,90,95
random,CHEMBL395091,MONDO:0005277,2,51,53
random,CHEMBL395091,MONDO:0005301,1,40,41
random,CHEMBL395091,MONDO:0007743,4,45,49
random,CHEMBL396778,MONDO:0001627,0,17,17
random,CHEMBL396778,MONDO:0002009,5,92,97
random,CHEMBL396778,MONDO:0004975,2,51,53
random,CHEMBL396778,MONDO:0004985,2,77,79
random,CHEMBL396778,MONDO:0005027,1,50,51
random,CHEMBL396778,MONDO:0005090,7,93,100
random,CHEMBL396778,MONDO:0005098,0,54,54
random,CHEMBL396778,MONDO:0005277,0,13,13
random,CHEMBL396778,MONDO:0005301,0,22,22
random,CHEMBL396778,MONDO:0005618,6,100,106
random,CHEMBL396778,MONDO:0007743,0,15,15
random,CHEMBL398707,MONDO:0001627,0,28,28
random,CHEMBL398707,MONDO:0002009,2,73,75
random,CHEMBL398707,MONDO:0004975,0,49,49
random,CHEMBL398707,MONDO:0004985,0,53,53
random,CHEMBL398707,MONDO:0005090,1,65,66
random,CHEMBL398707,MONDO:0005098,1,53,54
random,CHEMBL398707,MONDO:0005180,0,49,49
random,CHEMBL398707,MONDO:0005277,0,14,14
random,CHEMBL398707,MONDO:0005301,0,27,27
random,CHEMBL398707,MONDO:0005618,4,74,78
random,CHEMBL398707,MONDO:0007743,0,21,21
random,CHEMBL3989695,MONDO:0001627,0,7,7
random,CHEMBL3989695,MONDO:0002009,1,15,16
random,CHEMBL3989695,MONDO:0004975,0,7,7
random,CHEMBL3989695,MONDO:0004985,0,13,13
random,CHEMBL3989695,MONDO:0005090,1,15,16
random,CHEMBL3989695,MONDO:0005098,0,8,8
random,CHEMBL3989695,MONDO:0005180,0,8,8
random,CHEMBL3989695,MONDO:0005277,0,7,7
random,CHEMBL3989695,MONDO:0005301,0,6,6
random,CHEMBL3989695,MONDO:0005618,1,15,16
random,CHEMBL3989695,MONDO:0007743,0,7,7
random,CHEMBL3989702,MONDO:0001627,0,11,11
random,CHEMBL3989702,MONDO:0002009,2,46,48
random,CHEMBL3989702,MONDO:0004975,0,28,28
random,CHEMBL3989702,MONDO:0004985,0,27,27
random,CHEMBL3989702,MONDO:0005090,2,36,38
random,CHEMBL3989702,MONDO:0005098,1,35,36
random,CHEMBL3989702,MONDO:0005180,1,27,28
random,CHEMBL3989702,MONDO:0005277,0,5,5
random,CHEMBL3989702,MONDO:0005301,0,11,11
random,CHEMBL3989702,MONDO:0007743,0,9,9
random,CHEMBL3989752,MONDO:0001627,0,0,0
random,CHEMBL3989752,MONDO:0002009,0,0,0
random,CHEMBL3989752,MONDO:0004975,0,0,0
random,CHEMBL3989752,MONDO:0004985,0,0,0
random,CHEMBL3989752,MONDO:0005027,0,0,0
random,CHEMBL3989752,MONDO:0005090,0,0,0
random,CHEMBL3989752,MONDO:0005098,0,0,0
random,CHEMBL3989752,MONDO:0005180,0,0,0
random,CHEMBL3989752,MONDO:0005301,0,0,0
random,CHEMBL3989752,MONDO:0005618,0,0,0
random,CHEMBL3989752,MONDO:0007743,0,0,0
random,CHEMBL3989810,MONDO:0001627,0,13,13
random,CHEMBL3989810,MONDO:0002009,2,48,50
random,CHEMBL3989810,MONDO:0004975,0,28,28
random,CHEMBL3989810,MONDO:0004985,0,33,33
random,CHEMBL3989810,MONDO:0005090,2,38,40
random,CHEMBL3989810,MONDO:0005098,2,48,50
random,CHEMBL3989810,MONDO:0005180,0,24,24
random,CHEMBL3989810,MONDO:0005277,0,5,5
random,CHEMBL3989810,MONDO:0005301,0,16,16
random,CHEMBL3989810,MONDO:0007743,0,8,8
random,CHEMBL3989843,MONDO:0001627,1,48,49
random,CHEMBL3989843,MONDO:0004975,6,141,147
random,CHEMBL3989843,MONDO:0005098,4,97,101
random,CHEMBL3989843,MONDO:0005180,6,95,101
random,CHEMBL3989843,MONDO:0005277,1,52,53
random,CHEMBL3989843,MONDO:0005301,0,48,48
random,CHEMBL3989843,MONDO:0007743,1,42,43
random,CHEMBL3989856,MONDO:0001627,0,5,5
random,CHEMBL3989856,MONDO:0002009,0,9,9
random,CHEMBL3989856,MONDO:0004975,0,7,7
random,CHEMBL3989856,MONDO:0004985,0,7,7
random,CHEMBL3989856,MONDO:0005090,0,10,10
random,CHEMBL3989856,MONDO:0005098,0,7,7
random,CHEMBL3989856,MONDO:0005180,0,7,7
random,CHEMBL3989856,MONDO:0005277,0,3,3
random,CHEMBL3989856,MONDO:0005301,0,8,8
random,CHEMBL3989856,MONDO:0005618,0,9,9
random,CHEMBL3989856,MONDO:0007743,0,2,2
random,CHEMBL3989887,MONDO:0001627,0,19,19
random,CHEMBL3989887,MONDO:0002009,2,64,66
random,CHEMBL3989887,MONDO:0004975,0,42,42
random,CHEMBL3989887,MONDO:0004985,0,44,44
random,CHEMBL3989887,MONDO:0005090,3,57,60
random,CHEMBL3989887,MONDO:0005098,1,45,46
random,CHEMBL3989887,MONDO:0005180,1,33,34
random,CHEMBL3989887,MONDO:0005277,0,15,15
random,CHEMBL3989887,MONDO:0005301,0,23,23
random,CHEMBL3989887,MONDO:0005618,2,66,68
random,CHEMBL3989887,MONDO:0007743,0,17,17
random,CHEMBL4,MONDO:0001627,1,52,53
random,CHEMBL4,MONDO:0002009,10,237,247
random,CHEMBL4,MONDO:0004975,3,157,160
random,CHEMBL4,MONDO:0004985,11,230,241
random,CHEMBL4,MONDO:0005090,22,301,323
random,CHEMBL4,MONDO:0005098,5,140,145
random,CHEMBL4,MONDO:0005180,3,108,111
random,CHEMBL4,MONDO:0005277,1,51,52
random,CHEMBL4,MONDO:0005301,0,50,50
random,CHEMBL4,MONDO:0005618,19,287,306
random,CHEMBL4,MONDO:0007743,1,46,47
random,CHEMBL40,MONDO:0001627,0,17,17
random,CHEMBL40,MONDO:0002009,4,87,91
random,CHEMBL40,MONDO:0005090,17,102,119
random,CHEMBL40,MONDO:0005098,0,46,46
random,CHEMBL40,MONDO:0005180,2,49,51
random,CHEMBL40,MONDO:0005301,0,20,20
random,CHEMBL40,MONDO:0007743,1,24,25
random,CHEMBL404422,MONDO:0001627,1,38,39
random,CHEMBL404422,MONDO:0002009,18,139,157
random,CHEMBL404422,MONDO:0004975,3,98,101
random,CHEMBL404422,MONDO:0004985,26,149,175
random,CHEMBL404422,MONDO:0005027,17,110,127
random,CHEMBL404422,MONDO:0005090,36,169,205
random,CHEMBL404422,MONDO:0005098,3,62,65
random,CHEMBL404422,MONDO:0005180,4,85,89
random,CHEMBL404422,MONDO:0005277,2,51,53
random,CHEMBL404422,MONDO:0005301,1,37,38
random,CHEMBL404422,MONDO:0007743,4,45,49
random,CHEMBL405,MONDO:0001627,1,28,29
random,CHEMBL405,MONDO:0002009,7,71,78
random,CHEMBL405,MONDO:0004975,2,43,45
random,CHEMBL405,MONDO:0005090,11,77,88
random,CHEMBL405,MONDO:0005180,6,61,67
random,CHEMBL405,MONDO:0005277,0,12,12
random,CHEMBL405,MONDO:0005301,0,21,21
random,CHEMBL407,MONDO:0001627,1,43,44
random,CHEMBL407,MONDO:0002009,20,217,237
random,CHEMBL407,MONDO:0004975,2,125,127
random,CHEMBL407,MONDO:0004985,28,209,237
random,CHEMBL407,MONDO:0005090,43,292,335
random,CHEMBL407,MONDO:0005098,2,106,108
random,CHEMBL407,MONDO:0005180,5,105,110
random,CHEMBL407,MONDO:0005277,2,51,53
random,CHEMBL407,MONDO:0005301,1,47,48
random,CHEMBL407,MONDO:0007743,4,53,57
random,CHEMBL41,MONDO:0001627,1,49,50
random,CHEMBL41,MONDO:0005090,50,301,351
random,CHEMBL41,MONDO:0005180,7,110,117
random,CHEMBL41,MONDO:0005277,2,51,53
random,CHEMBL41,MONDO:0005301,1,52,53
random,CHEMBL41,MONDO:0007743,7,49,56
random,CHEMBL411,MONDO:0002009,4,99,103
random,CHEMBL411,MONDO:0004975,1,88,89
random,CHEMBL411,MONDO:0004985,2,100,102
random,CHEMBL411,MONDO:0005090,6,110,116
random,CHEMBL411,MONDO:0005180,2,68,70
random,CHEMBL411,MONDO:0005301,0,32,32
random,CHEMBL411,MONDO:0005618,7,123,130
random,CHEMBL411,MONDO:0007743,1,26,27
random,CHEMBL413,MONDO:0001627,1,97,98
random,CHEMBL413,MONDO:0002009,39,570,609
random,CHEMBL413,MONDO:0004975,8,378,386
random,CHEMBL413,MONDO:0004985,40,639,679
random,CHEMBL413,MONDO:0005027,27,300,327
random,CHEMBL413,MONDO:0005090,73,891,964
random,CHEMBL413,MONDO:0005180,10,176,186
random,CHEMBL413,MONDO:0005277,3,71,74
random,CHEMBL413,MONDO:0005301,2,98,100
random,CHEMBL413,MONDO:0005618,60,760,820
random,CHEMBL413,MONDO:0007743,4,50,54
random,CHEMBL415,MONDO:0001627,1,84,85
random,CHEMBL415,MONDO:0002009,24,330,354
random,CHEMBL415,MONDO:0004975,4,222,226
random,CHEMBL415,MONDO:0004985,23,366,389
random,CHEMBL415,MONDO:0005090,48,488,536
random,CHEMBL415,MONDO:0005098,4,170,174
random,CHEMBL415,MONDO:0005180,8,134,142
random,CHEMBL415,MONDO:0005277,2,53,55
random,CHEMBL415,MONDO:0005301,1,70,71
random,CHEMBL415,MONDO:0007743,4,53,57
random,CHEMBL416956,MONDO:0001627,1,69,70
random,CHEMBL416956,MONDO:0002009,21,310,331
random,CHEMBL416956,MONDO:0004975,5,175,180
random,CHEMBL416956,MONDO:0004985,22,273,295
random,CHEMBL416956,MONDO:0005098,3,125,128
random,CHEMBL416956,MONDO:0005180,8,124,132
random,CHEMBL416956,MONDO:0005277,2,51,53
random,CHEMBL416956,MONDO:0005301,3,62,65
random,CHEMBL416956,MONDO:0007743,4,49,53
random,CHEMBL418995,MONDO:0001627,1,38,39
random,CHEMBL418995,MONDO:0002009,17,156,173
random,CHEMBL418995,MONDO:0004975,1,92,93
random,CHEMBL418995,MONDO:0004985,20,160,180
random,CHEMBL418995,MONDO:0005027,15,109,124
random,CHEMBL418995,MONDO:0005090,29,183,212
random,CHEMBL418995,MONDO:0005098,3,75,78
random,CHEMBL418995,MONDO:0005180,4,81,85
random,CHEMBL418995,MONDO:0005277,2,51,53
random,CHEMBL418995,MONDO:0005301,1,37,38
random,CHEMBL418995,MONDO:0007743,4,45,49
random,CHEMBL42,MONDO:0001627,2,93,95
random,CHEMBL42,MONDO:0002009,29,365,394
random,CHEMBL42,MONDO:0004985,30,412,442
random,CHEMBL42,MONDO:0005090,55,542,597
random,CHEMBL42,MONDO:0005180,10,145,155
random,CHEMBL42,MONDO:0005277,2,56,58
random,CHEMBL42,MONDO:0005301,1,80,81
random,CHEMBL42,MONDO:0005618,47,495,542
random,CHEMBL42,MONDO:0007743,8,53,61
random,CHEMBL422,MONDO:0001627,2,87,89
random,CHEMBL422,MONDO:0002009,27,401,428
random,CHEMBL422,MONDO:0004985,29,464,493
random,CHEMBL422,MONDO:0005098,3,177,180
random,CHEMBL422,MONDO:0005180,9,144,153
random,CHEMBL422,MONDO:0005277,2,63,65
random,CHEMBL422,MONDO:0005301,2,85,87
random,CHEMBL422,MONDO:0005618,42,535,577
random,CHEMBL422,MONDO:0007743,7,52,59
random,CHEMBL423,MONDO:0001627,0,9,9
random,CHEMBL423,MONDO:0002009,1,37,38
random,CHEMBL423,MONDO:0004975,1,26,27
random,CHEMBL423,MONDO:0004985,1,28,29
random,CHEMBL423,MONDO:0005027,0,22,22
random,CHEMBL423,MONDO:0005090,2,40,42
random,CHEMBL423,MONDO:0005098,0,21,21
random,CHEMBL423,MONDO:0005180,1,29,30
random,CHEMBL423,MONDO:0005277,0,9,9
random,CHEMBL423,MONDO:0005301,0,12,12
random,CHEMBL423,MONDO:0007743,0,18,18
random,CHEMBL428647,MONDO:0001627,2,91,93
random,CHEMBL428647,MONDO:0002009,26,424,450
random,CHEMBL428647,MONDO:0004975,6,266,272
random,CHEMBL428647,MONDO:0004985,32,452,484
random,CHEMBL428647,MONDO:0005027,19,239,258
random,CHEMBL428647,MONDO:0005090,47,629,676
random,CHEMBL428647,MONDO:0005098,4,195,199
random,CHEMBL428647,MONDO:0005180,9,156,165
random,CHEMBL428647,MONDO:0005277,2,61,63
random,CHEMBL428647,MONDO:0005301,2,81,83
random,CHEMBL428647,MONDO:0007743,4,52,56
random,CHEMBL429,MONDO:0001627,1,51,52
random,CHEMBL429,MONDO:0002009,11,179,190
random,CHEMBL429,MONDO:0004975,4,147,151
random,CHEMBL429,MONDO:0004985,12,174,186
random,CHEMBL429,MONDO:0005027,12,132,144
random,CHEMBL429,MONDO:0005090,22,210,232
random,CHEMBL429,MONDO:0005098,3,101,104
random,CHEMBL429,MONDO:0005180,5,95,100
random,CHEMBL429,MONDO:0005277,1,51,52
random,CHEMBL429,MONDO:0005301,0,48,48
random,CHEMBL429,MONDO:0007743,1,41,42
random,CHEMBL4297756,MONDO:0001627,0,0,0
random,CHEMBL4297756,MONDO:0002009,0,0,0
random,CHEMBL4297756,MONDO:0004975,0,0,0
random,CHEMBL4297756,MONDO:0004985,0,0,0
random,CHEMBL4297756,MONDO:0005027,0,0,0
random,CHEMBL4297756,MONDO:0005090,0,0,0
random,CHEMBL4297756,MONDO:0005098,0,0,0
random,CHEMBL4297756,MONDO:0005180,0,0,0
random,CHEMBL4297756,MONDO:0005301,0,0,0
random,CHEMBL4297756,MONDO:0005618,0,0,0
random,CHEMBL4297756,MONDO:0007743,0,0,0
random,CHEMBL430,MONDO:0001627,1,47,48
random,CHEMBL430,MONDO:0002009,7,147,154
random,CHEMBL430,MONDO:0004975,3,129,132
random,CHEMBL430,MONDO:0004985,11,154,165
random,CHEMBL430,MONDO:0005090,21,187,208
random,CHEMBL430,MONDO:0005098,2,82,84
random,CHEMBL430,MONDO:0005180,3,82,85
random,CHEMBL430,MONDO:0005277,1,51,52
random,CHEMBL430,MONDO:0005301,0,40,40
random,CHEMBL430,MONDO:0007743,1,40,41
random,CHEMBL431770,MONDO:0001627,1,52,53
random,CHEMBL431770,MONDO:0002009,16,208,224
random,CHEMBL431770,MONDO:0004975,5,155,160
random,CHEMBL431770,MONDO:0004985,15,195,210
random,CHEMBL431770,MONDO:0005027,14,147,161
random,CHEMBL431770,MONDO:0005090,32,244,276
random,CHEMBL431770,MONDO:0005098,3,124,127
random,CHEMBL431770,MONDO:0005277,2,51,53
random,CHEMBL431770,MONDO:0005301,0,46,46
random,CHEMBL431770,MONDO:0005618,28,239,267
random,CHEMBL431770,MONDO:0007743,3,48,51
random,CHEMBL435,MONDO:0001627,1,48,49
random,CHEMBL435,MONDO:0002009,26,245,271
random,CHEMBL435,MONDO:0004975,1,140,141
random,CHEMBL435,MONDO:0004985,26,221,247
random,CHEMBL435,MONDO:0005090,40,290,330
random,CHEMBL435,MONDO:0005277,2,51,53
random,CHEMBL435,MONDO:0005301,1,53,54
random,CHEMBL435,MONDO:0007743,7,52,59
random,CHEMBL43708,MONDO:0001627,0,2,2
random,CHEMBL43708,MONDO:0002009,0,7,7
random,CHEMBL43708,MONDO:0004975,0,6,6
random,CHEMBL43708,MONDO:0004985,0,8,8
random,CHEMBL43708,MONDO:0005090,0,5,5
random,CHEMBL43708,MONDO:0005098,0,6,6
random,CHEMBL43708,MONDO:0005180,0,4,4
random,CHEMBL43708,MONDO:0005277,0,1,1
random,CHEMBL43708,MONDO:0005301,0,4,4
random,CHEMBL43708,MONDO:0005618,0,7,7
random,CHEMBL43708,MONDO:0007743,0,5,5
random,CHEMBL439849,MONDO:0001627,1,49,50
random,CHEMBL439849,MONDO:0004975,1,66,67
random,CHEMBL439849,MONDO:0005090,12,109,121
random,CHEMBL439849,MONDO:0005098,0,75,75
random,CHEMBL439849,MONDO:0005180,3,53,56
random,CHEMBL439849,MONDO:0005277,0,17,17
random,CHEMBL439849,MONDO:0005301,0,27,27
random,CHEMBL439849,MONDO:0007743,2,26,28
random,CHEMBL441,MONDO:0001627,0,18,18
random,CHEMBL441,MONDO:0002009,2,67,69
random,CHEMBL441,MONDO:0004975,1,45,46
random,CHEMBL441,MONDO:0004985,6,68,74
random,CHEMBL441,MONDO:0005090,10,88,98
random,CHEMBL441,MONDO:0005098,0,44,44
random,CHEMBL441,MONDO:0005180,0,39,39
random,CHEMBL441,MONDO:0005277,0,20,20
random,CHEMBL441,MONDO:0005301,0,22,22
random,CHEMBL441,MONDO:0005618,6,85,91
random,CHEMBL441,MONDO:0007743,1,22,23
random,CHEMBL442,MONDO:0001627,1,45,46
random,CHEMBL442,MONDO:0002009,18,182,200
random,CHEMBL442,MONDO:0004975,2,144,146
random,CHEMBL442,MONDO:0004985,23,225,248
random,CHEMBL442,MONDO:0005090,36,254,290
random,CHEMBL442,MONDO:0005098,3,81,84
random,CHEMBL442,MONDO:0005180,5,102,107
random,CHEMBL442,MONDO:0005301,1,46,47
random,CHEMBL442,MONDO:0007743,5,46,51
random,CHEMBL445,MONDO:0001627,1,72,73
random,CHEMBL445,MONDO:0002009,23,277,300
random,CHEMBL445,MONDO:0004975,3,173,176
random,CHEMBL445,MONDO:0004985,23,278,301
random,CHEMBL445,MONDO:0005090,43,374,417
random,CHEMBL445,MONDO:0005180,8,118,126
random,CHEMBL445,MONDO:0005277,2,51,53
random,CHEMBL445,MONDO:0005301,2,58,60
random,CHEMBL447,MONDO:0001627,0,17,17
random,CHEMBL447,MONDO:0002009,3,66,69
random,CHEMBL447,MONDO:0004975,1,57,58
random,CHEMBL447,MONDO:0004985,11,71,82
random,CHEMBL447,MONDO:0005090,16,84,100
random,CHEMBL447,MONDO:0005098,0,35,35
random,CHEMBL447,MONDO:0005180,0,35,35
random,CHEMBL447,MONDO:0005277,0,11,11
random,CHEMBL447,MONDO:0005301,0,21,21
random,CHEMBL447,MONDO:0007743,1,18,19
random,CHEMBL448,MONDO:0001627,1,41,42
random,CHEMBL448,MONDO:0002009,19,201,220
random,CHEMBL448,MONDO:0004975,2,119,121
random,CHEMBL448,MONDO:0004985,34,198,232
random,CHEMBL448,MONDO:0005090,50,238,288
random,CHEMBL448,MONDO:0005098,2,90,92
random,CHEMBL448,MONDO:0005180,4,93,97
random,CHEMBL448,MONDO:0005277,2,53,55
random,CHEMBL448,MONDO:0005301,1,43,44
random,CHEMBL448,MONDO:0007743,4,46,50
random,CHEMBL449,MONDO:0001627,0,18,18
random,CHEMBL449,MONDO:0002009,3,45,48
random,CHEMBL449,MONDO:0004975,2,32,34
random,CHEMBL449,MONDO:0005090,24,41,65
random,CHEMBL449,MONDO:0005180,0,22,22
random,CHEMBL449,MONDO:0005277,0,9,9
random,CHEMBL449,MONDO:0005301,0,15,15
random,CHEMBL449,MONDO:0007743,2,21,23
random,CHEMBL45,MONDO:0001627,2,95,97
random,CHEMBL45,MONDO:0002009,30,345,375
random,CHEMBL45,MONDO:0004975,8,305,313
random,CHEMBL45,MONDO:0004985,36,357,393
random,CHEMBL45,MONDO:0005027,21,216,237
random,CHEMBL45,MONDO:0005098,5,187,192
random,CHEMBL45,MONDO:0005180,6,130,136
random,CHEMBL45,MONDO:0005277,2,53,55
random,CHEMBL45,MONDO:0005301,1,68,69
random,CHEMBL45,MONDO:0007743,7,51,58
random,CHEMBL450,MONDO:0001627,1,38,39
random,CHEMBL450,MONDO:0002009,18,155,173
random,CHEMBL450,MONDO:0004975,2,92,94
random,CHEMBL450,MONDO:0004985,30,160,190
random,CHEMBL450,MONDO:0005090,42,183,225
random,CHEMBL450,MONDO:0005098,2,75,77
random,CHEMBL450,MONDO:0005180,4,81,85
random,CHEMBL450,MONDO:0005277,2,51,53
random,CHEMBL450,MONDO:0005301,1,37,38
random,CHEMBL450,MONDO:0005618,34,180,214
random,CHEMBL450,MONDO:0007743,4,45,49
random,CHEMBL45029,MONDO:0001627,0,11,11
random,CHEMBL45029,MONDO:0002009,2,39,41
random,CHEMBL45029,MONDO:0004975,1,30,31
random,CHEMBL45029,MONDO:0004985,6,37,43
random,CHEMBL45029,MONDO:0005090,8,55,63
random,CHEMBL45029,MONDO:0005098,0,25,25
random,CHEMBL45029,MONDO:0005180,0,27,27
random,CHEMBL45029,MONDO:0005277,0,10,10
random,CHEMBL45029,MONDO:0005301,0,15,15
random,CHEMBL45029,MONDO:0007743,1,14,15
random,CHEMBL451,MONDO:0002009,17,161,178
random,CHEMBL451,MONDO:0004975,1,108,109
random,CHEMBL451,MONDO:0004985,27,168,195
random,CHEMBL451,MONDO:0005090,39,193,232
random,CHEMBL451,MONDO:0005180,4,84,88
random,CHEMBL451,MONDO:0005301,1,41,42
random,CHEMBL451,MONDO:0007743,4,46,50
random,CHEMBL452,MONDO:0001627,1,42,43
random,CHEMBL452,MONDO:0002009,21,165,186
random,CHEMBL452,MONDO:0004975,1,104,105
random,CHEMBL452,MONDO:0004985,32,159,191
random,CHEMBL452,MONDO:0005027,21,133,154
random,CHEMBL452,MONDO:0005090,45,187,232
random,CHEMBL452,MONDO:0005098,4,81,85
random,CHEMBL452,MONDO:0005180,5,92,97
random,CHEMBL452,MONDO:0005277,2,51,53
random,CHEMBL452,MONDO:0005301,1,43,44
random,CHEMBL452,MONDO:0007743,6,48,54
random,CHEMBL454,MONDO:0001627,0,4,4
random,CHEMBL454,MONDO:0002009,1,6,7
random,CHEMBL454,MONDO:0004985,10,10,20
random,CHEMBL454,MONDO:0005090,14,13,27
random,CHEMBL454,MONDO:0005098,0,5,5
random,CHEMBL454,MONDO:0005180,0,4,4
random,CHEMBL454,MONDO:0005301,0,3,3
random,CHEMBL454,MONDO:0007743,1,10,11
random,CHEMBL459,MONDO:0001627,2,54,56
random,CHEMBL459,MONDO:0002009,23,302,325
random,CHEMBL459,MONDO:0004975,2,169,171
random,CHEMBL459,MONDO:0004985,25,319,344
random,CHEMBL459,MONDO:0005027,16,203,219
random,CHEMBL459,MONDO:0005090,38,442,480
random,CHEMBL459,MONDO:0005098,2,126,128
random,CHEMBL459,MONDO:0005277,2,61,63
random,CHEMBL459,MONDO:0005301,2,62,64
random,CHEMBL459,MONDO:0007743,5,53,58
random,CHEMBL46,MONDO:0001627,0,28,28
random,CHEMBL46,MONDO:0002009,8,90,98
random,CHEMBL46,MONDO:0004975,1,57,58
random,CHEMBL46,MONDO:0004985,6,74,80
random,CHEMBL46,MONDO:0005090,16,93,109
random,CHEMBL46,MONDO:0005098,1,54,55
random,CHEMBL46,MONDO:0005180,3,55,58
random,CHEMBL46,MONDO:0005277,1,17,18
random,CHEMBL46,MONDO:0005301,0,29,29
random,CHEMBL46,MONDO:0005618,10,93,103
random,CHEMBL46,MONDO:0007743,1,27,28
random,CHEMBL460,MONDO:0001627,1,41,42
random,CHEMBL460,MONDO:0002009,19,155,174
random,CHEMBL460,MONDO:0004985,21,155,176
random,CHEMBL460,MONDO:0005098,2,71,73
random,CHEMBL460,MONDO:0005277,2,51,53
random,CHEMBL460,MONDO:0005301,1,41,42
random,CHEMBL460,MONDO:0005618,31,185,216
random,CHEMBL460,MONDO:0007743,4,50,54
random,CHEMBL460026,MONDO:0001627,0,25,25
random,CHEMBL460026,MONDO:0002009,3,76,79
random,CHEMBL460026,MONDO:0004975,1,61,62
random,CHEMBL460026,MONDO:0005027,3,66,69
random,CHEMBL460026,MONDO:0005090,4,79,83
random,CHEMBL460026,MONDO:0005098,2,65,67
random,CHEMBL460026,MONDO:0005180,0,54,54
random,CHEMBL460026,MONDO:0005277,0,25,25
random,CHEMBL460026,MONDO:0005301,0,30,30
random,CHEMBL460026,MONDO:0005618,3,87,90
random,CHEMBL460026,MONDO:0007743,0,14,14
random,CHEMBL465,MONDO:0001627,0,15,15
random,CHEMBL465,MONDO:0002009,6,61,67
random,CHEMBL465,MONDO:0004975,0,41,41
random,CHEMBL465,MONDO:0005098,0,39,39
random,CHEMBL465,MONDO:0005180,2,45,47
random,CHEMBL465,MONDO:0005277,1,17,18
random,CHEMBL465,MONDO:0005301,1,20,21
random,CHEMBL465,MONDO:0007743,1,17,18
random,CHEMBL46516,MONDO:0001627,2,92,94
random,CHEMBL46516,MONDO:0002009,24,376,400
random,CHEMBL46516,MONDO:0004975,3,238,241
random,CHEMBL46516,MONDO:0004985,27,428,455
random,CHEMBL46516,MONDO:0005027,15,213,228
random,CHEMBL46516,MONDO:0005098,2,174,176
random,CHEMBL46516,MONDO:0005180,8,138,146
random,CHEMBL46516,MONDO:0005277,2,61,63
random,CHEMBL46516,MONDO:0005301,2,82,84
random,CHEMBL46516,MONDO:0005618,40,521,561
random,CHEMBL46516,MONDO:0007743,4,53,57
random,CHEMBL466659,MONDO:0001627,0,2,2
random,CHEMBL466659,MONDO:0002009,0,11,11
random,CHEMBL466659,MONDO:0004975,0,11,11
random,CHEMBL466659,MONDO:0004985,0,13,13
random,CHEMBL466659,MONDO:0005090,1,18,19
random,CHEMBL466659,MONDO:0005098,0,6,6
random,CHEMBL466659,MONDO:0005180,0,8,8
random,CHEMBL466659,MONDO:0005277,0,7,7
random,CHEMBL466659,MONDO:0005301,0,4,4
random,CHEMBL466659,MONDO:0007743,0,3,3
random,CHEMBL468,MONDO:0001627,1,80,81
random,CHEMBL468,MONDO:0002009,26,308,334
random,CHEMBL468,MONDO:0004975,5,219,224
random,CHEMBL468,MONDO:0004985,28,299,327
random,CHEMBL468,MONDO:0005090,45,410,455
random,CHEMBL468,MONDO:0005098,6,184,190
random,CHEMBL468,MONDO:0005180,6,131,137
random,CHEMBL468,MONDO:0005277,2,51,53
random,CHEMBL468,MONDO:0005301,2,77,79
random,CHEMBL468,MONDO:0005618,43,388,431
random,CHEMBL468,MONDO:0007743,5,46,51
random,CHEMBL469,MONDO:0001627,1,47,48
random,CHEMBL469,MONDO:0002009,19,202,221
random,CHEMBL469,MONDO:0004975,1,124,125
random,CHEMBL469,MONDO:0004985,20,200,220
random,CHEMBL469,MONDO:0005027,16,156,172
random,CHEMBL469,MONDO:0005090,31,254,285
random,CHEMBL469,MONDO:0005180,5,98,103
random,CHEMBL469,MONDO:0005277,2,51,53
random,CHEMBL469,MONDO:0005301,1,47,48
random,CHEMBL469,MONDO:0005618,30,240,270
random,CHEMBL469,MONDO:0007743,4,47,51
random,CHEMBL479,MONDO:0001627,2,56,58
random,CHEMBL479,MONDO:0002009,27,299,326
random,CHEMBL479,MONDO:0004985,26,298,324
random,CHEMBL479,MONDO:0005090,45,384,429
random,CHEMBL479,MONDO:0005098,3,121,124
random,CHEMBL479,MONDO:0005180,8,128,136
random,CHEMBL479,MONDO:0005277,2,51,53
random,CHEMBL479,MONDO:0005301,1,63,64
random,CHEMBL479,MONDO:0005618,43,362,405
random,CHEMBL479,MONDO:0007743,5,53,58
random,CHEMBL480,MONDO:0001627,3,103,106
random,CHEMBL480,MONDO:0002009,27,327,354
random,CHEMBL480,MONDO:0004975,6,213,219
random,CHEMBL480,MONDO:0004985,29,338,367
random,CHEMBL480,MONDO:0005027,17,191,208
random,CHEMBL480,MONDO:0005090,44,428,472
random,CHEMBL480,MONDO:0005180,9,137,146
random,CHEMBL480,MONDO:0005277,2,51,53
random,CHEMBL480,MONDO:0005301,2,71,73
random,CHEMBL480,MONDO:0005618,42,393,435
random,CHEMBL480,MONDO:0007743,5,46,51
random,CHEMBL485,MONDO:0001627,1,40,41
random,CHEMBL485,MONDO:0002009,22,159,181
random,CHEMBL485,MONDO:0004985,24,157,181
random,CHEMBL485,MONDO:0005090,38,196,234
random,CHEMBL485,MONDO:0005098,3,66,69
random,CHEMBL485,MONDO:0005180,5,94,99
random,CHEMBL485,MONDO:0005277,2,51,53
random,CHEMBL485,MONDO:0005301,1,40,41
random,CHEMBL485,MONDO:0007743,6,47,53
random,CHEMBL49,MONDO:0001627,1,47,48
random,CHEMBL49,MONDO:0002009,25,210,235
random,CHEMBL49,MONDO:0004975,2,121,123
random,CHEMBL49,MONDO:0004985,23,193,216
random,CHEMBL49,MONDO:0005027,20,146,166
random,CHEMBL49,MONDO:0005090,38,243,281
random,CHEMBL49,MONDO:0005098,3,100,103
random,CHEMBL49,MONDO:0005180,6,109,115
random,CHEMBL49,MONDO:0005277,2,51,53
random,CHEMBL49,MONDO:0005301,1,45,46
random,CHEMBL49,MONDO:0007743,5,53,58
random,CHEMBL490,MONDO:0001627,1,53,54
random,CHEMBL490,MONDO:0004975,3,156,159
random,CHEMBL490,MONDO:0005090,53,308,361
random,CHEMBL490,MONDO:0005098,4,94,98
random,CHEMBL490,MONDO:0005180,7,113,120
random,CHEMBL490,MONDO:0005277,2,51,53
random,CHEMBL490,MONDO:0005301,1,54,55
random,CHEMBL490,MONDO:0007743,7,49,56
random,CHEMBL492,MONDO:0001627,1,40,41
random,CHEMBL492,MONDO:0002009,17,141,158
random,CHEMBL492,MONDO:0004975,1,92,93
random,CHEMBL492,MONDO:0004985,20,148,168
random,CHEMBL492,MONDO:0005027,15,113,128
random,CHEMBL492,MONDO:0005090,29,167,196
random,CHEMBL492,MONDO:0005098,4,63,67
random,CHEMBL492,MONDO:0005277,2,51,53
random,CHEMBL492,MONDO:0005301,1,37,38
random,CHEMBL492,MONDO:0005618,28,161,189
random,CHEMBL492,MONDO:0007743,4,45,49
random,CHEMBL493,MONDO:0001627,2,58,60
random,CHEMBL493,MONDO:0002009,27,295,322
random,CHEMBL493,MONDO:0004975,5,183,188
random,CHEMBL493,MONDO:0004985,28,252,280
random,CHEMBL493,MONDO:0005027,21,190,211
random,CHEMBL493,MONDO:0005090,45,349,394
random,CHEMBL493,MONDO:0005277,2,51,53
random,CHEMBL493,MONDO:0005301,2,58,60
random,CHEMBL493,MONDO:0005618,44,352,396
random,CHEMBL493,MONDO:0007743,6,47,53
random,CHEMBL493982,MONDO:0001627,1,52,53
random,CHEMBL493982,MONDO:0002009,9,181,190
random,CHEMBL493982,MONDO:0004975,3,141,144
random,CHEMBL493982,MONDO:0004985,12,179,191
random,CHEMBL493982,MONDO:0005027,10,125,135
random,CHEMBL493982,MONDO:0005090,22,219,241
random,CHEMBL493982,MONDO:0005180,4,93,97
random,CHEMBL493982,MONDO:0005277,1,51,52
random,CHEMBL493982,MONDO:0005301,0,42,42
random,CHEMBL493982,MONDO:0005618,18,206,224
random,CHEMBL493982,MONDO:0007743,1,38,39
random,CHEMBL499,MONDO:0001627,1,72,73
random,CHEMBL499,MONDO:0002009,25,233,258
random,CHEMBL499,MONDO:0004975,1,146,147
random,CHEMBL499,MONDO:0004985,25,215,240
random,CHEMBL499,MONDO:0005027,20,152,172
random,CHEMBL499,MONDO:0005090,41,266,307
random,CHEMBL499,MONDO:0005098,3,126,129
random,CHEMBL499,MONDO:0005180,6,110,116
random,CHEMBL499,MONDO:0005277,1,37,38
random,CHEMBL499,MONDO:0005301,1,64,65
random,CHEMBL499,MONDO:0007743,6,54,60
random,CHEMBL5,MONDO:0001627,1,52,53
random,CHEMBL5,MONDO:0002009,9,223,232
random,CHEMBL5,MONDO:0004975,3,166,169
random,CHEMBL5,MONDO:0004985,14,243,257
random,CHEMBL5,MONDO:0005090,24,308,332
random,CHEMBL5,MONDO:0005098,3,134,137
random,CHEMBL5,MONDO:0005180,3,121,124
random,CHEMBL5,MONDO:0005277,1,53,54
random,CHEMBL5,MONDO:0005301,0,55,55
random,CHEMBL5,MONDO:0005618,20,286,306
random,CHEMBL5,MONDO:0007743,1,42,43
random,CHEMBL500,MONDO:0001627,1,85,86
random,CHEMBL500,MONDO:0002009,23,316,339
random,CHEMBL500,MONDO:0004975,2,207,209
random,CHEMBL500,MONDO:0004985,28,363,391
random,CHEMBL500,MONDO:0005027,20,207,227
random,CHEMBL500,MONDO:0005090,42,460,502
random,CHEMBL500,MONDO:0005098,4,158,162
random,CHEMBL500,MONDO:0005180,5,132,137
random,CHEMBL500,MONDO:0005277,2,53,55
random,CHEMBL500,MONDO:0005301,2,79,81
random,CHEMBL500,MONDO:0007743,6,50,56
random,CHEMBL502,MONDO:0001627,2,99,101
random,CHEMBL502,MONDO:0002009,32,364,396
random,CHEMBL502,MONDO:0004985,36,357,393
random,CHEMBL502,MONDO:0005090,59,422,481
random,CHEMBL502,MONDO:0005098,7,186,193
random,CHEMBL502,MONDO:0005180,9,125,134
random,CHEMBL502,MONDO:0005277,2,51,53
random,CHEMBL502,MONDO:0005301,3,78,81
random,CHEMBL502,MONDO:0005618,51,409,460
random,CHEMBL502,MONDO:0007743,6,53,59
random,CHEMBL503,MONDO:0001627,0,30,30
random,CHEMBL503,MONDO:0002009,3,102,105
random,CHEMBL503,MONDO:0004975,0,59,59
random,CHEMBL503,MONDO:0004985,0,91,91
random,CHEMBL503,MONDO:0005027,3,75,78
random,CHEMBL503,MONDO:0005090,3,123,126
random,CHEMBL503,MONDO:0005180,1,66,67
random,CHEMBL503,MONDO:0005277,0,18,18
random,CHEMBL503,MONDO:0005301,0,29,29
random,CHEMBL503,MONDO:0005618,4,131,135
random,CHEMBL503,MONDO:0007743,0,18,18
random,CHEMBL505,MONDO:0001627,1,43,44
random,CHEMBL505,MONDO:0002009,24,191,215
random,CHEMBL505,MONDO:0004985,26,184,210
random,CHEMBL505,MONDO:0005090,42,223,265
random,CHEMBL505,MONDO:0005098,3,84,87
random,CHEMBL505,MONDO:0005180,6,101,107
random,CHEMBL505,MONDO:0005277,2,51,53
random,CHEMBL505,MONDO:0005301,1,46,47
random,CHEMBL505,MONDO:0007743,7,53,60
random,CHEMBL511,MONDO:0001627,1,49,50
random,CHEMBL511,MONDO:0002009,11,188,199
random,CHEMBL511,MONDO:0004975,5,149,154
random,CHEMBL511,MONDO:0004985,13,197,210
random,CHEMBL511,MONDO:0005090,28,254,282
random,CHEMBL511,MONDO:0005098,2,96,98
random,CHEMBL511,MONDO:0005180,5,109,114
random,CHEMBL511,MONDO:0005277,2,51,53
random,CHEMBL511,MONDO:0005301,0,47,47
random,CHEMBL511,MONDO:0007743,1,42,43
random,CHEMBL513,MONDO:0001627,1,52,53
random,CHEMBL513,MONDO:0002009,7,170,177
random,CHEMBL513,MONDO:0004975,4,144,148
random,CHEMBL513,MONDO:0004985,11,183,194
random,CHEMBL513,MONDO:0005090,18,251,269
random,CHEMBL513,MONDO:0005098,2,104,106
random,CHEMBL513,MONDO:0005180,4,103,107
random,CHEMBL513,MONDO:0005277,1,51,52
random,CHEMBL513,MONDO:0005301,0,49,49
random,CHEMBL513,MONDO:0005618,16,236,252
random,CHEMBL513,MONDO:0007743,1,44,45
random,CHEMBL515,MONDO:0001627,2,94,96
random,CHEMBL515,MONDO:0002009,9,313,322
random,CHEMBL515,MONDO:0004975,5,229,234
random,CHEMBL515,MONDO:0004985,15,327,342
random,CHEMBL515,MONDO:0005090,25,462,487
random,CHEMBL515,MONDO:0005098,2,180,182
random,CHEMBL515,MONDO:0005180,6,137,143
random,CHEMBL515,MONDO:0005277,1,51,52
random,CHEMBL515,MONDO:0005301,1,87,88
random,CHEMBL515,MONDO:0005618,20,418,438
random,CHEMBL515,MONDO:0007743,1,43,44
random,CHEMBL521,MONDO:0001627,1,85,86
random,CHEMBL521,MONDO:0002009,29,361,390
random,CHEMBL521,MONDO:0004975,6,243,249
random,CHEMBL521,MONDO:0004985,28,329,357
random,CHEMBL521,MONDO:0005090,47,440,487
random,CHEMBL521,MONDO:0005180,6,142,148
random,CHEMBL521,MONDO:0005277,2,56,58
random,CHEMBL521,MONDO:0005301,2,75,77
random,CHEMBL521,MONDO:0007743,6,53,59
random,CHEMBL521606,MONDO:0001627,1,42,43
random,CHEMBL521606,MONDO:0002009,18,182,200
random,CHEMBL521606,MONDO:0004975,1,110,111
random,CHEMBL521606,MONDO:0004985,20,181,201
random,CHEMBL521606,MONDO:0005027,18,142,160
random,CHEMBL521606,MONDO:0005090,30,208,238
random,CHEMBL521606,MONDO:0005098,2,92,94
random,CHEMBL521606,MONDO:0005180,5,90,95
random,CHEMBL521606,MONDO:0005277,2,51,53
random,CHEMBL521606,MONDO:0005301,1,43,44
random,CHEMBL521606,MONDO:0007743,4,47,51
random,CHEMBL52440,MONDO:0001627,1,41,42
random,CHEMBL52440,MONDO:0002009,23,205,228
random,CHEMBL52440,MONDO:0004975,5,118,123
random,CHEMBL52440,MONDO:0004985,27,197,224
random,CHEMBL52440,MONDO:0005090,39,233,272
random,CHEMBL52440,MONDO:0005098,3,88,91
random,CHEMBL52440,MONDO:0005180,5,98,103
random,CHEMBL52440,MONDO:0005277,2,51,53
random,CHEMBL52440,MONDO:0005301,1,45,46
random,CHEMBL52440,MONDO:0005618,41,232,273
random,CHEMBL52440,MONDO:0007743,7,48,55
random,CHEMBL526,MONDO:0001627,1,49,50
random,CHEMBL526,MONDO:0002009,22,265,287
random,CHEMBL526,MONDO:0004975,2,146,148
random,CHEMBL526,MONDO:0004985,28,220,248
random,CHEMBL526,MONDO:0005090,43,308,351
random,CHEMBL526,MONDO:0005098,4,98,102
random,CHEMBL526,MONDO:0005180,6,111,117
random,CHEMBL526,MONDO:0005277,2,54,56
random,CHEMBL526,MONDO:0005301,1,49,50
random,CHEMBL526,MONDO:0005618,35,329,364
random,CHEMBL526,MONDO:0007743,4,48,52
random,CHEMBL527,MONDO:0001627,1,79,80
random,CHEMBL527,MONDO:0002009,21,295,316
random,CHEMBL527,MONDO:0004975,4,202,206
random,CHEMBL527,MONDO:0004985,21,282,303
random,CHEMBL527,MONDO:0005027,19,194,213
random,CHEMBL527,MONDO:0005090,37,387,424
random,CHEMBL527,MONDO:0005180,5,121,126
random,CHEMBL527,MONDO:0005277,2,51,53
random,CHEMBL527,MONDO:0005301,1,71,72
random,CHEMBL527,MONDO:0005618,35,377,412
random,CHEMBL527,MONDO:0007743,4,49,53
random,CHEMBL53,MONDO:0001627,3,105,108
random,CHEMBL53,MONDO:0002009,28,340,368
random,CHEMBL53,MONDO:0004975,4,226,230
random,CHEMBL53,MONDO:0004985,31,395,426
random,CHEMBL53,MONDO:0005027,20,216,236
random,CHEMBL53,MONDO:0005090,45,505,550
random,CHEMBL53,MONDO:0005098,5,166,171
random,CHEMBL53,MONDO:0005277,2,61,63
random,CHEMBL53,MONDO:0005301,2,78,80
random,CHEMBL53,MONDO:0005618,44,458,502
random,CHEMBL53,MONDO:0007743,7,48,55
random,CHEMBL531,MONDO:0001627,1,44,45
random,CHEMBL531,MONDO:0002009,25,244,269
random,CHEMBL531,MONDO:0004975,3,134,137
random,CHEMBL531,MONDO:0004985,26,207,233
random,CHEMBL531,MONDO:0005027,18,142,160
random,CHEMBL531,MONDO:0005090,39,282,321
random,CHEMBL531,MONDO:0005098,3,92,95
random,CHEMBL531,MONDO:0005277,2,51,53
random,CHEMBL531,MONDO:0005301,1,48,49
random,CHEMBL531,MONDO:0005618,40,285,325
random,CHEMBL531,MONDO:0007743,6,46,52
random,CHEMBL5315124,MONDO:0001627,1,44,45
random,CHEMBL5315124,MONDO:0002009,22,210,232
random,CHEMBL5315124,MONDO:0004975,2,120,122
random,CHEMBL5315124,MONDO:0004985,20,199,219
random,CHEMBL5315124,MONDO:0005090,33,257,290
random,CHEMBL5315124,MONDO:0005098,4,108,112
random,CHEMBL5315124,MONDO:0005180,6,105,111
random,CHEMBL5315124,MONDO:0005277,2,51,53
random,CHEMBL5315124,MONDO:0005301,1,44,45
random,CHEMBL5315124,MONDO:0005618,35,255,290
random,CHEMBL5315124,MONDO:0007743,4,48,52
random,CHEMBL535,MONDO:0001627,2,93,95
random,CHEMBL535,MONDO:0002009,38,591,629
random,CHEMBL535,MONDO:0004975,8,360,368
random,CHEMBL535,MONDO:0004985,49,665,714
random,CHEMBL535,MONDO:0005090,91,939,1030
random,CHEMBL535,MONDO:0005098,5,208,213
random,CHEMBL535,MONDO:0005180,10,179,189
random,CHEMBL535,MONDO:0005277,3,71,74
random,CHEMBL535,MONDO:0005301,2,98,100
random,CHEMBL535,MONDO:0005618,59,808,867
random,CHEMBL535,MONDO:0007743,5,49,54
random,CHEMBL53904,MONDO:0001627,1,40,41
random,CHEMBL53904,MONDO:0002009,20,196,216
random,CHEMBL53904,MONDO:0004975,2,110,112
random,CHEMBL53904,MONDO:0004985,21,193,214
random,CHEMBL53904,MONDO:0005027,15,124,139
random,CHEMBL53904,MONDO:0005098,2,87,89
random,CHEMBL53904,MONDO:0005180,5,103,108
random,CHEMBL53904,MONDO:0005277,2,51,53
random,CHEMBL53904,MONDO:0005301,1,41,42
random,CHEMBL53904,MONDO:0005618,32,233,265
random,CHEMBL53904,MONDO:0007743,5,47,52
random,CHEMBL54,MONDO:0001627,2,85,87
random,CHEMBL54,MONDO:0002009,32,396,428
random,CHEMBL54,MONDO:0004985,33,348,381
random,CHEMBL54,MONDO:0005098,4,184,188
random,CHEMBL54,MONDO:0005277,2,54,56
random,CHEMBL54,MONDO:0005301,2,78,80
random,CHEMBL54,MONDO:0005618,53,463,516
random,CHEMBL54,MONDO:0007743,7,54,61
random,CHEMBL547,MONDO:0001627,2,84,86
random,CHEMBL547,MONDO:0002009,10,346,356
random,CHEMBL547,MONDO:0004975,4,230,234
random,CHEMBL547,MONDO:0004985,15,403,418
random,CHEMBL547,MONDO:0005027,11,214,225
random,CHEMBL547,MONDO:0005090,27,506,533
random,CHEMBL547,MONDO:0005098,3,173,176
random,CHEMBL547,MONDO:0005180,4,134,138
random,CHEMBL547,MONDO:0005277,1,54,55
random,CHEMBL547,MONDO:0005301,1,66,67
random,CHEMBL547,MONDO:0007743,1,42,43
random,CHEMBL548,MONDO:0001627,1,68,69
random,CHEMBL548,MONDO:0002009,17,257,274
random,CHEMBL548,MONDO:0004975,1,160,161
random,CHEMBL548,MONDO:0004985,23,314,337
random,CHEMBL548,MONDO:0005090,31,340,371
random,CHEMBL548,MONDO:0005098,3,123,126
random,CHEMBL548,MONDO:0005180,4,106,110
random,CHEMBL548,MONDO:0005277,2,53,55
random,CHEMBL548,MONDO:0005301,2,54,56
random,CHEMBL548,MONDO:0005618,30,338,368
random,CHEMBL548,MONDO:0007743,4,46,50
random,CHEMBL549,MONDO:0001627,0,12,12
random,CHEMBL549,MONDO:0004975,1,26,27
random,CHEMBL549,MONDO:0005090,6,44,50
random,CHEMBL549,MONDO:0005098,0,21,21
random,CHEMBL549,MONDO:0005180,2,35,37
random,CHEMBL549,MONDO:0005277,0,8,8
random,CHEMBL549,MONDO:0005301,0,12,12
random,CHEMBL549,MONDO:0007743,0,18,18
random,CHEMBL54976,MONDO:0001627,0,0,0
random,CHEMBL54976,MONDO:0002009,4,1,5
random,CHEMBL54976,MONDO:0004975,0,1,1
random,CHEMBL54976,MONDO:0004985,4,1,5
random,CHEMBL54976,MONDO:0005027,0,1,1
random,CHEMBL54976,MONDO:0005098,0,2,2
random,CHEMBL54976,MONDO:0005180,1,1,2
random,CHEMBL54976,MONDO:0005277,0,0,0
random,CHEMBL54976,MONDO:0005301,0,1,1
random,CHEMBL54976,MONDO:0007743,1,1,2
random,CHEMBL553,MONDO:0001627,2,101,103
random,CHEMBL553,MONDO:0002009,34,611,645
random,CHEMBL553,MONDO:0004975,11,396,407
random,CHEMBL553,MONDO:0004985,45,670,715
random,CHEMBL553,MONDO:0005027,27,318,345
random,CHEMBL553,MONDO:0005090,86,972,1058
random,CHEMBL553,MONDO:0005180,11,185,196
random,CHEMBL553,MONDO:0005277,3,71,74
random,CHEMBL553,MONDO:0005301,2,102,104
random,CHEMBL553,MONDO:0005618,54,832,886
random,CHEMBL553,MONDO:0007743,4,50,54
random,CHEMBL558,MONDO:0001627,1,46,47
random,CHEMBL558,MONDO:0002009,17,192,209
random,CHEMBL558,MONDO:0004975,4,127,131
random,CHEMBL558,MONDO:0004985,19,186,205
random,CHEMBL558,MONDO:0005090,31,227,258
random,CHEMBL558,MONDO:0005098,4,85,89
random,CHEMBL558,MONDO:0005180,7,109,116
random,CHEMBL558,MONDO:0005277,2,51,53
random,CHEMBL558,MONDO:0005301,1,45,46
random,CHEMBL558,MONDO:0005618,27,226,253
random,CHEMBL558,MONDO:0007743,4,51,55
random,CHEMBL564,MONDO:0001627,2,77,79
random,CHEMBL564,MONDO:0002009,28,292,320
random,CHEMBL564,MONDO:0004985,28,287,315
random,CHEMBL564,MONDO:0005098,3,143,146
random,CHEMBL564,MONDO:0005277,2,51,53
random,CHEMBL564,MONDO:0005301,1,62,63
random,CHEMBL564,MONDO:0005618,42,354,396
random,CHEMBL564,MONDO:0007743,6,47,53
random,CHEMBL567,MONDO:0001627,2,88,90
random,CHEMBL567,MONDO:0002009,22,399,421
random,CHEMBL567,MONDO:0004985,24,458,482
random,CHEMBL567,MONDO:0005098,2,183,185
random,CHEMBL567,MONDO:0005277,2,64,66
random,CHEMBL567,MONDO:0005301,2,88,90
random,CHEMBL567,MONDO:0005618,36,533,569
random,CHEMBL567,MONDO:0007743,4,51,55
random,CHEMBL568,MONDO:0001627,1,42,43
random,CHEMBL568,MONDO:0002009,23,170,193
random,CHEMBL568,MONDO:0004975,1,110,111
random,CHEMBL568,MONDO:0004985,34,172,206
random,CHEMBL568,MONDO:0005027,22,141,163
random,CHEMBL568,MONDO:0005090,49,206,255
random,CHEMBL568,MONDO:0005098,4,81,85
random,CHEMBL568,MONDO:0005180,4,90,94
random,CHEMBL568,MONDO:0005277,2,51,53
random,CHEMBL568,MONDO:0005301,1,43,44
random,CHEMBL568,MONDO:0007743,7,49,56
random,CHEMBL569713,MONDO:0001627,1,47,48
random,CHEMBL569713,MONDO:0002009,19,179,198
random,CHEMBL569713,MONDO:0004975,4,134,138
random,CHEMBL569713,MONDO:0004985,21,182,203
random,CHEMBL569713,MONDO:0005090,38,221,259
random,CHEMBL569713,MONDO:0005098,3,94,97
random,CHEMBL569713,MONDO:0005180,5,91,96
random,CHEMBL569713,MONDO:0005277,2,51,53
random,CHEMBL569713,MONDO:0005301,1,46,47
random,CHEMBL569713,MONDO:0007743,5,47,52
random,CHEMBL570,MONDO:0001627,1,82,83
random,CHEMBL570,MONDO:0002009,13,308,321
random,CHEMBL570,MONDO:0004985,15,350,365
random,CHEMBL570,MONDO:0005090,27,468,495
random,CHEMBL570,MONDO:0005098,2,155,157
random,CHEMBL570,MONDO:0005277,1,53,54
random,CHEMBL570,MONDO:0005301,1,68,69
random,CHEMBL570,MONDO:0005618,21,412,433
random,CHEMBL570,MONDO:0007743,2,47,49
random,CHEMBL58,MONDO:0001627,2,106,108
random,CHEMBL58,MONDO:0002009,29,478,507
random,CHEMBL58,MONDO:0004975,3,288,291
random,CHEMBL58,MONDO:0004985,31,549,580
random,CHEMBL58,MONDO:0005090,47,703,750
random,CHEMBL58,MONDO:0005098,4,202,206
random,CHEMBL58,MONDO:0005180,8,156,164
random,CHEMBL58,MONDO:0005277,2,61,63
random,CHEMBL58,MONDO:0005301,2,90,92
random,CHEMBL58,MONDO:0005618,44,650,694
random,CHEMBL58,MONDO:0007743,4,54,58
random,CHEMBL580,MONDO:0001627,0,4,4
random,CHEMBL580,MONDO:0002009,0,21,21
random,CHEMBL580,MONDO:0004975,0,18,18
random,CHEMBL580,MONDO:0004985,7,17,24
random,CHEMBL580,MONDO:0005090,11,24,35
random,CHEMBL580,MONDO:0005098,0,14,14
random,CHEMBL580,MONDO:0005180,0,19,19
random,CHEMBL580,MONDO:0005277,0,3,3
random,CHEMBL580,MONDO:0005301,0,7,7
random,CHEMBL580,MONDO:0007743,0,8,8
random,CHEMBL584,MONDO:0001627,0,19,19
random,CHEMBL584,MONDO:0002009,5,69,74
random,CHEMBL584,MONDO:0004975,1,41,42
random,CHEMBL584,MONDO:0004985,0,47,47
random,CHEMBL584,MONDO:0005027,2,53,55
random,CHEMBL584,MONDO:0005090,4,59,63
random,CHEMBL584,MONDO:0005098,1,45,46
random,CHEMBL584,MONDO:0005180,2,46,48
random,CHEMBL584,MONDO:0005277,0,9,9
random,CHEMBL584,MONDO:0005301,0,17,17
random,CHEMBL584,MONDO:0007743,0,18,18
random,CHEMBL589,MONDO:0001627,1,69,70
random,CHEMBL589,MONDO:0002009,27,328,355
random,CHEMBL589,MONDO:0004975,4,190,194
random,CHEMBL589,MONDO:0004985,25,334,359
random,CHEMBL589,MONDO:0005027,18,184,202
random,CHEMBL589,MONDO:0005090,39,411,450
random,CHEMBL589,MONDO:0005098,3,118,121
random,CHEMBL589,MONDO:0005277,2,53,55
random,CHEMBL589,MONDO:0005301,1,62,63
random,CHEMBL589,MONDO:0005618,40,422,462
random,CHEMBL589,MONDO:0007743,6,53,59
random,CHEMBL592,MONDO:0001627,1,38,39
random,CHEMBL592,MONDO:0002009,16,140,156
random,CHEMBL592,MONDO:0004975,1,90,91
random,CHEMBL592,MONDO:0004985,19,145,164
random,CHEMBL592,MONDO:0005090,28,168,196
random,CHEMBL592,MONDO:0005098,2,63,65
random,CHEMBL592,MONDO:0005180,4,84,88
random,CHEMBL592,MONDO:0005277,2,51,53
random,CHEMBL592,MONDO:0005301,1,38,39
random,CHEMBL592,MONDO:0005618,27,160,187
random,CHEMBL592,MONDO:0007743,4,46,50
random,CHEMBL596,MONDO:0001627,1,47,48
random,CHEMBL596,MONDO:0002009,14,176,190
random,CHEMBL596,MONDO:0004975,2,115,117
random,CHEMBL596,MONDO:0004985,13,169,182
random,CHEMBL596,MONDO:0005027,14,146,160
random,CHEMBL596,MONDO:0005090,24,206,230
random,CHEMBL596,MONDO:0005098,3,89,92
random,CHEMBL596,MONDO:0005180,4,102,106
random,CHEMBL596,MONDO:0005301,0,43,43
random,CHEMBL596,MONDO:0007743,4,46,50
random,CHEMBL599,MONDO:0001627,1,45,46
random,CHEMBL599,MONDO:0002009,24,193,217
random,CHEMBL599,MONDO:0004975,1,123,124
random,CHEMBL599,MONDO:0004985,26,185,211
random,CHEMBL599,MONDO:0005027,17,154,171
random,CHEMBL599,MONDO:0005090,41,237,278
random,CHEMBL599,MONDO:0005180,4,99,103
random,CHEMBL599,MONDO:0005277,2,51,53
random,CHEMBL599,MONDO:0005301,1,47,48
random,CHEMBL599,MONDO:0005618,38,229,267
random,CHEMBL599,MONDO:0007743,7,50,57
random,CHEMBL6,MONDO:0001627,2,65,67
random,CHEMBL6,MONDO:0002009,34,359,393
random,CHEMBL6,MONDO:0004975,6,211,217
random,CHEMBL6,MONDO:0004985,34,342,376
random,CHEMBL6,MONDO:0005090,50,448,498
random,CHEMBL6,MONDO:0005098,5,162,167
random,CHEMBL6,MONDO:0005277,2,56,58
random,CHEMBL6,MONDO:0005301,2,63,65
random,CHEMBL6,MONDO:0007743,4,53,57
random,CHEMBL602,MONDO:0001627,0,35,35
random,CHEMBL602,MONDO:0002009,2,84,86
random,CHEMBL602,MONDO:0004975,1,57,58
random,CHEMBL602,MONDO:0004985,3,68,71
random,CHEMBL602,MONDO:0005090,1,88,89
random,CHEMBL602,MONDO:0005098,1,60,61
random,CHEMBL602,MONDO:0005180,0,58,58
random,CHEMBL602,MONDO:0005277,0,19,19
random,CHEMBL602,MONDO:0005301,1,34,35
random,CHEMBL602,MONDO:0007743,0,26,26
random,CHEMBL603,MONDO:0001627,2,75,77
random,CHEMBL603,MONDO:0002009,20,350,370
random,CHEMBL603,MONDO:0004975,4,205,209
random,CHEMBL603,MONDO:0004985,22,392,414
random,CHEMBL603,MONDO:0005027,15,215,230
random,CHEMBL603,MONDO:0005090,41,490,531
random,CHEMBL603,MONDO:0005098,2,148,150
random,CHEMBL603,MONDO:0005180,7,146,153
random,CHEMBL603,MONDO:0005277,2,56,58
random,CHEMBL603,MONDO:0005301,2,66,68
random,CHEMBL603,MONDO:0007743,4,49,53
random,CHEMBL606,MONDO:0001627,2,45,47
random,CHEMBL606,MONDO:0002009,17,150,167
random,CHEMBL606,MONDO:0004975,1,90,91
random,CHEMBL606,MONDO:0004985,20,158,178
random,CHEMBL606,MONDO:0005027,15,128,143
random,CHEMBL606,MONDO:0005090,31,198,229
random,CHEMBL606,MONDO:0005180,5,87,92
random,CHEMBL606,MONDO:0005277,1,37,38
random,CHEMBL606,MONDO:0005301,2,43,45
random,CHEMBL606,MONDO:0005618,29,182,211
random,CHEMBL606,MONDO:0007743,4,46,50
random,CHEMBL6066864,MONDO:0001627,2,56,58
random,CHEMBL6066864,MONDO:0002009,14,225,239
random,CHEMBL6066864,MONDO:0004975,4,152,156
random,CHEMBL6066864,MONDO:0004985,18,230,248
random,CHEMBL6066864,MONDO:0005027,13,157,170
random,CHEMBL6066864,MONDO:0005098,2,128,130
random,CHEMBL6066864,MONDO:0005180,9,111,120
random,CHEMBL6066864,MONDO:0005277,2,51,53
random,CHEMBL6066864,MONDO:0005301,1,50,51
random,CHEMBL6066864,MONDO:0005618,26,277,303
random,CHEMBL6066864,MONDO:0007743,2,42,44
random,CHEMBL607,MONDO:0001627,1,45,46
random,CHEMBL607,MONDO:0002009,21,189,210
random,CHEMBL607,MONDO:0004975,2,121,123
random,CHEMBL607,MONDO:0004985,23,178,201
random,CHEMBL607,MONDO:0005090,40,213,253
random,CHEMBL607,MONDO:0005098,3,88,91
random,CHEMBL607,MONDO:0005180,6,97,103
random,CHEMBL607,MONDO:0005277,2,51,53
random,CHEMBL607,MONDO:0005301,1,45,46
random,CHEMBL607,MONDO:0005618,34,214,248
random,CHEMBL607,MONDO:0007743,4,48,52
random,CHEMBL61006,MONDO:0001627,1,38,39
random,CHEMBL61006,MONDO:0002009,21,143,164
random,CHEMBL61006,MONDO:0004985,24,151,175
random,CHEMBL61006,MONDO:0005090,36,179,215
random,CHEMBL61006,MONDO:0005098,3,61,64
random,CHEMBL61006,MONDO:0005180,4,82,86
random,CHEMBL61006,MONDO:0005277,2,51,53
random,CHEMBL61006,MONDO:0005301,1,41,42
random,CHEMBL61006,MONDO:0007743,6,46,52
random,CHEMBL612,MONDO:0001627,1,25,26
random,CHEMBL612,MONDO:0002009,6,60,66
random,CHEMBL612,MONDO:0004975,2,38,40
random,CHEMBL612,MONDO:0005090,10,66,76
random,CHEMBL612,MONDO:0005180,5,53,58
random,CHEMBL612,MONDO:0005277,0,10,10
random,CHEMBL612,MONDO:0005301,0,19,19
random,CHEMBL612,MONDO:0005618,9,66,75
random,CHEMBL620,MONDO:0001627,1,38,39
random,CHEMBL620,MONDO:0002009,17,137,154
random,CHEMBL620,MONDO:0004975,1,88,89
random,CHEMBL620,MONDO:0004985,20,144,164
random,CHEMBL620,MONDO:0005027,15,108,123
random,CHEMBL620,MONDO:0005090,31,165,196
random,CHEMBL620,MONDO:0005098,3,59,62
random,CHEMBL620,MONDO:0005180,4,79,83
random,CHEMBL620,MONDO:0005277,2,51,53
random,CHEMBL620,MONDO:0005301,1,38,39
random,CHEMBL620,MONDO:0007743,4,45,49
random,CHEMBL621,MONDO:0001627,1,72,73
random,CHEMBL621,MONDO:0004975,2,179,181
random,CHEMBL621,MONDO:0004985,26,348,374
random,CHEMBL621,MONDO:0005027,19,177,196
random,CHEMBL621,MONDO:0005090,40,397,437
random,CHEMBL621,MONDO:0005098,3,129,132
random,CHEMBL621,MONDO:0005180,6,121,127
random,CHEMBL621,MONDO:0005277,2,53,55
random,CHEMBL621,MONDO:0005301,1,59,60
random,CHEMBL621,MONDO:0007743,6,47,53
random,CHEMBL623,MONDO:0001627,1,44,45
random,CHEMBL623,MONDO:0004975,3,129,132
random,CHEMBL623,MONDO:0005090,40,262,302
random,CHEMBL623,MONDO:0005180,7,105,112
random,CHEMBL623,MONDO:0005277,2,61,63
random,CHEMBL623,MONDO:0005301,1,55,56
random,CHEMBL623,MONDO:0007743,5,41,46
random,CHEMBL629,MONDO:0001627,1,83,84
random,CHEMBL629,MONDO:0002009,33,321,354
random,CHEMBL629,MONDO:0004985,34,316,350
random,CHEMBL629,MONDO:0005090,59,396,455
random,CHEMBL629,MONDO:0005098,5,169,174
random,CHEMBL629,MONDO:0005277,2,53,55
random,CHEMBL629,MONDO:0005301,1,73,74
random,CHEMBL629,MONDO:0007743,7,54,61
random,CHEMBL632,MONDO:0001627,1,53,54
random,CHEMBL632,MONDO:0002009,13,224,237
random,CHEMBL632,MONDO:0004975,3,157,160
random,CHEMBL632,MONDO:0004985,14,213,227
random,CHEMBL632,MONDO:0005090,23,264,287
random,CHEMBL632,MONDO:0005098,3,128,131
random,CHEMBL632,MONDO:0005180,4,108,112
random,CHEMBL632,MONDO:0005277,1,51,52
random,CHEMBL632,MONDO:0005618,23,259,282
random,CHEMBL632,MONDO:0007743,1,41,42
random,CHEMBL635,MONDO:0001627,1,72,73
random,CHEMBL635,MONDO:0002009,25,266,291
random,CHEMBL635,MONDO:0004975,1,160,161
random,CHEMBL635,MONDO:0004985,26,266,292
random,CHEMBL635,MONDO:0005090,37,354,391
random,CHEMBL635,MONDO:0005098,4,141,145
random,CHEMBL635,MONDO:0005180,5,119,124
random,CHEMBL635,MONDO:0005277,2,51,53
random,CHEMBL635,MONDO:0005618,42,324,366
random,CHEMBL635,MONDO:0007743,5,43,48
random,CHEMBL636,MONDO:0001627,1,79,80
random,CHEMBL636,MONDO:0002009,2,94,96
random,CHEMBL636,MONDO:0004985,3,97,100
random,CHEMBL636,MONDO:0005090,2,92,94
random,CHEMBL636,MONDO:0005098,1,84,85
random,CHEMBL636,MONDO:0005277,0,10,10
random,CHEMBL636,MONDO:0005301,1,37,38
random,CHEMBL636,MONDO:0005618,2,99,101
random,CHEMBL636,MONDO:0007743,0,27,27
random,CHEMBL637,MONDO:0001627,1,43,44
random,CHEMBL637,MONDO:0004975,2,112,114
random,CHEMBL637,MONDO:0005090,32,209,241
random,CHEMBL637,MONDO:0005098,2,85,87
random,CHEMBL637,MONDO:0005180,6,102,108
random,CHEMBL637,MONDO:0005277,2,51,53
random,CHEMBL637,MONDO:0005301,1,44,45
random,CHEMBL637,MONDO:0007743,4,51,55
random,CHEMBL641,MONDO:0001627,1,45,46
random,CHEMBL641,MONDO:0002009,20,188,208
random,CHEMBL641,MONDO:0004975,2,119,121
random,CHEMBL641,MONDO:0005090,39,216,255
random,CHEMBL641,MONDO:0005180,5,96,101
random,CHEMBL641,MONDO:0005277,2,51,53
random,CHEMBL641,MONDO:0005301,1,46,47
random,CHEMBL641,MONDO:0005618,33,216,249
random,CHEMBL642,MONDO:0001627,1,38,39
random,CHEMBL642,MONDO:0002009,19,155,174
random,CHEMBL642,MONDO:0004975,2,100,102
random,CHEMBL642,MONDO:0004985,20,152,172
random,CHEMBL642,MONDO:0005027,16,120,136
random,CHEMBL642,MONDO:0005090,31,180,211
random,CHEMBL642,MONDO:0005098,2,66,68
random,CHEMBL642,MONDO:0005180,6,93,99
random,CHEMBL642,MONDO:0005277,2,51,53
random,CHEMBL642,MONDO:0005301,1,41,42
random,CHEMBL642,MONDO:0007743,4,46,50
random,CHEMBL6437,MONDO:0001627,1,51,52
random,CHEMBL6437,MONDO:0004975,4,155,159
random,CHEMBL6437,MONDO:0004985,29,229,258
random,CHEMBL6437,MONDO:0005027,17,152,169
random,CHEMBL6437,MONDO:0005090,48,298,346
random,CHEMBL6437,MONDO:0005098,4,109,113
random,CHEMBL6437,MONDO:0005180,6,111,117
random,CHEMBL6437,MONDO:0005277,2,51,53
random,CHEMBL6437,MONDO:0005301,2,49,51
random,CHEMBL6437,MONDO:0007743,6,48,54
random,CHEMBL644,MONDO:0001627,1,49,50
random,CHEMBL644,MONDO:0002009,16,183,199
random,CHEMBL644,MONDO:0004975,4,144,148
random,CHEMBL644,MONDO:0005180,7,105,112
random,CHEMBL644,MONDO:0005277,2,51,53
random,CHEMBL644,MONDO:0005301,0,48,48
random,CHEMBL644,MONDO:0007743,3,43,46
random,CHEMBL645,MONDO:0001627,1,41,42
random,CHEMBL645,MONDO:0002009,22,169,191
random,CHEMBL645,MONDO:0004975,1,105,106
random,CHEMBL645,MONDO:0004985,24,163,187
random,CHEMBL645,MONDO:0005027,17,129,146
random,CHEMBL645,MONDO:0005090,34,203,237
random,CHEMBL645,MONDO:0005098,3,72,75
random,CHEMBL645,MONDO:0005180,5,99,104
random,CHEMBL645,MONDO:0005277,2,51,53
random,CHEMBL645,MONDO:0005301,1,44,45
random,CHEMBL645,MONDO:0007743,6,52,58
random,CHEMBL646,MONDO:0001627,1,38,39
random,CHEMBL646,MONDO:0002009,17,150,167
random,CHEMBL646,MONDO:0004975,1,97,98
random,CHEMBL646,MONDO:0004985,27,148,175
random,CHEMBL646,MONDO:0005027,19,117,136
random,CHEMBL646,MONDO:0005090,41,176,217
random,CHEMBL646,MONDO:0005098,2,67,69
random,CHEMBL646,MONDO:0005180,4,87,91
random,CHEMBL646,MONDO:0005277,2,51,53
random,CHEMBL646,MONDO:0005301,1,39,40
random,CHEMBL646,MONDO:0007743,4,46,50
random,CHEMBL648,MONDO:0001627,1,47,48
random,CHEMBL648,MONDO:0002009,11,181,192
random,CHEMBL648,MONDO:0004975,4,138,142
random,CHEMBL648,MONDO:0004985,13,174,187
random,CHEMBL648,MONDO:0005090,25,221,246
random,CHEMBL648,MONDO:0005098,2,103,105
random,CHEMBL648,MONDO:0005180,4,95,99
random,CHEMBL648,MONDO:0005277,2,51,53
random,CHEMBL648,MONDO:0005301,0,44,44
random,CHEMBL648,MONDO:0005618,20,208,228
random,CHEMBL648,MONDO:0007743,1,39,40
random,CHEMBL650,MONDO:0001627,1,46,47
random,CHEMBL650,MONDO:0002009,22,214,236
random,CHEMBL650,MONDO:0004975,1,127,128
random,CHEMBL650,MONDO:0004985,21,201,222
random,CHEMBL650,MONDO:0005090,33,236,269
random,CHEMBL650,MONDO:0005098,3,108,111
random,CHEMBL650,MONDO:0005180,5,102,107
random,CHEMBL650,MONDO:0005277,2,51,53
random,CHEMBL650,MONDO:0005618,34,245,279
random,CHEMBL650,MONDO:0007743,4,46,50
random,CHEMBL651,MONDO:0001627,0,31,31
random,CHEMBL651,MONDO:0002009,9,101,110
random,CHEMBL651,MONDO:0004975,3,73,76
random,CHEMBL651,MONDO:0004985,9,84,93
random,CHEMBL651,MONDO:0005090,20,106,126
random,CHEMBL651,MONDO:0005098,1,67,68
random,CHEMBL651,MONDO:0005180,3,54,57
random,CHEMBL651,MONDO:0005277,0,17,17
random,CHEMBL651,MONDO:0005301,0,31,31
random,CHEMBL651,MONDO:0005618,15,114,129
random,CHEMBL651,MONDO:0007743,4,30,34
random,CHEMBL654,MONDO:0001627,1,44,45
random,CHEMBL654,MONDO:0004975,1,120,121
random,CHEMBL654,MONDO:0004985,16,186,202
random,CHEMBL654,MONDO:0005090,25,245,270
random,CHEMBL654,MONDO:0005180,5,101,106
random,CHEMBL654,MONDO:0005277,1,45,46
random,CHEMBL654,MONDO:0005301,0,44,44
random,CHEMBL654,MONDO:0007743,3,40,43
random,CHEMBL656,MONDO:0001627,1,43,44
random,CHEMBL656,MONDO:0002009,19,168,187
random,CHEMBL656,MONDO:0004985,19,156,175
random,CHEMBL656,MONDO:0005090,33,187,220
random,CHEMBL656,MONDO:0005098,4,82,86
random,CHEMBL656,MONDO:0005180,5,94,99
random,CHEMBL656,MONDO:0005277,2,51,53
random,CHEMBL656,MONDO:0005301,1,42,43
random,CHEMBL656,MONDO:0005618,30,188,218
random,CHEMBL656,MONDO:0007743,4,47,51
random,CHEMBL659,MONDO:0001627,2,93,95
random,CHEMBL659,MONDO:0002009,10,243,253
random,CHEMBL659,MONDO:0004985,15,245,260
random,CHEMBL659,MONDO:0005090,24,292,316
random,CHEMBL659,MONDO:0005098,3,151,154
random,CHEMBL659,MONDO:0005180,6,105,111
random,CHEMBL659,MONDO:0005277,1,51,52
random,CHEMBL659,MONDO:0005301,2,55,57
random,CHEMBL659,MONDO:0005618,19,282,301
random,CHEMBL659,MONDO:0007743,1,44,45
random,CHEMBL660,MONDO:0001627,1,76,77
random,CHEMBL660,MONDO:0002009,19,262,281
random,CHEMBL660,MONDO:0004975,5,188,193
random,CHEMBL660,MONDO:0004985,26,272,298
random,CHEMBL660,MONDO:0005090,38,327,365
random,CHEMBL660,MONDO:0005098,3,159,162
random,CHEMBL660,MONDO:0005277,2,51,53
random,CHEMBL660,MONDO:0005301,1,71,72
random,CHEMBL660,MONDO:0005618,32,307,339
random,CHEMBL660,MONDO:0007743,4,47,51
random,CHEMBL661,MONDO:0001627,1,43,44
random,CHEMBL661,MONDO:0002009,22,179,201
random,CHEMBL661,MONDO:0004975,1,112,113
random,CHEMBL661,MONDO:0004985,31,170,201
random,CHEMBL661,MONDO:0005027,21,139,160
random,CHEMBL661,MONDO:0005090,45,204,249
random,CHEMBL661,MONDO:0005098,4,87,91
random,CHEMBL661,MONDO:0005180,4,91,95
random,CHEMBL661,MONDO:0005277,2,51,53
random,CHEMBL661,MONDO:0005301,1,44,45
random,CHEMBL661,MONDO:0007743,6,47,53
random,CHEMBL6622,MONDO:0001627,1,47,48
random,CHEMBL6622,MONDO:0002009,7,175,182
random,CHEMBL6622,MONDO:0004975,3,134,137
random,CHEMBL6622,MONDO:0004985,11,172,183
random,CHEMBL6622,MONDO:0005027,9,114,123
random,CHEMBL6622,MONDO:0005090,20,208,228
random,CHEMBL6622,MONDO:0005180,4,90,94
random,CHEMBL6622,MONDO:0005277,1,51,52
random,CHEMBL6622,MONDO:0005301,0,44,44
random,CHEMBL6622,MONDO:0005618,16,197,213
random,CHEMBL6622,MONDO:0007743,1,38,39
random,CHEMBL666,MONDO:0001627,1,49,50
random,CHEMBL666,MONDO:0002009,7,143,150
random,CHEMBL666,MONDO:0004975,3,126,129
random,CHEMBL666,MONDO:0004985,11,155,166
random,CHEMBL666,MONDO:0005090,19,186,205
random,CHEMBL666,MONDO:0005098,2,81,83
random,CHEMBL666,MONDO:0005180,3,76,79
random,CHEMBL666,MONDO:0005277,1,51,52
random,CHEMBL666,MONDO:0005301,0,39,39
random,CHEMBL666,MONDO:0005618,15,171,186
random,CHEMBL666,MONDO:0007743,1,37,38
random,CHEMBL668,MONDO:0002009,19,255,274
random,CHEMBL668,MONDO:0004975,2,172,174
random,CHEMBL668,MONDO:0005098,2,138,140
random,CHEMBL668,MONDO:0005180,7,118,125
random,CHEMBL668,MONDO:0005277,2,51,53
random,CHEMBL668,MONDO:0005301,1,73,74
random,CHEMBL668,MONDO:0007743,4,49,53
random,CHEMBL679,MONDO:0001627,2,73,75
random,CHEMBL679,MONDO:0002009,27,312,339
random,CHEMBL679,MONDO:0004975,6,206,212
random,CHEMBL679,MONDO:0004985,31,367,398
random,CHEMBL679,MONDO:0005090,47,431,478
random,CHEMBL679,MONDO:0005098,4,143,147
random,CHEMBL679,MONDO:0005277,2,53,55
random,CHEMBL679,MONDO:0005301,2,59,61
random,CHEMBL679,MONDO:0005618,39,415,454
random,CHEMBL679,MONDO:0007743,7,54,61
random,CHEMBL689,MONDO:0001627,1,47,48
random,CHEMBL689,MONDO:0002009,8,171,179
random,CHEMBL689,MONDO:0004975,3,138,141
random,CHEMBL689,MONDO:0004985,12,187,199
random,CHEMBL689,MONDO:0005027,9,128,137
random,CHEMBL689,MONDO:0005090,20,215,235
random,CHEMBL689,MONDO:0005098,2,93,95
random,CHEMBL689,MONDO:0005180,3,88,91
random,CHEMBL689,MONDO:0005277,1,51,52
random,CHEMBL689,MONDO:0005301,0,46,46
random,CHEMBL689,MONDO:0007743,1,40,41
random,CHEMBL691,MONDO:0002009,27,223,250
random,CHEMBL691,MONDO:0004975,4,155,159
random,CHEMBL691,MONDO:0004985,28,217,245
random,CHEMBL691,MONDO:0005090,48,288,336
random,CHEMBL691,MONDO:0005180,6,115,121
random,CHEMBL691,MONDO:0005301,2,50,52
random,CHEMBL691,MONDO:0007743,6,44,50
random,CHEMBL695,MONDO:0001627,1,43,44
random,CHEMBL695,MONDO:0002009,19,184,203
random,CHEMBL695,MONDO:0004975,1,108,109
random,CHEMBL695,MONDO:0004985,20,184,204
random,CHEMBL695,MONDO:0005090,31,224,255
random,CHEMBL695,MONDO:0005098,2,77,79
random,CHEMBL695,MONDO:0005180,5,94,99
random,CHEMBL695,MONDO:0005277,2,51,53
random,CHEMBL695,MONDO:0005301,1,40,41
random,CHEMBL695,MONDO:0005618,31,217,248
random,CHEMBL695,MONDO:0007743,4,45,49
random,CHEMBL696,MONDO:0001627,1,47,48
random,CHEMBL696,MONDO:0002009,18,196,214
random,CHEMBL696,MONDO:0004975,1,116,117
random,CHEMBL696,MONDO:0004985,20,187,207
random,CHEMBL696,MONDO:0005027,16,135,151
random,CHEMBL696,MONDO:0005090,33,227,260
random,CHEMBL696,MONDO:0005098,2,98,100
random,CHEMBL696,MONDO:0005180,5,100,105
random,CHEMBL696,MONDO:0005277,2,51,53
random,CHEMBL696,MONDO:0005301,1,44,45
random,CHEMBL696,MONDO:0007743,4,51,55
random,CHEMBL697,MONDO:0001627,1,42,43
random,CHEMBL697,MONDO:0002009,18,168,186
random,CHEMBL697,MONDO:0004975,1,104,105
random,CHEMBL697,MONDO:0004985,20,169,189
random,CHEMBL697,MONDO:0005090,29,194,223
random,CHEMBL697,MONDO:0005098,2,79,81
random,CHEMBL697,MONDO:0005180,4,85,89
random,CHEMBL697,MONDO:0005277,2,51,53
random,CHEMBL697,MONDO:0005301,1,39,40
random,CHEMBL697,MONDO:0007743,4,46,50
random,CHEMBL698,MONDO:0001627,1,76,77
random,CHEMBL698,MONDO:0002009,24,285,309
random,CHEMBL698,MONDO:0004975,3,198,201
random,CHEMBL698,MONDO:0004985,32,349,381
random,CHEMBL698,MONDO:0005090,48,408,456
random,CHEMBL698,MONDO:0005098,5,146,151
random,CHEMBL698,MONDO:0005180,5,116,121
random,CHEMBL698,MONDO:0005277,2,53,55
random,CHEMBL698,MONDO:0005301,1,60,61
random,CHEMBL698,MONDO:0005618,40,377,417
random,CHEMBL698,MONDO:0007743,7,54,61
random,CHEMBL70,MONDO:0001627,0,31,31
random,CHEMBL70,MONDO:0002009,2,92,94
random,CHEMBL70,MONDO:0004975,0,59,59
random,CHEMBL70,MONDO:0004985,0,76,76
random,CHEMBL70,MONDO:0005090,6,91,97
random,CHEMBL70,MONDO:0005098,1,62,63
random,CHEMBL70,MONDO:0005180,1,59,60
random,CHEMBL70,MONDO:0005277,0,16,16
random,CHEMBL70,MONDO:0005301,0,32,32
random,CHEMBL70,MONDO:0007743,0,28,28
random,CHEMBL701,MONDO:0001627,0,7,7
random,CHEMBL701,MONDO:0002009,1,9,10
random,CHEMBL701,MONDO:0004975,0,8,8
random,CHEMBL701,MONDO:0004985,0,9,9
random,CHEMBL701,MONDO:0005180,0,7,7
random,CHEMBL701,MONDO:0005277,0,4,4
random,CHEMBL701,MONDO:0005301,0,7,7
random,CHEMBL701,MONDO:0005618,1,10,11
random,CHEMBL701,MONDO:0007743,0,8,8
random,CHEMBL708,MONDO:0001627,0,22,22
random,CHEMBL708,MONDO:0002009,14,71,85
random,CHEMBL708,MONDO:0005098,1,54,55
random,CHEMBL708,MONDO:0005180,3,39,42
random,CHEMBL708,MONDO:0005277,1,13,14
random,CHEMBL708,MONDO:0005301,0,21,21
random,CHEMBL708,MONDO:0005618,18,74,92
random,CHEMBL708,MONDO:0007743,3,24,27
random,CHEMBL71,MONDO:0001627,3,94,97
random,CHEMBL71,MONDO:0002009,31,452,483
random,CHEMBL71,MONDO:0004985,30,490,520
random,CHEMBL71,MONDO:0005098,4,191,195
random,CHEMBL71,MONDO:0005277,2,63,65
random,CHEMBL71,MONDO:0005301,3,89,92
random,CHEMBL71,MONDO:0005618,46,583,629
random,CHEMBL71,MONDO:0007743,6,52,58
random,CHEMBL714,MONDO:0001627,1,47,48
random,CHEMBL714,MONDO:0002009,19,214,233
random,CHEMBL714,MONDO:0004975,1,120,121
random,CHEMBL714,MONDO:0004985,21,197,218
random,CHEMBL714,MONDO:0005090,30,245,275
random,CHEMBL714,MONDO:0005098,3,114,117
random,CHEMBL714,MONDO:0005180,4,102,106
random,CHEMBL714,MONDO:0005277,2,51,53
random,CHEMBL714,MONDO:0005301,1,45,46
random,CHEMBL714,MONDO:0005618,32,260,292
random,CHEMBL714,MONDO:0007743,4,51,55
random,CHEMBL715,MONDO:0001627,1,71,72
random,CHEMBL715,MONDO:0005180,6,136,142
random,CHEMBL715,MONDO:0005277,2,54,56
random,CHEMBL715,MONDO:0005301,2,61,63
random,CHEMBL715,MONDO:0007743,6,43,49
random,CHEMBL716,MONDO:0001627,1,52,53
random,CHEMBL716,MONDO:0002009,28,234,262
random,CHEMBL716,MONDO:0005098,4,111,115
random,CHEMBL716,MONDO:0005180,6,104,110
random,CHEMBL716,MONDO:0005277,2,51,53
random,CHEMBL716,MONDO:0005301,1,47,48
random,CHEMBL716,MONDO:0005618,44,271,315
random,CHEMBL716,MONDO:0007743,5,41,46
random,CHEMBL717,MONDO:0002009,17,258,275
random,CHEMBL717,MONDO:0004975,4,186,190
random,CHEMBL717,MONDO:0004985,24,268,292
random,CHEMBL717,MONDO:0005090,42,348,390
random,CHEMBL717,MONDO:0005180,6,134,140
random,CHEMBL717,MONDO:0005301,1,54,55
random,CHEMBL717,MONDO:0007743,2,47,49
random,CHEMBL71752,MONDO:0002009,0,14,14
random,CHEMBL71752,MONDO:0004975,0,12,12
random,CHEMBL71752,MONDO:0004985,0,9,9
random,CHEMBL71752,MONDO:0005027,0,8,8
random,CHEMBL71752,MONDO:0005090,1,15,16
random,CHEMBL71752,MONDO:0005098,0,9,9
random,CHEMBL71752,MONDO:0005180,0,14,14
random,CHEMBL71752,MONDO:0005277,0,0,0
random,CHEMBL71752,MONDO:0005301,0,4,4
random,CHEMBL71752,MONDO:0005618,0,14,14
random,CHEMBL71752,MONDO:0007743,0,3,3
random,CHEMBL72,MONDO:0001627,1,86,87
random,CHEMBL72,MONDO:0002009,23,336,359
random,CHEMBL72,MONDO:0004975,3,220,223
random,CHEMBL72,MONDO:0005180,8,129,137
random,CHEMBL72,MONDO:0005277,2,53,55
random,CHEMBL72,MONDO:0005301,1,73,74
random,CHEMBL726,MONDO:0001627,2,87,89
random,CHEMBL726,MONDO:0002009,28,441,469
random,CHEMBL726,MONDO:0004985,27,470,497
random,CHEMBL726,MONDO:0005098,3,183,186
random,CHEMBL726,MONDO:0005277,2,55,57
random,CHEMBL726,MONDO:0005301,1,81,82
random,CHEMBL726,MONDO:0005618,44,566,610
random,CHEMBL726,MONDO:0007743,6,54,60
random,CHEMBL728,MONDO:0001627,2,90,92
random,CHEMBL728,MONDO:0002009,24,363,387
random,CHEMBL728,MONDO:0004985,27,439,466
random,CHEMBL728,MONDO:0005098,3,166,169
random,CHEMBL728,MONDO:0005277,2,61,63
random,CHEMBL728,MONDO:0005301,1,83,84
random,CHEMBL728,MONDO:0005618,39,483,522
random,CHEMBL728,MONDO:0007743,5,51,56
random,CHEMBL741,MONDO:0001627,1,73,74
random,CHEMBL741,MONDO:0002009,25,308,333
random,CHEMBL741,MONDO:0004975,2,190,192
random,CHEMBL741,MONDO:0005090,50,428,478
random,CHEMBL741,MONDO:0005098,4,149,153
random,CHEMBL741,MONDO:0005180,6,129,135
random,CHEMBL741,MONDO:0005277,2,53,55
random,CHEMBL741,MONDO:0005301,1,60,61
random,CHEMBL741,MONDO:0007743,7,51,58
random,CHEMBL7413,MONDO:0001627,0,4,4
random,CHEMBL7413,MONDO:0002009,1,19,20
random,CHEMBL7413,MONDO:0004975,0,15,15
random,CHEMBL7413,MONDO:0004985,1,15,16
random,CHEMBL7413,MONDO:0005090,1,20,21
random,CHEMBL7413,MONDO:0005098,0,13,13
random,CHEMBL7413,MONDO:0005180,0,15,15
random,CHEMBL7413,MONDO:0005277,0,3,3
random,CHEMBL7413,MONDO:0005301,0,7,7
random,CHEMBL7413,MONDO:0005618,1,20,21
random,CHEMBL7413,MONDO:0007743,0,7,7
random,CHEMBL742,MONDO:0001627,1,53,54
random,CHEMBL742,MONDO:0004975,4,151,155
random,CHEMBL742,MONDO:0004985,20,188,208
random,CHEMBL742,MONDO:0005027,17,145,162
random,CHEMBL742,MONDO:0005090,31,232,263
random,CHEMBL742,MONDO:0005180,6,96,102
random,CHEMBL742,MONDO:0005277,2,51,53
random,CHEMBL742,MONDO:0005301,1,45,46
random,CHEMBL742,MONDO:0007743,3,40,43
random,CHEMBL750,MONDO:0001627,1,44,45
random,CHEMBL750,MONDO:0002009,20,204,224
random,CHEMBL750,MONDO:0004975,2,122,124
random,CHEMBL750,MONDO:0004985,22,201,223
random,CHEMBL750,MONDO:0005027,22,156,178
random,CHEMBL750,MONDO:0005090,33,233,266
random,CHEMBL750,MONDO:0005098,2,90,92
random,CHEMBL750,MONDO:0005180,6,94,100
random,CHEMBL750,MONDO:0005277,2,51,53
random,CHEMBL750,MONDO:0005301,1,44,45
random,CHEMBL750,MONDO:0007743,4,47,51
random,CHEMBL76,MONDO:0001627,3,101,104
random,CHEMBL76,MONDO:0002009,26,291,317
random,CHEMBL76,MONDO:0004975,6,207,213
random,CHEMBL76,MONDO:0004985,24,274,298
random,CHEMBL76,MONDO:0005090,43,328,371
random,CHEMBL76,MONDO:0005098,5,166,171
random,CHEMBL76,MONDO:0005180,10,123,133
random,CHEMBL76,MONDO:0005277,2,51,53
random,CHEMBL76,MONDO:0005301,1,61,62
random,CHEMBL76,MONDO:0005618,39,329,368
random,CHEMBL76,MONDO:0007743,4,46,50
random,CHEMBL76370,MONDO:0001627,1,46,47
random,CHEMBL76370,MONDO:0002009,23,184,207
random,CHEMBL76370,MONDO:0004975,5,142,147
random,CHEMBL76370,MONDO:0004985,27,181,208
random,CHEMBL76370,MONDO:0005027,18,136,154
random,CHEMBL76370,MONDO:0005090,45,245,290
random,CHEMBL76370,MONDO:0005180,7,106,113
random,CHEMBL76370,MONDO:0005277,2,51,53
random,CHEMBL76370,MONDO:0005301,1,45,46
random,CHEMBL76370,MONDO:0005618,41,220,261
random,CHEMBL76370,MONDO:0007743,6,50,56
random,CHEMBL766,MONDO:0001627,1,46,47
random,CHEMBL766,MONDO:0002009,6,144,150
random,CHEMBL766,MONDO:0004975,3,115,118
random,CHEMBL766,MONDO:0004985,11,153,164
random,CHEMBL766,MONDO:0005090,19,179,198
random,CHEMBL766,MONDO:0005098,2,93,95
random,CHEMBL766,MONDO:0005180,3,79,82
random,CHEMBL766,MONDO:0005277,1,51,52
random,CHEMBL766,MONDO:0005301,0,40,40
random,CHEMBL766,MONDO:0005618,15,166,181
random,CHEMBL766,MONDO:0007743,1,37,38
random,CHEMBL771,MONDO:0001627,0,0,0
random,CHEMBL771,MONDO:0002009,1,0,1
random,CHEMBL771,MONDO:0004975,0,0,0
random,CHEMBL771,MONDO:0004985,1,0,1
random,CHEMBL771,MONDO:0005090,0,0,0
random,CHEMBL771,MONDO:0005098,0,0,0
random,CHEMBL771,MONDO:0005180,1,0,1
random,CHEMBL771,MONDO:0005277,0,0,0
random,CHEMBL771,MONDO:0005301,0,0,0
random,CHEMBL771,MONDO:0007743,0,0,0
random,CHEMBL772,MONDO:0001627,0,9,9
random,CHEMBL772,MONDO:0002009,1,30,31
random,CHEMBL772,MONDO:0004975,0,17,17
random,CHEMBL772,MONDO:0004985,2,25,27
random,CHEMBL772,MONDO:0005090,4,29,33
random,CHEMBL772,MONDO:0005180,2,27,29
random,CHEMBL772,MONDO:0005277,0,2,2
random,CHEMBL772,MONDO:0005301,0,9,9
random,CHEMBL772,MONDO:0007743,0,13,13
random,CHEMBL776,MONDO:0001627,1,47,48
random,CHEMBL776,MONDO:0002009,8,174,182
random,CHEMBL776,MONDO:0004975,3,128,131
random,CHEMBL776,MONDO:0004985,14,173,187
random,CHEMBL776,MONDO:0005090,19,201,220
random,CHEMBL776,MONDO:0005098,2,103,105
random,CHEMBL776,MONDO:0005180,3,86,89
random,CHEMBL776,MONDO:0005277,1,51,52
random,CHEMBL776,MONDO:0005301,1,44,45
random,CHEMBL776,MONDO:0005618,17,196,213
random,CHEMBL776,MONDO:0007743,1,42,43
random,CHEMBL779,MONDO:0001627,1,71,72
random,CHEMBL779,MONDO:0002009,19,263,282
random,CHEMBL779,MONDO:0004975,2,181,183
random,CHEMBL779,MONDO:0004985,27,325,352
random,CHEMBL779,MONDO:0005090,37,359,396
random,CHEMBL779,MONDO:0005180,4,118,122
random,CHEMBL779,MONDO:0005277,2,53,55
random,CHEMBL779,MONDO:0005301,1,61,62
random,CHEMBL779,MONDO:0005618,33,345,378
random,CHEMBL779,MONDO:0007743,4,46,50
random,CHEMBL787,MONDO:0001627,1,63,64
random,CHEMBL787,MONDO:0002009,16,279,295
random,CHEMBL787,MONDO:0004975,2,177,179
random,CHEMBL787,MONDO:0004985,19,305,324
random,CHEMBL787,MONDO:0005027,13,166,179
random,CHEMBL787,MONDO:0005090,31,352,383
random,CHEMBL787,MONDO:0005098,3,122,125
random,CHEMBL787,MONDO:0005180,4,113,117
random,CHEMBL787,MONDO:0005277,2,51,53
random,CHEMBL787,MONDO:0005301,1,53,54
random,CHEMBL787,MONDO:0007743,4,47,51
random,CHEMBL79,MONDO:0001627,2,77,79
random,CHEMBL79,MONDO:0002009,28,320,348
random,CHEMBL79,MONDO:0004975,3,190,193
random,CHEMBL79,MONDO:0004985,28,339,367
random,CHEMBL79,MONDO:0005090,46,412,458
random,CHEMBL79,MONDO:0005098,4,130,134
random,CHEMBL79,MONDO:0005277,2,53,55
random,CHEMBL79,MONDO:0005301,1,59,60
random,CHEMBL79,MONDO:0005618,42,411,453
random,CHEMBL79,MONDO:0007743,6,46,52
random,CHEMBL796,MONDO:0001627,1,16,17
random,CHEMBL796,MONDO:0002009,3,18,21
random,CHEMBL796,MONDO:0004975,0,10,10
random,CHEMBL796,MONDO:0005090,4,20,24
random,CHEMBL796,MONDO:0005180,1,18,19
random,CHEMBL796,MONDO:0005277,0,8,8
random,CHEMBL796,MONDO:0005301,0,8,8
random,CHEMBL797,MONDO:0001627,1,40,41
random,CHEMBL797,MONDO:0002009,17,173,190
random,CHEMBL797,MONDO:0004975,1,107,108
random,CHEMBL797,MONDO:0004985,20,179,199
random,CHEMBL797,MONDO:0005090,29,204,233
random,CHEMBL797,MONDO:0005098,2,88,90
random,CHEMBL797,MONDO:0005180,4,82,86
random,CHEMBL797,MONDO:0005277,2,51,53
random,CHEMBL797,MONDO:0005301,1,42,43
random,CHEMBL797,MONDO:0005618,29,202,231
random,CHEMBL797,MONDO:0007743,4,46,50
random,CHEMBL8,MONDO:0001627,1,49,50
random,CHEMBL8,MONDO:0002009,26,227,253
random,CHEMBL8,MONDO:0004975,4,147,151
random,CHEMBL8,MONDO:0004985,25,216,241
random,CHEMBL8,MONDO:0005090,46,291,337
random,CHEMBL8,MONDO:0005098,5,126,131
random,CHEMBL8,MONDO:0005180,6,104,110
random,CHEMBL8,MONDO:0005277,2,51,53
random,CHEMBL8,MONDO:0005301,1,51,52
random,CHEMBL8,MONDO:0005618,43,267,310
random,CHEMBL8,MONDO:0007743,6,50,56
random,CHEMBL80,MONDO:0001627,0,33,33
random,CHEMBL80,MONDO:0002009,6,132,138
random,CHEMBL80,MONDO:0004975,2,101,103
random,CHEMBL80,MONDO:0004985,3,115,118
random,CHEMBL80,MONDO:0005090,10,134,144
random,CHEMBL80,MONDO:0005098,1,68,69
random,CHEMBL80,MONDO:0005180,2,69,71
random,CHEMBL80,MONDO:0005277,1,48,49
random,CHEMBL80,MONDO:0005301,0,41,41
random,CHEMBL80,MONDO:0005618,9,141,150
random,CHEMBL80,MONDO:0007743,0,24,24
random,CHEMBL802,MONDO:0001627,1,45,46
random,CHEMBL802,MONDO:0002009,16,201,217
random,CHEMBL802,MONDO:0004975,1,122,123
random,CHEMBL802,MONDO:0004985,21,210,231
random,CHEMBL802,MONDO:0005027,17,151,168
random,CHEMBL802,MONDO:0005090,31,256,287
random,CHEMBL802,MONDO:0005180,4,97,101
random,CHEMBL802,MONDO:0005277,2,51,53
random,CHEMBL802,MONDO:0005301,1,42,43
random,CHEMBL802,MONDO:0005618,31,253,284
random,CHEMBL802,MONDO:0007743,4,48,52
random,CHEMBL809,MONDO:0001627,1,51,52
random,CHEMBL809,MONDO:0002009,27,265,292
random,CHEMBL809,MONDO:0004975,4,147,151
random,CHEMBL809,MONDO:0005090,46,341,387
random,CHEMBL809,MONDO:0005098,4,120,124
random,CHEMBL809,MONDO:0005180,9,110,119
random,CHEMBL809,MONDO:0005277,2,61,63
random,CHEMBL809,MONDO:0005301,2,54,56
random,CHEMBL809,MONDO:0007743,4,48,52
random,CHEMBL81,MONDO:0001627,2,87,89
random,CHEMBL81,MONDO:0002009,27,333,360
random,CHEMBL81,MONDO:0004975,5,233,238
random,CHEMBL81,MONDO:0004985,25,373,398
random,CHEMBL81,MONDO:0005027,21,225,246
random,CHEMBL81,MONDO:0005090,44,491,535
random,CHEMBL81,MONDO:0005180,11,146,157
random,CHEMBL81,MONDO:0005277,2,51,53
random,CHEMBL81,MONDO:0005301,1,81,82
random,CHEMBL81,MONDO:0005618,42,422,464
random,CHEMBL81,MONDO:0007743,4,52,56
random,CHEMBL811,MONDO:0001627,1,49,50
random,CHEMBL811,MONDO:0002009,19,209,228
random,CHEMBL811,MONDO:0004975,4,149,153
random,CHEMBL811,MONDO:0004985,21,210,231
random,CHEMBL811,MONDO:0005090,37,260,297
random,CHEMBL811,MONDO:0005098,4,116,120
random,CHEMBL811,MONDO:0005180,5,102,107
random,CHEMBL811,MONDO:0005277,2,51,53
random,CHEMBL811,MONDO:0005301,1,47,48
random,CHEMBL811,MONDO:0005618,33,248,281
random,CHEMBL811,MONDO:0007743,4,51,55
random,CHEMBL814,MONDO:0001627,0,8,8
random,CHEMBL814,MONDO:0002009,5,41,46
random,CHEMBL814,MONDO:0004975,1,28,29
random,CHEMBL814,MONDO:0005090,7,46,53
random,CHEMBL814,MONDO:0005098,0,21,21
random,CHEMBL814,MONDO:0005180,2,33,35
random,CHEMBL814,MONDO:0005277,0,2,2
random,CHEMBL814,MONDO:0005301,0,9,9
random,CHEMBL814,MONDO:0007743,0,14,14
random,CHEMBL815,MONDO:0001627,1,49,50
random,CHEMBL815,MONDO:0002009,6,161,167
random,CHEMBL815,MONDO:0004975,3,120,123
random,CHEMBL815,MONDO:0004985,11,166,177
random,CHEMBL815,MONDO:0005090,19,196,215
random,CHEMBL815,MONDO:0005098,2,92,94
random,CHEMBL815,MONDO:0005180,3,86,89
random,CHEMBL815,MONDO:0005277,1,51,52
random,CHEMBL815,MONDO:0005301,0,42,42
random,CHEMBL815,MONDO:0007743,1,37,38
random,CHEMBL820,MONDO:0001627,1,45,46
random,CHEMBL820,MONDO:0002009,17,220,237
random,CHEMBL820,MONDO:0004975,2,145,147
random,CHEMBL820,MONDO:0004985,22,239,261
random,CHEMBL820,MONDO:0005090,35,295,330
random,CHEMBL820,MONDO:0005098,3,111,114
random,CHEMBL820,MONDO:0005180,6,117,123
random,CHEMBL820,MONDO:0005277,2,53,55
random,CHEMBL820,MONDO:0005301,1,45,46
random,CHEMBL820,MONDO:0005618,30,270,300
random,CHEMBL820,MONDO:0007743,4,46,50
random,CHEMBL827,MONDO:0001627,1,12,13
random,CHEMBL827,MONDO:0002009,2,12,14
random,CHEMBL827,MONDO:0004975,0,6,6
random,CHEMBL827,MONDO:0005090,3,14,17
random,CHEMBL827,MONDO:0005180,1,13,14
random,CHEMBL827,MONDO:0005277,0,2,2
random,CHEMBL827,MONDO:0005301,0,4,4
random,CHEMBL827,MONDO:0005618,3,14,17
random,CHEMBL829,MONDO:0001627,1,47,48
random,CHEMBL829,MONDO:0002009,7,162,169
random,CHEMBL829,MONDO:0004985,11,168,179
random,CHEMBL829,MONDO:0005090,20,196,216
random,CHEMBL829,MONDO:0005098,2,95,97
random,CHEMBL829,MONDO:0005277,1,51,52
random,CHEMBL829,MONDO:0005301,0,42,42
random,CHEMBL829,MONDO:0005618,16,184,200
random,CHEMBL829,MONDO:0007743,1,38,39
random,CHEMBL83,MONDO:0001627,2,83,85
random,CHEMBL83,MONDO:0002009,29,396,425
random,CHEMBL83,MONDO:0004975,4,259,263
random,CHEMBL83,MONDO:0004985,29,407,436
random,CHEMBL83,MONDO:0005027,21,246,267
random,CHEMBL83,MONDO:0005090,51,577,628
random,CHEMBL83,MONDO:0005180,11,147,158
random,CHEMBL83,MONDO:0005277,2,55,57
random,CHEMBL83,MONDO:0005301,2,75,77
random,CHEMBL83,MONDO:0005618,47,516,563
random,CHEMBL83,MONDO:0007743,6,55,61
random,CHEMBL83063,MONDO:0001627,1,38,39
random,CHEMBL83063,MONDO:0002009,18,169,187
random,CHEMBL83063,MONDO:0004975,1,93,94
random,CHEMBL83063,MONDO:0004985,21,167,188
random,CHEMBL83063,MONDO:0005027,16,120,136
random,CHEMBL83063,MONDO:0005090,29,202,231
random,CHEMBL83063,MONDO:0005098,3,81,84
random,CHEMBL83063,MONDO:0005180,4,90,94
random,CHEMBL83063,MONDO:0005301,1,41,42
random,CHEMBL83063,MONDO:0005618,31,199,230
random,CHEMBL83063,MONDO:0007743,4,45,49
random,CHEMBL831,MONDO:0001627,1,49,50
random,CHEMBL831,MONDO:0002009,25,199,224
random,CHEMBL831,MONDO:0005098,4,100,104
random,CHEMBL831,MONDO:0005180,5,97,102
random,CHEMBL831,MONDO:0005277,2,51,53
random,CHEMBL831,MONDO:0005301,1,47,48
random,CHEMBL831,MONDO:0005618,42,242,284
random,CHEMBL831,MONDO:0007743,7,48,55
random,CHEMBL842,MONDO:0001627,1,74,75
random,CHEMBL842,MONDO:0002009,19,275,294
random,CHEMBL842,MONDO:0004975,1,167,168
random,CHEMBL842,MONDO:0004985,21,252,273
random,CHEMBL842,MONDO:0005090,30,327,357
random,CHEMBL842,MONDO:0005277,2,51,53
random,CHEMBL842,MONDO:0005301,1,68,69
random,CHEMBL842,MONDO:0007743,4,51,55
random,CHEMBL844,MONDO:0001627,2,71,73
random,CHEMBL844,MONDO:0002009,19,284,303
random,CHEMBL844,MONDO:0004975,4,181,185
random,CHEMBL844,MONDO:0004985,23,333,356
random,CHEMBL844,MONDO:0005027,16,174,190
random,CHEMBL844,MONDO:0005090,35,425,460
random,CHEMBL844,MONDO:0005098,3,129,132
random,CHEMBL844,MONDO:0005180,6,129,135
random,CHEMBL844,MONDO:0005277,2,56,58
random,CHEMBL844,MONDO:0005301,2,56,58
random,CHEMBL844,MONDO:0007743,4,53,57
random,CHEMBL849,MONDO:0001627,2,77,79
random,CHEMBL849,MONDO:0002009,18,318,336
random,CHEMBL849,MONDO:0004975,3,188,191
random,CHEMBL849,MONDO:0004985,22,324,346
random,CHEMBL849,MONDO:0005090,31,418,449
random,CHEMBL849,MONDO:0005098,3,137,140
random,CHEMBL849,MONDO:0005180,7,118,125
random,CHEMBL849,MONDO:0005277,2,61,63
random,CHEMBL849,MONDO:0005301,1,60,61
random,CHEMBL849,MONDO:0005618,33,405,438
random,CHEMBL849,MONDO:0007743,4,46,50
random,CHEMBL85,MONDO:0001627,1,55,56
random,CHEMBL85,MONDO:0002009,30,297,327
random,CHEMBL85,MONDO:0005277,2,61,63
random,CHEMBL85,MONDO:0005301,1,58,59
random,CHEMBL85,MONDO:0005618,48,350,398
random,CHEMBL85,MONDO:0007743,7,48,55
random,CHEMBL855,MONDO:0001627,1,42,43
random,CHEMBL855,MONDO:0002009,17,153,170
random,CHEMBL855,MONDO:0004975,1,96,97
random,CHEMBL855,MONDO:0004985,20,158,178
random,CHEMBL855,MONDO:0005090,29,190,219
random,CHEMBL855,MONDO:0005098,2,73,75
random,CHEMBL855,MONDO:0005180,4,88,92
random,CHEMBL855,MONDO:0005277,2,51,53
random,CHEMBL855,MONDO:0005301,1,41,42
random,CHEMBL855,MONDO:0005618,28,185,213
random,CHEMBL855,MONDO:0007743,4,49,53
random,CHEMBL856,MONDO:0001627,1,43,44
random,CHEMBL856,MONDO:0002009,21,217,238
random,CHEMBL856,MONDO:0004975,2,125,127
random,CHEMBL856,MONDO:0005090,46,266,312
random,CHEMBL856,MONDO:0005098,2,105,107
random,CHEMBL856,MONDO:0005180,5,106,111
random,CHEMBL856,MONDO:0005277,2,51,53
random,CHEMBL856,MONDO:0005301,1,45,46
random,CHEMBL856,MONDO:0007743,4,53,57
random,CHEMBL858,MONDO:0001627,2,94,96
random,CHEMBL858,MONDO:0002009,19,247,266
random,CHEMBL858,MONDO:0004975,6,191,197
random,CHEMBL858,MONDO:0004985,23,257,280
random,CHEMBL858,MONDO:0005090,35,303,338
random,CHEMBL858,MONDO:0005098,5,167,172
random,CHEMBL858,MONDO:0005180,4,104,108
random,CHEMBL858,MONDO:0005277,2,51,53
random,CHEMBL858,MONDO:0005301,1,56,57
random,CHEMBL858,MONDO:0005618,33,294,327
random,CHEMBL858,MONDO:0007743,4,48,52
random,CHEMBL86,MONDO:0001627,1,45,46
random,CHEMBL86,MONDO:0002009,23,194,217
random,CHEMBL86,MONDO:0004975,4,124,128
random,CHEMBL86,MONDO:0004985,26,193,219
random,CHEMBL86,MONDO:0005090,40,240,280
random,CHEMBL86,MONDO:0005098,4,83,87
random,CHEMBL86,MONDO:0005277,2,51,53
random,CHEMBL86,MONDO:0005301,1,49,50
random,CHEMBL86,MONDO:0007743,6,49,55
random,CHEMBL861,MONDO:0001627,1,40,41
random,CHEMBL861,MONDO:0002009,20,165,185
random,CHEMBL861,MONDO:0004975,3,112,115
random,CHEMBL861,MONDO:0004985,20,164,184
random,CHEMBL861,MONDO:0005090,31,193,224
random,CHEMBL861,MONDO:0005098,3,68,71
random,CHEMBL861,MONDO:0005180,5,95,100
random,CHEMBL861,MONDO:0005277,2,51,53
random,CHEMBL861,MONDO:0005301,1,41,42
random,CHEMBL861,MONDO:0005618,31,190,221
random,CHEMBL861,MONDO:0007743,4,48,52
random,CHEMBL862,MONDO:0001627,1,72,73
random,CHEMBL862,MONDO:0002009,21,294,315
random,CHEMBL862,MONDO:0004975,2,179,181
random,CHEMBL862,MONDO:0004985,22,345,367
random,CHEMBL862,MONDO:0005027,17,180,197
random,CHEMBL862,MONDO:0005090,32,391,423
random,CHEMBL862,MONDO:0005098,2,137,139
random,CHEMBL862,MONDO:0005180,5,121,126
random,CHEMBL862,MONDO:0005277,2,53,55
random,CHEMBL862,MONDO:0005301,1,58,59
random,CHEMBL86304,MONDO:0001627,1,44,45
random,CHEMBL86304,MONDO:0002009,22,208,230
random,CHEMBL86304,MONDO:0004975,3,124,127
random,CHEMBL86304,MONDO:0004985,22,199,221
random,CHEMBL86304,MONDO:0005027,17,136,153
random,CHEMBL86304,MONDO:0005090,34,245,279
random,CHEMBL86304,MONDO:0005098,2,103,105
random,CHEMBL86304,MONDO:0005180,8,105,113
random,CHEMBL86304,MONDO:0005277,2,51,53
random,CHEMBL86304,MONDO:0005301,2,46,48
random,CHEMBL86304,MONDO:0007743,4,51,55
random,CHEMBL864,MONDO:0001627,1,41,42
random,CHEMBL864,MONDO:0002009,17,156,173
random,CHEMBL864,MONDO:0004975,2,110,112
random,CHEMBL864,MONDO:0004985,20,169,189
random,CHEMBL864,MONDO:0005090,29,186,215
random,CHEMBL864,MONDO:0005098,3,69,72
random,CHEMBL864,MONDO:0005180,4,87,91
random,CHEMBL864,MONDO:0005277,2,51,53
random,CHEMBL864,MONDO:0005301,1,41,42
random,CHEMBL864,MONDO:0005618,29,190,219
random,CHEMBL864,MONDO:0007743,4,46,50
random,CHEMBL86715,MONDO:0001627,1,42,43
random,CHEMBL86715,MONDO:0002009,17,177,194
random,CHEMBL86715,MONDO:0004975,1,103,104
random,CHEMBL86715,MONDO:0004985,20,175,195
random,CHEMBL86715,MONDO:0005027,16,125,141
random,CHEMBL86715,MONDO:0005090,30,198,228
random,CHEMBL86715,MONDO:0005098,2,91,93
random,CHEMBL86715,MONDO:0005277,2,51,53
random,CHEMBL86715,MONDO:0005301,1,42,43
random,CHEMBL86715,MONDO:0005618,29,201,230
random,CHEMBL86715,MONDO:0007743,4,49,53
random,CHEMBL877,MONDO:0001627,1,43,44
random,CHEMBL877,MONDO:0002009,18,175,193
random,CHEMBL877,MONDO:0004975,2,103,105
random,CHEMBL877,MONDO:0004985,20,175,195
random,CHEMBL877,MONDO:0005027,15,122,137
random,CHEMBL877,MONDO:0005090,31,198,229
random,CHEMBL877,MONDO:0005180,4,84,88
random,CHEMBL877,MONDO:0005301,1,41,42
random,CHEMBL877,MONDO:0007743,4,46,50
random,CHEMBL87708,MONDO:0001627,1,46,47
random,CHEMBL87708,MONDO:0002009,16,177,193
random,CHEMBL87708,MONDO:0004975,1,109,110
random,CHEMBL87708,MONDO:0004985,20,180,200
random,CHEMBL87708,MONDO:0005027,16,139,155
random,CHEMBL87708,MONDO:0005090,28,214,242
random,CHEMBL87708,MONDO:0005098,3,98,101
random,CHEMBL87708,MONDO:0005180,3,83,86
random,CHEMBL87708,MONDO:0005277,2,51,53
random,CHEMBL87708,MONDO:0005301,2,44,46
random,CHEMBL87708,MONDO:0007743,4,46,50
random,CHEMBL885,MONDO:0001627,1,42,43
random,CHEMBL885,MONDO:0002009,18,183,201
random,CHEMBL885,MONDO:0004975,1,103,104
random,CHEMBL885,MONDO:0004985,20,175,195
random,CHEMBL885,MONDO:0005090,29,203,232
random,CHEMBL885,MONDO:0005098,4,97,101
random,CHEMBL885,MONDO:0005180,4,88,92
random,CHEMBL885,MONDO:0005277,2,51,53
random,CHEMBL885,MONDO:0005301,1,41,42
random,CHEMBL885,MONDO:0007743,4,46,50
random,CHEMBL887,MONDO:0001627,1,43,44
random,CHEMBL887,MONDO:0002009,18,177,195
random,CHEMBL887,MONDO:0004975,5,119,124
random,CHEMBL887,MONDO:0005090,34,217,251
random,CHEMBL887,MONDO:0005098,2,84,86
random,CHEMBL887,MONDO:0005277,2,51,53
random,CHEMBL887,MONDO:0005301,2,48,50
random,CHEMBL887,MONDO:0005618,32,211,243
random,CHEMBL887,MONDO:0007743,4,47,51
random,CHEMBL894,MONDO:0001627,1,46,47
random,CHEMBL894,MONDO:0004975,3,122,125
random,CHEMBL894,MONDO:0005090,43,241,284
random,CHEMBL894,MONDO:0005098,3,87,90
random,CHEMBL894,MONDO:0005180,6,102,108
random,CHEMBL894,MONDO:0005277,2,51,53
random,CHEMBL894,MONDO:0005301,1,44,45
random,CHEMBL895,MONDO:0001627,0,13,13
random,CHEMBL895,MONDO:0002009,0,27,27
random,CHEMBL895,MONDO:0004975,0,20,20
random,CHEMBL895,MONDO:0004985,0,25,25
random,CHEMBL895,MONDO:0005090,1,29,30
random,CHEMBL895,MONDO:0005098,0,20,20
random,CHEMBL895,MONDO:0005180,0,19,19
random,CHEMBL895,MONDO:0005277,0,8,8
random,CHEMBL895,MONDO:0005301,0,18,18
random,CHEMBL895,MONDO:0005618,2,29,31
random,CHEMBL895,MONDO:0007743,0,10,10
random,CHEMBL896,MONDO:0001627,1,42,43
random,CHEMBL896,MONDO:0002009,24,195,219
random,CHEMBL896,MONDO:0004975,2,110,112
random,CHEMBL896,MONDO:0004985,25,178,203
random,CHEMBL896,MONDO:0005090,40,217,257
random,CHEMBL896,MONDO:0005098,4,96,100
random,CHEMBL896,MONDO:0005180,6,99,105
random,CHEMBL896,MONDO:0005277,2,51,53
random,CHEMBL896,MONDO:0005301,1,45,46
random,CHEMBL896,MONDO:0005618,39,224,263
random,CHEMBL896,MONDO:0007743,6,47,53
random,CHEMBL9,MONDO:0001627,1,42,43
random,CHEMBL9,MONDO:0002009,20,210,230
random,CHEMBL9,MONDO:0004975,2,123,125
random,CHEMBL9,MONDO:0004985,20,215,235
random,CHEMBL9,MONDO:0005090,34,273,307
random,CHEMBL9,MONDO:0005098,2,101,103
random,CHEMBL9,MONDO:0005180,5,103,108
random,CHEMBL9,MONDO:0005277,2,51,53
random,CHEMBL9,MONDO:0005301,1,43,44
random,CHEMBL9,MONDO:0007743,4,48,52
random,CHEMBL900,MONDO:0001627,1,50,51
random,CHEMBL900,MONDO:0002009,13,198,211
random,CHEMBL900,MONDO:0004985,15,196,211
random,CHEMBL900,MONDO:0005090,34,244,278
random,CHEMBL900,MONDO:0005098,2,106,108
random,CHEMBL900,MONDO:0005277,2,61,63
random,CHEMBL900,MONDO:0005301,0,49,49
random,CHEMBL900,MONDO:0007743,1,45,46
random,CHEMBL905,MONDO:0001627,1,40,41
random,CHEMBL905,MONDO:0002009,22,167,189
random,CHEMBL905,MONDO:0004975,1,100,101
random,CHEMBL905,MONDO:0004985,25,174,199
random,CHEMBL905,MONDO:0005027,17,121,138
random,CHEMBL905,MONDO:0005090,38,201,239
random,CHEMBL905,MONDO:0005180,4,83,87
random,CHEMBL905,MONDO:0005301,1,40,41
random,CHEMBL905,MONDO:0005618,38,194,232
random,CHEMBL905,MONDO:0007743,6,47,53
random,CHEMBL908,MONDO:0001627,1,51,52
random,CHEMBL908,MONDO:0002009,22,209,231
random,CHEMBL908,MONDO:0004985,22,220,242
random,CHEMBL908,MONDO:0005098,5,118,123
random,CHEMBL908,MONDO:0005277,2,61,63
random,CHEMBL908,MONDO:0005301,0,53,53
random,CHEMBL908,MONDO:0005618,35,260,295
random,CHEMBL908,MONDO:0007743,4,48,52
random,CHEMBL911,MONDO:0001627,1,42,43
random,CHEMBL911,MONDO:0002009,26,200,226
random,CHEMBL911,MONDO:0004975,2,118,120
random,CHEMBL911,MONDO:0004985,29,190,219
random,CHEMBL911,MONDO:0005027,19,139,158
random,CHEMBL911,MONDO:0005090,46,242,288
random,CHEMBL911,MONDO:0005098,4,97,101
random,CHEMBL911,MONDO:0005180,5,95,100
random,CHEMBL911,MONDO:0005277,2,51,53
random,CHEMBL911,MONDO:0005301,1,43,44
random,CHEMBL91238,MONDO:0001627,0,0,0
random,CHEMBL91238,MONDO:0002009,0,0,0
random,CHEMBL91238,MONDO:0004975,0,0,0
random,CHEMBL91238,MONDO:0004985,0,0,0
random,CHEMBL91238,MONDO:0005027,0,0,0
random,CHEMBL91238,MONDO:0005090,0,0,0
random,CHEMBL91238,MONDO:0005098,0,0,0
random,CHEMBL91238,MONDO:0005180,0,0,0
random,CHEMBL91238,MONDO:0005277,0,0,0
random,CHEMBL91238,MONDO:0005301,0,0,0
random,CHEMBL91238,MONDO:0007743,0,0,0
random,CHEMBL916,MONDO:0001627,1,46,47
random,CHEMBL916,MONDO:0002009,6,142,148
random,CHEMBL916,MONDO:0004975,3,114,117
random,CHEMBL916,MONDO:0004985,11,152,163
random,CHEMBL916,MONDO:0005027,9,96,105
random,CHEMBL916,MONDO:0005090,20,178,198
random,CHEMBL916,MONDO:0005180,3,78,81
random,CHEMBL916,MONDO:0005277,1,51,52
random,CHEMBL916,MONDO:0005301,0,39,39
random,CHEMBL916,MONDO:0005618,15,164,179
random,CHEMBL916,MONDO:0007743,1,37,38
random,CHEMBL918,MONDO:0001627,1,40,41
random,CHEMBL918,MONDO:0002009,17,177,194
random,CHEMBL918,MONDO:0004975,1,100,101
random,CHEMBL918,MONDO:0004985,20,177,197
random,CHEMBL918,MONDO:0005090,29,197,226
random,CHEMBL918,MONDO:0005098,2,83,85
random,CHEMBL918,MONDO:0005180,4,86,90
random,CHEMBL918,MONDO:0005277,2,51,53
random,CHEMBL918,MONDO:0005301,1,40,41
random,CHEMBL918,MONDO:0005618,29,201,230
random,CHEMBL918,MONDO:0007743,4,49,53
random,CHEMBL92401,MONDO:0001627,1,44,45
random,CHEMBL92401,MONDO:0002009,20,260,280
random,CHEMBL92401,MONDO:0004975,5,143,148
random,CHEMBL92401,MONDO:0004985,20,217,237
random,CHEMBL92401,MONDO:0005027,17,159,176
random,CHEMBL92401,MONDO:0005090,32,277,309
random,CHEMBL92401,MONDO:0005098,3,92,95
random,CHEMBL92401,MONDO:0005180,6,112,118
random,CHEMBL92401,MONDO:0005277,2,51,53
random,CHEMBL92401,MONDO:0005301,1,50,51
random,CHEMBL92401,MONDO:0007743,4,46,50
random,CHEMBL93,MONDO:0001627,1,46,47
random,CHEMBL93,MONDO:0002009,20,216,236
random,CHEMBL93,MONDO:0004975,1,123,124
random,CHEMBL93,MONDO:0004985,22,207,229
random,CHEMBL93,MONDO:0005027,17,144,161
random,CHEMBL93,MONDO:0005090,34,243,277
random,CHEMBL93,MONDO:0005098,3,106,109
random,CHEMBL93,MONDO:0005180,4,103,107
random,CHEMBL93,MONDO:0005277,2,51,53
random,CHEMBL93,MONDO:0005301,1,47,48
random,CHEMBL93,MONDO:0007743,4,51,55
random,CHEMBL93047,MONDO:0001627,0,0,0
random,CHEMBL93047,MONDO:0002009,0,0,0
random,CHEMBL93047,MONDO:0004975,0,0,0
random,CHEMBL93047,MONDO:0004985,0,0,0
random,CHEMBL93047,MONDO:0005090,0,0,0
random,CHEMBL93047,MONDO:0005098,0,0,0
random,CHEMBL93047,MONDO:0005180,0,0,0
random,CHEMBL93047,MONDO:0005277,0,0,0
random,CHEMBL93047,MONDO:0005301,0,0,0
random,CHEMBL93047,MONDO:0005618,0,0,0
random,CHEMBL93047,MONDO:0007743,0,0,0
random,CHEMBL932,MONDO:0001627,2,83,85
random,CHEMBL932,MONDO:0002009,23,335,358
random,CHEMBL932,MONDO:0004985,23,337,360
random,CHEMBL932,MONDO:0005027,17,204,221
random,CHEMBL932,MONDO:0005090,41,464,505
random,CHEMBL932,MONDO:0005098,2,162,164
random,CHEMBL932,MONDO:0005180,8,132,140
random,CHEMBL932,MONDO:0005277,2,61,63
random,CHEMBL932,MONDO:0005301,2,81,83
random,CHEMBL932,MONDO:0005618,39,439,478
random,CHEMBL932,MONDO:0007743,3,43,46
random,CHEMBL94,MONDO:0001627,1,50,51
random,CHEMBL94,MONDO:0002009,20,247,267
random,CHEMBL94,MONDO:0004975,6,169,175
random,CHEMBL94,MONDO:0004985,22,255,277
random,CHEMBL94,MONDO:0005090,37,350,387
random,CHEMBL94,MONDO:0005098,4,134,138
random,CHEMBL94,MONDO:0005277,2,51,53
random,CHEMBL94,MONDO:0005301,2,56,58
random,CHEMBL94,MONDO:0005618,34,328,362
random,CHEMBL94,MONDO:0007743,5,51,56
random,CHEMBL940,MONDO:0001627,1,51,52
random,CHEMBL940,MONDO:0002009,23,295,318
random,CHEMBL940,MONDO:0004975,4,173,177
random,CHEMBL940,MONDO:0004985,28,252,280
random,CHEMBL940,MONDO:0005027,18,169,187
random,CHEMBL940,MONDO:0005090,45,371,416
random,CHEMBL940,MONDO:0005098,4,123,127
random,CHEMBL940,MONDO:0005180,4,116,120
random,CHEMBL940,MONDO:0005277,2,51,53
random,CHEMBL940,MONDO:0005301,1,52,53
random,CHEMBL940,MONDO:0007743,6,50,56
random,CHEMBL942,MONDO:0001627,1,52,53
random,CHEMBL942,MONDO:0002009,9,213,222
random,CHEMBL942,MONDO:0004975,4,161,165
random,CHEMBL942,MONDO:0004985,13,227,240
random,CHEMBL942,MONDO:0005090,20,280,300
random,CHEMBL942,MONDO:0005098,2,122,124
random,CHEMBL942,MONDO:0005180,4,123,127
random,CHEMBL942,MONDO:0005277,1,53,54
random,CHEMBL942,MONDO:0005301,0,48,48
random,CHEMBL942,MONDO:0005618,19,254,273
random,CHEMBL942,MONDO:0007743,1,43,44
random,CHEMBL95,MONDO:0001627,3,101,104
random,CHEMBL95,MONDO:0002009,17,326,343
random,CHEMBL95,MONDO:0004985,17,318,335
random,CHEMBL95,MONDO:0005090,29,396,425
random,CHEMBL95,MONDO:0005098,4,180,184
random,CHEMBL95,MONDO:0005277,1,51,52
random,CHEMBL95,MONDO:0005301,2,72,74
random,CHEMBL95,MONDO:0005618,27,385,412
random,CHEMBL95,MONDO:0007743,2,50,52
random,CHEMBL953,MONDO:0001627,0,40,40
random,CHEMBL953,MONDO:0002009,3,134,137
random,CHEMBL953,MONDO:0004975,2,99,101
random,CHEMBL953,MONDO:0004985,2,130,132
random,CHEMBL953,MONDO:0005090,4,175,179
random,CHEMBL953,MONDO:0005098,1,99,100
random,CHEMBL953,MONDO:0005277,0,24,24
random,CHEMBL953,MONDO:0005301,1,40,41
random,CHEMBL953,MONDO:0007743,1,29,30
random,CHEMBL959,MONDO:0001627,1,38,39
random,CHEMBL959,MONDO:0002009,17,160,177
random,CHEMBL959,MONDO:0004975,1,95,96
random,CHEMBL959,MONDO:0004985,20,164,184
random,CHEMBL959,MONDO:0005090,29,190,219
random,CHEMBL959,MONDO:0005098,2,78,80
random,CHEMBL959,MONDO:0005180,4,83,87
random,CHEMBL959,MONDO:0005277,2,51,53
random,CHEMBL959,MONDO:0005301,1,38,39
random,CHEMBL959,MONDO:0005618,29,189,218
random,CHEMBL959,MONDO:0007743,4,46,50
random,CHEMBL963,MONDO:0001627,0,19,19
random,CHEMBL963,MONDO:0002009,1,46,47
random,CHEMBL963,MONDO:0004975,1,36,37
random,CHEMBL963,MONDO:0004985,0,36,36
random,CHEMBL963,MONDO:0005090,3,47,50
random,CHEMBL963,MONDO:0005098,0,27,27
random,CHEMBL963,MONDO:0005180,1,40,41
random,CHEMBL963,MONDO:0005277,0,9,9
random,CHEMBL963,MONDO:0005301,0,20,20
random,CHEMBL963,MONDO:0005618,3,47,50
random,CHEMBL963,MONDO:0007743,0,17,17
random,CHEMBL964,MONDO:0001627,3,105,108
random,CHEMBL964,MONDO:0002009,15,456,471
random,CHEMBL964,MONDO:0004975,5,296,301
random,CHEMBL964,MONDO:0004985,21,491,512
random,CHEMBL964,MONDO:0005090,37,647,684
random,CHEMBL964,MONDO:0005098,3,210,213
random,CHEMBL964,MONDO:0005180,9,158,167
random,CHEMBL964,MONDO:0005277,1,65,66
random,CHEMBL964,MONDO:0005301,1,93,94
random,CHEMBL964,MONDO:0005618,30,597,627
random,CHEMBL964,MONDO:0007743,3,43,46
random,CHEMBL967,MONDO:0001627,0,4,4
random,CHEMBL967,MONDO:0002009,1,26,27
random,CHEMBL967,MONDO:0004975,0,20,20
random,CHEMBL967,MONDO:0004985,7,18,25
random,CHEMBL967,MONDO:0005027,4,17,21
random,CHEMBL967,MONDO:0005090,11,28,39
random,CHEMBL967,MONDO:0005098,0,16,16
random,CHEMBL967,MONDO:0005180,0,22,22
random,CHEMBL967,MONDO:0005277,0,3,3
random,CHEMBL967,MONDO:0005301,0,7,7
random,CHEMBL967,MONDO:0007743,0,7,7
random,CHEMBL968,MONDO:0001627,1,42,43
random,CHEMBL968,MONDO:0002009,19,164,183
random,CHEMBL968,MONDO:0004975,1,102,103
random,CHEMBL968,MONDO:0004985,28,155,183
random,CHEMBL968,MONDO:0005027,21,135,156
random,CHEMBL968,MONDO:0005090,42,187,229
random,CHEMBL968,MONDO:0005098,3,80,83
random,CHEMBL968,MONDO:0005180,6,93,99
random,CHEMBL968,MONDO:0005277,2,51,53
random,CHEMBL968,MONDO:0005301,2,42,44
random,CHEMBL968,MONDO:0007743,4,46,50
random,CHEMBL969,MONDO:0001627,0,4,4
random,CHEMBL969,MONDO:0002009,0,20,20
random,CHEMBL969,MONDO:0004975,0,18,18
random,CHEMBL969,MONDO:0004985,7,16,23
random,CHEMBL969,MONDO:0005027,4,16,20
random,CHEMBL969,MONDO:0005090,11,25,36
random,CHEMBL969,MONDO:0005098,0,14,14
random,CHEMBL969,MONDO:0005180,0,18,18
random,CHEMBL969,MONDO:0005277,0,3,3
random,CHEMBL969,MONDO:0005301,0,7,7
random,CHEMBL969,MONDO:0007743,0,7,7
random,CHEMBL972,MONDO:0001627,1,49,50
random,CHEMBL972,MONDO:0004975,7,141,148
random,CHEMBL972,MONDO:0005027,18,139,157
random,CHEMBL972,MONDO:0005090,37,243,280
random,CHEMBL972,MONDO:0005098,2,80,82
random,CHEMBL972,MONDO:0005277,2,51,53
random,CHEMBL972,MONDO:0005301,2,56,58
random,CHEMBL972,MONDO:0007743,4,48,52
random,CHEMBL973,MONDO:0001627,1,40,41
random,CHEMBL973,MONDO:0002009,15,191,206
random,CHEMBL973,MONDO:0004975,2,120,122
random,CHEMBL973,MONDO:0004985,19,187,206
random,CHEMBL973,MONDO:0005027,14,137,151
random,CHEMBL973,MONDO:0005090,29,219,248
random,CHEMBL973,MONDO:0005098,3,92,95
random,CHEMBL973,MONDO:0005180,4,98,102
random,CHEMBL973,MONDO:0005277,2,51,53
random,CHEMBL973,MONDO:0005618,25,222,247
random,CHEMBL973,MONDO:0007743,4,49,53
random,CHEMBL976,MONDO:0001627,1,75,76
random,CHEMBL976,MONDO:0002009,19,308,327
random,CHEMBL976,MONDO:0004975,1,186,187
random,CHEMBL976,MONDO:0004985,22,357,379
random,CHEMBL976,MONDO:0005090,37,471,508
random,CHEMBL976,MONDO:0005098,2,148,150
random,CHEMBL976,MONDO:0005180,4,125,129
random,CHEMBL976,MONDO:0005277,2,53,55
random,CHEMBL976,MONDO:0005301,1,67,68
random,CHEMBL976,MONDO:0005618,32,430,462
random,CHEMBL976,MONDO:0007743,4,53,57
random,CHEMBL978,MONDO:0001627,1,49,50
random,CHEMBL978,MONDO:0002009,7,145,152
random,CHEMBL978,MONDO:0004975,3,122,125
random,CHEMBL978,MONDO:0004985,12,156,168
random,CHEMBL978,MONDO:0005090,20,194,214
random,CHEMBL978,MONDO:0005098,2,82,84
random,CHEMBL978,MONDO:0005180,3,82,85
random,CHEMBL978,MONDO:0005277,1,51,52
random,CHEMBL978,MONDO:0005301,0,42,42
random,CHEMBL978,MONDO:0005618,15,172,187
random,CHEMBL978,MONDO:0007743,1,37,38
random,CHEMBL979,MONDO:0002009,17,149,166
random,CHEMBL979,MONDO:0004985,27,174,201
random,CHEMBL979,MONDO:0005090,39,206,245
random,CHEMBL979,MONDO:0005180,4,98,102
random,CHEMBL979,MONDO:0005301,1,40,41
random,CHEMBL979,MONDO:0005618,32,182,214
random,CHEMBL979,MONDO:0007743,4,46,50
random,CHEMBL980,MONDO:0001627,1,49,50
random,CHEMBL980,MONDO:0002009,21,226,247
random,CHEMBL980,MONDO:0004975,3,155,158
random,CHEMBL980,MONDO:0004985,29,231,260
random,CHEMBL980,MONDO:0005090,45,279,324
random,CHEMBL980,MONDO:0005098,4,115,119
random,CHEMBL980,MONDO:0005180,4,91,95
random,CHEMBL980,MONDO:0005277,2,51,53
random,CHEMBL980,MONDO:0005301,1,48,49
random,CHEMBL980,MONDO:0007743,6,48,54
random,CHEMBL99946,MONDO:0001627,1,12,13
random,CHEMBL99946,MONDO:0004975,1,21,22
random,CHEMBL99946,MONDO:0004985,3,25,28
random,CHEMBL99946,MONDO:0005027,2,23,25
random,CHEMBL99946,MONDO:0005090,6,39,45
random,CHEMBL99946,MONDO:0005098,0,15,15
random,CHEMBL99946,MONDO:0005180,3,35,38
random,CHEMBL99946,MONDO:0005277,0,2,2
random,CHEMBL99946,MONDO:0005301,0,8,8
random,CHEMBL99946,MONDO:0007743,1,15,16
