chembl_id,drugbank_id,drug_name,target_id,target_name,target_organism,uniprot_accession,evidence_count,human_evidence_count,non_human_evidence_count,unspecified_evidence_count
CHEMBL100116,DB00652,Pentazocine,CHEMBL4105864,Sigma intracellular receptor 2,Rattus norvegicus,Q5U3Y7,1,0,0,1
CHEMBL100116,DB00652,Pentazocine,CHEMBL4153,Sigma non-opioid intracellular receptor 1,Cavia porcellus,Q60492,16,0,0,16
CHEMBL1006,DB01143,Amifostine,CHEMBL276,Muscarinic acetylcholine receptor M1,Rattus norvegicus,P08482,1,0,0,1
CHEMBL1006,DB01143,Amifostine,CHEMBL3072,Androgen receptor,Rattus norvegicus,P15207,2,0,0,2
CHEMBL1006,DB01143,Amifostine,CHEMBL330,"Glutamate receptor ionotropic, NMDA 1",Rattus norvegicus,P35439,1,0,0,1
CHEMBL1006,DB01143,Amifostine,CHEMBL343,Gamma-aminobutyric acid receptor subunit alpha-1,Rattus norvegicus,P62813,2,0,0,2
CHEMBL1006,DB01143,Amifostine,CHEMBL4042,Prostaglandin G/H synthase 1,Rattus norvegicus,Q63921,1,0,0,1
CHEMBL1006,DB01143,Amifostine,CHEMBL4523582,Replicase polyprotein 1ab,Severe acute respiratory syndrome coronavirus 2,P0DTD1,1,0,0,1
CHEMBL1009,DB01235,Levodopa,CHEMBL1293248,4'-phosphopantetheinyl transferase ffp,Bacillus subtilis,Q9F4F7,3,0,0,3
CHEMBL1009,DB01235,Levodopa,CHEMBL1741167,"Phosphoglycerate kinase, glycosomal",Trypanosoma brucei brucei,P07378,3,0,0,3
CHEMBL1009,DB01235,Levodopa,CHEMBL2007624,Peripheral myelin protein 22,Rattus norvegicus,P25094,1,0,0,1
CHEMBL1009,DB01235,Levodopa,CHEMBL2073717,Monocarboxylate transporter 10,Rattus norvegicus,Q91Y77,1,0,0,1
CHEMBL1009,DB01235,Levodopa,CHEMBL276,Muscarinic acetylcholine receptor M1,Rattus norvegicus,P08482,1,0,0,1
CHEMBL1009,DB01235,Levodopa,CHEMBL3072,Androgen receptor,Rattus norvegicus,P15207,1,0,0,1
CHEMBL1009,DB01235,Levodopa,CHEMBL330,"Glutamate receptor ionotropic, NMDA 1",Rattus norvegicus,P35439,1,0,0,1
CHEMBL1009,DB01235,Levodopa,CHEMBL343,Gamma-aminobutyric acid receptor subunit alpha-1,Rattus norvegicus,P62813,3,0,0,3
CHEMBL1009,DB01235,Levodopa,CHEMBL3562161,Amino acid transporter,Rattus norvegicus,Q9Z1J7,1,0,0,1
CHEMBL1009,DB01235,Levodopa,CHEMBL3762,Voltage-dependent L-type calcium channel subunit alpha-1C,Rattus norvegicus,P22002,1,0,0,1
CHEMBL1009,DB01235,Levodopa,CHEMBL4042,Prostaglandin G/H synthase 1,Rattus norvegicus,Q63921,1,0,0,1
CHEMBL1009,DB01235,Levodopa,CHEMBL4358,Polyunsaturated fatty acid lipoxygenase ALOX15,Oryctolagus cuniculus,P12530,1,0,0,1
CHEMBL1009,DB01235,Levodopa,CHEMBL4523582,Replicase polyprotein 1ab,Severe acute respiratory syndrome coronavirus 2,P0DTD1,1,0,0,1
CHEMBL1009,DB01235,Levodopa,CHEMBL5107,Voltage-dependent N-type calcium channel subunit alpha-1B,Rattus norvegicus,Q02294,1,0,0,1
CHEMBL1009,DB01235,Levodopa,CHEMBL5149,Pyruvate kinase,Leishmania mexicana,Q27686,2,0,0,2
CHEMBL1009,DB01235,Levodopa,CHEMBL5567,Luciferin 4-monooxygenase,Photinus pyralis,P08659,1,0,0,1
CHEMBL1009,DB01235,Levodopa,CHEMBL5686,ATP-dependent 6-phosphofructokinase,Trypanosoma brucei,O15648,1,0,0,1
CHEMBL1009,DB01235,Levodopa,CHEMBL6035,"Thioredoxin reductase 1, cytoplasmic",Rattus norvegicus,O89049,2,0,0,2
CHEMBL1017,DB00966,Telmisartan,CHEMBL2007624,Peripheral myelin protein 22,Rattus norvegicus,P25094,1,0,0,1
CHEMBL1017,DB00966,Telmisartan,CHEMBL2128,Peroxisome proliferator-activated receptor alpha,Mus musculus,P23204,1,0,0,1
CHEMBL1017,DB00966,Telmisartan,CHEMBL2189159,"Indoleamine 2,3-dioxygenase 2",Mus musculus,Q8R0V5,1,0,0,1
CHEMBL1017,DB00966,Telmisartan,CHEMBL2458,Peroxisome proliferator-activated receptor delta,Mus musculus,P35396,1,0,0,1
CHEMBL1017,DB00966,Telmisartan,CHEMBL2459,Peroxisome proliferator-activated receptor gamma,Mus musculus,P37238,2,0,0,2
CHEMBL1017,DB00966,Telmisartan,CHEMBL263,Type-1 angiotensin II receptor B,Rattus norvegicus,P29089,1,0,0,1
CHEMBL1017,DB00966,Telmisartan,CHEMBL3072,Androgen receptor,Rattus norvegicus,P15207,3,0,0,3
CHEMBL1017,DB00966,Telmisartan,CHEMBL329,Type-1 angiotensin II receptor A,Rattus norvegicus,P25095,2,0,0,2
CHEMBL1017,DB00966,Telmisartan,CHEMBL330,"Glutamate receptor ionotropic, NMDA 1",Rattus norvegicus,P35439,1,0,0,1
CHEMBL1017,DB00966,Telmisartan,CHEMBL343,Gamma-aminobutyric acid receptor subunit alpha-1,Rattus norvegicus,P62813,3,0,0,3
CHEMBL1017,DB00966,Telmisartan,CHEMBL3762,Voltage-dependent L-type calcium channel subunit alpha-1C,Rattus norvegicus,P22002,1,0,0,1
CHEMBL1017,DB00966,Telmisartan,CHEMBL4042,Prostaglandin G/H synthase 1,Rattus norvegicus,Q63921,1,0,0,1
CHEMBL1017,DB00966,Telmisartan,CHEMBL4523582,Replicase polyprotein 1ab,Severe acute respiratory syndrome coronavirus 2,P0DTD1,1,0,0,1
CHEMBL1017,DB00966,Telmisartan,CHEMBL5107,Voltage-dependent N-type calcium channel subunit alpha-1B,Rattus norvegicus,Q02294,1,0,0,1
CHEMBL1017,DB00966,Telmisartan,CHEMBL5567,Luciferin 4-monooxygenase,Photinus pyralis,P08659,2,0,0,2
CHEMBL1017,DB00966,Telmisartan,CHEMBL6035,"Thioredoxin reductase 1, cytoplasmic",Rattus norvegicus,O89049,1,0,0,1
CHEMBL1027,DB00906,Tiagabine,CHEMBL2007624,Peripheral myelin protein 22,Rattus norvegicus,P25094,1,0,0,1
CHEMBL1027,DB00906,Tiagabine,CHEMBL3699,GABA transporter 4,Mus musculus,P31650,15,0,0,15
CHEMBL1027,DB00906,Tiagabine,CHEMBL4054,Sodium- and chloride-dependent GABA transporter 1,Rattus norvegicus,P23978,17,0,0,17
CHEMBL1027,DB00906,Tiagabine,CHEMBL4228,GABA transporter 2,Mus musculus,P31651,8,0,0,8
CHEMBL1027,DB00906,Tiagabine,CHEMBL4523582,Replicase polyprotein 1ab,Severe acute respiratory syndrome coronavirus 2,P0DTD1,1,0,0,1
CHEMBL1027,DB00906,Tiagabine,CHEMBL4889,Sodium- and chloride-dependent GABA transporter 2,Rattus norvegicus,P31646,1,0,0,1
CHEMBL1027,DB00906,Tiagabine,CHEMBL5205,GABA transporter 3,Mus musculus,P31649,10,0,0,10
CHEMBL1027,DB00906,Tiagabine,CHEMBL5445,Sodium- and chloride-dependent GABA transporter 1,Mus musculus,P31648,27,0,0,27
CHEMBL103,DB00396,Progesterone,CHEMBL1293231,Nuclear receptor ROR-gamma,Mus musculus,P51450,1,0,1,0
CHEMBL103,DB00396,Progesterone,CHEMBL1293254,Ferritin light chain,Equus caballus,P02791,4,0,4,0
CHEMBL103,DB00396,Progesterone,CHEMBL1293303,Nonstructural protein 1,Influenza A virus,Q194T2,2,0,2,0
CHEMBL103,DB00396,Progesterone,CHEMBL1770032,Solute carrier family 22 member 2,Rattus norvegicus,Q9R0W2,1,0,0,1
CHEMBL103,DB00396,Progesterone,CHEMBL1770033,Solute carrier family 22 member 3,Rattus norvegicus,O88446,1,0,0,1
CHEMBL103,DB00396,Progesterone,CHEMBL1909044,Progesterone receptor,Bos taurus,Q690N0,2,0,2,0
CHEMBL103,DB00396,Progesterone,CHEMBL2146315,Nuclear receptor subfamily 1 group I member 2,Rattus norvegicus,Q9R1A7,2,0,2,0
CHEMBL103,DB00396,Progesterone,CHEMBL276,Muscarinic acetylcholine receptor M1,Rattus norvegicus,P08482,2,0,2,0
CHEMBL103,DB00396,Progesterone,CHEMBL3056,Androgen receptor,Mus musculus,P19091,2,0,2,0
CHEMBL103,DB00396,Progesterone,CHEMBL3072,Androgen receptor,Rattus norvegicus,P15207,4,0,3,1
CHEMBL103,DB00396,Progesterone,CHEMBL3224,C-8 sterol isomerase ERG2,Saccharomyces cerevisiae S288c,P32352,1,0,1,0
CHEMBL103,DB00396,Progesterone,CHEMBL330,"Glutamate receptor ionotropic, NMDA 1",Rattus norvegicus,P35439,1,0,0,1
CHEMBL103,DB00396,Progesterone,CHEMBL343,Gamma-aminobutyric acid receptor subunit alpha-1,Rattus norvegicus,P62813,2,0,0,2
CHEMBL103,DB00396,Progesterone,CHEMBL3456,Progesterone receptor,Oryctolagus cuniculus,P06186,3,0,3,0
CHEMBL103,DB00396,Progesterone,CHEMBL3602,Sigma non-opioid intracellular receptor 1,Rattus norvegicus,Q9R0C9,1,0,1,0
CHEMBL103,DB00396,Progesterone,CHEMBL3762,Voltage-dependent L-type calcium channel subunit alpha-1C,Rattus norvegicus,P22002,1,0,0,1
CHEMBL103,DB00396,Progesterone,CHEMBL4042,Prostaglandin G/H synthase 1,Rattus norvegicus,Q63921,1,0,0,1
CHEMBL103,DB00396,Progesterone,CHEMBL4153,Sigma non-opioid intracellular receptor 1,Cavia porcellus,Q60492,2,0,2,0
CHEMBL103,DB00396,Progesterone,CHEMBL4523582,Replicase polyprotein 1ab,Severe acute respiratory syndrome coronavirus 2,P0DTD1,2,0,2,0
CHEMBL103,DB00396,Progesterone,CHEMBL5738,"Fatty acid-binding protein, liver",Rattus norvegicus,P02692,1,0,1,0
CHEMBL1044,DB09269,Phenylacetic acid,CHEMBL3318,Tyrosinase,Agaricus bisporus,O42713,6,0,0,6
CHEMBL1054,DB01021,Trichlormethiazide,CHEMBL2026,Beta-lactamase,Escherichia coli K-12,P00811,1,0,0,1
CHEMBL1054,DB01021,Trichlormethiazide,CHEMBL2186,Carbonic anhydrase 13,Mus musculus,Q9D6N1,1,0,0,1
CHEMBL1054,DB01021,Trichlormethiazide,CHEMBL4523582,Replicase polyprotein 1ab,Severe acute respiratory syndrome coronavirus 2,P0DTD1,2,0,0,2
CHEMBL1055,DB00310,Chlorthalidone,CHEMBL2026,Beta-lactamase,Escherichia coli K-12,P00811,1,0,0,1
CHEMBL1055,DB00310,Chlorthalidone,CHEMBL2186,Carbonic anhydrase 13,Mus musculus,Q9D6N1,1,0,1,0
CHEMBL1055,DB00310,Chlorthalidone,CHEMBL3072,Androgen receptor,Rattus norvegicus,P15207,1,0,0,1
CHEMBL1055,DB00310,Chlorthalidone,CHEMBL330,"Glutamate receptor ionotropic, NMDA 1",Rattus norvegicus,P35439,1,0,0,1
CHEMBL1055,DB00310,Chlorthalidone,CHEMBL343,Gamma-aminobutyric acid receptor subunit alpha-1,Rattus norvegicus,P62813,2,0,0,2
CHEMBL1055,DB00310,Chlorthalidone,CHEMBL3444,"Malate dehydrogenase, mitochondrial",Sus scrofa,P00346,1,0,0,1
CHEMBL1055,DB00310,Chlorthalidone,CHEMBL3762,Voltage-dependent L-type calcium channel subunit alpha-1C,Rattus norvegicus,P22002,1,0,0,1
CHEMBL1055,DB00310,Chlorthalidone,CHEMBL4042,Prostaglandin G/H synthase 1,Rattus norvegicus,Q63921,1,0,0,1
CHEMBL1064,DB00641,Simvastatin,CHEMBL1163121,3-hydroxy-3-methylglutaryl-coenzyme A reductase,Schizosaccharomyces pombe 972h-,Q10283,1,0,0,1
CHEMBL1064,DB00641,Simvastatin,CHEMBL1293254,Ferritin light chain,Equus caballus,P02791,1,0,0,1
CHEMBL1064,DB00641,Simvastatin,CHEMBL2026,Beta-lactamase,Escherichia coli K-12,P00811,1,0,0,1
CHEMBL1064,DB00641,Simvastatin,CHEMBL3072,Androgen receptor,Rattus norvegicus,P15207,3,0,0,3
CHEMBL1064,DB00641,Simvastatin,CHEMBL3247,3-hydroxy-3-methylglutaryl-coenzyme A reductase,Rattus norvegicus,P51639,4,0,0,4
CHEMBL1064,DB00641,Simvastatin,CHEMBL330,"Glutamate receptor ionotropic, NMDA 1",Rattus norvegicus,P35439,1,0,0,1
CHEMBL1064,DB00641,Simvastatin,CHEMBL343,Gamma-aminobutyric acid receptor subunit alpha-1,Rattus norvegicus,P62813,3,0,0,3
CHEMBL1064,DB00641,Simvastatin,CHEMBL3762,Voltage-dependent L-type calcium channel subunit alpha-1C,Rattus norvegicus,P22002,1,0,0,1
CHEMBL1064,DB00641,Simvastatin,CHEMBL4042,Prostaglandin G/H synthase 1,Rattus norvegicus,Q63921,2,0,0,2
CHEMBL1064,DB00641,Simvastatin,CHEMBL4078,Acetylcholinesterase,Electrophorus electricus,O42275,2,0,0,2
CHEMBL1064,DB00641,Simvastatin,CHEMBL4218,Tegument protein VP16,Herpes simplex virus (type 1 / strain 17),P06492,1,0,0,1
CHEMBL1064,DB00641,Simvastatin,CHEMBL4523582,Replicase polyprotein 1ab,Severe acute respiratory syndrome coronavirus 2,P0DTD1,2,0,0,2
CHEMBL1064,DB00641,Simvastatin,CHEMBL5107,Voltage-dependent N-type calcium channel subunit alpha-1B,Rattus norvegicus,Q02294,1,0,0,1
CHEMBL1064,DB00641,Simvastatin,CHEMBL5763,Cholinesterase,Equus caballus,P81908,2,0,0,2
CHEMBL1068,DB00776,Oxcarbazepine,CHEMBL1293234,Fructose-bisphosphate aldolase,Giardia intestinalis,A8B2U2,2,0,0,2
CHEMBL1068,DB00776,Oxcarbazepine,CHEMBL1293239,Bcl-2-related protein A1,Mus musculus,Q07440,2,0,0,2
CHEMBL1068,DB00776,Oxcarbazepine,CHEMBL1293248,4'-phosphopantetheinyl transferase ffp,Bacillus subtilis,Q9F4F7,2,0,0,2
CHEMBL1068,DB00776,Oxcarbazepine,CHEMBL1293303,Nonstructural protein 1,Influenza A virus,Q194T2,1,0,0,1
CHEMBL1068,DB00776,Oxcarbazepine,CHEMBL2007624,Peripheral myelin protein 22,Rattus norvegicus,P25094,1,0,0,1
CHEMBL1068,DB00776,Oxcarbazepine,CHEMBL4523582,Replicase polyprotein 1ab,Severe acute respiratory syndrome coronavirus 2,P0DTD1,1,0,0,1
CHEMBL1076903,DB01273,Varenicline,CHEMBL3072,Androgen receptor,Rattus norvegicus,P15207,1,0,0,1
CHEMBL1076903,DB01273,Varenicline,CHEMBL343,Gamma-aminobutyric acid receptor subunit alpha-1,Rattus norvegicus,P62813,1,0,0,1
CHEMBL1076903,DB01273,Varenicline,CHEMBL4042,Prostaglandin G/H synthase 1,Rattus norvegicus,Q63921,1,0,0,1
CHEMBL1076903,DB01273,Varenicline,CHEMBL4523582,Replicase polyprotein 1ab,Severe acute respiratory syndrome coronavirus 2,P0DTD1,1,0,0,1
CHEMBL1076903,DB01273,Varenicline,CHEMBL4980,Neuronal acetylcholine receptor subunit alpha-7,Rattus norvegicus,Q05941,11,0,0,11
CHEMBL108,DB00564,Carbamazepine,CHEMBL2026,Beta-lactamase,Escherichia coli K-12,P00811,1,0,0,1
CHEMBL108,DB00564,Carbamazepine,CHEMBL2073674,Bile salt export pump,Rattus norvegicus,O70127,1,0,0,1
CHEMBL108,DB00564,Carbamazepine,CHEMBL2146310,Aberrant vpr protein,Human immunodeficiency virus 1,Q77YF9,1,0,0,1
CHEMBL108,DB00564,Carbamazepine,CHEMBL4523332,Frizzled-8,Mus musculus,Q61091,2,0,0,2
CHEMBL108,DB00564,Carbamazepine,CHEMBL4523582,Replicase polyprotein 1ab,Severe acute respiratory syndrome coronavirus 2,P0DTD1,1,0,0,1
CHEMBL108,DB00564,Carbamazepine,CHEMBL4817,Albumin,Rattus norvegicus,P02770,1,0,0,1
CHEMBL1085,DB01063,Acetophenazine,CHEMBL2007624,Peripheral myelin protein 22,Rattus norvegicus,P25094,1,0,0,1
CHEMBL1085,DB01063,Acetophenazine,CHEMBL3072,Androgen receptor,Rattus norvegicus,P15207,2,0,0,2
CHEMBL1085,DB01063,Acetophenazine,CHEMBL343,Gamma-aminobutyric acid receptor subunit alpha-1,Rattus norvegicus,P62813,1,0,0,1
CHEMBL1085,DB01063,Acetophenazine,CHEMBL4042,Prostaglandin G/H synthase 1,Rattus norvegicus,Q63921,1,0,0,1
CHEMBL108545,DB09543,Methyl salicylate,CHEMBL3986,GABA receptor subunit,Musca domestica,Q75NA5,1,0,0,1
CHEMBL108545,DB09543,Methyl salicylate,CHEMBL4523582,Replicase polyprotein 1ab,Severe acute respiratory syndrome coronavirus 2,P0DTD1,1,0,0,1
CHEMBL1086,DB00527,Cinchocaine,CHEMBL2007624,Peripheral myelin protein 22,Rattus norvegicus,P25094,1,0,0,1
CHEMBL1086,DB00527,Cinchocaine,CHEMBL3072,Androgen receptor,Rattus norvegicus,P15207,1,0,0,1
CHEMBL1086,DB00527,Cinchocaine,CHEMBL330,"Glutamate receptor ionotropic, NMDA 1",Rattus norvegicus,P35439,1,0,0,1
CHEMBL1086,DB00527,Cinchocaine,CHEMBL343,Gamma-aminobutyric acid receptor subunit alpha-1,Rattus norvegicus,P62813,2,0,0,2
CHEMBL1086,DB00527,Cinchocaine,CHEMBL3762,Voltage-dependent L-type calcium channel subunit alpha-1C,Rattus norvegicus,P22002,1,0,0,1
CHEMBL1086,DB00527,Cinchocaine,CHEMBL4042,Prostaglandin G/H synthase 1,Rattus norvegicus,Q63921,1,0,0,1
CHEMBL1086,DB00527,Cinchocaine,CHEMBL4523582,Replicase polyprotein 1ab,Severe acute respiratory syndrome coronavirus 2,P0DTD1,1,0,0,1
CHEMBL10878,DB06594,Agomelatine,CHEMBL3072,Androgen receptor,Rattus norvegicus,P15207,1,0,0,1
CHEMBL10878,DB06594,Agomelatine,CHEMBL330,"Glutamate receptor ionotropic, NMDA 1",Rattus norvegicus,P35439,1,0,0,1
CHEMBL10878,DB06594,Agomelatine,CHEMBL343,Gamma-aminobutyric acid receptor subunit alpha-1,Rattus norvegicus,P62813,2,0,0,2
CHEMBL10878,DB06594,Agomelatine,CHEMBL3762,Voltage-dependent L-type calcium channel subunit alpha-1C,Rattus norvegicus,P22002,1,0,0,1
CHEMBL10878,DB06594,Agomelatine,CHEMBL4042,Prostaglandin G/H synthase 1,Rattus norvegicus,Q63921,1,0,0,1
CHEMBL10878,DB06594,Agomelatine,CHEMBL4523582,Replicase polyprotein 1ab,Severe acute respiratory syndrome coronavirus 2,P0DTD1,3,0,0,3
CHEMBL10878,DB06594,Agomelatine,CHEMBL5107,Voltage-dependent N-type calcium channel subunit alpha-1B,Rattus norvegicus,Q02294,1,0,0,1
CHEMBL1088,DB00933,Mesoridazine,CHEMBL2007624,Peripheral myelin protein 22,Rattus norvegicus,P25094,1,0,0,1
CHEMBL1089,DB00780,Phenelzine,CHEMBL2007624,Peripheral myelin protein 22,Rattus norvegicus,P25094,1,0,0,1
CHEMBL1089,DB00780,Phenelzine,CHEMBL2993,Amine oxidase [flavin-containing] B,Rattus norvegicus,P19643,1,0,0,1
CHEMBL1089,DB00780,Phenelzine,CHEMBL3148,"4-aminobutyrate aminotransferase, mitochondrial",Rattus norvegicus,P50554,3,0,0,3
CHEMBL1089,DB00780,Phenelzine,CHEMBL3358,Amine oxidase [flavin-containing] A,Rattus norvegicus,P21396,2,0,0,2
CHEMBL1089,DB00780,Phenelzine,CHEMBL343,Gamma-aminobutyric acid receptor subunit alpha-1,Rattus norvegicus,P62813,1,0,0,1
CHEMBL1089,DB00780,Phenelzine,CHEMBL4523582,Replicase polyprotein 1ab,Severe acute respiratory syndrome coronavirus 2,P0DTD1,1,0,0,1
CHEMBL1089,DB00780,Phenelzine,CHEMBL5567,Luciferin 4-monooxygenase,Photinus pyralis,P08659,1,0,0,1
CHEMBL1089,DB00780,Phenelzine,CHEMBL5686,ATP-dependent 6-phosphofructokinase,Trypanosoma brucei,O15648,1,0,0,1
CHEMBL1089318,DB11632,Opicapone,CHEMBL2372,Catechol O-methyltransferase,Rattus norvegicus,P22734,2,0,0,2
CHEMBL1089318,DB11632,Opicapone,CHEMBL3286068,Catechol O-methyltransferase,Mus musculus,O88587,2,0,0,2
CHEMBL1089318,DB11632,Opicapone,CHEMBL4523582,Replicase polyprotein 1ab,Severe acute respiratory syndrome coronavirus 2,P0DTD1,2,0,0,2
CHEMBL109,DB00313,Valproic acid,CHEMBL1777665,Solute carrier family 22 member 6,Rattus norvegicus,O35956,1,0,1,0
CHEMBL109,DB00313,Valproic acid,CHEMBL2073674,Bile salt export pump,Rattus norvegicus,O70127,1,0,1,0
CHEMBL109,DB00313,Valproic acid,CHEMBL2146315,Nuclear receptor subfamily 1 group I member 2,Rattus norvegicus,Q9R1A7,1,0,1,0
CHEMBL109,DB00313,Valproic acid,CHEMBL2622,Aldo-keto reductase family 1 member B1,Rattus norvegicus,P07943,4,0,4,0
CHEMBL109,DB00313,Valproic acid,CHEMBL3072,Androgen receptor,Rattus norvegicus,P15207,1,0,0,1
CHEMBL109,DB00313,Valproic acid,CHEMBL3081,Aldo-keto reductase family 1 member B1,Bos taurus,P16116,1,0,1,0
CHEMBL109,DB00313,Valproic acid,CHEMBL330,"Glutamate receptor ionotropic, NMDA 1",Rattus norvegicus,P35439,1,0,0,1
CHEMBL109,DB00313,Valproic acid,CHEMBL3421523,Aldo-keto reductase family 1 member B7,Rattus norvegicus,Q5RJP0,1,0,1,0
CHEMBL109,DB00313,Valproic acid,CHEMBL343,Gamma-aminobutyric acid receptor subunit alpha-1,Rattus norvegicus,P62813,3,0,0,3
CHEMBL109,DB00313,Valproic acid,CHEMBL3762,Voltage-dependent L-type calcium channel subunit alpha-1C,Rattus norvegicus,P22002,1,0,0,1
CHEMBL109,DB00313,Valproic acid,CHEMBL3871,Aldo-keto reductase family 1 member A1,Rattus norvegicus,P51635,2,0,2,0
CHEMBL109,DB00313,Valproic acid,CHEMBL4042,Prostaglandin G/H synthase 1,Rattus norvegicus,Q63921,1,0,0,1
CHEMBL109,DB00313,Valproic acid,CHEMBL4153,Sigma non-opioid intracellular receptor 1,Cavia porcellus,Q60492,1,0,1,0
CHEMBL109,DB00313,Valproic acid,CHEMBL5107,Voltage-dependent N-type calcium channel subunit alpha-1B,Rattus norvegicus,Q02294,1,0,0,1
CHEMBL109,DB00313,Valproic acid,CHEMBL5567,Luciferin 4-monooxygenase,Photinus pyralis,P08659,1,0,0,1
CHEMBL109,DB00313,Valproic acid,CHEMBL6035,"Thioredoxin reductase 1, cytoplasmic",Rattus norvegicus,O89049,2,0,0,2
CHEMBL1091,DB14539,Hydrocortisone acetate,CHEMBL2026,Beta-lactamase,Escherichia coli K-12,P00811,2,0,0,2
CHEMBL1091,DB14539,Hydrocortisone acetate,CHEMBL343,Gamma-aminobutyric acid receptor subunit alpha-1,Rattus norvegicus,P62813,1,0,0,1
CHEMBL1091,DB14539,Hydrocortisone acetate,CHEMBL4523582,Replicase polyprotein 1ab,Severe acute respiratory syndrome coronavirus 2,P0DTD1,1,0,0,1
CHEMBL1091,DB14539,Hydrocortisone acetate,CHEMBL5567,Luciferin 4-monooxygenase,Photinus pyralis,P08659,1,0,0,1
CHEMBL1094,DB00949,Felbamate,CHEMBL2073674,Bile salt export pump,Rattus norvegicus,O70127,1,0,0,1
CHEMBL1094,DB00949,Felbamate,CHEMBL276,Muscarinic acetylcholine receptor M1,Rattus norvegicus,P08482,1,0,0,1
CHEMBL1094,DB00949,Felbamate,CHEMBL3072,Androgen receptor,Rattus norvegicus,P15207,1,0,0,1
CHEMBL1094,DB00949,Felbamate,CHEMBL330,"Glutamate receptor ionotropic, NMDA 1",Rattus norvegicus,P35439,1,0,0,1
CHEMBL1094,DB00949,Felbamate,CHEMBL343,Gamma-aminobutyric acid receptor subunit alpha-1,Rattus norvegicus,P62813,2,0,0,2
CHEMBL1094,DB00949,Felbamate,CHEMBL3762,Voltage-dependent L-type calcium channel subunit alpha-1C,Rattus norvegicus,P22002,1,0,0,1
CHEMBL1094,DB00949,Felbamate,CHEMBL4042,Prostaglandin G/H synthase 1,Rattus norvegicus,Q63921,1,0,0,1
CHEMBL1094,DB00949,Felbamate,CHEMBL4523582,Replicase polyprotein 1ab,Severe acute respiratory syndrome coronavirus 2,P0DTD1,3,0,0,3
CHEMBL1094982,DB08949,Inositol nicotinate,CHEMBL4523582,Replicase polyprotein 1ab,Severe acute respiratory syndrome coronavirus 2,P0DTD1,1,0,1,0
CHEMBL1095,DB00754,Ethotoin,CHEMBL3072,Androgen receptor,Rattus norvegicus,P15207,2,0,0,2
CHEMBL1095,DB00754,Ethotoin,CHEMBL330,"Glutamate receptor ionotropic, NMDA 1",Rattus norvegicus,P35439,1,0,0,1
CHEMBL1095,DB00754,Ethotoin,CHEMBL343,Gamma-aminobutyric acid receptor subunit alpha-1,Rattus norvegicus,P62813,1,0,0,1
CHEMBL1095,DB00754,Ethotoin,CHEMBL4042,Prostaglandin G/H synthase 1,Rattus norvegicus,Q63921,1,0,0,1
CHEMBL1095,DB00754,Ethotoin,CHEMBL4523582,Replicase polyprotein 1ab,Severe acute respiratory syndrome coronavirus 2,P0DTD1,1,0,0,1
CHEMBL1095777,DB05039,Indacaterol,CHEMBL4523582,Replicase polyprotein 1ab,Severe acute respiratory syndrome coronavirus 2,P0DTD1,1,0,0,1
CHEMBL1095777,DB05039,Indacaterol,CHEMBL5414,Beta-2 adrenergic receptor,Cavia porcellus,Q8K4Z4,2,0,0,2
CHEMBL1098,DB00297,Bupivacaine,CHEMBL3072,Androgen receptor,Rattus norvegicus,P15207,2,0,0,2
CHEMBL1098,DB00297,Bupivacaine,CHEMBL330,"Glutamate receptor ionotropic, NMDA 1",Rattus norvegicus,P35439,1,0,0,1
CHEMBL1098,DB00297,Bupivacaine,CHEMBL343,Gamma-aminobutyric acid receptor subunit alpha-1,Rattus norvegicus,P62813,2,0,0,2
CHEMBL1098,DB00297,Bupivacaine,CHEMBL3762,Voltage-dependent L-type calcium channel subunit alpha-1C,Rattus norvegicus,P22002,1,0,0,1
CHEMBL1098,DB00297,Bupivacaine,CHEMBL4042,Prostaglandin G/H synthase 1,Rattus norvegicus,Q63921,1,0,0,1
CHEMBL1098,DB00297,Bupivacaine,CHEMBL4294,Potassium channel subfamily K member 3,Rattus norvegicus,O54912,1,0,1,0
CHEMBL1098,DB00297,Bupivacaine,CHEMBL4295,Potassium channel subfamily K member 9,Rattus norvegicus,Q9ES08,2,0,2,0
CHEMBL11,DB00458,Imipramine,CHEMBL1697658,Pleiotropic ABC efflux transporter of multiple drugs,Saccharomyces cerevisiae S288c,P33302,1,0,0,1
CHEMBL11,DB00458,Imipramine,CHEMBL1770032,Solute carrier family 22 member 2,Rattus norvegicus,Q9R0W2,1,0,0,1
CHEMBL11,DB00458,Imipramine,CHEMBL2007624,Peripheral myelin protein 22,Rattus norvegicus,P25094,1,0,0,1
CHEMBL11,DB00458,Imipramine,CHEMBL2073667,Solute carrier family 22 member 4,Rattus norvegicus,Q9R141,1,0,0,1
CHEMBL11,DB00458,Imipramine,CHEMBL2073670,Solute carrier family 22 member 1,Rattus norvegicus,Q63089,1,0,0,1
CHEMBL11,DB00458,Imipramine,CHEMBL2370,Sodium-dependent noradrenaline transporter,Mus musculus,O55192,2,0,0,2
CHEMBL11,DB00458,Imipramine,CHEMBL276,Muscarinic acetylcholine receptor M1,Rattus norvegicus,P08482,2,0,0,2
CHEMBL11,DB00458,Imipramine,CHEMBL277,Muscarinic acetylcholine receptor M5,Rattus norvegicus,P08911,1,0,0,1
CHEMBL11,DB00458,Imipramine,CHEMBL2799,Sodium-dependent dopamine transporter,Mus musculus,Q61327,1,0,0,1
CHEMBL11,DB00458,Imipramine,CHEMBL2882,Histamine H2 receptor,Cavia porcellus,P47747,1,0,0,1
CHEMBL11,DB00458,Imipramine,CHEMBL3006,5-hydroxytryptamine receptor 2C,Mus musculus,P34968,1,0,0,1
CHEMBL11,DB00458,Imipramine,CHEMBL304,Norepinephrine transporter,Rattus norvegicus,Q9WTR4,4,0,0,4
CHEMBL11,DB00458,Imipramine,CHEMBL3072,Androgen receptor,Rattus norvegicus,P15207,1,0,0,1
CHEMBL11,DB00458,Imipramine,CHEMBL313,Sodium-dependent serotonin transporter,Rattus norvegicus,P31652,7,0,0,7
CHEMBL11,DB00458,Imipramine,CHEMBL319,Alpha-1A adrenergic receptor,Rattus norvegicus,P43140,1,0,0,1
CHEMBL11,DB00458,Imipramine,CHEMBL330,"Glutamate receptor ionotropic, NMDA 1",Rattus norvegicus,P35439,1,0,0,1
CHEMBL11,DB00458,Imipramine,CHEMBL338,Sodium-dependent dopamine transporter,Rattus norvegicus,P23977,2,0,0,2
CHEMBL11,DB00458,Imipramine,CHEMBL339,D(2) dopamine receptor,Rattus norvegicus,P61169,1,0,0,1
CHEMBL11,DB00458,Imipramine,CHEMBL3427,D(2) dopamine receptor,Mus musculus,P61168,1,0,0,1
CHEMBL11,DB00458,Imipramine,CHEMBL343,Gamma-aminobutyric acid receptor subunit alpha-1,Rattus norvegicus,P62813,2,0,0,2
CHEMBL11,DB00458,Imipramine,CHEMBL3602,Sigma non-opioid intracellular receptor 1,Rattus norvegicus,Q9R0C9,1,0,0,1
CHEMBL11,DB00458,Imipramine,CHEMBL3762,Voltage-dependent L-type calcium channel subunit alpha-1C,Rattus norvegicus,P22002,3,0,0,3
CHEMBL11,DB00458,Imipramine,CHEMBL4042,Prostaglandin G/H synthase 1,Rattus norvegicus,Q63921,1,0,0,1
CHEMBL11,DB00458,Imipramine,CHEMBL4105829,Envelope glycoprotein,Zaire ebolavirus (strain Mayinga-76) (ZEBOV) (Zaire Ebola virus),Q05320,1,0,0,1
CHEMBL11,DB00458,Imipramine,CHEMBL4105864,Sigma intracellular receptor 2,Rattus norvegicus,Q5U3Y7,1,0,0,1
CHEMBL11,DB00458,Imipramine,CHEMBL4523582,Replicase polyprotein 1ab,Severe acute respiratory syndrome coronavirus 2,P0DTD1,1,0,0,1
CHEMBL11,DB00458,Imipramine,CHEMBL4642,Sodium-dependent serotonin transporter,Mus musculus,Q60857,2,0,0,2
CHEMBL11,DB00458,Imipramine,CHEMBL4701,Histamine H1 receptor,Rattus norvegicus,P31390,1,0,0,1
CHEMBL11,DB00458,Imipramine,CHEMBL4828,Synaptic vesicular amine transporter,Rattus norvegicus,Q01827,1,0,0,1
CHEMBL11,DB00458,Imipramine,CHEMBL5107,Voltage-dependent N-type calcium channel subunit alpha-1B,Rattus norvegicus,Q02294,1,0,0,1
CHEMBL11,DB00458,Imipramine,CHEMBL5686,ATP-dependent 6-phosphofructokinase,Trypanosoma brucei,O15648,1,0,0,1
CHEMBL1101,DB00810,Biperiden,CHEMBL3072,Androgen receptor,Rattus norvegicus,P15207,2,0,0,2
CHEMBL1101,DB00810,Biperiden,CHEMBL330,"Glutamate receptor ionotropic, NMDA 1",Rattus norvegicus,P35439,1,0,0,1
CHEMBL1101,DB00810,Biperiden,CHEMBL343,Gamma-aminobutyric acid receptor subunit alpha-1,Rattus norvegicus,P62813,1,0,0,1
CHEMBL1101,DB00810,Biperiden,CHEMBL4042,Prostaglandin G/H synthase 1,Rattus norvegicus,Q63921,1,0,0,1
CHEMBL1101,DB00810,Biperiden,CHEMBL4523582,Replicase polyprotein 1ab,Severe acute respiratory syndrome coronavirus 2,P0DTD1,1,0,0,1
CHEMBL1101,DB00810,Biperiden,CHEMBL5567,Luciferin 4-monooxygenase,Photinus pyralis,P08659,1,0,0,1
CHEMBL1101,DB00810,Biperiden,CHEMBL6035,"Thioredoxin reductase 1, cytoplasmic",Rattus norvegicus,O89049,1,0,0,1
CHEMBL1108,DB00450,Droperidol,CHEMBL1293231,Nuclear receptor ROR-gamma,Mus musculus,P51450,1,0,0,1
CHEMBL1108,DB00450,Droperidol,CHEMBL2007624,Peripheral myelin protein 22,Rattus norvegicus,P25094,1,0,0,1
CHEMBL1108,DB00450,Droperidol,CHEMBL2026,Beta-lactamase,Escherichia coli K-12,P00811,1,0,0,1
CHEMBL1108,DB00450,Droperidol,CHEMBL273,5-hydroxytryptamine receptor 1A,Rattus norvegicus,P19327,2,0,0,2
CHEMBL1108,DB00450,Droperidol,CHEMBL315,Alpha-1B adrenergic receptor,Rattus norvegicus,P15823,2,0,0,2
CHEMBL1108,DB00450,Droperidol,CHEMBL319,Alpha-1A adrenergic receptor,Rattus norvegicus,P43140,2,0,0,2
CHEMBL1108,DB00450,Droperidol,CHEMBL343,Gamma-aminobutyric acid receptor subunit alpha-1,Rattus norvegicus,P62813,1,0,0,1
CHEMBL1108,DB00450,Droperidol,CHEMBL3879870,N-acetyltransferase Eis,Mycobacterium tuberculosis (strain ATCC 25618 / H37Rv),P9WFK7,1,0,0,1
CHEMBL1108,DB00450,Droperidol,CHEMBL4372,Lethal factor,Bacillus anthracis,P15917,1,0,0,1
CHEMBL1108,DB00450,Droperidol,CHEMBL4523582,Replicase polyprotein 1ab,Severe acute respiratory syndrome coronavirus 2,P0DTD1,1,0,0,1
CHEMBL1108,DB00450,Droperidol,CHEMBL5017,5-hydroxytryptamine receptor 4,Cavia porcellus,O70528,2,0,0,2
CHEMBL1112,DB01238,Aripiprazole,CHEMBL1293231,Nuclear receptor ROR-gamma,Mus musculus,P51450,1,0,0,1
CHEMBL1112,DB01238,Aripiprazole,CHEMBL1293238,Inositol monophosphatase 1,Rattus norvegicus,P97697,1,0,0,1
CHEMBL1112,DB01238,Aripiprazole,CHEMBL2007624,Peripheral myelin protein 22,Rattus norvegicus,P25094,1,0,0,1
CHEMBL1112,DB01238,Aripiprazole,CHEMBL265,D(1A) dopamine receptor,Rattus norvegicus,P18901,2,0,0,2
CHEMBL1112,DB01238,Aripiprazole,CHEMBL273,5-hydroxytryptamine receptor 1A,Rattus norvegicus,P19327,5,0,0,5
CHEMBL1112,DB01238,Aripiprazole,CHEMBL3072,Androgen receptor,Rattus norvegicus,P15207,3,0,0,3
CHEMBL1112,DB01238,Aripiprazole,CHEMBL313,Sodium-dependent serotonin transporter,Rattus norvegicus,P31652,1,0,0,1
CHEMBL1112,DB01238,Aripiprazole,CHEMBL3138,D(3) dopamine receptor,Rattus norvegicus,P19020,1,0,0,1
CHEMBL1112,DB01238,Aripiprazole,CHEMBL322,5-hydroxytryptamine receptor 2A,Rattus norvegicus,P14842,5,0,0,5
CHEMBL1112,DB01238,Aripiprazole,CHEMBL3223,5-hydroxytryptamine receptor 7,Rattus norvegicus,P32305,1,0,0,1
CHEMBL1112,DB01238,Aripiprazole,CHEMBL324,5-hydroxytryptamine receptor 2C,Rattus norvegicus,P08909,3,0,0,3
CHEMBL1112,DB01238,Aripiprazole,CHEMBL330,"Glutamate receptor ionotropic, NMDA 1",Rattus norvegicus,P35439,1,0,0,1
CHEMBL1112,DB01238,Aripiprazole,CHEMBL3361,D(4) dopamine receptor,Rattus norvegicus,P30729,1,0,0,1
CHEMBL1112,DB01238,Aripiprazole,CHEMBL339,D(2) dopamine receptor,Rattus norvegicus,P61169,3,0,0,3
CHEMBL1112,DB01238,Aripiprazole,CHEMBL343,Gamma-aminobutyric acid receptor subunit alpha-1,Rattus norvegicus,P62813,3,0,0,3
CHEMBL1112,DB01238,Aripiprazole,CHEMBL3666,5-hydroxytryptamine receptor 3A,Cavia porcellus,O70212,1,0,0,1
CHEMBL1112,DB01238,Aripiprazole,CHEMBL3762,Voltage-dependent L-type calcium channel subunit alpha-1C,Rattus norvegicus,P22002,1,0,0,1
CHEMBL1112,DB01238,Aripiprazole,CHEMBL3943,Histamine H1 receptor,Cavia porcellus,P31389,2,0,0,2
CHEMBL1112,DB01238,Aripiprazole,CHEMBL4042,Prostaglandin G/H synthase 1,Rattus norvegicus,Q63921,2,0,0,2
CHEMBL1112,DB01238,Aripiprazole,CHEMBL4523582,Replicase polyprotein 1ab,Severe acute respiratory syndrome coronavirus 2,P0DTD1,2,0,0,2
CHEMBL1112,DB01238,Aripiprazole,CHEMBL4701,Histamine H1 receptor,Rattus norvegicus,P31390,1,0,0,1
CHEMBL1112,DB01238,Aripiprazole,CHEMBL4828,Synaptic vesicular amine transporter,Rattus norvegicus,Q01827,1,0,0,1
CHEMBL1112,DB01238,Aripiprazole,CHEMBL5107,Voltage-dependent N-type calcium channel subunit alpha-1B,Rattus norvegicus,Q02294,1,0,0,1
CHEMBL1112,DB01238,Aripiprazole,CHEMBL5114,Quinolone resistance protein NorA,Staphylococcus aureus,P0A0J7,1,0,0,1
CHEMBL1112,DB01238,Aripiprazole,CHEMBL5377,5-hydroxytryptamine receptor 2A,Mus musculus,P35363,1,0,0,1
CHEMBL1113,DB00543,Amoxapine,CHEMBL1293238,Inositol monophosphatase 1,Rattus norvegicus,P97697,1,0,0,1
CHEMBL1113,DB00543,Amoxapine,CHEMBL1293254,Ferritin light chain,Equus caballus,P02791,2,0,0,2
CHEMBL1113,DB00543,Amoxapine,CHEMBL1293285,Endonuclease 4,Escherichia coli K-12,P0A6C1,1,0,0,1
CHEMBL1113,DB00543,Amoxapine,CHEMBL2007624,Peripheral myelin protein 22,Rattus norvegicus,P25094,1,0,0,1
CHEMBL1113,DB00543,Amoxapine,CHEMBL276,Muscarinic acetylcholine receptor M1,Rattus norvegicus,P08482,2,0,0,2
CHEMBL1113,DB00543,Amoxapine,CHEMBL3072,Androgen receptor,Rattus norvegicus,P15207,1,0,0,1
CHEMBL1113,DB00543,Amoxapine,CHEMBL315,Alpha-1B adrenergic receptor,Rattus norvegicus,P15823,2,0,0,2
CHEMBL1113,DB00543,Amoxapine,CHEMBL319,Alpha-1A adrenergic receptor,Rattus norvegicus,P43140,2,0,0,2
CHEMBL1113,DB00543,Amoxapine,CHEMBL330,"Glutamate receptor ionotropic, NMDA 1",Rattus norvegicus,P35439,1,0,0,1
CHEMBL1113,DB00543,Amoxapine,CHEMBL343,Gamma-aminobutyric acid receptor subunit alpha-1,Rattus norvegicus,P62813,2,0,0,2
CHEMBL1113,DB00543,Amoxapine,CHEMBL3762,Voltage-dependent L-type calcium channel subunit alpha-1C,Rattus norvegicus,P22002,1,0,0,1
CHEMBL1113,DB00543,Amoxapine,CHEMBL4042,Prostaglandin G/H synthase 1,Rattus norvegicus,Q63921,1,0,0,1
CHEMBL1113,DB00543,Amoxapine,CHEMBL4523582,Replicase polyprotein 1ab,Severe acute respiratory syndrome coronavirus 2,P0DTD1,1,0,0,1
CHEMBL1113,DB00543,Amoxapine,CHEMBL5107,Voltage-dependent N-type calcium channel subunit alpha-1B,Rattus norvegicus,Q02294,1,0,0,1
CHEMBL1113,DB00543,Amoxapine,CHEMBL5686,ATP-dependent 6-phosphofructokinase,Trypanosoma brucei,O15648,1,0,0,1
CHEMBL1113,DB00543,Amoxapine,CHEMBL6035,"Thioredoxin reductase 1, cytoplasmic",Rattus norvegicus,O89049,1,0,0,1
CHEMBL1118,DB06700,Desvenlafaxine,CHEMBL304,Norepinephrine transporter,Rattus norvegicus,Q9WTR4,1,0,0,1
CHEMBL1118,DB06700,Desvenlafaxine,CHEMBL313,Sodium-dependent serotonin transporter,Rattus norvegicus,P31652,2,0,0,2
CHEMBL1118,DB06700,Desvenlafaxine,CHEMBL319,Alpha-1A adrenergic receptor,Rattus norvegicus,P43140,1,0,0,1
CHEMBL1118,DB06700,Desvenlafaxine,CHEMBL343,Gamma-aminobutyric acid receptor subunit alpha-1,Rattus norvegicus,P62813,1,0,0,1
CHEMBL1118,DB06700,Desvenlafaxine,CHEMBL4523582,Replicase polyprotein 1ab,Severe acute respiratory syndrome coronavirus 2,P0DTD1,1,0,0,1
CHEMBL1118,DB06700,Desvenlafaxine,CHEMBL4828,Synaptic vesicular amine transporter,Rattus norvegicus,Q01827,1,0,0,1
CHEMBL112,DB00316,Acetaminophen,CHEMBL1777665,Solute carrier family 22 member 6,Rattus norvegicus,O35956,1,0,1,0
CHEMBL112,DB00316,Acetaminophen,CHEMBL2007624,Peripheral myelin protein 22,Rattus norvegicus,P25094,1,0,0,1
CHEMBL112,DB00316,Acetaminophen,CHEMBL2073674,Bile salt export pump,Rattus norvegicus,O70127,1,0,1,0
CHEMBL112,DB00316,Acetaminophen,CHEMBL2186,Carbonic anhydrase 13,Mus musculus,Q9D6N1,1,0,1,0
CHEMBL112,DB00316,Acetaminophen,CHEMBL2949,Prostaglandin G/H synthase 1,Ovis aries,P05979,1,0,1,0
CHEMBL112,DB00316,Acetaminophen,CHEMBL3072,Androgen receptor,Rattus norvegicus,P15207,1,0,0,1
CHEMBL112,DB00316,Acetaminophen,CHEMBL3229,Fatty-acid amide hydrolase 1,Rattus norvegicus,P97612,3,0,3,0
CHEMBL112,DB00316,Acetaminophen,CHEMBL343,Gamma-aminobutyric acid receptor subunit alpha-1,Rattus norvegicus,P62813,1,0,0,1
CHEMBL112,DB00316,Acetaminophen,CHEMBL4042,Prostaglandin G/H synthase 1,Rattus norvegicus,Q63921,1,0,0,1
CHEMBL112,DB00316,Acetaminophen,CHEMBL4105778,Dipeptidyl peptidase 3,Bos mutus,L8I2E6,3,0,3,0
CHEMBL112,DB00316,Acetaminophen,CHEMBL4358,Polyunsaturated fatty acid lipoxygenase ALOX15,Oryctolagus cuniculus,P12530,1,0,1,0
CHEMBL112,DB00316,Acetaminophen,CHEMBL4523582,Replicase polyprotein 1ab,Severe acute respiratory syndrome coronavirus 2,P0DTD1,1,0,1,0
CHEMBL112,DB00316,Acetaminophen,CHEMBL5973,Carbonic anhydrase 15,Mus musculus,Q99N23,1,0,1,0
CHEMBL1120,DB01294,Bismuth subsalicylate,CHEMBL4523582,Replicase polyprotein 1ab,Severe acute respiratory syndrome coronavirus 2,P0DTD1,1,0,0,1
CHEMBL1120,DB01294,Bismuth subsalicylate,CHEMBL5567,Luciferin 4-monooxygenase,Photinus pyralis,P08659,1,0,0,1
CHEMBL1123,DB00804,Dicyclomine,CHEMBL276,Muscarinic acetylcholine receptor M1,Rattus norvegicus,P08482,3,0,0,3
CHEMBL1123,DB00804,Dicyclomine,CHEMBL3072,Androgen receptor,Rattus norvegicus,P15207,1,0,0,1
CHEMBL1123,DB00804,Dicyclomine,CHEMBL309,Muscarinic acetylcholine receptor M2,Rattus norvegicus,P10980,1,0,0,1
CHEMBL1123,DB00804,Dicyclomine,CHEMBL343,Gamma-aminobutyric acid receptor subunit alpha-1,Rattus norvegicus,P62813,1,0,0,1
CHEMBL1123,DB00804,Dicyclomine,CHEMBL4042,Prostaglandin G/H synthase 1,Rattus norvegicus,Q63921,1,0,0,1
CHEMBL1131,DB00459,Acitretin,CHEMBL2007624,Peripheral myelin protein 22,Rattus norvegicus,P25094,1,0,0,1
CHEMBL1131,DB00459,Acitretin,CHEMBL2073674,Bile salt export pump,Rattus norvegicus,O70127,1,0,0,1
CHEMBL1131,DB00459,Acitretin,CHEMBL3072,Androgen receptor,Rattus norvegicus,P15207,1,0,0,1
CHEMBL1131,DB00459,Acitretin,CHEMBL330,"Glutamate receptor ionotropic, NMDA 1",Rattus norvegicus,P35439,1,0,0,1
CHEMBL1131,DB00459,Acitretin,CHEMBL343,Gamma-aminobutyric acid receptor subunit alpha-1,Rattus norvegicus,P62813,2,0,0,2
CHEMBL1131,DB00459,Acitretin,CHEMBL3762,Voltage-dependent L-type calcium channel subunit alpha-1C,Rattus norvegicus,P22002,1,0,0,1
CHEMBL1131,DB00459,Acitretin,CHEMBL4042,Prostaglandin G/H synthase 1,Rattus norvegicus,Q63921,1,0,0,1
CHEMBL1131,DB00459,Acitretin,CHEMBL4523582,Replicase polyprotein 1ab,Severe acute respiratory syndrome coronavirus 2,P0DTD1,2,0,0,2
CHEMBL1131,DB00459,Acitretin,CHEMBL5567,Luciferin 4-monooxygenase,Photinus pyralis,P08659,1,0,0,1
CHEMBL1141,DB06715,Potassium Iodide,CHEMBL4523582,Replicase polyprotein 1ab,Severe acute respiratory syndrome coronavirus 2,P0DTD1,1,0,0,1
CHEMBL1149,DB00583,Levocarnitine,CHEMBL2026,Beta-lactamase,Escherichia coli K-12,P00811,1,0,0,1
CHEMBL1149,DB00583,Levocarnitine,CHEMBL3216,"Carnitine O-palmitoyltransferase 1, muscle isoform",Rattus norvegicus,Q63704,1,0,0,1
CHEMBL1149,DB00583,Levocarnitine,CHEMBL4037,"Carnitine O-palmitoyltransferase 2, mitochondrial",Rattus norvegicus,P18886,1,0,0,1
CHEMBL1161,DB14512,Mometasone furoate,CHEMBL2026,Beta-lactamase,Escherichia coli K-12,P00811,1,0,0,1
CHEMBL1161,DB14512,Mometasone furoate,CHEMBL4523582,Replicase polyprotein 1ab,Severe acute respiratory syndrome coronavirus 2,P0DTD1,1,0,0,1
CHEMBL1162,DB00717,Norethisterone,CHEMBL1909044,Progesterone receptor,Bos taurus,Q690N0,2,0,0,2
CHEMBL1162,DB00717,Norethisterone,CHEMBL3072,Androgen receptor,Rattus norvegicus,P15207,4,0,0,4
CHEMBL1162,DB00717,Norethisterone,CHEMBL330,"Glutamate receptor ionotropic, NMDA 1",Rattus norvegicus,P35439,1,0,0,1
CHEMBL1162,DB00717,Norethisterone,CHEMBL343,Gamma-aminobutyric acid receptor subunit alpha-1,Rattus norvegicus,P62813,2,0,0,2
CHEMBL1162,DB00717,Norethisterone,CHEMBL3456,Progesterone receptor,Oryctolagus cuniculus,P06186,1,0,0,1
CHEMBL1162,DB00717,Norethisterone,CHEMBL3762,Voltage-dependent L-type calcium channel subunit alpha-1C,Rattus norvegicus,P22002,1,0,0,1
CHEMBL1162,DB00717,Norethisterone,CHEMBL4042,Prostaglandin G/H synthase 1,Rattus norvegicus,Q63921,1,0,0,1
CHEMBL1162,DB00717,Norethisterone,CHEMBL4523582,Replicase polyprotein 1ab,Severe acute respiratory syndrome coronavirus 2,P0DTD1,1,0,0,1
CHEMBL1164729,DB04854,Febuxostat,CHEMBL1075246,Xanthine dehydrogenase/oxidase,Rattus norvegicus,P22985,1,0,0,1
CHEMBL1164729,DB04854,Febuxostat,CHEMBL343,Gamma-aminobutyric acid receptor subunit alpha-1,Rattus norvegicus,P62813,1,0,0,1
CHEMBL1164729,DB04854,Febuxostat,CHEMBL3649,Xanthine dehydrogenase/oxidase,Bos taurus,P80457,27,0,0,27
CHEMBL1164729,DB04854,Febuxostat,CHEMBL4523582,Replicase polyprotein 1ab,Severe acute respiratory syndrome coronavirus 2,P0DTD1,2,0,0,2
CHEMBL1164729,DB04854,Febuxostat,CHEMBL5567,Luciferin 4-monooxygenase,Photinus pyralis,P08659,1,0,0,1
CHEMBL1175,DB00476,Duloxetine,CHEMBL2007624,Peripheral myelin protein 22,Rattus norvegicus,P25094,1,0,0,1
CHEMBL1175,DB00476,Duloxetine,CHEMBL3072,Androgen receptor,Rattus norvegicus,P15207,1,0,0,1
CHEMBL1175,DB00476,Duloxetine,CHEMBL313,Sodium-dependent serotonin transporter,Rattus norvegicus,P31652,4,0,0,4
CHEMBL1175,DB00476,Duloxetine,CHEMBL319,Alpha-1A adrenergic receptor,Rattus norvegicus,P43140,1,0,0,1
CHEMBL1175,DB00476,Duloxetine,CHEMBL322,5-hydroxytryptamine receptor 2A,Rattus norvegicus,P14842,1,0,0,1
CHEMBL1175,DB00476,Duloxetine,CHEMBL324,5-hydroxytryptamine receptor 2C,Rattus norvegicus,P08909,1,0,0,1
CHEMBL1175,DB00476,Duloxetine,CHEMBL330,"Glutamate receptor ionotropic, NMDA 1",Rattus norvegicus,P35439,1,0,0,1
CHEMBL1175,DB00476,Duloxetine,CHEMBL338,Sodium-dependent dopamine transporter,Rattus norvegicus,P23977,1,0,0,1
CHEMBL1175,DB00476,Duloxetine,CHEMBL343,Gamma-aminobutyric acid receptor subunit alpha-1,Rattus norvegicus,P62813,2,0,0,2
CHEMBL1175,DB00476,Duloxetine,CHEMBL3762,Voltage-dependent L-type calcium channel subunit alpha-1C,Rattus norvegicus,P22002,1,0,0,1
CHEMBL1175,DB00476,Duloxetine,CHEMBL4042,Prostaglandin G/H synthase 1,Rattus norvegicus,Q63921,1,0,0,1
CHEMBL1175,DB00476,Duloxetine,CHEMBL4124,Histamine H3 receptor,Rattus norvegicus,Q9QYN8,1,0,0,1
CHEMBL1175,DB00476,Duloxetine,CHEMBL4523582,Replicase polyprotein 1ab,Severe acute respiratory syndrome coronavirus 2,P0DTD1,1,0,0,1
CHEMBL1175,DB00476,Duloxetine,CHEMBL4828,Synaptic vesicular amine transporter,Rattus norvegicus,Q01827,1,0,0,1
CHEMBL1175,DB00476,Duloxetine,CHEMBL6035,"Thioredoxin reductase 1, cytoplasmic",Rattus norvegicus,O89049,1,0,0,1
CHEMBL1175,DB00476,Duloxetine,CHEMBL6184,Transporter,Rattus norvegicus,Q63380,4,0,0,4
CHEMBL1177,DB01230,Pemoline,CHEMBL3072,Androgen receptor,Rattus norvegicus,P15207,1,0,0,1
CHEMBL1177,DB01230,Pemoline,CHEMBL330,"Glutamate receptor ionotropic, NMDA 1",Rattus norvegicus,P35439,1,0,0,1
CHEMBL1177,DB01230,Pemoline,CHEMBL343,Gamma-aminobutyric acid receptor subunit alpha-1,Rattus norvegicus,P62813,2,0,0,2
CHEMBL1177,DB01230,Pemoline,CHEMBL3762,Voltage-dependent L-type calcium channel subunit alpha-1C,Rattus norvegicus,P22002,1,0,0,1
CHEMBL1177,DB01230,Pemoline,CHEMBL4042,Prostaglandin G/H synthase 1,Rattus norvegicus,Q63921,1,0,0,1
CHEMBL117785,DB04844,Tetrabenazine,CHEMBL2007624,Peripheral myelin protein 22,Rattus norvegicus,P25094,1,0,0,1
CHEMBL117785,DB04844,Tetrabenazine,CHEMBL3072,Androgen receptor,Rattus norvegicus,P15207,1,0,0,1
CHEMBL117785,DB04844,Tetrabenazine,CHEMBL343,Gamma-aminobutyric acid receptor subunit alpha-1,Rattus norvegicus,P62813,1,0,0,1
CHEMBL117785,DB04844,Tetrabenazine,CHEMBL4042,Prostaglandin G/H synthase 1,Rattus norvegicus,Q63921,1,0,0,1
CHEMBL117785,DB04844,Tetrabenazine,CHEMBL4271,Synaptic vesicular amine transporter,Bos taurus,Q27963,1,0,0,1
CHEMBL117785,DB04844,Tetrabenazine,CHEMBL4523582,Replicase polyprotein 1ab,Severe acute respiratory syndrome coronavirus 2,P0DTD1,3,0,0,3
CHEMBL117785,DB04844,Tetrabenazine,CHEMBL4828,Synaptic vesicular amine transporter,Rattus norvegicus,Q01827,8,0,0,8
CHEMBL118,DB00482,Celecoxib,CHEMBL1075028,Alpha carbonic anhydrase,Stylophora pistillata,B5SU02,2,0,0,2
CHEMBL118,DB00482,Celecoxib,CHEMBL1250404,Cytochrome c oxidase subunit 2,Ovis aries,O78750,4,0,0,4
CHEMBL118,DB00482,Celecoxib,CHEMBL1649055,Carbonic anhydrase,Stylophora pistillata,C0IX24,1,0,0,1
CHEMBL118,DB00482,Celecoxib,CHEMBL1697676,Carbonic anhydrase 2,Cryptococcus neoformans,Q3I4V7,1,0,0,1
CHEMBL118,DB00482,Celecoxib,CHEMBL1909044,Progesterone receptor,Bos taurus,Q690N0,2,0,0,2
CHEMBL118,DB00482,Celecoxib,CHEMBL1944499,Astrosclerin-3,Astrosclera willeyana,A6YCJ1,1,0,0,1
CHEMBL118,DB00482,Celecoxib,CHEMBL2007624,Peripheral myelin protein 22,Rattus norvegicus,P25094,1,0,0,1
CHEMBL118,DB00482,Celecoxib,CHEMBL2146315,Nuclear receptor subfamily 1 group I member 2,Rattus norvegicus,Q9R1A7,1,0,0,1
CHEMBL118,DB00482,Celecoxib,CHEMBL2366456,Voltage-dependent L-type calcium channel subunit alpha-1C,Cavia porcellus,O35505,1,0,0,1
CHEMBL118,DB00482,Celecoxib,CHEMBL2649,Prostaglandin G/H synthase 1,Mus musculus,P22437,16,0,0,16
CHEMBL118,DB00482,Celecoxib,CHEMBL281,Carbonic anhydrase 4,Bos taurus,Q95323,4,0,0,4
CHEMBL118,DB00482,Celecoxib,CHEMBL2860,Prostaglandin G/H synthase 1,Bos taurus,O62664,6,0,0,6
CHEMBL118,DB00482,Celecoxib,CHEMBL2949,Prostaglandin G/H synthase 1,Ovis aries,P05979,177,0,0,177
CHEMBL118,DB00482,Celecoxib,CHEMBL2977,Prostaglandin G/H synthase 2,Rattus norvegicus,P35355,5,0,0,5
CHEMBL118,DB00482,Celecoxib,CHEMBL3072,Androgen receptor,Rattus norvegicus,P15207,1,0,0,1
CHEMBL118,DB00482,Celecoxib,CHEMBL3097982,Delta carbonic anhydrase,Conticribra weissflogii,Q5U9J1,1,0,0,1
CHEMBL118,DB00482,Celecoxib,CHEMBL330,"Glutamate receptor ionotropic, NMDA 1",Rattus norvegicus,P35439,1,0,0,1
CHEMBL118,DB00482,Celecoxib,CHEMBL3331,Prostaglandin G/H synthase 2,Bos taurus,O62698,2,0,0,2
CHEMBL118,DB00482,Celecoxib,CHEMBL3399914,AGAP002992-PA,Anopheles gambiae,Q5TU56,1,0,0,1
CHEMBL118,DB00482,Celecoxib,CHEMBL343,Gamma-aminobutyric acid receptor subunit alpha-1,Rattus norvegicus,P62813,2,0,0,2
CHEMBL118,DB00482,Celecoxib,CHEMBL3464,"Nitric oxide synthase, inducible",Mus musculus,P29477,1,0,0,1
CHEMBL118,DB00482,Celecoxib,CHEMBL3563,Cruzipain,Trypanosoma cruzi,P25779,3,0,0,3
CHEMBL118,DB00482,Celecoxib,CHEMBL3621035,"Carbonic anhydrase, alpha family",Thiomicrospira crunogena,Q31FD6,1,0,0,1
CHEMBL118,DB00482,Celecoxib,CHEMBL3745586,Carbonate dehydratase,Sulfurihydrogenibium sp. (strain YO3AOP1),B2V8E3,1,0,0,1
CHEMBL118,DB00482,Celecoxib,CHEMBL3762,Voltage-dependent L-type calcium channel subunit alpha-1C,Rattus norvegicus,P22002,1,0,0,1
CHEMBL118,DB00482,Celecoxib,CHEMBL3926,Carbonic anhydrase,Methanobacterium thermoautotrophicum,Q50565,1,0,0,1
CHEMBL118,DB00482,Celecoxib,CHEMBL3932,Carbonic anhydrase,Methanosarcina thermophila,P40881,2,0,0,2
CHEMBL118,DB00482,Celecoxib,CHEMBL4033,Cyclooxygenase-2,Canis lupus familiaris,Q8SPQ9,1,0,0,1
CHEMBL118,DB00482,Celecoxib,CHEMBL4042,Prostaglandin G/H synthase 1,Rattus norvegicus,Q63921,4,0,0,4
CHEMBL118,DB00482,Celecoxib,CHEMBL4102,Prostaglandin G/H synthase 2,Ovis aries,P79208,87,0,0,87
CHEMBL118,DB00482,Celecoxib,CHEMBL4133,Prostaglandin G/H synthase 1,Canis lupus familiaris,Q8HZR1,1,0,0,1
CHEMBL118,DB00482,Celecoxib,CHEMBL4321,Prostaglandin G/H synthase 2,Mus musculus,Q05769,37,0,0,37
CHEMBL118,DB00482,Celecoxib,CHEMBL4358,Polyunsaturated fatty acid lipoxygenase ALOX15,Oryctolagus cuniculus,P12530,1,0,0,1
CHEMBL118,DB00482,Celecoxib,CHEMBL4523582,Replicase polyprotein 1ab,Severe acute respiratory syndrome coronavirus 2,P0DTD1,2,0,0,2
CHEMBL118,DB00482,Celecoxib,CHEMBL5107,Voltage-dependent N-type calcium channel subunit alpha-1B,Rattus norvegicus,Q02294,1,0,0,1
CHEMBL118,DB00482,Celecoxib,CHEMBL5114,Quinolone resistance protein NorA,Staphylococcus aureus,P0A0J7,2,0,0,2
CHEMBL118,DB00482,Celecoxib,CHEMBL5337,Carbonic anhydrase,Candida albicans (strain SC5314 / ATCC MYA-2876) (Yeast),Q5AJ71,2,0,0,2
CHEMBL118,DB00482,Celecoxib,CHEMBL5631,Beta-carbonic anhydrase 1,Mycobacterium tuberculosis,P9WPJ7,2,0,0,2
CHEMBL118,DB00482,Celecoxib,CHEMBL5767,PROBABLE TRANSMEMBRANE CARBONIC ANHYDRASE (CARBONATE DEHYDRATASE) (CARBONIC DEHYDRATASE),Mycobacterium tuberculosis,P96878,1,0,0,1
CHEMBL118,DB00482,Celecoxib,CHEMBL5931,Carbonic anhydrase,Saccharomyces cerevisiae S288c,P53615,1,0,0,1
CHEMBL118,DB00482,Celecoxib,CHEMBL5973,Carbonic anhydrase 15,Mus musculus,Q99N23,2,0,0,2
CHEMBL118,DB00482,Celecoxib,CHEMBL6011,Cytochrome c oxidase subunit 1,Ovis aries,O78749,4,0,0,4
CHEMBL118,DB00482,Celecoxib,CHEMBL6068,Carbonic anhydrase 2,Mycobacterium tuberculosis,P9WPJ9,2,0,0,2
CHEMBL118,DB00482,Celecoxib,CHEMBL6185,Carbonic anhydrase,Candida glabrata CBS 138,Q6FTL6,1,0,0,1
CHEMBL1185,DB00315,Zolmitriptan,CHEMBL265,D(1A) dopamine receptor,Rattus norvegicus,P18901,1,0,0,1
CHEMBL1185,DB00315,Zolmitriptan,CHEMBL3072,Androgen receptor,Rattus norvegicus,P15207,2,0,0,2
CHEMBL1185,DB00315,Zolmitriptan,CHEMBL330,"Glutamate receptor ionotropic, NMDA 1",Rattus norvegicus,P35439,1,0,0,1
CHEMBL1185,DB00315,Zolmitriptan,CHEMBL339,D(2) dopamine receptor,Rattus norvegicus,P61169,1,0,0,1
CHEMBL1185,DB00315,Zolmitriptan,CHEMBL343,Gamma-aminobutyric acid receptor subunit alpha-1,Rattus norvegicus,P62813,2,0,0,2
CHEMBL1185,DB00315,Zolmitriptan,CHEMBL4042,Prostaglandin G/H synthase 1,Rattus norvegicus,Q63921,1,0,0,1
CHEMBL1185,DB00315,Zolmitriptan,CHEMBL4523582,Replicase polyprotein 1ab,Severe acute respiratory syndrome coronavirus 2,P0DTD1,2,0,2,0
CHEMBL1194,DB00750,Prilocaine,CHEMBL3072,Androgen receptor,Rattus norvegicus,P15207,2,0,0,2
CHEMBL1194,DB00750,Prilocaine,CHEMBL330,"Glutamate receptor ionotropic, NMDA 1",Rattus norvegicus,P35439,1,0,0,1
CHEMBL1194,DB00750,Prilocaine,CHEMBL343,Gamma-aminobutyric acid receptor subunit alpha-1,Rattus norvegicus,P62813,1,0,0,1
CHEMBL1194,DB00750,Prilocaine,CHEMBL4042,Prostaglandin G/H synthase 1,Rattus norvegicus,Q63921,1,0,0,1
CHEMBL119443,DB01253,Ergometrine,CHEMBL1293234,Fructose-bisphosphate aldolase,Giardia intestinalis,A8B2U2,1,0,0,1
CHEMBL119443,DB01253,Ergometrine,CHEMBL2573,ATP-dependent translocase ABCB1,Mus musculus,P21447,1,0,0,1
CHEMBL119443,DB01253,Ergometrine,CHEMBL273,5-hydroxytryptamine receptor 1A,Rattus norvegicus,P19327,2,0,0,2
CHEMBL119443,DB01253,Ergometrine,CHEMBL3459,5-hydroxytryptamine receptor 1B,Rattus norvegicus,P28564,2,0,0,2
CHEMBL119443,DB01253,Ergometrine,CHEMBL3467,ATP-dependent translocase ABCB1,Mus musculus,P06795,1,0,0,1
CHEMBL119443,DB01253,Ergometrine,CHEMBL3563,Cruzipain,Trypanosoma cruzi,P25779,1,0,0,1
CHEMBL1194666,DB00937,Diethylpropion,CHEMBL3072,Androgen receptor,Rattus norvegicus,P15207,1,0,0,1
CHEMBL1194666,DB00937,Diethylpropion,CHEMBL330,"Glutamate receptor ionotropic, NMDA 1",Rattus norvegicus,P35439,1,0,0,1
CHEMBL1194666,DB00937,Diethylpropion,CHEMBL343,Gamma-aminobutyric acid receptor subunit alpha-1,Rattus norvegicus,P62813,2,0,0,2
CHEMBL1194666,DB00937,Diethylpropion,CHEMBL3762,Voltage-dependent L-type calcium channel subunit alpha-1C,Rattus norvegicus,P22002,1,0,0,1
CHEMBL1194666,DB00937,Diethylpropion,CHEMBL4042,Prostaglandin G/H synthase 1,Rattus norvegicus,Q63921,1,0,0,1
CHEMBL1194666,DB00937,Diethylpropion,CHEMBL5107,Voltage-dependent N-type calcium channel subunit alpha-1B,Rattus norvegicus,Q02294,1,0,0,1
CHEMBL12,DB00829,Diazepam,CHEMBL2419,Translocator protein,Bos taurus,P30535,1,0,0,1
CHEMBL12,DB00829,Diazepam,CHEMBL2462,Tyrosine 3-monooxygenase,Rattus norvegicus,P04177,1,0,0,1
CHEMBL12,DB00829,Diazepam,CHEMBL2871,Cholecystokinin receptor type A,Rattus norvegicus,P30551,1,0,0,1
CHEMBL12,DB00829,Diazepam,CHEMBL296,Gamma-aminobutyric acid receptor subunit gamma-1,Rattus norvegicus,P23574,1,0,0,1
CHEMBL12,DB00829,Diazepam,CHEMBL300,Gamma-aminobutyric acid receptor subunit alpha-5,Rattus norvegicus,P19969,1,0,0,1
CHEMBL12,DB00829,Diazepam,CHEMBL3072,Androgen receptor,Rattus norvegicus,P15207,1,0,0,1
CHEMBL12,DB00829,Diazepam,CHEMBL328,Gamma-aminobutyric acid receptor subunit alpha-3,Rattus norvegicus,P20236,1,0,0,1
CHEMBL12,DB00829,Diazepam,CHEMBL330,"Glutamate receptor ionotropic, NMDA 1",Rattus norvegicus,P35439,1,0,0,1
CHEMBL12,DB00829,Diazepam,CHEMBL341,Gamma-aminobutyric acid receptor subunit alpha-2,Rattus norvegicus,P23576,3,0,0,3
CHEMBL12,DB00829,Diazepam,CHEMBL343,Gamma-aminobutyric acid receptor subunit alpha-1,Rattus norvegicus,P62813,3,0,0,3
CHEMBL12,DB00829,Diazepam,CHEMBL3501,Cholecystokinin receptor type A,Cavia porcellus,Q63931,1,0,0,1
CHEMBL12,DB00829,Diazepam,CHEMBL3762,Voltage-dependent L-type calcium channel subunit alpha-1C,Rattus norvegicus,P22002,1,0,0,1
CHEMBL12,DB00829,Diazepam,CHEMBL4042,Prostaglandin G/H synthase 1,Rattus norvegicus,Q63921,1,0,0,1
CHEMBL12,DB00829,Diazepam,CHEMBL4078,Acetylcholinesterase,Electrophorus electricus,O42275,2,0,0,2
CHEMBL12,DB00829,Diazepam,CHEMBL4523582,Replicase polyprotein 1ab,Severe acute respiratory syndrome coronavirus 2,P0DTD1,1,0,0,1
CHEMBL12,DB00829,Diazepam,CHEMBL4552,Translocator protein,Rattus norvegicus,P16257,10,0,0,10
CHEMBL12,DB00829,Diazepam,CHEMBL4817,Albumin,Rattus norvegicus,P02770,1,0,0,1
CHEMBL12,DB00829,Diazepam,CHEMBL5107,Voltage-dependent N-type calcium channel subunit alpha-1B,Rattus norvegicus,Q02294,1,0,0,1
CHEMBL12,DB00829,Diazepam,CHEMBL5738,"Fatty acid-binding protein, liver",Rattus norvegicus,P02692,2,0,0,2
CHEMBL12,DB00829,Diazepam,CHEMBL5763,Cholinesterase,Equus caballus,P81908,2,0,0,2
CHEMBL1200391,DB03754,Tromethamine,CHEMBL4523582,Replicase polyprotein 1ab,Severe acute respiratory syndrome coronavirus 2,P0DTD1,1,0,0,1
CHEMBL1200391,DB03754,Tromethamine,CHEMBL5567,Luciferin 4-monooxygenase,Photinus pyralis,P08659,1,0,0,1
CHEMBL1200558,DB00626,Bacitracin,CHEMBL3232680,Insulin-degrading enzyme,Mus musculus,Q9JHR7,1,0,0,1
CHEMBL1200558,DB00626,Bacitracin,CHEMBL3459,5-hydroxytryptamine receptor 1B,Rattus norvegicus,P28564,2,0,0,2
CHEMBL1200558,DB00626,Bacitracin,CHEMBL4295581,Undecaprenyl-diphosphatase,Escherichia coli (strain K12),P60932,1,0,0,1
CHEMBL1200558,DB00626,Bacitracin,CHEMBL4523582,Replicase polyprotein 1ab,Severe acute respiratory syndrome coronavirus 2,P0DTD1,1,0,0,1
CHEMBL1200624,DB00823,Ethynodiol diacetate,CHEMBL1293231,Nuclear receptor ROR-gamma,Mus musculus,P51450,1,0,0,1
CHEMBL1200624,DB00823,Ethynodiol diacetate,CHEMBL1909044,Progesterone receptor,Bos taurus,Q690N0,2,0,0,2
CHEMBL1200624,DB00823,Ethynodiol diacetate,CHEMBL2007624,Peripheral myelin protein 22,Rattus norvegicus,P25094,1,0,0,1
CHEMBL1200624,DB00823,Ethynodiol diacetate,CHEMBL3072,Androgen receptor,Rattus norvegicus,P15207,2,0,0,2
CHEMBL1200624,DB00823,Ethynodiol diacetate,CHEMBL4523582,Replicase polyprotein 1ab,Severe acute respiratory syndrome coronavirus 2,P0DTD1,1,0,0,1
CHEMBL1200682,DB09072,Sodium oxybate,CHEMBL3886125,Free fatty acid receptor 3,Rattus norvegicus,B2GV46,1,0,0,1
CHEMBL1200682,DB09072,Sodium oxybate,CHEMBL4523582,Replicase polyprotein 1ab,Severe acute respiratory syndrome coronavirus 2,P0DTD1,1,0,0,1
CHEMBL1200761,DB00269,Chlorotrianisene,CHEMBL1293254,Ferritin light chain,Equus caballus,P02791,2,0,2,0
CHEMBL1200761,DB00269,Chlorotrianisene,CHEMBL2146315,Nuclear receptor subfamily 1 group I member 2,Rattus norvegicus,Q9R1A7,1,0,1,0
CHEMBL1200761,DB00269,Chlorotrianisene,CHEMBL3072,Androgen receptor,Rattus norvegicus,P15207,3,0,0,3
CHEMBL1200761,DB00269,Chlorotrianisene,CHEMBL330,"Glutamate receptor ionotropic, NMDA 1",Rattus norvegicus,P35439,1,0,0,1
CHEMBL1200761,DB00269,Chlorotrianisene,CHEMBL343,Gamma-aminobutyric acid receptor subunit alpha-1,Rattus norvegicus,P62813,2,0,0,2
CHEMBL1200761,DB00269,Chlorotrianisene,CHEMBL3563,Cruzipain,Trypanosoma cruzi,P25779,4,0,4,0
CHEMBL1200761,DB00269,Chlorotrianisene,CHEMBL3762,Voltage-dependent L-type calcium channel subunit alpha-1C,Rattus norvegicus,P22002,1,0,0,1
CHEMBL1200761,DB00269,Chlorotrianisene,CHEMBL4042,Prostaglandin G/H synthase 1,Rattus norvegicus,Q63921,2,0,0,2
CHEMBL1200761,DB00269,Chlorotrianisene,CHEMBL4372,Lethal factor,Bacillus anthracis,P15917,1,0,1,0
CHEMBL1200761,DB00269,Chlorotrianisene,CHEMBL4523582,Replicase polyprotein 1ab,Severe acute respiratory syndrome coronavirus 2,P0DTD1,1,0,1,0
CHEMBL1200807,DB06713,Norelgestromin,CHEMBL4523582,Replicase polyprotein 1ab,Severe acute respiratory syndrome coronavirus 2,P0DTD1,1,0,0,1
CHEMBL1200848,DB06789,Hydroxyprogesterone caproate,CHEMBL1293231,Nuclear receptor ROR-gamma,Mus musculus,P51450,1,0,0,1
CHEMBL1200848,DB06789,Hydroxyprogesterone caproate,CHEMBL1293248,4'-phosphopantetheinyl transferase ffp,Bacillus subtilis,Q9F4F7,1,0,0,1
CHEMBL1200848,DB06789,Hydroxyprogesterone caproate,CHEMBL1293254,Ferritin light chain,Equus caballus,P02791,1,0,0,1
CHEMBL1200848,DB06789,Hydroxyprogesterone caproate,CHEMBL1741171,Protein RecA,Mycobacterium tuberculosis,P9WHJ3,1,0,0,1
CHEMBL1200848,DB06789,Hydroxyprogesterone caproate,CHEMBL1741192,Replicative DNA helicase DnaB,Mycobacterium tuberculosis,P9WMR3,2,0,0,2
CHEMBL1200848,DB06789,Hydroxyprogesterone caproate,CHEMBL3072,Androgen receptor,Rattus norvegicus,P15207,3,0,0,3
CHEMBL1200848,DB06789,Hydroxyprogesterone caproate,CHEMBL330,"Glutamate receptor ionotropic, NMDA 1",Rattus norvegicus,P35439,1,0,0,1
CHEMBL1200848,DB06789,Hydroxyprogesterone caproate,CHEMBL343,Gamma-aminobutyric acid receptor subunit alpha-1,Rattus norvegicus,P62813,2,0,0,2
CHEMBL1200848,DB06789,Hydroxyprogesterone caproate,CHEMBL3762,Voltage-dependent L-type calcium channel subunit alpha-1C,Rattus norvegicus,P22002,1,0,0,1
CHEMBL1200848,DB06789,Hydroxyprogesterone caproate,CHEMBL4042,Prostaglandin G/H synthase 1,Rattus norvegicus,Q63921,1,0,0,1
CHEMBL1200848,DB06789,Hydroxyprogesterone caproate,CHEMBL4523582,Replicase polyprotein 1ab,Severe acute respiratory syndrome coronavirus 2,P0DTD1,2,0,0,2
CHEMBL1200851,DB00725,Homatropine methylbromide,CHEMBL4523582,Replicase polyprotein 1ab,Severe acute respiratory syndrome coronavirus 2,P0DTD1,1,0,0,1
CHEMBL1200862,DB00765,Metyrosine,CHEMBL1293238,Inositol monophosphatase 1,Rattus norvegicus,P97697,1,0,0,1
CHEMBL1200862,DB00765,Metyrosine,CHEMBL2007624,Peripheral myelin protein 22,Rattus norvegicus,P25094,1,0,0,1
CHEMBL1200862,DB00765,Metyrosine,CHEMBL4523582,Replicase polyprotein 1ab,Severe acute respiratory syndrome coronavirus 2,P0DTD1,2,0,0,2
CHEMBL1200929,DB09322,Zinc sulfate,CHEMBL2073691,Solute carrier family 15 member 1,Rattus norvegicus,P51574,1,0,0,1
CHEMBL1200929,DB09322,Zinc sulfate,CHEMBL3325,Solute carrier family 15 member 2,Rattus norvegicus,Q63424,1,0,0,1
CHEMBL1200934,DB00957,Norgestimate,CHEMBL1293231,Nuclear receptor ROR-gamma,Mus musculus,P51450,2,0,0,2
CHEMBL1200934,DB00957,Norgestimate,CHEMBL1293248,4'-phosphopantetheinyl transferase ffp,Bacillus subtilis,Q9F4F7,1,0,0,1
CHEMBL1200934,DB00957,Norgestimate,CHEMBL2007624,Peripheral myelin protein 22,Rattus norvegicus,P25094,1,0,0,1
CHEMBL1200934,DB00957,Norgestimate,CHEMBL3072,Androgen receptor,Rattus norvegicus,P15207,2,0,0,2
CHEMBL1200934,DB00957,Norgestimate,CHEMBL330,"Glutamate receptor ionotropic, NMDA 1",Rattus norvegicus,P35439,1,0,0,1
CHEMBL1200934,DB00957,Norgestimate,CHEMBL343,Gamma-aminobutyric acid receptor subunit alpha-1,Rattus norvegicus,P62813,2,0,0,2
CHEMBL1200934,DB00957,Norgestimate,CHEMBL3762,Voltage-dependent L-type calcium channel subunit alpha-1C,Rattus norvegicus,P22002,1,0,0,1
CHEMBL1200934,DB00957,Norgestimate,CHEMBL4042,Prostaglandin G/H synthase 1,Rattus norvegicus,Q63921,1,0,0,1
CHEMBL1200934,DB00957,Norgestimate,CHEMBL4523582,Replicase polyprotein 1ab,Severe acute respiratory syndrome coronavirus 2,P0DTD1,1,0,0,1
CHEMBL1200973,DB13954,Estradiol cypionate,CHEMBL343,Gamma-aminobutyric acid receptor subunit alpha-1,Rattus norvegicus,P62813,1,0,0,1
CHEMBL1200973,DB13954,Estradiol cypionate,CHEMBL4523582,Replicase polyprotein 1ab,Severe acute respiratory syndrome coronavirus 2,P0DTD1,2,0,0,2
CHEMBL1201,DB01623,Thiothixene,CHEMBL3072,Androgen receptor,Rattus norvegicus,P15207,1,0,0,1
CHEMBL1201,DB01623,Thiothixene,CHEMBL330,"Glutamate receptor ionotropic, NMDA 1",Rattus norvegicus,P35439,1,0,0,1
CHEMBL1201,DB01623,Thiothixene,CHEMBL343,Gamma-aminobutyric acid receptor subunit alpha-1,Rattus norvegicus,P62813,2,0,0,2
CHEMBL1201,DB01623,Thiothixene,CHEMBL3762,Voltage-dependent L-type calcium channel subunit alpha-1C,Rattus norvegicus,P22002,1,0,0,1
CHEMBL1201,DB01623,Thiothixene,CHEMBL4042,Prostaglandin G/H synthase 1,Rattus norvegicus,Q63921,1,0,0,1
CHEMBL1201,DB01623,Thiothixene,CHEMBL4523582,Replicase polyprotein 1ab,Severe acute respiratory syndrome coronavirus 2,P0DTD1,1,0,0,1
CHEMBL1201,DB01623,Thiothixene,CHEMBL5107,Voltage-dependent N-type calcium channel subunit alpha-1B,Rattus norvegicus,Q02294,1,0,0,1
CHEMBL1201039,DB00562,Benzthiazide,CHEMBL1293234,Fructose-bisphosphate aldolase,Giardia intestinalis,A8B2U2,1,0,0,1
CHEMBL1201039,DB00562,Benzthiazide,CHEMBL1293248,4'-phosphopantetheinyl transferase ffp,Bacillus subtilis,Q9F4F7,1,0,0,1
CHEMBL1201039,DB00562,Benzthiazide,CHEMBL3072,Androgen receptor,Rattus norvegicus,P15207,1,0,0,1
CHEMBL1201039,DB00562,Benzthiazide,CHEMBL330,"Glutamate receptor ionotropic, NMDA 1",Rattus norvegicus,P35439,1,0,0,1
CHEMBL1201039,DB00562,Benzthiazide,CHEMBL343,Gamma-aminobutyric acid receptor subunit alpha-1,Rattus norvegicus,P62813,2,0,0,2
CHEMBL1201039,DB00562,Benzthiazide,CHEMBL3762,Voltage-dependent L-type calcium channel subunit alpha-1C,Rattus norvegicus,P22002,1,0,0,1
CHEMBL1201039,DB00562,Benzthiazide,CHEMBL4042,Prostaglandin G/H synthase 1,Rattus norvegicus,Q63921,1,0,0,1
CHEMBL1201039,DB00562,Benzthiazide,CHEMBL4523582,Replicase polyprotein 1ab,Severe acute respiratory syndrome coronavirus 2,P0DTD1,1,0,0,1
CHEMBL1201039,DB00562,Benzthiazide,CHEMBL5567,Luciferin 4-monooxygenase,Photinus pyralis,P08659,1,0,0,1
CHEMBL1201039,DB00562,Benzthiazide,CHEMBL5686,ATP-dependent 6-phosphofructokinase,Trypanosoma brucei,O15648,1,0,0,1
CHEMBL1201109,DB01260,Desonide,CHEMBL3072,Androgen receptor,Rattus norvegicus,P15207,1,0,0,1
CHEMBL1201109,DB01260,Desonide,CHEMBL330,"Glutamate receptor ionotropic, NMDA 1",Rattus norvegicus,P35439,1,0,0,1
CHEMBL1201109,DB01260,Desonide,CHEMBL343,Gamma-aminobutyric acid receptor subunit alpha-1,Rattus norvegicus,P62813,2,0,0,2
CHEMBL1201109,DB01260,Desonide,CHEMBL3762,Voltage-dependent L-type calcium channel subunit alpha-1C,Rattus norvegicus,P22002,1,0,0,1
CHEMBL1201109,DB01260,Desonide,CHEMBL4042,Prostaglandin G/H synthase 1,Rattus norvegicus,Q63921,1,0,0,1
CHEMBL1201109,DB01260,Desonide,CHEMBL4523582,Replicase polyprotein 1ab,Severe acute respiratory syndrome coronavirus 2,P0DTD1,1,0,0,1
CHEMBL1201112,DB01280,Nelarabine,CHEMBL4523582,Replicase polyprotein 1ab,Severe acute respiratory syndrome coronavirus 2,P0DTD1,2,0,0,2
CHEMBL1201117,DB00423,Methocarbamol,CHEMBL3072,Androgen receptor,Rattus norvegicus,P15207,1,0,0,1
CHEMBL1201117,DB00423,Methocarbamol,CHEMBL330,"Glutamate receptor ionotropic, NMDA 1",Rattus norvegicus,P35439,1,0,0,1
CHEMBL1201117,DB00423,Methocarbamol,CHEMBL343,Gamma-aminobutyric acid receptor subunit alpha-1,Rattus norvegicus,P62813,2,0,0,2
CHEMBL1201117,DB00423,Methocarbamol,CHEMBL3762,Voltage-dependent L-type calcium channel subunit alpha-1C,Rattus norvegicus,P22002,1,0,0,1
CHEMBL1201117,DB00423,Methocarbamol,CHEMBL4042,Prostaglandin G/H synthase 1,Rattus norvegicus,Q63921,1,0,0,1
CHEMBL1201117,DB00423,Methocarbamol,CHEMBL4523582,Replicase polyprotein 1ab,Severe acute respiratory syndrome coronavirus 2,P0DTD1,2,0,0,2
CHEMBL1201151,DB01357,Mestranol,CHEMBL1293231,Nuclear receptor ROR-gamma,Mus musculus,P51450,1,0,0,1
CHEMBL1201151,DB01357,Mestranol,CHEMBL1909044,Progesterone receptor,Bos taurus,Q690N0,2,0,0,2
CHEMBL1201151,DB01357,Mestranol,CHEMBL3072,Androgen receptor,Rattus norvegicus,P15207,3,0,0,3
CHEMBL1201151,DB01357,Mestranol,CHEMBL330,"Glutamate receptor ionotropic, NMDA 1",Rattus norvegicus,P35439,1,0,0,1
CHEMBL1201151,DB01357,Mestranol,CHEMBL343,Gamma-aminobutyric acid receptor subunit alpha-1,Rattus norvegicus,P62813,2,0,0,2
CHEMBL1201151,DB01357,Mestranol,CHEMBL3762,Voltage-dependent L-type calcium channel subunit alpha-1C,Rattus norvegicus,P22002,1,0,0,1
CHEMBL1201151,DB01357,Mestranol,CHEMBL4042,Prostaglandin G/H synthase 1,Rattus norvegicus,Q63921,1,0,0,1
CHEMBL1201151,DB01357,Mestranol,CHEMBL4523582,Replicase polyprotein 1ab,Severe acute respiratory syndrome coronavirus 2,P0DTD1,1,0,0,1
CHEMBL1201165,DB04575,Quinestrol,CHEMBL1293228,Streptokinase A,Streptococcus pyogenes serotype M1,P10520,1,0,0,1
CHEMBL1201165,DB04575,Quinestrol,CHEMBL1293303,Nonstructural protein 1,Influenza A virus,Q194T2,1,0,0,1
CHEMBL1201165,DB04575,Quinestrol,CHEMBL2007624,Peripheral myelin protein 22,Rattus norvegicus,P25094,1,0,0,1
CHEMBL1201165,DB04575,Quinestrol,CHEMBL3072,Androgen receptor,Rattus norvegicus,P15207,1,0,0,1
CHEMBL1201165,DB04575,Quinestrol,CHEMBL330,"Glutamate receptor ionotropic, NMDA 1",Rattus norvegicus,P35439,1,0,0,1
CHEMBL1201165,DB04575,Quinestrol,CHEMBL343,Gamma-aminobutyric acid receptor subunit alpha-1,Rattus norvegicus,P62813,2,0,0,2
CHEMBL1201165,DB04575,Quinestrol,CHEMBL3762,Voltage-dependent L-type calcium channel subunit alpha-1C,Rattus norvegicus,P22002,1,0,0,1
CHEMBL1201165,DB04575,Quinestrol,CHEMBL4042,Prostaglandin G/H synthase 1,Rattus norvegicus,Q63921,1,0,0,1
CHEMBL1201165,DB04575,Quinestrol,CHEMBL4523582,Replicase polyprotein 1ab,Severe acute respiratory syndrome coronavirus 2,P0DTD1,1,0,0,1
CHEMBL1201168,DB01247,Isocarboxazid,CHEMBL2026,Beta-lactamase,Escherichia coli K-12,P00811,1,0,0,1
CHEMBL1201168,DB01247,Isocarboxazid,CHEMBL3072,Androgen receptor,Rattus norvegicus,P15207,1,0,0,1
CHEMBL1201168,DB01247,Isocarboxazid,CHEMBL330,"Glutamate receptor ionotropic, NMDA 1",Rattus norvegicus,P35439,1,0,0,1
CHEMBL1201168,DB01247,Isocarboxazid,CHEMBL343,Gamma-aminobutyric acid receptor subunit alpha-1,Rattus norvegicus,P62813,2,0,0,2
CHEMBL1201168,DB01247,Isocarboxazid,CHEMBL3762,Voltage-dependent L-type calcium channel subunit alpha-1C,Rattus norvegicus,P22002,1,0,0,1
CHEMBL1201168,DB01247,Isocarboxazid,CHEMBL4042,Prostaglandin G/H synthase 1,Rattus norvegicus,Q63921,1,0,0,1
CHEMBL1201168,DB01247,Isocarboxazid,CHEMBL4523582,Replicase polyprotein 1ab,Severe acute respiratory syndrome coronavirus 2,P0DTD1,1,0,0,1
CHEMBL1201182,DB06287,Temsirolimus,CHEMBL4828,Synaptic vesicular amine transporter,Rattus norvegicus,Q01827,1,0,0,1
CHEMBL1201192,DB06413,Armodafinil,CHEMBL338,Sodium-dependent dopamine transporter,Rattus norvegicus,P23977,2,0,0,2
CHEMBL1201192,DB06413,Armodafinil,CHEMBL4153,Sigma non-opioid intracellular receptor 1,Cavia porcellus,Q60492,1,0,0,1
CHEMBL1201192,DB06413,Armodafinil,CHEMBL4523582,Replicase polyprotein 1ab,Severe acute respiratory syndrome coronavirus 2,P0DTD1,1,0,0,1
CHEMBL1201201,DB01577,Metamfetamine,CHEMBL1770033,Solute carrier family 22 member 3,Rattus norvegicus,O88446,1,0,0,1
CHEMBL1201201,DB01577,Metamfetamine,CHEMBL1926495,Trace amine-associated receptor 1,Macaca mulatta,Q8HZ64,1,0,0,1
CHEMBL1201201,DB01577,Metamfetamine,CHEMBL2756,Amine oxidase [flavin-containing] B,Bos taurus,P56560,1,0,0,1
CHEMBL1201201,DB01577,Metamfetamine,CHEMBL2993,Amine oxidase [flavin-containing] B,Rattus norvegicus,P19643,1,0,0,1
CHEMBL1201201,DB01577,Metamfetamine,CHEMBL3833,Trace amine-associated receptor 1,Rattus norvegicus,Q923Y9,4,0,0,4
CHEMBL1201201,DB01577,Metamfetamine,CHEMBL4828,Synaptic vesicular amine transporter,Rattus norvegicus,Q01827,3,0,0,3
CHEMBL1201201,DB01577,Metamfetamine,CHEMBL4908,Trace amine-associated receptor 1,Mus musculus,Q923Y8,5,0,0,5
CHEMBL1201208,DB00830,Phenmetrazine,CHEMBL3072,Androgen receptor,Rattus norvegicus,P15207,1,0,0,1
CHEMBL1201208,DB00830,Phenmetrazine,CHEMBL330,"Glutamate receptor ionotropic, NMDA 1",Rattus norvegicus,P35439,1,0,0,1
CHEMBL1201208,DB00830,Phenmetrazine,CHEMBL343,Gamma-aminobutyric acid receptor subunit alpha-1,Rattus norvegicus,P62813,2,0,0,2
CHEMBL1201208,DB00830,Phenmetrazine,CHEMBL3762,Voltage-dependent L-type calcium channel subunit alpha-1C,Rattus norvegicus,P22002,1,0,0,1
CHEMBL1201208,DB00830,Phenmetrazine,CHEMBL4042,Prostaglandin G/H synthase 1,Rattus norvegicus,Q63921,1,0,0,1
CHEMBL1201208,DB00830,Phenmetrazine,CHEMBL5107,Voltage-dependent N-type calcium channel subunit alpha-1B,Rattus norvegicus,Q02294,1,0,0,1
CHEMBL1201210,DB00777,Propiomazine,CHEMBL3072,Androgen receptor,Rattus norvegicus,P15207,1,0,0,1
CHEMBL1201210,DB00777,Propiomazine,CHEMBL330,"Glutamate receptor ionotropic, NMDA 1",Rattus norvegicus,P35439,1,0,0,1
CHEMBL1201210,DB00777,Propiomazine,CHEMBL343,Gamma-aminobutyric acid receptor subunit alpha-1,Rattus norvegicus,P62813,2,0,0,2
CHEMBL1201210,DB00777,Propiomazine,CHEMBL3762,Voltage-dependent L-type calcium channel subunit alpha-1C,Rattus norvegicus,P22002,1,0,0,1
CHEMBL1201210,DB00777,Propiomazine,CHEMBL4042,Prostaglandin G/H synthase 1,Rattus norvegicus,Q63921,1,0,0,1
CHEMBL1201217,DB00645,Dyclonine,CHEMBL1293231,Nuclear receptor ROR-gamma,Mus musculus,P51450,1,0,0,1
CHEMBL1201217,DB00645,Dyclonine,CHEMBL1293238,Inositol monophosphatase 1,Rattus norvegicus,P97697,1,0,0,1
CHEMBL1201217,DB00645,Dyclonine,CHEMBL2007624,Peripheral myelin protein 22,Rattus norvegicus,P25094,1,0,0,1
CHEMBL1201217,DB00645,Dyclonine,CHEMBL3072,Androgen receptor,Rattus norvegicus,P15207,1,0,0,1
CHEMBL1201217,DB00645,Dyclonine,CHEMBL330,"Glutamate receptor ionotropic, NMDA 1",Rattus norvegicus,P35439,1,0,0,1
CHEMBL1201217,DB00645,Dyclonine,CHEMBL343,Gamma-aminobutyric acid receptor subunit alpha-1,Rattus norvegicus,P62813,2,0,0,2
CHEMBL1201217,DB00645,Dyclonine,CHEMBL3762,Voltage-dependent L-type calcium channel subunit alpha-1C,Rattus norvegicus,P22002,1,0,0,1
CHEMBL1201217,DB00645,Dyclonine,CHEMBL3879838,Transient receptor potential cation channel subfamily V member 3,Mus musculus,Q8K424,1,0,0,1
CHEMBL1201217,DB00645,Dyclonine,CHEMBL4042,Prostaglandin G/H synthase 1,Rattus norvegicus,Q63921,1,0,0,1
CHEMBL1201217,DB00645,Dyclonine,CHEMBL4372,Lethal factor,Bacillus anthracis,P15917,1,0,0,1
CHEMBL1201217,DB00645,Dyclonine,CHEMBL4523582,Replicase polyprotein 1ab,Severe acute respiratory syndrome coronavirus 2,P0DTD1,1,0,0,1
CHEMBL1201217,DB00645,Dyclonine,CHEMBL5107,Voltage-dependent N-type calcium channel subunit alpha-1B,Rattus norvegicus,Q02294,1,0,0,1
CHEMBL1201232,DB01625,Isopropamide,CHEMBL3072,Androgen receptor,Rattus norvegicus,P15207,1,0,0,1
CHEMBL1201232,DB01625,Isopropamide,CHEMBL330,"Glutamate receptor ionotropic, NMDA 1",Rattus norvegicus,P35439,1,0,0,1
CHEMBL1201232,DB01625,Isopropamide,CHEMBL343,Gamma-aminobutyric acid receptor subunit alpha-1,Rattus norvegicus,P62813,2,0,0,2
CHEMBL1201232,DB01625,Isopropamide,CHEMBL3762,Voltage-dependent L-type calcium channel subunit alpha-1C,Rattus norvegicus,P22002,1,0,0,1
CHEMBL1201232,DB01625,Isopropamide,CHEMBL4042,Prostaglandin G/H synthase 1,Rattus norvegicus,Q63921,1,0,0,1
CHEMBL1201245,DB01237,Bromodiphenhydramine,CHEMBL343,Gamma-aminobutyric acid receptor subunit alpha-1,Rattus norvegicus,P62813,1,0,0,1
CHEMBL1201284,DB01012,Cinacalcet,CHEMBL1293231,Nuclear receptor ROR-gamma,Mus musculus,P51450,2,0,0,2
CHEMBL1201284,DB01012,Cinacalcet,CHEMBL1293248,4'-phosphopantetheinyl transferase ffp,Bacillus subtilis,Q9F4F7,2,0,0,2
CHEMBL1201284,DB01012,Cinacalcet,CHEMBL2007624,Peripheral myelin protein 22,Rattus norvegicus,P25094,1,0,0,1
CHEMBL1201284,DB01012,Cinacalcet,CHEMBL3072,Androgen receptor,Rattus norvegicus,P15207,2,0,0,2
CHEMBL1201284,DB01012,Cinacalcet,CHEMBL330,"Glutamate receptor ionotropic, NMDA 1",Rattus norvegicus,P35439,1,0,0,1
CHEMBL1201284,DB01012,Cinacalcet,CHEMBL343,Gamma-aminobutyric acid receptor subunit alpha-1,Rattus norvegicus,P62813,2,0,0,2
CHEMBL1201284,DB01012,Cinacalcet,CHEMBL4042,Prostaglandin G/H synthase 1,Rattus norvegicus,Q63921,1,0,0,1
CHEMBL1201284,DB01012,Cinacalcet,CHEMBL4523582,Replicase polyprotein 1ab,Severe acute respiratory syndrome coronavirus 2,P0DTD1,3,0,0,3
CHEMBL1201287,DB00405,Dexbrompheniramine,CHEMBL3072,Androgen receptor,Rattus norvegicus,P15207,1,0,0,1
CHEMBL1201287,DB00405,Dexbrompheniramine,CHEMBL330,"Glutamate receptor ionotropic, NMDA 1",Rattus norvegicus,P35439,1,0,0,1
CHEMBL1201287,DB00405,Dexbrompheniramine,CHEMBL343,Gamma-aminobutyric acid receptor subunit alpha-1,Rattus norvegicus,P62813,3,0,0,3
CHEMBL1201287,DB00405,Dexbrompheniramine,CHEMBL3762,Voltage-dependent L-type calcium channel subunit alpha-1C,Rattus norvegicus,P22002,1,0,0,1
CHEMBL1201287,DB00405,Dexbrompheniramine,CHEMBL4042,Prostaglandin G/H synthase 1,Rattus norvegicus,Q63921,1,0,0,1
CHEMBL1201287,DB00405,Dexbrompheniramine,CHEMBL5686,ATP-dependent 6-phosphofructokinase,Trypanosoma brucei,O15648,1,0,0,1
CHEMBL1201287,DB00405,Dexbrompheniramine,CHEMBL6035,"Thioredoxin reductase 1, cytoplasmic",Rattus norvegicus,O89049,1,0,0,1
CHEMBL1201341,DB01057,Echothiophate,CHEMBL343,Gamma-aminobutyric acid receptor subunit alpha-1,Rattus norvegicus,P62813,1,0,0,1
CHEMBL1201342,DB00340,Metixene,CHEMBL4768,Acetylcholinesterase,Bos taurus,P23795,1,0,1,0
CHEMBL1201342,DB00340,Metixene,CHEMBL5763,Cholinesterase,Equus caballus,P81908,1,0,1,0
CHEMBL1201353,DB13679,Dexchlorpheniramine,CHEMBL3072,Androgen receptor,Rattus norvegicus,P15207,2,0,0,2
CHEMBL1201353,DB13679,Dexchlorpheniramine,CHEMBL315,Alpha-1B adrenergic receptor,Rattus norvegicus,P15823,2,0,0,2
CHEMBL1201353,DB13679,Dexchlorpheniramine,CHEMBL330,"Glutamate receptor ionotropic, NMDA 1",Rattus norvegicus,P35439,1,0,0,1
CHEMBL1201353,DB13679,Dexchlorpheniramine,CHEMBL343,Gamma-aminobutyric acid receptor subunit alpha-1,Rattus norvegicus,P62813,2,0,0,2
CHEMBL1201353,DB13679,Dexchlorpheniramine,CHEMBL3762,Voltage-dependent L-type calcium channel subunit alpha-1C,Rattus norvegicus,P22002,1,0,0,1
CHEMBL1201353,DB13679,Dexchlorpheniramine,CHEMBL4042,Prostaglandin G/H synthase 1,Rattus norvegicus,Q63921,1,0,0,1
CHEMBL1201353,DB13679,Dexchlorpheniramine,CHEMBL5686,ATP-dependent 6-phosphofructokinase,Trypanosoma brucei,O15648,1,0,0,1
CHEMBL1201354,DB00505,Tridihexethyl,CHEMBL4523582,Replicase polyprotein 1ab,Severe acute respiratory syndrome coronavirus 2,P0DTD1,1,0,0,1
CHEMBL1201356,DB00353,Methylergometrine,CHEMBL1293248,4'-phosphopantetheinyl transferase ffp,Bacillus subtilis,Q9F4F7,1,0,1,0
CHEMBL1201356,DB00353,Methylergometrine,CHEMBL2007624,Peripheral myelin protein 22,Rattus norvegicus,P25094,1,0,0,1
CHEMBL1201356,DB00353,Methylergometrine,CHEMBL273,5-hydroxytryptamine receptor 1A,Rattus norvegicus,P19327,2,0,0,2
CHEMBL1201356,DB00353,Methylergometrine,CHEMBL3072,Androgen receptor,Rattus norvegicus,P15207,1,0,0,1
CHEMBL1201356,DB00353,Methylergometrine,CHEMBL330,"Glutamate receptor ionotropic, NMDA 1",Rattus norvegicus,P35439,1,0,0,1
CHEMBL1201356,DB00353,Methylergometrine,CHEMBL343,Gamma-aminobutyric acid receptor subunit alpha-1,Rattus norvegicus,P62813,2,0,0,2
CHEMBL1201356,DB00353,Methylergometrine,CHEMBL3459,5-hydroxytryptamine receptor 1B,Rattus norvegicus,P28564,2,0,2,0
CHEMBL1201356,DB00353,Methylergometrine,CHEMBL3897,DNA polymerase III PolC-type,Bacillus subtilis (strain 168),P13267,1,0,1,0
CHEMBL1201356,DB00353,Methylergometrine,CHEMBL4042,Prostaglandin G/H synthase 1,Rattus norvegicus,Q63921,1,0,0,1
CHEMBL1201356,DB00353,Methylergometrine,CHEMBL4078,Acetylcholinesterase,Electrophorus electricus,O42275,1,0,1,0
CHEMBL1201356,DB00353,Methylergometrine,CHEMBL5686,ATP-dependent 6-phosphofructokinase,Trypanosoma brucei,O15648,1,0,1,0
CHEMBL1201356,DB00353,Methylergometrine,CHEMBL5763,Cholinesterase,Equus caballus,P81908,1,0,1,0
CHEMBL1201356,DB00353,Methylergometrine,CHEMBL6035,"Thioredoxin reductase 1, cytoplasmic",Rattus norvegicus,O89049,4,0,2,2
CHEMBL1201754,DB06201,Rufinamide,CHEMBL3072,Androgen receptor,Rattus norvegicus,P15207,2,0,0,2
CHEMBL1201754,DB06201,Rufinamide,CHEMBL4042,Prostaglandin G/H synthase 1,Rattus norvegicus,Q63921,1,0,0,1
CHEMBL1201754,DB06201,Rufinamide,CHEMBL4523582,Replicase polyprotein 1ab,Severe acute respiratory syndrome coronavirus 2,P0DTD1,2,0,0,2
CHEMBL1201754,DB06201,Rufinamide,CHEMBL5686,ATP-dependent 6-phosphofructokinase,Trypanosoma brucei,O15648,1,0,0,1
CHEMBL1201754,DB06201,Rufinamide,CHEMBL6035,"Thioredoxin reductase 1, cytoplasmic",Rattus norvegicus,O89049,2,0,0,2
CHEMBL1201772,DB06209,Prasugrel,CHEMBL2146316,Putative uncharacterized protein,Trypanosoma brucei,Q57TT1,1,0,0,1
CHEMBL1201772,DB06209,Prasugrel,CHEMBL343,Gamma-aminobutyric acid receptor subunit alpha-1,Rattus norvegicus,P62813,1,0,0,1
CHEMBL1201772,DB06209,Prasugrel,CHEMBL4523582,Replicase polyprotein 1ab,Severe acute respiratory syndrome coronavirus 2,P0DTD1,1,0,0,1
CHEMBL1201864,DB09123,Dienogest,CHEMBL4523582,Replicase polyprotein 1ab,Severe acute respiratory syndrome coronavirus 2,P0DTD1,1,0,0,1
CHEMBL121,DB00412,Rosiglitazone,CHEMBL1075146,Elastase,Pseudomonas aeruginosa (strain ATCC 15692 / PAO1 / 1C / PRS 101 / LMG12228),P14756,1,0,0,1
CHEMBL121,DB00412,Rosiglitazone,CHEMBL2073674,Bile salt export pump,Rattus norvegicus,O70127,1,0,0,1
CHEMBL121,DB00412,Rosiglitazone,CHEMBL2128,Peroxisome proliferator-activated receptor alpha,Mus musculus,P23204,2,0,0,2
CHEMBL121,DB00412,Rosiglitazone,CHEMBL2371,Tyrosine-protein phosphatase non-receptor type 1,Rattus norvegicus,P20417,3,0,0,3
CHEMBL121,DB00412,Rosiglitazone,CHEMBL2459,Peroxisome proliferator-activated receptor gamma,Mus musculus,P37238,4,0,0,4
CHEMBL121,DB00412,Rosiglitazone,CHEMBL2993,Amine oxidase [flavin-containing] B,Rattus norvegicus,P19643,1,0,0,1
CHEMBL121,DB00412,Rosiglitazone,CHEMBL3072,Androgen receptor,Rattus norvegicus,P15207,3,0,0,3
CHEMBL121,DB00412,Rosiglitazone,CHEMBL329,Type-1 angiotensin II receptor A,Rattus norvegicus,P25095,1,0,0,1
CHEMBL121,DB00412,Rosiglitazone,CHEMBL330,"Glutamate receptor ionotropic, NMDA 1",Rattus norvegicus,P35439,1,0,0,1
CHEMBL121,DB00412,Rosiglitazone,CHEMBL3308979,CDGSH iron-sulfur domain-containing protein 1,Rattus norvegicus,B0K020,1,0,0,1
CHEMBL121,DB00412,Rosiglitazone,CHEMBL3358,Amine oxidase [flavin-containing] A,Rattus norvegicus,P21396,1,0,0,1
CHEMBL121,DB00412,Rosiglitazone,CHEMBL343,Gamma-aminobutyric acid receptor subunit alpha-1,Rattus norvegicus,P62813,2,0,0,2
CHEMBL121,DB00412,Rosiglitazone,CHEMBL3762,Voltage-dependent L-type calcium channel subunit alpha-1C,Rattus norvegicus,P22002,1,0,0,1
CHEMBL121,DB00412,Rosiglitazone,CHEMBL4037,"Carnitine O-palmitoyltransferase 2, mitochondrial",Rattus norvegicus,P18886,1,0,0,1
CHEMBL121,DB00412,Rosiglitazone,CHEMBL4042,Prostaglandin G/H synthase 1,Rattus norvegicus,Q63921,2,0,0,2
CHEMBL121,DB00412,Rosiglitazone,CHEMBL4295626,Anthranilate--CoA ligase,Pseudomonas aeruginosa (strain ATCC 15692 / DSM 22644 / CIP 104116 /JCM 14847 / LMG 12228 / 1C / PRS 101 / PAO1),Q9I4X3,1,0,0,1
CHEMBL121,DB00412,Rosiglitazone,CHEMBL4523582,Replicase polyprotein 1ab,Severe acute respiratory syndrome coronavirus 2,P0DTD1,1,0,0,1
CHEMBL121,DB00412,Rosiglitazone,CHEMBL5107,Voltage-dependent N-type calcium channel subunit alpha-1B,Rattus norvegicus,Q02294,1,0,0,1
CHEMBL121,DB00412,Rosiglitazone,CHEMBL5567,Luciferin 4-monooxygenase,Photinus pyralis,P08659,1,0,0,1
CHEMBL1213351,DB00647,Dextropropoxyphene,CHEMBL3072,Androgen receptor,Rattus norvegicus,P15207,1,0,0,1
CHEMBL1213351,DB00647,Dextropropoxyphene,CHEMBL330,"Glutamate receptor ionotropic, NMDA 1",Rattus norvegicus,P35439,1,0,0,1
CHEMBL1213351,DB00647,Dextropropoxyphene,CHEMBL343,Gamma-aminobutyric acid receptor subunit alpha-1,Rattus norvegicus,P62813,2,0,0,2
CHEMBL1213351,DB00647,Dextropropoxyphene,CHEMBL3762,Voltage-dependent L-type calcium channel subunit alpha-1C,Rattus norvegicus,P22002,1,0,0,1
CHEMBL1213351,DB00647,Dextropropoxyphene,CHEMBL4042,Prostaglandin G/H synthase 1,Rattus norvegicus,Q63921,1,0,0,1
CHEMBL1213351,DB00647,Dextropropoxyphene,CHEMBL5107,Voltage-dependent N-type calcium channel subunit alpha-1B,Rattus norvegicus,Q02294,1,0,0,1
CHEMBL1215,DB00388,Phenylephrine,CHEMBL247,Human immunodeficiency virus type 1 reverse transcriptase,Human immunodeficiency virus 1,Q72547,1,0,1,0
CHEMBL1215,DB00388,Phenylephrine,CHEMBL3072,Androgen receptor,Rattus norvegicus,P15207,1,0,0,1
CHEMBL1215,DB00388,Phenylephrine,CHEMBL3122,Alpha-1B adrenergic receptor,Mesocricetus auratus,P18841,1,0,1,0
CHEMBL1215,DB00388,Phenylephrine,CHEMBL315,Alpha-1B adrenergic receptor,Rattus norvegicus,P15823,1,0,0,1
CHEMBL1215,DB00388,Phenylephrine,CHEMBL319,Alpha-1A adrenergic receptor,Rattus norvegicus,P43140,2,0,0,2
CHEMBL1215,DB00388,Phenylephrine,CHEMBL3252,Beta-1 adrenergic receptor,Rattus norvegicus,P18090,1,0,1,0
CHEMBL1215,DB00388,Phenylephrine,CHEMBL326,Alpha-1D adrenergic receptor,Rattus norvegicus,P23944,2,0,0,2
CHEMBL1215,DB00388,Phenylephrine,CHEMBL330,"Glutamate receptor ionotropic, NMDA 1",Rattus norvegicus,P35439,1,0,0,1
CHEMBL1215,DB00388,Phenylephrine,CHEMBL343,Gamma-aminobutyric acid receptor subunit alpha-1,Rattus norvegicus,P62813,3,0,0,3
CHEMBL1215,DB00388,Phenylephrine,CHEMBL3762,Voltage-dependent L-type calcium channel subunit alpha-1C,Rattus norvegicus,P22002,1,0,0,1
CHEMBL1215,DB00388,Phenylephrine,CHEMBL3988626,Alpha-1B adrenergic receptor,Cricetulus griseus,G3HDX1,1,0,1,0
CHEMBL1215,DB00388,Phenylephrine,CHEMBL4042,Prostaglandin G/H synthase 1,Rattus norvegicus,Q63921,1,0,0,1
CHEMBL1215,DB00388,Phenylephrine,CHEMBL4523582,Replicase polyprotein 1ab,Severe acute respiratory syndrome coronavirus 2,P0DTD1,1,0,1,0
CHEMBL1215,DB00388,Phenylephrine,CHEMBL4892,Alpha-1A adrenergic receptor,Bos taurus,P18130,2,0,1,1
CHEMBL1215,DB00388,Phenylephrine,CHEMBL5107,Voltage-dependent N-type calcium channel subunit alpha-1B,Rattus norvegicus,Q02294,1,0,0,1
CHEMBL1215,DB00388,Phenylephrine,CHEMBL6035,"Thioredoxin reductase 1, cytoplasmic",Rattus norvegicus,O89049,1,0,0,1
CHEMBL1218,DB00980,Ramelteon,CHEMBL343,Gamma-aminobutyric acid receptor subunit alpha-1,Rattus norvegicus,P62813,1,0,0,1
CHEMBL1218,DB00980,Ramelteon,CHEMBL4523582,Replicase polyprotein 1ab,Severe acute respiratory syndrome coronavirus 2,P0DTD1,3,0,0,3
CHEMBL122,DB00533,Rofecoxib,CHEMBL1293238,Inositol monophosphatase 1,Rattus norvegicus,P97697,2,0,0,2
CHEMBL122,DB00533,Rofecoxib,CHEMBL2649,Prostaglandin G/H synthase 1,Mus musculus,P22437,3,0,0,3
CHEMBL122,DB00533,Rofecoxib,CHEMBL2949,Prostaglandin G/H synthase 1,Ovis aries,P05979,32,0,0,32
CHEMBL122,DB00533,Rofecoxib,CHEMBL2977,Prostaglandin G/H synthase 2,Rattus norvegicus,P35355,1,0,0,1
CHEMBL122,DB00533,Rofecoxib,CHEMBL3072,Androgen receptor,Rattus norvegicus,P15207,1,0,0,1
CHEMBL122,DB00533,Rofecoxib,CHEMBL330,"Glutamate receptor ionotropic, NMDA 1",Rattus norvegicus,P35439,1,0,0,1
CHEMBL122,DB00533,Rofecoxib,CHEMBL3331,Prostaglandin G/H synthase 2,Bos taurus,O62698,1,0,0,1
CHEMBL122,DB00533,Rofecoxib,CHEMBL343,Gamma-aminobutyric acid receptor subunit alpha-1,Rattus norvegicus,P62813,2,0,0,2
CHEMBL122,DB00533,Rofecoxib,CHEMBL3563,Cruzipain,Trypanosoma cruzi,P25779,1,0,0,1
CHEMBL122,DB00533,Rofecoxib,CHEMBL3762,Voltage-dependent L-type calcium channel subunit alpha-1C,Rattus norvegicus,P22002,1,0,0,1
CHEMBL122,DB00533,Rofecoxib,CHEMBL4042,Prostaglandin G/H synthase 1,Rattus norvegicus,Q63921,2,0,0,2
CHEMBL122,DB00533,Rofecoxib,CHEMBL4102,Prostaglandin G/H synthase 2,Ovis aries,P79208,25,0,0,25
CHEMBL122,DB00533,Rofecoxib,CHEMBL4105778,Dipeptidyl peptidase 3,Bos mutus,L8I2E6,3,0,0,3
CHEMBL122,DB00533,Rofecoxib,CHEMBL4321,Prostaglandin G/H synthase 2,Mus musculus,Q05769,6,0,0,6
CHEMBL122,DB00533,Rofecoxib,CHEMBL4358,Polyunsaturated fatty acid lipoxygenase ALOX15,Oryctolagus cuniculus,P12530,1,0,0,1
CHEMBL122,DB00533,Rofecoxib,CHEMBL4523582,Replicase polyprotein 1ab,Severe acute respiratory syndrome coronavirus 2,P0DTD1,1,0,0,1
CHEMBL122,DB00533,Rofecoxib,CHEMBL5107,Voltage-dependent N-type calcium channel subunit alpha-1B,Rattus norvegicus,Q02294,1,0,0,1
CHEMBL1220,DB00911,Tinidazole,CHEMBL1293303,Nonstructural protein 1,Influenza A virus,Q194T2,1,0,0,1
CHEMBL1220,DB00911,Tinidazole,CHEMBL3072,Androgen receptor,Rattus norvegicus,P15207,1,0,0,1
CHEMBL1220,DB00911,Tinidazole,CHEMBL330,"Glutamate receptor ionotropic, NMDA 1",Rattus norvegicus,P35439,1,0,0,1
CHEMBL1220,DB00911,Tinidazole,CHEMBL343,Gamma-aminobutyric acid receptor subunit alpha-1,Rattus norvegicus,P62813,2,0,0,2
CHEMBL1220,DB00911,Tinidazole,CHEMBL3762,Voltage-dependent L-type calcium channel subunit alpha-1C,Rattus norvegicus,P22002,1,0,0,1
CHEMBL1220,DB00911,Tinidazole,CHEMBL4042,Prostaglandin G/H synthase 1,Rattus norvegicus,Q63921,1,0,0,1
CHEMBL1220,DB00911,Tinidazole,CHEMBL4523582,Replicase polyprotein 1ab,Severe acute respiratory syndrome coronavirus 2,P0DTD1,1,0,0,1
CHEMBL1222251,DB13178,Inositol,CHEMBL343,Gamma-aminobutyric acid receptor subunit alpha-1,Rattus norvegicus,P62813,1,0,0,1
CHEMBL1222251,DB13178,Inositol,CHEMBL4523582,Replicase polyprotein 1ab,Severe acute respiratory syndrome coronavirus 2,P0DTD1,2,0,0,2
CHEMBL1231574,DB11256,Levomefolic acid,CHEMBL2073676,ATP-binding cassette sub-family C member 2,Rattus norvegicus,Q63120,1,0,0,1
CHEMBL1231574,DB11256,Levomefolic acid,CHEMBL2073707,Solute carrier organic anion transporter family member 1A3,Rattus norvegicus,P70502,1,0,0,1
CHEMBL1233,DB00395,Carisoprodol,CHEMBL2026,Beta-lactamase,Escherichia coli K-12,P00811,1,0,0,1
CHEMBL1233,DB00395,Carisoprodol,CHEMBL276,Muscarinic acetylcholine receptor M1,Rattus norvegicus,P08482,1,0,1,0
CHEMBL1233,DB00395,Carisoprodol,CHEMBL3072,Androgen receptor,Rattus norvegicus,P15207,1,0,0,1
CHEMBL1233,DB00395,Carisoprodol,CHEMBL330,"Glutamate receptor ionotropic, NMDA 1",Rattus norvegicus,P35439,1,0,0,1
CHEMBL1233,DB00395,Carisoprodol,CHEMBL343,Gamma-aminobutyric acid receptor subunit alpha-1,Rattus norvegicus,P62813,2,0,0,2
CHEMBL1233,DB00395,Carisoprodol,CHEMBL3762,Voltage-dependent L-type calcium channel subunit alpha-1C,Rattus norvegicus,P22002,1,0,0,1
CHEMBL1233,DB00395,Carisoprodol,CHEMBL4042,Prostaglandin G/H synthase 1,Rattus norvegicus,Q63921,1,0,0,1
CHEMBL1233,DB00395,Carisoprodol,CHEMBL4523582,Replicase polyprotein 1ab,Severe acute respiratory syndrome coronavirus 2,P0DTD1,1,0,1,0
CHEMBL1233,DB00395,Carisoprodol,CHEMBL5107,Voltage-dependent N-type calcium channel subunit alpha-1B,Rattus norvegicus,Q02294,1,0,0,1
CHEMBL1233,DB00395,Carisoprodol,CHEMBL5686,ATP-dependent 6-phosphofructokinase,Trypanosoma brucei,O15648,1,0,1,0
CHEMBL1233,DB00395,Carisoprodol,CHEMBL6035,"Thioredoxin reductase 1, cytoplasmic",Rattus norvegicus,O89049,1,0,0,1
CHEMBL1237021,DB08815,Lurasidone,CHEMBL273,5-hydroxytryptamine receptor 1A,Rattus norvegicus,P19327,1,0,0,1
CHEMBL1237021,DB08815,Lurasidone,CHEMBL3072,Androgen receptor,Rattus norvegicus,P15207,1,0,0,1
CHEMBL1237021,DB08815,Lurasidone,CHEMBL322,5-hydroxytryptamine receptor 2A,Rattus norvegicus,P14842,1,0,0,1
CHEMBL1237021,DB08815,Lurasidone,CHEMBL339,D(2) dopamine receptor,Rattus norvegicus,P61169,1,0,0,1
CHEMBL1237021,DB08815,Lurasidone,CHEMBL343,Gamma-aminobutyric acid receptor subunit alpha-1,Rattus norvegicus,P62813,1,0,0,1
CHEMBL1237021,DB08815,Lurasidone,CHEMBL4042,Prostaglandin G/H synthase 1,Rattus norvegicus,Q63921,1,0,0,1
CHEMBL1237021,DB08815,Lurasidone,CHEMBL4828,Synaptic vesicular amine transporter,Rattus norvegicus,Q01827,1,0,0,1
CHEMBL1242,DB01438,Phenazopyridine,CHEMBL2007624,Peripheral myelin protein 22,Rattus norvegicus,P25094,1,0,0,1
CHEMBL1242,DB01438,Phenazopyridine,CHEMBL2026,Beta-lactamase,Escherichia coli K-12,P00811,1,0,0,1
CHEMBL1242,DB01438,Phenazopyridine,CHEMBL330,"Glutamate receptor ionotropic, NMDA 1",Rattus norvegicus,P35439,1,0,0,1
CHEMBL1242,DB01438,Phenazopyridine,CHEMBL343,Gamma-aminobutyric acid receptor subunit alpha-1,Rattus norvegicus,P62813,3,0,0,3
CHEMBL1242,DB01438,Phenazopyridine,CHEMBL5567,Luciferin 4-monooxygenase,Photinus pyralis,P08659,1,0,0,1
CHEMBL1256786,DB00983,Formoterol,CHEMBL2007624,Peripheral myelin protein 22,Rattus norvegicus,P25094,1,0,0,1
CHEMBL1256786,DB00983,Formoterol,CHEMBL4372,Lethal factor,Bacillus anthracis,P15917,1,0,0,1
CHEMBL1256786,DB00983,Formoterol,CHEMBL4523582,Replicase polyprotein 1ab,Severe acute respiratory syndrome coronavirus 2,P0DTD1,2,0,0,2
CHEMBL1256786,DB00983,Formoterol,CHEMBL5414,Beta-2 adrenergic receptor,Cavia porcellus,Q8K4Z4,4,0,0,4
CHEMBL1256786,DB00983,Formoterol,CHEMBL5471,Beta-1 adrenergic receptor,Cavia porcellus,B0FL73,2,0,0,2
CHEMBL126,DB00601,Linezolid,CHEMBL1293228,Streptokinase A,Streptococcus pyogenes serotype M1,P10520,2,0,0,2
CHEMBL126,DB00601,Linezolid,CHEMBL2993,Amine oxidase [flavin-containing] B,Rattus norvegicus,P19643,3,0,0,3
CHEMBL126,DB00601,Linezolid,CHEMBL3072,Androgen receptor,Rattus norvegicus,P15207,2,0,0,2
CHEMBL126,DB00601,Linezolid,CHEMBL330,"Glutamate receptor ionotropic, NMDA 1",Rattus norvegicus,P35439,1,0,0,1
CHEMBL126,DB00601,Linezolid,CHEMBL3358,Amine oxidase [flavin-containing] A,Rattus norvegicus,P21396,2,0,0,2
CHEMBL126,DB00601,Linezolid,CHEMBL343,Gamma-aminobutyric acid receptor subunit alpha-1,Rattus norvegicus,P62813,2,0,0,2
CHEMBL126,DB00601,Linezolid,CHEMBL4042,Prostaglandin G/H synthase 1,Rattus norvegicus,Q63921,1,0,0,1
CHEMBL126,DB00601,Linezolid,CHEMBL4523582,Replicase polyprotein 1ab,Severe acute respiratory syndrome coronavirus 2,P0DTD1,1,0,0,1
CHEMBL1261,DB04272,Citric acid,CHEMBL3345,3-dehydroquinate dehydratase,Mycobacterium tuberculosis,P9WPX7,1,0,0,1
CHEMBL1261,DB04272,Citric acid,CHEMBL4523368,Prolyl 4-hydroxylase,Paramecium bursaria Chlorella virus 1,Q84406,1,0,0,1
CHEMBL1261,DB04272,Citric acid,CHEMBL4523582,Replicase polyprotein 1ab,Severe acute respiratory syndrome coronavirus 2,P0DTD1,1,0,0,1
CHEMBL1261,DB04272,Citric acid,CHEMBL4680,3-dehydroquinate dehydratase,Helicobacter pylori (strain ATCC 700392 / 26695) (Campylobacterpylori),Q48255,1,0,0,1
CHEMBL1261,DB04272,Citric acid,CHEMBL5276,3-dehydroquinate dehydratase,Streptomyces coelicolor (strain ATCC BAA-471 / A3(2) / M145),P15474,1,0,0,1
CHEMBL1261,DB04272,Citric acid,CHEMBL5633,Beta-lactamase,Bacillus licheniformis,P00808,1,0,0,1
CHEMBL1263,DB00938,Salmeterol,CHEMBL1163116,Cholesteryl ester transfer protein,Oryctolagus cuniculus,P22687,1,0,0,1
CHEMBL1263,DB00938,Salmeterol,CHEMBL1293231,Nuclear receptor ROR-gamma,Mus musculus,P51450,2,0,0,2
CHEMBL1263,DB00938,Salmeterol,CHEMBL1293248,4'-phosphopantetheinyl transferase ffp,Bacillus subtilis,Q9F4F7,1,0,0,1
CHEMBL1263,DB00938,Salmeterol,CHEMBL1293254,Ferritin light chain,Equus caballus,P02791,1,0,0,1
CHEMBL1263,DB00938,Salmeterol,CHEMBL3072,Androgen receptor,Rattus norvegicus,P15207,1,0,0,1
CHEMBL1263,DB00938,Salmeterol,CHEMBL330,"Glutamate receptor ionotropic, NMDA 1",Rattus norvegicus,P35439,1,0,0,1
CHEMBL1263,DB00938,Salmeterol,CHEMBL343,Gamma-aminobutyric acid receptor subunit alpha-1,Rattus norvegicus,P62813,2,0,0,2
CHEMBL1263,DB00938,Salmeterol,CHEMBL3440,Beta-1 adrenergic receptor,Mus musculus,P34971,1,0,0,1
CHEMBL1263,DB00938,Salmeterol,CHEMBL3762,Voltage-dependent L-type calcium channel subunit alpha-1C,Rattus norvegicus,P22002,1,0,0,1
CHEMBL1263,DB00938,Salmeterol,CHEMBL4042,Prostaglandin G/H synthase 1,Rattus norvegicus,Q63921,1,0,0,1
CHEMBL1263,DB00938,Salmeterol,CHEMBL4523582,Replicase polyprotein 1ab,Severe acute respiratory syndrome coronavirus 2,P0DTD1,1,0,0,1
CHEMBL1263,DB00938,Salmeterol,CHEMBL5414,Beta-2 adrenergic receptor,Cavia porcellus,Q8K4Z4,9,0,0,9
CHEMBL1263,DB00938,Salmeterol,CHEMBL5471,Beta-1 adrenergic receptor,Cavia porcellus,B0FL73,2,0,0,2
CHEMBL127,DB00760,Meropenem,CHEMBL1287604,Beta-lactamase OXA-48,Klebsiella pneumoniae,Q6XEC0,3,0,0,3
CHEMBL127,DB00760,Meropenem,CHEMBL1293228,Streptokinase A,Streptococcus pyogenes serotype M1,P10520,1,0,0,1
CHEMBL127,DB00760,Meropenem,CHEMBL1667695,Metallo-beta-lactamase type 2,Klebsiella pneumoniae,C7C422,1,0,0,1
CHEMBL127,DB00760,Meropenem,CHEMBL1667697,Metallo-beta-lactamase,Klebsiella pneumoniae,Q5GN09,10,0,0,10
CHEMBL127,DB00760,Meropenem,CHEMBL2065,Beta-lactamase TEM,Escherichia coli,P62593,2,0,0,2
CHEMBL127,DB00760,Meropenem,CHEMBL2626,Dipeptidase 1,Sus scrofa,P22412,1,0,0,1
CHEMBL127,DB00760,Meropenem,CHEMBL2725,Beta-lactamase,Enterobacter cloacae,P05364,2,0,0,2
CHEMBL127,DB00760,Meropenem,CHEMBL3072,Androgen receptor,Rattus norvegicus,P15207,2,0,0,2
CHEMBL127,DB00760,Meropenem,CHEMBL330,"Glutamate receptor ionotropic, NMDA 1",Rattus norvegicus,P35439,1,0,0,1
CHEMBL127,DB00760,Meropenem,CHEMBL343,Gamma-aminobutyric acid receptor subunit alpha-1,Rattus norvegicus,P62813,2,0,0,2
CHEMBL127,DB00760,Meropenem,CHEMBL3562178,Beta-lactamase IMP-1,Pseudomonas aeruginosa,Q8G9Q0,2,0,0,2
CHEMBL127,DB00760,Meropenem,CHEMBL3762,Voltage-dependent L-type calcium channel subunit alpha-1C,Rattus norvegicus,P22002,1,0,0,1
CHEMBL127,DB00760,Meropenem,CHEMBL3885665,Beta-lactamase,Escherichia coli,Q53TY8,2,0,0,2
CHEMBL127,DB00760,Meropenem,CHEMBL3885669,Beta-lactamase OXA-23,Acinetobacter baumannii,Q9L4P2,4,0,0,4
CHEMBL127,DB00760,Meropenem,CHEMBL4042,Prostaglandin G/H synthase 1,Rattus norvegicus,Q63921,1,0,0,1
CHEMBL127,DB00760,Meropenem,CHEMBL4523582,Replicase polyprotein 1ab,Severe acute respiratory syndrome coronavirus 2,P0DTD1,2,0,0,2
CHEMBL127,DB00760,Meropenem,CHEMBL5031,Beta-lactamase,Pseudomonas aeruginosa (strain ATCC 15692 / PAO1 / 1C / PRS 101 / LMG12228),P24735,2,0,0,2
CHEMBL127,DB00760,Meropenem,CHEMBL5094,Beta-lactamase SHV-1,Klebsiella pneumoniae,P0AD64,2,0,0,2
CHEMBL127,DB00760,Meropenem,CHEMBL5157,Carbapenem-hydrolyzing beta-lactamase SME-3,Serratia marcescens,Q6PRG8,2,0,0,2
CHEMBL127,DB00760,Meropenem,CHEMBL5482,Beta-lactamase OXA-10,Pseudomonas aeruginosa,P14489,1,0,0,1
CHEMBL127,DB00760,Meropenem,CHEMBL5798,Beta-lactamase VIM-2,Pseudomonas aeruginosa,Q9K2N0,5,0,0,5
CHEMBL127,DB00760,Meropenem,CHEMBL6053,Class A carbapenemase,Klebsiella pneumoniae,A9LM97,1,0,0,1
CHEMBL127,DB00760,Meropenem,CHEMBL6131,Beta-lactamase CTX-M,Escherichia coli,Q9EXV5,2,0,0,2
CHEMBL127,DB00760,Meropenem,CHEMBL6132,Carbapenem-hydrolyzing beta-lactamase KPC,Klebsiella pneumoniae,Q9F663,8,0,0,8
CHEMBL127,DB00760,Meropenem,CHEMBL6187,MecA,Staphylococcus aureus,Q7DHH4,2,0,0,2
CHEMBL12713,DB06144,Sertindole,CHEMBL265,D(1A) dopamine receptor,Rattus norvegicus,P18901,1,0,0,1
CHEMBL12713,DB06144,Sertindole,CHEMBL3072,Androgen receptor,Rattus norvegicus,P15207,2,0,0,2
CHEMBL12713,DB06144,Sertindole,CHEMBL3122,Alpha-1B adrenergic receptor,Mesocricetus auratus,P18841,3,0,0,3
CHEMBL12713,DB06144,Sertindole,CHEMBL319,Alpha-1A adrenergic receptor,Rattus norvegicus,P43140,2,0,0,2
CHEMBL12713,DB06144,Sertindole,CHEMBL322,5-hydroxytryptamine receptor 2A,Rattus norvegicus,P14842,2,0,0,2
CHEMBL12713,DB06144,Sertindole,CHEMBL324,5-hydroxytryptamine receptor 2C,Rattus norvegicus,P08909,1,0,0,1
CHEMBL12713,DB06144,Sertindole,CHEMBL326,Alpha-1D adrenergic receptor,Rattus norvegicus,P23944,3,0,0,3
CHEMBL12713,DB06144,Sertindole,CHEMBL330,"Glutamate receptor ionotropic, NMDA 1",Rattus norvegicus,P35439,1,0,0,1
CHEMBL12713,DB06144,Sertindole,CHEMBL339,D(2) dopamine receptor,Rattus norvegicus,P61169,6,0,0,6
CHEMBL12713,DB06144,Sertindole,CHEMBL343,Gamma-aminobutyric acid receptor subunit alpha-1,Rattus norvegicus,P62813,2,0,0,2
CHEMBL12713,DB06144,Sertindole,CHEMBL3762,Voltage-dependent L-type calcium channel subunit alpha-1C,Rattus norvegicus,P22002,1,0,0,1
CHEMBL12713,DB06144,Sertindole,CHEMBL4042,Prostaglandin G/H synthase 1,Rattus norvegicus,Q63921,1,0,0,1
CHEMBL12713,DB06144,Sertindole,CHEMBL4523582,Replicase polyprotein 1ab,Severe acute respiratory syndrome coronavirus 2,P0DTD1,2,0,0,2
CHEMBL12713,DB06144,Sertindole,CHEMBL4892,Alpha-1A adrenergic receptor,Bos taurus,P18130,3,0,0,3
CHEMBL12713,DB06144,Sertindole,CHEMBL5114,Quinolone resistance protein NorA,Staphylococcus aureus,P0A0J7,1,0,0,1
CHEMBL127516,DB11148,Butamben,CHEMBL1293231,Nuclear receptor ROR-gamma,Mus musculus,P51450,2,0,0,2
CHEMBL127516,DB11148,Butamben,CHEMBL1293254,Ferritin light chain,Equus caballus,P02791,1,0,0,1
CHEMBL127516,DB11148,Butamben,CHEMBL2007624,Peripheral myelin protein 22,Rattus norvegicus,P25094,1,0,0,1
CHEMBL127516,DB11148,Butamben,CHEMBL2026,Beta-lactamase,Escherichia coli K-12,P00811,1,0,0,1
CHEMBL127516,DB11148,Butamben,CHEMBL3072,Androgen receptor,Rattus norvegicus,P15207,2,0,0,2
CHEMBL127516,DB11148,Butamben,CHEMBL330,"Glutamate receptor ionotropic, NMDA 1",Rattus norvegicus,P35439,1,0,0,1
CHEMBL127516,DB11148,Butamben,CHEMBL343,Gamma-aminobutyric acid receptor subunit alpha-1,Rattus norvegicus,P62813,2,0,0,2
CHEMBL127516,DB11148,Butamben,CHEMBL3762,Voltage-dependent L-type calcium channel subunit alpha-1C,Rattus norvegicus,P22002,1,0,0,1
CHEMBL127516,DB11148,Butamben,CHEMBL4042,Prostaglandin G/H synthase 1,Rattus norvegicus,Q63921,1,0,0,1
CHEMBL127516,DB11148,Butamben,CHEMBL4523582,Replicase polyprotein 1ab,Severe acute respiratory syndrome coronavirus 2,P0DTD1,1,0,0,1
CHEMBL127516,DB11148,Butamben,CHEMBL5567,Luciferin 4-monooxygenase,Photinus pyralis,P08659,2,0,0,2
CHEMBL1278,DB00952,Naratriptan,CHEMBL4523582,Replicase polyprotein 1ab,Severe acute respiratory syndrome coronavirus 2,P0DTD1,1,0,0,1
CHEMBL128,DB00669,Sumatriptan,CHEMBL2026,Beta-lactamase,Escherichia coli K-12,P00811,1,0,0,1
CHEMBL128,DB00669,Sumatriptan,CHEMBL2304408,5-hydroxytryptamine receptor 1B,Gorilla gorilla,Q9N2B7,1,0,0,1
CHEMBL128,DB00669,Sumatriptan,CHEMBL273,5-hydroxytryptamine receptor 1A,Rattus norvegicus,P19327,4,0,0,4
CHEMBL128,DB00669,Sumatriptan,CHEMBL3072,Androgen receptor,Rattus norvegicus,P15207,1,0,0,1
CHEMBL128,DB00669,Sumatriptan,CHEMBL322,5-hydroxytryptamine receptor 2A,Rattus norvegicus,P14842,3,0,0,3
CHEMBL128,DB00669,Sumatriptan,CHEMBL324,5-hydroxytryptamine receptor 2C,Rattus norvegicus,P08909,1,0,0,1
CHEMBL128,DB00669,Sumatriptan,CHEMBL330,"Glutamate receptor ionotropic, NMDA 1",Rattus norvegicus,P35439,1,0,0,1
CHEMBL128,DB00669,Sumatriptan,CHEMBL339,D(2) dopamine receptor,Rattus norvegicus,P61169,1,0,0,1
CHEMBL128,DB00669,Sumatriptan,CHEMBL343,Gamma-aminobutyric acid receptor subunit alpha-1,Rattus norvegicus,P62813,2,0,0,2
CHEMBL128,DB00669,Sumatriptan,CHEMBL3459,5-hydroxytryptamine receptor 1B,Rattus norvegicus,P28564,4,0,0,4
CHEMBL128,DB00669,Sumatriptan,CHEMBL3638336,5-hydroxytryptamine 1D receptor,Bos taurus,Q8MI13,1,0,0,1
CHEMBL128,DB00669,Sumatriptan,CHEMBL3737,5-hydroxytryptamine receptor 1A,Mus musculus,Q64264,1,0,0,1
CHEMBL128,DB00669,Sumatriptan,CHEMBL3762,Voltage-dependent L-type calcium channel subunit alpha-1C,Rattus norvegicus,P22002,1,0,0,1
CHEMBL128,DB00669,Sumatriptan,CHEMBL4042,Prostaglandin G/H synthase 1,Rattus norvegicus,Q63921,1,0,0,1
CHEMBL128,DB00669,Sumatriptan,CHEMBL4105,5-hydroxytryptamine receptor 1D,Sus scrofa,P79400,6,0,0,6
CHEMBL128,DB00669,Sumatriptan,CHEMBL4523582,Replicase polyprotein 1ab,Severe acute respiratory syndrome coronavirus 2,P0DTD1,1,0,0,1
CHEMBL128,DB00669,Sumatriptan,CHEMBL5107,Voltage-dependent N-type calcium channel subunit alpha-1B,Rattus norvegicus,Q02294,1,0,0,1
CHEMBL128,DB00669,Sumatriptan,CHEMBL5450,5-hydroxytryptamine receptor 1D,Rattus norvegicus,P28565,2,0,0,2
CHEMBL1286,DB01202,Levetiracetam,CHEMBL1795083,T-complex protein 1 subunit beta,Macaca fascicularis,Q4R6F8,1,0,0,1
CHEMBL1286,DB01202,Levetiracetam,CHEMBL2189159,"Indoleamine 2,3-dioxygenase 2",Mus musculus,Q8R0V5,1,0,0,1
CHEMBL1286,DB01202,Levetiracetam,CHEMBL3072,Androgen receptor,Rattus norvegicus,P15207,2,0,0,2
CHEMBL1286,DB01202,Levetiracetam,CHEMBL330,"Glutamate receptor ionotropic, NMDA 1",Rattus norvegicus,P35439,1,0,0,1
CHEMBL1286,DB01202,Levetiracetam,CHEMBL343,Gamma-aminobutyric acid receptor subunit alpha-1,Rattus norvegicus,P62813,1,0,0,1
CHEMBL1286,DB01202,Levetiracetam,CHEMBL4042,Prostaglandin G/H synthase 1,Rattus norvegicus,Q63921,1,0,0,1
CHEMBL1286,DB01202,Levetiracetam,CHEMBL4381,Synaptic vesicle glycoprotein 2A,Rattus norvegicus,Q02563,1,0,0,1
CHEMBL1286,DB01202,Levetiracetam,CHEMBL4523582,Replicase polyprotein 1ab,Severe acute respiratory syndrome coronavirus 2,P0DTD1,1,0,0,1
CHEMBL1286,DB01202,Levetiracetam,CHEMBL4828,Synaptic vesicular amine transporter,Rattus norvegicus,Q01827,1,0,0,1
CHEMBL1290,DB01359,Penbutolol,CHEMBL273,5-hydroxytryptamine receptor 1A,Rattus norvegicus,P19327,1,0,0,1
CHEMBL1297,DB00573,Fenoprofen,CHEMBL2949,Prostaglandin G/H synthase 1,Ovis aries,P05979,1,0,0,1
CHEMBL1297,DB00573,Fenoprofen,CHEMBL4102,Prostaglandin G/H synthase 2,Ovis aries,P79208,1,0,0,1
CHEMBL1297,DB00573,Fenoprofen,CHEMBL4523582,Replicase polyprotein 1ab,Severe acute respiratory syndrome coronavirus 2,P0DTD1,2,0,0,2
CHEMBL13,DB00264,Metoprolol,CHEMBL273,5-hydroxytryptamine receptor 1A,Rattus norvegicus,P19327,1,0,0,1
CHEMBL13,DB00264,Metoprolol,CHEMBL3072,Androgen receptor,Rattus norvegicus,P15207,1,0,0,1
CHEMBL13,DB00264,Metoprolol,CHEMBL3252,Beta-1 adrenergic receptor,Rattus norvegicus,P18090,8,0,6,2
CHEMBL13,DB00264,Metoprolol,CHEMBL330,"Glutamate receptor ionotropic, NMDA 1",Rattus norvegicus,P35439,1,0,0,1
CHEMBL13,DB00264,Metoprolol,CHEMBL343,Gamma-aminobutyric acid receptor subunit alpha-1,Rattus norvegicus,P62813,2,0,0,2
CHEMBL13,DB00264,Metoprolol,CHEMBL3440,Beta-1 adrenergic receptor,Mus musculus,P34971,1,0,1,0
CHEMBL13,DB00264,Metoprolol,CHEMBL3762,Voltage-dependent L-type calcium channel subunit alpha-1C,Rattus norvegicus,P22002,1,0,0,1
CHEMBL13,DB00264,Metoprolol,CHEMBL4042,Prostaglandin G/H synthase 1,Rattus norvegicus,Q63921,1,0,0,1
CHEMBL13,DB00264,Metoprolol,CHEMBL4105778,Dipeptidyl peptidase 3,Bos mutus,L8I2E6,3,0,3,0
CHEMBL13,DB00264,Metoprolol,CHEMBL5107,Voltage-dependent N-type calcium channel subunit alpha-1B,Rattus norvegicus,Q02294,1,0,0,1
CHEMBL13,DB00264,Metoprolol,CHEMBL5414,Beta-2 adrenergic receptor,Cavia porcellus,Q8K4Z4,3,0,3,0
CHEMBL13,DB00264,Metoprolol,CHEMBL5471,Beta-1 adrenergic receptor,Cavia porcellus,B0FL73,6,0,6,0
CHEMBL1303,DB05271,Rotigotine,CHEMBL2007624,Peripheral myelin protein 22,Rattus norvegicus,P25094,1,0,0,1
CHEMBL1303,DB05271,Rotigotine,CHEMBL2967,D(1A) dopamine receptor,Bos taurus,Q95136,1,0,0,1
CHEMBL1303,DB05271,Rotigotine,CHEMBL3072,Androgen receptor,Rattus norvegicus,P15207,1,0,0,1
CHEMBL1303,DB05271,Rotigotine,CHEMBL343,Gamma-aminobutyric acid receptor subunit alpha-1,Rattus norvegicus,P62813,1,0,0,1
CHEMBL1303,DB05271,Rotigotine,CHEMBL3998,D(2) dopamine receptor,Bos taurus,P20288,1,0,0,1
CHEMBL1303,DB05271,Rotigotine,CHEMBL4042,Prostaglandin G/H synthase 1,Rattus norvegicus,Q63921,1,0,0,1
CHEMBL1303,DB05271,Rotigotine,CHEMBL4523582,Replicase polyprotein 1ab,Severe acute respiratory syndrome coronavirus 2,P0DTD1,1,0,0,1
CHEMBL130880,DB13668,Ipidacrine,CHEMBL4078,Acetylcholinesterase,Electrophorus electricus,O42275,2,0,0,2
CHEMBL130880,DB13668,Ipidacrine,CHEMBL4523582,Replicase polyprotein 1ab,Severe acute respiratory syndrome coronavirus 2,P0DTD1,2,0,0,2
CHEMBL130880,DB13668,Ipidacrine,CHEMBL5763,Cholinesterase,Equus caballus,P81908,2,0,0,2
CHEMBL131,DB00860,Prednisolone,CHEMBL1781859,Solute carrier organic anion transporter family member 1A1,Rattus norvegicus,P46720,1,0,0,1
CHEMBL131,DB00860,Prednisolone,CHEMBL3072,Androgen receptor,Rattus norvegicus,P15207,2,0,0,2
CHEMBL131,DB00860,Prednisolone,CHEMBL3144,Glucocorticoid receptor,Mus musculus,P06537,4,0,0,4
CHEMBL131,DB00860,Prednisolone,CHEMBL330,"Glutamate receptor ionotropic, NMDA 1",Rattus norvegicus,P35439,1,0,0,1
CHEMBL131,DB00860,Prednisolone,CHEMBL3368,Glucocorticoid receptor,Rattus norvegicus,P06536,4,0,0,4
CHEMBL131,DB00860,Prednisolone,CHEMBL343,Gamma-aminobutyric acid receptor subunit alpha-1,Rattus norvegicus,P62813,2,0,0,2
CHEMBL131,DB00860,Prednisolone,CHEMBL3762,Voltage-dependent L-type calcium channel subunit alpha-1C,Rattus norvegicus,P22002,1,0,0,1
CHEMBL131,DB00860,Prednisolone,CHEMBL4042,Prostaglandin G/H synthase 1,Rattus norvegicus,Q63921,1,0,0,1
CHEMBL131,DB00860,Prednisolone,CHEMBL4523582,Replicase polyprotein 1ab,Severe acute respiratory syndrome coronavirus 2,P0DTD1,2,0,0,2
CHEMBL131,DB00860,Prednisolone,CHEMBL5107,Voltage-dependent N-type calcium channel subunit alpha-1B,Rattus norvegicus,Q02294,1,0,0,1
CHEMBL131,DB00860,Prednisolone,CHEMBL5150,Luciferin 4-monooxygenase,Photuris pensylvanica,Q27757,1,0,0,1
CHEMBL131,DB00860,Prednisolone,CHEMBL5738,"Fatty acid-binding protein, liver",Rattus norvegicus,P02692,2,0,0,2
CHEMBL1324,DB00323,Tolcapone,CHEMBL2073674,Bile salt export pump,Rattus norvegicus,O70127,1,0,1,0
CHEMBL1324,DB00323,Tolcapone,CHEMBL2372,Catechol O-methyltransferase,Rattus norvegicus,P22734,34,0,22,12
CHEMBL1324,DB00323,Tolcapone,CHEMBL3072,Androgen receptor,Rattus norvegicus,P15207,1,0,0,1
CHEMBL1324,DB00323,Tolcapone,CHEMBL3286068,Catechol O-methyltransferase,Mus musculus,O88587,4,0,4,0
CHEMBL1324,DB00323,Tolcapone,CHEMBL330,"Glutamate receptor ionotropic, NMDA 1",Rattus norvegicus,P35439,1,0,0,1
CHEMBL1324,DB00323,Tolcapone,CHEMBL343,Gamma-aminobutyric acid receptor subunit alpha-1,Rattus norvegicus,P62813,2,0,0,2
CHEMBL1324,DB00323,Tolcapone,CHEMBL3762,Voltage-dependent L-type calcium channel subunit alpha-1C,Rattus norvegicus,P22002,1,0,0,1
CHEMBL1324,DB00323,Tolcapone,CHEMBL4042,Prostaglandin G/H synthase 1,Rattus norvegicus,Q63921,1,0,0,1
CHEMBL1324,DB00323,Tolcapone,CHEMBL4523582,Replicase polyprotein 1ab,Severe acute respiratory syndrome coronavirus 2,P0DTD1,3,0,3,0
CHEMBL1324,DB00323,Tolcapone,CHEMBL5419,Genome polyprotein,West Nile virus,P06935,1,0,1,0
CHEMBL1324,DB00323,Tolcapone,CHEMBL5567,Luciferin 4-monooxygenase,Photinus pyralis,P08659,1,0,0,1
CHEMBL1324,DB00323,Tolcapone,CHEMBL5980,Genome polyprotein,dengue virus type 2,P29990,7,0,7,0
CHEMBL1328898,DB13313,Melevodopa,CHEMBL276,Muscarinic acetylcholine receptor M1,Rattus norvegicus,P08482,1,0,0,1
CHEMBL1328898,DB13313,Melevodopa,CHEMBL343,Gamma-aminobutyric acid receptor subunit alpha-1,Rattus norvegicus,P62813,1,0,0,1
CHEMBL1328898,DB13313,Melevodopa,CHEMBL4523582,Replicase polyprotein 1ab,Severe acute respiratory syndrome coronavirus 2,P0DTD1,1,0,0,1
CHEMBL1328898,DB13313,Melevodopa,CHEMBL6035,"Thioredoxin reductase 1, cytoplasmic",Rattus norvegicus,O89049,4,0,0,4
CHEMBL1331216,DB00424,Hyoscyamine,CHEMBL2026,Beta-lactamase,Escherichia coli K-12,P00811,1,0,0,1
CHEMBL1331216,DB00424,Hyoscyamine,CHEMBL3072,Androgen receptor,Rattus norvegicus,P15207,1,0,0,1
CHEMBL1331216,DB00424,Hyoscyamine,CHEMBL330,"Glutamate receptor ionotropic, NMDA 1",Rattus norvegicus,P35439,1,0,0,1
CHEMBL1331216,DB00424,Hyoscyamine,CHEMBL343,Gamma-aminobutyric acid receptor subunit alpha-1,Rattus norvegicus,P62813,2,0,0,2
CHEMBL1331216,DB00424,Hyoscyamine,CHEMBL3762,Voltage-dependent L-type calcium channel subunit alpha-1C,Rattus norvegicus,P22002,1,0,0,1
CHEMBL1331216,DB00424,Hyoscyamine,CHEMBL4042,Prostaglandin G/H synthase 1,Rattus norvegicus,Q63921,1,0,0,1
CHEMBL1331216,DB00424,Hyoscyamine,CHEMBL4078,Acetylcholinesterase,Electrophorus electricus,O42275,1,0,0,1
CHEMBL1331216,DB00424,Hyoscyamine,CHEMBL4523582,Replicase polyprotein 1ab,Severe acute respiratory syndrome coronavirus 2,P0DTD1,1,0,0,1
CHEMBL1331216,DB00424,Hyoscyamine,CHEMBL5763,Cholinesterase,Equus caballus,P81908,1,0,0,1
CHEMBL1336,DB00398,Sorafenib,CHEMBL1293231,Nuclear receptor ROR-gamma,Mus musculus,P51450,2,0,0,2
CHEMBL1336,DB00398,Sorafenib,CHEMBL1908385,Serine/threonine-protein kinase PknB,Mycobacterium tuberculosis,P9WI81,1,0,0,1
CHEMBL1336,DB00398,Sorafenib,CHEMBL1908387,Calcium-dependent protein kinase 1,Plasmodium falciparum,P62344,1,0,0,1
CHEMBL1336,DB00398,Sorafenib,CHEMBL1908388,Cyclin-dependent kinase 2 homolog,Plasmodium falciparum (isolate 3D7),P61075,1,0,0,1
CHEMBL1336,DB00398,Sorafenib,CHEMBL2007624,Peripheral myelin protein 22,Rattus norvegicus,P25094,2,0,0,2
CHEMBL1336,DB00398,Sorafenib,CHEMBL2331049,Vascular endothelial growth factor receptor 2,Danio rerio,Q5GIT4,1,0,0,1
CHEMBL1336,DB00398,Sorafenib,CHEMBL2331061,Serine/threonine-protein kinase B-raf,Mus musculus,P28028,1,0,0,1
CHEMBL1336,DB00398,Sorafenib,CHEMBL2480,Proto-oncogene tyrosine-protein kinase LCK,Mus musculus,P06240,1,0,0,1
CHEMBL1336,DB00398,Sorafenib,CHEMBL2749,Platelet-derived growth factor receptor beta,Mus musculus,P05622,1,0,0,1
CHEMBL1336,DB00398,Sorafenib,CHEMBL3062,"Myosin light chain kinase, smooth muscle",Gallus gallus,P11799,1,0,0,1
CHEMBL1336,DB00398,Sorafenib,CHEMBL3072,Androgen receptor,Rattus norvegicus,P15207,2,0,0,2
CHEMBL1336,DB00398,Sorafenib,CHEMBL3099,Tyrosine-protein kinase ABL1,Mus musculus,P00520,1,0,0,1
CHEMBL1336,DB00398,Sorafenib,CHEMBL330,"Glutamate receptor ionotropic, NMDA 1",Rattus norvegicus,P35439,1,0,0,1
CHEMBL1336,DB00398,Sorafenib,CHEMBL3337,Vascular endothelial growth factor receptor 2,Mus musculus,P35918,1,0,0,1
CHEMBL1336,DB00398,Sorafenib,CHEMBL343,Gamma-aminobutyric acid receptor subunit alpha-1,Rattus norvegicus,P62813,2,0,0,2
CHEMBL1336,DB00398,Sorafenib,CHEMBL3608,Epidermal growth factor receptor,Mus musculus,Q01279,1,0,0,1
CHEMBL1336,DB00398,Sorafenib,CHEMBL3655,Proto-oncogene tyrosine-protein kinase Src,Gallus gallus,P00523,1,0,0,1
CHEMBL1336,DB00398,Sorafenib,CHEMBL3762,Voltage-dependent L-type calcium channel subunit alpha-1C,Rattus norvegicus,P22002,1,0,0,1
CHEMBL1336,DB00398,Sorafenib,CHEMBL4042,Prostaglandin G/H synthase 1,Rattus norvegicus,Q63921,1,0,0,1
CHEMBL1336,DB00398,Sorafenib,CHEMBL4523582,Replicase polyprotein 1ab,Severe acute respiratory syndrome coronavirus 2,P0DTD1,1,0,0,1
CHEMBL1336,DB00398,Sorafenib,CHEMBL5686,ATP-dependent 6-phosphofructokinase,Trypanosoma brucei,O15648,1,0,0,1
CHEMBL134,DB00575,Clonidine,CHEMBL1293238,Inositol monophosphatase 1,Rattus norvegicus,P97697,1,0,0,1
CHEMBL134,DB00575,Clonidine,CHEMBL1293254,Ferritin light chain,Equus caballus,P02791,1,0,0,1
CHEMBL134,DB00575,Clonidine,CHEMBL2073670,Solute carrier family 22 member 1,Rattus norvegicus,Q63089,1,0,0,1
CHEMBL134,DB00575,Clonidine,CHEMBL2073684,Solute carrier family 22 member 3,Mus musculus,Q9WTW5,1,0,0,1
CHEMBL134,DB00575,Clonidine,CHEMBL266,Alpha-2B adrenergic receptor,Rattus norvegicus,P19328,3,0,0,3
CHEMBL134,DB00575,Clonidine,CHEMBL273,5-hydroxytryptamine receptor 1A,Rattus norvegicus,P19327,2,0,0,2
CHEMBL134,DB00575,Clonidine,CHEMBL276,Muscarinic acetylcholine receptor M1,Rattus norvegicus,P08482,2,0,0,2
CHEMBL134,DB00575,Clonidine,CHEMBL3072,Androgen receptor,Rattus norvegicus,P15207,1,0,0,1
CHEMBL134,DB00575,Clonidine,CHEMBL315,Alpha-1B adrenergic receptor,Rattus norvegicus,P15823,2,0,0,2
CHEMBL134,DB00575,Clonidine,CHEMBL319,Alpha-1A adrenergic receptor,Rattus norvegicus,P43140,3,0,0,3
CHEMBL134,DB00575,Clonidine,CHEMBL327,Alpha-2A adrenergic receptor,Rattus norvegicus,P22909,3,0,0,3
CHEMBL134,DB00575,Clonidine,CHEMBL330,"Glutamate receptor ionotropic, NMDA 1",Rattus norvegicus,P35439,1,0,0,1
CHEMBL134,DB00575,Clonidine,CHEMBL343,Gamma-aminobutyric acid receptor subunit alpha-1,Rattus norvegicus,P62813,2,0,0,2
CHEMBL134,DB00575,Clonidine,CHEMBL3563,Cruzipain,Trypanosoma cruzi,P25779,1,0,0,1
CHEMBL134,DB00575,Clonidine,CHEMBL3762,Voltage-dependent L-type calcium channel subunit alpha-1C,Rattus norvegicus,P22002,1,0,0,1
CHEMBL134,DB00575,Clonidine,CHEMBL3988626,Alpha-1B adrenergic receptor,Cricetulus griseus,G3HDX1,1,0,0,1
CHEMBL134,DB00575,Clonidine,CHEMBL4042,Prostaglandin G/H synthase 1,Rattus norvegicus,Q63921,1,0,0,1
CHEMBL134,DB00575,Clonidine,CHEMBL4523582,Replicase polyprotein 1ab,Severe acute respiratory syndrome coronavirus 2,P0DTD1,1,0,0,1
CHEMBL134,DB00575,Clonidine,CHEMBL4592,Amine oxidase [copper-containing] 3,Rattus norvegicus,O08590,1,0,0,1
CHEMBL134,DB00575,Clonidine,CHEMBL4744,Alpha-2A adrenergic receptor,Bos taurus,Q28838,1,0,0,1
CHEMBL134,DB00575,Clonidine,CHEMBL4892,Alpha-1A adrenergic receptor,Bos taurus,P18130,1,0,0,1
CHEMBL134,DB00575,Clonidine,CHEMBL5107,Voltage-dependent N-type calcium channel subunit alpha-1B,Rattus norvegicus,Q02294,1,0,0,1
CHEMBL134,DB00575,Clonidine,CHEMBL5221,Nischarin,Rattus norvegicus,Q4G017,6,0,0,6
CHEMBL134,DB00575,Clonidine,CHEMBL5471,Beta-1 adrenergic receptor,Cavia porcellus,B0FL73,2,0,0,2
CHEMBL135,DB00783,Estradiol,CHEMBL1293303,Nonstructural protein 1,Influenza A virus,Q194T2,1,0,1,0
CHEMBL135,DB00783,Estradiol,CHEMBL1641355,Aldehyde oxidase 1,Rattus norvegicus,Q9Z0U5,1,0,1,0
CHEMBL135,DB00783,Estradiol,CHEMBL1641356,Aldehyde oxidase 1,Oryctolagus cuniculus,P80456,1,0,1,0
CHEMBL135,DB00783,Estradiol,CHEMBL1641357,Aldehyde oxidase 1,Macaca fascicularis,Q5FB27,1,0,1,0
CHEMBL135,DB00783,Estradiol,CHEMBL1770032,Solute carrier family 22 member 2,Rattus norvegicus,Q9R0W2,1,0,0,1
CHEMBL135,DB00783,Estradiol,CHEMBL1770033,Solute carrier family 22 member 3,Rattus norvegicus,O88446,1,0,0,1
CHEMBL135,DB00783,Estradiol,CHEMBL1781859,Solute carrier organic anion transporter family member 1A1,Rattus norvegicus,P46720,2,0,1,1
CHEMBL135,DB00783,Estradiol,CHEMBL1909044,Progesterone receptor,Bos taurus,Q690N0,2,0,2,0
CHEMBL135,DB00783,Estradiol,CHEMBL2146315,Nuclear receptor subfamily 1 group I member 2,Rattus norvegicus,Q9R1A7,1,0,1,0
CHEMBL135,DB00783,Estradiol,CHEMBL2596,Progesterone receptor,Rattus norvegicus,Q63449,1,0,1,0
CHEMBL135,DB00783,Estradiol,CHEMBL2724,Estrogen receptor,Rattus norvegicus,P06211,3,0,2,1
CHEMBL135,DB00783,Estradiol,CHEMBL2995,Estrogen receptor beta,Mus musculus,B2RUC6,1,0,1,0
CHEMBL135,DB00783,Estradiol,CHEMBL2995,Estrogen receptor beta,Mus musculus,E9QKX7,1,0,1,0
CHEMBL135,DB00783,Estradiol,CHEMBL2995,Estrogen receptor beta,Mus musculus,O08537,1,0,1,0
CHEMBL135,DB00783,Estradiol,CHEMBL2995,Estrogen receptor beta,Mus musculus,O35635,1,0,1,0
CHEMBL135,DB00783,Estradiol,CHEMBL2995,Estrogen receptor beta,Mus musculus,O70519,1,0,1,0
CHEMBL135,DB00783,Estradiol,CHEMBL2995,Estrogen receptor beta,Mus musculus,Q8BG65,1,0,1,0
CHEMBL135,DB00783,Estradiol,CHEMBL2995,Estrogen receptor beta,Mus musculus,Q91Z86,1,0,1,0
CHEMBL135,DB00783,Estradiol,CHEMBL3021,Estrogen receptor beta,Rattus norvegicus,Q62986,4,0,3,1
CHEMBL135,DB00783,Estradiol,CHEMBL3065,Estrogen receptor,Mus musculus,P19785,1,0,1,0
CHEMBL135,DB00783,Estradiol,CHEMBL3065,Estrogen receptor,Mus musculus,Q9JJT5,1,0,1,0
CHEMBL135,DB00783,Estradiol,CHEMBL3065,Estrogen receptor,Mus musculus,Q9QY51,1,0,1,0
CHEMBL135,DB00783,Estradiol,CHEMBL3065,Estrogen receptor,Mus musculus,Q9QY52,1,0,1,0
CHEMBL135,DB00783,Estradiol,CHEMBL3072,Androgen receptor,Rattus norvegicus,P15207,5,0,4,1
CHEMBL135,DB00783,Estradiol,CHEMBL330,"Glutamate receptor ionotropic, NMDA 1",Rattus norvegicus,P35439,1,0,0,1
CHEMBL135,DB00783,Estradiol,CHEMBL3368,Glucocorticoid receptor,Rattus norvegicus,P06536,1,0,1,0
CHEMBL135,DB00783,Estradiol,CHEMBL343,Gamma-aminobutyric acid receptor subunit alpha-1,Rattus norvegicus,P62813,2,0,0,2
CHEMBL135,DB00783,Estradiol,CHEMBL3762,Voltage-dependent L-type calcium channel subunit alpha-1C,Rattus norvegicus,P22002,1,0,0,1
CHEMBL135,DB00783,Estradiol,CHEMBL4042,Prostaglandin G/H synthase 1,Rattus norvegicus,Q63921,1,0,0,1
CHEMBL135,DB00783,Estradiol,CHEMBL4295650,3-hydroxyacyl-CoA dehydrogenase type-2,Mus musculus,O08756,2,0,2,0
CHEMBL135,DB00783,Estradiol,CHEMBL4358,Polyunsaturated fatty acid lipoxygenase ALOX15,Oryctolagus cuniculus,P12530,1,0,1,0
CHEMBL135,DB00783,Estradiol,CHEMBL4523582,Replicase polyprotein 1ab,Severe acute respiratory syndrome coronavirus 2,P0DTD1,3,0,3,0
CHEMBL135,DB00783,Estradiol,CHEMBL5107,Voltage-dependent N-type calcium channel subunit alpha-1B,Rattus norvegicus,Q02294,1,0,0,1
CHEMBL135,DB00783,Estradiol,CHEMBL5567,Luciferin 4-monooxygenase,Photinus pyralis,P08659,2,0,0,2
CHEMBL135400,DB01198,Zopiclone,CHEMBL3072,Androgen receptor,Rattus norvegicus,P15207,3,0,0,3
CHEMBL135400,DB01198,Zopiclone,CHEMBL330,"Glutamate receptor ionotropic, NMDA 1",Rattus norvegicus,P35439,1,0,0,1
CHEMBL135400,DB01198,Zopiclone,CHEMBL343,Gamma-aminobutyric acid receptor subunit alpha-1,Rattus norvegicus,P62813,2,0,0,2
CHEMBL135400,DB01198,Zopiclone,CHEMBL3762,Voltage-dependent L-type calcium channel subunit alpha-1C,Rattus norvegicus,P22002,1,0,0,1
CHEMBL135400,DB01198,Zopiclone,CHEMBL4042,Prostaglandin G/H synthase 1,Rattus norvegicus,Q63921,1,0,0,1
CHEMBL135400,DB01198,Zopiclone,CHEMBL5107,Voltage-dependent N-type calcium channel subunit alpha-1B,Rattus norvegicus,Q02294,1,0,0,1
CHEMBL1355736,DB00277,Theophylline,CHEMBL1293231,Nuclear receptor ROR-gamma,Mus musculus,P51450,1,0,1,0
CHEMBL1355736,DB00277,Theophylline,CHEMBL1293238,Inositol monophosphatase 1,Rattus norvegicus,P97697,1,0,1,0
CHEMBL1355736,DB00277,Theophylline,CHEMBL1293248,4'-phosphopantetheinyl transferase ffp,Bacillus subtilis,Q9F4F7,1,0,1,0
CHEMBL1355736,DB00277,Theophylline,CHEMBL2007624,Peripheral myelin protein 22,Rattus norvegicus,P25094,1,0,0,1
CHEMBL1355736,DB00277,Theophylline,CHEMBL2304404,Adenosine receptor A1,Cavia porcellus,P47745,8,0,8,0
CHEMBL1355736,DB00277,Theophylline,CHEMBL2366406,PDE7B protein,Bos taurus,A6QP37,1,0,1,0
CHEMBL1355736,DB00277,Theophylline,CHEMBL2592,Adenosine receptor A2b,Rattus norvegicus,P29276,3,0,3,0
CHEMBL1355736,DB00277,Theophylline,CHEMBL2605,Adenosine receptor A2a,Cavia porcellus,P46616,4,0,4,0
CHEMBL1355736,DB00277,Theophylline,CHEMBL2650,"Dual specificity calcium/calmodulin-dependent 3',5'-cyclic nucleotide phosphodiesterase 1B",Bos taurus,Q01061,1,0,0,1
CHEMBL1355736,DB00277,Theophylline,CHEMBL302,Adenosine receptor A2a,Rattus norvegicus,P30543,11,0,6,5
CHEMBL1355736,DB00277,Theophylline,CHEMBL3072,Androgen receptor,Rattus norvegicus,P15207,1,0,0,1
CHEMBL1355736,DB00277,Theophylline,CHEMBL318,Adenosine receptor A1,Rattus norvegicus,P25099,37,0,17,20
CHEMBL1355736,DB00277,Theophylline,CHEMBL330,"Glutamate receptor ionotropic, NMDA 1",Rattus norvegicus,P35439,1,0,0,1
CHEMBL1355736,DB00277,Theophylline,CHEMBL3360,Adenosine receptor A3,Rattus norvegicus,P28647,4,0,3,1
CHEMBL1355736,DB00277,Theophylline,CHEMBL343,Gamma-aminobutyric acid receptor subunit alpha-1,Rattus norvegicus,P62813,3,0,0,3
CHEMBL1355736,DB00277,Theophylline,CHEMBL3477,"cGMP-dependent 3',5'-cyclic phosphodiesterase",Bos taurus,P14099,1,0,0,1
CHEMBL1355736,DB00277,Theophylline,CHEMBL3762,Voltage-dependent L-type calcium channel subunit alpha-1C,Rattus norvegicus,P22002,1,0,0,1
CHEMBL1355736,DB00277,Theophylline,CHEMBL3774,"Dual specificity calcium/calmodulin-dependent 3',5'-cyclic nucleotide phosphodiesterase 1A",Bos taurus,P14100,1,0,1,0
CHEMBL1355736,DB00277,Theophylline,CHEMBL4042,Prostaglandin G/H synthase 1,Rattus norvegicus,Q63921,1,0,0,1
CHEMBL1355736,DB00277,Theophylline,CHEMBL4372,Lethal factor,Bacillus anthracis,P15917,1,0,1,0
CHEMBL1355736,DB00277,Theophylline,CHEMBL4523582,Replicase polyprotein 1ab,Severe acute respiratory syndrome coronavirus 2,P0DTD1,1,0,1,0
CHEMBL1355736,DB00277,Theophylline,CHEMBL4975,Adenosine receptor A1,Bos taurus,P28190,13,0,10,3
CHEMBL1355736,DB00277,Theophylline,CHEMBL5107,Voltage-dependent N-type calcium channel subunit alpha-1B,Rattus norvegicus,Q02294,1,0,0,1
CHEMBL1355736,DB00277,Theophylline,CHEMBL5129,Phosphodiesterase 3B,Bos taurus,E1BN64,3,0,3,0
CHEMBL1355736,DB00277,Theophylline,CHEMBL5686,ATP-dependent 6-phosphofructokinase,Trypanosoma brucei,O15648,1,0,1,0
CHEMBL1355736,DB00277,Theophylline,CHEMBL6035,"Thioredoxin reductase 1, cytoplasmic",Rattus norvegicus,O89049,1,0,0,1
CHEMBL1359,DB00303,Ertapenem,CHEMBL1287604,Beta-lactamase OXA-48,Klebsiella pneumoniae,Q6XEC0,1,0,1,0
CHEMBL1359,DB00303,Ertapenem,CHEMBL343,Gamma-aminobutyric acid receptor subunit alpha-1,Rattus norvegicus,P62813,1,0,0,1
CHEMBL1359,DB00303,Ertapenem,CHEMBL6053,Class A carbapenemase,Klebsiella pneumoniae,A9LM97,1,0,1,0
CHEMBL137,DB00916,Metronidazole,CHEMBL3072,Androgen receptor,Rattus norvegicus,P15207,1,0,0,1
CHEMBL137,DB00916,Metronidazole,CHEMBL330,"Glutamate receptor ionotropic, NMDA 1",Rattus norvegicus,P35439,1,0,0,1
CHEMBL137,DB00916,Metronidazole,CHEMBL343,Gamma-aminobutyric acid receptor subunit alpha-1,Rattus norvegicus,P62813,2,0,0,2
CHEMBL137,DB00916,Metronidazole,CHEMBL3762,Voltage-dependent L-type calcium channel subunit alpha-1C,Rattus norvegicus,P22002,1,0,0,1
CHEMBL137,DB00916,Metronidazole,CHEMBL3879846,Thioredoxin reductase,Entamoeba histolytica,C4LW95,1,0,0,1
CHEMBL137,DB00916,Metronidazole,CHEMBL4042,Prostaglandin G/H synthase 1,Rattus norvegicus,Q63921,1,0,0,1
CHEMBL137,DB00916,Metronidazole,CHEMBL4523582,Replicase polyprotein 1ab,Severe acute respiratory syndrome coronavirus 2,P0DTD1,1,0,0,1
CHEMBL1370,DB01222,Budesonide,CHEMBL1163111,Interleukin-5,Mus musculus,P04401,16,0,0,16
CHEMBL1370,DB01222,Budesonide,CHEMBL1293231,Nuclear receptor ROR-gamma,Mus musculus,P51450,1,0,0,1
CHEMBL1370,DB01222,Budesonide,CHEMBL1909044,Progesterone receptor,Bos taurus,Q690N0,2,0,0,2
CHEMBL1370,DB01222,Budesonide,CHEMBL3072,Androgen receptor,Rattus norvegicus,P15207,4,0,0,4
CHEMBL1370,DB01222,Budesonide,CHEMBL330,"Glutamate receptor ionotropic, NMDA 1",Rattus norvegicus,P35439,1,0,0,1
CHEMBL1370,DB01222,Budesonide,CHEMBL3368,Glucocorticoid receptor,Rattus norvegicus,P06536,1,0,0,1
CHEMBL1370,DB01222,Budesonide,CHEMBL343,Gamma-aminobutyric acid receptor subunit alpha-1,Rattus norvegicus,P62813,2,0,0,2
CHEMBL1370,DB01222,Budesonide,CHEMBL3762,Voltage-dependent L-type calcium channel subunit alpha-1C,Rattus norvegicus,P22002,1,0,0,1
CHEMBL1370,DB01222,Budesonide,CHEMBL4042,Prostaglandin G/H synthase 1,Rattus norvegicus,Q63921,1,0,0,1
CHEMBL1370,DB01222,Budesonide,CHEMBL4523198,Interleukin-5 receptor subunit alpha,Mus musculus,P21183,2,0,0,2
CHEMBL1370,DB01222,Budesonide,CHEMBL4523582,Replicase polyprotein 1ab,Severe acute respiratory syndrome coronavirus 2,P0DTD1,2,0,0,2
CHEMBL1370,DB01222,Budesonide,CHEMBL5686,ATP-dependent 6-phosphofructokinase,Trypanosoma brucei,O15648,1,0,0,1
CHEMBL1371770,DB12478,Piribedil,CHEMBL276,Muscarinic acetylcholine receptor M1,Rattus norvegicus,P08482,2,0,0,2
CHEMBL1371770,DB12478,Piribedil,CHEMBL3072,Androgen receptor,Rattus norvegicus,P15207,1,0,0,1
CHEMBL1371770,DB12478,Piribedil,CHEMBL343,Gamma-aminobutyric acid receptor subunit alpha-1,Rattus norvegicus,P62813,1,0,0,1
CHEMBL1371770,DB12478,Piribedil,CHEMBL4042,Prostaglandin G/H synthase 1,Rattus norvegicus,Q63921,1,0,0,1
CHEMBL1373,DB00745,Modafinil,CHEMBL304,Norepinephrine transporter,Rattus norvegicus,Q9WTR4,2,0,0,2
CHEMBL1373,DB00745,Modafinil,CHEMBL3072,Androgen receptor,Rattus norvegicus,P15207,1,0,0,1
CHEMBL1373,DB00745,Modafinil,CHEMBL313,Sodium-dependent serotonin transporter,Rattus norvegicus,P31652,6,0,0,6
CHEMBL1373,DB00745,Modafinil,CHEMBL330,"Glutamate receptor ionotropic, NMDA 1",Rattus norvegicus,P35439,1,0,0,1
CHEMBL1373,DB00745,Modafinil,CHEMBL338,Sodium-dependent dopamine transporter,Rattus norvegicus,P23977,14,0,0,14
CHEMBL1373,DB00745,Modafinil,CHEMBL343,Gamma-aminobutyric acid receptor subunit alpha-1,Rattus norvegicus,P62813,2,0,0,2
CHEMBL1373,DB00745,Modafinil,CHEMBL3762,Voltage-dependent L-type calcium channel subunit alpha-1C,Rattus norvegicus,P22002,1,0,0,1
CHEMBL1373,DB00745,Modafinil,CHEMBL4042,Prostaglandin G/H synthase 1,Rattus norvegicus,Q63921,1,0,0,1
CHEMBL1373,DB00745,Modafinil,CHEMBL4523582,Replicase polyprotein 1ab,Severe acute respiratory syndrome coronavirus 2,P0DTD1,1,0,0,1
CHEMBL1373,DB00745,Modafinil,CHEMBL5107,Voltage-dependent N-type calcium channel subunit alpha-1B,Rattus norvegicus,Q02294,1,0,0,1
CHEMBL1373,DB00745,Modafinil,CHEMBL6110,Thioredoxin glutathione reductase,Schistosoma mansoni,Q962Y6,1,0,0,1
CHEMBL1373,DB00745,Modafinil,CHEMBL6184,Transporter,Rattus norvegicus,Q63380,2,0,0,2
CHEMBL13766,DB11359,Guaiacol,CHEMBL2026,Beta-lactamase,Escherichia coli K-12,P00811,1,0,0,1
CHEMBL13766,DB11359,Guaiacol,CHEMBL2146315,Nuclear receptor subfamily 1 group I member 2,Rattus norvegicus,Q9R1A7,1,0,0,1
CHEMBL13766,DB11359,Guaiacol,CHEMBL3318,Tyrosinase,Agaricus bisporus,O42713,1,0,0,1
CHEMBL13766,DB11359,Guaiacol,CHEMBL3464,"Nitric oxide synthase, inducible",Mus musculus,P29477,1,0,0,1
CHEMBL13766,DB11359,Guaiacol,CHEMBL4372,Lethal factor,Bacillus anthracis,P15917,2,0,0,2
CHEMBL1382,DB01036,Tolterodine,CHEMBL1293231,Nuclear receptor ROR-gamma,Mus musculus,P51450,1,0,1,0
CHEMBL1382,DB01036,Tolterodine,CHEMBL1293238,Inositol monophosphatase 1,Rattus norvegicus,P97697,1,0,1,0
CHEMBL1382,DB01036,Tolterodine,CHEMBL2366456,Voltage-dependent L-type calcium channel subunit alpha-1C,Cavia porcellus,O35505,1,0,1,0
CHEMBL1382,DB01036,Tolterodine,CHEMBL276,Muscarinic acetylcholine receptor M1,Rattus norvegicus,P08482,1,0,1,0
CHEMBL1382,DB01036,Tolterodine,CHEMBL277,Muscarinic acetylcholine receptor M5,Rattus norvegicus,P08911,1,0,1,0
CHEMBL1382,DB01036,Tolterodine,CHEMBL3072,Androgen receptor,Rattus norvegicus,P15207,1,0,0,1
CHEMBL1382,DB01036,Tolterodine,CHEMBL309,Muscarinic acetylcholine receptor M2,Rattus norvegicus,P10980,2,0,2,0
CHEMBL1382,DB01036,Tolterodine,CHEMBL317,Muscarinic acetylcholine receptor M4,Rattus norvegicus,P08485,1,0,1,0
CHEMBL1382,DB01036,Tolterodine,CHEMBL320,Muscarinic acetylcholine receptor M3,Rattus norvegicus,P08483,2,0,2,0
CHEMBL1382,DB01036,Tolterodine,CHEMBL330,"Glutamate receptor ionotropic, NMDA 1",Rattus norvegicus,P35439,1,0,0,1
CHEMBL1382,DB01036,Tolterodine,CHEMBL343,Gamma-aminobutyric acid receptor subunit alpha-1,Rattus norvegicus,P62813,3,0,0,3
CHEMBL1382,DB01036,Tolterodine,CHEMBL3762,Voltage-dependent L-type calcium channel subunit alpha-1C,Rattus norvegicus,P22002,1,0,0,1
CHEMBL1382,DB01036,Tolterodine,CHEMBL4042,Prostaglandin G/H synthase 1,Rattus norvegicus,Q63921,1,0,0,1
CHEMBL1382,DB01036,Tolterodine,CHEMBL4523582,Replicase polyprotein 1ab,Severe acute respiratory syndrome coronavirus 2,P0DTD1,1,0,1,0
CHEMBL1382,DB01036,Tolterodine,CHEMBL5107,Voltage-dependent N-type calcium channel subunit alpha-1B,Rattus norvegicus,Q02294,1,0,0,1
CHEMBL1382,DB01036,Tolterodine,CHEMBL5498,Muscarinic acetylcholine receptor M3,Cavia porcellus,Q8VH26,1,0,1,0
CHEMBL1384,DB01172,Kanamycin,CHEMBL2280,Acyl-protein thioesterase 1,Rattus norvegicus,P70470,1,0,0,1
CHEMBL1384,DB01172,Kanamycin,CHEMBL2307,Phospholipase A1 member A,Rattus norvegicus,P97535,1,0,0,1
CHEMBL1384,DB01172,Kanamycin,CHEMBL3072,Androgen receptor,Rattus norvegicus,P15207,1,0,0,1
CHEMBL1384,DB01172,Kanamycin,CHEMBL330,"Glutamate receptor ionotropic, NMDA 1",Rattus norvegicus,P35439,1,0,0,1
CHEMBL1384,DB01172,Kanamycin,CHEMBL343,Gamma-aminobutyric acid receptor subunit alpha-1,Rattus norvegicus,P62813,2,0,0,2
CHEMBL1384,DB01172,Kanamycin,CHEMBL3762,Voltage-dependent L-type calcium channel subunit alpha-1C,Rattus norvegicus,P22002,1,0,0,1
CHEMBL1384,DB01172,Kanamycin,CHEMBL4042,Prostaglandin G/H synthase 1,Rattus norvegicus,Q63921,1,0,0,1
CHEMBL1384,DB01172,Kanamycin,CHEMBL4078,Acetylcholinesterase,Electrophorus electricus,O42275,1,0,0,1
CHEMBL1384,DB01172,Kanamycin,CHEMBL4914,Beta-ketoacyl-[acyl-carrier-protein] synthase III,Escherichia coli K-12,P0A6R0,1,0,0,1
CHEMBL1384,DB01172,Kanamycin,CHEMBL5763,Cholinesterase,Equus caballus,P81908,1,0,0,1
CHEMBL1389,DB00367,Levonorgestrel,CHEMBL343,Gamma-aminobutyric acid receptor subunit alpha-1,Rattus norvegicus,P62813,1,0,0,1
CHEMBL1389,DB00367,Levonorgestrel,CHEMBL4523582,Replicase polyprotein 1ab,Severe acute respiratory syndrome coronavirus 2,P0DTD1,3,0,3,0
CHEMBL139,DB00586,Diclofenac,CHEMBL1777665,Solute carrier family 22 member 6,Rattus norvegicus,O35956,1,0,0,1
CHEMBL139,DB00586,Diclofenac,CHEMBL2359,Calcium/calmodulin-dependent protein kinase type II subunit alpha,Rattus norvegicus,P11275,1,0,0,1
CHEMBL139,DB00586,Diclofenac,CHEMBL281,Carbonic anhydrase 4,Bos taurus,Q95323,1,0,0,1
CHEMBL139,DB00586,Diclofenac,CHEMBL2860,Prostaglandin G/H synthase 1,Bos taurus,O62664,1,0,0,1
CHEMBL139,DB00586,Diclofenac,CHEMBL2949,Prostaglandin G/H synthase 1,Ovis aries,P05979,25,0,0,25
CHEMBL139,DB00586,Diclofenac,CHEMBL3072,Androgen receptor,Rattus norvegicus,P15207,1,0,0,1
CHEMBL139,DB00586,Diclofenac,CHEMBL330,"Glutamate receptor ionotropic, NMDA 1",Rattus norvegicus,P35439,1,0,0,1
CHEMBL139,DB00586,Diclofenac,CHEMBL343,Gamma-aminobutyric acid receptor subunit alpha-1,Rattus norvegicus,P62813,2,0,0,2
CHEMBL139,DB00586,Diclofenac,CHEMBL3762,Voltage-dependent L-type calcium channel subunit alpha-1C,Rattus norvegicus,P22002,2,0,0,2
CHEMBL139,DB00586,Diclofenac,CHEMBL4042,Prostaglandin G/H synthase 1,Rattus norvegicus,Q63921,1,0,0,1
CHEMBL139,DB00586,Diclofenac,CHEMBL4102,Prostaglandin G/H synthase 2,Ovis aries,P79208,6,0,0,6
CHEMBL139,DB00586,Diclofenac,CHEMBL4321,Prostaglandin G/H synthase 2,Mus musculus,Q05769,10,0,0,10
CHEMBL139,DB00586,Diclofenac,CHEMBL4523582,Replicase polyprotein 1ab,Severe acute respiratory syndrome coronavirus 2,P0DTD1,1,0,0,1
CHEMBL139,DB00586,Diclofenac,CHEMBL5107,Voltage-dependent N-type calcium channel subunit alpha-1B,Rattus norvegicus,Q02294,1,0,0,1
CHEMBL139,DB00586,Diclofenac,CHEMBL5472,Aromatic peroxygenase,Cyclocybe aegerita,B9W4V6,1,0,0,1
CHEMBL139,DB00586,Diclofenac,CHEMBL5738,"Fatty acid-binding protein, liver",Rattus norvegicus,P02692,2,0,0,2
CHEMBL1395,DB06710,Methyltestosterone,CHEMBL1909044,Progesterone receptor,Bos taurus,Q690N0,2,0,0,2
CHEMBL1395,DB06710,Methyltestosterone,CHEMBL2146315,Nuclear receptor subfamily 1 group I member 2,Rattus norvegicus,Q9R1A7,1,0,0,1
CHEMBL1395,DB06710,Methyltestosterone,CHEMBL3072,Androgen receptor,Rattus norvegicus,P15207,4,0,0,4
CHEMBL1395,DB06710,Methyltestosterone,CHEMBL330,"Glutamate receptor ionotropic, NMDA 1",Rattus norvegicus,P35439,1,0,0,1
CHEMBL1395,DB06710,Methyltestosterone,CHEMBL343,Gamma-aminobutyric acid receptor subunit alpha-1,Rattus norvegicus,P62813,2,0,0,2
CHEMBL1395,DB06710,Methyltestosterone,CHEMBL3762,Voltage-dependent L-type calcium channel subunit alpha-1C,Rattus norvegicus,P22002,1,0,0,1
CHEMBL1395,DB06710,Methyltestosterone,CHEMBL4042,Prostaglandin G/H synthase 1,Rattus norvegicus,Q63921,1,0,0,1
CHEMBL1395,DB06710,Methyltestosterone,CHEMBL4523582,Replicase polyprotein 1ab,Severe acute respiratory syndrome coronavirus 2,P0DTD1,1,0,0,1
CHEMBL1395,DB06710,Methyltestosterone,CHEMBL6035,"Thioredoxin reductase 1, cytoplasmic",Rattus norvegicus,O89049,1,0,0,1
CHEMBL1405,DB00655,Estrone,CHEMBL1293238,Inositol monophosphatase 1,Rattus norvegicus,P97697,1,0,0,1
CHEMBL1405,DB00655,Estrone,CHEMBL1293285,Endonuclease 4,Escherichia coli K-12,P0A6C1,1,0,0,1
CHEMBL1405,DB00655,Estrone,CHEMBL1293303,Nonstructural protein 1,Influenza A virus,Q194T2,1,0,0,1
CHEMBL1405,DB00655,Estrone,CHEMBL1781859,Solute carrier organic anion transporter family member 1A1,Rattus norvegicus,P46720,1,0,0,1
CHEMBL1405,DB00655,Estrone,CHEMBL1909044,Progesterone receptor,Bos taurus,Q690N0,2,0,0,2
CHEMBL1405,DB00655,Estrone,CHEMBL3072,Androgen receptor,Rattus norvegicus,P15207,2,0,0,2
CHEMBL1405,DB00655,Estrone,CHEMBL4358,Polyunsaturated fatty acid lipoxygenase ALOX15,Oryctolagus cuniculus,P12530,1,0,0,1
CHEMBL1405,DB00655,Estrone,CHEMBL4523582,Replicase polyprotein 1ab,Severe acute respiratory syndrome coronavirus 2,P0DTD1,2,0,0,2
CHEMBL14060,DB03255,Phenol,CHEMBL1697676,Carbonic anhydrase 2,Cryptococcus neoformans,Q3I4V7,1,0,0,1
CHEMBL14060,DB03255,Phenol,CHEMBL1795125,Carbonic anhydrase,Dicentrarchus labrax,Q2PCB5,1,0,0,1
CHEMBL14060,DB03255,Phenol,CHEMBL2186,Carbonic anhydrase 13,Mus musculus,Q9D6N1,2,0,0,2
CHEMBL14060,DB03255,Phenol,CHEMBL4523582,Replicase polyprotein 1ab,Severe acute respiratory syndrome coronavirus 2,P0DTD1,1,0,0,1
CHEMBL14060,DB03255,Phenol,CHEMBL5114,Quinolone resistance protein NorA,Staphylococcus aureus,P0A0J7,1,0,0,1
CHEMBL14060,DB03255,Phenol,CHEMBL5206,Endolysin,Enterobacteria phage T4,P00720,4,0,0,4
CHEMBL14060,DB03255,Phenol,CHEMBL5337,Carbonic anhydrase,Candida albicans (strain SC5314 / ATCC MYA-2876) (Yeast),Q5AJ71,1,0,0,1
CHEMBL14060,DB03255,Phenol,CHEMBL5631,Beta-carbonic anhydrase 1,Mycobacterium tuberculosis,P9WPJ7,1,0,0,1
CHEMBL14060,DB03255,Phenol,CHEMBL5767,PROBABLE TRANSMEMBRANE CARBONIC ANHYDRASE (CARBONATE DEHYDRATASE) (CARBONIC DEHYDRATASE),Mycobacterium tuberculosis,P96878,1,0,0,1
CHEMBL14060,DB03255,Phenol,CHEMBL5973,Carbonic anhydrase 15,Mus musculus,Q99N23,3,0,0,3
CHEMBL1412,DB00592,Piperazine,CHEMBL343,Gamma-aminobutyric acid receptor subunit alpha-1,Rattus norvegicus,P62813,1,0,0,1
CHEMBL1419,DB01105,Sibutramine,CHEMBL2146310,Aberrant vpr protein,Human immunodeficiency virus 1,Q77YF9,1,0,0,1
CHEMBL1419,DB01105,Sibutramine,CHEMBL3072,Androgen receptor,Rattus norvegicus,P15207,1,0,0,1
CHEMBL1419,DB01105,Sibutramine,CHEMBL330,"Glutamate receptor ionotropic, NMDA 1",Rattus norvegicus,P35439,1,0,0,1
CHEMBL1419,DB01105,Sibutramine,CHEMBL343,Gamma-aminobutyric acid receptor subunit alpha-1,Rattus norvegicus,P62813,2,0,0,2
CHEMBL1419,DB01105,Sibutramine,CHEMBL3762,Voltage-dependent L-type calcium channel subunit alpha-1C,Rattus norvegicus,P22002,2,0,0,2
CHEMBL1419,DB01105,Sibutramine,CHEMBL4042,Prostaglandin G/H synthase 1,Rattus norvegicus,Q63921,1,0,0,1
CHEMBL1419,DB01105,Sibutramine,CHEMBL5107,Voltage-dependent N-type calcium channel subunit alpha-1B,Rattus norvegicus,Q02294,1,0,0,1
CHEMBL1423,DB01100,Pimozide,CHEMBL1293231,Nuclear receptor ROR-gamma,Mus musculus,P51450,5,0,0,5
CHEMBL1423,DB01100,Pimozide,CHEMBL1293238,Inositol monophosphatase 1,Rattus norvegicus,P97697,2,0,0,2
CHEMBL1423,DB01100,Pimozide,CHEMBL1293248,4'-phosphopantetheinyl transferase ffp,Bacillus subtilis,Q9F4F7,8,0,0,8
CHEMBL1423,DB01100,Pimozide,CHEMBL1293254,Ferritin light chain,Equus caballus,P02791,1,0,0,1
CHEMBL1423,DB01100,Pimozide,CHEMBL1293285,Endonuclease 4,Escherichia coli K-12,P0A6C1,1,0,0,1
CHEMBL1423,DB01100,Pimozide,CHEMBL2007624,Peripheral myelin protein 22,Rattus norvegicus,P25094,1,0,0,1
CHEMBL1423,DB01100,Pimozide,CHEMBL2026,Beta-lactamase,Escherichia coli K-12,P00811,1,0,0,1
CHEMBL1423,DB01100,Pimozide,CHEMBL2146304,DNA damage-inducible transcript 3 protein,Mus musculus,P35639,1,0,0,1
CHEMBL1423,DB01100,Pimozide,CHEMBL2146315,Nuclear receptor subfamily 1 group I member 2,Rattus norvegicus,Q9R1A7,1,0,0,1
CHEMBL1423,DB01100,Pimozide,CHEMBL2573,ATP-dependent translocase ABCB1,Mus musculus,P21447,2,0,0,2
CHEMBL1423,DB01100,Pimozide,CHEMBL276,Muscarinic acetylcholine receptor M1,Rattus norvegicus,P08482,2,0,0,2
CHEMBL1423,DB01100,Pimozide,CHEMBL3072,Androgen receptor,Rattus norvegicus,P15207,3,0,0,3
CHEMBL1423,DB01100,Pimozide,CHEMBL3223,5-hydroxytryptamine receptor 7,Rattus norvegicus,P32305,1,0,0,1
CHEMBL1423,DB01100,Pimozide,CHEMBL330,"Glutamate receptor ionotropic, NMDA 1",Rattus norvegicus,P35439,1,0,0,1
CHEMBL1423,DB01100,Pimozide,CHEMBL3399,Sodium channel protein type 2 subunit alpha,Rattus norvegicus,P04775,1,0,0,1
CHEMBL1423,DB01100,Pimozide,CHEMBL343,Gamma-aminobutyric acid receptor subunit alpha-1,Rattus norvegicus,P62813,3,0,0,3
CHEMBL1423,DB01100,Pimozide,CHEMBL3467,ATP-dependent translocase ABCB1,Mus musculus,P06795,2,0,0,2
CHEMBL1423,DB01100,Pimozide,CHEMBL3762,Voltage-dependent L-type calcium channel subunit alpha-1C,Rattus norvegicus,P22002,1,0,0,1
CHEMBL1423,DB01100,Pimozide,CHEMBL3897,DNA polymerase III PolC-type,Bacillus subtilis (strain 168),P13267,1,0,0,1
CHEMBL1423,DB01100,Pimozide,CHEMBL3998,D(2) dopamine receptor,Bos taurus,P20288,1,0,0,1
CHEMBL1423,DB01100,Pimozide,CHEMBL4042,Prostaglandin G/H synthase 1,Rattus norvegicus,Q63921,2,0,0,2
CHEMBL1423,DB01100,Pimozide,CHEMBL4372,Lethal factor,Bacillus anthracis,P15917,1,0,0,1
CHEMBL1423,DB01100,Pimozide,CHEMBL4523582,Replicase polyprotein 1ab,Severe acute respiratory syndrome coronavirus 2,P0DTD1,2,0,0,2
CHEMBL1423,DB01100,Pimozide,CHEMBL5107,Voltage-dependent N-type calcium channel subunit alpha-1B,Rattus norvegicus,Q02294,1,0,0,1
CHEMBL1431,DB00331,Metformin,CHEMBL1293254,Ferritin light chain,Equus caballus,P02791,1,0,1,0
CHEMBL1431,DB00331,Metformin,CHEMBL2371,Tyrosine-protein phosphatase non-receptor type 1,Rattus norvegicus,P20417,3,0,3,0
CHEMBL1431,DB00331,Metformin,CHEMBL3072,Androgen receptor,Rattus norvegicus,P15207,1,0,0,1
CHEMBL1431,DB00331,Metformin,CHEMBL330,"Glutamate receptor ionotropic, NMDA 1",Rattus norvegicus,P35439,1,0,0,1
CHEMBL1431,DB00331,Metformin,CHEMBL343,Gamma-aminobutyric acid receptor subunit alpha-1,Rattus norvegicus,P62813,2,0,0,2
CHEMBL1431,DB00331,Metformin,CHEMBL4042,Prostaglandin G/H synthase 1,Rattus norvegicus,Q63921,1,0,0,1
CHEMBL1431,DB00331,Metformin,CHEMBL5107,Voltage-dependent N-type calcium channel subunit alpha-1B,Rattus norvegicus,Q02294,1,0,0,1
CHEMBL14376,DB04946,Iloperidone,CHEMBL3071,D(1A) dopamine receptor,Mus musculus,Q61616,1,0,0,1
CHEMBL14376,DB04946,Iloperidone,CHEMBL3072,Androgen receptor,Rattus norvegicus,P15207,1,0,0,1
CHEMBL14376,DB04946,Iloperidone,CHEMBL320,Muscarinic acetylcholine receptor M3,Rattus norvegicus,P08483,1,0,0,1
CHEMBL14376,DB04946,Iloperidone,CHEMBL327,Alpha-2A adrenergic receptor,Rattus norvegicus,P22909,1,0,0,1
CHEMBL14376,DB04946,Iloperidone,CHEMBL339,D(2) dopamine receptor,Rattus norvegicus,P61169,1,0,0,1
CHEMBL14376,DB04946,Iloperidone,CHEMBL343,Gamma-aminobutyric acid receptor subunit alpha-1,Rattus norvegicus,P62813,2,0,0,2
CHEMBL14376,DB04946,Iloperidone,CHEMBL3446,5-hydroxytryptamine receptor 2A,Bos taurus,Q75Z89,1,0,0,1
CHEMBL14376,DB04946,Iloperidone,CHEMBL3737,5-hydroxytryptamine receptor 1A,Mus musculus,Q64264,1,0,0,1
CHEMBL14376,DB04946,Iloperidone,CHEMBL4042,Prostaglandin G/H synthase 1,Rattus norvegicus,Q63921,1,0,0,1
CHEMBL14376,DB04946,Iloperidone,CHEMBL4523582,Replicase polyprotein 1ab,Severe acute respiratory syndrome coronavirus 2,P0DTD1,1,0,0,1
CHEMBL1440,DB00759,Tetracycline,CHEMBL2259246,Superoxide dismutase [Cu-Zn],Allium sativum,D2Y1A6,3,0,0,3
CHEMBL1440,DB00759,Tetracycline,CHEMBL3072,Androgen receptor,Rattus norvegicus,P15207,1,0,0,1
CHEMBL1440,DB00759,Tetracycline,CHEMBL330,"Glutamate receptor ionotropic, NMDA 1",Rattus norvegicus,P35439,1,0,0,1
CHEMBL1440,DB00759,Tetracycline,CHEMBL343,Gamma-aminobutyric acid receptor subunit alpha-1,Rattus norvegicus,P62813,2,0,0,2
CHEMBL1440,DB00759,Tetracycline,CHEMBL3471,Human immunodeficiency virus type 1 integrase,Human immunodeficiency virus 1,Q7ZJM1,2,0,0,2
CHEMBL1440,DB00759,Tetracycline,CHEMBL3762,Voltage-dependent L-type calcium channel subunit alpha-1C,Rattus norvegicus,P22002,1,0,0,1
CHEMBL1440,DB00759,Tetracycline,CHEMBL4042,Prostaglandin G/H synthase 1,Rattus norvegicus,Q63921,1,0,0,1
CHEMBL1440,DB00759,Tetracycline,CHEMBL4785,Multidrug transporter MdfA,Escherichia coli K-12,P0AEY8,1,0,0,1
CHEMBL1445,DB01185,Fluoxymesterone,CHEMBL2146315,Nuclear receptor subfamily 1 group I member 2,Rattus norvegicus,Q9R1A7,1,0,0,1
CHEMBL1445,DB01185,Fluoxymesterone,CHEMBL3072,Androgen receptor,Rattus norvegicus,P15207,1,0,0,1
CHEMBL1445,DB01185,Fluoxymesterone,CHEMBL330,"Glutamate receptor ionotropic, NMDA 1",Rattus norvegicus,P35439,1,0,0,1
CHEMBL1445,DB01185,Fluoxymesterone,CHEMBL343,Gamma-aminobutyric acid receptor subunit alpha-1,Rattus norvegicus,P62813,2,0,0,2
CHEMBL1445,DB01185,Fluoxymesterone,CHEMBL3762,Voltage-dependent L-type calcium channel subunit alpha-1C,Rattus norvegicus,P22002,1,0,0,1
CHEMBL1445,DB01185,Fluoxymesterone,CHEMBL4042,Prostaglandin G/H synthase 1,Rattus norvegicus,Q63921,1,0,0,1
CHEMBL1451,DB00620,Triamcinolone,CHEMBL343,Gamma-aminobutyric acid receptor subunit alpha-1,Rattus norvegicus,P62813,1,0,0,1
CHEMBL1451,DB00620,Triamcinolone,CHEMBL4523185,Beta-glucuronidase,Mus musculus,P12265,1,0,0,1
CHEMBL1451,DB00620,Triamcinolone,CHEMBL4523582,Replicase polyprotein 1ab,Severe acute respiratory syndrome coronavirus 2,P0DTD1,1,0,0,1
CHEMBL1451,DB00620,Triamcinolone,CHEMBL6035,"Thioredoxin reductase 1, cytoplasmic",Rattus norvegicus,O89049,3,0,0,3
CHEMBL1451,DB00620,Triamcinolone,CHEMBL6110,Thioredoxin glutathione reductase,Schistosoma mansoni,Q962Y6,1,0,0,1
CHEMBL1457,DB00956,Hydrocodone,CHEMBL1293248,4'-phosphopantetheinyl transferase ffp,Bacillus subtilis,Q9F4F7,1,0,0,1
CHEMBL1457,DB00956,Hydrocodone,CHEMBL2007624,Peripheral myelin protein 22,Rattus norvegicus,P25094,1,0,0,1
CHEMBL1457,DB00956,Hydrocodone,CHEMBL3072,Androgen receptor,Rattus norvegicus,P15207,1,0,0,1
CHEMBL1457,DB00956,Hydrocodone,CHEMBL330,"Glutamate receptor ionotropic, NMDA 1",Rattus norvegicus,P35439,1,0,0,1
CHEMBL1457,DB00956,Hydrocodone,CHEMBL343,Gamma-aminobutyric acid receptor subunit alpha-1,Rattus norvegicus,P62813,2,0,0,2
CHEMBL1457,DB00956,Hydrocodone,CHEMBL3762,Voltage-dependent L-type calcium channel subunit alpha-1C,Rattus norvegicus,P22002,1,0,0,1
CHEMBL1457,DB00956,Hydrocodone,CHEMBL4042,Prostaglandin G/H synthase 1,Rattus norvegicus,Q63921,1,0,0,1
CHEMBL1457,DB00956,Hydrocodone,CHEMBL5107,Voltage-dependent N-type calcium channel subunit alpha-1B,Rattus norvegicus,Q02294,1,0,0,1
CHEMBL1472975,DB08922,Perospirone,CHEMBL2007624,Peripheral myelin protein 22,Rattus norvegicus,P25094,1,0,0,1
CHEMBL1472975,DB08922,Perospirone,CHEMBL4523582,Replicase polyprotein 1ab,Severe acute respiratory syndrome coronavirus 2,P0DTD1,1,0,0,1
CHEMBL1473,DB00588,Fluticasone propionate,CHEMBL3072,Androgen receptor,Rattus norvegicus,P15207,4,0,0,4
CHEMBL1473,DB00588,Fluticasone propionate,CHEMBL330,"Glutamate receptor ionotropic, NMDA 1",Rattus norvegicus,P35439,1,0,0,1
CHEMBL1473,DB00588,Fluticasone propionate,CHEMBL3368,Glucocorticoid receptor,Rattus norvegicus,P06536,3,0,0,3
CHEMBL1473,DB00588,Fluticasone propionate,CHEMBL343,Gamma-aminobutyric acid receptor subunit alpha-1,Rattus norvegicus,P62813,3,0,0,3
CHEMBL1473,DB00588,Fluticasone propionate,CHEMBL3762,Voltage-dependent L-type calcium channel subunit alpha-1C,Rattus norvegicus,P22002,1,0,0,1
CHEMBL1473,DB00588,Fluticasone propionate,CHEMBL4042,Prostaglandin G/H synthase 1,Rattus norvegicus,Q63921,1,0,0,1
CHEMBL1473,DB00588,Fluticasone propionate,CHEMBL4523582,Replicase polyprotein 1ab,Severe acute respiratory syndrome coronavirus 2,P0DTD1,1,0,0,1
CHEMBL1473,DB00588,Fluticasone propionate,CHEMBL5107,Voltage-dependent N-type calcium channel subunit alpha-1B,Rattus norvegicus,Q02294,1,0,0,1
CHEMBL1479,DB01406,Danazol,CHEMBL1909044,Progesterone receptor,Bos taurus,Q690N0,2,0,0,2
CHEMBL1479,DB01406,Danazol,CHEMBL2007624,Peripheral myelin protein 22,Rattus norvegicus,P25094,1,0,0,1
CHEMBL1479,DB01406,Danazol,CHEMBL2146315,Nuclear receptor subfamily 1 group I member 2,Rattus norvegicus,Q9R1A7,1,0,0,1
CHEMBL1479,DB01406,Danazol,CHEMBL3072,Androgen receptor,Rattus norvegicus,P15207,3,0,0,3
CHEMBL1479,DB01406,Danazol,CHEMBL330,"Glutamate receptor ionotropic, NMDA 1",Rattus norvegicus,P35439,1,0,0,1
CHEMBL1479,DB01406,Danazol,CHEMBL343,Gamma-aminobutyric acid receptor subunit alpha-1,Rattus norvegicus,P62813,2,0,0,2
CHEMBL1479,DB01406,Danazol,CHEMBL3762,Voltage-dependent L-type calcium channel subunit alpha-1C,Rattus norvegicus,P22002,1,0,0,1
CHEMBL1479,DB01406,Danazol,CHEMBL4042,Prostaglandin G/H synthase 1,Rattus norvegicus,Q63921,1,0,0,1
CHEMBL1479,DB01406,Danazol,CHEMBL4523582,Replicase polyprotein 1ab,Severe acute respiratory syndrome coronavirus 2,P0DTD1,1,0,0,1
CHEMBL1482,DB01019,Bethanechol,CHEMBL1075061,Muscarinic receptor 2,Cavia porcellus,Q8VH27,2,0,0,2
CHEMBL1482,DB01019,Bethanechol,CHEMBL3072,Androgen receptor,Rattus norvegicus,P15207,1,0,0,1
CHEMBL1482,DB01019,Bethanechol,CHEMBL330,"Glutamate receptor ionotropic, NMDA 1",Rattus norvegicus,P35439,1,0,0,1
CHEMBL1482,DB01019,Bethanechol,CHEMBL343,Gamma-aminobutyric acid receptor subunit alpha-1,Rattus norvegicus,P62813,2,0,0,2
CHEMBL1482,DB01019,Bethanechol,CHEMBL3762,Voltage-dependent L-type calcium channel subunit alpha-1C,Rattus norvegicus,P22002,1,0,0,1
CHEMBL1482,DB01019,Bethanechol,CHEMBL4042,Prostaglandin G/H synthase 1,Rattus norvegicus,Q63921,1,0,0,1
CHEMBL1482,DB01019,Bethanechol,CHEMBL5498,Muscarinic acetylcholine receptor M3,Cavia porcellus,Q8VH26,2,0,0,2
CHEMBL1487,DB01076,Atorvastatin,CHEMBL3072,Androgen receptor,Rattus norvegicus,P15207,1,0,0,1
CHEMBL1487,DB01076,Atorvastatin,CHEMBL3247,3-hydroxy-3-methylglutaryl-coenzyme A reductase,Rattus norvegicus,P51639,4,0,0,4
CHEMBL1487,DB01076,Atorvastatin,CHEMBL330,"Glutamate receptor ionotropic, NMDA 1",Rattus norvegicus,P35439,1,0,0,1
CHEMBL1487,DB01076,Atorvastatin,CHEMBL343,Gamma-aminobutyric acid receptor subunit alpha-1,Rattus norvegicus,P62813,2,0,0,2
CHEMBL1487,DB01076,Atorvastatin,CHEMBL3563,Cruzipain,Trypanosoma cruzi,P25779,1,0,0,1
CHEMBL1487,DB01076,Atorvastatin,CHEMBL3593154,3-hydroxy-3-methylglutaryl-coenzyme A reductase,Sus scrofa,Q1W675,3,0,0,3
CHEMBL1487,DB01076,Atorvastatin,CHEMBL3762,Voltage-dependent L-type calcium channel subunit alpha-1C,Rattus norvegicus,P22002,1,0,0,1
CHEMBL1487,DB01076,Atorvastatin,CHEMBL3813,Dipeptidyl peptidase 4,Sus scrofa,P22411,2,0,0,2
CHEMBL1487,DB01076,Atorvastatin,CHEMBL4042,Prostaglandin G/H synthase 1,Rattus norvegicus,Q63921,1,0,0,1
CHEMBL1487,DB01076,Atorvastatin,CHEMBL5107,Voltage-dependent N-type calcium channel subunit alpha-1B,Rattus norvegicus,Q02294,1,0,0,1
CHEMBL1490,DB00376,Trihexyphenidyl,CHEMBL5686,ATP-dependent 6-phosphofructokinase,Trypanosoma brucei,O15648,1,0,1,0
CHEMBL1491,DB00381,Amlodipine,CHEMBL1075183,Potassium channel subfamily K member 2,Bos taurus,Q8HY88,1,0,1,0
CHEMBL1491,DB00381,Amlodipine,CHEMBL1293231,Nuclear receptor ROR-gamma,Mus musculus,P51450,1,0,1,0
CHEMBL1491,DB00381,Amlodipine,CHEMBL1293254,Ferritin light chain,Equus caballus,P02791,1,0,1,0
CHEMBL1491,DB00381,Amlodipine,CHEMBL2366456,Voltage-dependent L-type calcium channel subunit alpha-1C,Cavia porcellus,O35505,1,0,1,0
CHEMBL1491,DB00381,Amlodipine,CHEMBL3072,Androgen receptor,Rattus norvegicus,P15207,1,0,0,1
CHEMBL1491,DB00381,Amlodipine,CHEMBL330,"Glutamate receptor ionotropic, NMDA 1",Rattus norvegicus,P35439,1,0,0,1
CHEMBL1491,DB00381,Amlodipine,CHEMBL343,Gamma-aminobutyric acid receptor subunit alpha-1,Rattus norvegicus,P62813,3,0,0,3
CHEMBL1491,DB00381,Amlodipine,CHEMBL3762,Voltage-dependent L-type calcium channel subunit alpha-1C,Rattus norvegicus,P22002,2,0,1,1
CHEMBL1491,DB00381,Amlodipine,CHEMBL4042,Prostaglandin G/H synthase 1,Rattus norvegicus,Q63921,1,0,0,1
CHEMBL1491,DB00381,Amlodipine,CHEMBL4523582,Replicase polyprotein 1ab,Severe acute respiratory syndrome coronavirus 2,P0DTD1,1,0,1,0
CHEMBL1491,DB00381,Amlodipine,CHEMBL5107,Voltage-dependent N-type calcium channel subunit alpha-1B,Rattus norvegicus,Q02294,1,0,0,1
CHEMBL1491,DB00381,Amlodipine,CHEMBL5114,Quinolone resistance protein NorA,Staphylococcus aureus,P0A0J7,1,0,1,0
CHEMBL1492500,DB09167,Dosulepin,CHEMBL3072,Androgen receptor,Rattus norvegicus,P15207,2,0,0,2
CHEMBL1492500,DB09167,Dosulepin,CHEMBL330,"Glutamate receptor ionotropic, NMDA 1",Rattus norvegicus,P35439,1,0,0,1
CHEMBL1492500,DB09167,Dosulepin,CHEMBL343,Gamma-aminobutyric acid receptor subunit alpha-1,Rattus norvegicus,P62813,2,0,0,2
CHEMBL1492500,DB09167,Dosulepin,CHEMBL3762,Voltage-dependent L-type calcium channel subunit alpha-1C,Rattus norvegicus,P22002,1,0,0,1
CHEMBL1492500,DB09167,Dosulepin,CHEMBL4042,Prostaglandin G/H synthase 1,Rattus norvegicus,Q63921,1,0,0,1
CHEMBL1495,DB00383,Oxyphencyclimine,CHEMBL3072,Androgen receptor,Rattus norvegicus,P15207,1,0,0,1
CHEMBL1495,DB00383,Oxyphencyclimine,CHEMBL330,"Glutamate receptor ionotropic, NMDA 1",Rattus norvegicus,P35439,1,0,0,1
CHEMBL1495,DB00383,Oxyphencyclimine,CHEMBL343,Gamma-aminobutyric acid receptor subunit alpha-1,Rattus norvegicus,P62813,2,0,0,2
CHEMBL1495,DB00383,Oxyphencyclimine,CHEMBL3762,Voltage-dependent L-type calcium channel subunit alpha-1C,Rattus norvegicus,P22002,1,0,0,1
CHEMBL1495,DB00383,Oxyphencyclimine,CHEMBL4042,Prostaglandin G/H synthase 1,Rattus norvegicus,Q63921,1,0,0,1
CHEMBL1496,DB01098,Rosuvastatin,CHEMBL3072,Androgen receptor,Rattus norvegicus,P15207,1,0,0,1
CHEMBL1496,DB01098,Rosuvastatin,CHEMBL3247,3-hydroxy-3-methylglutaryl-coenzyme A reductase,Rattus norvegicus,P51639,7,0,0,7
CHEMBL1496,DB01098,Rosuvastatin,CHEMBL330,"Glutamate receptor ionotropic, NMDA 1",Rattus norvegicus,P35439,1,0,0,1
CHEMBL1496,DB01098,Rosuvastatin,CHEMBL343,Gamma-aminobutyric acid receptor subunit alpha-1,Rattus norvegicus,P62813,2,0,0,2
CHEMBL1496,DB01098,Rosuvastatin,CHEMBL3813,Dipeptidyl peptidase 4,Sus scrofa,P22411,1,0,0,1
CHEMBL1496,DB01098,Rosuvastatin,CHEMBL4042,Prostaglandin G/H synthase 1,Rattus norvegicus,Q63921,1,0,0,1
CHEMBL1505,DB00918,Almotriptan,CHEMBL3072,Androgen receptor,Rattus norvegicus,P15207,1,0,0,1
CHEMBL1505,DB00918,Almotriptan,CHEMBL330,"Glutamate receptor ionotropic, NMDA 1",Rattus norvegicus,P35439,1,0,0,1
CHEMBL1505,DB00918,Almotriptan,CHEMBL343,Gamma-aminobutyric acid receptor subunit alpha-1,Rattus norvegicus,P62813,2,0,0,2
CHEMBL1505,DB00918,Almotriptan,CHEMBL4042,Prostaglandin G/H synthase 1,Rattus norvegicus,Q63921,1,0,0,1
CHEMBL1508,DB01175,Escitalopram,CHEMBL276,Muscarinic acetylcholine receptor M1,Rattus norvegicus,P08482,2,0,0,2
CHEMBL1508,DB01175,Escitalopram,CHEMBL3072,Androgen receptor,Rattus norvegicus,P15207,2,0,0,2
CHEMBL1508,DB01175,Escitalopram,CHEMBL313,Sodium-dependent serotonin transporter,Rattus norvegicus,P31652,1,0,0,1
CHEMBL1508,DB01175,Escitalopram,CHEMBL330,"Glutamate receptor ionotropic, NMDA 1",Rattus norvegicus,P35439,1,0,0,1
CHEMBL1508,DB01175,Escitalopram,CHEMBL338,Sodium-dependent dopamine transporter,Rattus norvegicus,P23977,1,0,0,1
CHEMBL1508,DB01175,Escitalopram,CHEMBL343,Gamma-aminobutyric acid receptor subunit alpha-1,Rattus norvegicus,P62813,1,0,0,1
CHEMBL1508,DB01175,Escitalopram,CHEMBL4042,Prostaglandin G/H synthase 1,Rattus norvegicus,Q63921,1,0,0,1
CHEMBL1508,DB01175,Escitalopram,CHEMBL6184,Transporter,Rattus norvegicus,Q63380,1,0,0,1
CHEMBL1509,DB01395,Drospirenone,CHEMBL3072,Androgen receptor,Rattus norvegicus,P15207,1,0,0,1
CHEMBL1509,DB01395,Drospirenone,CHEMBL330,"Glutamate receptor ionotropic, NMDA 1",Rattus norvegicus,P35439,1,0,0,1
CHEMBL1509,DB01395,Drospirenone,CHEMBL343,Gamma-aminobutyric acid receptor subunit alpha-1,Rattus norvegicus,P62813,2,0,0,2
CHEMBL1509,DB01395,Drospirenone,CHEMBL3762,Voltage-dependent L-type calcium channel subunit alpha-1C,Rattus norvegicus,P22002,1,0,0,1
CHEMBL1509,DB01395,Drospirenone,CHEMBL4042,Prostaglandin G/H synthase 1,Rattus norvegicus,Q63921,1,0,0,1
CHEMBL1509,DB01395,Drospirenone,CHEMBL4523582,Replicase polyprotein 1ab,Severe acute respiratory syndrome coronavirus 2,P0DTD1,3,0,0,3
CHEMBL1511,DB13956,Estradiol valerate,CHEMBL1293228,Streptokinase A,Streptococcus pyogenes serotype M1,P10520,1,0,0,1
CHEMBL1511,DB13956,Estradiol valerate,CHEMBL1293231,Nuclear receptor ROR-gamma,Mus musculus,P51450,1,0,0,1
CHEMBL1511,DB13956,Estradiol valerate,CHEMBL2146310,Aberrant vpr protein,Human immunodeficiency virus 1,Q77YF9,1,0,0,1
CHEMBL1511,DB13956,Estradiol valerate,CHEMBL4523582,Replicase polyprotein 1ab,Severe acute respiratory syndrome coronavirus 2,P0DTD1,1,0,0,1
CHEMBL1511,DB13956,Estradiol valerate,CHEMBL6035,"Thioredoxin reductase 1, cytoplasmic",Rattus norvegicus,O89049,1,0,0,1
CHEMBL1520,DB00862,Vardenafil,CHEMBL343,Gamma-aminobutyric acid receptor subunit alpha-1,Rattus norvegicus,P62813,1,0,0,1
CHEMBL1520,DB00862,Vardenafil,CHEMBL4523582,Replicase polyprotein 1ab,Severe acute respiratory syndrome coronavirus 2,P0DTD1,1,0,0,1
CHEMBL1521,DB00962,Zaleplon,CHEMBL1293254,Ferritin light chain,Equus caballus,P02791,1,0,0,1
CHEMBL1521,DB00962,Zaleplon,CHEMBL3072,Androgen receptor,Rattus norvegicus,P15207,1,0,0,1
CHEMBL1521,DB00962,Zaleplon,CHEMBL330,"Glutamate receptor ionotropic, NMDA 1",Rattus norvegicus,P35439,1,0,0,1
CHEMBL1521,DB00962,Zaleplon,CHEMBL343,Gamma-aminobutyric acid receptor subunit alpha-1,Rattus norvegicus,P62813,2,0,0,2
CHEMBL1521,DB00962,Zaleplon,CHEMBL3762,Voltage-dependent L-type calcium channel subunit alpha-1C,Rattus norvegicus,P22002,1,0,0,1
CHEMBL1521,DB00962,Zaleplon,CHEMBL4042,Prostaglandin G/H synthase 1,Rattus norvegicus,Q63921,1,0,0,1
CHEMBL1521,DB00962,Zaleplon,CHEMBL4523582,Replicase polyprotein 1ab,Severe acute respiratory syndrome coronavirus 2,P0DTD1,1,0,0,1
CHEMBL1522,DB00402,Eszopiclone,CHEMBL4523582,Replicase polyprotein 1ab,Severe acute respiratory syndrome coronavirus 2,P0DTD1,1,0,0,1
CHEMBL15245,DB01392,Yohimbine,CHEMBL1293304,RNA-binding protein pos-1,Caenorhabditis elegans,G5EF15,1,0,0,1
CHEMBL15245,DB01392,Yohimbine,CHEMBL1293319,Zinc finger protein mex-5,Caenorhabditis elegans,Q9XUB2,1,0,0,1
CHEMBL15245,DB01392,Yohimbine,CHEMBL2146309,ATP-dependent Clp protease proteolytic subunit,Bacillus subtilis (strain 168),P80244,1,0,0,1
CHEMBL15245,DB01392,Yohimbine,CHEMBL2350,Alpha-2A adrenergic receptor,Sus scrofa,P18871,1,0,0,1
CHEMBL15245,DB01392,Yohimbine,CHEMBL266,Alpha-2B adrenergic receptor,Rattus norvegicus,P19328,1,0,0,1
CHEMBL15245,DB01392,Yohimbine,CHEMBL273,5-hydroxytryptamine receptor 1A,Rattus norvegicus,P19327,2,0,0,2
CHEMBL15245,DB01392,Yohimbine,CHEMBL3006,5-hydroxytryptamine receptor 2C,Mus musculus,P34968,1,0,0,1
CHEMBL15245,DB01392,Yohimbine,CHEMBL3072,Androgen receptor,Rattus norvegicus,P15207,1,0,0,1
CHEMBL15245,DB01392,Yohimbine,CHEMBL3138,D(3) dopamine receptor,Rattus norvegicus,P19020,1,0,0,1
CHEMBL15245,DB01392,Yohimbine,CHEMBL315,Alpha-1B adrenergic receptor,Rattus norvegicus,P15823,2,0,0,2
CHEMBL15245,DB01392,Yohimbine,CHEMBL319,Alpha-1A adrenergic receptor,Rattus norvegicus,P43140,2,0,0,2
CHEMBL15245,DB01392,Yohimbine,CHEMBL322,5-hydroxytryptamine receptor 2A,Rattus norvegicus,P14842,1,0,0,1
CHEMBL15245,DB01392,Yohimbine,CHEMBL326,Alpha-1D adrenergic receptor,Rattus norvegicus,P23944,1,0,0,1
CHEMBL15245,DB01392,Yohimbine,CHEMBL330,"Glutamate receptor ionotropic, NMDA 1",Rattus norvegicus,P35439,1,0,0,1
CHEMBL15245,DB01392,Yohimbine,CHEMBL339,D(2) dopamine receptor,Rattus norvegicus,P61169,1,0,0,1
CHEMBL15245,DB01392,Yohimbine,CHEMBL343,Gamma-aminobutyric acid receptor subunit alpha-1,Rattus norvegicus,P62813,2,0,0,2
CHEMBL15245,DB01392,Yohimbine,CHEMBL3762,Voltage-dependent L-type calcium channel subunit alpha-1C,Rattus norvegicus,P22002,2,0,0,2
CHEMBL15245,DB01392,Yohimbine,CHEMBL4042,Prostaglandin G/H synthase 1,Rattus norvegicus,Q63921,1,0,0,1
CHEMBL15245,DB01392,Yohimbine,CHEMBL4078,Acetylcholinesterase,Electrophorus electricus,O42275,1,0,0,1
CHEMBL15245,DB01392,Yohimbine,CHEMBL4744,Alpha-2A adrenergic receptor,Bos taurus,Q28838,2,0,0,2
CHEMBL15245,DB01392,Yohimbine,CHEMBL4892,Alpha-1A adrenergic receptor,Bos taurus,P18130,4,0,0,4
CHEMBL15245,DB01392,Yohimbine,CHEMBL5107,Voltage-dependent N-type calcium channel subunit alpha-1B,Rattus norvegicus,Q02294,1,0,0,1
CHEMBL1531,DB00294,Etonogestrel,CHEMBL330,"Glutamate receptor ionotropic, NMDA 1",Rattus norvegicus,P35439,1,0,0,1
CHEMBL1531,DB00294,Etonogestrel,CHEMBL343,Gamma-aminobutyric acid receptor subunit alpha-1,Rattus norvegicus,P62813,3,0,0,3
CHEMBL1531,DB00294,Etonogestrel,CHEMBL4523582,Replicase polyprotein 1ab,Severe acute respiratory syndrome coronavirus 2,P0DTD1,1,0,1,0
CHEMBL1532,DB01325,Quinethazone,CHEMBL3072,Androgen receptor,Rattus norvegicus,P15207,1,0,0,1
CHEMBL1532,DB01325,Quinethazone,CHEMBL330,"Glutamate receptor ionotropic, NMDA 1",Rattus norvegicus,P35439,1,0,0,1
CHEMBL1532,DB01325,Quinethazone,CHEMBL343,Gamma-aminobutyric acid receptor subunit alpha-1,Rattus norvegicus,P62813,2,0,0,2
CHEMBL1532,DB01325,Quinethazone,CHEMBL3762,Voltage-dependent L-type calcium channel subunit alpha-1C,Rattus norvegicus,P22002,1,0,0,1
CHEMBL1532,DB01325,Quinethazone,CHEMBL4042,Prostaglandin G/H synthase 1,Rattus norvegicus,Q63921,1,0,0,1
CHEMBL1532,DB01325,Quinethazone,CHEMBL6035,"Thioredoxin reductase 1, cytoplasmic",Rattus norvegicus,O89049,1,0,0,1
CHEMBL1533,DB00304,Desogestrel,CHEMBL3072,Androgen receptor,Rattus norvegicus,P15207,1,0,0,1
CHEMBL1533,DB00304,Desogestrel,CHEMBL330,"Glutamate receptor ionotropic, NMDA 1",Rattus norvegicus,P35439,1,0,0,1
CHEMBL1533,DB00304,Desogestrel,CHEMBL343,Gamma-aminobutyric acid receptor subunit alpha-1,Rattus norvegicus,P62813,3,0,0,3
CHEMBL1533,DB00304,Desogestrel,CHEMBL3762,Voltage-dependent L-type calcium channel subunit alpha-1C,Rattus norvegicus,P22002,1,0,0,1
CHEMBL1533,DB00304,Desogestrel,CHEMBL4042,Prostaglandin G/H synthase 1,Rattus norvegicus,Q63921,1,0,0,1
CHEMBL1533,DB00304,Desogestrel,CHEMBL4523582,Replicase polyprotein 1ab,Severe acute respiratory syndrome coronavirus 2,P0DTD1,2,0,2,0
CHEMBL1538,DB00300,Tenofovir disoproxil,CHEMBL3638360,Gag-Pol polyprotein,Human immunodeficiency virus type 1 group M subtype B (isolate HXB2)(HIV-1),P04585,6,0,0,6
CHEMBL1538,DB00300,Tenofovir disoproxil,CHEMBL4523582,Replicase polyprotein 1ab,Severe acute respiratory syndrome coronavirus 2,P0DTD1,1,0,1,0
CHEMBL1539,DB01299,Sulfadoxine,CHEMBL1293248,4'-phosphopantetheinyl transferase ffp,Bacillus subtilis,Q9F4F7,1,0,0,1
CHEMBL1539,DB01299,Sulfadoxine,CHEMBL343,Gamma-aminobutyric acid receptor subunit alpha-1,Rattus norvegicus,P62813,1,0,0,1
CHEMBL1539,DB01299,Sulfadoxine,CHEMBL4523582,Replicase polyprotein 1ab,Severe acute respiratory syndrome coronavirus 2,P0DTD1,2,0,0,2
CHEMBL154,DB00788,Naproxen,CHEMBL1777665,Solute carrier family 22 member 6,Rattus norvegicus,O35956,1,0,0,1
CHEMBL154,DB00788,Naproxen,CHEMBL1781859,Solute carrier organic anion transporter family member 1A1,Rattus norvegicus,P46720,1,0,0,1
CHEMBL154,DB00788,Naproxen,CHEMBL1781860,Solute carrier organic anion transporter family member 1A4,Rattus norvegicus,O35913,1,0,0,1
CHEMBL154,DB00788,Naproxen,CHEMBL2860,Prostaglandin G/H synthase 1,Bos taurus,O62664,2,0,0,2
CHEMBL154,DB00788,Naproxen,CHEMBL2949,Prostaglandin G/H synthase 1,Ovis aries,P05979,15,0,0,15
CHEMBL154,DB00788,Naproxen,CHEMBL3072,Androgen receptor,Rattus norvegicus,P15207,3,0,0,3
CHEMBL154,DB00788,Naproxen,CHEMBL312,Polyunsaturated fatty acid 5-lipoxygenase,Rattus norvegicus,P12527,2,0,0,2
CHEMBL154,DB00788,Naproxen,CHEMBL330,"Glutamate receptor ionotropic, NMDA 1",Rattus norvegicus,P35439,1,0,0,1
CHEMBL154,DB00788,Naproxen,CHEMBL343,Gamma-aminobutyric acid receptor subunit alpha-1,Rattus norvegicus,P62813,2,0,0,2
CHEMBL154,DB00788,Naproxen,CHEMBL3762,Voltage-dependent L-type calcium channel subunit alpha-1C,Rattus norvegicus,P22002,1,0,0,1
CHEMBL154,DB00788,Naproxen,CHEMBL4042,Prostaglandin G/H synthase 1,Rattus norvegicus,Q63921,2,0,0,2
CHEMBL154,DB00788,Naproxen,CHEMBL4102,Prostaglandin G/H synthase 2,Ovis aries,P79208,2,0,0,2
CHEMBL154,DB00788,Naproxen,CHEMBL4334,Prostaglandin-H2 D-isomerase,Mus musculus,O09114,1,0,0,1
CHEMBL154,DB00788,Naproxen,CHEMBL4523582,Replicase polyprotein 1ab,Severe acute respiratory syndrome coronavirus 2,P0DTD1,2,0,0,2
CHEMBL154,DB00788,Naproxen,CHEMBL4586,Seed linoleate 13S-lipoxygenase-1,Glycine max,P08170,1,0,0,1
CHEMBL154,DB00788,Naproxen,CHEMBL5107,Voltage-dependent N-type calcium channel subunit alpha-1B,Rattus norvegicus,Q02294,1,0,0,1
CHEMBL154,DB00788,Naproxen,CHEMBL5582,Hormone-sensitive lipase,Rattus norvegicus,P15304,2,0,0,2
CHEMBL154,DB00788,Naproxen,CHEMBL5686,ATP-dependent 6-phosphofructokinase,Trypanosoma brucei,O15648,1,0,0,1
CHEMBL157138,DB00589,Lisuride,CHEMBL273,5-hydroxytryptamine receptor 1A,Rattus norvegicus,P19327,2,0,0,2
CHEMBL157138,DB00589,Lisuride,CHEMBL315,Alpha-1B adrenergic receptor,Rattus norvegicus,P15823,2,0,0,2
CHEMBL157138,DB00589,Lisuride,CHEMBL319,Alpha-1A adrenergic receptor,Rattus norvegicus,P43140,2,0,0,2
CHEMBL157138,DB00589,Lisuride,CHEMBL339,D(2) dopamine receptor,Rattus norvegicus,P61169,4,0,0,4
CHEMBL157138,DB00589,Lisuride,CHEMBL3459,5-hydroxytryptamine receptor 1B,Rattus norvegicus,P28564,2,0,0,2
CHEMBL1572,DB00955,Netilmicin,CHEMBL2307,Phospholipase A1 member A,Rattus norvegicus,P97535,1,0,0,1
CHEMBL1575,DB01196,Estramustine,CHEMBL5567,Luciferin 4-monooxygenase,Photinus pyralis,P08659,1,0,0,1
CHEMBL1587,DB01324,Polythiazide,CHEMBL4523582,Replicase polyprotein 1ab,Severe acute respiratory syndrome coronavirus 2,P0DTD1,1,0,0,1
CHEMBL15891,DB00431,Lindane,CHEMBL3072,Androgen receptor,Rattus norvegicus,P15207,1,0,0,1
CHEMBL15891,DB00431,Lindane,CHEMBL3986,GABA receptor subunit,Musca domestica,Q75NA5,1,0,0,1
CHEMBL15891,DB00431,Lindane,CHEMBL4523582,Replicase polyprotein 1ab,Severe acute respiratory syndrome coronavirus 2,P0DTD1,1,0,0,1
CHEMBL159,DB00570,Vinblastine,CHEMBL1293231,Nuclear receptor ROR-gamma,Mus musculus,P51450,1,0,0,1
CHEMBL159,DB00570,Vinblastine,CHEMBL2007624,Peripheral myelin protein 22,Rattus norvegicus,P25094,2,0,0,2
CHEMBL159,DB00570,Vinblastine,CHEMBL2073676,ATP-binding cassette sub-family C member 2,Rattus norvegicus,Q63120,1,0,0,1
CHEMBL159,DB00570,Vinblastine,CHEMBL2146316,Putative uncharacterized protein,Trypanosoma brucei,Q57TT1,1,0,0,1
CHEMBL159,DB00570,Vinblastine,CHEMBL247,Human immunodeficiency virus type 1 reverse transcriptase,Human immunodeficiency virus 1,Q72547,1,0,0,1
CHEMBL159,DB00570,Vinblastine,CHEMBL2573,ATP-dependent translocase ABCB1,Mus musculus,P21447,2,0,0,2
CHEMBL159,DB00570,Vinblastine,CHEMBL2756,Amine oxidase [flavin-containing] B,Bos taurus,P56560,2,0,0,2
CHEMBL159,DB00570,Vinblastine,CHEMBL3186,Beta tubulin,Leishmania donovani,Q25270,1,0,0,1
CHEMBL159,DB00570,Vinblastine,CHEMBL3394,Tubulin beta chain,Bos taurus,Q6B856,1,0,0,1
CHEMBL159,DB00570,Vinblastine,CHEMBL343,Gamma-aminobutyric acid receptor subunit alpha-1,Rattus norvegicus,P62813,2,0,0,2
CHEMBL159,DB00570,Vinblastine,CHEMBL3467,ATP-dependent translocase ABCB1,Mus musculus,P06795,2,0,0,2
CHEMBL159,DB00570,Vinblastine,CHEMBL3658,Tubulin alpha chain,Sus scrofa,P02550,1,0,0,1
CHEMBL159,DB00570,Vinblastine,CHEMBL4358,Polyunsaturated fatty acid lipoxygenase ALOX15,Oryctolagus cuniculus,P12530,1,0,0,1
CHEMBL159,DB00570,Vinblastine,CHEMBL4523582,Replicase polyprotein 1ab,Severe acute respiratory syndrome coronavirus 2,P0DTD1,1,0,0,1
CHEMBL159,DB00570,Vinblastine,CHEMBL6035,"Thioredoxin reductase 1, cytoplasmic",Rattus norvegicus,O89049,1,0,0,1
CHEMBL1590,DB00852,Pseudoephedrine,CHEMBL3072,Androgen receptor,Rattus norvegicus,P15207,1,0,0,1
CHEMBL1590,DB00852,Pseudoephedrine,CHEMBL330,"Glutamate receptor ionotropic, NMDA 1",Rattus norvegicus,P35439,1,0,0,1
CHEMBL1590,DB00852,Pseudoephedrine,CHEMBL343,Gamma-aminobutyric acid receptor subunit alpha-1,Rattus norvegicus,P62813,2,0,0,2
CHEMBL1590,DB00852,Pseudoephedrine,CHEMBL3762,Voltage-dependent L-type calcium channel subunit alpha-1C,Rattus norvegicus,P22002,1,0,0,1
CHEMBL1590,DB00852,Pseudoephedrine,CHEMBL4042,Prostaglandin G/H synthase 1,Rattus norvegicus,Q63921,1,0,0,1
CHEMBL1590,DB00852,Pseudoephedrine,CHEMBL4372,Lethal factor,Bacillus anthracis,P15917,1,0,0,1
CHEMBL1590,DB00852,Pseudoephedrine,CHEMBL5107,Voltage-dependent N-type calcium channel subunit alpha-1B,Rattus norvegicus,Q02294,1,0,0,1
CHEMBL1590,DB00852,Pseudoephedrine,CHEMBL5149,Pyruvate kinase,Leishmania mexicana,Q27686,2,0,0,2
CHEMBL1590,DB00852,Pseudoephedrine,CHEMBL5567,Luciferin 4-monooxygenase,Photinus pyralis,P08659,1,0,0,1
CHEMBL1595,DB01551,Dihydrocodeine,CHEMBL3091260,Kappa-type opioid receptor,Cricetulus griseus,G3HZR5,2,0,0,2
CHEMBL1595,DB01551,Dihydrocodeine,CHEMBL3091261,Delta-type opioid receptor,Cricetulus griseus,G3H1Y1,2,0,0,2
CHEMBL1595,DB01551,Dihydrocodeine,CHEMBL330,"Glutamate receptor ionotropic, NMDA 1",Rattus norvegicus,P35439,1,0,0,1
CHEMBL1595,DB01551,Dihydrocodeine,CHEMBL343,Gamma-aminobutyric acid receptor subunit alpha-1,Rattus norvegicus,P62813,2,0,0,2
CHEMBL159776,DB13247,Pramiracetam,CHEMBL4523582,Replicase polyprotein 1ab,Severe acute respiratory syndrome coronavirus 2,P0DTD1,2,0,0,2
CHEMBL16073,DB03783,Phenacetin,CHEMBL1777665,Solute carrier family 22 member 6,Rattus norvegicus,O35956,1,0,0,1
CHEMBL16073,DB03783,Phenacetin,CHEMBL343,Gamma-aminobutyric acid receptor subunit alpha-1,Rattus norvegicus,P62813,1,0,0,1
CHEMBL16073,DB03783,Phenacetin,CHEMBL4523582,Replicase polyprotein 1ab,Severe acute respiratory syndrome coronavirus 2,P0DTD1,1,0,0,1
CHEMBL1618018,DB11181,Homatropine,CHEMBL4523582,Replicase polyprotein 1ab,Severe acute respiratory syndrome coronavirus 2,P0DTD1,1,0,0,1
CHEMBL1621,DB01267,Paliperidone,CHEMBL4523582,Replicase polyprotein 1ab,Severe acute respiratory syndrome coronavirus 2,P0DTD1,1,0,0,1
CHEMBL1628227,DB01142,Doxepin,CHEMBL273,5-hydroxytryptamine receptor 1A,Rattus norvegicus,P19327,2,0,0,2
CHEMBL1628227,DB01142,Doxepin,CHEMBL2882,Histamine H2 receptor,Cavia porcellus,P47747,1,0,0,1
CHEMBL1628227,DB01142,Doxepin,CHEMBL3072,Androgen receptor,Rattus norvegicus,P15207,1,0,0,1
CHEMBL1628227,DB01142,Doxepin,CHEMBL315,Alpha-1B adrenergic receptor,Rattus norvegicus,P15823,2,0,0,2
CHEMBL1628227,DB01142,Doxepin,CHEMBL319,Alpha-1A adrenergic receptor,Rattus norvegicus,P43140,3,0,0,3
CHEMBL1628227,DB01142,Doxepin,CHEMBL330,"Glutamate receptor ionotropic, NMDA 1",Rattus norvegicus,P35439,1,0,0,1
CHEMBL1628227,DB01142,Doxepin,CHEMBL343,Gamma-aminobutyric acid receptor subunit alpha-1,Rattus norvegicus,P62813,3,0,0,3
CHEMBL1628227,DB01142,Doxepin,CHEMBL3762,Voltage-dependent L-type calcium channel subunit alpha-1C,Rattus norvegicus,P22002,1,0,0,1
CHEMBL1628227,DB01142,Doxepin,CHEMBL4042,Prostaglandin G/H synthase 1,Rattus norvegicus,Q63921,1,0,0,1
CHEMBL1628227,DB01142,Doxepin,CHEMBL4701,Histamine H1 receptor,Rattus norvegicus,P31390,1,0,0,1
CHEMBL1628227,DB01142,Doxepin,CHEMBL5107,Voltage-dependent N-type calcium channel subunit alpha-1B,Rattus norvegicus,Q02294,1,0,0,1
CHEMBL1628502,DB08872,Gabapentin enacarbil,CHEMBL4523582,Replicase polyprotein 1ab,Severe acute respiratory syndrome coronavirus 2,P0DTD1,1,0,0,1
CHEMBL1650,DB01380,Cortisone acetate,CHEMBL276,Muscarinic acetylcholine receptor M1,Rattus norvegicus,P08482,2,0,0,2
CHEMBL1650,DB01380,Cortisone acetate,CHEMBL330,"Glutamate receptor ionotropic, NMDA 1",Rattus norvegicus,P35439,1,0,0,1
CHEMBL1650,DB01380,Cortisone acetate,CHEMBL343,Gamma-aminobutyric acid receptor subunit alpha-1,Rattus norvegicus,P62813,3,0,0,3
CHEMBL1650,DB01380,Cortisone acetate,CHEMBL4523582,Replicase polyprotein 1ab,Severe acute respiratory syndrome coronavirus 2,P0DTD1,2,0,0,2
CHEMBL1652,DB01122,Ambenonium,CHEMBL1293238,Inositol monophosphatase 1,Rattus norvegicus,P97697,1,0,0,1
CHEMBL1652,DB01122,Ambenonium,CHEMBL3072,Androgen receptor,Rattus norvegicus,P15207,2,0,0,2
CHEMBL1652,DB01122,Ambenonium,CHEMBL3198,Acetylcholinesterase,Mus musculus,P21836,2,0,0,2
CHEMBL1652,DB01122,Ambenonium,CHEMBL330,"Glutamate receptor ionotropic, NMDA 1",Rattus norvegicus,P35439,1,0,0,1
CHEMBL1652,DB01122,Ambenonium,CHEMBL343,Gamma-aminobutyric acid receptor subunit alpha-1,Rattus norvegicus,P62813,2,0,0,2
CHEMBL1652,DB01122,Ambenonium,CHEMBL3762,Voltage-dependent L-type calcium channel subunit alpha-1C,Rattus norvegicus,P22002,1,0,0,1
CHEMBL1652,DB01122,Ambenonium,CHEMBL4042,Prostaglandin G/H synthase 1,Rattus norvegicus,Q63921,1,0,0,1
CHEMBL1652,DB01122,Ambenonium,CHEMBL4372,Lethal factor,Bacillus anthracis,P15917,1,0,0,1
CHEMBL1652,DB01122,Ambenonium,CHEMBL4768,Acetylcholinesterase,Bos taurus,P23795,1,0,0,1
CHEMBL1684,DB00436,Bendroflumethiazide,CHEMBL3072,Androgen receptor,Rattus norvegicus,P15207,1,0,0,1
CHEMBL1684,DB00436,Bendroflumethiazide,CHEMBL330,"Glutamate receptor ionotropic, NMDA 1",Rattus norvegicus,P35439,1,0,0,1
CHEMBL1684,DB00436,Bendroflumethiazide,CHEMBL343,Gamma-aminobutyric acid receptor subunit alpha-1,Rattus norvegicus,P62813,2,0,0,2
CHEMBL1684,DB00436,Bendroflumethiazide,CHEMBL3762,Voltage-dependent L-type calcium channel subunit alpha-1C,Rattus norvegicus,P22002,1,0,0,1
CHEMBL1684,DB00436,Bendroflumethiazide,CHEMBL4042,Prostaglandin G/H synthase 1,Rattus norvegicus,Q63921,1,0,0,1
CHEMBL1684,DB00436,Bendroflumethiazide,CHEMBL4523582,Replicase polyprotein 1ab,Severe acute respiratory syndrome coronavirus 2,P0DTD1,1,0,0,1
CHEMBL1697733,DB08842,Acetylcarnitine,CHEMBL1075238,Organic cation/carnitine transporter 2,Rattus norvegicus,O70594,1,0,0,1
CHEMBL1697733,DB08842,Acetylcarnitine,CHEMBL2073665,Organic cation/carnitine transporter 2,Mus musculus,Q9Z0E8,1,0,0,1
CHEMBL1697733,DB08842,Acetylcarnitine,CHEMBL2073715,Solute carrier family 22 member 21,Mus musculus,Q9WTN6,1,0,0,1
CHEMBL1697733,DB08842,Acetylcarnitine,CHEMBL3072,Androgen receptor,Rattus norvegicus,P15207,2,0,0,2
CHEMBL1697733,DB08842,Acetylcarnitine,CHEMBL330,"Glutamate receptor ionotropic, NMDA 1",Rattus norvegicus,P35439,1,0,0,1
CHEMBL1697733,DB08842,Acetylcarnitine,CHEMBL343,Gamma-aminobutyric acid receptor subunit alpha-1,Rattus norvegicus,P62813,2,0,0,2
CHEMBL1697733,DB08842,Acetylcarnitine,CHEMBL3762,Voltage-dependent L-type calcium channel subunit alpha-1C,Rattus norvegicus,P22002,1,0,0,1
CHEMBL1697733,DB08842,Acetylcarnitine,CHEMBL4042,Prostaglandin G/H synthase 1,Rattus norvegicus,Q63921,1,0,0,1
CHEMBL1697841,DB06706,Isometheptene,CHEMBL3072,Androgen receptor,Rattus norvegicus,P15207,2,0,0,2
CHEMBL1697841,DB06706,Isometheptene,CHEMBL4042,Prostaglandin G/H synthase 1,Rattus norvegicus,Q63921,1,0,0,1
CHEMBL1729,DB00604,Cisapride,CHEMBL1163116,Cholesteryl ester transfer protein,Oryctolagus cuniculus,P22687,1,0,0,1
CHEMBL1729,DB00604,Cisapride,CHEMBL2366456,Voltage-dependent L-type calcium channel subunit alpha-1C,Cavia porcellus,O35505,2,0,0,2
CHEMBL1729,DB00604,Cisapride,CHEMBL2411,5-hydroxytryptamine receptor 3A,Rattus norvegicus,P35563,1,0,0,1
CHEMBL1729,DB00604,Cisapride,CHEMBL265,D(1A) dopamine receptor,Rattus norvegicus,P18901,1,0,0,1
CHEMBL1729,DB00604,Cisapride,CHEMBL273,5-hydroxytryptamine receptor 1A,Rattus norvegicus,P19327,2,0,0,2
CHEMBL1729,DB00604,Cisapride,CHEMBL3072,Androgen receptor,Rattus norvegicus,P15207,1,0,0,1
CHEMBL1729,DB00604,Cisapride,CHEMBL315,Alpha-1B adrenergic receptor,Rattus norvegicus,P15823,2,0,0,2
CHEMBL1729,DB00604,Cisapride,CHEMBL319,Alpha-1A adrenergic receptor,Rattus norvegicus,P43140,3,0,0,3
CHEMBL1729,DB00604,Cisapride,CHEMBL327,Alpha-2A adrenergic receptor,Rattus norvegicus,P22909,1,0,0,1
CHEMBL1729,DB00604,Cisapride,CHEMBL330,"Glutamate receptor ionotropic, NMDA 1",Rattus norvegicus,P35439,1,0,0,1
CHEMBL1729,DB00604,Cisapride,CHEMBL339,D(2) dopamine receptor,Rattus norvegicus,P61169,4,0,0,4
CHEMBL1729,DB00604,Cisapride,CHEMBL343,Gamma-aminobutyric acid receptor subunit alpha-1,Rattus norvegicus,P62813,2,0,0,2
CHEMBL1729,DB00604,Cisapride,CHEMBL3446,5-hydroxytryptamine receptor 2A,Bos taurus,Q75Z89,1,0,0,1
CHEMBL1729,DB00604,Cisapride,CHEMBL3762,Voltage-dependent L-type calcium channel subunit alpha-1C,Rattus norvegicus,P22002,1,0,0,1
CHEMBL1729,DB00604,Cisapride,CHEMBL4042,Prostaglandin G/H synthase 1,Rattus norvegicus,Q63921,1,0,0,1
CHEMBL1729,DB00604,Cisapride,CHEMBL4317,5-hydroxytryptamine receptor 4,Rattus norvegicus,Q62758,2,0,0,2
CHEMBL1729,DB00604,Cisapride,CHEMBL4523582,Replicase polyprotein 1ab,Severe acute respiratory syndrome coronavirus 2,P0DTD1,2,0,0,2
CHEMBL1729,DB00604,Cisapride,CHEMBL5017,5-hydroxytryptamine receptor 4,Cavia porcellus,O70528,7,0,0,7
CHEMBL1729,DB00604,Cisapride,CHEMBL5107,Voltage-dependent N-type calcium channel subunit alpha-1B,Rattus norvegicus,Q02294,1,0,0,1
CHEMBL1732,DB00320,Dihydroergotamine,CHEMBL2007624,Peripheral myelin protein 22,Rattus norvegicus,P25094,1,0,0,1
CHEMBL1732,DB00320,Dihydroergotamine,CHEMBL2573,ATP-dependent translocase ABCB1,Mus musculus,P21447,1,0,0,1
CHEMBL1732,DB00320,Dihydroergotamine,CHEMBL273,5-hydroxytryptamine receptor 1A,Rattus norvegicus,P19327,2,0,0,2
CHEMBL1732,DB00320,Dihydroergotamine,CHEMBL2798,Cholecystokinin receptor type A,Mus musculus,O08786,1,0,0,1
CHEMBL1732,DB00320,Dihydroergotamine,CHEMBL2854,Gastrin/cholecystokinin type B receptor,Mus musculus,P56481,1,0,0,1
CHEMBL1732,DB00320,Dihydroergotamine,CHEMBL3072,Androgen receptor,Rattus norvegicus,P15207,1,0,0,1
CHEMBL1732,DB00320,Dihydroergotamine,CHEMBL315,Alpha-1B adrenergic receptor,Rattus norvegicus,P15823,2,0,2,0
CHEMBL1732,DB00320,Dihydroergotamine,CHEMBL319,Alpha-1A adrenergic receptor,Rattus norvegicus,P43140,2,0,2,0
CHEMBL1732,DB00320,Dihydroergotamine,CHEMBL330,"Glutamate receptor ionotropic, NMDA 1",Rattus norvegicus,P35439,1,0,0,1
CHEMBL1732,DB00320,Dihydroergotamine,CHEMBL343,Gamma-aminobutyric acid receptor subunit alpha-1,Rattus norvegicus,P62813,2,0,0,2
CHEMBL1732,DB00320,Dihydroergotamine,CHEMBL3459,5-hydroxytryptamine receptor 1B,Rattus norvegicus,P28564,2,0,2,0
CHEMBL1732,DB00320,Dihydroergotamine,CHEMBL3467,ATP-dependent translocase ABCB1,Mus musculus,P06795,1,0,0,1
CHEMBL1732,DB00320,Dihydroergotamine,CHEMBL3762,Voltage-dependent L-type calcium channel subunit alpha-1C,Rattus norvegicus,P22002,1,0,0,1
CHEMBL1732,DB00320,Dihydroergotamine,CHEMBL4042,Prostaglandin G/H synthase 1,Rattus norvegicus,Q63921,1,0,0,1
CHEMBL1732,DB00320,Dihydroergotamine,CHEMBL4523582,Replicase polyprotein 1ab,Severe acute respiratory syndrome coronavirus 2,P0DTD1,1,0,1,0
CHEMBL1732,DB00320,Dihydroergotamine,CHEMBL5017,5-hydroxytryptamine receptor 4,Cavia porcellus,O70528,2,0,2,0
CHEMBL1732,DB00320,Dihydroergotamine,CHEMBL5107,Voltage-dependent N-type calcium channel subunit alpha-1B,Rattus norvegicus,Q02294,1,0,0,1
CHEMBL1732,DB00320,Dihydroergotamine,CHEMBL6035,"Thioredoxin reductase 1, cytoplasmic",Rattus norvegicus,O89049,2,0,1,1
CHEMBL1747,DB00684,Tobramycin,CHEMBL3852,Human immunodeficiency virus type 1 REV,Human immunodeficiency virus 1,Q77Y21,1,0,0,1
CHEMBL1747,DB00684,Tobramycin,CHEMBL4523582,Replicase polyprotein 1ab,Severe acute respiratory syndrome coronavirus 2,P0DTD1,1,0,0,1
CHEMBL1752,DB00651,Dyphylline,CHEMBL2026,Beta-lactamase,Escherichia coli K-12,P00811,1,0,0,1
CHEMBL1754,DB00561,Doxapram,CHEMBL3072,Androgen receptor,Rattus norvegicus,P15207,2,0,0,2
CHEMBL1754,DB00561,Doxapram,CHEMBL330,"Glutamate receptor ionotropic, NMDA 1",Rattus norvegicus,P35439,1,0,0,1
CHEMBL1754,DB00561,Doxapram,CHEMBL343,Gamma-aminobutyric acid receptor subunit alpha-1,Rattus norvegicus,P62813,2,0,0,2
CHEMBL1754,DB00561,Doxapram,CHEMBL3762,Voltage-dependent L-type calcium channel subunit alpha-1C,Rattus norvegicus,P22002,1,0,0,1
CHEMBL1754,DB00561,Doxapram,CHEMBL4042,Prostaglandin G/H synthase 1,Rattus norvegicus,Q63921,1,0,0,1
CHEMBL1754,DB00561,Doxapram,CHEMBL4294,Potassium channel subfamily K member 3,Rattus norvegicus,O54912,1,0,0,1
CHEMBL1754,DB00561,Doxapram,CHEMBL4295,Potassium channel subfamily K member 9,Rattus norvegicus,Q9ES08,2,0,0,2
CHEMBL1754,DB00561,Doxapram,CHEMBL4523582,Replicase polyprotein 1ab,Severe acute respiratory syndrome coronavirus 2,P0DTD1,1,0,0,1
CHEMBL1760,DB00871,Terbutaline,CHEMBL3072,Androgen receptor,Rattus norvegicus,P15207,2,0,0,2
CHEMBL1760,DB00871,Terbutaline,CHEMBL3373,Beta-2 adrenergic receptor,Bos taurus,Q28044,2,0,0,2
CHEMBL1760,DB00871,Terbutaline,CHEMBL4042,Prostaglandin G/H synthase 1,Rattus norvegicus,Q63921,1,0,0,1
CHEMBL1760,DB00871,Terbutaline,CHEMBL5686,ATP-dependent 6-phosphofructokinase,Trypanosoma brucei,O15648,1,0,0,1
CHEMBL1760,DB00871,Terbutaline,CHEMBL6035,"Thioredoxin reductase 1, cytoplasmic",Rattus norvegicus,O89049,1,0,0,1
CHEMBL1763,DB00774,Hydroflumethiazide,CHEMBL1293248,4'-phosphopantetheinyl transferase ffp,Bacillus subtilis,Q9F4F7,1,0,0,1
CHEMBL1763,DB00774,Hydroflumethiazide,CHEMBL3072,Androgen receptor,Rattus norvegicus,P15207,1,0,0,1
CHEMBL1763,DB00774,Hydroflumethiazide,CHEMBL330,"Glutamate receptor ionotropic, NMDA 1",Rattus norvegicus,P35439,1,0,0,1
CHEMBL1763,DB00774,Hydroflumethiazide,CHEMBL343,Gamma-aminobutyric acid receptor subunit alpha-1,Rattus norvegicus,P62813,2,0,0,2
CHEMBL1763,DB00774,Hydroflumethiazide,CHEMBL3762,Voltage-dependent L-type calcium channel subunit alpha-1C,Rattus norvegicus,P22002,1,0,0,1
CHEMBL1763,DB00774,Hydroflumethiazide,CHEMBL4042,Prostaglandin G/H synthase 1,Rattus norvegicus,Q63921,1,0,0,1
CHEMBL1763,DB00774,Hydroflumethiazide,CHEMBL4523582,Replicase polyprotein 1ab,Severe acute respiratory syndrome coronavirus 2,P0DTD1,1,0,0,1
CHEMBL1764,DB01403,Methotrimeprazine,CHEMBL1697658,Pleiotropic ABC efflux transporter of multiple drugs,Saccharomyces cerevisiae S288c,P33302,1,0,0,1
CHEMBL1764,DB01403,Methotrimeprazine,CHEMBL4523582,Replicase polyprotein 1ab,Severe acute respiratory syndrome coronavirus 2,P0DTD1,1,0,0,1
CHEMBL177,DB00479,Amikacin,CHEMBL2007624,Peripheral myelin protein 22,Rattus norvegicus,P25094,1,0,0,1
CHEMBL177,DB00479,Amikacin,CHEMBL3072,Androgen receptor,Rattus norvegicus,P15207,1,0,0,1
CHEMBL177,DB00479,Amikacin,CHEMBL330,"Glutamate receptor ionotropic, NMDA 1",Rattus norvegicus,P35439,1,0,0,1
CHEMBL177,DB00479,Amikacin,CHEMBL343,Gamma-aminobutyric acid receptor subunit alpha-1,Rattus norvegicus,P62813,2,0,0,2
CHEMBL177,DB00479,Amikacin,CHEMBL3762,Voltage-dependent L-type calcium channel subunit alpha-1C,Rattus norvegicus,P22002,1,0,0,1
CHEMBL177,DB00479,Amikacin,CHEMBL3999,Cell division protein FtsZ,Escherichia coli K-12,P0A9A6,1,0,0,1
CHEMBL177,DB00479,Amikacin,CHEMBL4042,Prostaglandin G/H synthase 1,Rattus norvegicus,Q63921,1,0,0,1
CHEMBL177,DB00479,Amikacin,CHEMBL5686,ATP-dependent 6-phosphofructokinase,Trypanosoma brucei,O15648,1,0,0,1
CHEMBL178,DB00694,Daunorubicin,CHEMBL1293231,Nuclear receptor ROR-gamma,Mus musculus,P51450,4,0,0,4
CHEMBL178,DB00694,Daunorubicin,CHEMBL1293234,Fructose-bisphosphate aldolase,Giardia intestinalis,A8B2U2,2,0,0,2
CHEMBL178,DB00694,Daunorubicin,CHEMBL1293238,Inositol monophosphatase 1,Rattus norvegicus,P97697,1,0,0,1
CHEMBL178,DB00694,Daunorubicin,CHEMBL1293248,4'-phosphopantetheinyl transferase ffp,Bacillus subtilis,Q9F4F7,1,0,0,1
CHEMBL178,DB00694,Daunorubicin,CHEMBL1293254,Ferritin light chain,Equus caballus,P02791,1,0,0,1
CHEMBL178,DB00694,Daunorubicin,CHEMBL2007624,Peripheral myelin protein 22,Rattus norvegicus,P25094,1,0,0,1
CHEMBL178,DB00694,Daunorubicin,CHEMBL247,Human immunodeficiency virus type 1 reverse transcriptase,Human immunodeficiency virus 1,Q72547,3,0,0,3
CHEMBL178,DB00694,Daunorubicin,CHEMBL3072,Androgen receptor,Rattus norvegicus,P15207,2,0,0,2
CHEMBL178,DB00694,Daunorubicin,CHEMBL330,"Glutamate receptor ionotropic, NMDA 1",Rattus norvegicus,P35439,1,0,0,1
CHEMBL178,DB00694,Daunorubicin,CHEMBL343,Gamma-aminobutyric acid receptor subunit alpha-1,Rattus norvegicus,P62813,2,0,0,2
CHEMBL178,DB00694,Daunorubicin,CHEMBL3762,Voltage-dependent L-type calcium channel subunit alpha-1C,Rattus norvegicus,P22002,1,0,0,1
CHEMBL178,DB00694,Daunorubicin,CHEMBL4042,Prostaglandin G/H synthase 1,Rattus norvegicus,Q63921,1,0,0,1
CHEMBL178,DB00694,Daunorubicin,CHEMBL4372,Lethal factor,Bacillus anthracis,P15917,1,0,0,1
CHEMBL178,DB00694,Daunorubicin,CHEMBL4523582,Replicase polyprotein 1ab,Severe acute respiratory syndrome coronavirus 2,P0DTD1,1,0,0,1
CHEMBL178,DB00694,Daunorubicin,CHEMBL5567,Luciferin 4-monooxygenase,Photinus pyralis,P08659,1,0,0,1
CHEMBL178,DB00694,Daunorubicin,CHEMBL5686,ATP-dependent 6-phosphofructokinase,Trypanosoma brucei,O15648,1,0,0,1
CHEMBL178803,DB09223,Blonanserin,CHEMBL4523582,Replicase polyprotein 1ab,Severe acute respiratory syndrome coronavirus 2,P0DTD1,2,0,0,2
CHEMBL18116,DB09245,Toloxatone,CHEMBL2756,Amine oxidase [flavin-containing] B,Bos taurus,P56560,4,0,0,4
CHEMBL18116,DB09245,Toloxatone,CHEMBL3072,Androgen receptor,Rattus norvegicus,P15207,2,0,0,2
CHEMBL18116,DB09245,Toloxatone,CHEMBL3254,Amine oxidase [flavin-containing] A,Bos taurus,P21398,5,0,0,5
CHEMBL18116,DB09245,Toloxatone,CHEMBL330,"Glutamate receptor ionotropic, NMDA 1",Rattus norvegicus,P35439,1,0,0,1
CHEMBL18116,DB09245,Toloxatone,CHEMBL3358,Amine oxidase [flavin-containing] A,Rattus norvegicus,P21396,2,0,0,2
CHEMBL18116,DB09245,Toloxatone,CHEMBL343,Gamma-aminobutyric acid receptor subunit alpha-1,Rattus norvegicus,P62813,2,0,0,2
CHEMBL18116,DB09245,Toloxatone,CHEMBL3762,Voltage-dependent L-type calcium channel subunit alpha-1C,Rattus norvegicus,P22002,1,0,0,1
CHEMBL18116,DB09245,Toloxatone,CHEMBL4042,Prostaglandin G/H synthase 1,Rattus norvegicus,Q63921,1,0,0,1
CHEMBL18116,DB09245,Toloxatone,CHEMBL4523582,Replicase polyprotein 1ab,Severe acute respiratory syndrome coronavirus 2,P0DTD1,2,0,0,2
CHEMBL184,DB00787,Acyclovir,CHEMBL1075062,Thymidine kinase,Macacine herpesvirus 1,A3RLP8,1,0,0,1
CHEMBL184,DB00787,Acyclovir,CHEMBL1169594,Purine nucleoside phosphorylase,Mycobacterium tuberculosis,P9WP01,1,0,0,1
CHEMBL184,DB00787,Acyclovir,CHEMBL1293248,4'-phosphopantetheinyl transferase ffp,Bacillus subtilis,Q9F4F7,1,0,0,1
CHEMBL184,DB00787,Acyclovir,CHEMBL1293254,Ferritin light chain,Equus caballus,P02791,1,0,0,1
CHEMBL184,DB00787,Acyclovir,CHEMBL1795127,Thymidine kinase,Human alphaherpesvirus 1,Q9QNF7,1,0,0,1
CHEMBL184,DB00787,Acyclovir,CHEMBL1872,DNA polymerase catalytic subunit,Herpes simplex virus (type 1 / strain 17),P04293,1,0,0,1
CHEMBL184,DB00787,Acyclovir,CHEMBL2073666,Organic anion transporter 3,Rattus norvegicus,Q9R1U7,1,0,0,1
CHEMBL184,DB00787,Acyclovir,CHEMBL2073674,Bile salt export pump,Rattus norvegicus,O70127,1,0,0,1
CHEMBL184,DB00787,Acyclovir,CHEMBL3072,Androgen receptor,Rattus norvegicus,P15207,1,0,0,1
CHEMBL184,DB00787,Acyclovir,CHEMBL330,"Glutamate receptor ionotropic, NMDA 1",Rattus norvegicus,P35439,1,0,0,1
CHEMBL184,DB00787,Acyclovir,CHEMBL3415,Thymidine kinase,Human herpesvirus 2,Q6L709,1,0,0,1
CHEMBL184,DB00787,Acyclovir,CHEMBL343,Gamma-aminobutyric acid receptor subunit alpha-1,Rattus norvegicus,P62813,3,0,0,3
CHEMBL184,DB00787,Acyclovir,CHEMBL3762,Voltage-dependent L-type calcium channel subunit alpha-1C,Rattus norvegicus,P22002,1,0,0,1
CHEMBL184,DB00787,Acyclovir,CHEMBL4042,Prostaglandin G/H synthase 1,Rattus norvegicus,Q63921,1,0,0,1
CHEMBL184,DB00787,Acyclovir,CHEMBL4523582,Replicase polyprotein 1ab,Severe acute respiratory syndrome coronavirus 2,P0DTD1,1,0,0,1
CHEMBL184,DB00787,Acyclovir,CHEMBL5107,Voltage-dependent N-type calcium channel subunit alpha-1B,Rattus norvegicus,Q02294,1,0,0,1
CHEMBL184,DB00787,Acyclovir,CHEMBL6035,"Thioredoxin reductase 1, cytoplasmic",Rattus norvegicus,O89049,1,0,0,1
CHEMBL186,DB01413,Cefepime,CHEMBL1075238,Organic cation/carnitine transporter 2,Rattus norvegicus,O70594,1,0,0,1
CHEMBL186,DB01413,Cefepime,CHEMBL2065,Beta-lactamase TEM,Escherichia coli,P62593,2,0,0,2
CHEMBL186,DB01413,Cefepime,CHEMBL2725,Beta-lactamase,Enterobacter cloacae,P05364,6,0,0,6
CHEMBL186,DB01413,Cefepime,CHEMBL3072,Androgen receptor,Rattus norvegicus,P15207,3,0,0,3
CHEMBL186,DB01413,Cefepime,CHEMBL330,"Glutamate receptor ionotropic, NMDA 1",Rattus norvegicus,P35439,1,0,0,1
CHEMBL186,DB01413,Cefepime,CHEMBL3309036,Cell shape peptidoglycan synthetase penicillin-binding protein 2,Escherichia coli,Q2TL65,1,0,0,1
CHEMBL186,DB01413,Cefepime,CHEMBL3325,Solute carrier family 15 member 2,Rattus norvegicus,Q63424,1,0,0,1
CHEMBL186,DB01413,Cefepime,CHEMBL343,Gamma-aminobutyric acid receptor subunit alpha-1,Rattus norvegicus,P62813,3,0,0,3
CHEMBL186,DB01413,Cefepime,CHEMBL3762,Voltage-dependent L-type calcium channel subunit alpha-1C,Rattus norvegicus,P22002,1,0,0,1
CHEMBL186,DB01413,Cefepime,CHEMBL3832957,Metallo beta-lactamase,Pseudomonas aeruginosa,Q6TUJ4,1,0,0,1
CHEMBL186,DB01413,Cefepime,CHEMBL4042,Prostaglandin G/H synthase 1,Rattus norvegicus,Q63921,2,0,0,2
CHEMBL186,DB01413,Cefepime,CHEMBL4114,Beta-lactamase,Staphylococcus aureus,P00807,2,0,0,2
CHEMBL186,DB01413,Cefepime,CHEMBL5012,Beta-lactamase,Klebsiella oxytoca,Q8RT60,2,0,0,2
CHEMBL186,DB01413,Cefepime,CHEMBL5031,Beta-lactamase,Pseudomonas aeruginosa (strain ATCC 15692 / PAO1 / 1C / PRS 101 / LMG12228),P24735,8,0,0,8
CHEMBL186,DB01413,Cefepime,CHEMBL5094,Beta-lactamase SHV-1,Klebsiella pneumoniae,P0AD64,2,0,0,2
CHEMBL186,DB01413,Cefepime,CHEMBL5157,Carbapenem-hydrolyzing beta-lactamase SME-3,Serratia marcescens,Q6PRG8,2,0,0,2
CHEMBL186,DB01413,Cefepime,CHEMBL5225,Penicillin-binding protein 3,Pseudomonas aeruginosa,Q51504,1,0,0,1
CHEMBL186,DB01413,Cefepime,CHEMBL5303,PER-2 beta-lactamase,Citrobacter freundii,A2RP81,1,0,0,1
CHEMBL186,DB01413,Cefepime,CHEMBL5437,Class A carbapenemase KPC-2,Escherichia coli,A8DS27,2,0,0,2
CHEMBL186,DB01413,Cefepime,CHEMBL5539,Penicillin-binding protein 2,Pseudomonas aeruginosa,Q9X6V3,1,0,0,1
CHEMBL186,DB01413,Cefepime,CHEMBL5540,Penicillin-binding protein 1B,Pseudomonas aeruginosa,Q9X6W0,1,0,0,1
CHEMBL186,DB01413,Cefepime,CHEMBL5693,Beta-lactamase,Serratia marcescens,P18539,2,0,0,2
CHEMBL186,DB01413,Cefepime,CHEMBL5764,Beta-lactamase,Morganella morganii,P94958,2,0,0,2
CHEMBL186,DB01413,Cefepime,CHEMBL5798,Beta-lactamase VIM-2,Pseudomonas aeruginosa,Q9K2N0,4,0,0,4
CHEMBL186,DB01413,Cefepime,CHEMBL5895,Beta-lactamase,Providencia stuartii,O69773,2,0,0,2
CHEMBL186,DB01413,Cefepime,CHEMBL6131,Beta-lactamase CTX-M,Escherichia coli,Q9EXV5,2,0,0,2
CHEMBL186720,DB11160,Phenyltoloxamine,CHEMBL2007624,Peripheral myelin protein 22,Rattus norvegicus,P25094,1,0,0,1
CHEMBL19019,DB00704,Naltrexone,CHEMBL269,Delta-type opioid receptor,Rattus norvegicus,P33533,11,0,0,11
CHEMBL19019,DB00704,Naltrexone,CHEMBL270,Mu-type opioid receptor,Rattus norvegicus,P33535,18,0,0,18
CHEMBL19019,DB00704,Naltrexone,CHEMBL2858,Mu-type opioid receptor,Mus musculus,P42866,14,0,0,14
CHEMBL19019,DB00704,Naltrexone,CHEMBL307,Neuronal acetylcholine receptor subunit alpha-4,Rattus norvegicus,P09483,3,0,0,3
CHEMBL19019,DB00704,Naltrexone,CHEMBL3222,Delta-type opioid receptor,Mus musculus,P32300,7,0,0,7
CHEMBL19019,DB00704,Naltrexone,CHEMBL343,Gamma-aminobutyric acid receptor subunit alpha-1,Rattus norvegicus,P62813,1,0,0,1
CHEMBL19019,DB00704,Naltrexone,CHEMBL3614,Kappa-type opioid receptor,Rattus norvegicus,P34975,4,0,0,4
CHEMBL19019,DB00704,Naltrexone,CHEMBL3952,Kappa-type opioid receptor,Cavia porcellus,P41144,46,0,0,46
CHEMBL19019,DB00704,Naltrexone,CHEMBL4329,Kappa-type opioid receptor,Mus musculus,P33534,4,0,0,4
CHEMBL19019,DB00704,Naltrexone,CHEMBL4354,Mu-type opioid receptor,Cavia porcellus,P97266,30,0,0,30
CHEMBL193240,DB01656,Roflumilast,CHEMBL2010636,Class 1 phosphodiesterase PDEB1,Trypanosoma brucei,Q8WQX9,1,0,0,1
CHEMBL193240,DB01656,Roflumilast,CHEMBL3072,Androgen receptor,Rattus norvegicus,P15207,2,0,0,2
CHEMBL193240,DB01656,Roflumilast,CHEMBL330,"Glutamate receptor ionotropic, NMDA 1",Rattus norvegicus,P35439,1,0,0,1
CHEMBL193240,DB01656,Roflumilast,CHEMBL343,Gamma-aminobutyric acid receptor subunit alpha-1,Rattus norvegicus,P62813,2,0,0,2
CHEMBL193240,DB01656,Roflumilast,CHEMBL4042,Prostaglandin G/H synthase 1,Rattus norvegicus,Q63921,1,0,0,1
CHEMBL193240,DB01656,Roflumilast,CHEMBL4523582,Replicase polyprotein 1ab,Severe acute respiratory syndrome coronavirus 2,P0DTD1,2,0,0,2
CHEMBL193240,DB01656,Roflumilast,CHEMBL4828,Synaptic vesicular amine transporter,Rattus norvegicus,Q01827,1,0,0,1
CHEMBL20,DB00819,Acetazolamide,CHEMBL1075028,Alpha carbonic anhydrase,Stylophora pistillata,B5SU02,2,0,0,2
CHEMBL20,DB00819,Acetazolamide,CHEMBL1293195,Endochitinase,Saccharomyces cerevisiae S288c,P29029,1,0,0,1
CHEMBL20,DB00819,Acetazolamide,CHEMBL1293196,Endochitinase A1,Aspergillus fumigatus,Q873Y0,2,0,0,2
CHEMBL20,DB00819,Acetazolamide,CHEMBL1649055,Carbonic anhydrase,Stylophora pistillata,C0IX24,1,0,0,1
CHEMBL20,DB00819,Acetazolamide,CHEMBL1697676,Carbonic anhydrase 2,Cryptococcus neoformans,Q3I4V7,9,0,0,9
CHEMBL20,DB00819,Acetazolamide,CHEMBL1777665,Solute carrier family 22 member 6,Rattus norvegicus,O35956,1,0,0,1
CHEMBL20,DB00819,Acetazolamide,CHEMBL1795125,Carbonic anhydrase,Dicentrarchus labrax,Q2PCB5,1,0,0,1
CHEMBL20,DB00819,Acetazolamide,CHEMBL1944498,Carbonic anhydrase 3,Bos taurus,Q3SZX4,1,0,0,1
CHEMBL20,DB00819,Acetazolamide,CHEMBL1944499,Astrosclerin-3,Astrosclera willeyana,A6YCJ1,2,0,0,2
CHEMBL20,DB00819,Acetazolamide,CHEMBL2007624,Peripheral myelin protein 22,Rattus norvegicus,P25094,1,0,0,1
CHEMBL20,DB00819,Acetazolamide,CHEMBL2026,Beta-lactamase,Escherichia coli K-12,P00811,1,0,0,1
CHEMBL20,DB00819,Acetazolamide,CHEMBL2186,Carbonic anhydrase 13,Mus musculus,Q9D6N1,18,0,0,18
CHEMBL20,DB00819,Acetazolamide,CHEMBL2216,Carbonic anhydrase 7,Mus musculus,Q9ERQ8,1,0,0,1
CHEMBL20,DB00819,Acetazolamide,CHEMBL2283,Carbonic anhydrase 2,Bos taurus,P00921,4,0,0,4
CHEMBL20,DB00819,Acetazolamide,CHEMBL2331045,"Carbonic anhydrase 2, isoform A",Drosophila melanogaster,Q9VTU8,1,0,0,1
CHEMBL20,DB00819,Acetazolamide,CHEMBL2331046,Carbonic anhydrase 1,Drosophila melanogaster,Q9V396,1,0,0,1
CHEMBL20,DB00819,Acetazolamide,CHEMBL2401609,Carbonic anhydrase,Flaveria bidentis,P46510,4,0,0,4
CHEMBL20,DB00819,Acetazolamide,CHEMBL281,Carbonic anhydrase 4,Bos taurus,Q95323,18,0,0,18
CHEMBL20,DB00819,Acetazolamide,CHEMBL3072,Androgen receptor,Rattus norvegicus,P15207,1,0,0,1
CHEMBL20,DB00819,Acetazolamide,CHEMBL3097982,Delta carbonic anhydrase,Conticribra weissflogii,Q5U9J1,1,0,0,1
CHEMBL20,DB00819,Acetazolamide,CHEMBL330,"Glutamate receptor ionotropic, NMDA 1",Rattus norvegicus,P35439,1,0,0,1
CHEMBL20,DB00819,Acetazolamide,CHEMBL3399914,AGAP002992-PA,Anopheles gambiae,Q5TU56,1,0,0,1
CHEMBL20,DB00819,Acetazolamide,CHEMBL343,Gamma-aminobutyric acid receptor subunit alpha-1,Rattus norvegicus,P62813,2,0,0,2
CHEMBL20,DB00819,Acetazolamide,CHEMBL3596083,Carbonic anhydrase,Pseudomonas aeruginosa (strain ATCC 15692 / PAO1 / 1C / PRS 101 / LMG12228),Q9HVB9,1,0,0,1
CHEMBL20,DB00819,Acetazolamide,CHEMBL3621035,"Carbonic anhydrase, alpha family",Thiomicrospira crunogena,Q31FD6,1,0,0,1
CHEMBL20,DB00819,Acetazolamide,CHEMBL3745586,Carbonate dehydratase,Sulfurihydrogenibium sp. (strain YO3AOP1),B2V8E3,1,0,0,1
CHEMBL20,DB00819,Acetazolamide,CHEMBL3762,Voltage-dependent L-type calcium channel subunit alpha-1C,Rattus norvegicus,P22002,1,0,0,1
CHEMBL20,DB00819,Acetazolamide,CHEMBL3926,Carbonic anhydrase,Methanobacterium thermoautotrophicum,Q50565,4,0,0,4
CHEMBL20,DB00819,Acetazolamide,CHEMBL3932,Carbonic anhydrase,Methanosarcina thermophila,P40881,6,0,0,6
CHEMBL20,DB00819,Acetazolamide,CHEMBL4042,Prostaglandin G/H synthase 1,Rattus norvegicus,Q63921,1,0,0,1
CHEMBL20,DB00819,Acetazolamide,CHEMBL4211,Carbonic anhydrase,Helicobacter pylori (strain ATCC 700392 / 26695) (Campylobacterpylori),O24855,2,0,0,2
CHEMBL20,DB00819,Acetazolamide,CHEMBL4321,Prostaglandin G/H synthase 2,Mus musculus,Q05769,1,0,0,1
CHEMBL20,DB00819,Acetazolamide,CHEMBL4523582,Replicase polyprotein 1ab,Severe acute respiratory syndrome coronavirus 2,P0DTD1,1,0,0,1
CHEMBL20,DB00819,Acetazolamide,CHEMBL5337,Carbonic anhydrase,Candida albicans (strain SC5314 / ATCC MYA-2876) (Yeast),Q5AJ71,7,0,0,7
CHEMBL20,DB00819,Acetazolamide,CHEMBL5631,Beta-carbonic anhydrase 1,Mycobacterium tuberculosis,P9WPJ7,8,0,0,8
CHEMBL20,DB00819,Acetazolamide,CHEMBL5767,PROBABLE TRANSMEMBRANE CARBONIC ANHYDRASE (CARBONATE DEHYDRATASE) (CARBONIC DEHYDRATASE),Mycobacterium tuberculosis,P96878,6,0,0,6
CHEMBL20,DB00819,Acetazolamide,CHEMBL5931,Carbonic anhydrase,Saccharomyces cerevisiae S288c,P53615,5,0,0,5
CHEMBL20,DB00819,Acetazolamide,CHEMBL5973,Carbonic anhydrase 15,Mus musculus,Q99N23,8,0,0,8
CHEMBL20,DB00819,Acetazolamide,CHEMBL6035,"Thioredoxin reductase 1, cytoplasmic",Rattus norvegicus,O89049,2,0,0,2
CHEMBL20,DB00819,Acetazolamide,CHEMBL6068,Carbonic anhydrase 2,Mycobacterium tuberculosis,P9WPJ9,1,0,0,1
CHEMBL20,DB00819,Acetazolamide,CHEMBL6185,Carbonic anhydrase,Candida glabrata CBS 138,Q6FTL6,5,0,0,5
CHEMBL2028019,DB06016,Cariprazine,CHEMBL343,Gamma-aminobutyric acid receptor subunit alpha-1,Rattus norvegicus,P62813,1,0,0,1
CHEMBL2028019,DB06016,Cariprazine,CHEMBL4523582,Replicase polyprotein 1ab,Severe acute respiratory syndrome coronavirus 2,P0DTD1,2,0,0,2
CHEMBL2028019,DB06016,Cariprazine,CHEMBL4828,Synaptic vesicular amine transporter,Rattus norvegicus,Q01827,1,0,0,1
CHEMBL2103827,DB06262,Droxidopa,CHEMBL2073717,Monocarboxylate transporter 10,Rattus norvegicus,Q91Y77,1,0,0,1
CHEMBL2103827,DB06262,Droxidopa,CHEMBL2146315,Nuclear receptor subfamily 1 group I member 2,Rattus norvegicus,Q9R1A7,1,0,0,1
CHEMBL2103827,DB06262,Droxidopa,CHEMBL4523582,Replicase polyprotein 1ab,Severe acute respiratory syndrome coronavirus 2,P0DTD1,1,0,0,1
CHEMBL2104164,DB09254,Caroxazone,CHEMBL4523582,Replicase polyprotein 1ab,Severe acute respiratory syndrome coronavirus 2,P0DTD1,1,0,0,1
CHEMBL2104895,DB09304,Setiptiline,CHEMBL4523582,Replicase polyprotein 1ab,Severe acute respiratory syndrome coronavirus 2,P0DTD1,1,0,0,1
CHEMBL2104993,DB09068,Vortioxetine,CHEMBL313,Sodium-dependent serotonin transporter,Rattus norvegicus,P31652,5,0,0,5
CHEMBL2104993,DB09068,Vortioxetine,CHEMBL4523582,Replicase polyprotein 1ab,Severe acute respiratory syndrome coronavirus 2,P0DTD1,2,0,0,2
CHEMBL2105760,DB09128,Brexpiprazole,CHEMBL273,5-hydroxytryptamine receptor 1A,Rattus norvegicus,P19327,1,0,0,1
CHEMBL2105760,DB09128,Brexpiprazole,CHEMBL322,5-hydroxytryptamine receptor 2A,Rattus norvegicus,P14842,1,0,0,1
CHEMBL2105760,DB09128,Brexpiprazole,CHEMBL339,D(2) dopamine receptor,Rattus norvegicus,P61169,2,0,0,2
CHEMBL2105760,DB09128,Brexpiprazole,CHEMBL4523582,Replicase polyprotein 1ab,Severe acute respiratory syndrome coronavirus 2,P0DTD1,2,0,0,2
CHEMBL2107011,DB13403,Oxypertine,CHEMBL3072,Androgen receptor,Rattus norvegicus,P15207,2,0,0,2
CHEMBL2107011,DB13403,Oxypertine,CHEMBL330,"Glutamate receptor ionotropic, NMDA 1",Rattus norvegicus,P35439,1,0,0,1
CHEMBL2107011,DB13403,Oxypertine,CHEMBL343,Gamma-aminobutyric acid receptor subunit alpha-1,Rattus norvegicus,P62813,2,0,0,2
CHEMBL2107011,DB13403,Oxypertine,CHEMBL4042,Prostaglandin G/H synthase 1,Rattus norvegicus,Q63921,1,0,0,1
CHEMBL2110816,DB09016,Butriptyline,CHEMBL330,"Glutamate receptor ionotropic, NMDA 1",Rattus norvegicus,P35439,1,0,0,1
CHEMBL2110816,DB09016,Butriptyline,CHEMBL343,Gamma-aminobutyric acid receptor subunit alpha-1,Rattus norvegicus,P62813,2,0,0,2
CHEMBL2111101,DB05316,Pimavanserin,CHEMBL343,Gamma-aminobutyric acid receptor subunit alpha-1,Rattus norvegicus,P62813,1,0,0,1
CHEMBL2111101,DB05316,Pimavanserin,CHEMBL4523582,Replicase polyprotein 1ab,Severe acute respiratory syndrome coronavirus 2,P0DTD1,1,0,0,1
CHEMBL2111101,DB05316,Pimavanserin,CHEMBL4828,Synaptic vesicular amine transporter,Rattus norvegicus,Q01827,1,0,0,1
CHEMBL211456,DB01364,Ephedrine,CHEMBL3072,Androgen receptor,Rattus norvegicus,P15207,1,0,0,1
CHEMBL211456,DB01364,Ephedrine,CHEMBL330,"Glutamate receptor ionotropic, NMDA 1",Rattus norvegicus,P35439,1,0,0,1
CHEMBL211456,DB01364,Ephedrine,CHEMBL343,Gamma-aminobutyric acid receptor subunit alpha-1,Rattus norvegicus,P62813,2,0,0,2
CHEMBL211456,DB01364,Ephedrine,CHEMBL3762,Voltage-dependent L-type calcium channel subunit alpha-1C,Rattus norvegicus,P22002,1,0,0,1
CHEMBL211456,DB01364,Ephedrine,CHEMBL4042,Prostaglandin G/H synthase 1,Rattus norvegicus,Q63921,1,0,0,1
CHEMBL211456,DB01364,Ephedrine,CHEMBL5107,Voltage-dependent N-type calcium channel subunit alpha-1B,Rattus norvegicus,Q02294,1,0,0,1
CHEMBL21731,DB00934,Maprotiline,CHEMBL1293231,Nuclear receptor ROR-gamma,Mus musculus,P51450,2,0,0,2
CHEMBL21731,DB00934,Maprotiline,CHEMBL1293238,Inositol monophosphatase 1,Rattus norvegicus,P97697,2,0,0,2
CHEMBL21731,DB00934,Maprotiline,CHEMBL2007624,Peripheral myelin protein 22,Rattus norvegicus,P25094,1,0,0,1
CHEMBL21731,DB00934,Maprotiline,CHEMBL276,Muscarinic acetylcholine receptor M1,Rattus norvegicus,P08482,2,0,0,2
CHEMBL21731,DB00934,Maprotiline,CHEMBL3072,Androgen receptor,Rattus norvegicus,P15207,1,0,0,1
CHEMBL21731,DB00934,Maprotiline,CHEMBL315,Alpha-1B adrenergic receptor,Rattus norvegicus,P15823,2,0,0,2
CHEMBL21731,DB00934,Maprotiline,CHEMBL319,Alpha-1A adrenergic receptor,Rattus norvegicus,P43140,2,0,0,2
CHEMBL21731,DB00934,Maprotiline,CHEMBL343,Gamma-aminobutyric acid receptor subunit alpha-1,Rattus norvegicus,P62813,1,0,0,1
CHEMBL21731,DB00934,Maprotiline,CHEMBL3762,Voltage-dependent L-type calcium channel subunit alpha-1C,Rattus norvegicus,P22002,1,0,0,1
CHEMBL21731,DB00934,Maprotiline,CHEMBL4042,Prostaglandin G/H synthase 1,Rattus norvegicus,Q63921,1,0,0,1
CHEMBL21731,DB00934,Maprotiline,CHEMBL4372,Lethal factor,Bacillus anthracis,P15917,1,0,0,1
CHEMBL21731,DB00934,Maprotiline,CHEMBL4523582,Replicase polyprotein 1ab,Severe acute respiratory syndrome coronavirus 2,P0DTD1,1,0,0,1
CHEMBL21731,DB00934,Maprotiline,CHEMBL6035,"Thioredoxin reductase 1, cytoplasmic",Rattus norvegicus,O89049,2,0,0,2
CHEMBL2178422,DB12457,Rimegepant,CHEMBL4523582,Replicase polyprotein 1ab,Severe acute respiratory syndrome coronavirus 2,P0DTD1,1,0,0,1
CHEMBL220492,DB00273,Topiramate,CHEMBL1075028,Alpha carbonic anhydrase,Stylophora pistillata,B5SU02,2,0,2,0
CHEMBL220492,DB00273,Topiramate,CHEMBL1649055,Carbonic anhydrase,Stylophora pistillata,C0IX24,1,0,1,0
CHEMBL220492,DB00273,Topiramate,CHEMBL1697676,Carbonic anhydrase 2,Cryptococcus neoformans,Q3I4V7,2,0,2,0
CHEMBL220492,DB00273,Topiramate,CHEMBL1944499,Astrosclerin-3,Astrosclera willeyana,A6YCJ1,1,0,1,0
CHEMBL220492,DB00273,Topiramate,CHEMBL2186,Carbonic anhydrase 13,Mus musculus,Q9D6N1,4,0,4,0
CHEMBL220492,DB00273,Topiramate,CHEMBL281,Carbonic anhydrase 4,Bos taurus,Q95323,6,0,2,4
CHEMBL220492,DB00273,Topiramate,CHEMBL3072,Androgen receptor,Rattus norvegicus,P15207,1,0,0,1
CHEMBL220492,DB00273,Topiramate,CHEMBL3097982,Delta carbonic anhydrase,Conticribra weissflogii,Q5U9J1,1,0,1,0
CHEMBL220492,DB00273,Topiramate,CHEMBL330,"Glutamate receptor ionotropic, NMDA 1",Rattus norvegicus,P35439,1,0,0,1
CHEMBL220492,DB00273,Topiramate,CHEMBL3399,Sodium channel protein type 2 subunit alpha,Rattus norvegicus,P04775,2,0,2,0
CHEMBL220492,DB00273,Topiramate,CHEMBL3399914,AGAP002992-PA,Anopheles gambiae,Q5TU56,1,0,1,0
CHEMBL220492,DB00273,Topiramate,CHEMBL343,Gamma-aminobutyric acid receptor subunit alpha-1,Rattus norvegicus,P62813,3,0,0,3
CHEMBL220492,DB00273,Topiramate,CHEMBL3621035,"Carbonic anhydrase, alpha family",Thiomicrospira crunogena,Q31FD6,1,0,1,0
CHEMBL220492,DB00273,Topiramate,CHEMBL3745586,Carbonate dehydratase,Sulfurihydrogenibium sp. (strain YO3AOP1),B2V8E3,1,0,1,0
CHEMBL220492,DB00273,Topiramate,CHEMBL3762,Voltage-dependent L-type calcium channel subunit alpha-1C,Rattus norvegicus,P22002,1,0,0,1
CHEMBL220492,DB00273,Topiramate,CHEMBL3926,Carbonic anhydrase,Methanobacterium thermoautotrophicum,Q50565,1,0,1,0
CHEMBL220492,DB00273,Topiramate,CHEMBL3932,Carbonic anhydrase,Methanosarcina thermophila,P40881,2,0,2,0
CHEMBL220492,DB00273,Topiramate,CHEMBL4042,Prostaglandin G/H synthase 1,Rattus norvegicus,Q63921,1,0,0,1
CHEMBL220492,DB00273,Topiramate,CHEMBL4211,Carbonic anhydrase,Helicobacter pylori (strain ATCC 700392 / 26695) (Campylobacterpylori),O24855,2,0,2,0
CHEMBL220492,DB00273,Topiramate,CHEMBL4523582,Replicase polyprotein 1ab,Severe acute respiratory syndrome coronavirus 2,P0DTD1,2,0,2,0
CHEMBL220492,DB00273,Topiramate,CHEMBL4706,Carbonic anhydrase 2,Rattus norvegicus,P27139,1,0,1,0
CHEMBL220492,DB00273,Topiramate,CHEMBL5107,Voltage-dependent N-type calcium channel subunit alpha-1B,Rattus norvegicus,Q02294,1,0,0,1
CHEMBL220492,DB00273,Topiramate,CHEMBL5337,Carbonic anhydrase,Candida albicans (strain SC5314 / ATCC MYA-2876) (Yeast),Q5AJ71,3,0,3,0
CHEMBL220492,DB00273,Topiramate,CHEMBL5631,Beta-carbonic anhydrase 1,Mycobacterium tuberculosis,P9WPJ7,2,0,2,0
CHEMBL220492,DB00273,Topiramate,CHEMBL5767,PROBABLE TRANSMEMBRANE CARBONIC ANHYDRASE (CARBONATE DEHYDRATASE) (CARBONIC DEHYDRATASE),Mycobacterium tuberculosis,P96878,1,0,1,0
CHEMBL220492,DB00273,Topiramate,CHEMBL5931,Carbonic anhydrase,Saccharomyces cerevisiae S288c,P53615,1,0,1,0
CHEMBL220492,DB00273,Topiramate,CHEMBL5973,Carbonic anhydrase 15,Mus musculus,Q99N23,3,0,3,0
CHEMBL220492,DB00273,Topiramate,CHEMBL6068,Carbonic anhydrase 2,Mycobacterium tuberculosis,P9WPJ9,1,0,1,0
CHEMBL220492,DB00273,Topiramate,CHEMBL6185,Carbonic anhydrase,Candida glabrata CBS 138,Q6FTL6,1,0,1,0
CHEMBL2218896,DB00486,Nabilone,CHEMBL3072,Androgen receptor,Rattus norvegicus,P15207,2,0,0,2
CHEMBL2218896,DB00486,Nabilone,CHEMBL330,"Glutamate receptor ionotropic, NMDA 1",Rattus norvegicus,P35439,1,0,0,1
CHEMBL2218896,DB00486,Nabilone,CHEMBL343,Gamma-aminobutyric acid receptor subunit alpha-1,Rattus norvegicus,P62813,2,0,0,2
CHEMBL2218896,DB00486,Nabilone,CHEMBL3571,Cannabinoid receptor 1,Rattus norvegicus,P20272,1,0,0,1
CHEMBL2218896,DB00486,Nabilone,CHEMBL4042,Prostaglandin G/H synthase 1,Rattus norvegicus,Q63921,1,0,0,1
CHEMBL2218896,DB00486,Nabilone,CHEMBL5373,Cannabinoid receptor 2,Mus musculus,P47936,1,0,0,1
CHEMBL2220442,DB01095,Fluvastatin,CHEMBL3072,Androgen receptor,Rattus norvegicus,P15207,2,0,0,2
CHEMBL2220442,DB01095,Fluvastatin,CHEMBL3247,3-hydroxy-3-methylglutaryl-coenzyme A reductase,Rattus norvegicus,P51639,1,0,0,1
CHEMBL2220442,DB01095,Fluvastatin,CHEMBL330,"Glutamate receptor ionotropic, NMDA 1",Rattus norvegicus,P35439,1,0,0,1
CHEMBL2220442,DB01095,Fluvastatin,CHEMBL343,Gamma-aminobutyric acid receptor subunit alpha-1,Rattus norvegicus,P62813,3,0,0,3
CHEMBL2220442,DB01095,Fluvastatin,CHEMBL3762,Voltage-dependent L-type calcium channel subunit alpha-1C,Rattus norvegicus,P22002,1,0,0,1
CHEMBL2220442,DB01095,Fluvastatin,CHEMBL3813,Dipeptidyl peptidase 4,Sus scrofa,P22411,1,0,0,1
CHEMBL2220442,DB01095,Fluvastatin,CHEMBL4042,Prostaglandin G/H synthase 1,Rattus norvegicus,Q63921,1,0,0,1
CHEMBL2220442,DB01095,Fluvastatin,CHEMBL4523582,Replicase polyprotein 1ab,Severe acute respiratory syndrome coronavirus 2,P0DTD1,2,0,0,2
CHEMBL2220442,DB01095,Fluvastatin,CHEMBL5107,Voltage-dependent N-type calcium channel subunit alpha-1B,Rattus norvegicus,Q02294,1,0,0,1
CHEMBL222813,DB00558,Zanamivir,CHEMBL1287607,Neuraminidase,Influenza A virus (A/Aichi/2/1968(H3N2)),Q75VQ4,1,0,0,1
CHEMBL222813,DB00558,Zanamivir,CHEMBL1287610,Neuraminidase,Influenza A virus (strain A/Wilson-Smith/1933 H1N1) (Influenza A virus(strain A/WS/1933 H1N1)),P03470,5,0,0,5
CHEMBL222813,DB00558,Zanamivir,CHEMBL1667683,Neuraminidase,Influenza A virus,Q6Q793,4,0,0,4
CHEMBL222813,DB00558,Zanamivir,CHEMBL1667684,Neuraminidase,Influenza A virus,A5Z252,5,0,0,5
CHEMBL222813,DB00558,Zanamivir,CHEMBL1667685,Neuraminidase,Influenza A virus,Q2LFS1,7,0,0,7
CHEMBL222813,DB00558,Zanamivir,CHEMBL1667686,Neuraminidase,Influenza A virus,C4LRQ6,4,0,0,4
CHEMBL222813,DB00558,Zanamivir,CHEMBL2046263,Neuraminidase,Influenza A virus (strain A/Udorn/307/1972 H3N2),P0DOF9,3,0,0,3
CHEMBL222813,DB00558,Zanamivir,CHEMBL2051,Neuraminidase,Influenza A virus (A/Puerto Rico/8/1934(H1N1)),P03468,26,0,0,26
CHEMBL222813,DB00558,Zanamivir,CHEMBL3072,Androgen receptor,Rattus norvegicus,P15207,1,0,0,1
CHEMBL222813,DB00558,Zanamivir,CHEMBL3232678,Neuraminidase,Influenza A virus,Q194T1,2,0,0,2
CHEMBL222813,DB00558,Zanamivir,CHEMBL330,"Glutamate receptor ionotropic, NMDA 1",Rattus norvegicus,P35439,1,0,0,1
CHEMBL222813,DB00558,Zanamivir,CHEMBL3377,Neuraminidase,Influenza B virus (strain B/Lee/1940),P03474,13,0,0,13
CHEMBL222813,DB00558,Zanamivir,CHEMBL343,Gamma-aminobutyric acid receptor subunit alpha-1,Rattus norvegicus,P62813,2,0,0,2
CHEMBL222813,DB00558,Zanamivir,CHEMBL3471,Human immunodeficiency virus type 1 integrase,Human immunodeficiency virus 1,Q7ZJM1,1,0,0,1
CHEMBL222813,DB00558,Zanamivir,CHEMBL3762,Voltage-dependent L-type calcium channel subunit alpha-1C,Rattus norvegicus,P22002,1,0,0,1
CHEMBL222813,DB00558,Zanamivir,CHEMBL4042,Prostaglandin G/H synthase 1,Rattus norvegicus,Q63921,1,0,0,1
CHEMBL222813,DB00558,Zanamivir,CHEMBL4295592,Neuraminidase,Influenza A virus (strain A/Duck/Ukraine/1/1963 H3N8),Q07599,1,0,0,1
CHEMBL222813,DB00558,Zanamivir,CHEMBL4295612,Neuraminidase,Influenza A virus (strain A/Budgerigar/Hokkaido/1/1977 H4N6),Q6XV28,1,0,0,1
CHEMBL222813,DB00558,Zanamivir,CHEMBL4295840,Neuraminidase,Influenza B virus,Q3S340,2,0,0,2
CHEMBL222813,DB00558,Zanamivir,CHEMBL4523582,Replicase polyprotein 1ab,Severe acute respiratory syndrome coronavirus 2,P0DTD1,3,0,0,3
CHEMBL222813,DB00558,Zanamivir,CHEMBL6015,Neuraminidase,Influenza A virus (A/Memphis/1/1971(H3N2)),P03471,7,0,0,7
CHEMBL222813,DB00558,Zanamivir,CHEMBL6135,Neuraminidase,Influenza A virus,B4URF0,132,0,0,132
CHEMBL223228,DB00625,Efavirenz,CHEMBL1293231,Nuclear receptor ROR-gamma,Mus musculus,P51450,1,0,0,1
CHEMBL223228,DB00625,Efavirenz,CHEMBL1293254,Ferritin light chain,Equus caballus,P02791,1,0,0,1
CHEMBL223228,DB00625,Efavirenz,CHEMBL1293311,Envelope glycoprotein gp160,Human immunodeficiency virus 1,Q6QLK5,1,0,0,1
CHEMBL223228,DB00625,Efavirenz,CHEMBL2189159,"Indoleamine 2,3-dioxygenase 2",Mus musculus,Q8R0V5,1,0,0,1
CHEMBL223228,DB00625,Efavirenz,CHEMBL247,Human immunodeficiency virus type 1 reverse transcriptase,Human immunodeficiency virus 1,Q72547,283,0,0,283
CHEMBL223228,DB00625,Efavirenz,CHEMBL3072,Androgen receptor,Rattus norvegicus,P15207,3,0,0,3
CHEMBL223228,DB00625,Efavirenz,CHEMBL330,"Glutamate receptor ionotropic, NMDA 1",Rattus norvegicus,P35439,1,0,0,1
CHEMBL223228,DB00625,Efavirenz,CHEMBL343,Gamma-aminobutyric acid receptor subunit alpha-1,Rattus norvegicus,P62813,2,0,0,2
CHEMBL223228,DB00625,Efavirenz,CHEMBL3762,Voltage-dependent L-type calcium channel subunit alpha-1C,Rattus norvegicus,P22002,1,0,0,1
CHEMBL223228,DB00625,Efavirenz,CHEMBL4042,Prostaglandin G/H synthase 1,Rattus norvegicus,Q63921,1,0,0,1
CHEMBL223228,DB00625,Efavirenz,CHEMBL4523582,Replicase polyprotein 1ab,Severe acute respiratory syndrome coronavirus 2,P0DTD1,2,0,0,2
CHEMBL2355051,DB00882,Clomifene,CHEMBL1293231,Nuclear receptor ROR-gamma,Mus musculus,P51450,2,0,0,2
CHEMBL2355051,DB00882,Clomifene,CHEMBL1293254,Ferritin light chain,Equus caballus,P02791,1,0,0,1
CHEMBL2355051,DB00882,Clomifene,CHEMBL1741171,Protein RecA,Mycobacterium tuberculosis,P9WHJ3,1,0,0,1
CHEMBL2355051,DB00882,Clomifene,CHEMBL1741192,Replicative DNA helicase DnaB,Mycobacterium tuberculosis,P9WMR3,2,0,0,2
CHEMBL2355051,DB00882,Clomifene,CHEMBL2146310,Aberrant vpr protein,Human immunodeficiency virus 1,Q77YF9,1,0,0,1
CHEMBL2355051,DB00882,Clomifene,CHEMBL3072,Androgen receptor,Rattus norvegicus,P15207,1,0,0,1
CHEMBL2355051,DB00882,Clomifene,CHEMBL4523582,Replicase polyprotein 1ab,Severe acute respiratory syndrome coronavirus 2,P0DTD1,1,0,0,1
CHEMBL2355051,DB00882,Clomifene,CHEMBL5313,Heat shock factor protein 1,Mus musculus,P38532,1,0,0,1
CHEMBL24,DB00335,Atenolol,CHEMBL273,5-hydroxytryptamine receptor 1A,Rattus norvegicus,P19327,1,0,0,1
CHEMBL24,DB00335,Atenolol,CHEMBL3072,Androgen receptor,Rattus norvegicus,P15207,1,0,0,1
CHEMBL24,DB00335,Atenolol,CHEMBL330,"Glutamate receptor ionotropic, NMDA 1",Rattus norvegicus,P35439,1,0,0,1
CHEMBL24,DB00335,Atenolol,CHEMBL343,Gamma-aminobutyric acid receptor subunit alpha-1,Rattus norvegicus,P62813,2,0,0,2
CHEMBL24,DB00335,Atenolol,CHEMBL3762,Voltage-dependent L-type calcium channel subunit alpha-1C,Rattus norvegicus,P22002,1,0,0,1
CHEMBL24,DB00335,Atenolol,CHEMBL4042,Prostaglandin G/H synthase 1,Rattus norvegicus,Q63921,1,0,0,1
CHEMBL24,DB00335,Atenolol,CHEMBL4105778,Dipeptidyl peptidase 3,Bos mutus,L8I2E6,3,0,3,0
CHEMBL24,DB00335,Atenolol,CHEMBL4161,Urease,Canavalia ensiformis,P07374,1,0,1,0
CHEMBL24,DB00335,Atenolol,CHEMBL4523582,Replicase polyprotein 1ab,Severe acute respiratory syndrome coronavirus 2,P0DTD1,2,0,2,0
CHEMBL24,DB00335,Atenolol,CHEMBL5414,Beta-2 adrenergic receptor,Cavia porcellus,Q8K4Z4,3,0,3,0
CHEMBL24,DB00335,Atenolol,CHEMBL5471,Beta-1 adrenergic receptor,Cavia porcellus,B0FL73,4,0,4,0
CHEMBL24,DB00335,Atenolol,CHEMBL5686,ATP-dependent 6-phosphofructokinase,Trypanosoma brucei,O15648,1,0,1,0
CHEMBL24,DB00335,Atenolol,CHEMBL5738,"Fatty acid-binding protein, liver",Rattus norvegicus,P02692,1,0,1,0
CHEMBL24147,DB11085,Resorcinol,CHEMBL1075060,Arginase-1,Bos taurus,Q2KJ64,1,0,0,1
CHEMBL24147,DB11085,Resorcinol,CHEMBL1293231,Nuclear receptor ROR-gamma,Mus musculus,P51450,1,0,0,1
CHEMBL24147,DB11085,Resorcinol,CHEMBL1795125,Carbonic anhydrase,Dicentrarchus labrax,Q2PCB5,1,0,0,1
CHEMBL24147,DB11085,Resorcinol,CHEMBL2186,Carbonic anhydrase 13,Mus musculus,Q9D6N1,1,0,0,1
CHEMBL24147,DB11085,Resorcinol,CHEMBL2949,Prostaglandin G/H synthase 1,Ovis aries,P05979,4,0,0,4
CHEMBL24147,DB11085,Resorcinol,CHEMBL3318,Tyrosinase,Agaricus bisporus,O42713,4,0,0,4
CHEMBL24147,DB11085,Resorcinol,CHEMBL4523582,Replicase polyprotein 1ab,Severe acute respiratory syndrome coronavirus 2,P0DTD1,1,0,0,1
CHEMBL24147,DB11085,Resorcinol,CHEMBL5973,Carbonic anhydrase 15,Mus musculus,Q99N23,1,0,0,1
CHEMBL248594,DB12749,Butylphthalide,CHEMBL3403,Butyrylcholinesterase,Rattus norvegicus,Q9JKC1,3,0,3,0
CHEMBL248594,DB12749,Butylphthalide,CHEMBL4078,Acetylcholinesterase,Electrophorus electricus,O42275,3,0,3,0
CHEMBL25,DB00945,Acetylsalicylic acid,CHEMBL1777665,Solute carrier family 22 member 6,Rattus norvegicus,O35956,1,0,0,1
CHEMBL25,DB00945,Acetylsalicylic acid,CHEMBL2146316,Putative uncharacterized protein,Trypanosoma brucei,Q57TT1,1,0,0,1
CHEMBL25,DB00945,Acetylsalicylic acid,CHEMBL276,Muscarinic acetylcholine receptor M1,Rattus norvegicus,P08482,1,0,0,1
CHEMBL25,DB00945,Acetylsalicylic acid,CHEMBL2860,Prostaglandin G/H synthase 1,Bos taurus,O62664,4,0,0,4
CHEMBL25,DB00945,Acetylsalicylic acid,CHEMBL2949,Prostaglandin G/H synthase 1,Ovis aries,P05979,41,0,0,41
CHEMBL25,DB00945,Acetylsalicylic acid,CHEMBL3072,Androgen receptor,Rattus norvegicus,P15207,1,0,0,1
CHEMBL25,DB00945,Acetylsalicylic acid,CHEMBL312,Polyunsaturated fatty acid 5-lipoxygenase,Rattus norvegicus,P12527,1,0,0,1
CHEMBL25,DB00945,Acetylsalicylic acid,CHEMBL330,"Glutamate receptor ionotropic, NMDA 1",Rattus norvegicus,P35439,1,0,0,1
CHEMBL25,DB00945,Acetylsalicylic acid,CHEMBL343,Gamma-aminobutyric acid receptor subunit alpha-1,Rattus norvegicus,P62813,2,0,0,2
CHEMBL25,DB00945,Acetylsalicylic acid,CHEMBL3762,Voltage-dependent L-type calcium channel subunit alpha-1C,Rattus norvegicus,P22002,1,0,0,1
CHEMBL25,DB00945,Acetylsalicylic acid,CHEMBL4042,Prostaglandin G/H synthase 1,Rattus norvegicus,Q63921,1,0,0,1
CHEMBL25,DB00945,Acetylsalicylic acid,CHEMBL4102,Prostaglandin G/H synthase 2,Ovis aries,P79208,26,0,0,26
CHEMBL25,DB00945,Acetylsalicylic acid,CHEMBL4372,Lethal factor,Bacillus anthracis,P15917,1,0,0,1
CHEMBL25,DB00945,Acetylsalicylic acid,CHEMBL4523582,Replicase polyprotein 1ab,Severe acute respiratory syndrome coronavirus 2,P0DTD1,1,0,0,1
CHEMBL25,DB00945,Acetylsalicylic acid,CHEMBL5016,Phospholipase A2,Rattus norvegicus,P04055,1,0,0,1
CHEMBL25,DB00945,Acetylsalicylic acid,CHEMBL5061,Glutathione reductase,Plasmodium falciparum 3D7,O15770,1,0,0,1
CHEMBL25,DB00945,Acetylsalicylic acid,CHEMBL5107,Voltage-dependent N-type calcium channel subunit alpha-1B,Rattus norvegicus,Q02294,1,0,0,1
CHEMBL25,DB00945,Acetylsalicylic acid,CHEMBL5269,Solute carrier family 22 member 20,Mus musculus,Q80UJ1,2,0,0,2
CHEMBL25,DB00945,Acetylsalicylic acid,CHEMBL5653,Solute carrier family 22 member 6,Mus musculus,Q8VC69,2,0,0,2
CHEMBL25,DB00945,Acetylsalicylic acid,CHEMBL5738,"Fatty acid-binding protein, liver",Rattus norvegicus,P02692,2,0,0,2
CHEMBL25,DB00945,Acetylsalicylic acid,CHEMBL6035,"Thioredoxin reductase 1, cytoplasmic",Rattus norvegicus,O89049,3,0,0,3
CHEMBL259209,DB04896,Milnacipran,CHEMBL3072,Androgen receptor,Rattus norvegicus,P15207,2,0,0,2
CHEMBL259209,DB04896,Milnacipran,CHEMBL313,Sodium-dependent serotonin transporter,Rattus norvegicus,P31652,3,0,0,3
CHEMBL259209,DB04896,Milnacipran,CHEMBL330,"Glutamate receptor ionotropic, NMDA 1",Rattus norvegicus,P35439,1,0,0,1
CHEMBL259209,DB04896,Milnacipran,CHEMBL338,Sodium-dependent dopamine transporter,Rattus norvegicus,P23977,1,0,0,1
CHEMBL259209,DB04896,Milnacipran,CHEMBL343,Gamma-aminobutyric acid receptor subunit alpha-1,Rattus norvegicus,P62813,2,0,0,2
CHEMBL259209,DB04896,Milnacipran,CHEMBL3762,Voltage-dependent L-type calcium channel subunit alpha-1C,Rattus norvegicus,P22002,1,0,0,1
CHEMBL259209,DB04896,Milnacipran,CHEMBL4042,Prostaglandin G/H synthase 1,Rattus norvegicus,Q63921,1,0,0,1
CHEMBL259209,DB04896,Milnacipran,CHEMBL4523582,Replicase polyprotein 1ab,Severe acute respiratory syndrome coronavirus 2,P0DTD1,1,0,0,1
CHEMBL259209,DB04896,Milnacipran,CHEMBL6184,Transporter,Rattus norvegicus,Q63380,2,0,0,2
CHEMBL26,DB00391,Sulpiride,CHEMBL1075028,Alpha carbonic anhydrase,Stylophora pistillata,B5SU02,2,0,2,0
CHEMBL26,DB00391,Sulpiride,CHEMBL1649055,Carbonic anhydrase,Stylophora pistillata,C0IX24,1,0,1,0
CHEMBL26,DB00391,Sulpiride,CHEMBL1697676,Carbonic anhydrase 2,Cryptococcus neoformans,Q3I4V7,1,0,1,0
CHEMBL26,DB00391,Sulpiride,CHEMBL1944499,Astrosclerin-3,Astrosclera willeyana,A6YCJ1,1,0,1,0
CHEMBL26,DB00391,Sulpiride,CHEMBL2073674,Bile salt export pump,Rattus norvegicus,O70127,1,0,1,0
CHEMBL26,DB00391,Sulpiride,CHEMBL2703,D(2) dopamine receptor,Canis lupus familiaris,Q9GJU1,1,0,0,1
CHEMBL26,DB00391,Sulpiride,CHEMBL281,Carbonic anhydrase 4,Bos taurus,Q95323,1,0,0,1
CHEMBL26,DB00391,Sulpiride,CHEMBL3097982,Delta carbonic anhydrase,Conticribra weissflogii,Q5U9J1,1,0,1,0
CHEMBL26,DB00391,Sulpiride,CHEMBL339,D(2) dopamine receptor,Rattus norvegicus,P61169,7,0,0,7
CHEMBL26,DB00391,Sulpiride,CHEMBL3399914,AGAP002992-PA,Anopheles gambiae,Q5TU56,1,0,1,0
CHEMBL26,DB00391,Sulpiride,CHEMBL343,Gamma-aminobutyric acid receptor subunit alpha-1,Rattus norvegicus,P62813,1,0,0,1
CHEMBL26,DB00391,Sulpiride,CHEMBL3621035,"Carbonic anhydrase, alpha family",Thiomicrospira crunogena,Q31FD6,1,0,1,0
CHEMBL26,DB00391,Sulpiride,CHEMBL3745586,Carbonate dehydratase,Sulfurihydrogenibium sp. (strain YO3AOP1),B2V8E3,1,0,1,0
CHEMBL26,DB00391,Sulpiride,CHEMBL4211,Carbonic anhydrase,Helicobacter pylori (strain ATCC 700392 / 26695) (Campylobacterpylori),O24855,2,0,2,0
CHEMBL26,DB00391,Sulpiride,CHEMBL5337,Carbonic anhydrase,Candida albicans (strain SC5314 / ATCC MYA-2876) (Yeast),Q5AJ71,2,0,2,0
CHEMBL26,DB00391,Sulpiride,CHEMBL5631,Beta-carbonic anhydrase 1,Mycobacterium tuberculosis,P9WPJ7,1,0,1,0
CHEMBL26,DB00391,Sulpiride,CHEMBL5686,ATP-dependent 6-phosphofructokinase,Trypanosoma brucei,O15648,1,0,1,0
CHEMBL26,DB00391,Sulpiride,CHEMBL5931,Carbonic anhydrase,Saccharomyces cerevisiae S288c,P53615,1,0,1,0
CHEMBL26,DB00391,Sulpiride,CHEMBL5973,Carbonic anhydrase 15,Mus musculus,Q99N23,1,0,1,0
CHEMBL26,DB00391,Sulpiride,CHEMBL6035,"Thioredoxin reductase 1, cytoplasmic",Rattus norvegicus,O89049,1,0,0,1
CHEMBL26,DB00391,Sulpiride,CHEMBL6068,Carbonic anhydrase 2,Mycobacterium tuberculosis,P9WPJ9,1,0,1,0
CHEMBL26,DB00391,Sulpiride,CHEMBL6185,Carbonic anhydrase,Candida glabrata CBS 138,Q6FTL6,1,0,1,0
CHEMBL267894,DB01351,Amobarbital,CHEMBL3072,Androgen receptor,Rattus norvegicus,P15207,1,0,0,1
CHEMBL267894,DB01351,Amobarbital,CHEMBL330,"Glutamate receptor ionotropic, NMDA 1",Rattus norvegicus,P35439,1,0,0,1
CHEMBL267894,DB01351,Amobarbital,CHEMBL343,Gamma-aminobutyric acid receptor subunit alpha-1,Rattus norvegicus,P62813,2,0,0,2
CHEMBL267894,DB01351,Amobarbital,CHEMBL3762,Voltage-dependent L-type calcium channel subunit alpha-1C,Rattus norvegicus,P22002,1,0,0,1
CHEMBL267894,DB01351,Amobarbital,CHEMBL4042,Prostaglandin G/H synthase 1,Rattus norvegicus,Q63921,1,0,0,1
CHEMBL27,DB00571,Propranolol,CHEMBL2073674,Bile salt export pump,Rattus norvegicus,O70127,1,0,0,1
CHEMBL27,DB00571,Propranolol,CHEMBL2289,Beta-2 adrenergic receptor,Canis lupus familiaris,P54833,2,0,0,2
CHEMBL27,DB00571,Propranolol,CHEMBL2366456,Voltage-dependent L-type calcium channel subunit alpha-1C,Cavia porcellus,O35505,2,0,0,2
CHEMBL27,DB00571,Propranolol,CHEMBL273,5-hydroxytryptamine receptor 1A,Rattus norvegicus,P19327,4,0,0,4
CHEMBL27,DB00571,Propranolol,CHEMBL3072,Androgen receptor,Rattus norvegicus,P15207,1,0,0,1
CHEMBL27,DB00571,Propranolol,CHEMBL3138,D(3) dopamine receptor,Rattus norvegicus,P19020,1,0,0,1
CHEMBL27,DB00571,Propranolol,CHEMBL3252,Beta-1 adrenergic receptor,Rattus norvegicus,P18090,17,0,0,17
CHEMBL27,DB00571,Propranolol,CHEMBL330,"Glutamate receptor ionotropic, NMDA 1",Rattus norvegicus,P35439,1,0,0,1
CHEMBL27,DB00571,Propranolol,CHEMBL339,D(2) dopamine receptor,Rattus norvegicus,P61169,2,0,0,2
CHEMBL27,DB00571,Propranolol,CHEMBL343,Gamma-aminobutyric acid receptor subunit alpha-1,Rattus norvegicus,P62813,2,0,0,2
CHEMBL27,DB00571,Propranolol,CHEMBL3440,Beta-1 adrenergic receptor,Mus musculus,P34971,1,0,0,1
CHEMBL27,DB00571,Propranolol,CHEMBL3459,5-hydroxytryptamine receptor 1B,Rattus norvegicus,P28564,1,0,0,1
CHEMBL27,DB00571,Propranolol,CHEMBL3762,Voltage-dependent L-type calcium channel subunit alpha-1C,Rattus norvegicus,P22002,1,0,0,1
CHEMBL27,DB00571,Propranolol,CHEMBL4042,Prostaglandin G/H synthase 1,Rattus norvegicus,Q63921,1,0,0,1
CHEMBL27,DB00571,Propranolol,CHEMBL4523582,Replicase polyprotein 1ab,Severe acute respiratory syndrome coronavirus 2,P0DTD1,1,0,0,1
CHEMBL27,DB00571,Propranolol,CHEMBL5107,Voltage-dependent N-type calcium channel subunit alpha-1B,Rattus norvegicus,Q02294,1,0,0,1
CHEMBL27,DB00571,Propranolol,CHEMBL5414,Beta-2 adrenergic receptor,Cavia porcellus,Q8K4Z4,14,0,0,14
CHEMBL27,DB00571,Propranolol,CHEMBL5471,Beta-1 adrenergic receptor,Cavia porcellus,B0FL73,16,0,0,16
CHEMBL27,DB00571,Propranolol,CHEMBL5472,Aromatic peroxygenase,Cyclocybe aegerita,B9W4V6,1,0,0,1
CHEMBL27,DB00571,Propranolol,CHEMBL6035,"Thioredoxin reductase 1, cytoplasmic",Rattus norvegicus,O89049,2,0,0,2
CHEMBL27577,DB08797,Salicylamide,CHEMBL1075060,Arginase-1,Bos taurus,Q2KJ64,1,0,0,1
CHEMBL27577,DB08797,Salicylamide,CHEMBL1293231,Nuclear receptor ROR-gamma,Mus musculus,P51450,1,0,0,1
CHEMBL27577,DB08797,Salicylamide,CHEMBL2007624,Peripheral myelin protein 22,Rattus norvegicus,P25094,1,0,0,1
CHEMBL27577,DB08797,Salicylamide,CHEMBL3318,Tyrosinase,Agaricus bisporus,O42713,1,0,0,1
CHEMBL27577,DB08797,Salicylamide,CHEMBL3464,"Nitric oxide synthase, inducible",Mus musculus,P29477,1,0,0,1
CHEMBL27577,DB08797,Salicylamide,CHEMBL3471,Human immunodeficiency virus type 1 integrase,Human immunodeficiency virus 1,Q7ZJM1,2,0,0,2
CHEMBL27577,DB08797,Salicylamide,CHEMBL4372,Lethal factor,Bacillus anthracis,P15917,1,0,0,1
CHEMBL27577,DB08797,Salicylamide,CHEMBL4523582,Replicase polyprotein 1ab,Severe acute respiratory syndrome coronavirus 2,P0DTD1,1,0,0,1
CHEMBL27577,DB08797,Salicylamide,CHEMBL5686,ATP-dependent 6-phosphofructokinase,Trypanosoma brucei,O15648,1,0,0,1
CHEMBL276832,DB01275,Hydralazine,CHEMBL1293231,Nuclear receptor ROR-gamma,Mus musculus,P51450,1,0,0,1
CHEMBL276832,DB01275,Hydralazine,CHEMBL1293234,Fructose-bisphosphate aldolase,Giardia intestinalis,A8B2U2,1,0,0,1
CHEMBL276832,DB01275,Hydralazine,CHEMBL1293248,4'-phosphopantetheinyl transferase ffp,Bacillus subtilis,Q9F4F7,3,0,0,3
CHEMBL276832,DB01275,Hydralazine,CHEMBL2007624,Peripheral myelin protein 22,Rattus norvegicus,P25094,1,0,0,1
CHEMBL276832,DB01275,Hydralazine,CHEMBL2295561,Lactoperoxidase,Bos taurus,P80025,1,0,0,1
CHEMBL276832,DB01275,Hydralazine,CHEMBL276,Muscarinic acetylcholine receptor M1,Rattus norvegicus,P08482,1,0,0,1
CHEMBL276832,DB01275,Hydralazine,CHEMBL4358,Polyunsaturated fatty acid lipoxygenase ALOX15,Oryctolagus cuniculus,P12530,1,0,0,1
CHEMBL276832,DB01275,Hydralazine,CHEMBL4523582,Replicase polyprotein 1ab,Severe acute respiratory syndrome coronavirus 2,P0DTD1,2,0,0,2
CHEMBL276832,DB01275,Hydralazine,CHEMBL5149,Pyruvate kinase,Leishmania mexicana,Q27686,2,0,0,2
CHEMBL276832,DB01275,Hydralazine,CHEMBL5567,Luciferin 4-monooxygenase,Photinus pyralis,P08659,3,0,0,3
CHEMBL276832,DB01275,Hydralazine,CHEMBL6035,"Thioredoxin reductase 1, cytoplasmic",Rattus norvegicus,O89049,2,0,0,2
CHEMBL277474,DB01435,Antipyrine,CHEMBL1777665,Solute carrier family 22 member 6,Rattus norvegicus,O35956,1,0,0,1
CHEMBL277474,DB01435,Antipyrine,CHEMBL3072,Androgen receptor,Rattus norvegicus,P15207,1,0,0,1
CHEMBL277474,DB01435,Antipyrine,CHEMBL330,"Glutamate receptor ionotropic, NMDA 1",Rattus norvegicus,P35439,1,0,0,1
CHEMBL277474,DB01435,Antipyrine,CHEMBL343,Gamma-aminobutyric acid receptor subunit alpha-1,Rattus norvegicus,P62813,2,0,0,2
CHEMBL277474,DB01435,Antipyrine,CHEMBL3762,Voltage-dependent L-type calcium channel subunit alpha-1C,Rattus norvegicus,P22002,1,0,0,1
CHEMBL277474,DB01435,Antipyrine,CHEMBL4042,Prostaglandin G/H synthase 1,Rattus norvegicus,Q63921,1,0,0,1
CHEMBL277474,DB01435,Antipyrine,CHEMBL4523582,Replicase polyprotein 1ab,Severe acute respiratory syndrome coronavirus 2,P0DTD1,1,0,0,1
CHEMBL278020,DB01400,Neostigmine,CHEMBL276,Muscarinic acetylcholine receptor M1,Rattus norvegicus,P08482,2,0,0,2
CHEMBL278020,DB01400,Neostigmine,CHEMBL4078,Acetylcholinesterase,Electrophorus electricus,O42275,6,0,0,6
CHEMBL278020,DB01400,Neostigmine,CHEMBL4523582,Replicase polyprotein 1ab,Severe acute respiratory syndrome coronavirus 2,P0DTD1,1,0,0,1
CHEMBL278020,DB01400,Neostigmine,CHEMBL4780,Acetylcholinesterase,Torpedo californica,P04058,1,0,0,1
CHEMBL278020,DB01400,Neostigmine,CHEMBL5763,Cholinesterase,Equus caballus,P81908,5,0,0,5
CHEMBL278172,DB01086,Benzocaine,CHEMBL1293231,Nuclear receptor ROR-gamma,Mus musculus,P51450,1,0,0,1
CHEMBL278172,DB01086,Benzocaine,CHEMBL3072,Androgen receptor,Rattus norvegicus,P15207,1,0,0,1
CHEMBL278172,DB01086,Benzocaine,CHEMBL330,"Glutamate receptor ionotropic, NMDA 1",Rattus norvegicus,P35439,1,0,0,1
CHEMBL278172,DB01086,Benzocaine,CHEMBL343,Gamma-aminobutyric acid receptor subunit alpha-1,Rattus norvegicus,P62813,2,0,0,2
CHEMBL278172,DB01086,Benzocaine,CHEMBL3762,Voltage-dependent L-type calcium channel subunit alpha-1C,Rattus norvegicus,P22002,1,0,0,1
CHEMBL278172,DB01086,Benzocaine,CHEMBL4042,Prostaglandin G/H synthase 1,Rattus norvegicus,Q63921,1,0,0,1
CHEMBL278172,DB01086,Benzocaine,CHEMBL4523582,Replicase polyprotein 1ab,Severe acute respiratory syndrome coronavirus 2,P0DTD1,1,0,0,1
CHEMBL284092,DB12184,Gepirone,CHEMBL273,5-hydroxytryptamine receptor 1A,Rattus norvegicus,P19327,2,0,0,2
CHEMBL284348,DB06637,Dalfampridine,CHEMBL2007624,Peripheral myelin protein 22,Rattus norvegicus,P25094,1,0,0,1
CHEMBL284348,DB06637,Dalfampridine,CHEMBL3013,High affinity choline transporter 1,Mus musculus,Q8BGY9,1,0,0,1
CHEMBL284348,DB06637,Dalfampridine,CHEMBL3199,Acetylcholinesterase,Rattus norvegicus,P37136,1,0,0,1
CHEMBL284348,DB06637,Dalfampridine,CHEMBL343,Gamma-aminobutyric acid receptor subunit alpha-1,Rattus norvegicus,P62813,1,0,0,1
CHEMBL284348,DB06637,Dalfampridine,CHEMBL3563,Cruzipain,Trypanosoma cruzi,P25779,2,0,0,2
CHEMBL284348,DB06637,Dalfampridine,CHEMBL3769,Serine protease 1,Bos taurus,P00760,1,0,0,1
CHEMBL284348,DB06637,Dalfampridine,CHEMBL4372,Lethal factor,Bacillus anthracis,P15917,1,0,0,1
CHEMBL284348,DB06637,Dalfampridine,CHEMBL4523582,Replicase polyprotein 1ab,Severe acute respiratory syndrome coronavirus 2,P0DTD1,2,0,0,2
CHEMBL284348,DB06637,Dalfampridine,CHEMBL5686,ATP-dependent 6-phosphofructokinase,Trypanosoma brucei,O15648,1,0,0,1
CHEMBL284348,DB06637,Dalfampridine,CHEMBL6035,"Thioredoxin reductase 1, cytoplasmic",Rattus norvegicus,O89049,2,0,0,2
CHEMBL284348,DB06637,Dalfampridine,CHEMBL6194,Pteridine reductase 1,Leishmania major,Q01782,1,0,0,1
CHEMBL285674,DB01215,Estazolam,CHEMBL3072,Androgen receptor,Rattus norvegicus,P15207,1,0,0,1
CHEMBL285674,DB01215,Estazolam,CHEMBL330,"Glutamate receptor ionotropic, NMDA 1",Rattus norvegicus,P35439,1,0,0,1
CHEMBL285674,DB01215,Estazolam,CHEMBL343,Gamma-aminobutyric acid receptor subunit alpha-1,Rattus norvegicus,P62813,2,0,0,2
CHEMBL285674,DB01215,Estazolam,CHEMBL3762,Voltage-dependent L-type calcium channel subunit alpha-1C,Rattus norvegicus,P22002,1,0,0,1
CHEMBL285674,DB01215,Estazolam,CHEMBL4042,Prostaglandin G/H synthase 1,Rattus norvegicus,Q63921,1,0,0,1
CHEMBL290916,DB12243,Edaravone,CHEMBL1075214,5'-nucleotidase,Rattus norvegicus,P21588,1,0,0,1
CHEMBL290916,DB12243,Edaravone,CHEMBL1293231,Nuclear receptor ROR-gamma,Mus musculus,P51450,3,0,0,3
CHEMBL290916,DB12243,Edaravone,CHEMBL1741171,Protein RecA,Mycobacterium tuberculosis,P9WHJ3,1,0,0,1
CHEMBL290916,DB12243,Edaravone,CHEMBL1741192,Replicative DNA helicase DnaB,Mycobacterium tuberculosis,P9WMR3,2,0,0,2
CHEMBL290916,DB12243,Edaravone,CHEMBL3259476,Polyunsaturated fatty acid lipoxygenase ALOX15,Mus musculus,P39654,1,0,0,1
CHEMBL290916,DB12243,Edaravone,CHEMBL343,Gamma-aminobutyric acid receptor subunit alpha-1,Rattus norvegicus,P62813,1,0,0,1
CHEMBL290916,DB12243,Edaravone,CHEMBL4372,Lethal factor,Bacillus anthracis,P15917,1,0,0,1
CHEMBL290916,DB12243,Edaravone,CHEMBL4523582,Replicase polyprotein 1ab,Severe acute respiratory syndrome coronavirus 2,P0DTD1,2,0,0,2
CHEMBL290916,DB12243,Edaravone,CHEMBL6035,"Thioredoxin reductase 1, cytoplasmic",Rattus norvegicus,O89049,1,0,0,1
CHEMBL294199,DB06774,Capsaicin,CHEMBL1293231,Nuclear receptor ROR-gamma,Mus musculus,P51450,1,0,0,1
CHEMBL294199,DB06774,Capsaicin,CHEMBL1293238,Inositol monophosphatase 1,Rattus norvegicus,P97697,1,0,0,1
CHEMBL294199,DB06774,Capsaicin,CHEMBL1293248,4'-phosphopantetheinyl transferase ffp,Bacillus subtilis,Q9F4F7,1,0,0,1
CHEMBL294199,DB06774,Capsaicin,CHEMBL2007624,Peripheral myelin protein 22,Rattus norvegicus,P25094,1,0,0,1
CHEMBL294199,DB06774,Capsaicin,CHEMBL3072,Androgen receptor,Rattus norvegicus,P15207,2,0,0,2
CHEMBL294199,DB06774,Capsaicin,CHEMBL3108632,Transient receptor potential cation channel subfamily M member 8,Mus musculus,Q8R4D5,2,0,0,2
CHEMBL294199,DB06774,Capsaicin,CHEMBL330,"Glutamate receptor ionotropic, NMDA 1",Rattus norvegicus,P35439,1,0,0,1
CHEMBL294199,DB06774,Capsaicin,CHEMBL343,Gamma-aminobutyric acid receptor subunit alpha-1,Rattus norvegicus,P62813,2,0,0,2
CHEMBL294199,DB06774,Capsaicin,CHEMBL4042,Prostaglandin G/H synthase 1,Rattus norvegicus,Q63921,1,0,0,1
CHEMBL294199,DB06774,Capsaicin,CHEMBL4078,Acetylcholinesterase,Electrophorus electricus,O42275,3,0,0,3
CHEMBL294199,DB06774,Capsaicin,CHEMBL4497,NADH-ubiquinone oxidoreductase chain 1,Bos taurus,P03887,1,0,0,1
CHEMBL294199,DB06774,Capsaicin,CHEMBL4523582,Replicase polyprotein 1ab,Severe acute respiratory syndrome coronavirus 2,P0DTD1,3,0,0,3
CHEMBL294199,DB06774,Capsaicin,CHEMBL5102,Transient receptor potential cation channel subfamily V member 1,Rattus norvegicus,O35433,12,0,0,12
CHEMBL294199,DB06774,Capsaicin,CHEMBL5582,Hormone-sensitive lipase,Rattus norvegicus,P15304,1,0,0,1
CHEMBL294199,DB06774,Capsaicin,CHEMBL5686,ATP-dependent 6-phosphofructokinase,Trypanosoma brucei,O15648,1,0,0,1
CHEMBL294199,DB06774,Capsaicin,CHEMBL5763,Cholinesterase,Equus caballus,P81908,1,0,0,1
CHEMBL301265,DB00413,Pramipexole,CHEMBL2007624,Peripheral myelin protein 22,Rattus norvegicus,P25094,1,0,0,1
CHEMBL301265,DB00413,Pramipexole,CHEMBL265,D(1A) dopamine receptor,Rattus norvegicus,P18901,1,0,0,1
CHEMBL301265,DB00413,Pramipexole,CHEMBL2967,D(1A) dopamine receptor,Bos taurus,Q95136,2,0,0,2
CHEMBL301265,DB00413,Pramipexole,CHEMBL3072,Androgen receptor,Rattus norvegicus,P15207,1,0,0,1
CHEMBL301265,DB00413,Pramipexole,CHEMBL3138,D(3) dopamine receptor,Rattus norvegicus,P19020,5,0,0,5
CHEMBL301265,DB00413,Pramipexole,CHEMBL330,"Glutamate receptor ionotropic, NMDA 1",Rattus norvegicus,P35439,1,0,0,1
CHEMBL301265,DB00413,Pramipexole,CHEMBL339,D(2) dopamine receptor,Rattus norvegicus,P61169,10,0,0,10
CHEMBL301265,DB00413,Pramipexole,CHEMBL343,Gamma-aminobutyric acid receptor subunit alpha-1,Rattus norvegicus,P62813,2,0,0,2
CHEMBL301265,DB00413,Pramipexole,CHEMBL3762,Voltage-dependent L-type calcium channel subunit alpha-1C,Rattus norvegicus,P22002,1,0,0,1
CHEMBL301265,DB00413,Pramipexole,CHEMBL3998,D(2) dopamine receptor,Bos taurus,P20288,1,0,0,1
CHEMBL301265,DB00413,Pramipexole,CHEMBL4042,Prostaglandin G/H synthase 1,Rattus norvegicus,Q63921,1,0,0,1
CHEMBL301265,DB00413,Pramipexole,CHEMBL4523582,Replicase polyprotein 1ab,Severe acute respiratory syndrome coronavirus 2,P0DTD1,1,0,0,1
CHEMBL3039520,DB11732,Lasmiditan,CHEMBL4523582,Replicase polyprotein 1ab,Severe acute respiratory syndrome coronavirus 2,P0DTD1,1,0,0,1
CHEMBL3187365,DB06216,Asenapine,CHEMBL3072,Androgen receptor,Rattus norvegicus,P15207,1,0,0,1
CHEMBL3187365,DB06216,Asenapine,CHEMBL343,Gamma-aminobutyric acid receptor subunit alpha-1,Rattus norvegicus,P62813,1,0,0,1
CHEMBL3187365,DB06216,Asenapine,CHEMBL4042,Prostaglandin G/H synthase 1,Rattus norvegicus,Q63921,1,0,0,1
CHEMBL3187365,DB06216,Asenapine,CHEMBL4523582,Replicase polyprotein 1ab,Severe acute respiratory syndrome coronavirus 2,P0DTD1,1,0,0,1
CHEMBL3187365,DB06216,Asenapine,CHEMBL4828,Synaptic vesicular amine transporter,Rattus norvegicus,Q01827,1,0,0,1
CHEMBL33986,DB00611,Butorphanol,CHEMBL3072,Androgen receptor,Rattus norvegicus,P15207,2,0,0,2
CHEMBL33986,DB00611,Butorphanol,CHEMBL330,"Glutamate receptor ionotropic, NMDA 1",Rattus norvegicus,P35439,1,0,0,1
CHEMBL33986,DB00611,Butorphanol,CHEMBL343,Gamma-aminobutyric acid receptor subunit alpha-1,Rattus norvegicus,P62813,1,0,0,1
CHEMBL33986,DB00611,Butorphanol,CHEMBL4042,Prostaglandin G/H synthase 1,Rattus norvegicus,Q63921,1,0,0,1
CHEMBL3545985,DB00865,Benzphetamine,CHEMBL3072,Androgen receptor,Rattus norvegicus,P15207,1,0,0,1
CHEMBL3545985,DB00865,Benzphetamine,CHEMBL330,"Glutamate receptor ionotropic, NMDA 1",Rattus norvegicus,P35439,1,0,0,1
CHEMBL3545985,DB00865,Benzphetamine,CHEMBL343,Gamma-aminobutyric acid receptor subunit alpha-1,Rattus norvegicus,P62813,2,0,0,2
CHEMBL3545985,DB00865,Benzphetamine,CHEMBL3762,Voltage-dependent L-type calcium channel subunit alpha-1C,Rattus norvegicus,P22002,1,0,0,1
CHEMBL3545985,DB00865,Benzphetamine,CHEMBL4042,Prostaglandin G/H synthase 1,Rattus norvegicus,Q63921,1,0,0,1
CHEMBL364713,DB06174,Noscapine,CHEMBL2026,Beta-lactamase,Escherichia coli K-12,P00811,1,0,0,1
CHEMBL364713,DB06174,Noscapine,CHEMBL3072,Androgen receptor,Rattus norvegicus,P15207,3,0,0,3
CHEMBL364713,DB06174,Noscapine,CHEMBL330,"Glutamate receptor ionotropic, NMDA 1",Rattus norvegicus,P35439,1,0,0,1
CHEMBL364713,DB06174,Noscapine,CHEMBL343,Gamma-aminobutyric acid receptor subunit alpha-1,Rattus norvegicus,P62813,2,0,0,2
CHEMBL364713,DB06174,Noscapine,CHEMBL3762,Voltage-dependent L-type calcium channel subunit alpha-1C,Rattus norvegicus,P22002,1,0,0,1
CHEMBL364713,DB06174,Noscapine,CHEMBL4042,Prostaglandin G/H synthase 1,Rattus norvegicus,Q63921,2,0,0,2
CHEMBL364713,DB06174,Noscapine,CHEMBL4372,Lethal factor,Bacillus anthracis,P15917,1,0,0,1
CHEMBL364713,DB06174,Noscapine,CHEMBL4523582,Replicase polyprotein 1ab,Severe acute respiratory syndrome coronavirus 2,P0DTD1,1,0,0,1
CHEMBL364713,DB06174,Noscapine,CHEMBL5107,Voltage-dependent N-type calcium channel subunit alpha-1B,Rattus norvegicus,Q02294,1,0,0,1
CHEMBL364713,DB06174,Noscapine,CHEMBL6035,"Thioredoxin reductase 1, cytoplasmic",Rattus norvegicus,O89049,1,0,0,1
CHEMBL3707247,DB12612,Ozanimod,CHEMBL4523582,Replicase polyprotein 1ab,Severe acute respiratory syndrome coronavirus 2,P0DTD1,2,0,0,2
CHEMBL370753,DB12930,Opipramol,CHEMBL3072,Androgen receptor,Rattus norvegicus,P15207,2,0,0,2
CHEMBL370753,DB12930,Opipramol,CHEMBL3224,C-8 sterol isomerase ERG2,Saccharomyces cerevisiae S288c,P32352,1,0,0,1
CHEMBL370753,DB12930,Opipramol,CHEMBL330,"Glutamate receptor ionotropic, NMDA 1",Rattus norvegicus,P35439,1,0,0,1
CHEMBL370753,DB12930,Opipramol,CHEMBL343,Gamma-aminobutyric acid receptor subunit alpha-1,Rattus norvegicus,P62813,2,0,0,2
CHEMBL370753,DB12930,Opipramol,CHEMBL4042,Prostaglandin G/H synthase 1,Rattus norvegicus,Q63921,1,0,0,1
CHEMBL370753,DB12930,Opipramol,CHEMBL5686,ATP-dependent 6-phosphofructokinase,Trypanosoma brucei,O15648,1,0,0,1
CHEMBL370753,DB12930,Opipramol,CHEMBL6035,"Thioredoxin reductase 1, cytoplasmic",Rattus norvegicus,O89049,3,0,0,3
CHEMBL370805,DB00907,Cocaine,CHEMBL276,Muscarinic acetylcholine receptor M1,Rattus norvegicus,P08482,3,0,0,3
CHEMBL370805,DB00907,Cocaine,CHEMBL2799,Sodium-dependent dopamine transporter,Mus musculus,Q61327,2,0,0,2
CHEMBL370805,DB00907,Cocaine,CHEMBL2986,Sodium-dependent dopamine transporter,Bos taurus,P27922,2,0,0,2
CHEMBL370805,DB00907,Cocaine,CHEMBL304,Norepinephrine transporter,Rattus norvegicus,Q9WTR4,49,0,0,49
CHEMBL370805,DB00907,Cocaine,CHEMBL3072,Androgen receptor,Rattus norvegicus,P15207,2,0,0,2
CHEMBL370805,DB00907,Cocaine,CHEMBL313,Sodium-dependent serotonin transporter,Rattus norvegicus,P31652,60,0,0,60
CHEMBL370805,DB00907,Cocaine,CHEMBL330,"Glutamate receptor ionotropic, NMDA 1",Rattus norvegicus,P35439,1,0,0,1
CHEMBL370805,DB00907,Cocaine,CHEMBL338,Sodium-dependent dopamine transporter,Rattus norvegicus,P23977,142,0,0,142
CHEMBL370805,DB00907,Cocaine,CHEMBL343,Gamma-aminobutyric acid receptor subunit alpha-1,Rattus norvegicus,P62813,2,0,0,2
CHEMBL370805,DB00907,Cocaine,CHEMBL3762,Voltage-dependent L-type calcium channel subunit alpha-1C,Rattus norvegicus,P22002,1,0,0,1
CHEMBL370805,DB00907,Cocaine,CHEMBL4042,Prostaglandin G/H synthase 1,Rattus norvegicus,Q63921,1,0,0,1
CHEMBL370805,DB00907,Cocaine,CHEMBL5032,Sodium-dependent dopamine transporter,Macaca fascicularis,Q9GJT6,1,0,0,1
CHEMBL370805,DB00907,Cocaine,CHEMBL6184,Transporter,Rattus norvegicus,Q63380,2,0,0,2
CHEMBL372795,DB01082,Streptomycin,CHEMBL2073674,Bile salt export pump,Rattus norvegicus,O70127,1,0,0,1
CHEMBL372795,DB01082,Streptomycin,CHEMBL3072,Androgen receptor,Rattus norvegicus,P15207,3,0,0,3
CHEMBL372795,DB01082,Streptomycin,CHEMBL330,"Glutamate receptor ionotropic, NMDA 1",Rattus norvegicus,P35439,1,0,0,1
CHEMBL372795,DB01082,Streptomycin,CHEMBL343,Gamma-aminobutyric acid receptor subunit alpha-1,Rattus norvegicus,P62813,2,0,0,2
CHEMBL372795,DB01082,Streptomycin,CHEMBL3762,Voltage-dependent L-type calcium channel subunit alpha-1C,Rattus norvegicus,P22002,1,0,0,1
CHEMBL372795,DB01082,Streptomycin,CHEMBL4042,Prostaglandin G/H synthase 1,Rattus norvegicus,Q63921,1,0,0,1
CHEMBL372795,DB01082,Streptomycin,CHEMBL5107,Voltage-dependent N-type calcium channel subunit alpha-1B,Rattus norvegicus,Q02294,1,0,0,1
CHEMBL374478,DB01045,Rifampicin,CHEMBL1781859,Solute carrier organic anion transporter family member 1A1,Rattus norvegicus,P46720,1,0,0,1
CHEMBL374478,DB01045,Rifampicin,CHEMBL1781860,Solute carrier organic anion transporter family member 1A4,Rattus norvegicus,O35913,2,0,0,2
CHEMBL374478,DB01045,Rifampicin,CHEMBL1849,Enoyl-[acyl-carrier-protein] reductase [NADH],Mycobacterium tuberculosis,P9WGR1,1,0,0,1
CHEMBL374478,DB01045,Rifampicin,CHEMBL1852,DNA-directed RNA polymerase subunit beta,Escherichia coli K-12,P0A8V2,1,0,0,1
CHEMBL374478,DB01045,Rifampicin,CHEMBL2006,DNA-directed RNA polymerase subunit beta,Mycobacterium tuberculosis,P9WGY9,1,0,0,1
CHEMBL374478,DB01045,Rifampicin,CHEMBL2026,Beta-lactamase,Escherichia coli K-12,P00811,1,0,0,1
CHEMBL374478,DB01045,Rifampicin,CHEMBL2073674,Bile salt export pump,Rattus norvegicus,O70127,2,0,0,2
CHEMBL374478,DB01045,Rifampicin,CHEMBL3072,Androgen receptor,Rattus norvegicus,P15207,3,0,0,3
CHEMBL374478,DB01045,Rifampicin,CHEMBL330,"Glutamate receptor ionotropic, NMDA 1",Rattus norvegicus,P35439,1,0,0,1
CHEMBL374478,DB01045,Rifampicin,CHEMBL343,Gamma-aminobutyric acid receptor subunit alpha-1,Rattus norvegicus,P62813,2,0,0,2
CHEMBL374478,DB01045,Rifampicin,CHEMBL3563,Cruzipain,Trypanosoma cruzi,P25779,1,0,0,1
CHEMBL374478,DB01045,Rifampicin,CHEMBL3762,Voltage-dependent L-type calcium channel subunit alpha-1C,Rattus norvegicus,P22002,1,0,0,1
CHEMBL374478,DB01045,Rifampicin,CHEMBL3804751,Decaprenylphosphoryl-beta-D-ribose oxidase,Mycobacterium tuberculosis (strain ATCC 25618 / H37Rv),P9WJF1,1,0,0,1
CHEMBL374478,DB01045,Rifampicin,CHEMBL4042,Prostaglandin G/H synthase 1,Rattus norvegicus,Q63921,1,0,0,1
CHEMBL374478,DB01045,Rifampicin,CHEMBL4078,Acetylcholinesterase,Electrophorus electricus,O42275,1,0,0,1
CHEMBL374478,DB01045,Rifampicin,CHEMBL4296294,DNA-directed RNA polymerase subunit beta,Escherichia coli O127:H6 (strain E2348/69 / EPEC),B7UPE2,3,0,0,3
CHEMBL374478,DB01045,Rifampicin,CHEMBL4358,Polyunsaturated fatty acid lipoxygenase ALOX15,Oryctolagus cuniculus,P12530,1,0,0,1
CHEMBL374478,DB01045,Rifampicin,CHEMBL4523582,Replicase polyprotein 1ab,Severe acute respiratory syndrome coronavirus 2,P0DTD1,2,0,0,2
CHEMBL374478,DB01045,Rifampicin,CHEMBL4615,NH(3)-dependent NAD(+) synthetase,Bacillus subtilis (strain 168),P08164,1,0,0,1
CHEMBL374478,DB01045,Rifampicin,CHEMBL5107,Voltage-dependent N-type calcium channel subunit alpha-1B,Rattus norvegicus,Q02294,1,0,0,1
CHEMBL374478,DB01045,Rifampicin,CHEMBL5763,Cholinesterase,Equus caballus,P81908,1,0,0,1
CHEMBL374975,DB02703,Fusidic acid,CHEMBL2073674,Bile salt export pump,Rattus norvegicus,O70127,2,0,0,2
CHEMBL374975,DB02703,Fusidic acid,CHEMBL2073676,ATP-binding cassette sub-family C member 2,Rattus norvegicus,Q63120,3,0,0,3
CHEMBL376897,DB11315,Methscopolamine,CHEMBL1075061,Muscarinic receptor 2,Cavia porcellus,Q8VH27,1,0,0,1
CHEMBL376897,DB11315,Methscopolamine,CHEMBL1075071,Muscarinic receptor 4,Cavia porcellus,Q8VH25,1,0,0,1
CHEMBL376897,DB11315,Methscopolamine,CHEMBL276,Muscarinic acetylcholine receptor M1,Rattus norvegicus,P08482,2,0,0,2
CHEMBL376897,DB11315,Methscopolamine,CHEMBL309,Muscarinic acetylcholine receptor M2,Rattus norvegicus,P10980,1,0,0,1
CHEMBL376897,DB11315,Methscopolamine,CHEMBL320,Muscarinic acetylcholine receptor M3,Rattus norvegicus,P08483,3,0,0,3
CHEMBL376897,DB11315,Methscopolamine,CHEMBL4523582,Replicase polyprotein 1ab,Severe acute respiratory syndrome coronavirus 2,P0DTD1,1,0,0,1
CHEMBL376897,DB11315,Methscopolamine,CHEMBL5498,Muscarinic acetylcholine receptor M3,Cavia porcellus,Q8VH26,2,0,0,2
CHEMBL38,DB00755,Tretinoin,CHEMBL1075294,"Indoleamine 2,3-dioxygenase 1",Mus musculus,P28776,2,0,0,2
CHEMBL38,DB00755,Tretinoin,CHEMBL1293231,Nuclear receptor ROR-gamma,Mus musculus,P51450,3,0,0,3
CHEMBL38,DB00755,Tretinoin,CHEMBL1293248,4'-phosphopantetheinyl transferase ffp,Bacillus subtilis,Q9F4F7,1,0,0,1
CHEMBL38,DB00755,Tretinoin,CHEMBL1293254,Ferritin light chain,Equus caballus,P02791,1,0,0,1
CHEMBL38,DB00755,Tretinoin,CHEMBL1293303,Nonstructural protein 1,Influenza A virus,Q194T2,1,0,0,1
CHEMBL38,DB00755,Tretinoin,CHEMBL2007624,Peripheral myelin protein 22,Rattus norvegicus,P25094,1,0,0,1
CHEMBL38,DB00755,Tretinoin,CHEMBL2146315,Nuclear receptor subfamily 1 group I member 2,Rattus norvegicus,Q9R1A7,2,0,0,2
CHEMBL38,DB00755,Tretinoin,CHEMBL2189159,"Indoleamine 2,3-dioxygenase 2",Mus musculus,Q8R0V5,3,0,0,3
CHEMBL38,DB00755,Tretinoin,CHEMBL2792,Retinoic acid receptor alpha,Mus musculus,P11416,9,0,0,9
CHEMBL38,DB00755,Tretinoin,CHEMBL2840,Ornithine decarboxylase,Mus musculus,P00860,6,0,0,6
CHEMBL38,DB00755,Tretinoin,CHEMBL3084,Retinoic acid receptor RXR-alpha,Mus musculus,P28700,6,0,0,6
CHEMBL38,DB00755,Tretinoin,CHEMBL3208,Cellular retinoic acid-binding protein 1,Mus musculus,P62965,2,0,0,2
CHEMBL38,DB00755,Tretinoin,CHEMBL3266,Retinoic acid receptor beta,Mus musculus,P22605,6,0,0,6
CHEMBL38,DB00755,Tretinoin,CHEMBL3318,Tyrosinase,Agaricus bisporus,O42713,1,0,0,1
CHEMBL38,DB00755,Tretinoin,CHEMBL3563,Cruzipain,Trypanosoma cruzi,P25779,2,0,0,2
CHEMBL38,DB00755,Tretinoin,CHEMBL3728,Albumin,Bos taurus,P02769,9,0,0,9
CHEMBL38,DB00755,Tretinoin,CHEMBL4047,Retinoic acid receptor RXR-beta,Mus musculus,P28704,4,0,0,4
CHEMBL38,DB00755,Tretinoin,CHEMBL4078,Acetylcholinesterase,Electrophorus electricus,O42275,1,0,0,1
CHEMBL38,DB00755,Tretinoin,CHEMBL4172,Cellular retinoic acid-binding protein 2,Mus musculus,P22935,2,0,0,2
CHEMBL38,DB00755,Tretinoin,CHEMBL4177,Retinoic acid receptor gamma,Mus musculus,P18911,5,0,0,5
CHEMBL38,DB00755,Tretinoin,CHEMBL4296299,Chaperonin GroEL,Escherichia coli (strain K12),P0A6F5,1,0,0,1
CHEMBL38,DB00755,Tretinoin,CHEMBL4402,Retinoic acid receptor RXR-gamma,Mus musculus,P28705,4,0,0,4
CHEMBL38,DB00755,Tretinoin,CHEMBL4523582,Replicase polyprotein 1ab,Severe acute respiratory syndrome coronavirus 2,P0DTD1,3,0,0,3
CHEMBL38,DB00755,Tretinoin,CHEMBL4945,Cellular retinoic acid-binding protein 1,Gallus gallus,P40220,4,0,0,4
CHEMBL38,DB00755,Tretinoin,CHEMBL5567,Luciferin 4-monooxygenase,Photinus pyralis,P08659,1,0,0,1
CHEMBL38,DB00755,Tretinoin,CHEMBL5686,ATP-dependent 6-phosphofructokinase,Trypanosoma brucei,O15648,1,0,0,1
CHEMBL38,DB00755,Tretinoin,CHEMBL5763,Cholinesterase,Equus caballus,P81908,1,0,0,1
CHEMBL38,DB00755,Tretinoin,CHEMBL6035,"Thioredoxin reductase 1, cytoplasmic",Rattus norvegicus,O89049,3,0,0,3
CHEMBL38,DB00755,Tretinoin,CHEMBL6110,Thioredoxin glutathione reductase,Schistosoma mansoni,Q962Y6,1,0,0,1
CHEMBL384467,DB01234,Dexamethasone,CHEMBL1781859,Solute carrier organic anion transporter family member 1A1,Rattus norvegicus,P46720,1,0,0,1
CHEMBL384467,DB01234,Dexamethasone,CHEMBL1909044,Progesterone receptor,Bos taurus,Q690N0,2,0,0,2
CHEMBL384467,DB01234,Dexamethasone,CHEMBL2073674,Bile salt export pump,Rattus norvegicus,O70127,1,0,0,1
CHEMBL384467,DB01234,Dexamethasone,CHEMBL2146315,Nuclear receptor subfamily 1 group I member 2,Rattus norvegicus,Q9R1A7,3,0,0,3
CHEMBL384467,DB01234,Dexamethasone,CHEMBL2573,ATP-dependent translocase ABCB1,Mus musculus,P21447,2,0,0,2
CHEMBL384467,DB01234,Dexamethasone,CHEMBL2596,Progesterone receptor,Rattus norvegicus,Q63449,1,0,0,1
CHEMBL384467,DB01234,Dexamethasone,CHEMBL2724,Estrogen receptor,Rattus norvegicus,P06211,1,0,0,1
CHEMBL384467,DB01234,Dexamethasone,CHEMBL3072,Androgen receptor,Rattus norvegicus,P15207,5,0,0,5
CHEMBL384467,DB01234,Dexamethasone,CHEMBL312,Polyunsaturated fatty acid 5-lipoxygenase,Rattus norvegicus,P12527,2,0,0,2
CHEMBL384467,DB01234,Dexamethasone,CHEMBL330,"Glutamate receptor ionotropic, NMDA 1",Rattus norvegicus,P35439,1,0,0,1
CHEMBL384467,DB01234,Dexamethasone,CHEMBL3368,Glucocorticoid receptor,Rattus norvegicus,P06536,7,0,0,7
CHEMBL384467,DB01234,Dexamethasone,CHEMBL343,Gamma-aminobutyric acid receptor subunit alpha-1,Rattus norvegicus,P62813,2,0,0,2
CHEMBL384467,DB01234,Dexamethasone,CHEMBL3464,"Nitric oxide synthase, inducible",Mus musculus,P29477,1,0,0,1
CHEMBL384467,DB01234,Dexamethasone,CHEMBL3467,ATP-dependent translocase ABCB1,Mus musculus,P06795,2,0,0,2
CHEMBL384467,DB01234,Dexamethasone,CHEMBL3762,Voltage-dependent L-type calcium channel subunit alpha-1C,Rattus norvegicus,P22002,1,0,0,1
CHEMBL384467,DB01234,Dexamethasone,CHEMBL4042,Prostaglandin G/H synthase 1,Rattus norvegicus,Q63921,1,0,0,1
CHEMBL384467,DB01234,Dexamethasone,CHEMBL4523582,Replicase polyprotein 1ab,Severe acute respiratory syndrome coronavirus 2,P0DTD1,1,0,0,1
CHEMBL384467,DB01234,Dexamethasone,CHEMBL4715,"Phospholipase A2, major isoenzyme",Sus scrofa,P00592,1,0,0,1
CHEMBL384467,DB01234,Dexamethasone,CHEMBL5016,Phospholipase A2,Rattus norvegicus,P04055,1,0,0,1
CHEMBL384467,DB01234,Dexamethasone,CHEMBL5150,Luciferin 4-monooxygenase,Photuris pensylvanica,Q27757,1,0,0,1
CHEMBL384467,DB01234,Dexamethasone,CHEMBL5738,"Fatty acid-binding protein, liver",Rattus norvegicus,P02692,2,0,0,2
CHEMBL384467,DB01234,Dexamethasone,CHEMBL5902,Transcription factor p65,Mus musculus,Q04207,1,0,0,1
CHEMBL386630,DB00624,Testosterone,CHEMBL1781859,Solute carrier organic anion transporter family member 1A1,Rattus norvegicus,P46720,2,0,0,2
CHEMBL386630,DB00624,Testosterone,CHEMBL1909044,Progesterone receptor,Bos taurus,Q690N0,2,0,0,2
CHEMBL386630,DB00624,Testosterone,CHEMBL2007624,Peripheral myelin protein 22,Rattus norvegicus,P25094,1,0,0,1
CHEMBL386630,DB00624,Testosterone,CHEMBL3056,Androgen receptor,Mus musculus,P19091,2,0,0,2
CHEMBL386630,DB00624,Testosterone,CHEMBL3069,Nuclear receptor subfamily 1 group I member 3,Mus musculus,O35627,1,0,0,1
CHEMBL386630,DB00624,Testosterone,CHEMBL3072,Androgen receptor,Rattus norvegicus,P15207,12,0,0,12
CHEMBL386630,DB00624,Testosterone,CHEMBL3224,C-8 sterol isomerase ERG2,Saccharomyces cerevisiae S288c,P32352,1,0,0,1
CHEMBL386630,DB00624,Testosterone,CHEMBL330,"Glutamate receptor ionotropic, NMDA 1",Rattus norvegicus,P35439,1,0,0,1
CHEMBL386630,DB00624,Testosterone,CHEMBL343,Gamma-aminobutyric acid receptor subunit alpha-1,Rattus norvegicus,P62813,2,0,0,2
CHEMBL386630,DB00624,Testosterone,CHEMBL3762,Voltage-dependent L-type calcium channel subunit alpha-1C,Rattus norvegicus,P22002,1,0,0,1
CHEMBL386630,DB00624,Testosterone,CHEMBL4042,Prostaglandin G/H synthase 1,Rattus norvegicus,Q63921,1,0,0,1
CHEMBL386630,DB00624,Testosterone,CHEMBL4523582,Replicase polyprotein 1ab,Severe acute respiratory syndrome coronavirus 2,P0DTD1,1,0,0,1
CHEMBL389621,DB00741,Hydrocortisone,CHEMBL1781859,Solute carrier organic anion transporter family member 1A1,Rattus norvegicus,P46720,1,0,0,1
CHEMBL389621,DB00741,Hydrocortisone,CHEMBL2146315,Nuclear receptor subfamily 1 group I member 2,Rattus norvegicus,Q9R1A7,1,0,0,1
CHEMBL389621,DB00741,Hydrocortisone,CHEMBL2573,ATP-dependent translocase ABCB1,Mus musculus,P21447,2,0,0,2
CHEMBL389621,DB00741,Hydrocortisone,CHEMBL276,Muscarinic acetylcholine receptor M1,Rattus norvegicus,P08482,1,0,0,1
CHEMBL389621,DB00741,Hydrocortisone,CHEMBL3072,Androgen receptor,Rattus norvegicus,P15207,2,0,0,2
CHEMBL389621,DB00741,Hydrocortisone,CHEMBL3144,Glucocorticoid receptor,Mus musculus,P06537,2,0,0,2
CHEMBL389621,DB00741,Hydrocortisone,CHEMBL330,"Glutamate receptor ionotropic, NMDA 1",Rattus norvegicus,P35439,1,0,0,1
CHEMBL389621,DB00741,Hydrocortisone,CHEMBL3368,Glucocorticoid receptor,Rattus norvegicus,P06536,4,0,0,4
CHEMBL389621,DB00741,Hydrocortisone,CHEMBL343,Gamma-aminobutyric acid receptor subunit alpha-1,Rattus norvegicus,P62813,2,0,0,2
CHEMBL389621,DB00741,Hydrocortisone,CHEMBL3467,ATP-dependent translocase ABCB1,Mus musculus,P06795,2,0,0,2
CHEMBL389621,DB00741,Hydrocortisone,CHEMBL3563,Cruzipain,Trypanosoma cruzi,P25779,1,0,0,1
CHEMBL389621,DB00741,Hydrocortisone,CHEMBL3762,Voltage-dependent L-type calcium channel subunit alpha-1C,Rattus norvegicus,P22002,1,0,0,1
CHEMBL389621,DB00741,Hydrocortisone,CHEMBL4042,Prostaglandin G/H synthase 1,Rattus norvegicus,Q63921,1,0,0,1
CHEMBL389621,DB00741,Hydrocortisone,CHEMBL4523582,Replicase polyprotein 1ab,Severe acute respiratory syndrome coronavirus 2,P0DTD1,2,0,0,2
CHEMBL389621,DB00741,Hydrocortisone,CHEMBL5107,Voltage-dependent N-type calcium channel subunit alpha-1B,Rattus norvegicus,Q02294,1,0,0,1
CHEMBL395091,DB11823,Esketamine,CHEMBL3072,Androgen receptor,Rattus norvegicus,P15207,2,0,0,2
CHEMBL395091,DB11823,Esketamine,CHEMBL330,"Glutamate receptor ionotropic, NMDA 1",Rattus norvegicus,P35439,1,0,0,1
CHEMBL395091,DB11823,Esketamine,CHEMBL343,Gamma-aminobutyric acid receptor subunit alpha-1,Rattus norvegicus,P62813,2,0,0,2
CHEMBL395091,DB11823,Esketamine,CHEMBL3762,Voltage-dependent L-type calcium channel subunit alpha-1C,Rattus norvegicus,P22002,1,0,0,1
CHEMBL395091,DB11823,Esketamine,CHEMBL4042,Prostaglandin G/H synthase 1,Rattus norvegicus,Q63921,1,0,0,1
CHEMBL395091,DB11823,Esketamine,CHEMBL4828,Synaptic vesicular amine transporter,Rattus norvegicus,Q01827,1,0,0,1
CHEMBL396778,DB06654,Safinamide,CHEMBL2993,Amine oxidase [flavin-containing] B,Rattus norvegicus,P19643,8,0,0,8
CHEMBL396778,DB06654,Safinamide,CHEMBL3358,Amine oxidase [flavin-containing] A,Rattus norvegicus,P21396,3,0,0,3
CHEMBL396778,DB06654,Safinamide,CHEMBL4523582,Replicase polyprotein 1ab,Severe acute respiratory syndrome coronavirus 2,P0DTD1,1,0,0,1
CHEMBL3989843,DB00752,Tranylcypromine,CHEMBL276,Muscarinic acetylcholine receptor M1,Rattus norvegicus,P08482,1,0,0,1
CHEMBL3989843,DB00752,Tranylcypromine,CHEMBL3138,D(3) dopamine receptor,Rattus norvegicus,P19020,1,0,0,1
CHEMBL3989843,DB00752,Tranylcypromine,CHEMBL339,D(2) dopamine receptor,Rattus norvegicus,P61169,1,0,0,1
CHEMBL3989843,DB00752,Tranylcypromine,CHEMBL3769,Serine protease 1,Bos taurus,P00760,1,0,0,1
CHEMBL3989843,DB00752,Tranylcypromine,CHEMBL4105864,Sigma intracellular receptor 2,Rattus norvegicus,Q5U3Y7,1,0,0,1
CHEMBL3989843,DB00752,Tranylcypromine,CHEMBL4153,Sigma non-opioid intracellular receptor 1,Cavia porcellus,Q60492,1,0,0,1
CHEMBL3989843,DB00752,Tranylcypromine,CHEMBL4523582,Replicase polyprotein 1ab,Severe acute respiratory syndrome coronavirus 2,P0DTD1,1,0,0,1
CHEMBL3989843,DB00752,Tranylcypromine,CHEMBL4828,Synaptic vesicular amine transporter,Rattus norvegicus,Q01827,1,0,0,1
CHEMBL3989843,DB00752,Tranylcypromine,CHEMBL4879491,Lysine-specific histone demethylase 1B,Mus musculus,Q8CIG3,1,0,0,1
CHEMBL4,DB01165,Ofloxacin,CHEMBL1250413,CAAX prenyl protease 2,Saccharomyces cerevisiae S288c,Q03530,1,0,0,1
CHEMBL4,DB01165,Ofloxacin,CHEMBL1293228,Streptokinase A,Streptococcus pyogenes serotype M1,P10520,1,0,0,1
CHEMBL4,DB01165,Ofloxacin,CHEMBL1293254,Ferritin light chain,Equus caballus,P02791,1,0,0,1
CHEMBL4,DB01165,Ofloxacin,CHEMBL1741185,CAAX prenyl protease 1,Saccharomyces cerevisiae S288c,P47154,1,0,0,1
CHEMBL4,DB01165,Ofloxacin,CHEMBL2366,Trypsin,Sus scrofa,P00761,1,0,0,1
CHEMBL4,DB01165,Ofloxacin,CHEMBL4523582,Replicase polyprotein 1ab,Severe acute respiratory syndrome coronavirus 2,P0DTD1,1,0,0,1
CHEMBL4,DB01165,Ofloxacin,CHEMBL6035,"Thioredoxin reductase 1, cytoplasmic",Rattus norvegicus,O89049,5,0,0,5
CHEMBL404422,DB01353,Butobarbital,CHEMBL3072,Androgen receptor,Rattus norvegicus,P15207,2,0,0,2
CHEMBL404422,DB01353,Butobarbital,CHEMBL330,"Glutamate receptor ionotropic, NMDA 1",Rattus norvegicus,P35439,1,0,0,1
CHEMBL404422,DB01353,Butobarbital,CHEMBL343,Gamma-aminobutyric acid receptor subunit alpha-1,Rattus norvegicus,P62813,1,0,0,1
CHEMBL404422,DB01353,Butobarbital,CHEMBL4042,Prostaglandin G/H synthase 1,Rattus norvegicus,Q63921,1,0,0,1
CHEMBL407,DB01205,Flumazenil,CHEMBL1293231,Nuclear receptor ROR-gamma,Mus musculus,P51450,1,0,0,1
CHEMBL407,DB01205,Flumazenil,CHEMBL1293248,4'-phosphopantetheinyl transferase ffp,Bacillus subtilis,Q9F4F7,1,0,0,1
CHEMBL407,DB01205,Flumazenil,CHEMBL1293285,Endonuclease 4,Escherichia coli K-12,P0A6C1,1,0,0,1
CHEMBL407,DB01205,Flumazenil,CHEMBL2073674,Bile salt export pump,Rattus norvegicus,O70127,1,0,0,1
CHEMBL407,DB01205,Flumazenil,CHEMBL276,Muscarinic acetylcholine receptor M1,Rattus norvegicus,P08482,1,0,0,1
CHEMBL407,DB01205,Flumazenil,CHEMBL3072,Androgen receptor,Rattus norvegicus,P15207,3,0,0,3
CHEMBL407,DB01205,Flumazenil,CHEMBL330,"Glutamate receptor ionotropic, NMDA 1",Rattus norvegicus,P35439,1,0,0,1
CHEMBL407,DB01205,Flumazenil,CHEMBL343,Gamma-aminobutyric acid receptor subunit alpha-1,Rattus norvegicus,P62813,2,0,0,2
CHEMBL407,DB01205,Flumazenil,CHEMBL3762,Voltage-dependent L-type calcium channel subunit alpha-1C,Rattus norvegicus,P22002,1,0,0,1
CHEMBL407,DB01205,Flumazenil,CHEMBL4042,Prostaglandin G/H synthase 1,Rattus norvegicus,Q63921,2,0,0,2
CHEMBL407,DB01205,Flumazenil,CHEMBL4523582,Replicase polyprotein 1ab,Severe acute respiratory syndrome coronavirus 2,P0DTD1,3,0,0,3
CHEMBL407,DB01205,Flumazenil,CHEMBL6035,"Thioredoxin reductase 1, cytoplasmic",Rattus norvegicus,O89049,2,0,0,2
CHEMBL41,DB00472,Fluoxetine,CHEMBL2007624,Peripheral myelin protein 22,Rattus norvegicus,P25094,1,0,0,1
CHEMBL41,DB00472,Fluoxetine,CHEMBL2321617,Voltage-gated potassium channel KCNC1,Rattus norvegicus,P25122,1,0,0,1
CHEMBL41,DB00472,Fluoxetine,CHEMBL2370,Sodium-dependent noradrenaline transporter,Mus musculus,O55192,1,0,0,1
CHEMBL41,DB00472,Fluoxetine,CHEMBL2799,Sodium-dependent dopamine transporter,Mus musculus,Q61327,1,0,0,1
CHEMBL41,DB00472,Fluoxetine,CHEMBL304,Norepinephrine transporter,Rattus norvegicus,Q9WTR4,5,0,0,5
CHEMBL41,DB00472,Fluoxetine,CHEMBL3072,Androgen receptor,Rattus norvegicus,P15207,1,0,0,1
CHEMBL41,DB00472,Fluoxetine,CHEMBL313,Sodium-dependent serotonin transporter,Rattus norvegicus,P31652,29,0,0,29
CHEMBL41,DB00472,Fluoxetine,CHEMBL3198,Acetylcholinesterase,Mus musculus,P21836,1,0,0,1
CHEMBL41,DB00472,Fluoxetine,CHEMBL324,5-hydroxytryptamine receptor 2C,Rattus norvegicus,P08909,1,0,0,1
CHEMBL41,DB00472,Fluoxetine,CHEMBL330,"Glutamate receptor ionotropic, NMDA 1",Rattus norvegicus,P35439,1,0,0,1
CHEMBL41,DB00472,Fluoxetine,CHEMBL338,Sodium-dependent dopamine transporter,Rattus norvegicus,P23977,7,0,0,7
CHEMBL41,DB00472,Fluoxetine,CHEMBL339,D(2) dopamine receptor,Rattus norvegicus,P61169,2,0,0,2
CHEMBL41,DB00472,Fluoxetine,CHEMBL343,Gamma-aminobutyric acid receptor subunit alpha-1,Rattus norvegicus,P62813,2,0,0,2
CHEMBL41,DB00472,Fluoxetine,CHEMBL3602,Sigma non-opioid intracellular receptor 1,Rattus norvegicus,Q9R0C9,1,0,0,1
CHEMBL41,DB00472,Fluoxetine,CHEMBL3762,Voltage-dependent L-type calcium channel subunit alpha-1C,Rattus norvegicus,P22002,2,0,0,2
CHEMBL41,DB00472,Fluoxetine,CHEMBL4042,Prostaglandin G/H synthase 1,Rattus norvegicus,Q63921,1,0,0,1
CHEMBL41,DB00472,Fluoxetine,CHEMBL4105864,Sigma intracellular receptor 2,Rattus norvegicus,Q5U3Y7,1,0,0,1
CHEMBL41,DB00472,Fluoxetine,CHEMBL4523582,Replicase polyprotein 1ab,Severe acute respiratory syndrome coronavirus 2,P0DTD1,1,0,0,1
CHEMBL41,DB00472,Fluoxetine,CHEMBL4642,Sodium-dependent serotonin transporter,Mus musculus,Q60857,1,0,0,1
CHEMBL41,DB00472,Fluoxetine,CHEMBL4817,Albumin,Rattus norvegicus,P02770,1,0,0,1
CHEMBL41,DB00472,Fluoxetine,CHEMBL4828,Synaptic vesicular amine transporter,Rattus norvegicus,Q01827,1,0,0,1
CHEMBL41,DB00472,Fluoxetine,CHEMBL5107,Voltage-dependent N-type calcium channel subunit alpha-1B,Rattus norvegicus,Q02294,1,0,0,1
CHEMBL41,DB00472,Fluoxetine,CHEMBL6035,"Thioredoxin reductase 1, cytoplasmic",Rattus norvegicus,O89049,1,0,0,1
CHEMBL41,DB00472,Fluoxetine,CHEMBL6184,Transporter,Rattus norvegicus,Q63380,2,0,0,2
CHEMBL413,DB00877,Sirolimus,CHEMBL1255165,Serine/threonine-protein kinase mTOR,Mus musculus,Q9JLN9,1,0,0,1
CHEMBL413,DB00877,Sirolimus,CHEMBL1293231,Nuclear receptor ROR-gamma,Mus musculus,P51450,2,0,0,2
CHEMBL413,DB00877,Sirolimus,CHEMBL2480,Proto-oncogene tyrosine-protein kinase LCK,Mus musculus,P06240,1,0,0,1
CHEMBL413,DB00877,Sirolimus,CHEMBL3072,Androgen receptor,Rattus norvegicus,P15207,1,0,0,1
CHEMBL413,DB00877,Sirolimus,CHEMBL330,"Glutamate receptor ionotropic, NMDA 1",Rattus norvegicus,P35439,1,0,0,1
CHEMBL413,DB00877,Sirolimus,CHEMBL343,Gamma-aminobutyric acid receptor subunit alpha-1,Rattus norvegicus,P62813,3,0,0,3
CHEMBL413,DB00877,Sirolimus,CHEMBL3655,Proto-oncogene tyrosine-protein kinase Src,Gallus gallus,P00523,1,0,0,1
CHEMBL413,DB00877,Sirolimus,CHEMBL3762,Voltage-dependent L-type calcium channel subunit alpha-1C,Rattus norvegicus,P22002,1,0,0,1
CHEMBL413,DB00877,Sirolimus,CHEMBL4042,Prostaglandin G/H synthase 1,Rattus norvegicus,Q63921,1,0,0,1
CHEMBL413,DB00877,Sirolimus,CHEMBL4078,Acetylcholinesterase,Electrophorus electricus,O42275,1,0,0,1
CHEMBL413,DB00877,Sirolimus,CHEMBL4295736,Peptidyl-prolyl cis-trans isomerase FKBP1A,Mus musculus,P26883,1,0,0,1
CHEMBL413,DB00877,Sirolimus,CHEMBL4523582,Replicase polyprotein 1ab,Severe acute respiratory syndrome coronavirus 2,P0DTD1,2,0,0,2
CHEMBL413,DB00877,Sirolimus,CHEMBL4693,Sarcoplasmic/endoplasmic reticulum calcium ATPase 1,Oryctolagus cuniculus,P04191,1,0,0,1
CHEMBL413,DB00877,Sirolimus,CHEMBL4828,Synaptic vesicular amine transporter,Rattus norvegicus,Q01827,1,0,0,1
CHEMBL413,DB00877,Sirolimus,CHEMBL5107,Voltage-dependent N-type calcium channel subunit alpha-1B,Rattus norvegicus,Q02294,1,0,0,1
CHEMBL413,DB00877,Sirolimus,CHEMBL5490,Rho-associated protein kinase 2,Rattus norvegicus,Q62868,1,0,0,1
CHEMBL413,DB00877,Sirolimus,CHEMBL5763,Cholinesterase,Equus caballus,P81908,1,0,0,1
CHEMBL415,DB01242,Clomipramine,CHEMBL1293231,Nuclear receptor ROR-gamma,Mus musculus,P51450,1,0,0,1
CHEMBL415,DB01242,Clomipramine,CHEMBL1293238,Inositol monophosphatase 1,Rattus norvegicus,P97697,1,0,0,1
CHEMBL415,DB01242,Clomipramine,CHEMBL1741202,"2,3-bisphosphoglycerate-independent phosphoglycerate mutase",Leishmania major,Q4Q090,1,0,0,1
CHEMBL415,DB01242,Clomipramine,CHEMBL1837,Trypanothione reductase,Trypanosoma brucei brucei,P39051,1,0,0,1
CHEMBL415,DB01242,Clomipramine,CHEMBL2007624,Peripheral myelin protein 22,Rattus norvegicus,P25094,1,0,0,1
CHEMBL415,DB01242,Clomipramine,CHEMBL2370,Sodium-dependent noradrenaline transporter,Mus musculus,O55192,1,0,0,1
CHEMBL415,DB01242,Clomipramine,CHEMBL276,Muscarinic acetylcholine receptor M1,Rattus norvegicus,P08482,2,0,0,2
CHEMBL415,DB01242,Clomipramine,CHEMBL2882,Histamine H2 receptor,Cavia porcellus,P47747,1,0,0,1
CHEMBL415,DB01242,Clomipramine,CHEMBL304,Norepinephrine transporter,Rattus norvegicus,Q9WTR4,2,0,0,2
CHEMBL415,DB01242,Clomipramine,CHEMBL3072,Androgen receptor,Rattus norvegicus,P15207,1,0,0,1
CHEMBL415,DB01242,Clomipramine,CHEMBL313,Sodium-dependent serotonin transporter,Rattus norvegicus,P31652,2,0,0,2
CHEMBL415,DB01242,Clomipramine,CHEMBL315,Alpha-1B adrenergic receptor,Rattus norvegicus,P15823,2,0,0,2
CHEMBL415,DB01242,Clomipramine,CHEMBL319,Alpha-1A adrenergic receptor,Rattus norvegicus,P43140,3,0,0,3
CHEMBL415,DB01242,Clomipramine,CHEMBL330,"Glutamate receptor ionotropic, NMDA 1",Rattus norvegicus,P35439,1,0,0,1
CHEMBL415,DB01242,Clomipramine,CHEMBL338,Sodium-dependent dopamine transporter,Rattus norvegicus,P23977,1,0,0,1
CHEMBL415,DB01242,Clomipramine,CHEMBL339,D(2) dopamine receptor,Rattus norvegicus,P61169,1,0,0,1
CHEMBL415,DB01242,Clomipramine,CHEMBL343,Gamma-aminobutyric acid receptor subunit alpha-1,Rattus norvegicus,P62813,2,0,0,2
CHEMBL415,DB01242,Clomipramine,CHEMBL3762,Voltage-dependent L-type calcium channel subunit alpha-1C,Rattus norvegicus,P22002,2,0,0,2
CHEMBL415,DB01242,Clomipramine,CHEMBL4042,Prostaglandin G/H synthase 1,Rattus norvegicus,Q63921,1,0,0,1
CHEMBL415,DB01242,Clomipramine,CHEMBL4105829,Envelope glycoprotein,Zaire ebolavirus (strain Mayinga-76) (ZEBOV) (Zaire Ebola virus),Q05320,1,0,0,1
CHEMBL415,DB01242,Clomipramine,CHEMBL4372,Lethal factor,Bacillus anthracis,P15917,2,0,0,2
CHEMBL415,DB01242,Clomipramine,CHEMBL4523582,Replicase polyprotein 1ab,Severe acute respiratory syndrome coronavirus 2,P0DTD1,1,0,0,1
CHEMBL415,DB01242,Clomipramine,CHEMBL4642,Sodium-dependent serotonin transporter,Mus musculus,Q60857,1,0,0,1
CHEMBL415,DB01242,Clomipramine,CHEMBL4701,Histamine H1 receptor,Rattus norvegicus,P31390,1,0,0,1
CHEMBL415,DB01242,Clomipramine,CHEMBL5107,Voltage-dependent N-type calcium channel subunit alpha-1B,Rattus norvegicus,Q02294,1,0,0,1
CHEMBL415,DB01242,Clomipramine,CHEMBL5131,Trypanothione reductase,Trypanosoma cruzi,P28593,8,0,0,8
CHEMBL415,DB01242,Clomipramine,CHEMBL5686,ATP-dependent 6-phosphofructokinase,Trypanosoma brucei,O15648,1,0,0,1
CHEMBL416956,DB00358,Mefloquine,CHEMBL1293248,4'-phosphopantetheinyl transferase ffp,Bacillus subtilis,Q9F4F7,1,0,1,0
CHEMBL416956,DB00358,Mefloquine,CHEMBL1923,Histidine-rich protein PFHRP-II,Plasmodium falciparum,P05227,1,0,1,0
CHEMBL416956,DB00358,Mefloquine,CHEMBL2007624,Peripheral myelin protein 22,Rattus norvegicus,P25094,2,0,0,2
CHEMBL416956,DB00358,Mefloquine,CHEMBL3072,Androgen receptor,Rattus norvegicus,P15207,4,0,0,4
CHEMBL416956,DB00358,Mefloquine,CHEMBL330,"Glutamate receptor ionotropic, NMDA 1",Rattus norvegicus,P35439,3,0,0,3
CHEMBL416956,DB00358,Mefloquine,CHEMBL343,Gamma-aminobutyric acid receptor subunit alpha-1,Rattus norvegicus,P62813,6,0,0,6
CHEMBL416956,DB00358,Mefloquine,CHEMBL3762,Voltage-dependent L-type calcium channel subunit alpha-1C,Rattus norvegicus,P22002,3,0,0,3
CHEMBL416956,DB00358,Mefloquine,CHEMBL4042,Prostaglandin G/H synthase 1,Rattus norvegicus,Q63921,5,0,0,5
CHEMBL416956,DB00358,Mefloquine,CHEMBL4090,Protein kinase Pfmrk,Plasmodium falciparum,P90584,1,0,1,0
CHEMBL416956,DB00358,Mefloquine,CHEMBL4828,Synaptic vesicular amine transporter,Rattus norvegicus,Q01827,1,0,0,1
CHEMBL418995,DB04836,Amineptine,CHEMBL1697658,Pleiotropic ABC efflux transporter of multiple drugs,Saccharomyces cerevisiae S288c,P33302,1,0,0,1
CHEMBL418995,DB04836,Amineptine,CHEMBL3072,Androgen receptor,Rattus norvegicus,P15207,2,0,0,2
CHEMBL418995,DB04836,Amineptine,CHEMBL330,"Glutamate receptor ionotropic, NMDA 1",Rattus norvegicus,P35439,1,0,0,1
CHEMBL418995,DB04836,Amineptine,CHEMBL338,Sodium-dependent dopamine transporter,Rattus norvegicus,P23977,1,0,0,1
CHEMBL418995,DB04836,Amineptine,CHEMBL343,Gamma-aminobutyric acid receptor subunit alpha-1,Rattus norvegicus,P62813,2,0,0,2
CHEMBL418995,DB04836,Amineptine,CHEMBL3762,Voltage-dependent L-type calcium channel subunit alpha-1C,Rattus norvegicus,P22002,1,0,0,1
CHEMBL418995,DB04836,Amineptine,CHEMBL4042,Prostaglandin G/H synthase 1,Rattus norvegicus,Q63921,1,0,0,1
CHEMBL418995,DB04836,Amineptine,CHEMBL4523582,Replicase polyprotein 1ab,Severe acute respiratory syndrome coronavirus 2,P0DTD1,1,0,0,1
CHEMBL42,DB00363,Clozapine,CHEMBL1293231,Nuclear receptor ROR-gamma,Mus musculus,P51450,1,0,1,0
CHEMBL42,DB00363,Clozapine,CHEMBL1293238,Inositol monophosphatase 1,Rattus norvegicus,P97697,2,0,2,0
CHEMBL42,DB00363,Clozapine,CHEMBL2007624,Peripheral myelin protein 22,Rattus norvegicus,P25094,1,0,0,1
CHEMBL42,DB00363,Clozapine,CHEMBL2073674,Bile salt export pump,Rattus norvegicus,O70127,1,0,1,0
CHEMBL42,DB00363,Clozapine,CHEMBL2304406,D(3) dopamine receptor,Chlorocebus aethiops,P52703,1,0,1,0
CHEMBL42,DB00363,Clozapine,CHEMBL265,D(1A) dopamine receptor,Rattus norvegicus,P18901,21,0,6,15
CHEMBL42,DB00363,Clozapine,CHEMBL273,5-hydroxytryptamine receptor 1A,Rattus norvegicus,P19327,31,1,13,17
CHEMBL42,DB00363,Clozapine,CHEMBL276,Muscarinic acetylcholine receptor M1,Rattus norvegicus,P08482,5,0,2,3
CHEMBL42,DB00363,Clozapine,CHEMBL2967,D(1A) dopamine receptor,Bos taurus,Q95136,9,0,3,6
CHEMBL42,DB00363,Clozapine,CHEMBL304,Norepinephrine transporter,Rattus norvegicus,Q9WTR4,1,0,1,0
CHEMBL42,DB00363,Clozapine,CHEMBL3072,Androgen receptor,Rattus norvegicus,P15207,1,0,0,1
CHEMBL42,DB00363,Clozapine,CHEMBL309,Muscarinic acetylcholine receptor M2,Rattus norvegicus,P10980,1,0,0,1
CHEMBL42,DB00363,Clozapine,CHEMBL313,Sodium-dependent serotonin transporter,Rattus norvegicus,P31652,1,0,1,0
CHEMBL42,DB00363,Clozapine,CHEMBL3138,D(3) dopamine receptor,Rattus norvegicus,P19020,11,0,6,5
CHEMBL42,DB00363,Clozapine,CHEMBL315,Alpha-1B adrenergic receptor,Rattus norvegicus,P15823,5,0,5,0
CHEMBL42,DB00363,Clozapine,CHEMBL319,Alpha-1A adrenergic receptor,Rattus norvegicus,P43140,3,0,2,1
CHEMBL42,DB00363,Clozapine,CHEMBL322,5-hydroxytryptamine receptor 2A,Rattus norvegicus,P14842,37,0,18,19
CHEMBL42,DB00363,Clozapine,CHEMBL3223,5-hydroxytryptamine receptor 7,Rattus norvegicus,P32305,3,0,1,2
CHEMBL42,DB00363,Clozapine,CHEMBL323,5-hydroxytryptamine receptor 2B,Rattus norvegicus,P30994,2,0,1,1
CHEMBL42,DB00363,Clozapine,CHEMBL324,5-hydroxytryptamine receptor 2C,Rattus norvegicus,P08909,8,0,4,4
CHEMBL42,DB00363,Clozapine,CHEMBL3252,Beta-1 adrenergic receptor,Rattus norvegicus,P18090,2,0,1,1
CHEMBL42,DB00363,Clozapine,CHEMBL327,Alpha-2A adrenergic receptor,Rattus norvegicus,P22909,2,0,1,1
CHEMBL42,DB00363,Clozapine,CHEMBL330,"Glutamate receptor ionotropic, NMDA 1",Rattus norvegicus,P35439,1,0,0,1
CHEMBL42,DB00363,Clozapine,CHEMBL3361,D(4) dopamine receptor,Rattus norvegicus,P30729,3,0,1,2
CHEMBL42,DB00363,Clozapine,CHEMBL339,D(2) dopamine receptor,Rattus norvegicus,P61169,66,0,23,43
CHEMBL42,DB00363,Clozapine,CHEMBL3427,D(2) dopamine receptor,Mus musculus,P61168,1,0,1,0
CHEMBL42,DB00363,Clozapine,CHEMBL343,Gamma-aminobutyric acid receptor subunit alpha-1,Rattus norvegicus,P62813,2,0,0,2
CHEMBL42,DB00363,Clozapine,CHEMBL3446,5-hydroxytryptamine receptor 2A,Bos taurus,Q75Z89,1,0,0,1
CHEMBL42,DB00363,Clozapine,CHEMBL3459,5-hydroxytryptamine receptor 1B,Rattus norvegicus,P28564,3,0,2,1
CHEMBL42,DB00363,Clozapine,CHEMBL3602,Sigma non-opioid intracellular receptor 1,Rattus norvegicus,Q9R0C9,1,0,1,0
CHEMBL42,DB00363,Clozapine,CHEMBL3666,5-hydroxytryptamine receptor 3A,Cavia porcellus,O70212,1,0,1,0
CHEMBL42,DB00363,Clozapine,CHEMBL3737,5-hydroxytryptamine receptor 1A,Mus musculus,Q64264,1,0,0,1
CHEMBL42,DB00363,Clozapine,CHEMBL3754,Beta-2 adrenergic receptor,Rattus norvegicus,P10608,1,0,1,0
CHEMBL42,DB00363,Clozapine,CHEMBL3762,Voltage-dependent L-type calcium channel subunit alpha-1C,Rattus norvegicus,P22002,1,0,0,1
CHEMBL42,DB00363,Clozapine,CHEMBL3943,Histamine H1 receptor,Cavia porcellus,P31389,5,0,5,0
CHEMBL42,DB00363,Clozapine,CHEMBL3998,D(2) dopamine receptor,Bos taurus,P20288,4,0,0,4
CHEMBL42,DB00363,Clozapine,CHEMBL4042,Prostaglandin G/H synthase 1,Rattus norvegicus,Q63921,1,0,0,1
CHEMBL42,DB00363,Clozapine,CHEMBL4372,Lethal factor,Bacillus anthracis,P15917,1,0,1,0
CHEMBL42,DB00363,Clozapine,CHEMBL4523582,Replicase polyprotein 1ab,Severe acute respiratory syndrome coronavirus 2,P0DTD1,1,0,1,0
CHEMBL42,DB00363,Clozapine,CHEMBL4701,Histamine H1 receptor,Rattus norvegicus,P31390,6,0,2,4
CHEMBL42,DB00363,Clozapine,CHEMBL4817,Albumin,Rattus norvegicus,P02770,1,0,1,0
CHEMBL42,DB00363,Clozapine,CHEMBL4828,Synaptic vesicular amine transporter,Rattus norvegicus,Q01827,1,0,0,1
CHEMBL42,DB00363,Clozapine,CHEMBL4892,Alpha-1A adrenergic receptor,Bos taurus,P18130,1,0,0,1
CHEMBL42,DB00363,Clozapine,CHEMBL4972,5-hydroxytryptamine receptor 3A,Mus musculus,P23979,1,0,1,0
CHEMBL42,DB00363,Clozapine,CHEMBL5067,D(1A) dopamine receptor,Sus scrofa,P50130,1,0,1,0
CHEMBL42,DB00363,Clozapine,CHEMBL5107,Voltage-dependent N-type calcium channel subunit alpha-1B,Rattus norvegicus,Q02294,1,0,0,1
CHEMBL42,DB00363,Clozapine,CHEMBL5456,D(2) dopamine receptor,Chlorocebus aethiops,P52702,2,0,2,0
CHEMBL42,DB00363,Clozapine,CHEMBL5567,Luciferin 4-monooxygenase,Photinus pyralis,P08659,1,0,0,1
CHEMBL42,DB00363,Clozapine,CHEMBL6035,"Thioredoxin reductase 1, cytoplasmic",Rattus norvegicus,O89049,3,0,1,2
CHEMBL42,DB00363,Clozapine,CHEMBL6092,Calmodulin,Bos taurus,P62157,1,0,1,0
CHEMBL42,DB00363,Clozapine,CHEMBL6184,Transporter,Rattus norvegicus,Q63380,1,0,1,0
CHEMBL422,DB00831,Trifluoperazine,CHEMBL1293238,Inositol monophosphatase 1,Rattus norvegicus,P97697,1,0,0,1
CHEMBL422,DB00831,Trifluoperazine,CHEMBL1293248,4'-phosphopantetheinyl transferase ffp,Bacillus subtilis,Q9F4F7,2,0,0,2
CHEMBL422,DB00831,Trifluoperazine,CHEMBL1293269,NS3,Hepatitis C virus,A3EZJ3,1,0,0,1
CHEMBL422,DB00831,Trifluoperazine,CHEMBL1697658,Pleiotropic ABC efflux transporter of multiple drugs,Saccharomyces cerevisiae S288c,P33302,1,0,0,1
CHEMBL422,DB00831,Trifluoperazine,CHEMBL2007624,Peripheral myelin protein 22,Rattus norvegicus,P25094,1,0,0,1
CHEMBL422,DB00831,Trifluoperazine,CHEMBL2169725,Calcium-dependent protein kinase 4,Plasmodium falciparum (isolate 3D7),Q8IBS5,1,0,0,1
CHEMBL422,DB00831,Trifluoperazine,CHEMBL2297,Lysozyme C,Rattus norvegicus,P00697,1,0,0,1
CHEMBL422,DB00831,Trifluoperazine,CHEMBL273,5-hydroxytryptamine receptor 1A,Rattus norvegicus,P19327,1,0,0,1
CHEMBL422,DB00831,Trifluoperazine,CHEMBL276,Muscarinic acetylcholine receptor M1,Rattus norvegicus,P08482,2,0,0,2
CHEMBL422,DB00831,Trifluoperazine,CHEMBL3072,Androgen receptor,Rattus norvegicus,P15207,1,0,0,1
CHEMBL422,DB00831,Trifluoperazine,CHEMBL3224,C-8 sterol isomerase ERG2,Saccharomyces cerevisiae S288c,P32352,1,0,0,1
CHEMBL422,DB00831,Trifluoperazine,CHEMBL330,"Glutamate receptor ionotropic, NMDA 1",Rattus norvegicus,P35439,1,0,0,1
CHEMBL422,DB00831,Trifluoperazine,CHEMBL339,D(2) dopamine receptor,Rattus norvegicus,P61169,3,0,0,3
CHEMBL422,DB00831,Trifluoperazine,CHEMBL343,Gamma-aminobutyric acid receptor subunit alpha-1,Rattus norvegicus,P62813,2,0,0,2
CHEMBL422,DB00831,Trifluoperazine,CHEMBL3762,Voltage-dependent L-type calcium channel subunit alpha-1C,Rattus norvegicus,P22002,1,0,0,1
CHEMBL422,DB00831,Trifluoperazine,CHEMBL4042,Prostaglandin G/H synthase 1,Rattus norvegicus,Q63921,1,0,0,1
CHEMBL422,DB00831,Trifluoperazine,CHEMBL4372,Lethal factor,Bacillus anthracis,P15917,2,0,0,2
CHEMBL422,DB00831,Trifluoperazine,CHEMBL4693,Sarcoplasmic/endoplasmic reticulum calcium ATPase 1,Oryctolagus cuniculus,P04191,1,0,0,1
CHEMBL422,DB00831,Trifluoperazine,CHEMBL4814,Beta-glucuronidase,Rattus norvegicus,P06760,1,0,0,1
CHEMBL422,DB00831,Trifluoperazine,CHEMBL4817,Albumin,Rattus norvegicus,P02770,1,0,0,1
CHEMBL422,DB00831,Trifluoperazine,CHEMBL5107,Voltage-dependent N-type calcium channel subunit alpha-1B,Rattus norvegicus,Q02294,1,0,0,1
CHEMBL422,DB00831,Trifluoperazine,CHEMBL5131,Trypanothione reductase,Trypanosoma cruzi,P28593,2,0,0,2
CHEMBL422,DB00831,Trifluoperazine,CHEMBL6092,Calmodulin,Bos taurus,P62157,2,0,0,2
CHEMBL428647,DB01229,Paclitaxel,CHEMBL1293231,Nuclear receptor ROR-gamma,Mus musculus,P51450,5,0,0,5
CHEMBL428647,DB01229,Paclitaxel,CHEMBL1293248,4'-phosphopantetheinyl transferase ffp,Bacillus subtilis,Q9F4F7,6,0,0,6
CHEMBL428647,DB01229,Paclitaxel,CHEMBL1293269,NS3,Hepatitis C virus,A3EZJ3,1,0,0,1
CHEMBL428647,DB01229,Paclitaxel,CHEMBL1293303,Nonstructural protein 1,Influenza A virus,Q194T2,1,0,0,1
CHEMBL428647,DB01229,Paclitaxel,CHEMBL2007624,Peripheral myelin protein 22,Rattus norvegicus,P25094,1,0,0,1
CHEMBL428647,DB01229,Paclitaxel,CHEMBL2026,Beta-lactamase,Escherichia coli K-12,P00811,1,0,0,1
CHEMBL428647,DB01229,Paclitaxel,CHEMBL2146315,Nuclear receptor subfamily 1 group I member 2,Rattus norvegicus,Q9R1A7,1,0,0,1
CHEMBL428647,DB01229,Paclitaxel,CHEMBL247,Human immunodeficiency virus type 1 reverse transcriptase,Human immunodeficiency virus 1,Q72547,1,0,0,1
CHEMBL428647,DB01229,Paclitaxel,CHEMBL3072,Androgen receptor,Rattus norvegicus,P15207,1,0,0,1
CHEMBL428647,DB01229,Paclitaxel,CHEMBL3186,Beta tubulin,Leishmania donovani,Q25270,2,0,0,2
CHEMBL428647,DB01229,Paclitaxel,CHEMBL330,"Glutamate receptor ionotropic, NMDA 1",Rattus norvegicus,P35439,1,0,0,1
CHEMBL428647,DB01229,Paclitaxel,CHEMBL343,Gamma-aminobutyric acid receptor subunit alpha-1,Rattus norvegicus,P62813,3,0,0,3
CHEMBL428647,DB01229,Paclitaxel,CHEMBL3563,Cruzipain,Trypanosoma cruzi,P25779,3,0,0,3
CHEMBL428647,DB01229,Paclitaxel,CHEMBL3762,Voltage-dependent L-type calcium channel subunit alpha-1C,Rattus norvegicus,P22002,1,0,0,1
CHEMBL428647,DB01229,Paclitaxel,CHEMBL4042,Prostaglandin G/H synthase 1,Rattus norvegicus,Q63921,1,0,0,1
CHEMBL428647,DB01229,Paclitaxel,CHEMBL4078,Acetylcholinesterase,Electrophorus electricus,O42275,1,0,0,1
CHEMBL428647,DB01229,Paclitaxel,CHEMBL4295707,Tubulin beta-4 chain,Gallus gallus,P09652,1,0,0,1
CHEMBL428647,DB01229,Paclitaxel,CHEMBL4296299,Chaperonin GroEL,Escherichia coli (strain K12),P0A6F5,1,0,0,1
CHEMBL428647,DB01229,Paclitaxel,CHEMBL4372,Lethal factor,Bacillus anthracis,P15917,1,0,0,1
CHEMBL428647,DB01229,Paclitaxel,CHEMBL4523582,Replicase polyprotein 1ab,Severe acute respiratory syndrome coronavirus 2,P0DTD1,2,0,0,2
CHEMBL428647,DB01229,Paclitaxel,CHEMBL5107,Voltage-dependent N-type calcium channel subunit alpha-1B,Rattus norvegicus,Q02294,1,0,0,1
CHEMBL428647,DB01229,Paclitaxel,CHEMBL5192,Botulinum neurotoxin type A,Clostridium botulinum,P0DPI0,4,0,0,4
CHEMBL428647,DB01229,Paclitaxel,CHEMBL5567,Luciferin 4-monooxygenase,Photinus pyralis,P08659,2,0,0,2
CHEMBL428647,DB01229,Paclitaxel,CHEMBL5763,Cholinesterase,Equus caballus,P81908,1,0,0,1
CHEMBL428647,DB01229,Paclitaxel,CHEMBL6035,"Thioredoxin reductase 1, cytoplasmic",Rattus norvegicus,O89049,2,0,0,2
CHEMBL429,DB00598,Labetalol,CHEMBL273,5-hydroxytryptamine receptor 1A,Rattus norvegicus,P19327,2,0,0,2
CHEMBL429,DB00598,Labetalol,CHEMBL315,Alpha-1B adrenergic receptor,Rattus norvegicus,P15823,2,0,0,2
CHEMBL429,DB00598,Labetalol,CHEMBL319,Alpha-1A adrenergic receptor,Rattus norvegicus,P43140,2,0,0,2
CHEMBL429,DB00598,Labetalol,CHEMBL4105778,Dipeptidyl peptidase 3,Bos mutus,L8I2E6,3,0,0,3
CHEMBL429,DB00598,Labetalol,CHEMBL5414,Beta-2 adrenergic receptor,Cavia porcellus,Q8K4Z4,1,0,0,1
CHEMBL429,DB00598,Labetalol,CHEMBL5471,Beta-1 adrenergic receptor,Cavia porcellus,B0FL73,1,0,0,1
CHEMBL429,DB00598,Labetalol,CHEMBL6035,"Thioredoxin reductase 1, cytoplasmic",Rattus norvegicus,O89049,3,0,0,3
CHEMBL430,DB01155,Gemifloxacin,CHEMBL2424506,DNA gyrase subunit A,Staphylococcus aureus,P20831,2,0,0,2
CHEMBL430,DB01155,Gemifloxacin,CHEMBL343,Gamma-aminobutyric acid receptor subunit alpha-1,Rattus norvegicus,P62813,1,0,0,1
CHEMBL430,DB01155,Gemifloxacin,CHEMBL4088,DNA topoisomerase 4 subunit A,Staphylococcus aureus,P0C1U9,1,0,0,1
CHEMBL430,DB01155,Gemifloxacin,CHEMBL4523582,Replicase polyprotein 1ab,Severe acute respiratory syndrome coronavirus 2,P0DTD1,1,0,0,1
CHEMBL431770,DB11757,Istradefylline,CHEMBL302,Adenosine receptor A2a,Rattus norvegicus,P30543,12,0,0,12
CHEMBL431770,DB11757,Istradefylline,CHEMBL318,Adenosine receptor A1,Rattus norvegicus,P25099,9,0,0,9
CHEMBL431770,DB11757,Istradefylline,CHEMBL4042,Prostaglandin G/H synthase 1,Rattus norvegicus,Q63921,1,0,0,1
CHEMBL431770,DB11757,Istradefylline,CHEMBL4523582,Replicase polyprotein 1ab,Severe acute respiratory syndrome coronavirus 2,P0DTD1,1,0,0,1
CHEMBL435,DB00999,Hydrochlorothiazide,CHEMBL1777665,Solute carrier family 22 member 6,Rattus norvegicus,O35956,1,0,0,1
CHEMBL435,DB00999,Hydrochlorothiazide,CHEMBL1944499,Astrosclerin-3,Astrosclera willeyana,A6YCJ1,1,0,0,1
CHEMBL435,DB00999,Hydrochlorothiazide,CHEMBL3072,Androgen receptor,Rattus norvegicus,P15207,1,0,0,1
CHEMBL435,DB00999,Hydrochlorothiazide,CHEMBL3097982,Delta carbonic anhydrase,Conticribra weissflogii,Q5U9J1,1,0,0,1
CHEMBL435,DB00999,Hydrochlorothiazide,CHEMBL330,"Glutamate receptor ionotropic, NMDA 1",Rattus norvegicus,P35439,1,0,0,1
CHEMBL435,DB00999,Hydrochlorothiazide,CHEMBL3399914,AGAP002992-PA,Anopheles gambiae,Q5TU56,1,0,0,1
CHEMBL435,DB00999,Hydrochlorothiazide,CHEMBL343,Gamma-aminobutyric acid receptor subunit alpha-1,Rattus norvegicus,P62813,2,0,0,2
CHEMBL435,DB00999,Hydrochlorothiazide,CHEMBL3621035,"Carbonic anhydrase, alpha family",Thiomicrospira crunogena,Q31FD6,1,0,0,1
CHEMBL435,DB00999,Hydrochlorothiazide,CHEMBL3745586,Carbonate dehydratase,Sulfurihydrogenibium sp. (strain YO3AOP1),B2V8E3,1,0,0,1
CHEMBL435,DB00999,Hydrochlorothiazide,CHEMBL3762,Voltage-dependent L-type calcium channel subunit alpha-1C,Rattus norvegicus,P22002,1,0,0,1
CHEMBL435,DB00999,Hydrochlorothiazide,CHEMBL4042,Prostaglandin G/H synthase 1,Rattus norvegicus,Q63921,1,0,0,1
CHEMBL435,DB00999,Hydrochlorothiazide,CHEMBL4523582,Replicase polyprotein 1ab,Severe acute respiratory syndrome coronavirus 2,P0DTD1,2,0,0,2
CHEMBL435,DB00999,Hydrochlorothiazide,CHEMBL5107,Voltage-dependent N-type calcium channel subunit alpha-1B,Rattus norvegicus,Q02294,1,0,0,1
CHEMBL435,DB00999,Hydrochlorothiazide,CHEMBL5313,Heat shock factor protein 1,Mus musculus,P38532,1,0,0,1
CHEMBL435,DB00999,Hydrochlorothiazide,CHEMBL5686,ATP-dependent 6-phosphofructokinase,Trypanosoma brucei,O15648,1,0,0,1
CHEMBL439849,DB06684,Vilazodone,CHEMBL273,5-hydroxytryptamine receptor 1A,Rattus norvegicus,P19327,2,0,0,2
CHEMBL439849,DB06684,Vilazodone,CHEMBL313,Sodium-dependent serotonin transporter,Rattus norvegicus,P31652,7,0,0,7
CHEMBL439849,DB06684,Vilazodone,CHEMBL3138,D(3) dopamine receptor,Rattus norvegicus,P19020,1,0,0,1
CHEMBL439849,DB06684,Vilazodone,CHEMBL3198,Acetylcholinesterase,Mus musculus,P21836,1,0,0,1
CHEMBL439849,DB06684,Vilazodone,CHEMBL3199,Acetylcholinesterase,Rattus norvegicus,P37136,2,0,0,2
CHEMBL439849,DB06684,Vilazodone,CHEMBL322,5-hydroxytryptamine receptor 2A,Rattus norvegicus,P14842,1,0,0,1
CHEMBL439849,DB06684,Vilazodone,CHEMBL3223,5-hydroxytryptamine receptor 7,Rattus norvegicus,P32305,1,0,0,1
CHEMBL439849,DB06684,Vilazodone,CHEMBL324,5-hydroxytryptamine receptor 2C,Rattus norvegicus,P08909,1,0,0,1
CHEMBL439849,DB06684,Vilazodone,CHEMBL3361,D(4) dopamine receptor,Rattus norvegicus,P30729,1,0,0,1
CHEMBL439849,DB06684,Vilazodone,CHEMBL3372,5-hydroxytryptamine receptor 6,Rattus norvegicus,P31388,1,0,0,1
CHEMBL439849,DB06684,Vilazodone,CHEMBL339,D(2) dopamine receptor,Rattus norvegicus,P61169,2,0,0,2
CHEMBL439849,DB06684,Vilazodone,CHEMBL3459,5-hydroxytryptamine receptor 1B,Rattus norvegicus,P28564,1,0,0,1
CHEMBL439849,DB06684,Vilazodone,CHEMBL4317,5-hydroxytryptamine receptor 4,Rattus norvegicus,Q62758,1,0,0,1
CHEMBL439849,DB06684,Vilazodone,CHEMBL4523582,Replicase polyprotein 1ab,Severe acute respiratory syndrome coronavirus 2,P0DTD1,1,0,0,1
CHEMBL439849,DB06684,Vilazodone,CHEMBL5450,5-hydroxytryptamine receptor 1D,Rattus norvegicus,P28565,1,0,0,1
CHEMBL441,DB00599,Thiopental,CHEMBL1293254,Ferritin light chain,Equus caballus,P02791,1,0,0,1
CHEMBL441,DB00599,Thiopental,CHEMBL2366456,Voltage-dependent L-type calcium channel subunit alpha-1C,Cavia porcellus,O35505,1,0,0,1
CHEMBL441,DB00599,Thiopental,CHEMBL3229,Fatty-acid amide hydrolase 1,Rattus norvegicus,P97612,1,0,0,1
CHEMBL441,DB00599,Thiopental,CHEMBL4523582,Replicase polyprotein 1ab,Severe acute respiratory syndrome coronavirus 2,P0DTD1,1,0,0,1
CHEMBL442,DB00696,Ergotamine,CHEMBL2573,ATP-dependent translocase ABCB1,Mus musculus,P21447,1,0,0,1
CHEMBL442,DB00696,Ergotamine,CHEMBL273,5-hydroxytryptamine receptor 1A,Rattus norvegicus,P19327,2,0,0,2
CHEMBL442,DB00696,Ergotamine,CHEMBL2798,Cholecystokinin receptor type A,Mus musculus,O08786,1,0,0,1
CHEMBL442,DB00696,Ergotamine,CHEMBL2854,Gastrin/cholecystokinin type B receptor,Mus musculus,P56481,1,0,0,1
CHEMBL442,DB00696,Ergotamine,CHEMBL3072,Androgen receptor,Rattus norvegicus,P15207,1,0,0,1
CHEMBL442,DB00696,Ergotamine,CHEMBL315,Alpha-1B adrenergic receptor,Rattus norvegicus,P15823,2,0,0,2
CHEMBL442,DB00696,Ergotamine,CHEMBL319,Alpha-1A adrenergic receptor,Rattus norvegicus,P43140,2,0,0,2
CHEMBL442,DB00696,Ergotamine,CHEMBL343,Gamma-aminobutyric acid receptor subunit alpha-1,Rattus norvegicus,P62813,1,0,0,1
CHEMBL442,DB00696,Ergotamine,CHEMBL3459,5-hydroxytryptamine receptor 1B,Rattus norvegicus,P28564,2,0,0,2
CHEMBL442,DB00696,Ergotamine,CHEMBL3467,ATP-dependent translocase ABCB1,Mus musculus,P06795,1,0,0,1
CHEMBL442,DB00696,Ergotamine,CHEMBL4042,Prostaglandin G/H synthase 1,Rattus norvegicus,Q63921,1,0,0,1
CHEMBL442,DB00696,Ergotamine,CHEMBL5017,5-hydroxytryptamine receptor 4,Cavia porcellus,O70528,2,0,0,2
CHEMBL442,DB00696,Ergotamine,CHEMBL5755,Adenylate cyclase,Arthrospira platensis,O32393,1,0,0,1
CHEMBL445,DB00540,Nortriptyline,CHEMBL1293238,Inositol monophosphatase 1,Rattus norvegicus,P97697,1,0,0,1
CHEMBL445,DB00540,Nortriptyline,CHEMBL2007624,Peripheral myelin protein 22,Rattus norvegicus,P25094,1,0,0,1
CHEMBL445,DB00540,Nortriptyline,CHEMBL2475,Cytochrome P450 2D1,Rattus norvegicus,P10633,1,0,0,1
CHEMBL445,DB00540,Nortriptyline,CHEMBL2483,Cytochrome P450 2D26,Rattus norvegicus,P10634,1,0,0,1
CHEMBL445,DB00540,Nortriptyline,CHEMBL273,5-hydroxytryptamine receptor 1A,Rattus norvegicus,P19327,2,0,0,2
CHEMBL445,DB00540,Nortriptyline,CHEMBL276,Muscarinic acetylcholine receptor M1,Rattus norvegicus,P08482,2,0,0,2
CHEMBL445,DB00540,Nortriptyline,CHEMBL2882,Histamine H2 receptor,Cavia porcellus,P47747,1,0,0,1
CHEMBL445,DB00540,Nortriptyline,CHEMBL3057,Cytochrome P450 2D3,Rattus norvegicus,P12938,1,0,0,1
CHEMBL445,DB00540,Nortriptyline,CHEMBL3072,Androgen receptor,Rattus norvegicus,P15207,2,0,0,2
CHEMBL445,DB00540,Nortriptyline,CHEMBL315,Alpha-1B adrenergic receptor,Rattus norvegicus,P15823,2,0,0,2
CHEMBL445,DB00540,Nortriptyline,CHEMBL319,Alpha-1A adrenergic receptor,Rattus norvegicus,P43140,3,0,0,3
CHEMBL445,DB00540,Nortriptyline,CHEMBL330,"Glutamate receptor ionotropic, NMDA 1",Rattus norvegicus,P35439,1,0,0,1
CHEMBL445,DB00540,Nortriptyline,CHEMBL343,Gamma-aminobutyric acid receptor subunit alpha-1,Rattus norvegicus,P62813,2,0,0,2
CHEMBL445,DB00540,Nortriptyline,CHEMBL3459,5-hydroxytryptamine receptor 1B,Rattus norvegicus,P28564,2,0,0,2
CHEMBL445,DB00540,Nortriptyline,CHEMBL3699,GABA transporter 4,Mus musculus,P31650,2,0,0,2
CHEMBL445,DB00540,Nortriptyline,CHEMBL3762,Voltage-dependent L-type calcium channel subunit alpha-1C,Rattus norvegicus,P22002,1,0,0,1
CHEMBL445,DB00540,Nortriptyline,CHEMBL4042,Prostaglandin G/H synthase 1,Rattus norvegicus,Q63921,1,0,0,1
CHEMBL445,DB00540,Nortriptyline,CHEMBL4228,GABA transporter 2,Mus musculus,P31651,2,0,0,2
CHEMBL445,DB00540,Nortriptyline,CHEMBL4701,Histamine H1 receptor,Rattus norvegicus,P31390,1,0,0,1
CHEMBL445,DB00540,Nortriptyline,CHEMBL4982,Cytochrome P450 2D4,Rattus norvegicus,Q64680,1,0,0,1
CHEMBL445,DB00540,Nortriptyline,CHEMBL5131,Trypanothione reductase,Trypanosoma cruzi,P28593,3,0,0,3
CHEMBL445,DB00540,Nortriptyline,CHEMBL5205,GABA transporter 3,Mus musculus,P31649,2,0,0,2
CHEMBL445,DB00540,Nortriptyline,CHEMBL5445,Sodium- and chloride-dependent GABA transporter 1,Mus musculus,P31648,2,0,0,2
CHEMBL448,DB00312,Pentobarbital,CHEMBL3072,Androgen receptor,Rattus norvegicus,P15207,1,0,0,1
CHEMBL448,DB00312,Pentobarbital,CHEMBL330,"Glutamate receptor ionotropic, NMDA 1",Rattus norvegicus,P35439,1,0,0,1
CHEMBL448,DB00312,Pentobarbital,CHEMBL343,Gamma-aminobutyric acid receptor subunit alpha-1,Rattus norvegicus,P62813,2,0,0,2
CHEMBL448,DB00312,Pentobarbital,CHEMBL3762,Voltage-dependent L-type calcium channel subunit alpha-1C,Rattus norvegicus,P22002,1,0,0,1
CHEMBL448,DB00312,Pentobarbital,CHEMBL4042,Prostaglandin G/H synthase 1,Rattus norvegicus,Q63921,1,0,0,1
CHEMBL448,DB00312,Pentobarbital,CHEMBL4523582,Replicase polyprotein 1ab,Severe acute respiratory syndrome coronavirus 2,P0DTD1,1,0,1,0
CHEMBL45,DB01065,Melatonin,CHEMBL1293248,4'-phosphopantetheinyl transferase ffp,Bacillus subtilis,Q9F4F7,1,0,0,1
CHEMBL45,DB01065,Melatonin,CHEMBL2073666,Organic anion transporter 3,Rattus norvegicus,Q9R1U7,1,0,0,1
CHEMBL45,DB01065,Melatonin,CHEMBL2146309,ATP-dependent Clp protease proteolytic subunit,Bacillus subtilis (strain 168),P80244,1,0,0,1
CHEMBL45,DB01065,Melatonin,CHEMBL276,Muscarinic acetylcholine receptor M1,Rattus norvegicus,P08482,1,0,0,1
CHEMBL45,DB01065,Melatonin,CHEMBL3072,Androgen receptor,Rattus norvegicus,P15207,3,0,0,3
CHEMBL45,DB01065,Melatonin,CHEMBL330,"Glutamate receptor ionotropic, NMDA 1",Rattus norvegicus,P35439,1,0,0,1
CHEMBL45,DB01065,Melatonin,CHEMBL343,Gamma-aminobutyric acid receptor subunit alpha-1,Rattus norvegicus,P62813,2,0,0,2
CHEMBL45,DB01065,Melatonin,CHEMBL3464,"Nitric oxide synthase, inducible",Mus musculus,P29477,2,0,0,2
CHEMBL45,DB01065,Melatonin,CHEMBL3762,Voltage-dependent L-type calcium channel subunit alpha-1C,Rattus norvegicus,P22002,1,0,0,1
CHEMBL45,DB01065,Melatonin,CHEMBL4042,Prostaglandin G/H synthase 1,Rattus norvegicus,Q63921,1,0,0,1
CHEMBL45,DB01065,Melatonin,CHEMBL4078,Acetylcholinesterase,Electrophorus electricus,O42275,1,0,0,1
CHEMBL45,DB01065,Melatonin,CHEMBL4466,Melatonin receptor type 1B,Gallus gallus,P51050,1,0,0,1
CHEMBL45,DB01065,Melatonin,CHEMBL4523582,Replicase polyprotein 1ab,Severe acute respiratory syndrome coronavirus 2,P0DTD1,2,0,0,2
CHEMBL45,DB01065,Melatonin,CHEMBL4719,Nitric oxide synthase 1,Mus musculus,Q9Z0J4,2,0,0,2
CHEMBL45,DB01065,Melatonin,CHEMBL4768,Acetylcholinesterase,Bos taurus,P23795,1,0,0,1
CHEMBL45,DB01065,Melatonin,CHEMBL5077,Butyrylcholinesterase,Equus caballus,Q9N1N9,1,0,0,1
CHEMBL45,DB01065,Melatonin,CHEMBL5107,Voltage-dependent N-type calcium channel subunit alpha-1B,Rattus norvegicus,Q02294,1,0,0,1
CHEMBL45,DB01065,Melatonin,CHEMBL5495,Melatonin receptor type 1C,Xenopus laevis,P49219,3,0,0,3
CHEMBL45,DB01065,Melatonin,CHEMBL5686,ATP-dependent 6-phosphofructokinase,Trypanosoma brucei,O15648,1,0,0,1
CHEMBL45,DB01065,Melatonin,CHEMBL5763,Cholinesterase,Equus caballus,P81908,1,0,0,1
CHEMBL45,DB01065,Melatonin,CHEMBL6035,"Thioredoxin reductase 1, cytoplasmic",Rattus norvegicus,O89049,3,0,0,3
CHEMBL450,DB00463,Metharbital,CHEMBL3072,Androgen receptor,Rattus norvegicus,P15207,1,0,0,1
CHEMBL450,DB00463,Metharbital,CHEMBL330,"Glutamate receptor ionotropic, NMDA 1",Rattus norvegicus,P35439,1,0,0,1
CHEMBL450,DB00463,Metharbital,CHEMBL343,Gamma-aminobutyric acid receptor subunit alpha-1,Rattus norvegicus,P62813,2,0,0,2
CHEMBL450,DB00463,Metharbital,CHEMBL3762,Voltage-dependent L-type calcium channel subunit alpha-1C,Rattus norvegicus,P22002,1,0,0,1
CHEMBL450,DB00463,Metharbital,CHEMBL4042,Prostaglandin G/H synthase 1,Rattus norvegicus,Q63921,1,0,0,1
CHEMBL450,DB00463,Metharbital,CHEMBL4523582,Replicase polyprotein 1ab,Severe acute respiratory syndrome coronavirus 2,P0DTD1,1,0,0,1
CHEMBL45029,DB00849,Methylphenobarbital,CHEMBL2007624,Peripheral myelin protein 22,Rattus norvegicus,P25094,1,0,0,1
CHEMBL451,DB00475,Chlordiazepoxide,CHEMBL3072,Androgen receptor,Rattus norvegicus,P15207,1,0,0,1
CHEMBL451,DB00475,Chlordiazepoxide,CHEMBL330,"Glutamate receptor ionotropic, NMDA 1",Rattus norvegicus,P35439,1,0,0,1
CHEMBL451,DB00475,Chlordiazepoxide,CHEMBL343,Gamma-aminobutyric acid receptor subunit alpha-1,Rattus norvegicus,P62813,2,0,0,2
CHEMBL451,DB00475,Chlordiazepoxide,CHEMBL3762,Voltage-dependent L-type calcium channel subunit alpha-1C,Rattus norvegicus,P22002,1,0,0,1
CHEMBL451,DB00475,Chlordiazepoxide,CHEMBL4042,Prostaglandin G/H synthase 1,Rattus norvegicus,Q63921,1,0,0,1
CHEMBL451,DB00475,Chlordiazepoxide,CHEMBL4552,Translocator protein,Rattus norvegicus,P16257,1,0,0,1
CHEMBL452,DB01068,Clonazepam,CHEMBL2419,Translocator protein,Bos taurus,P30535,1,0,0,1
CHEMBL452,DB01068,Clonazepam,CHEMBL2871,Cholecystokinin receptor type A,Rattus norvegicus,P30551,1,0,0,1
CHEMBL452,DB01068,Clonazepam,CHEMBL3072,Androgen receptor,Rattus norvegicus,P15207,1,0,0,1
CHEMBL452,DB01068,Clonazepam,CHEMBL330,"Glutamate receptor ionotropic, NMDA 1",Rattus norvegicus,P35439,1,0,0,1
CHEMBL452,DB01068,Clonazepam,CHEMBL343,Gamma-aminobutyric acid receptor subunit alpha-1,Rattus norvegicus,P62813,2,0,0,2
CHEMBL452,DB01068,Clonazepam,CHEMBL3501,Cholecystokinin receptor type A,Cavia porcellus,Q63931,1,0,0,1
CHEMBL452,DB01068,Clonazepam,CHEMBL3762,Voltage-dependent L-type calcium channel subunit alpha-1C,Rattus norvegicus,P22002,1,0,0,1
CHEMBL452,DB01068,Clonazepam,CHEMBL4042,Prostaglandin G/H synthase 1,Rattus norvegicus,Q63921,1,0,0,1
CHEMBL452,DB01068,Clonazepam,CHEMBL5107,Voltage-dependent N-type calcium channel subunit alpha-1B,Rattus norvegicus,Q02294,1,0,0,1
CHEMBL459,DB00968,Methyldopa,CHEMBL1293231,Nuclear receptor ROR-gamma,Mus musculus,P51450,2,0,0,2
CHEMBL459,DB00968,Methyldopa,CHEMBL1293234,Fructose-bisphosphate aldolase,Giardia intestinalis,A8B2U2,3,0,0,3
CHEMBL459,DB00968,Methyldopa,CHEMBL1293248,4'-phosphopantetheinyl transferase ffp,Bacillus subtilis,Q9F4F7,3,0,0,3
CHEMBL459,DB00968,Methyldopa,CHEMBL1293285,Endonuclease 4,Escherichia coli K-12,P0A6C1,1,0,0,1
CHEMBL459,DB00968,Methyldopa,CHEMBL1741167,"Phosphoglycerate kinase, glycosomal",Trypanosoma brucei brucei,P07378,1,0,0,1
CHEMBL459,DB00968,Methyldopa,CHEMBL1741202,"2,3-bisphosphoglycerate-independent phosphoglycerate mutase",Leishmania major,Q4Q090,1,0,0,1
CHEMBL459,DB00968,Methyldopa,CHEMBL2026,Beta-lactamase,Escherichia coli K-12,P00811,1,0,0,1
CHEMBL459,DB00968,Methyldopa,CHEMBL2073674,Bile salt export pump,Rattus norvegicus,O70127,1,0,0,1
CHEMBL459,DB00968,Methyldopa,CHEMBL3072,Androgen receptor,Rattus norvegicus,P15207,1,0,0,1
CHEMBL459,DB00968,Methyldopa,CHEMBL330,"Glutamate receptor ionotropic, NMDA 1",Rattus norvegicus,P35439,1,0,0,1
CHEMBL459,DB00968,Methyldopa,CHEMBL343,Gamma-aminobutyric acid receptor subunit alpha-1,Rattus norvegicus,P62813,2,0,0,2
CHEMBL459,DB00968,Methyldopa,CHEMBL3762,Voltage-dependent L-type calcium channel subunit alpha-1C,Rattus norvegicus,P22002,1,0,0,1
CHEMBL459,DB00968,Methyldopa,CHEMBL4042,Prostaglandin G/H synthase 1,Rattus norvegicus,Q63921,1,0,0,1
CHEMBL459,DB00968,Methyldopa,CHEMBL4358,Polyunsaturated fatty acid lipoxygenase ALOX15,Oryctolagus cuniculus,P12530,1,0,0,1
CHEMBL459,DB00968,Methyldopa,CHEMBL4372,Lethal factor,Bacillus anthracis,P15917,1,0,0,1
CHEMBL459,DB00968,Methyldopa,CHEMBL4523582,Replicase polyprotein 1ab,Severe acute respiratory syndrome coronavirus 2,P0DTD1,2,0,0,2
CHEMBL459,DB00968,Methyldopa,CHEMBL5149,Pyruvate kinase,Leishmania mexicana,Q27686,2,0,0,2
CHEMBL459,DB00968,Methyldopa,CHEMBL5686,ATP-dependent 6-phosphofructokinase,Trypanosoma brucei,O15648,4,0,0,4
CHEMBL459,DB00968,Methyldopa,CHEMBL6035,"Thioredoxin reductase 1, cytoplasmic",Rattus norvegicus,O89049,3,0,0,3
CHEMBL459,DB00968,Methyldopa,CHEMBL6110,Thioredoxin glutathione reductase,Schistosoma mansoni,Q962Y6,1,0,0,1
CHEMBL46,DB00904,Ondansetron,CHEMBL2026,Beta-lactamase,Escherichia coli K-12,P00811,1,0,0,1
CHEMBL46,DB00904,Ondansetron,CHEMBL2126,Leukotriene B4 receptor 1,Rattus norvegicus,Q9R0Q2,1,0,0,1
CHEMBL46,DB00904,Ondansetron,CHEMBL2411,5-hydroxytryptamine receptor 3A,Rattus norvegicus,P35563,2,0,0,2
CHEMBL46,DB00904,Ondansetron,CHEMBL2619,5-hydroxytryptamine receptor 5B,Rattus norvegicus,P35365,1,0,0,1
CHEMBL46,DB00904,Ondansetron,CHEMBL265,D(1A) dopamine receptor,Rattus norvegicus,P18901,1,0,0,1
CHEMBL46,DB00904,Ondansetron,CHEMBL269,Delta-type opioid receptor,Rattus norvegicus,P33533,1,0,0,1
CHEMBL46,DB00904,Ondansetron,CHEMBL270,Mu-type opioid receptor,Rattus norvegicus,P33535,1,0,0,1
CHEMBL46,DB00904,Ondansetron,CHEMBL273,5-hydroxytryptamine receptor 1A,Rattus norvegicus,P19327,1,0,0,1
CHEMBL46,DB00904,Ondansetron,CHEMBL276,Muscarinic acetylcholine receptor M1,Rattus norvegicus,P08482,1,0,0,1
CHEMBL46,DB00904,Ondansetron,CHEMBL2871,Cholecystokinin receptor type A,Rattus norvegicus,P30551,1,0,0,1
CHEMBL46,DB00904,Ondansetron,CHEMBL309,Muscarinic acetylcholine receptor M2,Rattus norvegicus,P10980,1,0,0,1
CHEMBL46,DB00904,Ondansetron,CHEMBL313,Sodium-dependent serotonin transporter,Rattus norvegicus,P31652,1,0,0,1
CHEMBL46,DB00904,Ondansetron,CHEMBL3138,D(3) dopamine receptor,Rattus norvegicus,P19020,1,0,0,1
CHEMBL46,DB00904,Ondansetron,CHEMBL320,Muscarinic acetylcholine receptor M3,Rattus norvegicus,P08483,1,0,0,1
CHEMBL46,DB00904,Ondansetron,CHEMBL324,5-hydroxytryptamine receptor 2C,Rattus norvegicus,P08909,1,0,0,1
CHEMBL46,DB00904,Ondansetron,CHEMBL327,Alpha-2A adrenergic receptor,Rattus norvegicus,P22909,1,0,0,1
CHEMBL46,DB00904,Ondansetron,CHEMBL3365,Neuronal acetylcholine receptor subunit alpha-7,Mus musculus,P49582,1,0,0,1
CHEMBL46,DB00904,Ondansetron,CHEMBL339,D(2) dopamine receptor,Rattus norvegicus,P61169,3,0,0,3
CHEMBL46,DB00904,Ondansetron,CHEMBL3459,5-hydroxytryptamine receptor 1B,Rattus norvegicus,P28564,1,0,0,1
CHEMBL46,DB00904,Ondansetron,CHEMBL3500,Glycine receptor subunit alpha-4,Mus musculus,Q61603,1,0,0,1
CHEMBL46,DB00904,Ondansetron,CHEMBL3508,Gastrin/cholecystokinin type B receptor,Rattus norvegicus,P30553,1,0,0,1
CHEMBL46,DB00904,Ondansetron,CHEMBL3602,Sigma non-opioid intracellular receptor 1,Rattus norvegicus,Q9R0C9,1,0,0,1
CHEMBL46,DB00904,Ondansetron,CHEMBL3614,Kappa-type opioid receptor,Rattus norvegicus,P34975,1,0,0,1
CHEMBL46,DB00904,Ondansetron,CHEMBL3666,5-hydroxytryptamine receptor 3A,Cavia porcellus,O70212,3,0,0,3
CHEMBL46,DB00904,Ondansetron,CHEMBL401,"Glutamate receptor ionotropic, NMDA 2C",Rattus norvegicus,Q00961,1,0,0,1
CHEMBL46,DB00904,Ondansetron,CHEMBL4124,Histamine H3 receptor,Rattus norvegicus,Q9QYN8,1,0,0,1
CHEMBL46,DB00904,Ondansetron,CHEMBL4289,Interleukin-6 receptor subunit alpha,Rattus norvegicus,P22273,1,0,0,1
CHEMBL46,DB00904,Ondansetron,CHEMBL4317,5-hydroxytryptamine receptor 4,Rattus norvegicus,Q62758,2,0,0,2
CHEMBL46,DB00904,Ondansetron,CHEMBL4523582,Replicase polyprotein 1ab,Severe acute respiratory syndrome coronavirus 2,P0DTD1,1,0,0,1
CHEMBL46,DB00904,Ondansetron,CHEMBL4553,Thyrotropin-releasing hormone receptor,Rattus norvegicus,Q01717,1,0,0,1
CHEMBL46,DB00904,Ondansetron,CHEMBL4701,Histamine H1 receptor,Rattus norvegicus,P31390,1,0,0,1
CHEMBL46,DB00904,Ondansetron,CHEMBL4980,Neuronal acetylcholine receptor subunit alpha-7,Rattus norvegicus,Q05941,1,0,0,1
CHEMBL46,DB00904,Ondansetron,CHEMBL5450,5-hydroxytryptamine receptor 1D,Rattus norvegicus,P28565,1,0,0,1
CHEMBL460,DB01618,Molindone,CHEMBL265,D(1A) dopamine receptor,Rattus norvegicus,P18901,1,0,0,1
CHEMBL460,DB01618,Molindone,CHEMBL3072,Androgen receptor,Rattus norvegicus,P15207,2,0,0,2
CHEMBL460,DB01618,Molindone,CHEMBL322,5-hydroxytryptamine receptor 2A,Rattus norvegicus,P14842,2,0,0,2
CHEMBL460,DB01618,Molindone,CHEMBL330,"Glutamate receptor ionotropic, NMDA 1",Rattus norvegicus,P35439,1,0,0,1
CHEMBL460,DB01618,Molindone,CHEMBL339,D(2) dopamine receptor,Rattus norvegicus,P61169,2,0,0,2
CHEMBL460,DB01618,Molindone,CHEMBL343,Gamma-aminobutyric acid receptor subunit alpha-1,Rattus norvegicus,P62813,2,0,0,2
CHEMBL460,DB01618,Molindone,CHEMBL3762,Voltage-dependent L-type calcium channel subunit alpha-1C,Rattus norvegicus,P22002,1,0,0,1
CHEMBL460,DB01618,Molindone,CHEMBL4042,Prostaglandin G/H synthase 1,Rattus norvegicus,Q63921,1,0,0,1
CHEMBL460,DB01618,Molindone,CHEMBL6035,"Thioredoxin reductase 1, cytoplasmic",Rattus norvegicus,O89049,2,0,0,2
CHEMBL465,DB00470,Dronabinol,CHEMBL3037,Cannabinoid receptor 1,Mus musculus,P47746,4,0,0,4
CHEMBL465,DB00470,Dronabinol,CHEMBL3455,Fatty-acid amide hydrolase 1,Mus musculus,O08914,1,0,0,1
CHEMBL465,DB00470,Dronabinol,CHEMBL3571,Cannabinoid receptor 1,Rattus norvegicus,P20272,14,0,0,14
CHEMBL465,DB00470,Dronabinol,CHEMBL5160,Transient receptor potential cation channel subfamily A member 1,Rattus norvegicus,Q6RI86,1,0,0,1
CHEMBL465,DB00470,Dronabinol,CHEMBL5373,Cannabinoid receptor 2,Mus musculus,P47936,5,0,0,5
CHEMBL465,DB00470,Dronabinol,CHEMBL6066225,N-arachidonyl glycine receptor,Mus musculus,Q8K1Z6,2,0,0,2
CHEMBL46516,DB04842,Fluspirilene,CHEMBL1293231,Nuclear receptor ROR-gamma,Mus musculus,P51450,4,0,0,4
CHEMBL46516,DB04842,Fluspirilene,CHEMBL1293248,4'-phosphopantetheinyl transferase ffp,Bacillus subtilis,Q9F4F7,2,0,0,2
CHEMBL46516,DB04842,Fluspirilene,CHEMBL1293285,Endonuclease 4,Escherichia coli K-12,P0A6C1,1,0,0,1
CHEMBL46516,DB04842,Fluspirilene,CHEMBL1741171,Protein RecA,Mycobacterium tuberculosis,P9WHJ3,1,0,0,1
CHEMBL46516,DB04842,Fluspirilene,CHEMBL1741192,Replicative DNA helicase DnaB,Mycobacterium tuberculosis,P9WMR3,2,0,0,2
CHEMBL46516,DB04842,Fluspirilene,CHEMBL1741219,Short transient receptor potential channel 4,Mus musculus,Q9QUQ5,1,0,0,1
CHEMBL46516,DB04842,Fluspirilene,CHEMBL2007624,Peripheral myelin protein 22,Rattus norvegicus,P25094,2,0,0,2
CHEMBL46516,DB04842,Fluspirilene,CHEMBL2146304,DNA damage-inducible transcript 3 protein,Mus musculus,P35639,1,0,0,1
CHEMBL46516,DB04842,Fluspirilene,CHEMBL276,Muscarinic acetylcholine receptor M1,Rattus norvegicus,P08482,2,0,0,2
CHEMBL46516,DB04842,Fluspirilene,CHEMBL3072,Androgen receptor,Rattus norvegicus,P15207,1,0,0,1
CHEMBL46516,DB04842,Fluspirilene,CHEMBL330,"Glutamate receptor ionotropic, NMDA 1",Rattus norvegicus,P35439,1,0,0,1
CHEMBL46516,DB04842,Fluspirilene,CHEMBL343,Gamma-aminobutyric acid receptor subunit alpha-1,Rattus norvegicus,P62813,2,0,0,2
CHEMBL46516,DB04842,Fluspirilene,CHEMBL3762,Voltage-dependent L-type calcium channel subunit alpha-1C,Rattus norvegicus,P22002,1,0,0,1
CHEMBL46516,DB04842,Fluspirilene,CHEMBL4042,Prostaglandin G/H synthase 1,Rattus norvegicus,Q63921,1,0,0,1
CHEMBL46516,DB04842,Fluspirilene,CHEMBL4523582,Replicase polyprotein 1ab,Severe acute respiratory syndrome coronavirus 2,P0DTD1,1,0,0,1
CHEMBL46516,DB04842,Fluspirilene,CHEMBL6035,"Thioredoxin reductase 1, cytoplasmic",Rattus norvegicus,O89049,3,0,0,3
CHEMBL468,DB01041,Thalidomide,CHEMBL2026,Beta-lactamase,Escherichia coli K-12,P00811,1,0,0,1
CHEMBL468,DB01041,Thalidomide,CHEMBL2949,Prostaglandin G/H synthase 1,Ovis aries,P05979,1,0,0,1
CHEMBL468,DB01041,Thalidomide,CHEMBL3072,Androgen receptor,Rattus norvegicus,P15207,1,0,0,1
CHEMBL468,DB01041,Thalidomide,CHEMBL330,"Glutamate receptor ionotropic, NMDA 1",Rattus norvegicus,P35439,1,0,0,1
CHEMBL468,DB01041,Thalidomide,CHEMBL343,Gamma-aminobutyric acid receptor subunit alpha-1,Rattus norvegicus,P62813,3,0,0,3
CHEMBL468,DB01041,Thalidomide,CHEMBL3464,"Nitric oxide synthase, inducible",Mus musculus,P29477,1,0,0,1
CHEMBL468,DB01041,Thalidomide,CHEMBL3762,Voltage-dependent L-type calcium channel subunit alpha-1C,Rattus norvegicus,P22002,1,0,0,1
CHEMBL468,DB01041,Thalidomide,CHEMBL3763007,Cereblon isoform 4,Magnetospirillum gryphiswaldense,A4TVL0,5,0,0,5
CHEMBL468,DB01041,Thalidomide,CHEMBL4042,Prostaglandin G/H synthase 1,Rattus norvegicus,Q63921,1,0,0,1
CHEMBL468,DB01041,Thalidomide,CHEMBL4102,Prostaglandin G/H synthase 2,Ovis aries,P79208,1,0,0,1
CHEMBL468,DB01041,Thalidomide,CHEMBL4137,"Glyceraldehyde-3-phosphate dehydrogenase, cytosolic",Leishmania mexicana,Q01558,1,0,0,1
CHEMBL468,DB01041,Thalidomide,CHEMBL4523582,Replicase polyprotein 1ab,Severe acute respiratory syndrome coronavirus 2,P0DTD1,1,0,0,1
CHEMBL468,DB01041,Thalidomide,CHEMBL5107,Voltage-dependent N-type calcium channel subunit alpha-1B,Rattus norvegicus,Q02294,1,0,0,1
CHEMBL469,DB00465,Ketorolac,CHEMBL2622,Aldo-keto reductase family 1 member B1,Rattus norvegicus,P07943,1,0,0,1
CHEMBL469,DB00465,Ketorolac,CHEMBL3072,Androgen receptor,Rattus norvegicus,P15207,1,0,0,1
CHEMBL469,DB00465,Ketorolac,CHEMBL330,"Glutamate receptor ionotropic, NMDA 1",Rattus norvegicus,P35439,1,0,0,1
CHEMBL469,DB00465,Ketorolac,CHEMBL343,Gamma-aminobutyric acid receptor subunit alpha-1,Rattus norvegicus,P62813,2,0,0,2
CHEMBL469,DB00465,Ketorolac,CHEMBL3762,Voltage-dependent L-type calcium channel subunit alpha-1C,Rattus norvegicus,P22002,1,0,0,1
CHEMBL469,DB00465,Ketorolac,CHEMBL4042,Prostaglandin G/H synthase 1,Rattus norvegicus,Q63921,1,0,0,1
CHEMBL469,DB00465,Ketorolac,CHEMBL4334,Prostaglandin-H2 D-isomerase,Mus musculus,O09114,1,0,0,1
CHEMBL469,DB00465,Ketorolac,CHEMBL5567,Luciferin 4-monooxygenase,Photinus pyralis,P08659,1,0,0,1
CHEMBL469,DB00465,Ketorolac,CHEMBL5738,"Fatty acid-binding protein, liver",Rattus norvegicus,P02692,2,0,0,2
CHEMBL469,DB00465,Ketorolac,CHEMBL6035,"Thioredoxin reductase 1, cytoplasmic",Rattus norvegicus,O89049,2,0,0,2
CHEMBL479,DB00679,Thioridazine,CHEMBL1697658,Pleiotropic ABC efflux transporter of multiple drugs,Saccharomyces cerevisiae S288c,P33302,1,0,0,1
CHEMBL479,DB00679,Thioridazine,CHEMBL2007624,Peripheral myelin protein 22,Rattus norvegicus,P25094,1,0,0,1
CHEMBL479,DB00679,Thioridazine,CHEMBL2366456,Voltage-dependent L-type calcium channel subunit alpha-1C,Cavia porcellus,O35505,2,0,0,2
CHEMBL479,DB00679,Thioridazine,CHEMBL265,D(1A) dopamine receptor,Rattus norvegicus,P18901,3,0,0,3
CHEMBL479,DB00679,Thioridazine,CHEMBL273,5-hydroxytryptamine receptor 1A,Rattus norvegicus,P19327,2,0,0,2
CHEMBL479,DB00679,Thioridazine,CHEMBL296,Gamma-aminobutyric acid receptor subunit gamma-1,Rattus norvegicus,P23574,1,0,0,1
CHEMBL479,DB00679,Thioridazine,CHEMBL3072,Androgen receptor,Rattus norvegicus,P15207,1,0,0,1
CHEMBL479,DB00679,Thioridazine,CHEMBL315,Alpha-1B adrenergic receptor,Rattus norvegicus,P15823,2,0,0,2
CHEMBL479,DB00679,Thioridazine,CHEMBL318,Adenosine receptor A1,Rattus norvegicus,P25099,1,0,0,1
CHEMBL479,DB00679,Thioridazine,CHEMBL319,Alpha-1A adrenergic receptor,Rattus norvegicus,P43140,2,0,0,2
CHEMBL479,DB00679,Thioridazine,CHEMBL3252,Beta-1 adrenergic receptor,Rattus norvegicus,P18090,1,0,0,1
CHEMBL479,DB00679,Thioridazine,CHEMBL330,"Glutamate receptor ionotropic, NMDA 1",Rattus norvegicus,P35439,1,0,0,1
CHEMBL479,DB00679,Thioridazine,CHEMBL339,D(2) dopamine receptor,Rattus norvegicus,P61169,4,0,0,4
CHEMBL479,DB00679,Thioridazine,CHEMBL343,Gamma-aminobutyric acid receptor subunit alpha-1,Rattus norvegicus,P62813,2,0,0,2
CHEMBL479,DB00679,Thioridazine,CHEMBL3602,Sigma non-opioid intracellular receptor 1,Rattus norvegicus,Q9R0C9,1,0,0,1
CHEMBL479,DB00679,Thioridazine,CHEMBL3754,Beta-2 adrenergic receptor,Rattus norvegicus,P10608,1,0,0,1
CHEMBL479,DB00679,Thioridazine,CHEMBL3762,Voltage-dependent L-type calcium channel subunit alpha-1C,Rattus norvegicus,P22002,1,0,0,1
CHEMBL479,DB00679,Thioridazine,CHEMBL4042,Prostaglandin G/H synthase 1,Rattus norvegicus,Q63921,1,0,0,1
CHEMBL479,DB00679,Thioridazine,CHEMBL4701,Histamine H1 receptor,Rattus norvegicus,P31390,1,0,0,1
CHEMBL479,DB00679,Thioridazine,CHEMBL4817,Albumin,Rattus norvegicus,P02770,1,0,0,1
CHEMBL479,DB00679,Thioridazine,CHEMBL5107,Voltage-dependent N-type calcium channel subunit alpha-1B,Rattus norvegicus,Q02294,1,0,0,1
CHEMBL479,DB00679,Thioridazine,CHEMBL5114,Quinolone resistance protein NorA,Staphylococcus aureus,P0A0J7,1,0,0,1
CHEMBL479,DB00679,Thioridazine,CHEMBL5567,Luciferin 4-monooxygenase,Photinus pyralis,P08659,1,0,0,1
CHEMBL479,DB00679,Thioridazine,CHEMBL5686,ATP-dependent 6-phosphofructokinase,Trypanosoma brucei,O15648,1,0,0,1
CHEMBL480,DB00448,Lansoprazole,CHEMBL1075294,"Indoleamine 2,3-dioxygenase 1",Mus musculus,P28776,1,0,0,1
CHEMBL480,DB00448,Lansoprazole,CHEMBL1075307,"Tryptophan 2,3-dioxygenase",Mus musculus,P48776,1,0,0,1
CHEMBL480,DB00448,Lansoprazole,CHEMBL1293231,Nuclear receptor ROR-gamma,Mus musculus,P51450,3,0,0,3
CHEMBL480,DB00448,Lansoprazole,CHEMBL1293234,Fructose-bisphosphate aldolase,Giardia intestinalis,A8B2U2,4,0,0,4
CHEMBL480,DB00448,Lansoprazole,CHEMBL1293248,4'-phosphopantetheinyl transferase ffp,Bacillus subtilis,Q9F4F7,6,0,0,6
CHEMBL480,DB00448,Lansoprazole,CHEMBL2007624,Peripheral myelin protein 22,Rattus norvegicus,P25094,1,0,0,1
CHEMBL480,DB00448,Lansoprazole,CHEMBL2026,Beta-lactamase,Escherichia coli K-12,P00811,2,0,0,2
CHEMBL480,DB00448,Lansoprazole,CHEMBL2189159,"Indoleamine 2,3-dioxygenase 2",Mus musculus,Q8R0V5,1,0,0,1
CHEMBL480,DB00448,Lansoprazole,CHEMBL276,Muscarinic acetylcholine receptor M1,Rattus norvegicus,P08482,1,0,0,1
CHEMBL480,DB00448,Lansoprazole,CHEMBL3072,Androgen receptor,Rattus norvegicus,P15207,1,0,0,1
CHEMBL480,DB00448,Lansoprazole,CHEMBL330,"Glutamate receptor ionotropic, NMDA 1",Rattus norvegicus,P35439,1,0,0,1
CHEMBL480,DB00448,Lansoprazole,CHEMBL343,Gamma-aminobutyric acid receptor subunit alpha-1,Rattus norvegicus,P62813,2,0,0,2
CHEMBL480,DB00448,Lansoprazole,CHEMBL3762,Voltage-dependent L-type calcium channel subunit alpha-1C,Rattus norvegicus,P22002,1,0,0,1
CHEMBL480,DB00448,Lansoprazole,CHEMBL4042,Prostaglandin G/H synthase 1,Rattus norvegicus,Q63921,1,0,0,1
CHEMBL480,DB00448,Lansoprazole,CHEMBL4295557,Replicase polyprotein 1ab,Middle East respiratory syndrome-related coronavirus (isolate UnitedKingdom/H123990006/2012) (Betacoronavirus England 1) (Humancoronavirus EMC),K9N7C7,2,0,0,2
CHEMBL480,DB00448,Lansoprazole,CHEMBL4523582,Replicase polyprotein 1ab,Severe acute respiratory syndrome coronavirus 2,P0DTD1,5,0,0,5
CHEMBL480,DB00448,Lansoprazole,CHEMBL5107,Voltage-dependent N-type calcium channel subunit alpha-1B,Rattus norvegicus,Q02294,1,0,0,1
CHEMBL480,DB00448,Lansoprazole,CHEMBL5305023,Aminopeptidase,Trypanosoma cruzi Dm28c,V5BWE3,1,0,0,1
CHEMBL480,DB00448,Lansoprazole,CHEMBL5567,Luciferin 4-monooxygenase,Photinus pyralis,P08659,1,0,0,1
CHEMBL480,DB00448,Lansoprazole,CHEMBL5686,ATP-dependent 6-phosphofructokinase,Trypanosoma brucei,O15648,1,0,0,1
CHEMBL480,DB00448,Lansoprazole,CHEMBL6035,"Thioredoxin reductase 1, cytoplasmic",Rattus norvegicus,O89049,1,0,0,1
CHEMBL485,DB00318,Codeine,CHEMBL2475,Cytochrome P450 2D1,Rattus norvegicus,P10633,1,0,1,0
CHEMBL485,DB00318,Codeine,CHEMBL2483,Cytochrome P450 2D26,Rattus norvegicus,P10634,1,0,1,0
CHEMBL485,DB00318,Codeine,CHEMBL3057,Cytochrome P450 2D3,Rattus norvegicus,P12938,1,0,1,0
CHEMBL485,DB00318,Codeine,CHEMBL3072,Androgen receptor,Rattus norvegicus,P15207,1,0,0,1
CHEMBL485,DB00318,Codeine,CHEMBL330,"Glutamate receptor ionotropic, NMDA 1",Rattus norvegicus,P35439,1,0,0,1
CHEMBL485,DB00318,Codeine,CHEMBL343,Gamma-aminobutyric acid receptor subunit alpha-1,Rattus norvegicus,P62813,2,0,0,2
CHEMBL485,DB00318,Codeine,CHEMBL3762,Voltage-dependent L-type calcium channel subunit alpha-1C,Rattus norvegicus,P22002,1,0,0,1
CHEMBL485,DB00318,Codeine,CHEMBL4042,Prostaglandin G/H synthase 1,Rattus norvegicus,Q63921,1,0,0,1
CHEMBL485,DB00318,Codeine,CHEMBL4982,Cytochrome P450 2D4,Rattus norvegicus,Q64680,1,0,1,0
CHEMBL485,DB00318,Codeine,CHEMBL5107,Voltage-dependent N-type calcium channel subunit alpha-1B,Rattus norvegicus,Q02294,1,0,0,1
CHEMBL49,DB00490,Buspirone,CHEMBL2073674,Bile salt export pump,Rattus norvegicus,O70127,1,0,0,1
CHEMBL49,DB00490,Buspirone,CHEMBL273,5-hydroxytryptamine receptor 1A,Rattus norvegicus,P19327,43,0,0,43
CHEMBL49,DB00490,Buspirone,CHEMBL276,Muscarinic acetylcholine receptor M1,Rattus norvegicus,P08482,2,0,0,2
CHEMBL49,DB00490,Buspirone,CHEMBL2967,D(1A) dopamine receptor,Bos taurus,Q95136,3,0,0,3
CHEMBL49,DB00490,Buspirone,CHEMBL3071,D(1A) dopamine receptor,Mus musculus,Q61616,1,0,0,1
CHEMBL49,DB00490,Buspirone,CHEMBL3072,Androgen receptor,Rattus norvegicus,P15207,1,0,0,1
CHEMBL49,DB00490,Buspirone,CHEMBL313,Sodium-dependent serotonin transporter,Rattus norvegicus,P31652,1,0,0,1
CHEMBL49,DB00490,Buspirone,CHEMBL319,Alpha-1A adrenergic receptor,Rattus norvegicus,P43140,2,0,0,2
CHEMBL49,DB00490,Buspirone,CHEMBL322,5-hydroxytryptamine receptor 2A,Rattus norvegicus,P14842,3,0,0,3
CHEMBL49,DB00490,Buspirone,CHEMBL324,5-hydroxytryptamine receptor 2C,Rattus norvegicus,P08909,1,0,0,1
CHEMBL49,DB00490,Buspirone,CHEMBL330,"Glutamate receptor ionotropic, NMDA 1",Rattus norvegicus,P35439,1,0,0,1
CHEMBL49,DB00490,Buspirone,CHEMBL339,D(2) dopamine receptor,Rattus norvegicus,P61169,15,0,0,15
CHEMBL49,DB00490,Buspirone,CHEMBL343,Gamma-aminobutyric acid receptor subunit alpha-1,Rattus norvegicus,P62813,2,0,0,2
CHEMBL49,DB00490,Buspirone,CHEMBL3446,5-hydroxytryptamine receptor 2A,Bos taurus,Q75Z89,2,0,0,2
CHEMBL49,DB00490,Buspirone,CHEMBL3459,5-hydroxytryptamine receptor 1B,Rattus norvegicus,P28564,3,0,0,3
CHEMBL49,DB00490,Buspirone,CHEMBL3602,Sigma non-opioid intracellular receptor 1,Rattus norvegicus,Q9R0C9,1,0,0,1
CHEMBL49,DB00490,Buspirone,CHEMBL3762,Voltage-dependent L-type calcium channel subunit alpha-1C,Rattus norvegicus,P22002,1,0,0,1
CHEMBL49,DB00490,Buspirone,CHEMBL3998,D(2) dopamine receptor,Bos taurus,P20288,3,0,0,3
CHEMBL49,DB00490,Buspirone,CHEMBL4042,Prostaglandin G/H synthase 1,Rattus norvegicus,Q63921,1,0,0,1
CHEMBL49,DB00490,Buspirone,CHEMBL4744,Alpha-2A adrenergic receptor,Bos taurus,Q28838,1,0,0,1
CHEMBL49,DB00490,Buspirone,CHEMBL4892,Alpha-1A adrenergic receptor,Bos taurus,P18130,1,0,0,1
CHEMBL49,DB00490,Buspirone,CHEMBL5686,ATP-dependent 6-phosphofructokinase,Trypanosoma brucei,O15648,1,0,0,1
CHEMBL490,DB00715,Paroxetine,CHEMBL2370,Sodium-dependent noradrenaline transporter,Mus musculus,O55192,1,0,0,1
CHEMBL490,DB00715,Paroxetine,CHEMBL273,5-hydroxytryptamine receptor 1A,Rattus norvegicus,P19327,1,0,0,1
CHEMBL490,DB00715,Paroxetine,CHEMBL2799,Sodium-dependent dopamine transporter,Mus musculus,Q61327,1,0,0,1
CHEMBL490,DB00715,Paroxetine,CHEMBL2818,P2X purinoceptor 4,Rattus norvegicus,P51577,2,0,0,2
CHEMBL490,DB00715,Paroxetine,CHEMBL304,Norepinephrine transporter,Rattus norvegicus,Q9WTR4,3,0,0,3
CHEMBL490,DB00715,Paroxetine,CHEMBL3072,Androgen receptor,Rattus norvegicus,P15207,1,0,0,1
CHEMBL490,DB00715,Paroxetine,CHEMBL313,Sodium-dependent serotonin transporter,Rattus norvegicus,P31652,8,0,0,8
CHEMBL490,DB00715,Paroxetine,CHEMBL322,5-hydroxytryptamine receptor 2A,Rattus norvegicus,P14842,1,0,0,1
CHEMBL490,DB00715,Paroxetine,CHEMBL330,"Glutamate receptor ionotropic, NMDA 1",Rattus norvegicus,P35439,1,0,0,1
CHEMBL490,DB00715,Paroxetine,CHEMBL338,Sodium-dependent dopamine transporter,Rattus norvegicus,P23977,4,0,0,4
CHEMBL490,DB00715,Paroxetine,CHEMBL343,Gamma-aminobutyric acid receptor subunit alpha-1,Rattus norvegicus,P62813,2,0,0,2
CHEMBL490,DB00715,Paroxetine,CHEMBL3711550,Beta-adrenergic receptor kinase 1,Bos taurus,P21146,2,0,0,2
CHEMBL490,DB00715,Paroxetine,CHEMBL3762,Voltage-dependent L-type calcium channel subunit alpha-1C,Rattus norvegicus,P22002,1,0,0,1
CHEMBL490,DB00715,Paroxetine,CHEMBL3879830,G protein-coupled receptor kinase 5,Bos taurus,P43249,1,0,0,1
CHEMBL490,DB00715,Paroxetine,CHEMBL3879860,Rhodopsin kinase GRK1,Bos taurus,P28327,1,0,0,1
CHEMBL490,DB00715,Paroxetine,CHEMBL4042,Prostaglandin G/H synthase 1,Rattus norvegicus,Q63921,1,0,0,1
CHEMBL490,DB00715,Paroxetine,CHEMBL4105829,Envelope glycoprotein,Zaire ebolavirus (strain Mayinga-76) (ZEBOV) (Zaire Ebola virus),Q05320,1,0,0,1
CHEMBL490,DB00715,Paroxetine,CHEMBL4523582,Replicase polyprotein 1ab,Severe acute respiratory syndrome coronavirus 2,P0DTD1,1,0,0,1
CHEMBL490,DB00715,Paroxetine,CHEMBL4642,Sodium-dependent serotonin transporter,Mus musculus,Q60857,1,0,0,1
CHEMBL490,DB00715,Paroxetine,CHEMBL4828,Synaptic vesicular amine transporter,Rattus norvegicus,Q01827,1,0,0,1
CHEMBL490,DB00715,Paroxetine,CHEMBL5107,Voltage-dependent N-type calcium channel subunit alpha-1B,Rattus norvegicus,Q02294,1,0,0,1
CHEMBL490,DB00715,Paroxetine,CHEMBL5114,Quinolone resistance protein NorA,Staphylococcus aureus,P0A0J7,6,0,0,6
CHEMBL490,DB00715,Paroxetine,CHEMBL5686,ATP-dependent 6-phosphofructokinase,Trypanosoma brucei,O15648,1,0,0,1
CHEMBL492,DB08987,Etidocaine,CHEMBL3072,Androgen receptor,Rattus norvegicus,P15207,2,0,0,2
CHEMBL492,DB08987,Etidocaine,CHEMBL330,"Glutamate receptor ionotropic, NMDA 1",Rattus norvegicus,P35439,1,0,0,1
CHEMBL492,DB08987,Etidocaine,CHEMBL343,Gamma-aminobutyric acid receptor subunit alpha-1,Rattus norvegicus,P62813,2,0,0,2
CHEMBL492,DB08987,Etidocaine,CHEMBL3762,Voltage-dependent L-type calcium channel subunit alpha-1C,Rattus norvegicus,P22002,1,0,0,1
CHEMBL492,DB08987,Etidocaine,CHEMBL4042,Prostaglandin G/H synthase 1,Rattus norvegicus,Q63921,1,0,0,1
CHEMBL493,DB01200,Bromocriptine,CHEMBL1163116,Cholesteryl ester transfer protein,Oryctolagus cuniculus,P22687,1,0,0,1
CHEMBL493,DB01200,Bromocriptine,CHEMBL1293231,Nuclear receptor ROR-gamma,Mus musculus,P51450,2,0,0,2
CHEMBL493,DB01200,Bromocriptine,CHEMBL1293248,4'-phosphopantetheinyl transferase ffp,Bacillus subtilis,Q9F4F7,1,0,0,1
CHEMBL493,DB01200,Bromocriptine,CHEMBL2007624,Peripheral myelin protein 22,Rattus norvegicus,P25094,1,0,0,1
CHEMBL493,DB01200,Bromocriptine,CHEMBL2189159,"Indoleamine 2,3-dioxygenase 2",Mus musculus,Q8R0V5,1,0,0,1
CHEMBL493,DB01200,Bromocriptine,CHEMBL2573,ATP-dependent translocase ABCB1,Mus musculus,P21447,1,0,0,1
CHEMBL493,DB01200,Bromocriptine,CHEMBL273,5-hydroxytryptamine receptor 1A,Rattus norvegicus,P19327,2,0,0,2
CHEMBL493,DB01200,Bromocriptine,CHEMBL3072,Androgen receptor,Rattus norvegicus,P15207,4,0,0,4
CHEMBL493,DB01200,Bromocriptine,CHEMBL315,Alpha-1B adrenergic receptor,Rattus norvegicus,P15823,2,0,0,2
CHEMBL493,DB01200,Bromocriptine,CHEMBL319,Alpha-1A adrenergic receptor,Rattus norvegicus,P43140,2,0,0,2
CHEMBL493,DB01200,Bromocriptine,CHEMBL330,"Glutamate receptor ionotropic, NMDA 1",Rattus norvegicus,P35439,1,0,0,1
CHEMBL493,DB01200,Bromocriptine,CHEMBL339,D(2) dopamine receptor,Rattus norvegicus,P61169,4,0,0,4
CHEMBL493,DB01200,Bromocriptine,CHEMBL343,Gamma-aminobutyric acid receptor subunit alpha-1,Rattus norvegicus,P62813,3,0,0,3
CHEMBL493,DB01200,Bromocriptine,CHEMBL3459,5-hydroxytryptamine receptor 1B,Rattus norvegicus,P28564,2,0,0,2
CHEMBL493,DB01200,Bromocriptine,CHEMBL3467,ATP-dependent translocase ABCB1,Mus musculus,P06795,1,0,0,1
CHEMBL493,DB01200,Bromocriptine,CHEMBL3762,Voltage-dependent L-type calcium channel subunit alpha-1C,Rattus norvegicus,P22002,1,0,0,1
CHEMBL493,DB01200,Bromocriptine,CHEMBL4042,Prostaglandin G/H synthase 1,Rattus norvegicus,Q63921,1,0,0,1
CHEMBL493,DB01200,Bromocriptine,CHEMBL4523582,Replicase polyprotein 1ab,Severe acute respiratory syndrome coronavirus 2,P0DTD1,1,0,0,1
CHEMBL493,DB01200,Bromocriptine,CHEMBL4523954,Nonstructural protein 3,Zika virus,A0A024AXB9,4,0,0,4
CHEMBL493,DB01200,Bromocriptine,CHEMBL5107,Voltage-dependent N-type calcium channel subunit alpha-1B,Rattus norvegicus,Q02294,1,0,0,1
CHEMBL493,DB01200,Bromocriptine,CHEMBL5686,ATP-dependent 6-phosphofructokinase,Trypanosoma brucei,O15648,1,0,0,1
CHEMBL493,DB01200,Bromocriptine,CHEMBL6035,"Thioredoxin reductase 1, cytoplasmic",Rattus norvegicus,O89049,1,0,0,1
CHEMBL493982,DB09030,Vorapaxar,CHEMBL4523582,Replicase polyprotein 1ab,Severe acute respiratory syndrome coronavirus 2,P0DTD1,2,0,0,2
CHEMBL493982,DB09030,Vorapaxar,CHEMBL4828,Synaptic vesicular amine transporter,Rattus norvegicus,Q01827,1,0,0,1
CHEMBL499,DB00373,Timolol,CHEMBL273,5-hydroxytryptamine receptor 1A,Rattus norvegicus,P19327,3,0,0,3
CHEMBL499,DB00373,Timolol,CHEMBL276,Muscarinic acetylcholine receptor M1,Rattus norvegicus,P08482,1,0,1,0
CHEMBL499,DB00373,Timolol,CHEMBL3072,Androgen receptor,Rattus norvegicus,P15207,2,0,0,2
CHEMBL499,DB00373,Timolol,CHEMBL3252,Beta-1 adrenergic receptor,Rattus norvegicus,P18090,5,0,5,0
CHEMBL499,DB00373,Timolol,CHEMBL330,"Glutamate receptor ionotropic, NMDA 1",Rattus norvegicus,P35439,1,0,0,1
CHEMBL499,DB00373,Timolol,CHEMBL343,Gamma-aminobutyric acid receptor subunit alpha-1,Rattus norvegicus,P62813,2,0,0,2
CHEMBL499,DB00373,Timolol,CHEMBL3762,Voltage-dependent L-type calcium channel subunit alpha-1C,Rattus norvegicus,P22002,1,0,0,1
CHEMBL499,DB00373,Timolol,CHEMBL4042,Prostaglandin G/H synthase 1,Rattus norvegicus,Q63921,1,0,0,1
CHEMBL499,DB00373,Timolol,CHEMBL4523582,Replicase polyprotein 1ab,Severe acute respiratory syndrome coronavirus 2,P0DTD1,1,0,1,0
CHEMBL499,DB00373,Timolol,CHEMBL5414,Beta-2 adrenergic receptor,Cavia porcellus,Q8K4Z4,3,0,3,0
CHEMBL499,DB00373,Timolol,CHEMBL5471,Beta-1 adrenergic receptor,Cavia porcellus,B0FL73,3,0,3,0
CHEMBL499,DB00373,Timolol,CHEMBL5686,ATP-dependent 6-phosphofructokinase,Trypanosoma brucei,O15648,1,0,1,0
CHEMBL499,DB00373,Timolol,CHEMBL6035,"Thioredoxin reductase 1, cytoplasmic",Rattus norvegicus,O89049,1,0,0,1
CHEMBL5,DB00779,Nalidixic acid,CHEMBL1293231,Nuclear receptor ROR-gamma,Mus musculus,P51450,1,0,0,1
CHEMBL5,DB00779,Nalidixic acid,CHEMBL1293303,Nonstructural protein 1,Influenza A virus,Q194T2,1,0,0,1
CHEMBL5,DB00779,Nalidixic acid,CHEMBL1777665,Solute carrier family 22 member 6,Rattus norvegicus,O35956,1,0,0,1
CHEMBL5,DB00779,Nalidixic acid,CHEMBL4078,Acetylcholinesterase,Electrophorus electricus,O42275,1,0,0,1
CHEMBL5,DB00779,Nalidixic acid,CHEMBL4523582,Replicase polyprotein 1ab,Severe acute respiratory syndrome coronavirus 2,P0DTD1,2,0,0,2
CHEMBL5,DB00779,Nalidixic acid,CHEMBL5763,Cholinesterase,Equus caballus,P81908,1,0,0,1
CHEMBL500,DB00960,Pindolol,CHEMBL1293285,Endonuclease 4,Escherichia coli K-12,P0A6C1,1,0,0,1
CHEMBL500,DB00960,Pindolol,CHEMBL1293303,Nonstructural protein 1,Influenza A virus,Q194T2,1,0,0,1
CHEMBL500,DB00960,Pindolol,CHEMBL273,5-hydroxytryptamine receptor 1A,Rattus norvegicus,P19327,4,0,0,4
CHEMBL500,DB00960,Pindolol,CHEMBL276,Muscarinic acetylcholine receptor M1,Rattus norvegicus,P08482,1,0,0,1
CHEMBL500,DB00960,Pindolol,CHEMBL3072,Androgen receptor,Rattus norvegicus,P15207,1,0,0,1
CHEMBL500,DB00960,Pindolol,CHEMBL313,Sodium-dependent serotonin transporter,Rattus norvegicus,P31652,1,0,0,1
CHEMBL500,DB00960,Pindolol,CHEMBL330,"Glutamate receptor ionotropic, NMDA 1",Rattus norvegicus,P35439,1,0,0,1
CHEMBL500,DB00960,Pindolol,CHEMBL343,Gamma-aminobutyric acid receptor subunit alpha-1,Rattus norvegicus,P62813,2,0,0,2
CHEMBL500,DB00960,Pindolol,CHEMBL3459,5-hydroxytryptamine receptor 1B,Rattus norvegicus,P28564,1,0,0,1
CHEMBL500,DB00960,Pindolol,CHEMBL3762,Voltage-dependent L-type calcium channel subunit alpha-1C,Rattus norvegicus,P22002,1,0,0,1
CHEMBL500,DB00960,Pindolol,CHEMBL4042,Prostaglandin G/H synthase 1,Rattus norvegicus,Q63921,1,0,0,1
CHEMBL500,DB00960,Pindolol,CHEMBL4523582,Replicase polyprotein 1ab,Severe acute respiratory syndrome coronavirus 2,P0DTD1,1,0,0,1
CHEMBL500,DB00960,Pindolol,CHEMBL5686,ATP-dependent 6-phosphofructokinase,Trypanosoma brucei,O15648,1,0,0,1
CHEMBL500,DB00960,Pindolol,CHEMBL6035,"Thioredoxin reductase 1, cytoplasmic",Rattus norvegicus,O89049,2,0,0,2
CHEMBL502,DB00843,Donepezil,CHEMBL2007624,Peripheral myelin protein 22,Rattus norvegicus,P25094,1,0,0,1
CHEMBL502,DB00843,Donepezil,CHEMBL2073674,Bile salt export pump,Rattus norvegicus,O70127,1,0,0,1
CHEMBL502,DB00843,Donepezil,CHEMBL2528,Cholinesterase,Mus musculus,Q03311,3,0,0,3
CHEMBL502,DB00843,Donepezil,CHEMBL2993,Amine oxidase [flavin-containing] B,Rattus norvegicus,P19643,4,0,0,4
CHEMBL502,DB00843,Donepezil,CHEMBL3072,Androgen receptor,Rattus norvegicus,P15207,1,0,0,1
CHEMBL502,DB00843,Donepezil,CHEMBL3198,Acetylcholinesterase,Mus musculus,P21836,22,0,0,22
CHEMBL502,DB00843,Donepezil,CHEMBL3199,Acetylcholinesterase,Rattus norvegicus,P37136,35,0,0,35
CHEMBL502,DB00843,Donepezil,CHEMBL3254,Amine oxidase [flavin-containing] A,Bos taurus,P21398,1,0,0,1
CHEMBL502,DB00843,Donepezil,CHEMBL330,"Glutamate receptor ionotropic, NMDA 1",Rattus norvegicus,P35439,1,0,0,1
CHEMBL502,DB00843,Donepezil,CHEMBL3358,Amine oxidase [flavin-containing] A,Rattus norvegicus,P21396,4,0,0,4
CHEMBL502,DB00843,Donepezil,CHEMBL3403,Butyrylcholinesterase,Rattus norvegicus,Q9JKC1,22,0,0,22
CHEMBL502,DB00843,Donepezil,CHEMBL343,Gamma-aminobutyric acid receptor subunit alpha-1,Rattus norvegicus,P62813,2,0,0,2
CHEMBL502,DB00843,Donepezil,CHEMBL3762,Voltage-dependent L-type calcium channel subunit alpha-1C,Rattus norvegicus,P22002,1,0,0,1
CHEMBL502,DB00843,Donepezil,CHEMBL3945,Choline O-acetyltransferase,Rattus norvegicus,P32738,2,0,0,2
CHEMBL502,DB00843,Donepezil,CHEMBL4042,Prostaglandin G/H synthase 1,Rattus norvegicus,Q63921,1,0,0,1
CHEMBL502,DB00843,Donepezil,CHEMBL4078,Acetylcholinesterase,Electrophorus electricus,O42275,216,0,0,216
CHEMBL502,DB00843,Donepezil,CHEMBL4153,Sigma non-opioid intracellular receptor 1,Cavia porcellus,Q60492,2,0,0,2
CHEMBL502,DB00843,Donepezil,CHEMBL4523582,Replicase polyprotein 1ab,Severe acute respiratory syndrome coronavirus 2,P0DTD1,1,0,0,1
CHEMBL502,DB00843,Donepezil,CHEMBL4768,Acetylcholinesterase,Bos taurus,P23795,6,0,0,6
CHEMBL502,DB00843,Donepezil,CHEMBL4780,Acetylcholinesterase,Torpedo californica,P04058,4,0,0,4
CHEMBL502,DB00843,Donepezil,CHEMBL5077,Butyrylcholinesterase,Equus caballus,Q9N1N9,7,0,0,7
CHEMBL502,DB00843,Donepezil,CHEMBL5107,Voltage-dependent N-type calcium channel subunit alpha-1B,Rattus norvegicus,Q02294,1,0,0,1
CHEMBL502,DB00843,Donepezil,CHEMBL5763,Cholinesterase,Equus caballus,P81908,156,0,0,156
CHEMBL505,DB01114,Chlorpheniramine,CHEMBL1770032,Solute carrier family 22 member 2,Rattus norvegicus,Q9R0W2,1,0,0,1
CHEMBL505,DB01114,Chlorpheniramine,CHEMBL1795182,Chloroquine resistance transporter,Plasmodium falciparum,Q9N623,1,0,0,1
CHEMBL505,DB01114,Chlorpheniramine,CHEMBL2073670,Solute carrier family 22 member 1,Rattus norvegicus,Q63089,1,0,0,1
CHEMBL505,DB01114,Chlorpheniramine,CHEMBL3072,Androgen receptor,Rattus norvegicus,P15207,1,0,0,1
CHEMBL505,DB01114,Chlorpheniramine,CHEMBL330,"Glutamate receptor ionotropic, NMDA 1",Rattus norvegicus,P35439,1,0,0,1
CHEMBL505,DB01114,Chlorpheniramine,CHEMBL343,Gamma-aminobutyric acid receptor subunit alpha-1,Rattus norvegicus,P62813,2,0,0,2
CHEMBL505,DB01114,Chlorpheniramine,CHEMBL3762,Voltage-dependent L-type calcium channel subunit alpha-1C,Rattus norvegicus,P22002,1,0,0,1
CHEMBL505,DB01114,Chlorpheniramine,CHEMBL3943,Histamine H1 receptor,Cavia porcellus,P31389,2,0,0,2
CHEMBL505,DB01114,Chlorpheniramine,CHEMBL4042,Prostaglandin G/H synthase 1,Rattus norvegicus,Q63921,1,0,0,1
CHEMBL505,DB01114,Chlorpheniramine,CHEMBL4523582,Replicase polyprotein 1ab,Severe acute respiratory syndrome coronavirus 2,P0DTD1,1,0,0,1
CHEMBL505,DB01114,Chlorpheniramine,CHEMBL4701,Histamine H1 receptor,Rattus norvegicus,P31390,3,0,0,3
CHEMBL505,DB01114,Chlorpheniramine,CHEMBL5107,Voltage-dependent N-type calcium channel subunit alpha-1B,Rattus norvegicus,Q02294,1,0,0,1
CHEMBL505,DB01114,Chlorpheniramine,CHEMBL5686,ATP-dependent 6-phosphofructokinase,Trypanosoma brucei,O15648,1,0,0,1
CHEMBL511,DB06691,Mepyramine,CHEMBL2073665,Organic cation/carnitine transporter 2,Mus musculus,Q9Z0E8,1,0,0,1
CHEMBL511,DB06691,Mepyramine,CHEMBL276,Muscarinic acetylcholine receptor M1,Rattus norvegicus,P08482,2,0,0,2
CHEMBL511,DB06691,Mepyramine,CHEMBL343,Gamma-aminobutyric acid receptor subunit alpha-1,Rattus norvegicus,P62813,1,0,0,1
CHEMBL511,DB06691,Mepyramine,CHEMBL3943,Histamine H1 receptor,Cavia porcellus,P31389,12,0,0,12
CHEMBL511,DB06691,Mepyramine,CHEMBL4701,Histamine H1 receptor,Rattus norvegicus,P31390,1,0,0,1
CHEMBL511,DB06691,Mepyramine,CHEMBL6035,"Thioredoxin reductase 1, cytoplasmic",Rattus norvegicus,O89049,2,0,0,2
CHEMBL513,DB00262,Carmustine,CHEMBL1293231,Nuclear receptor ROR-gamma,Mus musculus,P51450,1,0,1,0
CHEMBL513,DB00262,Carmustine,CHEMBL1293285,Endonuclease 4,Escherichia coli K-12,P0A6C1,1,0,1,0
CHEMBL513,DB00262,Carmustine,CHEMBL2073674,Bile salt export pump,Rattus norvegicus,O70127,1,0,1,0
CHEMBL513,DB00262,Carmustine,CHEMBL2366473,Probable glutathione reductase 2,Caenorhabditis elegans,P30635,1,0,1,0
CHEMBL513,DB00262,Carmustine,CHEMBL276,Muscarinic acetylcholine receptor M1,Rattus norvegicus,P08482,1,0,1,0
CHEMBL513,DB00262,Carmustine,CHEMBL343,Gamma-aminobutyric acid receptor subunit alpha-1,Rattus norvegicus,P62813,1,0,0,1
CHEMBL513,DB00262,Carmustine,CHEMBL4119,Glutathione reductase,Saccharomyces cerevisiae S288c,P41921,1,0,1,0
CHEMBL513,DB00262,Carmustine,CHEMBL5686,ATP-dependent 6-phosphofructokinase,Trypanosoma brucei,O15648,1,0,1,0
CHEMBL515,DB00291,Chlorambucil,CHEMBL2007624,Peripheral myelin protein 22,Rattus norvegicus,P25094,1,0,0,1
CHEMBL515,DB00291,Chlorambucil,CHEMBL2026,Beta-lactamase,Escherichia coli K-12,P00811,1,0,0,1
CHEMBL515,DB00291,Chlorambucil,CHEMBL2622,Aldo-keto reductase family 1 member B1,Rattus norvegicus,P07943,1,0,1,0
CHEMBL515,DB00291,Chlorambucil,CHEMBL276,Muscarinic acetylcholine receptor M1,Rattus norvegicus,P08482,2,0,2,0
CHEMBL515,DB00291,Chlorambucil,CHEMBL4523582,Replicase polyprotein 1ab,Severe acute respiratory syndrome coronavirus 2,P0DTD1,1,0,1,0
CHEMBL515,DB00291,Chlorambucil,CHEMBL5567,Luciferin 4-monooxygenase,Photinus pyralis,P08659,1,0,0,1
CHEMBL515,DB00291,Chlorambucil,CHEMBL5686,ATP-dependent 6-phosphofructokinase,Trypanosoma brucei,O15648,1,0,1,0
CHEMBL515,DB00291,Chlorambucil,CHEMBL6035,"Thioredoxin reductase 1, cytoplasmic",Rattus norvegicus,O89049,5,0,1,4
CHEMBL515,DB00291,Chlorambucil,CHEMBL6110,Thioredoxin glutathione reductase,Schistosoma mansoni,Q962Y6,1,0,1,0
CHEMBL521,DB01050,Ibuprofen,CHEMBL1075220,Dehydrogenase/reductase SDR family member 9,Rattus norvegicus,Q8VD48,2,0,0,2
CHEMBL521,DB01050,Ibuprofen,CHEMBL1293303,Nonstructural protein 1,Influenza A virus,Q194T2,1,0,0,1
CHEMBL521,DB01050,Ibuprofen,CHEMBL1777665,Solute carrier family 22 member 6,Rattus norvegicus,O35956,1,0,0,1
CHEMBL521,DB01050,Ibuprofen,CHEMBL1781859,Solute carrier organic anion transporter family member 1A1,Rattus norvegicus,P46720,1,0,0,1
CHEMBL521,DB01050,Ibuprofen,CHEMBL1781860,Solute carrier organic anion transporter family member 1A4,Rattus norvegicus,O35913,1,0,0,1
CHEMBL521,DB01050,Ibuprofen,CHEMBL2073672,Organic anion transporter 3,Mus musculus,O88909,1,0,0,1
CHEMBL521,DB01050,Ibuprofen,CHEMBL2073674,Bile salt export pump,Rattus norvegicus,O70127,1,0,0,1
CHEMBL521,DB01050,Ibuprofen,CHEMBL2860,Prostaglandin G/H synthase 1,Bos taurus,O62664,5,0,0,5
CHEMBL521,DB01050,Ibuprofen,CHEMBL2949,Prostaglandin G/H synthase 1,Ovis aries,P05979,41,0,0,41
CHEMBL521,DB01050,Ibuprofen,CHEMBL2977,Prostaglandin G/H synthase 2,Rattus norvegicus,P35355,1,0,0,1
CHEMBL521,DB01050,Ibuprofen,CHEMBL3072,Androgen receptor,Rattus norvegicus,P15207,1,0,0,1
CHEMBL521,DB01050,Ibuprofen,CHEMBL312,Polyunsaturated fatty acid 5-lipoxygenase,Rattus norvegicus,P12527,2,0,0,2
CHEMBL521,DB01050,Ibuprofen,CHEMBL3199,Acetylcholinesterase,Rattus norvegicus,P37136,1,0,0,1
CHEMBL521,DB01050,Ibuprofen,CHEMBL3229,Fatty-acid amide hydrolase 1,Rattus norvegicus,P97612,6,0,0,6
CHEMBL521,DB01050,Ibuprofen,CHEMBL330,"Glutamate receptor ionotropic, NMDA 1",Rattus norvegicus,P35439,1,0,0,1
CHEMBL521,DB01050,Ibuprofen,CHEMBL3331,Prostaglandin G/H synthase 2,Bos taurus,O62698,1,0,0,1
CHEMBL521,DB01050,Ibuprofen,CHEMBL343,Gamma-aminobutyric acid receptor subunit alpha-1,Rattus norvegicus,P62813,2,0,0,2
CHEMBL521,DB01050,Ibuprofen,CHEMBL3464,"Nitric oxide synthase, inducible",Mus musculus,P29477,2,0,0,2
CHEMBL521,DB01050,Ibuprofen,CHEMBL3562170,Acid-sensing ion channel 1,Rattus norvegicus,P55926,10,0,0,10
CHEMBL521,DB01050,Ibuprofen,CHEMBL3728,Albumin,Bos taurus,P02769,1,0,0,1
CHEMBL521,DB01050,Ibuprofen,CHEMBL3762,Voltage-dependent L-type calcium channel subunit alpha-1C,Rattus norvegicus,P22002,1,0,0,1
CHEMBL521,DB01050,Ibuprofen,CHEMBL4042,Prostaglandin G/H synthase 1,Rattus norvegicus,Q63921,1,0,0,1
CHEMBL521,DB01050,Ibuprofen,CHEMBL4102,Prostaglandin G/H synthase 2,Ovis aries,P79208,14,0,0,14
CHEMBL521,DB01050,Ibuprofen,CHEMBL4321,Prostaglandin G/H synthase 2,Mus musculus,Q05769,3,0,0,3
CHEMBL521,DB01050,Ibuprofen,CHEMBL4334,Prostaglandin-H2 D-isomerase,Mus musculus,O09114,1,0,0,1
CHEMBL521,DB01050,Ibuprofen,CHEMBL4523582,Replicase polyprotein 1ab,Severe acute respiratory syndrome coronavirus 2,P0DTD1,3,0,0,3
CHEMBL521,DB01050,Ibuprofen,CHEMBL4586,Seed linoleate 13S-lipoxygenase-1,Glycine max,P08170,1,0,0,1
CHEMBL521,DB01050,Ibuprofen,CHEMBL4817,Albumin,Rattus norvegicus,P02770,1,0,0,1
CHEMBL521,DB01050,Ibuprofen,CHEMBL5107,Voltage-dependent N-type calcium channel subunit alpha-1B,Rattus norvegicus,Q02294,1,0,0,1
CHEMBL521,DB01050,Ibuprofen,CHEMBL5269,Solute carrier family 22 member 20,Mus musculus,Q80UJ1,2,0,0,2
CHEMBL521,DB01050,Ibuprofen,CHEMBL5567,Luciferin 4-monooxygenase,Photinus pyralis,P08659,1,0,0,1
CHEMBL521,DB01050,Ibuprofen,CHEMBL5653,Solute carrier family 22 member 6,Mus musculus,Q8VC69,2,0,0,2
CHEMBL521,DB01050,Ibuprofen,CHEMBL5738,"Fatty acid-binding protein, liver",Rattus norvegicus,P02692,2,0,0,2
CHEMBL521,DB01050,Ibuprofen,CHEMBL5757,Acid-sensing ion channel 3,Rattus norvegicus,O35240,1,0,0,1
CHEMBL521606,DB01203,Nadolol,CHEMBL3072,Androgen receptor,Rattus norvegicus,P15207,1,0,0,1
CHEMBL521606,DB01203,Nadolol,CHEMBL330,"Glutamate receptor ionotropic, NMDA 1",Rattus norvegicus,P35439,1,0,0,1
CHEMBL521606,DB01203,Nadolol,CHEMBL343,Gamma-aminobutyric acid receptor subunit alpha-1,Rattus norvegicus,P62813,2,0,0,2
CHEMBL521606,DB01203,Nadolol,CHEMBL3762,Voltage-dependent L-type calcium channel subunit alpha-1C,Rattus norvegicus,P22002,1,0,0,1
CHEMBL521606,DB01203,Nadolol,CHEMBL4042,Prostaglandin G/H synthase 1,Rattus norvegicus,Q63921,1,0,0,1
CHEMBL521606,DB01203,Nadolol,CHEMBL5738,"Fatty acid-binding protein, liver",Rattus norvegicus,P02692,1,0,0,1
CHEMBL52440,DB00514,Dextromethorphan,CHEMBL2475,Cytochrome P450 2D1,Rattus norvegicus,P10633,1,0,0,1
CHEMBL52440,DB00514,Dextromethorphan,CHEMBL2483,Cytochrome P450 2D26,Rattus norvegicus,P10634,1,0,0,1
CHEMBL52440,DB00514,Dextromethorphan,CHEMBL276,Muscarinic acetylcholine receptor M1,Rattus norvegicus,P08482,2,0,0,2
CHEMBL52440,DB00514,Dextromethorphan,CHEMBL3057,Cytochrome P450 2D3,Rattus norvegicus,P12938,1,0,0,1
CHEMBL52440,DB00514,Dextromethorphan,CHEMBL3072,Androgen receptor,Rattus norvegicus,P15207,1,0,0,1
CHEMBL52440,DB00514,Dextromethorphan,CHEMBL309,Muscarinic acetylcholine receptor M2,Rattus norvegicus,P10980,1,0,0,1
CHEMBL52440,DB00514,Dextromethorphan,CHEMBL330,"Glutamate receptor ionotropic, NMDA 1",Rattus norvegicus,P35439,1,0,0,1
CHEMBL52440,DB00514,Dextromethorphan,CHEMBL343,Gamma-aminobutyric acid receptor subunit alpha-1,Rattus norvegicus,P62813,2,0,0,2
CHEMBL52440,DB00514,Dextromethorphan,CHEMBL3602,Sigma non-opioid intracellular receptor 1,Rattus norvegicus,Q9R0C9,1,0,0,1
CHEMBL52440,DB00514,Dextromethorphan,CHEMBL3762,Voltage-dependent L-type calcium channel subunit alpha-1C,Rattus norvegicus,P22002,1,0,0,1
CHEMBL52440,DB00514,Dextromethorphan,CHEMBL4042,Prostaglandin G/H synthase 1,Rattus norvegicus,Q63921,1,0,0,1
CHEMBL52440,DB00514,Dextromethorphan,CHEMBL4153,Sigma non-opioid intracellular receptor 1,Cavia porcellus,Q60492,4,0,0,4
CHEMBL52440,DB00514,Dextromethorphan,CHEMBL4982,Cytochrome P450 2D4,Rattus norvegicus,Q64680,1,0,0,1
CHEMBL52440,DB00514,Dextromethorphan,CHEMBL5107,Voltage-dependent N-type calcium channel subunit alpha-1B,Rattus norvegicus,Q02294,1,0,0,1
CHEMBL526,DB00818,Propofol,CHEMBL1293254,Ferritin light chain,Equus caballus,P02791,3,0,0,3
CHEMBL526,DB00818,Propofol,CHEMBL276,Muscarinic acetylcholine receptor M1,Rattus norvegicus,P08482,1,0,0,1
CHEMBL526,DB00818,Propofol,CHEMBL3072,Androgen receptor,Rattus norvegicus,P15207,1,0,0,1
CHEMBL526,DB00818,Propofol,CHEMBL3229,Fatty-acid amide hydrolase 1,Rattus norvegicus,P97612,1,0,0,1
CHEMBL526,DB00818,Propofol,CHEMBL343,Gamma-aminobutyric acid receptor subunit alpha-1,Rattus norvegicus,P62813,1,0,0,1
CHEMBL526,DB00818,Propofol,CHEMBL4042,Prostaglandin G/H synthase 1,Rattus norvegicus,Q63921,1,0,0,1
CHEMBL526,DB00818,Propofol,CHEMBL4358,Polyunsaturated fatty acid lipoxygenase ALOX15,Oryctolagus cuniculus,P12530,1,0,0,1
CHEMBL527,DB00554,Piroxicam,CHEMBL1293248,4'-phosphopantetheinyl transferase ffp,Bacillus subtilis,Q9F4F7,1,0,0,1
CHEMBL527,DB00554,Piroxicam,CHEMBL1293303,Nonstructural protein 1,Influenza A virus,Q194T2,1,0,0,1
CHEMBL527,DB00554,Piroxicam,CHEMBL1777665,Solute carrier family 22 member 6,Rattus norvegicus,O35956,1,0,0,1
CHEMBL527,DB00554,Piroxicam,CHEMBL276,Muscarinic acetylcholine receptor M1,Rattus norvegicus,P08482,1,0,0,1
CHEMBL527,DB00554,Piroxicam,CHEMBL2949,Prostaglandin G/H synthase 1,Ovis aries,P05979,2,0,0,2
CHEMBL527,DB00554,Piroxicam,CHEMBL3072,Androgen receptor,Rattus norvegicus,P15207,1,0,0,1
CHEMBL527,DB00554,Piroxicam,CHEMBL312,Polyunsaturated fatty acid 5-lipoxygenase,Rattus norvegicus,P12527,2,0,0,2
CHEMBL527,DB00554,Piroxicam,CHEMBL330,"Glutamate receptor ionotropic, NMDA 1",Rattus norvegicus,P35439,1,0,0,1
CHEMBL527,DB00554,Piroxicam,CHEMBL343,Gamma-aminobutyric acid receptor subunit alpha-1,Rattus norvegicus,P62813,3,0,0,3
CHEMBL527,DB00554,Piroxicam,CHEMBL3762,Voltage-dependent L-type calcium channel subunit alpha-1C,Rattus norvegicus,P22002,1,0,0,1
CHEMBL527,DB00554,Piroxicam,CHEMBL4042,Prostaglandin G/H synthase 1,Rattus norvegicus,Q63921,1,0,0,1
CHEMBL527,DB00554,Piroxicam,CHEMBL4523582,Replicase polyprotein 1ab,Severe acute respiratory syndrome coronavirus 2,P0DTD1,1,0,0,1
CHEMBL527,DB00554,Piroxicam,CHEMBL5567,Luciferin 4-monooxygenase,Photinus pyralis,P08659,1,0,0,1
CHEMBL53,DB00714,Apomorphine,CHEMBL1075257,Large T antigen,Simian virus 40,P03070,1,0,0,1
CHEMBL53,DB00714,Apomorphine,CHEMBL1293231,Nuclear receptor ROR-gamma,Mus musculus,P51450,4,0,0,4
CHEMBL53,DB00714,Apomorphine,CHEMBL1293234,Fructose-bisphosphate aldolase,Giardia intestinalis,A8B2U2,3,0,0,3
CHEMBL53,DB00714,Apomorphine,CHEMBL1293248,4'-phosphopantetheinyl transferase ffp,Bacillus subtilis,Q9F4F7,3,0,0,3
CHEMBL53,DB00714,Apomorphine,CHEMBL1293263,Aspartyl aminopeptidase,Plasmodium falciparum 3D7,Q8I2J3,1,0,0,1
CHEMBL53,DB00714,Apomorphine,CHEMBL1293304,RNA-binding protein pos-1,Caenorhabditis elegans,G5EF15,1,0,0,1
CHEMBL53,DB00714,Apomorphine,CHEMBL1293319,Zinc finger protein mex-5,Caenorhabditis elegans,Q9XUB2,1,0,0,1
CHEMBL53,DB00714,Apomorphine,CHEMBL2007624,Peripheral myelin protein 22,Rattus norvegicus,P25094,1,0,0,1
CHEMBL53,DB00714,Apomorphine,CHEMBL2026,Beta-lactamase,Escherichia coli K-12,P00811,1,0,0,1
CHEMBL53,DB00714,Apomorphine,CHEMBL2146309,ATP-dependent Clp protease proteolytic subunit,Bacillus subtilis (strain 168),P80244,1,0,0,1
CHEMBL53,DB00714,Apomorphine,CHEMBL265,D(1A) dopamine receptor,Rattus norvegicus,P18901,19,0,0,19
CHEMBL53,DB00714,Apomorphine,CHEMBL273,5-hydroxytryptamine receptor 1A,Rattus norvegicus,P19327,3,0,0,3
CHEMBL53,DB00714,Apomorphine,CHEMBL3071,D(1A) dopamine receptor,Mus musculus,Q61616,1,0,0,1
CHEMBL53,DB00714,Apomorphine,CHEMBL3072,Androgen receptor,Rattus norvegicus,P15207,1,0,0,1
CHEMBL53,DB00714,Apomorphine,CHEMBL3138,D(3) dopamine receptor,Rattus norvegicus,P19020,2,0,0,2
CHEMBL53,DB00714,Apomorphine,CHEMBL3223,5-hydroxytryptamine receptor 7,Rattus norvegicus,P32305,3,0,0,3
CHEMBL53,DB00714,Apomorphine,CHEMBL330,"Glutamate receptor ionotropic, NMDA 1",Rattus norvegicus,P35439,1,0,0,1
CHEMBL53,DB00714,Apomorphine,CHEMBL3361,D(4) dopamine receptor,Rattus norvegicus,P30729,3,0,0,3
CHEMBL53,DB00714,Apomorphine,CHEMBL339,D(2) dopamine receptor,Rattus norvegicus,P61169,41,0,0,41
CHEMBL53,DB00714,Apomorphine,CHEMBL343,Gamma-aminobutyric acid receptor subunit alpha-1,Rattus norvegicus,P62813,2,0,0,2
CHEMBL53,DB00714,Apomorphine,CHEMBL3602,Sigma non-opioid intracellular receptor 1,Rattus norvegicus,Q9R0C9,1,0,0,1
CHEMBL53,DB00714,Apomorphine,CHEMBL3762,Voltage-dependent L-type calcium channel subunit alpha-1C,Rattus norvegicus,P22002,1,0,0,1
CHEMBL53,DB00714,Apomorphine,CHEMBL3998,D(2) dopamine receptor,Bos taurus,P20288,1,0,0,1
CHEMBL53,DB00714,Apomorphine,CHEMBL4042,Prostaglandin G/H synthase 1,Rattus norvegicus,Q63921,1,0,0,1
CHEMBL53,DB00714,Apomorphine,CHEMBL4372,Lethal factor,Bacillus anthracis,P15917,1,0,0,1
CHEMBL53,DB00714,Apomorphine,CHEMBL4695,Fructose-bisphosphate aldolase A,Oryctolagus cuniculus,P00883,1,0,0,1
CHEMBL53,DB00714,Apomorphine,CHEMBL5107,Voltage-dependent N-type calcium channel subunit alpha-1B,Rattus norvegicus,Q02294,1,0,0,1
CHEMBL53,DB00714,Apomorphine,CHEMBL5149,Pyruvate kinase,Leishmania mexicana,Q27686,2,0,0,2
CHEMBL53,DB00714,Apomorphine,CHEMBL5567,Luciferin 4-monooxygenase,Photinus pyralis,P08659,1,0,0,1
CHEMBL53,DB00714,Apomorphine,CHEMBL5686,ATP-dependent 6-phosphofructokinase,Trypanosoma brucei,O15648,5,0,0,5
CHEMBL53,DB00714,Apomorphine,CHEMBL6035,"Thioredoxin reductase 1, cytoplasmic",Rattus norvegicus,O89049,5,0,0,5
CHEMBL53,DB00714,Apomorphine,CHEMBL6110,Thioredoxin glutathione reductase,Schistosoma mansoni,Q962Y6,1,0,0,1
CHEMBL531,DB01186,Pergolide,CHEMBL1293248,4'-phosphopantetheinyl transferase ffp,Bacillus subtilis,Q9F4F7,1,0,0,1
CHEMBL531,DB01186,Pergolide,CHEMBL273,5-hydroxytryptamine receptor 1A,Rattus norvegicus,P19327,2,0,0,2
CHEMBL531,DB01186,Pergolide,CHEMBL3072,Androgen receptor,Rattus norvegicus,P15207,2,0,0,2
CHEMBL531,DB01186,Pergolide,CHEMBL3138,D(3) dopamine receptor,Rattus norvegicus,P19020,2,0,0,2
CHEMBL531,DB01186,Pergolide,CHEMBL315,Alpha-1B adrenergic receptor,Rattus norvegicus,P15823,2,0,0,2
CHEMBL531,DB01186,Pergolide,CHEMBL319,Alpha-1A adrenergic receptor,Rattus norvegicus,P43140,2,0,0,2
CHEMBL531,DB01186,Pergolide,CHEMBL330,"Glutamate receptor ionotropic, NMDA 1",Rattus norvegicus,P35439,1,0,0,1
CHEMBL531,DB01186,Pergolide,CHEMBL339,D(2) dopamine receptor,Rattus norvegicus,P61169,9,0,0,9
CHEMBL531,DB01186,Pergolide,CHEMBL343,Gamma-aminobutyric acid receptor subunit alpha-1,Rattus norvegicus,P62813,2,0,0,2
CHEMBL531,DB01186,Pergolide,CHEMBL3459,5-hydroxytryptamine receptor 1B,Rattus norvegicus,P28564,2,0,0,2
CHEMBL531,DB01186,Pergolide,CHEMBL3762,Voltage-dependent L-type calcium channel subunit alpha-1C,Rattus norvegicus,P22002,1,0,0,1
CHEMBL531,DB01186,Pergolide,CHEMBL3998,D(2) dopamine receptor,Bos taurus,P20288,1,0,0,1
CHEMBL531,DB01186,Pergolide,CHEMBL4042,Prostaglandin G/H synthase 1,Rattus norvegicus,Q63921,1,0,0,1
CHEMBL531,DB01186,Pergolide,CHEMBL4523582,Replicase polyprotein 1ab,Severe acute respiratory syndrome coronavirus 2,P0DTD1,1,0,0,1
CHEMBL531,DB01186,Pergolide,CHEMBL5107,Voltage-dependent N-type calcium channel subunit alpha-1B,Rattus norvegicus,Q02294,1,0,0,1
CHEMBL5315124,DB01137,Levofloxacin,CHEMBL1293228,Streptokinase A,Streptococcus pyogenes serotype M1,P10520,1,0,0,1
CHEMBL5315124,DB01137,Levofloxacin,CHEMBL2073674,Bile salt export pump,Rattus norvegicus,O70127,1,0,0,1
CHEMBL5315124,DB01137,Levofloxacin,CHEMBL2424506,DNA gyrase subunit A,Staphylococcus aureus,P20831,1,0,0,1
CHEMBL5315124,DB01137,Levofloxacin,CHEMBL3072,Androgen receptor,Rattus norvegicus,P15207,1,0,0,1
CHEMBL5315124,DB01137,Levofloxacin,CHEMBL330,"Glutamate receptor ionotropic, NMDA 1",Rattus norvegicus,P35439,1,0,0,1
CHEMBL5315124,DB01137,Levofloxacin,CHEMBL343,Gamma-aminobutyric acid receptor subunit alpha-1,Rattus norvegicus,P62813,2,0,0,2
CHEMBL5315124,DB01137,Levofloxacin,CHEMBL3762,Voltage-dependent L-type calcium channel subunit alpha-1C,Rattus norvegicus,P22002,1,0,0,1
CHEMBL5315124,DB01137,Levofloxacin,CHEMBL4042,Prostaglandin G/H synthase 1,Rattus norvegicus,Q63921,1,0,0,1
CHEMBL5315124,DB01137,Levofloxacin,CHEMBL4165,DNA gyrase subunit A,Mycobacterium tuberculosis,P9WG47,3,0,0,3
CHEMBL5315124,DB01137,Levofloxacin,CHEMBL4295557,Replicase polyprotein 1ab,Middle East respiratory syndrome-related coronavirus (isolate UnitedKingdom/H123990006/2012) (Betacoronavirus England 1) (Humancoronavirus EMC),K9N7C7,1,0,0,1
CHEMBL5315124,DB01137,Levofloxacin,CHEMBL4523582,Replicase polyprotein 1ab,Severe acute respiratory syndrome coronavirus 2,P0DTD1,2,0,0,2
CHEMBL5315124,DB01137,Levofloxacin,CHEMBL6035,"Thioredoxin reductase 1, cytoplasmic",Rattus norvegicus,O89049,1,0,0,1
CHEMBL535,DB01268,Sunitinib,CHEMBL1908385,Serine/threonine-protein kinase PknB,Mycobacterium tuberculosis,P9WI81,1,0,0,1
CHEMBL535,DB01268,Sunitinib,CHEMBL1908387,Calcium-dependent protein kinase 1,Plasmodium falciparum,P62344,1,0,0,1
CHEMBL535,DB01268,Sunitinib,CHEMBL1908388,Cyclin-dependent kinase 2 homolog,Plasmodium falciparum (isolate 3D7),P61075,1,0,0,1
CHEMBL535,DB01268,Sunitinib,CHEMBL2007624,Peripheral myelin protein 22,Rattus norvegicus,P25094,1,0,0,1
CHEMBL535,DB01268,Sunitinib,CHEMBL3062,"Myosin light chain kinase, smooth muscle",Gallus gallus,P11799,1,0,0,1
CHEMBL535,DB01268,Sunitinib,CHEMBL3072,Androgen receptor,Rattus norvegicus,P15207,1,0,0,1
CHEMBL535,DB01268,Sunitinib,CHEMBL330,"Glutamate receptor ionotropic, NMDA 1",Rattus norvegicus,P35439,1,0,0,1
CHEMBL535,DB01268,Sunitinib,CHEMBL3337,Vascular endothelial growth factor receptor 2,Mus musculus,P35918,1,0,0,1
CHEMBL535,DB01268,Sunitinib,CHEMBL343,Gamma-aminobutyric acid receptor subunit alpha-1,Rattus norvegicus,P62813,2,0,0,2
CHEMBL535,DB01268,Sunitinib,CHEMBL3655,Proto-oncogene tyrosine-protein kinase Src,Gallus gallus,P00523,1,0,0,1
CHEMBL535,DB01268,Sunitinib,CHEMBL3711550,Beta-adrenergic receptor kinase 1,Bos taurus,P21146,1,0,0,1
CHEMBL535,DB01268,Sunitinib,CHEMBL3721301,N-terminal kinase-like protein,Mus musculus,Q9EQC5,1,0,0,1
CHEMBL535,DB01268,Sunitinib,CHEMBL3721302,G protein-coupled receptor kinase 5,Mus musculus,Q8VEB1,1,0,0,1
CHEMBL535,DB01268,Sunitinib,CHEMBL3762,Voltage-dependent L-type calcium channel subunit alpha-1C,Rattus norvegicus,P22002,1,0,0,1
CHEMBL535,DB01268,Sunitinib,CHEMBL3832,Serine/threonine-protein kinase ULK3,Mus musculus,Q3U3Q1,1,0,0,1
CHEMBL535,DB01268,Sunitinib,CHEMBL4042,Prostaglandin G/H synthase 1,Rattus norvegicus,Q63921,1,0,0,1
CHEMBL535,DB01268,Sunitinib,CHEMBL4310,Serine/threonine-protein kinase 3,Mus musculus,Q9JI10,1,0,0,1
CHEMBL535,DB01268,Sunitinib,CHEMBL4523582,Replicase polyprotein 1ab,Severe acute respiratory syndrome coronavirus 2,P0DTD1,1,0,0,1
CHEMBL535,DB01268,Sunitinib,CHEMBL5570,Macrophage colony-stimulating factor 1 receptor,Mus musculus,P09581,1,0,0,1
CHEMBL53904,DB01624,Zuclopenthixol,CHEMBL1293231,Nuclear receptor ROR-gamma,Mus musculus,P51450,1,0,0,1
CHEMBL53904,DB01624,Zuclopenthixol,CHEMBL3072,Androgen receptor,Rattus norvegicus,P15207,1,0,0,1
CHEMBL53904,DB01624,Zuclopenthixol,CHEMBL330,"Glutamate receptor ionotropic, NMDA 1",Rattus norvegicus,P35439,1,0,0,1
CHEMBL53904,DB01624,Zuclopenthixol,CHEMBL343,Gamma-aminobutyric acid receptor subunit alpha-1,Rattus norvegicus,P62813,2,0,0,2
CHEMBL53904,DB01624,Zuclopenthixol,CHEMBL3762,Voltage-dependent L-type calcium channel subunit alpha-1C,Rattus norvegicus,P22002,1,0,0,1
CHEMBL53904,DB01624,Zuclopenthixol,CHEMBL4042,Prostaglandin G/H synthase 1,Rattus norvegicus,Q63921,1,0,0,1
CHEMBL54,DB00502,Haloperidol,CHEMBL1293231,Nuclear receptor ROR-gamma,Mus musculus,P51450,1,0,0,1
CHEMBL54,DB00502,Haloperidol,CHEMBL1293303,Nonstructural protein 1,Influenza A virus,Q194T2,1,0,0,1
CHEMBL54,DB00502,Haloperidol,CHEMBL1697667,AP-2 complex subunit sigma,Rattus norvegicus,P62744,1,0,0,1
CHEMBL54,DB00502,Haloperidol,CHEMBL2007624,Peripheral myelin protein 22,Rattus norvegicus,P25094,1,0,0,1
CHEMBL54,DB00502,Haloperidol,CHEMBL2125,Vesicular acetylcholine transporter,Rattus norvegicus,Q62666,1,0,0,1
CHEMBL54,DB00502,Haloperidol,CHEMBL2304406,D(3) dopamine receptor,Chlorocebus aethiops,P52703,1,0,0,1
CHEMBL54,DB00502,Haloperidol,CHEMBL243,Human immunodeficiency virus type 1 protease,Human immunodeficiency virus 1,Q72874,3,0,0,3
CHEMBL54,DB00502,Haloperidol,CHEMBL2462,Tyrosine 3-monooxygenase,Rattus norvegicus,P04177,1,0,0,1
CHEMBL54,DB00502,Haloperidol,CHEMBL2490,5-hydroxytryptamine receptor 2A,Sus scrofa,P50129,1,0,0,1
CHEMBL54,DB00502,Haloperidol,CHEMBL265,D(1A) dopamine receptor,Rattus norvegicus,P18901,26,0,0,26
CHEMBL54,DB00502,Haloperidol,CHEMBL273,5-hydroxytryptamine receptor 1A,Rattus norvegicus,P19327,22,0,0,22
CHEMBL54,DB00502,Haloperidol,CHEMBL276,Muscarinic acetylcholine receptor M1,Rattus norvegicus,P08482,6,0,0,6
CHEMBL54,DB00502,Haloperidol,CHEMBL2857,Human rhinovirus A protease,Human rhinovirus sp.,Q4U254,2,0,0,2
CHEMBL54,DB00502,Haloperidol,CHEMBL3072,Androgen receptor,Rattus norvegicus,P15207,3,0,0,3
CHEMBL54,DB00502,Haloperidol,CHEMBL309,Muscarinic acetylcholine receptor M2,Rattus norvegicus,P10980,3,0,0,3
CHEMBL54,DB00502,Haloperidol,CHEMBL313,Sodium-dependent serotonin transporter,Rattus norvegicus,P31652,1,0,0,1
CHEMBL54,DB00502,Haloperidol,CHEMBL3138,D(3) dopamine receptor,Rattus norvegicus,P19020,14,0,0,14
CHEMBL54,DB00502,Haloperidol,CHEMBL315,Alpha-1B adrenergic receptor,Rattus norvegicus,P15823,2,0,0,2
CHEMBL54,DB00502,Haloperidol,CHEMBL319,Alpha-1A adrenergic receptor,Rattus norvegicus,P43140,3,0,0,3
CHEMBL54,DB00502,Haloperidol,CHEMBL322,5-hydroxytryptamine receptor 2A,Rattus norvegicus,P14842,27,0,0,27
CHEMBL54,DB00502,Haloperidol,CHEMBL3223,5-hydroxytryptamine receptor 7,Rattus norvegicus,P32305,1,0,0,1
CHEMBL54,DB00502,Haloperidol,CHEMBL3224,C-8 sterol isomerase ERG2,Saccharomyces cerevisiae S288c,P32352,1,0,0,1
CHEMBL54,DB00502,Haloperidol,CHEMBL324,5-hydroxytryptamine receptor 2C,Rattus norvegicus,P08909,3,0,0,3
CHEMBL54,DB00502,Haloperidol,CHEMBL3252,Beta-1 adrenergic receptor,Rattus norvegicus,P18090,1,0,0,1
CHEMBL54,DB00502,Haloperidol,CHEMBL330,"Glutamate receptor ionotropic, NMDA 1",Rattus norvegicus,P35439,1,0,0,1
CHEMBL54,DB00502,Haloperidol,CHEMBL3361,D(4) dopamine receptor,Rattus norvegicus,P30729,1,0,0,1
CHEMBL54,DB00502,Haloperidol,CHEMBL338,Sodium-dependent dopamine transporter,Rattus norvegicus,P23977,1,0,0,1
CHEMBL54,DB00502,Haloperidol,CHEMBL339,D(2) dopamine receptor,Rattus norvegicus,P61169,85,0,0,85
CHEMBL54,DB00502,Haloperidol,CHEMBL343,Gamma-aminobutyric acid receptor subunit alpha-1,Rattus norvegicus,P62813,2,0,0,2
CHEMBL54,DB00502,Haloperidol,CHEMBL3442,"Glutamate receptor ionotropic, NMDA 2B",Mus musculus,Q01097,1,0,0,1
CHEMBL54,DB00502,Haloperidol,CHEMBL3446,5-hydroxytryptamine receptor 2A,Bos taurus,Q75Z89,1,0,0,1
CHEMBL54,DB00502,Haloperidol,CHEMBL3459,5-hydroxytryptamine receptor 1B,Rattus norvegicus,P28564,1,0,0,1
CHEMBL54,DB00502,Haloperidol,CHEMBL3602,Sigma non-opioid intracellular receptor 1,Rattus norvegicus,Q9R0C9,30,0,0,30
CHEMBL54,DB00502,Haloperidol,CHEMBL3754,Beta-2 adrenergic receptor,Rattus norvegicus,P10608,1,0,0,1
CHEMBL54,DB00502,Haloperidol,CHEMBL3762,Voltage-dependent L-type calcium channel subunit alpha-1C,Rattus norvegicus,P22002,1,0,0,1
CHEMBL54,DB00502,Haloperidol,CHEMBL3879870,N-acetyltransferase Eis,Mycobacterium tuberculosis (strain ATCC 25618 / H37Rv),P9WFK7,2,0,0,2
CHEMBL54,DB00502,Haloperidol,CHEMBL3943,Histamine H1 receptor,Cavia porcellus,P31389,1,0,0,1
CHEMBL54,DB00502,Haloperidol,CHEMBL3998,D(2) dopamine receptor,Bos taurus,P20288,5,0,0,5
CHEMBL54,DB00502,Haloperidol,CHEMBL4042,Prostaglandin G/H synthase 1,Rattus norvegicus,Q63921,1,0,0,1
CHEMBL54,DB00502,Haloperidol,CHEMBL4105757,Zinc finger protein 664,Cavia porcellus,Q60493,1,0,0,1
CHEMBL54,DB00502,Haloperidol,CHEMBL4105864,Sigma intracellular receptor 2,Rattus norvegicus,Q5U3Y7,30,0,0,30
CHEMBL54,DB00502,Haloperidol,CHEMBL4153,Sigma non-opioid intracellular receptor 1,Cavia porcellus,Q60492,90,0,0,90
CHEMBL54,DB00502,Haloperidol,CHEMBL4372,Lethal factor,Bacillus anthracis,P15917,2,0,0,2
CHEMBL54,DB00502,Haloperidol,CHEMBL4523582,Replicase polyprotein 1ab,Severe acute respiratory syndrome coronavirus 2,P0DTD1,2,0,0,2
CHEMBL54,DB00502,Haloperidol,CHEMBL4701,Histamine H1 receptor,Rattus norvegicus,P31390,6,0,0,6
CHEMBL54,DB00502,Haloperidol,CHEMBL4817,Albumin,Rattus norvegicus,P02770,1,0,0,1
CHEMBL54,DB00502,Haloperidol,CHEMBL4828,Synaptic vesicular amine transporter,Rattus norvegicus,Q01827,1,0,0,1
CHEMBL54,DB00502,Haloperidol,CHEMBL4892,Alpha-1A adrenergic receptor,Bos taurus,P18130,1,0,0,1
CHEMBL54,DB00502,Haloperidol,CHEMBL4972,5-hydroxytryptamine receptor 3A,Mus musculus,P23979,1,0,0,1
CHEMBL54,DB00502,Haloperidol,CHEMBL5067,D(1A) dopamine receptor,Sus scrofa,P50130,4,0,0,4
CHEMBL54,DB00502,Haloperidol,CHEMBL5107,Voltage-dependent N-type calcium channel subunit alpha-1B,Rattus norvegicus,Q02294,1,0,0,1
CHEMBL54,DB00502,Haloperidol,CHEMBL5456,D(2) dopamine receptor,Chlorocebus aethiops,P52702,2,0,0,2
CHEMBL54,DB00502,Haloperidol,CHEMBL5686,ATP-dependent 6-phosphofructokinase,Trypanosoma brucei,O15648,1,0,0,1
CHEMBL54,DB00502,Haloperidol,CHEMBL6035,"Thioredoxin reductase 1, cytoplasmic",Rattus norvegicus,O89049,2,0,0,2
CHEMBL54,DB00502,Haloperidol,CHEMBL6184,Transporter,Rattus norvegicus,Q63380,1,0,0,1
CHEMBL547,DB00982,Isotretinoin,CHEMBL1293254,Ferritin light chain,Equus caballus,P02791,2,0,0,2
CHEMBL547,DB00982,Isotretinoin,CHEMBL2792,Retinoic acid receptor alpha,Mus musculus,P11416,1,0,0,1
CHEMBL547,DB00982,Isotretinoin,CHEMBL2840,Ornithine decarboxylase,Mus musculus,P00860,3,0,0,3
CHEMBL547,DB00982,Isotretinoin,CHEMBL3084,Retinoic acid receptor RXR-alpha,Mus musculus,P28700,1,0,0,1
CHEMBL547,DB00982,Isotretinoin,CHEMBL3208,Cellular retinoic acid-binding protein 1,Mus musculus,P62965,1,0,0,1
CHEMBL547,DB00982,Isotretinoin,CHEMBL3266,Retinoic acid receptor beta,Mus musculus,P22605,1,0,0,1
CHEMBL547,DB00982,Isotretinoin,CHEMBL343,Gamma-aminobutyric acid receptor subunit alpha-1,Rattus norvegicus,P62813,1,0,0,1
CHEMBL547,DB00982,Isotretinoin,CHEMBL3563,Cruzipain,Trypanosoma cruzi,P25779,1,0,0,1
CHEMBL547,DB00982,Isotretinoin,CHEMBL4047,Retinoic acid receptor RXR-beta,Mus musculus,P28704,1,0,0,1
CHEMBL547,DB00982,Isotretinoin,CHEMBL4078,Acetylcholinesterase,Electrophorus electricus,O42275,1,0,0,1
CHEMBL547,DB00982,Isotretinoin,CHEMBL4172,Cellular retinoic acid-binding protein 2,Mus musculus,P22935,1,0,0,1
CHEMBL547,DB00982,Isotretinoin,CHEMBL4177,Retinoic acid receptor gamma,Mus musculus,P18911,1,0,0,1
CHEMBL547,DB00982,Isotretinoin,CHEMBL4402,Retinoic acid receptor RXR-gamma,Mus musculus,P28705,1,0,0,1
CHEMBL547,DB00982,Isotretinoin,CHEMBL4523582,Replicase polyprotein 1ab,Severe acute respiratory syndrome coronavirus 2,P0DTD1,1,0,0,1
CHEMBL547,DB00982,Isotretinoin,CHEMBL4945,Cellular retinoic acid-binding protein 1,Gallus gallus,P40220,2,0,0,2
CHEMBL547,DB00982,Isotretinoin,CHEMBL5763,Cholinesterase,Equus caballus,P81908,1,0,0,1
CHEMBL547,DB00982,Isotretinoin,CHEMBL6035,"Thioredoxin reductase 1, cytoplasmic",Rattus norvegicus,O89049,4,0,0,4
CHEMBL548,DB00917,Dinoprostone,CHEMBL2007624,Peripheral myelin protein 22,Rattus norvegicus,P25094,1,0,0,1
CHEMBL548,DB00917,Dinoprostone,CHEMBL2073672,Organic anion transporter 3,Mus musculus,O88909,1,0,0,1
CHEMBL548,DB00917,Dinoprostone,CHEMBL2181,Prostaglandin E2 receptor EP1 subtype,Mus musculus,P35375,2,0,0,2
CHEMBL548,DB00917,Dinoprostone,CHEMBL2488,Prostaglandin E2 receptor EP2 subtype,Mus musculus,Q62053,2,0,0,2
CHEMBL548,DB00917,Dinoprostone,CHEMBL2489,Prostaglandin E2 receptor EP4 subtype,Mus musculus,P32240,2,0,0,2
CHEMBL548,DB00917,Dinoprostone,CHEMBL3072,Androgen receptor,Rattus norvegicus,P15207,2,0,0,2
CHEMBL548,DB00917,Dinoprostone,CHEMBL330,"Glutamate receptor ionotropic, NMDA 1",Rattus norvegicus,P35439,1,0,0,1
CHEMBL548,DB00917,Dinoprostone,CHEMBL343,Gamma-aminobutyric acid receptor subunit alpha-1,Rattus norvegicus,P62813,2,0,0,2
CHEMBL548,DB00917,Dinoprostone,CHEMBL3563,Cruzipain,Trypanosoma cruzi,P25779,1,0,0,1
CHEMBL548,DB00917,Dinoprostone,CHEMBL3762,Voltage-dependent L-type calcium channel subunit alpha-1C,Rattus norvegicus,P22002,1,0,0,1
CHEMBL548,DB00917,Dinoprostone,CHEMBL4042,Prostaglandin G/H synthase 1,Rattus norvegicus,Q63921,1,0,0,1
CHEMBL548,DB00917,Dinoprostone,CHEMBL4078,Acetylcholinesterase,Electrophorus electricus,O42275,1,0,0,1
CHEMBL548,DB00917,Dinoprostone,CHEMBL4086,Prostaglandin E2 receptor EP4 subtype,Rattus norvegicus,P43114,3,0,0,3
CHEMBL548,DB00917,Dinoprostone,CHEMBL4336,Prostaglandin E2 receptor EP3 subtype,Mus musculus,P30557,2,0,0,2
CHEMBL548,DB00917,Dinoprostone,CHEMBL4523582,Replicase polyprotein 1ab,Severe acute respiratory syndrome coronavirus 2,P0DTD1,2,0,0,2
CHEMBL548,DB00917,Dinoprostone,CHEMBL4909,Prostaglandin E2 receptor EP2 subtype,Rattus norvegicus,Q62928,3,0,0,3
CHEMBL548,DB00917,Dinoprostone,CHEMBL5269,Solute carrier family 22 member 20,Mus musculus,Q80UJ1,2,0,0,2
CHEMBL548,DB00917,Dinoprostone,CHEMBL5653,Solute carrier family 22 member 6,Mus musculus,Q8VC69,2,0,0,2
CHEMBL548,DB00917,Dinoprostone,CHEMBL5763,Cholinesterase,Equus caballus,P81908,1,0,0,1
CHEMBL553,DB00530,Erlotinib,CHEMBL1908385,Serine/threonine-protein kinase PknB,Mycobacterium tuberculosis,P9WI81,1,0,0,1
CHEMBL553,DB00530,Erlotinib,CHEMBL1908387,Calcium-dependent protein kinase 1,Plasmodium falciparum,P62344,1,0,0,1
CHEMBL553,DB00530,Erlotinib,CHEMBL1908388,Cyclin-dependent kinase 2 homolog,Plasmodium falciparum (isolate 3D7),P61075,1,0,0,1
CHEMBL553,DB00530,Erlotinib,CHEMBL2311234,Receptor tyrosine-protein kinase erbB-2,Mus musculus,P70424,1,0,0,1
CHEMBL553,DB00530,Erlotinib,CHEMBL2331061,Serine/threonine-protein kinase B-raf,Mus musculus,P28028,1,0,0,1
CHEMBL553,DB00530,Erlotinib,CHEMBL2949,Prostaglandin G/H synthase 1,Ovis aries,P05979,1,0,0,1
CHEMBL553,DB00530,Erlotinib,CHEMBL3062,"Myosin light chain kinase, smooth muscle",Gallus gallus,P11799,1,0,0,1
CHEMBL553,DB00530,Erlotinib,CHEMBL3072,Androgen receptor,Rattus norvegicus,P15207,1,0,0,1
CHEMBL553,DB00530,Erlotinib,CHEMBL343,Gamma-aminobutyric acid receptor subunit alpha-1,Rattus norvegicus,P62813,1,0,0,1
CHEMBL553,DB00530,Erlotinib,CHEMBL3608,Epidermal growth factor receptor,Mus musculus,Q01279,1,0,0,1
CHEMBL553,DB00530,Erlotinib,CHEMBL3655,Proto-oncogene tyrosine-protein kinase Src,Gallus gallus,P00523,2,0,0,2
CHEMBL553,DB00530,Erlotinib,CHEMBL3832,Serine/threonine-protein kinase ULK3,Mus musculus,Q3U3Q1,1,0,0,1
CHEMBL553,DB00530,Erlotinib,CHEMBL4042,Prostaglandin G/H synthase 1,Rattus norvegicus,Q63921,1,0,0,1
CHEMBL553,DB00530,Erlotinib,CHEMBL4523582,Replicase polyprotein 1ab,Severe acute respiratory syndrome coronavirus 2,P0DTD1,1,0,0,1
CHEMBL558,DB00379,Mexiletine,CHEMBL3072,Androgen receptor,Rattus norvegicus,P15207,2,0,0,2
CHEMBL558,DB00379,Mexiletine,CHEMBL4017,Sodium channel protein type 10 subunit alpha,Rattus norvegicus,Q62968,2,0,2,0
CHEMBL558,DB00379,Mexiletine,CHEMBL4042,Prostaglandin G/H synthase 1,Rattus norvegicus,Q63921,1,0,0,1
CHEMBL558,DB00379,Mexiletine,CHEMBL5686,ATP-dependent 6-phosphofructokinase,Trypanosoma brucei,O15648,1,0,1,0
CHEMBL564,DB00420,Promazine,CHEMBL1293238,Inositol monophosphatase 1,Rattus norvegicus,P97697,1,0,0,1
CHEMBL564,DB00420,Promazine,CHEMBL1697658,Pleiotropic ABC efflux transporter of multiple drugs,Saccharomyces cerevisiae S288c,P33302,1,0,0,1
CHEMBL564,DB00420,Promazine,CHEMBL2007624,Peripheral myelin protein 22,Rattus norvegicus,P25094,1,0,0,1
CHEMBL564,DB00420,Promazine,CHEMBL273,5-hydroxytryptamine receptor 1A,Rattus norvegicus,P19327,2,0,0,2
CHEMBL564,DB00420,Promazine,CHEMBL276,Muscarinic acetylcholine receptor M1,Rattus norvegicus,P08482,2,0,0,2
CHEMBL564,DB00420,Promazine,CHEMBL3072,Androgen receptor,Rattus norvegicus,P15207,1,0,0,1
CHEMBL564,DB00420,Promazine,CHEMBL315,Alpha-1B adrenergic receptor,Rattus norvegicus,P15823,2,0,0,2
CHEMBL564,DB00420,Promazine,CHEMBL319,Alpha-1A adrenergic receptor,Rattus norvegicus,P43140,2,0,0,2
CHEMBL564,DB00420,Promazine,CHEMBL330,"Glutamate receptor ionotropic, NMDA 1",Rattus norvegicus,P35439,1,0,0,1
CHEMBL564,DB00420,Promazine,CHEMBL343,Gamma-aminobutyric acid receptor subunit alpha-1,Rattus norvegicus,P62813,2,0,0,2
CHEMBL564,DB00420,Promazine,CHEMBL3762,Voltage-dependent L-type calcium channel subunit alpha-1C,Rattus norvegicus,P22002,1,0,0,1
CHEMBL564,DB00420,Promazine,CHEMBL4042,Prostaglandin G/H synthase 1,Rattus norvegicus,Q63921,1,0,0,1
CHEMBL564,DB00420,Promazine,CHEMBL4372,Lethal factor,Bacillus anthracis,P15917,2,0,0,2
CHEMBL564,DB00420,Promazine,CHEMBL4701,Histamine H1 receptor,Rattus norvegicus,P31390,1,0,0,1
CHEMBL564,DB00420,Promazine,CHEMBL5107,Voltage-dependent N-type calcium channel subunit alpha-1B,Rattus norvegicus,Q02294,1,0,0,1
CHEMBL564,DB00420,Promazine,CHEMBL5131,Trypanothione reductase,Trypanosoma cruzi,P28593,2,0,0,2
CHEMBL564,DB00420,Promazine,CHEMBL5686,ATP-dependent 6-phosphofructokinase,Trypanosoma brucei,O15648,1,0,0,1
CHEMBL564,DB00420,Promazine,CHEMBL6035,"Thioredoxin reductase 1, cytoplasmic",Rattus norvegicus,O89049,1,0,0,1
CHEMBL567,DB00850,Perphenazine,CHEMBL1293231,Nuclear receptor ROR-gamma,Mus musculus,P51450,1,0,0,1
CHEMBL567,DB00850,Perphenazine,CHEMBL1293239,Bcl-2-related protein A1,Mus musculus,Q07440,1,0,0,1
CHEMBL567,DB00850,Perphenazine,CHEMBL1293248,4'-phosphopantetheinyl transferase ffp,Bacillus subtilis,Q9F4F7,1,0,0,1
CHEMBL567,DB00850,Perphenazine,CHEMBL1293285,Endonuclease 4,Escherichia coli K-12,P0A6C1,1,0,0,1
CHEMBL567,DB00850,Perphenazine,CHEMBL1641354,Aldehyde oxidase 1,Mus musculus,O54754,1,0,0,1
CHEMBL567,DB00850,Perphenazine,CHEMBL1641355,Aldehyde oxidase 1,Rattus norvegicus,Q9Z0U5,1,0,0,1
CHEMBL567,DB00850,Perphenazine,CHEMBL1641357,Aldehyde oxidase 1,Macaca fascicularis,Q5FB27,1,0,0,1
CHEMBL567,DB00850,Perphenazine,CHEMBL1697658,Pleiotropic ABC efflux transporter of multiple drugs,Saccharomyces cerevisiae S288c,P33302,1,0,0,1
CHEMBL567,DB00850,Perphenazine,CHEMBL2146310,Aberrant vpr protein,Human immunodeficiency virus 1,Q77YF9,1,0,0,1
CHEMBL567,DB00850,Perphenazine,CHEMBL276,Muscarinic acetylcholine receptor M1,Rattus norvegicus,P08482,2,0,0,2
CHEMBL567,DB00850,Perphenazine,CHEMBL3072,Androgen receptor,Rattus norvegicus,P15207,1,0,0,1
CHEMBL567,DB00850,Perphenazine,CHEMBL330,"Glutamate receptor ionotropic, NMDA 1",Rattus norvegicus,P35439,1,0,0,1
CHEMBL567,DB00850,Perphenazine,CHEMBL343,Gamma-aminobutyric acid receptor subunit alpha-1,Rattus norvegicus,P62813,2,0,0,2
CHEMBL567,DB00850,Perphenazine,CHEMBL3762,Voltage-dependent L-type calcium channel subunit alpha-1C,Rattus norvegicus,P22002,1,0,0,1
CHEMBL567,DB00850,Perphenazine,CHEMBL4042,Prostaglandin G/H synthase 1,Rattus norvegicus,Q63921,1,0,0,1
CHEMBL567,DB00850,Perphenazine,CHEMBL4372,Lethal factor,Bacillus anthracis,P15917,1,0,0,1
CHEMBL567,DB00850,Perphenazine,CHEMBL4523582,Replicase polyprotein 1ab,Severe acute respiratory syndrome coronavirus 2,P0DTD1,2,0,0,2
CHEMBL568,DB00842,Oxazepam,CHEMBL3072,Androgen receptor,Rattus norvegicus,P15207,1,0,0,1
CHEMBL568,DB00842,Oxazepam,CHEMBL330,"Glutamate receptor ionotropic, NMDA 1",Rattus norvegicus,P35439,1,0,0,1
CHEMBL568,DB00842,Oxazepam,CHEMBL343,Gamma-aminobutyric acid receptor subunit alpha-1,Rattus norvegicus,P62813,2,0,0,2
CHEMBL568,DB00842,Oxazepam,CHEMBL3762,Voltage-dependent L-type calcium channel subunit alpha-1C,Rattus norvegicus,P22002,1,0,0,1
CHEMBL568,DB00842,Oxazepam,CHEMBL4042,Prostaglandin G/H synthase 1,Rattus norvegicus,Q63921,1,0,0,1
CHEMBL568,DB00842,Oxazepam,CHEMBL5107,Voltage-dependent N-type calcium channel subunit alpha-1B,Rattus norvegicus,Q02294,1,0,0,1
CHEMBL569713,DB00747,Scopolamine,CHEMBL2672,Muscarinic acetylcholine receptor M1,Bos taurus,Q8WMX0,1,0,0,1
CHEMBL569713,DB00747,Scopolamine,CHEMBL276,Muscarinic acetylcholine receptor M1,Rattus norvegicus,P08482,2,0,0,2
CHEMBL569713,DB00747,Scopolamine,CHEMBL3072,Androgen receptor,Rattus norvegicus,P15207,1,0,0,1
CHEMBL569713,DB00747,Scopolamine,CHEMBL309,Muscarinic acetylcholine receptor M2,Rattus norvegicus,P10980,2,0,0,2
CHEMBL569713,DB00747,Scopolamine,CHEMBL320,Muscarinic acetylcholine receptor M3,Rattus norvegicus,P08483,1,0,0,1
CHEMBL569713,DB00747,Scopolamine,CHEMBL330,"Glutamate receptor ionotropic, NMDA 1",Rattus norvegicus,P35439,1,0,0,1
CHEMBL569713,DB00747,Scopolamine,CHEMBL343,Gamma-aminobutyric acid receptor subunit alpha-1,Rattus norvegicus,P62813,3,0,0,3
CHEMBL569713,DB00747,Scopolamine,CHEMBL3762,Voltage-dependent L-type calcium channel subunit alpha-1C,Rattus norvegicus,P22002,1,0,0,1
CHEMBL569713,DB00747,Scopolamine,CHEMBL4042,Prostaglandin G/H synthase 1,Rattus norvegicus,Q63921,1,0,0,1
CHEMBL569713,DB00747,Scopolamine,CHEMBL4523582,Replicase polyprotein 1ab,Severe acute respiratory syndrome coronavirus 2,P0DTD1,1,0,0,1
CHEMBL570,DB00508,Triflupromazine,CHEMBL1697658,Pleiotropic ABC efflux transporter of multiple drugs,Saccharomyces cerevisiae S288c,P33302,1,0,0,1
CHEMBL570,DB00508,Triflupromazine,CHEMBL276,Muscarinic acetylcholine receptor M1,Rattus norvegicus,P08482,2,0,0,2
CHEMBL570,DB00508,Triflupromazine,CHEMBL4372,Lethal factor,Bacillus anthracis,P15917,2,0,0,2
CHEMBL570,DB00508,Triflupromazine,CHEMBL4768,Acetylcholinesterase,Bos taurus,P23795,1,0,0,1
CHEMBL570,DB00508,Triflupromazine,CHEMBL5131,Trypanothione reductase,Trypanosoma cruzi,P28593,2,0,0,2
CHEMBL570,DB00508,Triflupromazine,CHEMBL5686,ATP-dependent 6-phosphofructokinase,Trypanosoma brucei,O15648,1,0,0,1
CHEMBL570,DB00508,Triflupromazine,CHEMBL5763,Cholinesterase,Equus caballus,P81908,1,0,0,1
CHEMBL58,DB01204,Mitoxantrone,CHEMBL1293238,Inositol monophosphatase 1,Rattus norvegicus,P97697,1,0,0,1
CHEMBL58,DB01204,Mitoxantrone,CHEMBL1293246,Beta Lactamase,Pseudomonas aeruginosa,Q932Y6,3,0,0,3
CHEMBL58,DB01204,Mitoxantrone,CHEMBL1293254,Ferritin light chain,Equus caballus,P02791,1,0,0,1
CHEMBL58,DB01204,Mitoxantrone,CHEMBL1293303,Nonstructural protein 1,Influenza A virus,Q194T2,1,0,0,1
CHEMBL58,DB01204,Mitoxantrone,CHEMBL1741167,"Phosphoglycerate kinase, glycosomal",Trypanosoma brucei brucei,P07378,1,0,0,1
CHEMBL58,DB01204,Mitoxantrone,CHEMBL1741202,"2,3-bisphosphoglycerate-independent phosphoglycerate mutase",Leishmania major,Q4Q090,1,0,0,1
CHEMBL58,DB01204,Mitoxantrone,CHEMBL2007624,Peripheral myelin protein 22,Rattus norvegicus,P25094,2,0,0,2
CHEMBL58,DB01204,Mitoxantrone,CHEMBL2146310,Aberrant vpr protein,Human immunodeficiency virus 1,Q77YF9,1,0,0,1
CHEMBL58,DB01204,Mitoxantrone,CHEMBL2146316,Putative uncharacterized protein,Trypanosoma brucei,Q57TT1,1,0,0,1
CHEMBL58,DB01204,Mitoxantrone,CHEMBL276,Muscarinic acetylcholine receptor M1,Rattus norvegicus,P08482,2,0,0,2
CHEMBL58,DB01204,Mitoxantrone,CHEMBL3072,Androgen receptor,Rattus norvegicus,P15207,1,0,0,1
CHEMBL58,DB01204,Mitoxantrone,CHEMBL330,"Glutamate receptor ionotropic, NMDA 1",Rattus norvegicus,P35439,1,0,0,1
CHEMBL58,DB01204,Mitoxantrone,CHEMBL343,Gamma-aminobutyric acid receptor subunit alpha-1,Rattus norvegicus,P62813,2,0,0,2
CHEMBL58,DB01204,Mitoxantrone,CHEMBL3471,Human immunodeficiency virus type 1 integrase,Human immunodeficiency virus 1,Q7ZJM1,2,0,0,2
CHEMBL58,DB01204,Mitoxantrone,CHEMBL3762,Voltage-dependent L-type calcium channel subunit alpha-1C,Rattus norvegicus,P22002,1,0,0,1
CHEMBL58,DB01204,Mitoxantrone,CHEMBL3897,DNA polymerase III PolC-type,Bacillus subtilis (strain 168),P13267,1,0,0,1
CHEMBL58,DB01204,Mitoxantrone,CHEMBL4042,Prostaglandin G/H synthase 1,Rattus norvegicus,Q63921,1,0,0,1
CHEMBL58,DB01204,Mitoxantrone,CHEMBL4358,Polyunsaturated fatty acid lipoxygenase ALOX15,Oryctolagus cuniculus,P12530,1,0,0,1
CHEMBL58,DB01204,Mitoxantrone,CHEMBL4523582,Replicase polyprotein 1ab,Severe acute respiratory syndrome coronavirus 2,P0DTD1,1,0,0,1
CHEMBL58,DB01204,Mitoxantrone,CHEMBL5107,Voltage-dependent N-type calcium channel subunit alpha-1B,Rattus norvegicus,Q02294,1,0,0,1
CHEMBL58,DB01204,Mitoxantrone,CHEMBL5149,Pyruvate kinase,Leishmania mexicana,Q27686,2,0,0,2
CHEMBL58,DB01204,Mitoxantrone,CHEMBL5508,Dual specificity tyrosine-phosphorylation-regulated kinase 1A,Rattus norvegicus,Q63470,1,0,0,1
CHEMBL58,DB01204,Mitoxantrone,CHEMBL5686,ATP-dependent 6-phosphofructokinase,Trypanosoma brucei,O15648,1,0,0,1
CHEMBL589,DB00268,Ropinirole,CHEMBL276,Muscarinic acetylcholine receptor M1,Rattus norvegicus,P08482,2,0,2,0
CHEMBL589,DB00268,Ropinirole,CHEMBL3072,Androgen receptor,Rattus norvegicus,P15207,2,0,0,2
CHEMBL589,DB00268,Ropinirole,CHEMBL3138,D(3) dopamine receptor,Rattus norvegicus,P19020,3,0,3,0
CHEMBL589,DB00268,Ropinirole,CHEMBL330,"Glutamate receptor ionotropic, NMDA 1",Rattus norvegicus,P35439,1,0,0,1
CHEMBL589,DB00268,Ropinirole,CHEMBL339,D(2) dopamine receptor,Rattus norvegicus,P61169,4,0,4,0
CHEMBL589,DB00268,Ropinirole,CHEMBL343,Gamma-aminobutyric acid receptor subunit alpha-1,Rattus norvegicus,P62813,2,0,0,2
CHEMBL589,DB00268,Ropinirole,CHEMBL3762,Voltage-dependent L-type calcium channel subunit alpha-1C,Rattus norvegicus,P22002,1,0,0,1
CHEMBL589,DB00268,Ropinirole,CHEMBL3998,D(2) dopamine receptor,Bos taurus,P20288,1,0,1,0
CHEMBL589,DB00268,Ropinirole,CHEMBL4042,Prostaglandin G/H synthase 1,Rattus norvegicus,Q63921,1,0,0,1
CHEMBL589,DB00268,Ropinirole,CHEMBL4523582,Replicase polyprotein 1ab,Severe acute respiratory syndrome coronavirus 2,P0DTD1,1,0,1,0
CHEMBL589,DB00268,Ropinirole,CHEMBL5107,Voltage-dependent N-type calcium channel subunit alpha-1B,Rattus norvegicus,Q02294,1,0,0,1
CHEMBL589,DB00268,Ropinirole,CHEMBL5686,ATP-dependent 6-phosphofructokinase,Trypanosoma brucei,O15648,1,0,1,0
CHEMBL592,DB00854,Levorphanol,CHEMBL2858,Mu-type opioid receptor,Mus musculus,P42866,2,0,0,2
CHEMBL592,DB00854,Levorphanol,CHEMBL3072,Androgen receptor,Rattus norvegicus,P15207,1,0,0,1
CHEMBL592,DB00854,Levorphanol,CHEMBL330,"Glutamate receptor ionotropic, NMDA 1",Rattus norvegicus,P35439,1,0,0,1
CHEMBL592,DB00854,Levorphanol,CHEMBL343,Gamma-aminobutyric acid receptor subunit alpha-1,Rattus norvegicus,P62813,2,0,0,2
CHEMBL592,DB00854,Levorphanol,CHEMBL3465,Sigma non-opioid intracellular receptor 1,Mus musculus,O55242,1,0,0,1
CHEMBL592,DB00854,Levorphanol,CHEMBL3762,Voltage-dependent L-type calcium channel subunit alpha-1C,Rattus norvegicus,P22002,1,0,0,1
CHEMBL592,DB00854,Levorphanol,CHEMBL3952,Kappa-type opioid receptor,Cavia porcellus,P41144,2,0,0,2
CHEMBL592,DB00854,Levorphanol,CHEMBL4042,Prostaglandin G/H synthase 1,Rattus norvegicus,Q63921,1,0,0,1
CHEMBL592,DB00854,Levorphanol,CHEMBL4078,Acetylcholinesterase,Electrophorus electricus,O42275,1,0,0,1
CHEMBL592,DB00854,Levorphanol,CHEMBL4329,Kappa-type opioid receptor,Mus musculus,P33534,1,0,0,1
CHEMBL592,DB00854,Levorphanol,CHEMBL4354,Mu-type opioid receptor,Cavia porcellus,P97266,4,0,0,4
CHEMBL596,DB00813,Fentanyl,CHEMBL269,Delta-type opioid receptor,Rattus norvegicus,P33533,3,0,0,3
CHEMBL596,DB00813,Fentanyl,CHEMBL270,Mu-type opioid receptor,Rattus norvegicus,P33535,10,0,0,10
CHEMBL596,DB00813,Fentanyl,CHEMBL2858,Mu-type opioid receptor,Mus musculus,P42866,2,0,0,2
CHEMBL596,DB00813,Fentanyl,CHEMBL3072,Androgen receptor,Rattus norvegicus,P15207,2,0,0,2
CHEMBL596,DB00813,Fentanyl,CHEMBL3222,Delta-type opioid receptor,Mus musculus,P32300,6,0,0,6
CHEMBL596,DB00813,Fentanyl,CHEMBL3602,Sigma non-opioid intracellular receptor 1,Rattus norvegicus,Q9R0C9,1,0,0,1
CHEMBL596,DB00813,Fentanyl,CHEMBL3952,Kappa-type opioid receptor,Cavia porcellus,P41144,5,0,0,5
CHEMBL596,DB00813,Fentanyl,CHEMBL4042,Prostaglandin G/H synthase 1,Rattus norvegicus,Q63921,1,0,0,1
CHEMBL596,DB00813,Fentanyl,CHEMBL4153,Sigma non-opioid intracellular receptor 1,Cavia porcellus,Q60492,3,0,0,3
CHEMBL596,DB00813,Fentanyl,CHEMBL4354,Mu-type opioid receptor,Cavia porcellus,P97266,8,0,0,8
CHEMBL596,DB00813,Fentanyl,CHEMBL4701,Histamine H1 receptor,Rattus norvegicus,P31390,1,0,0,1
CHEMBL596,DB00813,Fentanyl,CHEMBL5567,Luciferin 4-monooxygenase,Photinus pyralis,P08659,1,0,0,1
CHEMBL599,DB00814,Meloxicam,CHEMBL2026,Beta-lactamase,Escherichia coli K-12,P00811,1,0,0,1
CHEMBL599,DB00814,Meloxicam,CHEMBL2949,Prostaglandin G/H synthase 1,Ovis aries,P05979,2,0,0,2
CHEMBL599,DB00814,Meloxicam,CHEMBL3072,Androgen receptor,Rattus norvegicus,P15207,1,0,0,1
CHEMBL599,DB00814,Meloxicam,CHEMBL330,"Glutamate receptor ionotropic, NMDA 1",Rattus norvegicus,P35439,1,0,0,1
CHEMBL599,DB00814,Meloxicam,CHEMBL343,Gamma-aminobutyric acid receptor subunit alpha-1,Rattus norvegicus,P62813,2,0,0,2
CHEMBL599,DB00814,Meloxicam,CHEMBL3762,Voltage-dependent L-type calcium channel subunit alpha-1C,Rattus norvegicus,P22002,1,0,0,1
CHEMBL599,DB00814,Meloxicam,CHEMBL4042,Prostaglandin G/H synthase 1,Rattus norvegicus,Q63921,1,0,0,1
CHEMBL599,DB00814,Meloxicam,CHEMBL4102,Prostaglandin G/H synthase 2,Ovis aries,P79208,1,0,0,1
CHEMBL599,DB00814,Meloxicam,CHEMBL4321,Prostaglandin G/H synthase 2,Mus musculus,Q05769,1,0,0,1
CHEMBL599,DB00814,Meloxicam,CHEMBL5107,Voltage-dependent N-type calcium channel subunit alpha-1B,Rattus norvegicus,Q02294,1,0,0,1
CHEMBL599,DB00814,Meloxicam,CHEMBL5567,Luciferin 4-monooxygenase,Photinus pyralis,P08659,2,0,0,2
CHEMBL6,DB00328,Indomethacin,CHEMBL1293231,Nuclear receptor ROR-gamma,Mus musculus,P51450,1,0,1,0
CHEMBL6,DB00328,Indomethacin,CHEMBL1293234,Fructose-bisphosphate aldolase,Giardia intestinalis,A8B2U2,3,0,3,0
CHEMBL6,DB00328,Indomethacin,CHEMBL1641359,Lipoxygenase,Glycine max,Q39829,1,0,1,0
CHEMBL6,DB00328,Indomethacin,CHEMBL1777665,Solute carrier family 22 member 6,Rattus norvegicus,O35956,2,0,2,0
CHEMBL6,DB00328,Indomethacin,CHEMBL1781859,Solute carrier organic anion transporter family member 1A1,Rattus norvegicus,P46720,1,0,0,1
CHEMBL6,DB00328,Indomethacin,CHEMBL1781860,Solute carrier organic anion transporter family member 1A4,Rattus norvegicus,O35913,1,0,0,1
CHEMBL6,DB00328,Indomethacin,CHEMBL2026,Beta-lactamase,Escherichia coli K-12,P00811,1,0,0,1
CHEMBL6,DB00328,Indomethacin,CHEMBL2073666,Organic anion transporter 3,Rattus norvegicus,Q9R1U7,1,0,1,0
CHEMBL6,DB00328,Indomethacin,CHEMBL2073672,Organic anion transporter 3,Mus musculus,O88909,1,0,0,1
CHEMBL6,DB00328,Indomethacin,CHEMBL2073707,Solute carrier organic anion transporter family member 1A3,Rattus norvegicus,P70502,1,0,0,1
CHEMBL6,DB00328,Indomethacin,CHEMBL2181,Prostaglandin E2 receptor EP1 subtype,Mus musculus,P35375,2,0,2,0
CHEMBL6,DB00328,Indomethacin,CHEMBL2488,Prostaglandin E2 receptor EP2 subtype,Mus musculus,Q62053,2,0,2,0
CHEMBL6,DB00328,Indomethacin,CHEMBL2489,Prostaglandin E2 receptor EP4 subtype,Mus musculus,P32240,2,0,2,0
CHEMBL6,DB00328,Indomethacin,CHEMBL2532,Multidrug resistance-associated protein 1,Mus musculus,O35379,1,0,0,1
CHEMBL6,DB00328,Indomethacin,CHEMBL2622,Aldo-keto reductase family 1 member B1,Rattus norvegicus,P07943,1,0,1,0
CHEMBL6,DB00328,Indomethacin,CHEMBL2649,Prostaglandin G/H synthase 1,Mus musculus,P22437,3,0,3,0
CHEMBL6,DB00328,Indomethacin,CHEMBL2860,Prostaglandin G/H synthase 1,Bos taurus,O62664,6,0,6,0
CHEMBL6,DB00328,Indomethacin,CHEMBL2949,Prostaglandin G/H synthase 1,Ovis aries,P05979,125,0,122,3
CHEMBL6,DB00328,Indomethacin,CHEMBL2977,Prostaglandin G/H synthase 2,Rattus norvegicus,P35355,3,0,1,2
CHEMBL6,DB00328,Indomethacin,CHEMBL3072,Androgen receptor,Rattus norvegicus,P15207,1,0,0,1
CHEMBL6,DB00328,Indomethacin,CHEMBL3081,Aldo-keto reductase family 1 member B1,Bos taurus,P16116,4,0,0,4
CHEMBL6,DB00328,Indomethacin,CHEMBL312,Polyunsaturated fatty acid 5-lipoxygenase,Rattus norvegicus,P12527,11,0,4,7
CHEMBL6,DB00328,Indomethacin,CHEMBL330,"Glutamate receptor ionotropic, NMDA 1",Rattus norvegicus,P35439,1,0,0,1
CHEMBL6,DB00328,Indomethacin,CHEMBL343,Gamma-aminobutyric acid receptor subunit alpha-1,Rattus norvegicus,P62813,3,0,0,3
CHEMBL6,DB00328,Indomethacin,CHEMBL3464,"Nitric oxide synthase, inducible",Mus musculus,P29477,7,0,7,0
CHEMBL6,DB00328,Indomethacin,CHEMBL3563,Cruzipain,Trypanosoma cruzi,P25779,2,0,2,0
CHEMBL6,DB00328,Indomethacin,CHEMBL3728,Albumin,Bos taurus,P02769,1,0,1,0
CHEMBL6,DB00328,Indomethacin,CHEMBL3762,Voltage-dependent L-type calcium channel subunit alpha-1C,Rattus norvegicus,P22002,1,0,0,1
CHEMBL6,DB00328,Indomethacin,CHEMBL3933,Prostaglandin D2 receptor,Mus musculus,P70263,3,0,3,0
CHEMBL6,DB00328,Indomethacin,CHEMBL4042,Prostaglandin G/H synthase 1,Rattus norvegicus,Q63921,5,0,2,3
CHEMBL6,DB00328,Indomethacin,CHEMBL4102,Prostaglandin G/H synthase 2,Ovis aries,P79208,47,0,47,0
CHEMBL6,DB00328,Indomethacin,CHEMBL4321,Prostaglandin G/H synthase 2,Mus musculus,Q05769,14,0,10,4
CHEMBL6,DB00328,Indomethacin,CHEMBL4334,Prostaglandin-H2 D-isomerase,Mus musculus,O09114,1,0,0,1
CHEMBL6,DB00328,Indomethacin,CHEMBL4336,Prostaglandin E2 receptor EP3 subtype,Mus musculus,P30557,2,0,2,0
CHEMBL6,DB00328,Indomethacin,CHEMBL4523582,Replicase polyprotein 1ab,Severe acute respiratory syndrome coronavirus 2,P0DTD1,2,0,2,0
CHEMBL6,DB00328,Indomethacin,CHEMBL4715,"Phospholipase A2, major isoenzyme",Sus scrofa,P00592,2,0,2,0
CHEMBL6,DB00328,Indomethacin,CHEMBL5016,Phospholipase A2,Rattus norvegicus,P04055,1,0,1,0
CHEMBL6,DB00328,Indomethacin,CHEMBL5107,Voltage-dependent N-type calcium channel subunit alpha-1B,Rattus norvegicus,Q02294,1,0,0,1
CHEMBL6,DB00328,Indomethacin,CHEMBL5567,Luciferin 4-monooxygenase,Photinus pyralis,P08659,1,0,0,1
CHEMBL6,DB00328,Indomethacin,CHEMBL6011,Cytochrome c oxidase subunit 1,Ovis aries,O78749,1,0,1,0
CHEMBL602,DB00847,Cysteamine,CHEMBL6035,"Thioredoxin reductase 1, cytoplasmic",Rattus norvegicus,O89049,4,0,0,4
CHEMBL603,DB00549,Zafirlukast,CHEMBL1293228,Streptokinase A,Streptococcus pyogenes serotype M1,P10520,2,0,0,2
CHEMBL603,DB00549,Zafirlukast,CHEMBL1293231,Nuclear receptor ROR-gamma,Mus musculus,P51450,1,0,0,1
CHEMBL603,DB00549,Zafirlukast,CHEMBL2146315,Nuclear receptor subfamily 1 group I member 2,Rattus norvegicus,Q9R1A7,1,0,0,1
CHEMBL603,DB00549,Zafirlukast,CHEMBL3072,Androgen receptor,Rattus norvegicus,P15207,1,0,0,1
CHEMBL603,DB00549,Zafirlukast,CHEMBL330,"Glutamate receptor ionotropic, NMDA 1",Rattus norvegicus,P35439,1,0,0,1
CHEMBL603,DB00549,Zafirlukast,CHEMBL343,Gamma-aminobutyric acid receptor subunit alpha-1,Rattus norvegicus,P62813,2,0,0,2
CHEMBL603,DB00549,Zafirlukast,CHEMBL3762,Voltage-dependent L-type calcium channel subunit alpha-1C,Rattus norvegicus,P22002,1,0,0,1
CHEMBL603,DB00549,Zafirlukast,CHEMBL4042,Prostaglandin G/H synthase 1,Rattus norvegicus,Q63921,1,0,0,1
CHEMBL603,DB00549,Zafirlukast,CHEMBL4523582,Replicase polyprotein 1ab,Severe acute respiratory syndrome coronavirus 2,P0DTD1,1,0,0,1
CHEMBL603,DB00549,Zafirlukast,CHEMBL5136,Platelet-activating factor receptor,Cavia porcellus,P21556,1,0,0,1
CHEMBL603,DB00549,Zafirlukast,CHEMBL5567,Luciferin 4-monooxygenase,Photinus pyralis,P08659,2,0,0,2
CHEMBL603,DB00549,Zafirlukast,CHEMBL5645,Cysteinyl leukotriene receptor 1,Cavia porcellus,Q2NNR5,11,0,0,11
CHEMBL606,DB00929,Misoprostol,CHEMBL1293231,Nuclear receptor ROR-gamma,Mus musculus,P51450,1,0,0,1
CHEMBL606,DB00929,Misoprostol,CHEMBL2007624,Peripheral myelin protein 22,Rattus norvegicus,P25094,1,0,0,1
CHEMBL606,DB00929,Misoprostol,CHEMBL3072,Androgen receptor,Rattus norvegicus,P15207,2,0,0,2
CHEMBL606,DB00929,Misoprostol,CHEMBL330,"Glutamate receptor ionotropic, NMDA 1",Rattus norvegicus,P35439,1,0,0,1
CHEMBL606,DB00929,Misoprostol,CHEMBL343,Gamma-aminobutyric acid receptor subunit alpha-1,Rattus norvegicus,P62813,2,0,0,2
CHEMBL606,DB00929,Misoprostol,CHEMBL3563,Cruzipain,Trypanosoma cruzi,P25779,2,0,0,2
CHEMBL606,DB00929,Misoprostol,CHEMBL4042,Prostaglandin G/H synthase 1,Rattus norvegicus,Q63921,1,0,0,1
CHEMBL606,DB00929,Misoprostol,CHEMBL6110,Thioredoxin glutathione reductase,Schistosoma mansoni,Q962Y6,1,0,0,1
CHEMBL6066864,DB00875,Flupentixol,CHEMBL1293231,Nuclear receptor ROR-gamma,Mus musculus,P51450,2,0,0,2
CHEMBL6066864,DB00875,Flupentixol,CHEMBL1293234,Fructose-bisphosphate aldolase,Giardia intestinalis,A8B2U2,1,0,0,1
CHEMBL6066864,DB00875,Flupentixol,CHEMBL1293248,4'-phosphopantetheinyl transferase ffp,Bacillus subtilis,Q9F4F7,1,0,0,1
CHEMBL6066864,DB00875,Flupentixol,CHEMBL2007624,Peripheral myelin protein 22,Rattus norvegicus,P25094,1,0,0,1
CHEMBL6066864,DB00875,Flupentixol,CHEMBL4042,Prostaglandin G/H synthase 1,Rattus norvegicus,Q63921,1,0,0,1
CHEMBL6066864,DB00875,Flupentixol,CHEMBL4523582,Replicase polyprotein 1ab,Severe acute respiratory syndrome coronavirus 2,P0DTD1,1,0,0,1
CHEMBL6066864,DB00875,Flupentixol,CHEMBL5686,ATP-dependent 6-phosphofructokinase,Trypanosoma brucei,O15648,1,0,0,1
CHEMBL607,DB00454,Meperidine,CHEMBL3072,Androgen receptor,Rattus norvegicus,P15207,1,0,0,1
CHEMBL607,DB00454,Meperidine,CHEMBL313,Sodium-dependent serotonin transporter,Rattus norvegicus,P31652,1,0,0,1
CHEMBL607,DB00454,Meperidine,CHEMBL330,"Glutamate receptor ionotropic, NMDA 1",Rattus norvegicus,P35439,1,0,0,1
CHEMBL607,DB00454,Meperidine,CHEMBL338,Sodium-dependent dopamine transporter,Rattus norvegicus,P23977,1,0,0,1
CHEMBL607,DB00454,Meperidine,CHEMBL343,Gamma-aminobutyric acid receptor subunit alpha-1,Rattus norvegicus,P62813,2,0,0,2
CHEMBL607,DB00454,Meperidine,CHEMBL3762,Voltage-dependent L-type calcium channel subunit alpha-1C,Rattus norvegicus,P22002,1,0,0,1
CHEMBL607,DB00454,Meperidine,CHEMBL3952,Kappa-type opioid receptor,Cavia porcellus,P41144,1,0,0,1
CHEMBL607,DB00454,Meperidine,CHEMBL4042,Prostaglandin G/H synthase 1,Rattus norvegicus,Q63921,1,0,0,1
CHEMBL607,DB00454,Meperidine,CHEMBL4354,Mu-type opioid receptor,Cavia porcellus,P97266,1,0,0,1
CHEMBL61006,DB00397,Phenylpropanolamine,CHEMBL266,Alpha-2B adrenergic receptor,Rattus norvegicus,P19328,1,0,0,1
CHEMBL61006,DB00397,Phenylpropanolamine,CHEMBL3072,Androgen receptor,Rattus norvegicus,P15207,1,0,0,1
CHEMBL61006,DB00397,Phenylpropanolamine,CHEMBL3122,Alpha-1B adrenergic receptor,Mesocricetus auratus,P18841,2,0,2,0
CHEMBL61006,DB00397,Phenylpropanolamine,CHEMBL315,Alpha-1B adrenergic receptor,Rattus norvegicus,P15823,1,0,1,0
CHEMBL61006,DB00397,Phenylpropanolamine,CHEMBL319,Alpha-1A adrenergic receptor,Rattus norvegicus,P43140,2,0,1,1
CHEMBL61006,DB00397,Phenylpropanolamine,CHEMBL326,Alpha-1D adrenergic receptor,Rattus norvegicus,P23944,3,0,2,1
CHEMBL61006,DB00397,Phenylpropanolamine,CHEMBL330,"Glutamate receptor ionotropic, NMDA 1",Rattus norvegicus,P35439,1,0,0,1
CHEMBL61006,DB00397,Phenylpropanolamine,CHEMBL343,Gamma-aminobutyric acid receptor subunit alpha-1,Rattus norvegicus,P62813,2,0,0,2
CHEMBL61006,DB00397,Phenylpropanolamine,CHEMBL3637,Alpha-1A adrenergic receptor,Oryctolagus cuniculus,O02824,1,0,1,0
CHEMBL61006,DB00397,Phenylpropanolamine,CHEMBL3762,Voltage-dependent L-type calcium channel subunit alpha-1C,Rattus norvegicus,P22002,1,0,0,1
CHEMBL61006,DB00397,Phenylpropanolamine,CHEMBL4042,Prostaglandin G/H synthase 1,Rattus norvegicus,Q63921,1,0,0,1
CHEMBL61006,DB00397,Phenylpropanolamine,CHEMBL5107,Voltage-dependent N-type calcium channel subunit alpha-1B,Rattus norvegicus,Q02294,1,0,0,1
CHEMBL612,DB01576,Dextroamphetamine,CHEMBL1926495,Trace amine-associated receptor 1,Macaca mulatta,Q8HZ64,1,0,0,1
CHEMBL612,DB01576,Dextroamphetamine,CHEMBL2007624,Peripheral myelin protein 22,Rattus norvegicus,P25094,1,0,0,1
CHEMBL612,DB01576,Dextroamphetamine,CHEMBL2331,Phenylethanolamine N-methyltransferase,Bos taurus,P10938,4,0,0,4
CHEMBL612,DB01576,Dextroamphetamine,CHEMBL2756,Amine oxidase [flavin-containing] B,Bos taurus,P56560,1,0,0,1
CHEMBL612,DB01576,Dextroamphetamine,CHEMBL2993,Amine oxidase [flavin-containing] B,Rattus norvegicus,P19643,3,0,0,3
CHEMBL612,DB01576,Dextroamphetamine,CHEMBL313,Sodium-dependent serotonin transporter,Rattus norvegicus,P31652,2,0,0,2
CHEMBL612,DB01576,Dextroamphetamine,CHEMBL3358,Amine oxidase [flavin-containing] A,Rattus norvegicus,P21396,1,0,0,1
CHEMBL612,DB01576,Dextroamphetamine,CHEMBL338,Sodium-dependent dopamine transporter,Rattus norvegicus,P23977,3,0,0,3
CHEMBL612,DB01576,Dextroamphetamine,CHEMBL3833,Trace amine-associated receptor 1,Rattus norvegicus,Q923Y9,6,0,0,6
CHEMBL612,DB01576,Dextroamphetamine,CHEMBL4908,Trace amine-associated receptor 1,Mus musculus,Q923Y8,5,0,0,5
CHEMBL620,DB00771,Clidinium,CHEMBL3072,Androgen receptor,Rattus norvegicus,P15207,2,0,0,2
CHEMBL620,DB00771,Clidinium,CHEMBL330,"Glutamate receptor ionotropic, NMDA 1",Rattus norvegicus,P35439,1,0,0,1
CHEMBL620,DB00771,Clidinium,CHEMBL343,Gamma-aminobutyric acid receptor subunit alpha-1,Rattus norvegicus,P62813,1,0,0,1
CHEMBL620,DB00771,Clidinium,CHEMBL4042,Prostaglandin G/H synthase 1,Rattus norvegicus,Q63921,1,0,0,1
CHEMBL620,DB00771,Clidinium,CHEMBL4523582,Replicase polyprotein 1ab,Severe acute respiratory syndrome coronavirus 2,P0DTD1,1,0,0,1
CHEMBL621,DB00656,Trazodone,CHEMBL273,5-hydroxytryptamine receptor 1A,Rattus norvegicus,P19327,3,0,0,3
CHEMBL621,DB00656,Trazodone,CHEMBL276,Muscarinic acetylcholine receptor M1,Rattus norvegicus,P08482,1,0,0,1
CHEMBL621,DB00656,Trazodone,CHEMBL304,Norepinephrine transporter,Rattus norvegicus,Q9WTR4,1,0,0,1
CHEMBL621,DB00656,Trazodone,CHEMBL3072,Androgen receptor,Rattus norvegicus,P15207,1,0,0,1
CHEMBL621,DB00656,Trazodone,CHEMBL315,Alpha-1B adrenergic receptor,Rattus norvegicus,P15823,2,0,0,2
CHEMBL621,DB00656,Trazodone,CHEMBL319,Alpha-1A adrenergic receptor,Rattus norvegicus,P43140,2,0,0,2
CHEMBL621,DB00656,Trazodone,CHEMBL322,5-hydroxytryptamine receptor 2A,Rattus norvegicus,P14842,2,0,0,2
CHEMBL621,DB00656,Trazodone,CHEMBL330,"Glutamate receptor ionotropic, NMDA 1",Rattus norvegicus,P35439,1,0,0,1
CHEMBL621,DB00656,Trazodone,CHEMBL339,D(2) dopamine receptor,Rattus norvegicus,P61169,1,0,0,1
CHEMBL621,DB00656,Trazodone,CHEMBL343,Gamma-aminobutyric acid receptor subunit alpha-1,Rattus norvegicus,P62813,2,0,0,2
CHEMBL621,DB00656,Trazodone,CHEMBL3459,5-hydroxytryptamine receptor 1B,Rattus norvegicus,P28564,2,0,0,2
CHEMBL621,DB00656,Trazodone,CHEMBL3573,Histamine H1 receptor,Bos taurus,P30546,1,0,0,1
CHEMBL621,DB00656,Trazodone,CHEMBL3762,Voltage-dependent L-type calcium channel subunit alpha-1C,Rattus norvegicus,P22002,1,0,0,1
CHEMBL621,DB00656,Trazodone,CHEMBL4042,Prostaglandin G/H synthase 1,Rattus norvegicus,Q63921,1,0,0,1
CHEMBL621,DB00656,Trazodone,CHEMBL4817,Albumin,Rattus norvegicus,P02770,1,0,0,1
CHEMBL621,DB00656,Trazodone,CHEMBL5107,Voltage-dependent N-type calcium channel subunit alpha-1B,Rattus norvegicus,Q02294,1,0,0,1
CHEMBL621,DB00656,Trazodone,CHEMBL5686,ATP-dependent 6-phosphofructokinase,Trypanosoma brucei,O15648,1,0,0,1
CHEMBL621,DB00656,Trazodone,CHEMBL6035,"Thioredoxin reductase 1, cytoplasmic",Rattus norvegicus,O89049,2,0,0,2
CHEMBL623,DB01149,Nefazodone,CHEMBL2073674,Bile salt export pump,Rattus norvegicus,O70127,1,0,0,1
CHEMBL623,DB01149,Nefazodone,CHEMBL273,5-hydroxytryptamine receptor 1A,Rattus norvegicus,P19327,1,0,0,1
CHEMBL623,DB01149,Nefazodone,CHEMBL304,Norepinephrine transporter,Rattus norvegicus,Q9WTR4,1,0,0,1
CHEMBL623,DB01149,Nefazodone,CHEMBL3072,Androgen receptor,Rattus norvegicus,P15207,1,0,0,1
CHEMBL623,DB01149,Nefazodone,CHEMBL313,Sodium-dependent serotonin transporter,Rattus norvegicus,P31652,2,0,0,2
CHEMBL623,DB01149,Nefazodone,CHEMBL322,5-hydroxytryptamine receptor 2A,Rattus norvegicus,P14842,2,0,0,2
CHEMBL623,DB01149,Nefazodone,CHEMBL330,"Glutamate receptor ionotropic, NMDA 1",Rattus norvegicus,P35439,1,0,0,1
CHEMBL623,DB01149,Nefazodone,CHEMBL338,Sodium-dependent dopamine transporter,Rattus norvegicus,P23977,1,0,0,1
CHEMBL623,DB01149,Nefazodone,CHEMBL343,Gamma-aminobutyric acid receptor subunit alpha-1,Rattus norvegicus,P62813,2,0,0,2
CHEMBL623,DB01149,Nefazodone,CHEMBL3762,Voltage-dependent L-type calcium channel subunit alpha-1C,Rattus norvegicus,P22002,1,0,0,1
CHEMBL623,DB01149,Nefazodone,CHEMBL4042,Prostaglandin G/H synthase 1,Rattus norvegicus,Q63921,1,0,0,1
CHEMBL623,DB01149,Nefazodone,CHEMBL4523582,Replicase polyprotein 1ab,Severe acute respiratory syndrome coronavirus 2,P0DTD1,1,0,0,1
CHEMBL623,DB01149,Nefazodone,CHEMBL5107,Voltage-dependent N-type calcium channel subunit alpha-1B,Rattus norvegicus,Q02294,1,0,0,1
CHEMBL623,DB01149,Nefazodone,CHEMBL6184,Transporter,Rattus norvegicus,Q63380,1,0,0,1
CHEMBL629,DB00321,Amitriptyline,CHEMBL273,5-hydroxytryptamine receptor 1A,Rattus norvegicus,P19327,2,0,0,2
CHEMBL629,DB00321,Amitriptyline,CHEMBL276,Muscarinic acetylcholine receptor M1,Rattus norvegicus,P08482,2,0,2,0
CHEMBL629,DB00321,Amitriptyline,CHEMBL2882,Histamine H2 receptor,Cavia porcellus,P47747,1,0,1,0
CHEMBL629,DB00321,Amitriptyline,CHEMBL304,Norepinephrine transporter,Rattus norvegicus,Q9WTR4,1,0,0,1
CHEMBL629,DB00321,Amitriptyline,CHEMBL3072,Androgen receptor,Rattus norvegicus,P15207,3,0,0,3
CHEMBL629,DB00321,Amitriptyline,CHEMBL313,Sodium-dependent serotonin transporter,Rattus norvegicus,P31652,1,0,0,1
CHEMBL629,DB00321,Amitriptyline,CHEMBL315,Alpha-1B adrenergic receptor,Rattus norvegicus,P15823,2,0,2,0
CHEMBL629,DB00321,Amitriptyline,CHEMBL319,Alpha-1A adrenergic receptor,Rattus norvegicus,P43140,4,0,3,1
CHEMBL629,DB00321,Amitriptyline,CHEMBL330,"Glutamate receptor ionotropic, NMDA 1",Rattus norvegicus,P35439,1,0,0,1
CHEMBL629,DB00321,Amitriptyline,CHEMBL343,Gamma-aminobutyric acid receptor subunit alpha-1,Rattus norvegicus,P62813,2,0,0,2
CHEMBL629,DB00321,Amitriptyline,CHEMBL3459,5-hydroxytryptamine receptor 1B,Rattus norvegicus,P28564,2,0,2,0
CHEMBL629,DB00321,Amitriptyline,CHEMBL3762,Voltage-dependent L-type calcium channel subunit alpha-1C,Rattus norvegicus,P22002,3,0,2,1
CHEMBL629,DB00321,Amitriptyline,CHEMBL4042,Prostaglandin G/H synthase 1,Rattus norvegicus,Q63921,2,0,0,2
CHEMBL629,DB00321,Amitriptyline,CHEMBL4701,Histamine H1 receptor,Rattus norvegicus,P31390,1,0,0,1
CHEMBL629,DB00321,Amitriptyline,CHEMBL4817,Albumin,Rattus norvegicus,P02770,1,0,1,0
CHEMBL629,DB00321,Amitriptyline,CHEMBL5107,Voltage-dependent N-type calcium channel subunit alpha-1B,Rattus norvegicus,Q02294,1,0,0,1
CHEMBL629,DB00321,Amitriptyline,CHEMBL6035,"Thioredoxin reductase 1, cytoplasmic",Rattus norvegicus,O89049,1,0,0,1
CHEMBL632,DB00443,Betamethasone,CHEMBL2146315,Nuclear receptor subfamily 1 group I member 2,Rattus norvegicus,Q9R1A7,1,0,0,1
CHEMBL632,DB00443,Betamethasone,CHEMBL4523582,Replicase polyprotein 1ab,Severe acute respiratory syndrome coronavirus 2,P0DTD1,2,0,0,2
CHEMBL632,DB00443,Betamethasone,CHEMBL5686,ATP-dependent 6-phosphofructokinase,Trypanosoma brucei,O15648,1,0,0,1
CHEMBL635,DB00635,Prednisone,CHEMBL1293231,Nuclear receptor ROR-gamma,Mus musculus,P51450,1,0,0,1
CHEMBL635,DB00635,Prednisone,CHEMBL1781859,Solute carrier organic anion transporter family member 1A1,Rattus norvegicus,P46720,1,0,0,1
CHEMBL635,DB00635,Prednisone,CHEMBL2146315,Nuclear receptor subfamily 1 group I member 2,Rattus norvegicus,Q9R1A7,1,0,0,1
CHEMBL635,DB00635,Prednisone,CHEMBL3072,Androgen receptor,Rattus norvegicus,P15207,1,0,0,1
CHEMBL635,DB00635,Prednisone,CHEMBL330,"Glutamate receptor ionotropic, NMDA 1",Rattus norvegicus,P35439,1,0,0,1
CHEMBL635,DB00635,Prednisone,CHEMBL343,Gamma-aminobutyric acid receptor subunit alpha-1,Rattus norvegicus,P62813,2,0,0,2
CHEMBL635,DB00635,Prednisone,CHEMBL3762,Voltage-dependent L-type calcium channel subunit alpha-1C,Rattus norvegicus,P22002,1,0,0,1
CHEMBL635,DB00635,Prednisone,CHEMBL4042,Prostaglandin G/H synthase 1,Rattus norvegicus,Q63921,1,0,0,1
CHEMBL635,DB00635,Prednisone,CHEMBL4523582,Replicase polyprotein 1ab,Severe acute respiratory syndrome coronavirus 2,P0DTD1,1,0,0,1
CHEMBL635,DB00635,Prednisone,CHEMBL5107,Voltage-dependent N-type calcium channel subunit alpha-1B,Rattus norvegicus,Q02294,1,0,0,1
CHEMBL635,DB00635,Prednisone,CHEMBL6110,Thioredoxin glutathione reductase,Schistosoma mansoni,Q962Y6,1,0,0,1
CHEMBL636,DB00989,Rivastigmine,CHEMBL2528,Cholinesterase,Mus musculus,Q03311,3,0,0,3
CHEMBL636,DB00989,Rivastigmine,CHEMBL313,Sodium-dependent serotonin transporter,Rattus norvegicus,P31652,1,0,0,1
CHEMBL636,DB00989,Rivastigmine,CHEMBL3198,Acetylcholinesterase,Mus musculus,P21836,5,0,0,5
CHEMBL636,DB00989,Rivastigmine,CHEMBL3199,Acetylcholinesterase,Rattus norvegicus,P37136,11,0,0,11
CHEMBL636,DB00989,Rivastigmine,CHEMBL3403,Butyrylcholinesterase,Rattus norvegicus,Q9JKC1,8,0,0,8
CHEMBL636,DB00989,Rivastigmine,CHEMBL4078,Acetylcholinesterase,Electrophorus electricus,O42275,38,0,0,38
CHEMBL636,DB00989,Rivastigmine,CHEMBL4523582,Replicase polyprotein 1ab,Severe acute respiratory syndrome coronavirus 2,P0DTD1,1,0,0,1
CHEMBL636,DB00989,Rivastigmine,CHEMBL4630814,Cholinesterase,Canis lupus familiaris,P32750,1,0,0,1
CHEMBL636,DB00989,Rivastigmine,CHEMBL4768,Acetylcholinesterase,Bos taurus,P23795,1,0,0,1
CHEMBL636,DB00989,Rivastigmine,CHEMBL4780,Acetylcholinesterase,Torpedo californica,P04058,3,0,0,3
CHEMBL636,DB00989,Rivastigmine,CHEMBL4961,Acetylcholine receptor subunit epsilon,Rattus norvegicus,P09660,1,0,0,1
CHEMBL636,DB00989,Rivastigmine,CHEMBL5077,Butyrylcholinesterase,Equus caballus,Q9N1N9,2,0,0,2
CHEMBL636,DB00989,Rivastigmine,CHEMBL5763,Cholinesterase,Equus caballus,P81908,38,0,0,38
CHEMBL637,DB00285,Venlafaxine,CHEMBL273,5-hydroxytryptamine receptor 1A,Rattus norvegicus,P19327,1,0,0,1
CHEMBL637,DB00285,Venlafaxine,CHEMBL304,Norepinephrine transporter,Rattus norvegicus,Q9WTR4,5,0,0,5
CHEMBL637,DB00285,Venlafaxine,CHEMBL3072,Androgen receptor,Rattus norvegicus,P15207,1,0,0,1
CHEMBL637,DB00285,Venlafaxine,CHEMBL313,Sodium-dependent serotonin transporter,Rattus norvegicus,P31652,8,0,3,5
CHEMBL637,DB00285,Venlafaxine,CHEMBL319,Alpha-1A adrenergic receptor,Rattus norvegicus,P43140,3,0,0,3
CHEMBL637,DB00285,Venlafaxine,CHEMBL322,5-hydroxytryptamine receptor 2A,Rattus norvegicus,P14842,1,0,0,1
CHEMBL637,DB00285,Venlafaxine,CHEMBL330,"Glutamate receptor ionotropic, NMDA 1",Rattus norvegicus,P35439,1,0,0,1
CHEMBL637,DB00285,Venlafaxine,CHEMBL338,Sodium-dependent dopamine transporter,Rattus norvegicus,P23977,3,0,1,2
CHEMBL637,DB00285,Venlafaxine,CHEMBL343,Gamma-aminobutyric acid receptor subunit alpha-1,Rattus norvegicus,P62813,2,0,0,2
CHEMBL637,DB00285,Venlafaxine,CHEMBL3762,Voltage-dependent L-type calcium channel subunit alpha-1C,Rattus norvegicus,P22002,1,0,0,1
CHEMBL637,DB00285,Venlafaxine,CHEMBL4042,Prostaglandin G/H synthase 1,Rattus norvegicus,Q63921,1,0,0,1
CHEMBL637,DB00285,Venlafaxine,CHEMBL4523582,Replicase polyprotein 1ab,Severe acute respiratory syndrome coronavirus 2,P0DTD1,1,0,1,0
CHEMBL637,DB00285,Venlafaxine,CHEMBL4817,Albumin,Rattus norvegicus,P02770,1,0,1,0
CHEMBL637,DB00285,Venlafaxine,CHEMBL4828,Synaptic vesicular amine transporter,Rattus norvegicus,Q01827,1,0,0,1
CHEMBL637,DB00285,Venlafaxine,CHEMBL5107,Voltage-dependent N-type calcium channel subunit alpha-1B,Rattus norvegicus,Q02294,1,0,0,1
CHEMBL637,DB00285,Venlafaxine,CHEMBL5686,ATP-dependent 6-phosphofructokinase,Trypanosoma brucei,O15648,1,0,1,0
CHEMBL637,DB00285,Venlafaxine,CHEMBL6035,"Thioredoxin reductase 1, cytoplasmic",Rattus norvegicus,O89049,1,0,0,1
CHEMBL637,DB00285,Venlafaxine,CHEMBL6184,Transporter,Rattus norvegicus,Q63380,2,0,2,0
CHEMBL641,DB00289,Atomoxetine,CHEMBL1293238,Inositol monophosphatase 1,Rattus norvegicus,P97697,1,0,1,0
CHEMBL641,DB00289,Atomoxetine,CHEMBL304,Norepinephrine transporter,Rattus norvegicus,Q9WTR4,2,0,0,2
CHEMBL641,DB00289,Atomoxetine,CHEMBL3072,Androgen receptor,Rattus norvegicus,P15207,2,0,0,2
CHEMBL641,DB00289,Atomoxetine,CHEMBL313,Sodium-dependent serotonin transporter,Rattus norvegicus,P31652,3,0,1,2
CHEMBL641,DB00289,Atomoxetine,CHEMBL330,"Glutamate receptor ionotropic, NMDA 1",Rattus norvegicus,P35439,1,0,0,1
CHEMBL641,DB00289,Atomoxetine,CHEMBL338,Sodium-dependent dopamine transporter,Rattus norvegicus,P23977,4,0,1,3
CHEMBL641,DB00289,Atomoxetine,CHEMBL343,Gamma-aminobutyric acid receptor subunit alpha-1,Rattus norvegicus,P62813,2,0,0,2
CHEMBL641,DB00289,Atomoxetine,CHEMBL3762,Voltage-dependent L-type calcium channel subunit alpha-1C,Rattus norvegicus,P22002,1,0,0,1
CHEMBL641,DB00289,Atomoxetine,CHEMBL4042,Prostaglandin G/H synthase 1,Rattus norvegicus,Q63921,1,0,0,1
CHEMBL641,DB00289,Atomoxetine,CHEMBL4372,Lethal factor,Bacillus anthracis,P15917,1,0,1,0
CHEMBL641,DB00289,Atomoxetine,CHEMBL4523582,Replicase polyprotein 1ab,Severe acute respiratory syndrome coronavirus 2,P0DTD1,1,0,1,0
CHEMBL641,DB00289,Atomoxetine,CHEMBL6184,Transporter,Rattus norvegicus,Q63380,1,0,1,0
CHEMBL642,DB01193,Acebutolol,CHEMBL273,5-hydroxytryptamine receptor 1A,Rattus norvegicus,P19327,1,0,0,1
CHEMBL642,DB01193,Acebutolol,CHEMBL3072,Androgen receptor,Rattus norvegicus,P15207,1,0,0,1
CHEMBL642,DB01193,Acebutolol,CHEMBL330,"Glutamate receptor ionotropic, NMDA 1",Rattus norvegicus,P35439,1,0,0,1
CHEMBL642,DB01193,Acebutolol,CHEMBL343,Gamma-aminobutyric acid receptor subunit alpha-1,Rattus norvegicus,P62813,2,0,0,2
CHEMBL642,DB01193,Acebutolol,CHEMBL3762,Voltage-dependent L-type calcium channel subunit alpha-1C,Rattus norvegicus,P22002,1,0,0,1
CHEMBL642,DB01193,Acebutolol,CHEMBL4042,Prostaglandin G/H synthase 1,Rattus norvegicus,Q63921,1,0,0,1
CHEMBL6437,DB06148,Mianserin,CHEMBL1293238,Inositol monophosphatase 1,Rattus norvegicus,P97697,1,0,0,1
CHEMBL6437,DB06148,Mianserin,CHEMBL1293248,4'-phosphopantetheinyl transferase ffp,Bacillus subtilis,Q9F4F7,3,0,0,3
CHEMBL6437,DB06148,Mianserin,CHEMBL2366519,G-protein coupled receptor,Apis mellifera,Q9NG02,1,0,0,1
CHEMBL6437,DB06148,Mianserin,CHEMBL265,D(1A) dopamine receptor,Rattus norvegicus,P18901,1,0,0,1
CHEMBL6437,DB06148,Mianserin,CHEMBL273,5-hydroxytryptamine receptor 1A,Rattus norvegicus,P19327,2,0,0,2
CHEMBL6437,DB06148,Mianserin,CHEMBL277,Muscarinic acetylcholine receptor M5,Rattus norvegicus,P08911,1,0,0,1
CHEMBL6437,DB06148,Mianserin,CHEMBL2882,Histamine H2 receptor,Cavia porcellus,P47747,1,0,0,1
CHEMBL6437,DB06148,Mianserin,CHEMBL304,Norepinephrine transporter,Rattus norvegicus,Q9WTR4,4,0,0,4
CHEMBL6437,DB06148,Mianserin,CHEMBL3072,Androgen receptor,Rattus norvegicus,P15207,1,0,0,1
CHEMBL6437,DB06148,Mianserin,CHEMBL313,Sodium-dependent serotonin transporter,Rattus norvegicus,P31652,3,0,0,3
CHEMBL6437,DB06148,Mianserin,CHEMBL3138,D(3) dopamine receptor,Rattus norvegicus,P19020,1,0,0,1
CHEMBL6437,DB06148,Mianserin,CHEMBL315,Alpha-1B adrenergic receptor,Rattus norvegicus,P15823,2,0,0,2
CHEMBL6437,DB06148,Mianserin,CHEMBL319,Alpha-1A adrenergic receptor,Rattus norvegicus,P43140,3,0,0,3
CHEMBL6437,DB06148,Mianserin,CHEMBL322,5-hydroxytryptamine receptor 2A,Rattus norvegicus,P14842,5,0,0,5
CHEMBL6437,DB06148,Mianserin,CHEMBL3223,5-hydroxytryptamine receptor 7,Rattus norvegicus,P32305,2,0,0,2
CHEMBL6437,DB06148,Mianserin,CHEMBL324,5-hydroxytryptamine receptor 2C,Rattus norvegicus,P08909,1,0,0,1
CHEMBL6437,DB06148,Mianserin,CHEMBL330,"Glutamate receptor ionotropic, NMDA 1",Rattus norvegicus,P35439,1,0,0,1
CHEMBL6437,DB06148,Mianserin,CHEMBL338,Sodium-dependent dopamine transporter,Rattus norvegicus,P23977,2,0,0,2
CHEMBL6437,DB06148,Mianserin,CHEMBL339,D(2) dopamine receptor,Rattus norvegicus,P61169,4,0,0,4
CHEMBL6437,DB06148,Mianserin,CHEMBL343,Gamma-aminobutyric acid receptor subunit alpha-1,Rattus norvegicus,P62813,2,0,0,2
CHEMBL6437,DB06148,Mianserin,CHEMBL3459,5-hydroxytryptamine receptor 1B,Rattus norvegicus,P28564,1,0,0,1
CHEMBL6437,DB06148,Mianserin,CHEMBL3762,Voltage-dependent L-type calcium channel subunit alpha-1C,Rattus norvegicus,P22002,1,0,0,1
CHEMBL6437,DB06148,Mianserin,CHEMBL3943,Histamine H1 receptor,Cavia porcellus,P31389,1,0,0,1
CHEMBL6437,DB06148,Mianserin,CHEMBL4042,Prostaglandin G/H synthase 1,Rattus norvegicus,Q63921,1,0,0,1
CHEMBL6437,DB06148,Mianserin,CHEMBL4701,Histamine H1 receptor,Rattus norvegicus,P31390,1,0,0,1
CHEMBL6437,DB06148,Mianserin,CHEMBL4744,Alpha-2A adrenergic receptor,Bos taurus,Q28838,1,0,0,1
CHEMBL6437,DB06148,Mianserin,CHEMBL4828,Synaptic vesicular amine transporter,Rattus norvegicus,Q01827,1,0,0,1
CHEMBL6437,DB06148,Mianserin,CHEMBL4892,Alpha-1A adrenergic receptor,Bos taurus,P18130,2,0,0,2
CHEMBL6437,DB06148,Mianserin,CHEMBL5107,Voltage-dependent N-type calcium channel subunit alpha-1B,Rattus norvegicus,Q02294,1,0,0,1
CHEMBL6437,DB06148,Mianserin,CHEMBL5686,ATP-dependent 6-phosphofructokinase,Trypanosoma brucei,O15648,1,0,0,1
CHEMBL644,DB00726,Trimipramine,CHEMBL6035,"Thioredoxin reductase 1, cytoplasmic",Rattus norvegicus,O89049,1,0,0,1
CHEMBL645,DB00612,Bisoprolol,CHEMBL3072,Androgen receptor,Rattus norvegicus,P15207,1,0,0,1
CHEMBL645,DB00612,Bisoprolol,CHEMBL330,"Glutamate receptor ionotropic, NMDA 1",Rattus norvegicus,P35439,1,0,0,1
CHEMBL645,DB00612,Bisoprolol,CHEMBL343,Gamma-aminobutyric acid receptor subunit alpha-1,Rattus norvegicus,P62813,2,0,0,2
CHEMBL645,DB00612,Bisoprolol,CHEMBL3440,Beta-1 adrenergic receptor,Mus musculus,P34971,1,0,0,1
CHEMBL645,DB00612,Bisoprolol,CHEMBL3762,Voltage-dependent L-type calcium channel subunit alpha-1C,Rattus norvegicus,P22002,1,0,0,1
CHEMBL645,DB00612,Bisoprolol,CHEMBL4042,Prostaglandin G/H synthase 1,Rattus norvegicus,Q63921,1,0,0,1
CHEMBL645,DB00612,Bisoprolol,CHEMBL5107,Voltage-dependent N-type calcium channel subunit alpha-1B,Rattus norvegicus,Q02294,1,0,0,1
CHEMBL646,DB00897,Triazolam,CHEMBL1293231,Nuclear receptor ROR-gamma,Mus musculus,P51450,1,0,0,1
CHEMBL646,DB00897,Triazolam,CHEMBL2871,Cholecystokinin receptor type A,Rattus norvegicus,P30551,1,0,0,1
CHEMBL646,DB00897,Triazolam,CHEMBL3072,Androgen receptor,Rattus norvegicus,P15207,1,0,0,1
CHEMBL646,DB00897,Triazolam,CHEMBL330,"Glutamate receptor ionotropic, NMDA 1",Rattus norvegicus,P35439,1,0,0,1
CHEMBL646,DB00897,Triazolam,CHEMBL343,Gamma-aminobutyric acid receptor subunit alpha-1,Rattus norvegicus,P62813,2,0,0,2
CHEMBL646,DB00897,Triazolam,CHEMBL3762,Voltage-dependent L-type calcium channel subunit alpha-1C,Rattus norvegicus,P22002,1,0,0,1
CHEMBL646,DB00897,Triazolam,CHEMBL4042,Prostaglandin G/H synthase 1,Rattus norvegicus,Q63921,1,0,0,1
CHEMBL646,DB00897,Triazolam,CHEMBL5136,Platelet-activating factor receptor,Cavia porcellus,P21556,1,0,0,1
CHEMBL648,DB01176,Cyclizine,CHEMBL1293231,Nuclear receptor ROR-gamma,Mus musculus,P51450,1,0,0,1
CHEMBL648,DB01176,Cyclizine,CHEMBL315,Alpha-1B adrenergic receptor,Rattus norvegicus,P15823,2,0,0,2
CHEMBL648,DB01176,Cyclizine,CHEMBL4523582,Replicase polyprotein 1ab,Severe acute respiratory syndrome coronavirus 2,P0DTD1,1,0,0,1
CHEMBL650,DB00959,Methylprednisolone,CHEMBL1293303,Nonstructural protein 1,Influenza A virus,Q194T2,1,0,0,1
CHEMBL650,DB00959,Methylprednisolone,CHEMBL2146315,Nuclear receptor subfamily 1 group I member 2,Rattus norvegicus,Q9R1A7,1,0,0,1
CHEMBL650,DB00959,Methylprednisolone,CHEMBL3072,Androgen receptor,Rattus norvegicus,P15207,3,0,0,3
CHEMBL650,DB00959,Methylprednisolone,CHEMBL330,"Glutamate receptor ionotropic, NMDA 1",Rattus norvegicus,P35439,1,0,0,1
CHEMBL650,DB00959,Methylprednisolone,CHEMBL343,Gamma-aminobutyric acid receptor subunit alpha-1,Rattus norvegicus,P62813,2,0,0,2
CHEMBL650,DB00959,Methylprednisolone,CHEMBL3762,Voltage-dependent L-type calcium channel subunit alpha-1C,Rattus norvegicus,P22002,1,0,0,1
CHEMBL650,DB00959,Methylprednisolone,CHEMBL4042,Prostaglandin G/H synthase 1,Rattus norvegicus,Q63921,1,0,0,1
CHEMBL650,DB00959,Methylprednisolone,CHEMBL4523582,Replicase polyprotein 1ab,Severe acute respiratory syndrome coronavirus 2,P0DTD1,1,0,0,1
CHEMBL650,DB00959,Methylprednisolone,CHEMBL5686,ATP-dependent 6-phosphofructokinase,Trypanosoma brucei,O15648,1,0,0,1
CHEMBL651,DB00333,Methadone,CHEMBL1641355,Aldehyde oxidase 1,Rattus norvegicus,Q9Z0U5,1,0,1,0
CHEMBL654,DB00370,Mirtazapine,CHEMBL2026,Beta-lactamase,Escherichia coli K-12,P00811,1,0,1,0
CHEMBL654,DB00370,Mirtazapine,CHEMBL265,D(1A) dopamine receptor,Rattus norvegicus,P18901,1,0,1,0
CHEMBL654,DB00370,Mirtazapine,CHEMBL273,5-hydroxytryptamine receptor 1A,Rattus norvegicus,P19327,1,0,0,1
CHEMBL654,DB00370,Mirtazapine,CHEMBL304,Norepinephrine transporter,Rattus norvegicus,Q9WTR4,3,0,1,2
CHEMBL654,DB00370,Mirtazapine,CHEMBL3072,Androgen receptor,Rattus norvegicus,P15207,1,0,0,1
CHEMBL654,DB00370,Mirtazapine,CHEMBL313,Sodium-dependent serotonin transporter,Rattus norvegicus,P31652,2,0,0,2
CHEMBL654,DB00370,Mirtazapine,CHEMBL322,5-hydroxytryptamine receptor 2A,Rattus norvegicus,P14842,2,0,0,2
CHEMBL654,DB00370,Mirtazapine,CHEMBL324,5-hydroxytryptamine receptor 2C,Rattus norvegicus,P08909,1,0,0,1
CHEMBL654,DB00370,Mirtazapine,CHEMBL338,Sodium-dependent dopamine transporter,Rattus norvegicus,P23977,1,0,0,1
CHEMBL654,DB00370,Mirtazapine,CHEMBL339,D(2) dopamine receptor,Rattus norvegicus,P61169,1,0,0,1
CHEMBL654,DB00370,Mirtazapine,CHEMBL4042,Prostaglandin G/H synthase 1,Rattus norvegicus,Q63921,1,0,0,1
CHEMBL654,DB00370,Mirtazapine,CHEMBL4523582,Replicase polyprotein 1ab,Severe acute respiratory syndrome coronavirus 2,P0DTD1,2,0,2,0
CHEMBL656,DB00497,Oxycodone,CHEMBL269,Delta-type opioid receptor,Rattus norvegicus,P33533,3,0,0,3
CHEMBL656,DB00497,Oxycodone,CHEMBL270,Mu-type opioid receptor,Rattus norvegicus,P33535,4,0,0,4
CHEMBL656,DB00497,Oxycodone,CHEMBL2858,Mu-type opioid receptor,Mus musculus,P42866,2,0,0,2
CHEMBL656,DB00497,Oxycodone,CHEMBL3072,Androgen receptor,Rattus norvegicus,P15207,2,0,0,2
CHEMBL656,DB00497,Oxycodone,CHEMBL330,"Glutamate receptor ionotropic, NMDA 1",Rattus norvegicus,P35439,1,0,0,1
CHEMBL656,DB00497,Oxycodone,CHEMBL343,Gamma-aminobutyric acid receptor subunit alpha-1,Rattus norvegicus,P62813,2,0,0,2
CHEMBL656,DB00497,Oxycodone,CHEMBL3614,Kappa-type opioid receptor,Rattus norvegicus,P34975,1,0,0,1
CHEMBL656,DB00497,Oxycodone,CHEMBL3762,Voltage-dependent L-type calcium channel subunit alpha-1C,Rattus norvegicus,P22002,1,0,0,1
CHEMBL656,DB00497,Oxycodone,CHEMBL3952,Kappa-type opioid receptor,Cavia porcellus,P41144,2,0,0,2
CHEMBL656,DB00497,Oxycodone,CHEMBL4042,Prostaglandin G/H synthase 1,Rattus norvegicus,Q63921,1,0,0,1
CHEMBL656,DB00497,Oxycodone,CHEMBL4078,Acetylcholinesterase,Electrophorus electricus,O42275,2,0,0,2
CHEMBL656,DB00497,Oxycodone,CHEMBL4329,Kappa-type opioid receptor,Mus musculus,P33534,2,0,0,2
CHEMBL659,DB00674,Galantamine,CHEMBL1075216,Catalase,Rattus norvegicus,P04762,1,0,0,1
CHEMBL659,DB00674,Galantamine,CHEMBL311,"Glutamate receptor ionotropic, NMDA 2B",Rattus norvegicus,Q00960,1,0,0,1
CHEMBL659,DB00674,Galantamine,CHEMBL3198,Acetylcholinesterase,Mus musculus,P21836,3,0,0,3
CHEMBL659,DB00674,Galantamine,CHEMBL3199,Acetylcholinesterase,Rattus norvegicus,P37136,8,0,0,8
CHEMBL659,DB00674,Galantamine,CHEMBL3403,Butyrylcholinesterase,Rattus norvegicus,Q9JKC1,1,0,0,1
CHEMBL659,DB00674,Galantamine,CHEMBL4078,Acetylcholinesterase,Electrophorus electricus,O42275,110,0,0,110
CHEMBL659,DB00674,Galantamine,CHEMBL4523582,Replicase polyprotein 1ab,Severe acute respiratory syndrome coronavirus 2,P0DTD1,2,0,0,2
CHEMBL659,DB00674,Galantamine,CHEMBL4768,Acetylcholinesterase,Bos taurus,P23795,1,0,0,1
CHEMBL659,DB00674,Galantamine,CHEMBL4780,Acetylcholinesterase,Torpedo californica,P04058,4,0,0,4
CHEMBL659,DB00674,Galantamine,CHEMBL5077,Butyrylcholinesterase,Equus caballus,Q9N1N9,10,0,0,10
CHEMBL659,DB00674,Galantamine,CHEMBL5763,Cholinesterase,Equus caballus,P81908,70,0,0,70
CHEMBL660,DB00915,Amantadine,CHEMBL1293309,Os06g0676700 protein,Oryza sativa Japonica Group,Q653V4,1,0,0,1
CHEMBL660,DB00915,Amantadine,CHEMBL1770032,Solute carrier family 22 member 2,Rattus norvegicus,Q9R0W2,3,0,0,3
CHEMBL660,DB00915,Amantadine,CHEMBL1932894,Matrix protein 2,Influenza A virus,P06821,6,0,0,6
CHEMBL660,DB00915,Amantadine,CHEMBL2007624,Peripheral myelin protein 22,Rattus norvegicus,P25094,1,0,0,1
CHEMBL660,DB00915,Amantadine,CHEMBL2052,Matrix protein 2,Influenza A virus (A/Udorn/307/1972(H3N2)),P0DOF8,33,0,0,33
CHEMBL660,DB00915,Amantadine,CHEMBL2073670,Solute carrier family 22 member 1,Rattus norvegicus,Q63089,3,0,0,3
CHEMBL660,DB00915,Amantadine,CHEMBL3072,Androgen receptor,Rattus norvegicus,P15207,1,0,0,1
CHEMBL660,DB00915,Amantadine,CHEMBL330,"Glutamate receptor ionotropic, NMDA 1",Rattus norvegicus,P35439,1,0,0,1
CHEMBL660,DB00915,Amantadine,CHEMBL343,Gamma-aminobutyric acid receptor subunit alpha-1,Rattus norvegicus,P62813,3,0,0,3
CHEMBL660,DB00915,Amantadine,CHEMBL3431938,Glucose transporter,Leishmania mexicana,O61059,1,0,0,1
CHEMBL660,DB00915,Amantadine,CHEMBL3762,Voltage-dependent L-type calcium channel subunit alpha-1C,Rattus norvegicus,P22002,1,0,0,1
CHEMBL660,DB00915,Amantadine,CHEMBL4042,Prostaglandin G/H synthase 1,Rattus norvegicus,Q63921,1,0,0,1
CHEMBL660,DB00915,Amantadine,CHEMBL4697,Hexose transporter 1,Plasmodium falciparum,O97467,1,0,0,1
CHEMBL660,DB00915,Amantadine,CHEMBL5686,ATP-dependent 6-phosphofructokinase,Trypanosoma brucei,O15648,1,0,0,1
CHEMBL660,DB00915,Amantadine,CHEMBL6035,"Thioredoxin reductase 1, cytoplasmic",Rattus norvegicus,O89049,2,0,0,2
CHEMBL661,DB00404,Alprazolam,CHEMBL1293231,Nuclear receptor ROR-gamma,Mus musculus,P51450,2,0,0,2
CHEMBL661,DB00404,Alprazolam,CHEMBL2871,Cholecystokinin receptor type A,Rattus norvegicus,P30551,1,0,0,1
CHEMBL661,DB00404,Alprazolam,CHEMBL3072,Androgen receptor,Rattus norvegicus,P15207,1,0,0,1
CHEMBL661,DB00404,Alprazolam,CHEMBL330,"Glutamate receptor ionotropic, NMDA 1",Rattus norvegicus,P35439,1,0,0,1
CHEMBL661,DB00404,Alprazolam,CHEMBL343,Gamma-aminobutyric acid receptor subunit alpha-1,Rattus norvegicus,P62813,2,0,0,2
CHEMBL661,DB00404,Alprazolam,CHEMBL3762,Voltage-dependent L-type calcium channel subunit alpha-1C,Rattus norvegicus,P22002,1,0,0,1
CHEMBL661,DB00404,Alprazolam,CHEMBL4042,Prostaglandin G/H synthase 1,Rattus norvegicus,Q63921,1,0,0,1
CHEMBL661,DB00404,Alprazolam,CHEMBL5107,Voltage-dependent N-type calcium channel subunit alpha-1B,Rattus norvegicus,Q02294,1,0,0,1
CHEMBL661,DB00404,Alprazolam,CHEMBL5136,Platelet-activating factor receptor,Cavia porcellus,P21556,1,0,0,1
CHEMBL6622,DB00883,Isosorbide dinitrate,CHEMBL2026,Beta-lactamase,Escherichia coli K-12,P00811,1,0,0,1
CHEMBL6622,DB00883,Isosorbide dinitrate,CHEMBL4523582,Replicase polyprotein 1ab,Severe acute respiratory syndrome coronavirus 2,P0DTD1,1,0,0,1
CHEMBL666,DB00529,Foscarnet,CHEMBL247,Human immunodeficiency virus type 1 reverse transcriptase,Human immunodeficiency virus 1,Q72547,12,0,0,12
CHEMBL666,DB00529,Foscarnet,CHEMBL3414,DNA polymerase catalytic subunit,Human cytomegalovirus (strain AD169) (HHV-5) (Human herpesvirus 5),P08546,2,0,0,2
CHEMBL666,DB00529,Foscarnet,CHEMBL343,Gamma-aminobutyric acid receptor subunit alpha-1,Rattus norvegicus,P62813,1,0,0,1
CHEMBL666,DB00529,Foscarnet,CHEMBL4859,DNA polymerase catalytic subunit,Varicella-zoster virus (strain Dumas) (HHV-3) (Human herpesvirus 3),P09252,1,0,0,1
CHEMBL668,DB00344,Protriptyline,CHEMBL1741205,"Chaperonin GroEL (Thermosome, HSP60 family)",Methanococcus maripaludis (strain S2 / LL),Q6LX38,1,0,1,0
CHEMBL668,DB00344,Protriptyline,CHEMBL2007624,Peripheral myelin protein 22,Rattus norvegicus,P25094,1,0,0,1
CHEMBL668,DB00344,Protriptyline,CHEMBL2026,Beta-lactamase,Escherichia coli K-12,P00811,1,0,0,1
CHEMBL668,DB00344,Protriptyline,CHEMBL276,Muscarinic acetylcholine receptor M1,Rattus norvegicus,P08482,2,0,2,0
CHEMBL668,DB00344,Protriptyline,CHEMBL3072,Androgen receptor,Rattus norvegicus,P15207,1,0,0,1
CHEMBL668,DB00344,Protriptyline,CHEMBL330,"Glutamate receptor ionotropic, NMDA 1",Rattus norvegicus,P35439,1,0,0,1
CHEMBL668,DB00344,Protriptyline,CHEMBL343,Gamma-aminobutyric acid receptor subunit alpha-1,Rattus norvegicus,P62813,2,0,0,2
CHEMBL668,DB00344,Protriptyline,CHEMBL3762,Voltage-dependent L-type calcium channel subunit alpha-1C,Rattus norvegicus,P22002,1,0,0,1
CHEMBL668,DB00344,Protriptyline,CHEMBL4042,Prostaglandin G/H synthase 1,Rattus norvegicus,Q63921,1,0,0,1
CHEMBL668,DB00344,Protriptyline,CHEMBL4523582,Replicase polyprotein 1ab,Severe acute respiratory syndrome coronavirus 2,P0DTD1,1,0,1,0
CHEMBL668,DB00344,Protriptyline,CHEMBL5686,ATP-dependent 6-phosphofructokinase,Trypanosoma brucei,O15648,1,0,1,0
CHEMBL668,DB00344,Protriptyline,CHEMBL6035,"Thioredoxin reductase 1, cytoplasmic",Rattus norvegicus,O89049,1,0,0,1
CHEMBL679,DB00668,Epinephrine,CHEMBL1293234,Fructose-bisphosphate aldolase,Giardia intestinalis,A8B2U2,2,0,0,2
CHEMBL679,DB00668,Epinephrine,CHEMBL1293248,4'-phosphopantetheinyl transferase ffp,Bacillus subtilis,Q9F4F7,2,0,0,2
CHEMBL679,DB00668,Epinephrine,CHEMBL1741167,"Phosphoglycerate kinase, glycosomal",Trypanosoma brucei brucei,P07378,1,0,0,1
CHEMBL679,DB00668,Epinephrine,CHEMBL1770032,Solute carrier family 22 member 2,Rattus norvegicus,Q9R0W2,1,0,0,1
CHEMBL679,DB00668,Epinephrine,CHEMBL2073670,Solute carrier family 22 member 1,Rattus norvegicus,Q63089,1,0,0,1
CHEMBL679,DB00668,Epinephrine,CHEMBL2289,Beta-2 adrenergic receptor,Canis lupus familiaris,P54833,2,0,0,2
CHEMBL679,DB00668,Epinephrine,CHEMBL3072,Androgen receptor,Rattus norvegicus,P15207,1,0,0,1
CHEMBL679,DB00668,Epinephrine,CHEMBL315,Alpha-1B adrenergic receptor,Rattus norvegicus,P15823,2,0,0,2
CHEMBL679,DB00668,Epinephrine,CHEMBL319,Alpha-1A adrenergic receptor,Rattus norvegicus,P43140,2,0,0,2
CHEMBL679,DB00668,Epinephrine,CHEMBL3252,Beta-1 adrenergic receptor,Rattus norvegicus,P18090,3,0,0,3
CHEMBL679,DB00668,Epinephrine,CHEMBL343,Gamma-aminobutyric acid receptor subunit alpha-1,Rattus norvegicus,P62813,1,0,0,1
CHEMBL679,DB00668,Epinephrine,CHEMBL3754,Beta-2 adrenergic receptor,Rattus norvegicus,P10608,1,0,0,1
CHEMBL679,DB00668,Epinephrine,CHEMBL4042,Prostaglandin G/H synthase 1,Rattus norvegicus,Q63921,1,0,0,1
CHEMBL679,DB00668,Epinephrine,CHEMBL4358,Polyunsaturated fatty acid lipoxygenase ALOX15,Oryctolagus cuniculus,P12530,1,0,0,1
CHEMBL679,DB00668,Epinephrine,CHEMBL4523582,Replicase polyprotein 1ab,Severe acute respiratory syndrome coronavirus 2,P0DTD1,1,0,0,1
CHEMBL679,DB00668,Epinephrine,CHEMBL5414,Beta-2 adrenergic receptor,Cavia porcellus,Q8K4Z4,2,0,0,2
CHEMBL679,DB00668,Epinephrine,CHEMBL5471,Beta-1 adrenergic receptor,Cavia porcellus,B0FL73,4,0,0,4
CHEMBL679,DB00668,Epinephrine,CHEMBL5686,ATP-dependent 6-phosphofructokinase,Trypanosoma brucei,O15648,1,0,0,1
CHEMBL679,DB00668,Epinephrine,CHEMBL6035,"Thioredoxin reductase 1, cytoplasmic",Rattus norvegicus,O89049,2,0,0,2
CHEMBL689,DB00742,Mannitol,CHEMBL343,Gamma-aminobutyric acid receptor subunit alpha-1,Rattus norvegicus,P62813,1,0,0,1
CHEMBL689,DB00742,Mannitol,CHEMBL4523582,Replicase polyprotein 1ab,Severe acute respiratory syndrome coronavirus 2,P0DTD1,1,0,0,1
CHEMBL689,DB00742,Mannitol,CHEMBL4828,Synaptic vesicular amine transporter,Rattus norvegicus,Q01827,1,0,0,1
CHEMBL691,DB00977,Ethinylestradiol,CHEMBL1909044,Progesterone receptor,Bos taurus,Q690N0,2,0,0,2
CHEMBL691,DB00977,Ethinylestradiol,CHEMBL2146315,Nuclear receptor subfamily 1 group I member 2,Rattus norvegicus,Q9R1A7,1,0,0,1
CHEMBL691,DB00977,Ethinylestradiol,CHEMBL2724,Estrogen receptor,Rattus norvegicus,P06211,1,0,0,1
CHEMBL691,DB00977,Ethinylestradiol,CHEMBL3069,Nuclear receptor subfamily 1 group I member 3,Mus musculus,O35627,35,0,0,35
CHEMBL691,DB00977,Ethinylestradiol,CHEMBL3072,Androgen receptor,Rattus norvegicus,P15207,4,0,0,4
CHEMBL691,DB00977,Ethinylestradiol,CHEMBL330,"Glutamate receptor ionotropic, NMDA 1",Rattus norvegicus,P35439,1,0,0,1
CHEMBL691,DB00977,Ethinylestradiol,CHEMBL3335,Cytochrome P450 2B1,Rattus norvegicus,P00176,1,0,0,1
CHEMBL691,DB00977,Ethinylestradiol,CHEMBL3422,3-oxo-5-alpha-steroid 4-dehydrogenase 1,Rattus norvegicus,P24008,1,0,0,1
CHEMBL691,DB00977,Ethinylestradiol,CHEMBL343,Gamma-aminobutyric acid receptor subunit alpha-1,Rattus norvegicus,P62813,3,0,0,3
CHEMBL691,DB00977,Ethinylestradiol,CHEMBL3762,Voltage-dependent L-type calcium channel subunit alpha-1C,Rattus norvegicus,P22002,1,0,0,1
CHEMBL691,DB00977,Ethinylestradiol,CHEMBL4042,Prostaglandin G/H synthase 1,Rattus norvegicus,Q63921,1,0,0,1
CHEMBL691,DB00977,Ethinylestradiol,CHEMBL4358,Polyunsaturated fatty acid lipoxygenase ALOX15,Oryctolagus cuniculus,P12530,1,0,0,1
CHEMBL691,DB00977,Ethinylestradiol,CHEMBL4523582,Replicase polyprotein 1ab,Severe acute respiratory syndrome coronavirus 2,P0DTD1,2,0,0,2
CHEMBL691,DB00977,Ethinylestradiol,CHEMBL5017,5-hydroxytryptamine receptor 4,Cavia porcellus,O70528,2,0,0,2
CHEMBL691,DB00977,Ethinylestradiol,CHEMBL5107,Voltage-dependent N-type calcium channel subunit alpha-1B,Rattus norvegicus,Q02294,1,0,0,1
CHEMBL695,DB00347,Trimethadione,CHEMBL3072,Androgen receptor,Rattus norvegicus,P15207,1,0,0,1
CHEMBL695,DB00347,Trimethadione,CHEMBL330,"Glutamate receptor ionotropic, NMDA 1",Rattus norvegicus,P35439,1,0,0,1
CHEMBL695,DB00347,Trimethadione,CHEMBL343,Gamma-aminobutyric acid receptor subunit alpha-1,Rattus norvegicus,P62813,2,0,0,2
CHEMBL695,DB00347,Trimethadione,CHEMBL3762,Voltage-dependent L-type calcium channel subunit alpha-1C,Rattus norvegicus,P22002,1,0,0,1
CHEMBL695,DB00347,Trimethadione,CHEMBL4042,Prostaglandin G/H synthase 1,Rattus norvegicus,Q63921,1,0,0,1
CHEMBL695,DB00347,Trimethadione,CHEMBL4523582,Replicase polyprotein 1ab,Severe acute respiratory syndrome coronavirus 2,P0DTD1,1,0,1,0
CHEMBL696,DB00593,Ethosuximide,CHEMBL1293231,Nuclear receptor ROR-gamma,Mus musculus,P51450,1,0,0,1
CHEMBL696,DB00593,Ethosuximide,CHEMBL3072,Androgen receptor,Rattus norvegicus,P15207,1,0,0,1
CHEMBL696,DB00593,Ethosuximide,CHEMBL330,"Glutamate receptor ionotropic, NMDA 1",Rattus norvegicus,P35439,1,0,0,1
CHEMBL696,DB00593,Ethosuximide,CHEMBL343,Gamma-aminobutyric acid receptor subunit alpha-1,Rattus norvegicus,P62813,2,0,0,2
CHEMBL696,DB00593,Ethosuximide,CHEMBL3762,Voltage-dependent L-type calcium channel subunit alpha-1C,Rattus norvegicus,P22002,1,0,0,1
CHEMBL696,DB00593,Ethosuximide,CHEMBL4042,Prostaglandin G/H synthase 1,Rattus norvegicus,Q63921,1,0,0,1
CHEMBL696,DB00593,Ethosuximide,CHEMBL4523582,Replicase polyprotein 1ab,Severe acute respiratory syndrome coronavirus 2,P0DTD1,1,0,0,1
CHEMBL696,DB00593,Ethosuximide,CHEMBL6035,"Thioredoxin reductase 1, cytoplasmic",Rattus norvegicus,O89049,1,0,0,1
CHEMBL697,DB05246,Methsuximide,CHEMBL3072,Androgen receptor,Rattus norvegicus,P15207,1,0,0,1
CHEMBL697,DB05246,Methsuximide,CHEMBL330,"Glutamate receptor ionotropic, NMDA 1",Rattus norvegicus,P35439,1,0,0,1
CHEMBL697,DB05246,Methsuximide,CHEMBL343,Gamma-aminobutyric acid receptor subunit alpha-1,Rattus norvegicus,P62813,2,0,0,2
CHEMBL697,DB05246,Methsuximide,CHEMBL3762,Voltage-dependent L-type calcium channel subunit alpha-1C,Rattus norvegicus,P22002,1,0,0,1
CHEMBL697,DB05246,Methsuximide,CHEMBL4042,Prostaglandin G/H synthase 1,Rattus norvegicus,Q63921,1,0,0,1
CHEMBL697,DB05246,Methsuximide,CHEMBL4523582,Replicase polyprotein 1ab,Severe acute respiratory syndrome coronavirus 2,P0DTD1,2,0,0,2
CHEMBL697,DB05246,Methsuximide,CHEMBL4828,Synaptic vesicular amine transporter,Rattus norvegicus,Q01827,1,0,0,1
CHEMBL698,DB09085,Tetracaine,CHEMBL276,Muscarinic acetylcholine receptor M1,Rattus norvegicus,P08482,2,0,0,2
CHEMBL698,DB09085,Tetracaine,CHEMBL3072,Androgen receptor,Rattus norvegicus,P15207,1,0,0,1
CHEMBL698,DB09085,Tetracaine,CHEMBL330,"Glutamate receptor ionotropic, NMDA 1",Rattus norvegicus,P35439,1,0,0,1
CHEMBL698,DB09085,Tetracaine,CHEMBL343,Gamma-aminobutyric acid receptor subunit alpha-1,Rattus norvegicus,P62813,3,0,0,3
CHEMBL698,DB09085,Tetracaine,CHEMBL3762,Voltage-dependent L-type calcium channel subunit alpha-1C,Rattus norvegicus,P22002,1,0,0,1
CHEMBL698,DB09085,Tetracaine,CHEMBL4042,Prostaglandin G/H synthase 1,Rattus norvegicus,Q63921,1,0,0,1
CHEMBL698,DB09085,Tetracaine,CHEMBL4523582,Replicase polyprotein 1ab,Severe acute respiratory syndrome coronavirus 2,P0DTD1,1,0,0,1
CHEMBL698,DB09085,Tetracaine,CHEMBL4907,Cyclic nucleotide-gated channel alpha-1,Bos taurus,Q00194,2,0,0,2
CHEMBL698,DB09085,Tetracaine,CHEMBL5107,Voltage-dependent N-type calcium channel subunit alpha-1B,Rattus norvegicus,Q02294,1,0,0,1
CHEMBL70,DB00295,Morphine,CHEMBL2573,ATP-dependent translocase ABCB1,Mus musculus,P21447,2,0,0,2
CHEMBL70,DB00295,Morphine,CHEMBL269,Delta-type opioid receptor,Rattus norvegicus,P33533,30,0,19,11
CHEMBL70,DB00295,Morphine,CHEMBL270,Mu-type opioid receptor,Rattus norvegicus,P33535,41,0,25,16
CHEMBL70,DB00295,Morphine,CHEMBL2858,Mu-type opioid receptor,Mus musculus,P42866,18,0,17,1
CHEMBL70,DB00295,Morphine,CHEMBL3041,Mu-type opioid receptor,Bos taurus,P79350,4,0,1,3
CHEMBL70,DB00295,Morphine,CHEMBL3091260,Kappa-type opioid receptor,Cricetulus griseus,G3HZR5,2,0,2,0
CHEMBL70,DB00295,Morphine,CHEMBL3091261,Delta-type opioid receptor,Cricetulus griseus,G3H1Y1,2,0,2,0
CHEMBL70,DB00295,Morphine,CHEMBL3222,Delta-type opioid receptor,Mus musculus,P32300,8,0,6,2
CHEMBL70,DB00295,Morphine,CHEMBL3467,ATP-dependent translocase ABCB1,Mus musculus,P06795,2,0,0,2
CHEMBL70,DB00295,Morphine,CHEMBL3611961,Mu opioid receptor-like OR2,Danio rerio,B8JHS2,2,0,2,0
CHEMBL70,DB00295,Morphine,CHEMBL3614,Kappa-type opioid receptor,Rattus norvegicus,P34975,3,0,2,1
CHEMBL70,DB00295,Morphine,CHEMBL3952,Kappa-type opioid receptor,Cavia porcellus,P41144,36,0,36,0
CHEMBL70,DB00295,Morphine,CHEMBL4078,Acetylcholinesterase,Electrophorus electricus,O42275,1,0,1,0
CHEMBL70,DB00295,Morphine,CHEMBL4105711,"Opioid receptor, delta 1b",Danio rerio,B3DH72,1,0,1,0
CHEMBL70,DB00295,Morphine,CHEMBL4105897,Opioid receptor homologue,Danio rerio,A3QJX7,1,0,1,0
CHEMBL70,DB00295,Morphine,CHEMBL4329,Kappa-type opioid receptor,Mus musculus,P33534,5,0,3,2
CHEMBL70,DB00295,Morphine,CHEMBL4354,Mu-type opioid receptor,Cavia porcellus,P97266,38,0,38,0
CHEMBL70,DB00295,Morphine,CHEMBL5492,Nociceptin receptor,Cavia porcellus,P47748,1,0,1,0
CHEMBL71,DB00477,Chlorpromazine,CHEMBL1293248,4'-phosphopantetheinyl transferase ffp,Bacillus subtilis,Q9F4F7,1,0,0,1
CHEMBL71,DB00477,Chlorpromazine,CHEMBL1641356,Aldehyde oxidase 1,Oryctolagus cuniculus,P80456,1,0,0,1
CHEMBL71,DB00477,Chlorpromazine,CHEMBL1697658,Pleiotropic ABC efflux transporter of multiple drugs,Saccharomyces cerevisiae S288c,P33302,1,0,0,1
CHEMBL71,DB00477,Chlorpromazine,CHEMBL2007624,Peripheral myelin protein 22,Rattus norvegicus,P25094,1,0,0,1
CHEMBL71,DB00477,Chlorpromazine,CHEMBL2073674,Bile salt export pump,Rattus norvegicus,O70127,1,0,0,1
CHEMBL71,DB00477,Chlorpromazine,CHEMBL265,D(1A) dopamine receptor,Rattus norvegicus,P18901,4,0,0,4
CHEMBL71,DB00477,Chlorpromazine,CHEMBL273,5-hydroxytryptamine receptor 1A,Rattus norvegicus,P19327,4,0,0,4
CHEMBL71,DB00477,Chlorpromazine,CHEMBL276,Muscarinic acetylcholine receptor M1,Rattus norvegicus,P08482,2,0,0,2
CHEMBL71,DB00477,Chlorpromazine,CHEMBL3072,Androgen receptor,Rattus norvegicus,P15207,1,0,0,1
CHEMBL71,DB00477,Chlorpromazine,CHEMBL3097,Acetylcholine receptor subunit alpha,Torpedo californica,P02710,4,0,0,4
CHEMBL71,DB00477,Chlorpromazine,CHEMBL315,Alpha-1B adrenergic receptor,Rattus norvegicus,P15823,2,0,0,2
CHEMBL71,DB00477,Chlorpromazine,CHEMBL319,Alpha-1A adrenergic receptor,Rattus norvegicus,P43140,2,0,0,2
CHEMBL71,DB00477,Chlorpromazine,CHEMBL3223,5-hydroxytryptamine receptor 7,Rattus norvegicus,P32305,1,0,0,1
CHEMBL71,DB00477,Chlorpromazine,CHEMBL330,"Glutamate receptor ionotropic, NMDA 1",Rattus norvegicus,P35439,1,0,0,1
CHEMBL71,DB00477,Chlorpromazine,CHEMBL339,D(2) dopamine receptor,Rattus norvegicus,P61169,12,0,0,12
CHEMBL71,DB00477,Chlorpromazine,CHEMBL343,Gamma-aminobutyric acid receptor subunit alpha-1,Rattus norvegicus,P62813,2,0,0,2
CHEMBL71,DB00477,Chlorpromazine,CHEMBL3459,5-hydroxytryptamine receptor 1B,Rattus norvegicus,P28564,2,0,0,2
CHEMBL71,DB00477,Chlorpromazine,CHEMBL3698,Major prion protein,Mus musculus,P04925,1,0,0,1
CHEMBL71,DB00477,Chlorpromazine,CHEMBL3762,Voltage-dependent L-type calcium channel subunit alpha-1C,Rattus norvegicus,P22002,1,0,0,1
CHEMBL71,DB00477,Chlorpromazine,CHEMBL3943,Histamine H1 receptor,Cavia porcellus,P31389,1,0,0,1
CHEMBL71,DB00477,Chlorpromazine,CHEMBL3998,D(2) dopamine receptor,Bos taurus,P20288,1,0,0,1
CHEMBL71,DB00477,Chlorpromazine,CHEMBL4042,Prostaglandin G/H synthase 1,Rattus norvegicus,Q63921,1,0,0,1
CHEMBL71,DB00477,Chlorpromazine,CHEMBL4105825,Cys-loop ligand-gated ion channel,Dickeya chrysanthemi,P0C7B7,1,0,0,1
CHEMBL71,DB00477,Chlorpromazine,CHEMBL4358,Polyunsaturated fatty acid lipoxygenase ALOX15,Oryctolagus cuniculus,P12530,1,0,0,1
CHEMBL71,DB00477,Chlorpromazine,CHEMBL4372,Lethal factor,Bacillus anthracis,P15917,2,0,0,2
CHEMBL71,DB00477,Chlorpromazine,CHEMBL4693,Sarcoplasmic/endoplasmic reticulum calcium ATPase 1,Oryctolagus cuniculus,P04191,1,0,0,1
CHEMBL71,DB00477,Chlorpromazine,CHEMBL4817,Albumin,Rattus norvegicus,P02770,1,0,0,1
CHEMBL71,DB00477,Chlorpromazine,CHEMBL5102,Transient receptor potential cation channel subfamily V member 1,Rattus norvegicus,O35433,2,0,0,2
CHEMBL71,DB00477,Chlorpromazine,CHEMBL5107,Voltage-dependent N-type calcium channel subunit alpha-1B,Rattus norvegicus,Q02294,1,0,0,1
CHEMBL71,DB00477,Chlorpromazine,CHEMBL5114,Quinolone resistance protein NorA,Staphylococcus aureus,P0A0J7,2,0,0,2
CHEMBL71,DB00477,Chlorpromazine,CHEMBL5131,Trypanothione reductase,Trypanosoma cruzi,P28593,6,0,0,6
CHEMBL71,DB00477,Chlorpromazine,CHEMBL6035,"Thioredoxin reductase 1, cytoplasmic",Rattus norvegicus,O89049,1,0,0,1
CHEMBL71,DB00477,Chlorpromazine,CHEMBL6092,Calmodulin,Bos taurus,P62157,2,0,0,2
CHEMBL714,DB01001,Salbutamol,CHEMBL2007624,Peripheral myelin protein 22,Rattus norvegicus,P25094,1,0,0,1
CHEMBL714,DB01001,Salbutamol,CHEMBL3072,Androgen receptor,Rattus norvegicus,P15207,1,0,0,1
CHEMBL714,DB01001,Salbutamol,CHEMBL330,"Glutamate receptor ionotropic, NMDA 1",Rattus norvegicus,P35439,1,0,0,1
CHEMBL714,DB01001,Salbutamol,CHEMBL3373,Beta-2 adrenergic receptor,Bos taurus,Q28044,2,0,0,2
CHEMBL714,DB01001,Salbutamol,CHEMBL343,Gamma-aminobutyric acid receptor subunit alpha-1,Rattus norvegicus,P62813,2,0,0,2
CHEMBL714,DB01001,Salbutamol,CHEMBL3762,Voltage-dependent L-type calcium channel subunit alpha-1C,Rattus norvegicus,P22002,1,0,0,1
CHEMBL714,DB01001,Salbutamol,CHEMBL4042,Prostaglandin G/H synthase 1,Rattus norvegicus,Q63921,1,0,0,1
CHEMBL714,DB01001,Salbutamol,CHEMBL4296299,Chaperonin GroEL,Escherichia coli (strain K12),P0A6F5,1,0,0,1
CHEMBL714,DB01001,Salbutamol,CHEMBL4523582,Replicase polyprotein 1ab,Severe acute respiratory syndrome coronavirus 2,P0DTD1,1,0,0,1
CHEMBL714,DB01001,Salbutamol,CHEMBL5414,Beta-2 adrenergic receptor,Cavia porcellus,Q8K4Z4,7,0,0,7
CHEMBL714,DB01001,Salbutamol,CHEMBL5686,ATP-dependent 6-phosphofructokinase,Trypanosoma brucei,O15648,1,0,0,1
CHEMBL714,DB01001,Salbutamol,CHEMBL6035,"Thioredoxin reductase 1, cytoplasmic",Rattus norvegicus,O89049,3,0,0,3
CHEMBL715,DB00334,Olanzapine,CHEMBL1293238,Inositol monophosphatase 1,Rattus norvegicus,P97697,1,0,1,0
CHEMBL715,DB00334,Olanzapine,CHEMBL265,D(1A) dopamine receptor,Rattus norvegicus,P18901,9,0,4,5
CHEMBL715,DB00334,Olanzapine,CHEMBL273,5-hydroxytryptamine receptor 1A,Rattus norvegicus,P19327,3,0,2,1
CHEMBL715,DB00334,Olanzapine,CHEMBL276,Muscarinic acetylcholine receptor M1,Rattus norvegicus,P08482,2,0,0,2
CHEMBL715,DB00334,Olanzapine,CHEMBL304,Norepinephrine transporter,Rattus norvegicus,Q9WTR4,1,0,1,0
CHEMBL715,DB00334,Olanzapine,CHEMBL3072,Androgen receptor,Rattus norvegicus,P15207,1,0,0,1
CHEMBL715,DB00334,Olanzapine,CHEMBL3138,D(3) dopamine receptor,Rattus norvegicus,P19020,6,0,3,3
CHEMBL715,DB00334,Olanzapine,CHEMBL315,Alpha-1B adrenergic receptor,Rattus norvegicus,P15823,3,0,3,0
CHEMBL715,DB00334,Olanzapine,CHEMBL319,Alpha-1A adrenergic receptor,Rattus norvegicus,P43140,4,0,3,1
CHEMBL715,DB00334,Olanzapine,CHEMBL322,5-hydroxytryptamine receptor 2A,Rattus norvegicus,P14842,7,0,4,3
CHEMBL715,DB00334,Olanzapine,CHEMBL330,"Glutamate receptor ionotropic, NMDA 1",Rattus norvegicus,P35439,1,0,0,1
CHEMBL715,DB00334,Olanzapine,CHEMBL3361,D(4) dopamine receptor,Rattus norvegicus,P30729,1,0,1,0
CHEMBL715,DB00334,Olanzapine,CHEMBL339,D(2) dopamine receptor,Rattus norvegicus,P61169,15,0,8,7
CHEMBL715,DB00334,Olanzapine,CHEMBL343,Gamma-aminobutyric acid receptor subunit alpha-1,Rattus norvegicus,P62813,2,0,0,2
CHEMBL715,DB00334,Olanzapine,CHEMBL3459,5-hydroxytryptamine receptor 1B,Rattus norvegicus,P28564,2,0,2,0
CHEMBL715,DB00334,Olanzapine,CHEMBL3762,Voltage-dependent L-type calcium channel subunit alpha-1C,Rattus norvegicus,P22002,1,0,0,1
CHEMBL715,DB00334,Olanzapine,CHEMBL3943,Histamine H1 receptor,Cavia porcellus,P31389,1,0,1,0
CHEMBL715,DB00334,Olanzapine,CHEMBL4042,Prostaglandin G/H synthase 1,Rattus norvegicus,Q63921,1,0,0,1
CHEMBL715,DB00334,Olanzapine,CHEMBL4358,Polyunsaturated fatty acid lipoxygenase ALOX15,Oryctolagus cuniculus,P12530,1,0,1,0
CHEMBL715,DB00334,Olanzapine,CHEMBL4523582,Replicase polyprotein 1ab,Severe acute respiratory syndrome coronavirus 2,P0DTD1,2,0,2,0
CHEMBL715,DB00334,Olanzapine,CHEMBL4701,Histamine H1 receptor,Rattus norvegicus,P31390,3,0,2,1
CHEMBL715,DB00334,Olanzapine,CHEMBL4828,Synaptic vesicular amine transporter,Rattus norvegicus,Q01827,1,0,0,1
CHEMBL715,DB00334,Olanzapine,CHEMBL5107,Voltage-dependent N-type calcium channel subunit alpha-1B,Rattus norvegicus,Q02294,1,0,0,1
CHEMBL715,DB00334,Olanzapine,CHEMBL6184,Transporter,Rattus norvegicus,Q63380,1,0,1,0
CHEMBL716,DB01224,Quetiapine,CHEMBL2026,Beta-lactamase,Escherichia coli K-12,P00811,1,0,0,1
CHEMBL716,DB01224,Quetiapine,CHEMBL2366456,Voltage-dependent L-type calcium channel subunit alpha-1C,Cavia porcellus,O35505,2,0,0,2
CHEMBL716,DB01224,Quetiapine,CHEMBL273,5-hydroxytryptamine receptor 1A,Rattus norvegicus,P19327,3,0,0,3
CHEMBL716,DB01224,Quetiapine,CHEMBL3072,Androgen receptor,Rattus norvegicus,P15207,1,0,0,1
CHEMBL716,DB01224,Quetiapine,CHEMBL315,Alpha-1B adrenergic receptor,Rattus norvegicus,P15823,2,0,0,2
CHEMBL716,DB01224,Quetiapine,CHEMBL319,Alpha-1A adrenergic receptor,Rattus norvegicus,P43140,3,0,0,3
CHEMBL716,DB01224,Quetiapine,CHEMBL322,5-hydroxytryptamine receptor 2A,Rattus norvegicus,P14842,1,0,0,1
CHEMBL716,DB01224,Quetiapine,CHEMBL330,"Glutamate receptor ionotropic, NMDA 1",Rattus norvegicus,P35439,1,0,0,1
CHEMBL716,DB01224,Quetiapine,CHEMBL339,D(2) dopamine receptor,Rattus norvegicus,P61169,2,0,0,2
CHEMBL716,DB01224,Quetiapine,CHEMBL343,Gamma-aminobutyric acid receptor subunit alpha-1,Rattus norvegicus,P62813,2,0,0,2
CHEMBL716,DB01224,Quetiapine,CHEMBL3762,Voltage-dependent L-type calcium channel subunit alpha-1C,Rattus norvegicus,P22002,1,0,0,1
CHEMBL716,DB01224,Quetiapine,CHEMBL3943,Histamine H1 receptor,Cavia porcellus,P31389,1,0,0,1
CHEMBL716,DB01224,Quetiapine,CHEMBL4042,Prostaglandin G/H synthase 1,Rattus norvegicus,Q63921,1,0,0,1
CHEMBL716,DB01224,Quetiapine,CHEMBL4701,Histamine H1 receptor,Rattus norvegicus,P31390,1,0,0,1
CHEMBL716,DB01224,Quetiapine,CHEMBL4828,Synaptic vesicular amine transporter,Rattus norvegicus,Q01827,1,0,0,1
CHEMBL716,DB01224,Quetiapine,CHEMBL5107,Voltage-dependent N-type calcium channel subunit alpha-1B,Rattus norvegicus,Q02294,1,0,0,1
CHEMBL716,DB01224,Quetiapine,CHEMBL5270,Dihydrofolate reductase,Bacillus anthracis,Q81R22,1,0,0,1
CHEMBL716,DB01224,Quetiapine,CHEMBL6184,Transporter,Rattus norvegicus,Q63380,1,0,0,1
CHEMBL717,DB00603,Medroxyprogesterone acetate,CHEMBL1293303,Nonstructural protein 1,Influenza A virus,Q194T2,1,0,0,1
CHEMBL717,DB00603,Medroxyprogesterone acetate,CHEMBL1909044,Progesterone receptor,Bos taurus,Q690N0,2,0,0,2
CHEMBL717,DB00603,Medroxyprogesterone acetate,CHEMBL2146315,Nuclear receptor subfamily 1 group I member 2,Rattus norvegicus,Q9R1A7,2,0,0,2
CHEMBL717,DB00603,Medroxyprogesterone acetate,CHEMBL2596,Progesterone receptor,Rattus norvegicus,Q63449,1,0,0,1
CHEMBL717,DB00603,Medroxyprogesterone acetate,CHEMBL3056,Androgen receptor,Mus musculus,P19091,3,0,0,3
CHEMBL717,DB00603,Medroxyprogesterone acetate,CHEMBL3072,Androgen receptor,Rattus norvegicus,P15207,6,0,0,6
CHEMBL717,DB00603,Medroxyprogesterone acetate,CHEMBL343,Gamma-aminobutyric acid receptor subunit alpha-1,Rattus norvegicus,P62813,1,0,0,1
CHEMBL717,DB00603,Medroxyprogesterone acetate,CHEMBL3563,Cruzipain,Trypanosoma cruzi,P25779,1,0,0,1
CHEMBL717,DB00603,Medroxyprogesterone acetate,CHEMBL4042,Prostaglandin G/H synthase 1,Rattus norvegicus,Q63921,1,0,0,1
CHEMBL717,DB00603,Medroxyprogesterone acetate,CHEMBL4523582,Replicase polyprotein 1ab,Severe acute respiratory syndrome coronavirus 2,P0DTD1,3,0,0,3
CHEMBL72,DB01151,Desipramine,CHEMBL1770032,Solute carrier family 22 member 2,Rattus norvegicus,Q9R0W2,1,0,0,1
CHEMBL72,DB01151,Desipramine,CHEMBL1770033,Solute carrier family 22 member 3,Rattus norvegicus,O88446,2,0,0,2
CHEMBL72,DB01151,Desipramine,CHEMBL2007624,Peripheral myelin protein 22,Rattus norvegicus,P25094,1,0,0,1
CHEMBL72,DB01151,Desipramine,CHEMBL2073667,Solute carrier family 22 member 4,Rattus norvegicus,Q9R141,1,0,0,1
CHEMBL72,DB01151,Desipramine,CHEMBL2073670,Solute carrier family 22 member 1,Rattus norvegicus,Q63089,2,0,0,2
CHEMBL72,DB01151,Desipramine,CHEMBL2366456,Voltage-dependent L-type calcium channel subunit alpha-1C,Cavia porcellus,O35505,2,0,0,2
CHEMBL72,DB01151,Desipramine,CHEMBL2370,Sodium-dependent noradrenaline transporter,Mus musculus,O55192,1,0,0,1
CHEMBL72,DB01151,Desipramine,CHEMBL276,Muscarinic acetylcholine receptor M1,Rattus norvegicus,P08482,2,0,0,2
CHEMBL72,DB01151,Desipramine,CHEMBL2882,Histamine H2 receptor,Cavia porcellus,P47747,1,0,0,1
CHEMBL72,DB01151,Desipramine,CHEMBL304,Norepinephrine transporter,Rattus norvegicus,Q9WTR4,7,0,0,7
CHEMBL72,DB01151,Desipramine,CHEMBL3072,Androgen receptor,Rattus norvegicus,P15207,2,0,0,2
CHEMBL72,DB01151,Desipramine,CHEMBL313,Sodium-dependent serotonin transporter,Rattus norvegicus,P31652,6,0,0,6
CHEMBL72,DB01151,Desipramine,CHEMBL319,Alpha-1A adrenergic receptor,Rattus norvegicus,P43140,2,0,0,2
CHEMBL72,DB01151,Desipramine,CHEMBL330,"Glutamate receptor ionotropic, NMDA 1",Rattus norvegicus,P35439,1,0,0,1
CHEMBL72,DB01151,Desipramine,CHEMBL338,Sodium-dependent dopamine transporter,Rattus norvegicus,P23977,5,0,0,5
CHEMBL72,DB01151,Desipramine,CHEMBL343,Gamma-aminobutyric acid receptor subunit alpha-1,Rattus norvegicus,P62813,1,0,0,1
CHEMBL72,DB01151,Desipramine,CHEMBL3762,Voltage-dependent L-type calcium channel subunit alpha-1C,Rattus norvegicus,P22002,1,0,0,1
CHEMBL72,DB01151,Desipramine,CHEMBL4042,Prostaglandin G/H synthase 1,Rattus norvegicus,Q63921,1,0,0,1
CHEMBL72,DB01151,Desipramine,CHEMBL4124,Histamine H3 receptor,Rattus norvegicus,Q9QYN8,1,0,0,1
CHEMBL72,DB01151,Desipramine,CHEMBL4523582,Replicase polyprotein 1ab,Severe acute respiratory syndrome coronavirus 2,P0DTD1,1,0,0,1
CHEMBL72,DB01151,Desipramine,CHEMBL4642,Sodium-dependent serotonin transporter,Mus musculus,Q60857,1,0,0,1
CHEMBL72,DB01151,Desipramine,CHEMBL4701,Histamine H1 receptor,Rattus norvegicus,P31390,1,0,0,1
CHEMBL72,DB01151,Desipramine,CHEMBL4828,Synaptic vesicular amine transporter,Rattus norvegicus,Q01827,1,0,0,1
CHEMBL72,DB01151,Desipramine,CHEMBL6035,"Thioredoxin reductase 1, cytoplasmic",Rattus norvegicus,O89049,1,0,0,1
CHEMBL72,DB01151,Desipramine,CHEMBL6184,Transporter,Rattus norvegicus,Q63380,1,0,0,1
CHEMBL726,DB00623,Fluphenazine,CHEMBL1293238,Inositol monophosphatase 1,Rattus norvegicus,P97697,1,0,0,1
CHEMBL726,DB00623,Fluphenazine,CHEMBL1293248,4'-phosphopantetheinyl transferase ffp,Bacillus subtilis,Q9F4F7,2,0,0,2
CHEMBL726,DB00623,Fluphenazine,CHEMBL1697658,Pleiotropic ABC efflux transporter of multiple drugs,Saccharomyces cerevisiae S288c,P33302,1,0,0,1
CHEMBL726,DB00623,Fluphenazine,CHEMBL2007624,Peripheral myelin protein 22,Rattus norvegicus,P25094,2,0,0,2
CHEMBL726,DB00623,Fluphenazine,CHEMBL273,5-hydroxytryptamine receptor 1A,Rattus norvegicus,P19327,2,0,0,2
CHEMBL726,DB00623,Fluphenazine,CHEMBL276,Muscarinic acetylcholine receptor M1,Rattus norvegicus,P08482,2,0,0,2
CHEMBL726,DB00623,Fluphenazine,CHEMBL3072,Androgen receptor,Rattus norvegicus,P15207,2,0,0,2
CHEMBL726,DB00623,Fluphenazine,CHEMBL315,Alpha-1B adrenergic receptor,Rattus norvegicus,P15823,2,0,0,2
CHEMBL726,DB00623,Fluphenazine,CHEMBL319,Alpha-1A adrenergic receptor,Rattus norvegicus,P43140,2,0,0,2
CHEMBL726,DB00623,Fluphenazine,CHEMBL330,"Glutamate receptor ionotropic, NMDA 1",Rattus norvegicus,P35439,1,0,0,1
CHEMBL726,DB00623,Fluphenazine,CHEMBL343,Gamma-aminobutyric acid receptor subunit alpha-1,Rattus norvegicus,P62813,2,0,0,2
CHEMBL726,DB00623,Fluphenazine,CHEMBL3459,5-hydroxytryptamine receptor 1B,Rattus norvegicus,P28564,2,0,0,2
CHEMBL726,DB00623,Fluphenazine,CHEMBL3762,Voltage-dependent L-type calcium channel subunit alpha-1C,Rattus norvegicus,P22002,1,0,0,1
CHEMBL726,DB00623,Fluphenazine,CHEMBL4042,Prostaglandin G/H synthase 1,Rattus norvegicus,Q63921,1,0,0,1
CHEMBL726,DB00623,Fluphenazine,CHEMBL4372,Lethal factor,Bacillus anthracis,P15917,1,0,0,1
CHEMBL726,DB00623,Fluphenazine,CHEMBL4693,Sarcoplasmic/endoplasmic reticulum calcium ATPase 1,Oryctolagus cuniculus,P04191,1,0,0,1
CHEMBL726,DB00623,Fluphenazine,CHEMBL5107,Voltage-dependent N-type calcium channel subunit alpha-1B,Rattus norvegicus,Q02294,1,0,0,1
CHEMBL726,DB00623,Fluphenazine,CHEMBL5114,Quinolone resistance protein NorA,Staphylococcus aureus,P0A0J7,1,0,0,1
CHEMBL726,DB00623,Fluphenazine,CHEMBL5131,Trypanothione reductase,Trypanosoma cruzi,P28593,2,0,0,2
CHEMBL726,DB00623,Fluphenazine,CHEMBL5686,ATP-dependent 6-phosphofructokinase,Trypanosoma brucei,O15648,1,0,0,1
CHEMBL728,DB00433,Prochlorperazine,CHEMBL1293231,Nuclear receptor ROR-gamma,Mus musculus,P51450,1,0,0,1
CHEMBL728,DB00433,Prochlorperazine,CHEMBL1293234,Fructose-bisphosphate aldolase,Giardia intestinalis,A8B2U2,1,0,0,1
CHEMBL728,DB00433,Prochlorperazine,CHEMBL1293248,4'-phosphopantetheinyl transferase ffp,Bacillus subtilis,Q9F4F7,1,0,0,1
CHEMBL728,DB00433,Prochlorperazine,CHEMBL1293303,Nonstructural protein 1,Influenza A virus,Q194T2,1,0,0,1
CHEMBL728,DB00433,Prochlorperazine,CHEMBL1697658,Pleiotropic ABC efflux transporter of multiple drugs,Saccharomyces cerevisiae S288c,P33302,1,0,0,1
CHEMBL728,DB00433,Prochlorperazine,CHEMBL1837,Trypanothione reductase,Trypanosoma brucei brucei,P39051,1,0,0,1
CHEMBL728,DB00433,Prochlorperazine,CHEMBL273,5-hydroxytryptamine receptor 1A,Rattus norvegicus,P19327,2,0,0,2
CHEMBL728,DB00433,Prochlorperazine,CHEMBL276,Muscarinic acetylcholine receptor M1,Rattus norvegicus,P08482,2,0,0,2
CHEMBL728,DB00433,Prochlorperazine,CHEMBL3072,Androgen receptor,Rattus norvegicus,P15207,1,0,0,1
CHEMBL728,DB00433,Prochlorperazine,CHEMBL315,Alpha-1B adrenergic receptor,Rattus norvegicus,P15823,2,0,0,2
CHEMBL728,DB00433,Prochlorperazine,CHEMBL319,Alpha-1A adrenergic receptor,Rattus norvegicus,P43140,2,0,0,2
CHEMBL728,DB00433,Prochlorperazine,CHEMBL330,"Glutamate receptor ionotropic, NMDA 1",Rattus norvegicus,P35439,1,0,0,1
CHEMBL728,DB00433,Prochlorperazine,CHEMBL343,Gamma-aminobutyric acid receptor subunit alpha-1,Rattus norvegicus,P62813,2,0,0,2
CHEMBL728,DB00433,Prochlorperazine,CHEMBL3459,5-hydroxytryptamine receptor 1B,Rattus norvegicus,P28564,2,0,0,2
CHEMBL728,DB00433,Prochlorperazine,CHEMBL3762,Voltage-dependent L-type calcium channel subunit alpha-1C,Rattus norvegicus,P22002,1,0,0,1
CHEMBL728,DB00433,Prochlorperazine,CHEMBL4042,Prostaglandin G/H synthase 1,Rattus norvegicus,Q63921,1,0,0,1
CHEMBL728,DB00433,Prochlorperazine,CHEMBL4372,Lethal factor,Bacillus anthracis,P15917,1,0,0,1
CHEMBL728,DB00433,Prochlorperazine,CHEMBL5017,5-hydroxytryptamine receptor 4,Cavia porcellus,O70528,2,0,0,2
CHEMBL728,DB00433,Prochlorperazine,CHEMBL5107,Voltage-dependent N-type calcium channel subunit alpha-1B,Rattus norvegicus,Q02294,1,0,0,1
CHEMBL728,DB00433,Prochlorperazine,CHEMBL5114,Quinolone resistance protein NorA,Staphylococcus aureus,P0A0J7,1,0,0,1
CHEMBL728,DB00433,Prochlorperazine,CHEMBL5686,ATP-dependent 6-phosphofructokinase,Trypanosoma brucei,O15648,1,0,0,1
CHEMBL741,DB00555,Lamotrigine,CHEMBL1809,Dihydrofolate reductase,Escherichia coli,P0ABQ4,2,0,0,2
CHEMBL741,DB00555,Lamotrigine,CHEMBL2026,Beta-lactamase,Escherichia coli K-12,P00811,1,0,0,1
CHEMBL741,DB00555,Lamotrigine,CHEMBL276,Muscarinic acetylcholine receptor M1,Rattus norvegicus,P08482,1,0,0,1
CHEMBL741,DB00555,Lamotrigine,CHEMBL3072,Androgen receptor,Rattus norvegicus,P15207,1,0,0,1
CHEMBL741,DB00555,Lamotrigine,CHEMBL330,"Glutamate receptor ionotropic, NMDA 1",Rattus norvegicus,P35439,1,0,0,1
CHEMBL741,DB00555,Lamotrigine,CHEMBL3399,Sodium channel protein type 2 subunit alpha,Rattus norvegicus,P04775,2,0,0,2
CHEMBL741,DB00555,Lamotrigine,CHEMBL343,Gamma-aminobutyric acid receptor subunit alpha-1,Rattus norvegicus,P62813,2,0,0,2
CHEMBL741,DB00555,Lamotrigine,CHEMBL3602,Sigma non-opioid intracellular receptor 1,Rattus norvegicus,Q9R0C9,1,0,0,1
CHEMBL741,DB00555,Lamotrigine,CHEMBL4017,Sodium channel protein type 10 subunit alpha,Rattus norvegicus,Q62968,1,0,0,1
CHEMBL741,DB00555,Lamotrigine,CHEMBL4042,Prostaglandin G/H synthase 1,Rattus norvegicus,Q63921,1,0,0,1
CHEMBL741,DB00555,Lamotrigine,CHEMBL4523582,Replicase polyprotein 1ab,Severe acute respiratory syndrome coronavirus 2,P0DTD1,1,0,0,1
CHEMBL741,DB00555,Lamotrigine,CHEMBL4828,Synaptic vesicular amine transporter,Rattus norvegicus,Q01827,1,0,0,1
CHEMBL741,DB00555,Lamotrigine,CHEMBL5107,Voltage-dependent N-type calcium channel subunit alpha-1B,Rattus norvegicus,Q02294,1,0,0,1
CHEMBL741,DB00555,Lamotrigine,CHEMBL6035,"Thioredoxin reductase 1, cytoplasmic",Rattus norvegicus,O89049,3,0,0,3
CHEMBL742,DB01221,Ketamine,CHEMBL3097,Acetylcholine receptor subunit alpha,Torpedo californica,P02710,4,0,0,4
CHEMBL742,DB01221,Ketamine,CHEMBL4078,Acetylcholinesterase,Electrophorus electricus,O42275,2,0,0,2
CHEMBL742,DB01221,Ketamine,CHEMBL5763,Cholinesterase,Equus caballus,P81908,2,0,0,2
CHEMBL750,DB00909,Zonisamide,CHEMBL1075028,Alpha carbonic anhydrase,Stylophora pistillata,B5SU02,2,0,0,2
CHEMBL750,DB00909,Zonisamide,CHEMBL1649055,Carbonic anhydrase,Stylophora pistillata,C0IX24,1,0,0,1
CHEMBL750,DB00909,Zonisamide,CHEMBL1681610,Amine oxidase [flavin-containing],Danio rerio,Q6NSN2,1,0,0,1
CHEMBL750,DB00909,Zonisamide,CHEMBL1697676,Carbonic anhydrase 2,Cryptococcus neoformans,Q3I4V7,2,0,0,2
CHEMBL750,DB00909,Zonisamide,CHEMBL1944498,Carbonic anhydrase 3,Bos taurus,Q3SZX4,1,0,0,1
CHEMBL750,DB00909,Zonisamide,CHEMBL1944499,Astrosclerin-3,Astrosclera willeyana,A6YCJ1,1,0,0,1
CHEMBL750,DB00909,Zonisamide,CHEMBL2993,Amine oxidase [flavin-containing] B,Rattus norvegicus,P19643,2,0,0,2
CHEMBL750,DB00909,Zonisamide,CHEMBL3050,Amine oxidase [flavin-containing] B,Mus musculus,Q8BW75,1,0,0,1
CHEMBL750,DB00909,Zonisamide,CHEMBL3072,Androgen receptor,Rattus norvegicus,P15207,1,0,0,1
CHEMBL750,DB00909,Zonisamide,CHEMBL3097982,Delta carbonic anhydrase,Conticribra weissflogii,Q5U9J1,1,0,0,1
CHEMBL750,DB00909,Zonisamide,CHEMBL330,"Glutamate receptor ionotropic, NMDA 1",Rattus norvegicus,P35439,1,0,0,1
CHEMBL750,DB00909,Zonisamide,CHEMBL3399914,AGAP002992-PA,Anopheles gambiae,Q5TU56,1,0,0,1
CHEMBL750,DB00909,Zonisamide,CHEMBL343,Gamma-aminobutyric acid receptor subunit alpha-1,Rattus norvegicus,P62813,2,0,0,2
CHEMBL750,DB00909,Zonisamide,CHEMBL3621035,"Carbonic anhydrase, alpha family",Thiomicrospira crunogena,Q31FD6,1,0,0,1
CHEMBL750,DB00909,Zonisamide,CHEMBL3745586,Carbonate dehydratase,Sulfurihydrogenibium sp. (strain YO3AOP1),B2V8E3,1,0,0,1
CHEMBL750,DB00909,Zonisamide,CHEMBL3762,Voltage-dependent L-type calcium channel subunit alpha-1C,Rattus norvegicus,P22002,1,0,0,1
CHEMBL750,DB00909,Zonisamide,CHEMBL4042,Prostaglandin G/H synthase 1,Rattus norvegicus,Q63921,1,0,0,1
CHEMBL750,DB00909,Zonisamide,CHEMBL4211,Carbonic anhydrase,Helicobacter pylori (strain ATCC 700392 / 26695) (Campylobacterpylori),O24855,2,0,0,2
CHEMBL750,DB00909,Zonisamide,CHEMBL4523582,Replicase polyprotein 1ab,Severe acute respiratory syndrome coronavirus 2,P0DTD1,2,0,0,2
CHEMBL750,DB00909,Zonisamide,CHEMBL5337,Carbonic anhydrase,Candida albicans (strain SC5314 / ATCC MYA-2876) (Yeast),Q5AJ71,3,0,0,3
CHEMBL750,DB00909,Zonisamide,CHEMBL5631,Beta-carbonic anhydrase 1,Mycobacterium tuberculosis,P9WPJ7,2,0,0,2
CHEMBL750,DB00909,Zonisamide,CHEMBL5767,PROBABLE TRANSMEMBRANE CARBONIC ANHYDRASE (CARBONATE DEHYDRATASE) (CARBONIC DEHYDRATASE),Mycobacterium tuberculosis,P96878,1,0,0,1
CHEMBL750,DB00909,Zonisamide,CHEMBL5931,Carbonic anhydrase,Saccharomyces cerevisiae S288c,P53615,1,0,0,1
CHEMBL750,DB00909,Zonisamide,CHEMBL5973,Carbonic anhydrase 15,Mus musculus,Q99N23,2,0,0,2
CHEMBL750,DB00909,Zonisamide,CHEMBL6035,"Thioredoxin reductase 1, cytoplasmic",Rattus norvegicus,O89049,1,0,0,1
CHEMBL750,DB00909,Zonisamide,CHEMBL6068,Carbonic anhydrase 2,Mycobacterium tuberculosis,P9WPJ9,1,0,0,1
CHEMBL750,DB00909,Zonisamide,CHEMBL6185,Carbonic anhydrase,Candida glabrata CBS 138,Q6FTL6,1,0,0,1
CHEMBL76,DB00608,Chloroquine,CHEMBL1075051,Dihydrofolate reductase,Bos taurus,P00376,6,0,0,6
CHEMBL76,DB00608,Chloroquine,CHEMBL1923,Histidine-rich protein PFHRP-II,Plasmodium falciparum,P05227,22,0,0,22
CHEMBL76,DB00608,Chloroquine,CHEMBL1944489,Riboflavin-binding protein,Gallus gallus,P02752,1,0,0,1
CHEMBL76,DB00608,Chloroquine,CHEMBL2052030,Phosphoethanolamine N-methyltransferase,Plasmodium falciparum,Q8IDQ9,1,0,0,1
CHEMBL76,DB00608,Chloroquine,CHEMBL3072,Androgen receptor,Rattus norvegicus,P15207,1,0,0,1
CHEMBL76,DB00608,Chloroquine,CHEMBL330,"Glutamate receptor ionotropic, NMDA 1",Rattus norvegicus,P35439,1,0,0,1
CHEMBL76,DB00608,Chloroquine,CHEMBL343,Gamma-aminobutyric acid receptor subunit alpha-1,Rattus norvegicus,P62813,2,0,0,2
CHEMBL76,DB00608,Chloroquine,CHEMBL3471,Human immunodeficiency virus type 1 integrase,Human immunodeficiency virus 1,Q7ZJM1,1,0,0,1
CHEMBL76,DB00608,Chloroquine,CHEMBL3762,Voltage-dependent L-type calcium channel subunit alpha-1C,Rattus norvegicus,P22002,1,0,0,1
CHEMBL76,DB00608,Chloroquine,CHEMBL3779755,"NACHT, LRR and PYD domains-containing protein 3",Mus musculus,Q8R4B8,1,0,0,1
CHEMBL76,DB00608,Chloroquine,CHEMBL4042,Prostaglandin G/H synthase 1,Rattus norvegicus,Q63921,1,0,0,1
CHEMBL76,DB00608,Chloroquine,CHEMBL4090,Protein kinase Pfmrk,Plasmodium falciparum,P90584,1,0,0,1
CHEMBL76,DB00608,Chloroquine,CHEMBL4523582,Replicase polyprotein 1ab,Severe acute respiratory syndrome coronavirus 2,P0DTD1,1,0,0,1
CHEMBL76,DB00608,Chloroquine,CHEMBL4662936,Spike glycoprotein,Severe acute respiratory syndrome coronavirus 2,P0DTC2,1,0,0,1
CHEMBL76,DB00608,Chloroquine,CHEMBL5192,Botulinum neurotoxin type A,Clostridium botulinum,P0DPI0,1,0,0,1
CHEMBL76,DB00608,Chloroquine,CHEMBL6035,"Thioredoxin reductase 1, cytoplasmic",Rattus norvegicus,O89049,1,0,0,1
CHEMBL76,DB00608,Chloroquine,CHEMBL6066152,Methionine--tRNA ligase,Staphylococcus aureus (strain Mu50 / ATCC 700699),P67578,1,0,0,1
CHEMBL76370,DB01079,Tegaserod,CHEMBL2007624,Peripheral myelin protein 22,Rattus norvegicus,P25094,1,0,0,1
CHEMBL76370,DB01079,Tegaserod,CHEMBL3072,Androgen receptor,Rattus norvegicus,P15207,3,0,0,3
CHEMBL76370,DB01079,Tegaserod,CHEMBL330,"Glutamate receptor ionotropic, NMDA 1",Rattus norvegicus,P35439,1,0,0,1
CHEMBL76370,DB01079,Tegaserod,CHEMBL343,Gamma-aminobutyric acid receptor subunit alpha-1,Rattus norvegicus,P62813,3,0,0,3
CHEMBL76370,DB01079,Tegaserod,CHEMBL3762,Voltage-dependent L-type calcium channel subunit alpha-1C,Rattus norvegicus,P22002,1,0,0,1
CHEMBL76370,DB01079,Tegaserod,CHEMBL4042,Prostaglandin G/H synthase 1,Rattus norvegicus,Q63921,2,0,0,2
CHEMBL76370,DB01079,Tegaserod,CHEMBL5017,5-hydroxytryptamine receptor 4,Cavia porcellus,O70528,4,0,0,4
CHEMBL766,DB01597,Cilastatin,CHEMBL1293248,4'-phosphopantetheinyl transferase ffp,Bacillus subtilis,Q9F4F7,1,0,0,1
CHEMBL766,DB01597,Cilastatin,CHEMBL1777665,Solute carrier family 22 member 6,Rattus norvegicus,O35956,1,0,0,1
CHEMBL766,DB01597,Cilastatin,CHEMBL2073666,Organic anion transporter 3,Rattus norvegicus,Q9R1U7,1,0,0,1
CHEMBL766,DB01597,Cilastatin,CHEMBL2626,Dipeptidase 1,Sus scrofa,P22412,3,0,0,3
CHEMBL766,DB01597,Cilastatin,CHEMBL343,Gamma-aminobutyric acid receptor subunit alpha-1,Rattus norvegicus,P62813,1,0,0,1
CHEMBL766,DB01597,Cilastatin,CHEMBL4523582,Replicase polyprotein 1ab,Severe acute respiratory syndrome coronavirus 2,P0DTD1,2,0,0,2
CHEMBL776,DB00816,Orciprenaline,CHEMBL1293231,Nuclear receptor ROR-gamma,Mus musculus,P51450,1,0,0,1
CHEMBL776,DB00816,Orciprenaline,CHEMBL3373,Beta-2 adrenergic receptor,Bos taurus,Q28044,1,0,0,1
CHEMBL776,DB00816,Orciprenaline,CHEMBL4523582,Replicase polyprotein 1ab,Severe acute respiratory syndrome coronavirus 2,P0DTD1,1,0,0,1
CHEMBL776,DB00816,Orciprenaline,CHEMBL6035,"Thioredoxin reductase 1, cytoplasmic",Rattus norvegicus,O89049,1,0,0,1
CHEMBL779,DB00820,Tadalafil,CHEMBL2007624,Peripheral myelin protein 22,Rattus norvegicus,P25094,1,0,0,1
CHEMBL779,DB00820,Tadalafil,CHEMBL2010636,Class 1 phosphodiesterase PDEB1,Trypanosoma brucei,Q8WQX9,1,0,0,1
CHEMBL779,DB00820,Tadalafil,CHEMBL3072,Androgen receptor,Rattus norvegicus,P15207,1,0,0,1
CHEMBL779,DB00820,Tadalafil,CHEMBL3199,Acetylcholinesterase,Rattus norvegicus,P37136,1,0,0,1
CHEMBL779,DB00820,Tadalafil,CHEMBL330,"Glutamate receptor ionotropic, NMDA 1",Rattus norvegicus,P35439,1,0,0,1
CHEMBL779,DB00820,Tadalafil,CHEMBL343,Gamma-aminobutyric acid receptor subunit alpha-1,Rattus norvegicus,P62813,2,0,0,2
CHEMBL779,DB00820,Tadalafil,CHEMBL3478,"cGMP-specific 3',5'-cyclic phosphodiesterase",Bos taurus,Q28156,6,0,0,6
CHEMBL779,DB00820,Tadalafil,CHEMBL3741,"Rod cGMP-specific 3',5'-cyclic phosphodiesterase subunit alpha",Bos taurus,P11541,1,0,0,1
CHEMBL779,DB00820,Tadalafil,CHEMBL3762,Voltage-dependent L-type calcium channel subunit alpha-1C,Rattus norvegicus,P22002,1,0,0,1
CHEMBL779,DB00820,Tadalafil,CHEMBL4042,Prostaglandin G/H synthase 1,Rattus norvegicus,Q63921,1,0,0,1
CHEMBL779,DB00820,Tadalafil,CHEMBL4295711,"Dual 3',5'-cyclic-AMP and -GMP phosphodiesterase 11A",Mus musculus,P0C1Q2,2,0,0,2
CHEMBL779,DB00820,Tadalafil,CHEMBL4523582,Replicase polyprotein 1ab,Severe acute respiratory syndrome coronavirus 2,P0DTD1,1,0,0,1
CHEMBL779,DB00820,Tadalafil,CHEMBL4567,"cGMP-specific 3',5'-cyclic phosphodiesterase",Rattus norvegicus,O54735,2,0,0,2
CHEMBL779,DB00820,Tadalafil,CHEMBL5129,Phosphodiesterase 3B,Bos taurus,E1BN64,1,0,0,1
CHEMBL787,DB00471,Montelukast,CHEMBL3072,Androgen receptor,Rattus norvegicus,P15207,2,0,0,2
CHEMBL787,DB00471,Montelukast,CHEMBL343,Gamma-aminobutyric acid receptor subunit alpha-1,Rattus norvegicus,P62813,1,0,0,1
CHEMBL787,DB00471,Montelukast,CHEMBL4042,Prostaglandin G/H synthase 1,Rattus norvegicus,Q63921,1,0,0,1
CHEMBL787,DB00471,Montelukast,CHEMBL4523582,Replicase polyprotein 1ab,Severe acute respiratory syndrome coronavirus 2,P0DTD1,2,0,0,2
CHEMBL787,DB00471,Montelukast,CHEMBL5645,Cysteinyl leukotriene receptor 1,Cavia porcellus,Q2NNR5,4,0,0,4
CHEMBL79,DB00281,Lidocaine,CHEMBL1075227,A-type voltage-gated potassium channel KCND2,Rattus norvegicus,Q63881,1,0,1,0
CHEMBL79,DB00281,Lidocaine,CHEMBL2026,Beta-lactamase,Escherichia coli K-12,P00811,2,0,1,1
CHEMBL79,DB00281,Lidocaine,CHEMBL2073665,Organic cation/carnitine transporter 2,Mus musculus,Q9Z0E8,1,0,0,1
CHEMBL79,DB00281,Lidocaine,CHEMBL276,Muscarinic acetylcholine receptor M1,Rattus norvegicus,P08482,2,0,2,0
CHEMBL79,DB00281,Lidocaine,CHEMBL2830,Voltage-dependent L-type calcium channel subunit alpha-1C,Oryctolagus cuniculus,P15381,1,0,1,0
CHEMBL79,DB00281,Lidocaine,CHEMBL3072,Androgen receptor,Rattus norvegicus,P15207,1,0,0,1
CHEMBL79,DB00281,Lidocaine,CHEMBL330,"Glutamate receptor ionotropic, NMDA 1",Rattus norvegicus,P35439,1,0,0,1
CHEMBL79,DB00281,Lidocaine,CHEMBL3308902,Eukaryotic peptide chain release factor GTP-binding subunit,Saccharomyces cerevisiae,P05453,2,0,2,0
CHEMBL79,DB00281,Lidocaine,CHEMBL343,Gamma-aminobutyric acid receptor subunit alpha-1,Rattus norvegicus,P62813,2,0,0,2
CHEMBL79,DB00281,Lidocaine,CHEMBL3762,Voltage-dependent L-type calcium channel subunit alpha-1C,Rattus norvegicus,P22002,1,0,0,1
CHEMBL79,DB00281,Lidocaine,CHEMBL3866,Sodium channel protein type 5 subunit alpha,Rattus norvegicus,P15389,1,0,1,0
CHEMBL79,DB00281,Lidocaine,CHEMBL4042,Prostaglandin G/H synthase 1,Rattus norvegicus,Q63921,1,0,0,1
CHEMBL79,DB00281,Lidocaine,CHEMBL4295,Potassium channel subfamily K member 9,Rattus norvegicus,Q9ES08,1,0,1,0
CHEMBL79,DB00281,Lidocaine,CHEMBL4523395,Diacylglycerol O-acyltransferase 1,Bos taurus,Q8MK44,1,0,1,0
CHEMBL79,DB00281,Lidocaine,CHEMBL4523439,Lecithin retinol acyltransferase,Bos taurus,Q9BGL2,1,0,1,0
CHEMBL79,DB00281,Lidocaine,CHEMBL5107,Voltage-dependent N-type calcium channel subunit alpha-1B,Rattus norvegicus,Q02294,1,0,0,1
CHEMBL79,DB00281,Lidocaine,CHEMBL6035,"Thioredoxin reductase 1, cytoplasmic",Rattus norvegicus,O89049,2,0,0,2
CHEMBL796,DB00422,Methylphenidate,CHEMBL338,Sodium-dependent dopamine transporter,Rattus norvegicus,P23977,1,0,0,1
CHEMBL797,DB00832,Phensuximide,CHEMBL2026,Beta-lactamase,Escherichia coli K-12,P00811,1,0,0,1
CHEMBL797,DB00832,Phensuximide,CHEMBL3072,Androgen receptor,Rattus norvegicus,P15207,1,0,0,1
CHEMBL797,DB00832,Phensuximide,CHEMBL330,"Glutamate receptor ionotropic, NMDA 1",Rattus norvegicus,P35439,1,0,0,1
CHEMBL797,DB00832,Phensuximide,CHEMBL343,Gamma-aminobutyric acid receptor subunit alpha-1,Rattus norvegicus,P62813,2,0,0,2
CHEMBL797,DB00832,Phensuximide,CHEMBL3762,Voltage-dependent L-type calcium channel subunit alpha-1C,Rattus norvegicus,P22002,1,0,0,1
CHEMBL797,DB00832,Phensuximide,CHEMBL4042,Prostaglandin G/H synthase 1,Rattus norvegicus,Q63921,1,0,0,1
CHEMBL8,DB00537,Ciprofloxacin,CHEMBL1681613,Multidrug resistance protein MdtK,Escherichia coli (strain K12),P37340,1,0,0,1
CHEMBL8,DB00537,Ciprofloxacin,CHEMBL1858,DNA gyrase subunit A,Escherichia coli K-12,P0AES4,8,0,0,8
CHEMBL8,DB00537,Ciprofloxacin,CHEMBL1895,DNA topoisomerase 4 subunit A,Escherichia coli K-12,P0AFI2,1,0,0,1
CHEMBL8,DB00537,Ciprofloxacin,CHEMBL1921666,DNA gyrase subunit B,Staphylococcus aureus,P0A0K8,1,0,0,1
CHEMBL8,DB00537,Ciprofloxacin,CHEMBL2150841,DNA topoisomerase 4 subunit B,Staphylococcus aureus,P0C1S7,1,0,0,1
CHEMBL8,DB00537,Ciprofloxacin,CHEMBL2424506,DNA gyrase subunit A,Staphylococcus aureus,P20831,7,0,0,7
CHEMBL8,DB00537,Ciprofloxacin,CHEMBL3072,Androgen receptor,Rattus norvegicus,P15207,1,0,0,1
CHEMBL8,DB00537,Ciprofloxacin,CHEMBL330,"Glutamate receptor ionotropic, NMDA 1",Rattus norvegicus,P35439,1,0,0,1
CHEMBL8,DB00537,Ciprofloxacin,CHEMBL343,Gamma-aminobutyric acid receptor subunit alpha-1,Rattus norvegicus,P62813,2,0,0,2
CHEMBL8,DB00537,Ciprofloxacin,CHEMBL3471,Human immunodeficiency virus type 1 integrase,Human immunodeficiency virus 1,Q7ZJM1,1,0,0,1
CHEMBL8,DB00537,Ciprofloxacin,CHEMBL3563,Cruzipain,Trypanosoma cruzi,P25779,1,0,0,1
CHEMBL8,DB00537,Ciprofloxacin,CHEMBL3762,Voltage-dependent L-type calcium channel subunit alpha-1C,Rattus norvegicus,P22002,1,0,0,1
CHEMBL8,DB00537,Ciprofloxacin,CHEMBL4042,Prostaglandin G/H synthase 1,Rattus norvegicus,Q63921,1,0,0,1
CHEMBL8,DB00537,Ciprofloxacin,CHEMBL4088,DNA topoisomerase 4 subunit A,Staphylococcus aureus,P0C1U9,5,0,0,5
CHEMBL8,DB00537,Ciprofloxacin,CHEMBL4124,Histamine H3 receptor,Rattus norvegicus,Q9QYN8,1,0,0,1
CHEMBL8,DB00537,Ciprofloxacin,CHEMBL4523582,Replicase polyprotein 1ab,Severe acute respiratory syndrome coronavirus 2,P0DTD1,2,0,0,2
CHEMBL8,DB00537,Ciprofloxacin,CHEMBL5107,Voltage-dependent N-type calcium channel subunit alpha-1B,Rattus norvegicus,Q02294,1,0,0,1
CHEMBL80,DB01183,Naloxone,CHEMBL269,Delta-type opioid receptor,Rattus norvegicus,P33533,8,0,0,8
CHEMBL80,DB01183,Naloxone,CHEMBL270,Mu-type opioid receptor,Rattus norvegicus,P33535,9,0,0,9
CHEMBL80,DB01183,Naloxone,CHEMBL2858,Mu-type opioid receptor,Mus musculus,P42866,2,0,0,2
CHEMBL80,DB01183,Naloxone,CHEMBL3041,Mu-type opioid receptor,Bos taurus,P79350,2,0,0,2
CHEMBL80,DB01183,Naloxone,CHEMBL3138,D(3) dopamine receptor,Rattus norvegicus,P19020,1,0,0,1
CHEMBL80,DB01183,Naloxone,CHEMBL3222,Delta-type opioid receptor,Mus musculus,P32300,3,0,0,3
CHEMBL80,DB01183,Naloxone,CHEMBL3602,Sigma non-opioid intracellular receptor 1,Rattus norvegicus,Q9R0C9,1,0,0,1
CHEMBL80,DB01183,Naloxone,CHEMBL3614,Kappa-type opioid receptor,Rattus norvegicus,P34975,2,0,0,2
CHEMBL80,DB01183,Naloxone,CHEMBL3676,C-C chemokine receptor type 5,Mus musculus,P51682,2,0,0,2
CHEMBL80,DB01183,Naloxone,CHEMBL3952,Kappa-type opioid receptor,Cavia porcellus,P41144,21,0,0,21
CHEMBL80,DB01183,Naloxone,CHEMBL4329,Kappa-type opioid receptor,Mus musculus,P33534,1,0,0,1
CHEMBL80,DB01183,Naloxone,CHEMBL4354,Mu-type opioid receptor,Cavia porcellus,P97266,13,0,0,13
CHEMBL802,DB00350,Minoxidil,CHEMBL1293238,Inositol monophosphatase 1,Rattus norvegicus,P97697,1,0,1,0
CHEMBL802,DB00350,Minoxidil,CHEMBL1293248,4'-phosphopantetheinyl transferase ffp,Bacillus subtilis,Q9F4F7,1,0,1,0
CHEMBL802,DB00350,Minoxidil,CHEMBL2007624,Peripheral myelin protein 22,Rattus norvegicus,P25094,1,0,0,1
CHEMBL802,DB00350,Minoxidil,CHEMBL3072,Androgen receptor,Rattus norvegicus,P15207,1,0,0,1
CHEMBL802,DB00350,Minoxidil,CHEMBL330,"Glutamate receptor ionotropic, NMDA 1",Rattus norvegicus,P35439,1,0,0,1
CHEMBL802,DB00350,Minoxidil,CHEMBL343,Gamma-aminobutyric acid receptor subunit alpha-1,Rattus norvegicus,P62813,2,0,0,2
CHEMBL802,DB00350,Minoxidil,CHEMBL3762,Voltage-dependent L-type calcium channel subunit alpha-1C,Rattus norvegicus,P22002,1,0,0,1
CHEMBL802,DB00350,Minoxidil,CHEMBL4042,Prostaglandin G/H synthase 1,Rattus norvegicus,Q63921,1,0,0,1
CHEMBL802,DB00350,Minoxidil,CHEMBL4372,Lethal factor,Bacillus anthracis,P15917,1,0,1,0
CHEMBL802,DB00350,Minoxidil,CHEMBL4523582,Replicase polyprotein 1ab,Severe acute respiratory syndrome coronavirus 2,P0DTD1,1,0,1,0
CHEMBL802,DB00350,Minoxidil,CHEMBL5686,ATP-dependent 6-phosphofructokinase,Trypanosoma brucei,O15648,1,0,1,0
CHEMBL802,DB00350,Minoxidil,CHEMBL6035,"Thioredoxin reductase 1, cytoplasmic",Rattus norvegicus,O89049,1,0,0,1
CHEMBL809,DB01104,Sertraline,CHEMBL1293248,4'-phosphopantetheinyl transferase ffp,Bacillus subtilis,Q9F4F7,1,0,0,1
CHEMBL809,DB01104,Sertraline,CHEMBL1293303,Nonstructural protein 1,Influenza A virus,Q194T2,1,0,0,1
CHEMBL809,DB01104,Sertraline,CHEMBL2007624,Peripheral myelin protein 22,Rattus norvegicus,P25094,1,0,0,1
CHEMBL809,DB01104,Sertraline,CHEMBL2026,Beta-lactamase,Escherichia coli K-12,P00811,1,0,0,1
CHEMBL809,DB01104,Sertraline,CHEMBL304,Norepinephrine transporter,Rattus norvegicus,Q9WTR4,4,0,0,4
CHEMBL809,DB01104,Sertraline,CHEMBL3072,Androgen receptor,Rattus norvegicus,P15207,3,0,0,3
CHEMBL809,DB01104,Sertraline,CHEMBL313,Sodium-dependent serotonin transporter,Rattus norvegicus,P31652,4,0,0,4
CHEMBL809,DB01104,Sertraline,CHEMBL315,Alpha-1B adrenergic receptor,Rattus norvegicus,P15823,2,0,0,2
CHEMBL809,DB01104,Sertraline,CHEMBL330,"Glutamate receptor ionotropic, NMDA 1",Rattus norvegicus,P35439,1,0,0,1
CHEMBL809,DB01104,Sertraline,CHEMBL338,Sodium-dependent dopamine transporter,Rattus norvegicus,P23977,4,0,0,4
CHEMBL809,DB01104,Sertraline,CHEMBL343,Gamma-aminobutyric acid receptor subunit alpha-1,Rattus norvegicus,P62813,2,0,0,2
CHEMBL809,DB01104,Sertraline,CHEMBL3602,Sigma non-opioid intracellular receptor 1,Rattus norvegicus,Q9R0C9,1,0,0,1
CHEMBL809,DB01104,Sertraline,CHEMBL3762,Voltage-dependent L-type calcium channel subunit alpha-1C,Rattus norvegicus,P22002,3,0,0,3
CHEMBL809,DB01104,Sertraline,CHEMBL4042,Prostaglandin G/H synthase 1,Rattus norvegicus,Q63921,1,0,0,1
CHEMBL809,DB01104,Sertraline,CHEMBL4105829,Envelope glycoprotein,Zaire ebolavirus (strain Mayinga-76) (ZEBOV) (Zaire Ebola virus),Q05320,1,0,0,1
CHEMBL809,DB01104,Sertraline,CHEMBL4105864,Sigma intracellular receptor 2,Rattus norvegicus,Q5U3Y7,1,0,0,1
CHEMBL809,DB01104,Sertraline,CHEMBL4523582,Replicase polyprotein 1ab,Severe acute respiratory syndrome coronavirus 2,P0DTD1,1,0,0,1
CHEMBL809,DB01104,Sertraline,CHEMBL4828,Synaptic vesicular amine transporter,Rattus norvegicus,Q01827,1,0,0,1
CHEMBL809,DB01104,Sertraline,CHEMBL5107,Voltage-dependent N-type calcium channel subunit alpha-1B,Rattus norvegicus,Q02294,1,0,0,1
CHEMBL809,DB01104,Sertraline,CHEMBL5351,Transcriptional activator protein LuxR,Aliivibrio fischeri,P12746,1,0,0,1
CHEMBL81,DB00481,Raloxifene,CHEMBL1293231,Nuclear receptor ROR-gamma,Mus musculus,P51450,1,0,0,1
CHEMBL81,DB00481,Raloxifene,CHEMBL1641354,Aldehyde oxidase 1,Mus musculus,O54754,1,0,0,1
CHEMBL81,DB00481,Raloxifene,CHEMBL1641355,Aldehyde oxidase 1,Rattus norvegicus,Q9Z0U5,1,0,0,1
CHEMBL81,DB00481,Raloxifene,CHEMBL1641356,Aldehyde oxidase 1,Oryctolagus cuniculus,P80456,1,0,0,1
CHEMBL81,DB00481,Raloxifene,CHEMBL1641357,Aldehyde oxidase 1,Macaca fascicularis,Q5FB27,1,0,0,1
CHEMBL81,DB00481,Raloxifene,CHEMBL2007624,Peripheral myelin protein 22,Rattus norvegicus,P25094,2,0,0,2
CHEMBL81,DB00481,Raloxifene,CHEMBL2724,Estrogen receptor,Rattus norvegicus,P06211,2,0,0,2
CHEMBL81,DB00481,Raloxifene,CHEMBL276,Muscarinic acetylcholine receptor M1,Rattus norvegicus,P08482,2,0,0,2
CHEMBL81,DB00481,Raloxifene,CHEMBL3021,Estrogen receptor beta,Rattus norvegicus,Q62986,2,0,0,2
CHEMBL81,DB00481,Raloxifene,CHEMBL3072,Androgen receptor,Rattus norvegicus,P15207,1,0,0,1
CHEMBL81,DB00481,Raloxifene,CHEMBL315,Alpha-1B adrenergic receptor,Rattus norvegicus,P15823,2,0,0,2
CHEMBL81,DB00481,Raloxifene,CHEMBL319,Alpha-1A adrenergic receptor,Rattus norvegicus,P43140,2,0,0,2
CHEMBL81,DB00481,Raloxifene,CHEMBL3224,C-8 sterol isomerase ERG2,Saccharomyces cerevisiae S288c,P32352,1,0,0,1
CHEMBL81,DB00481,Raloxifene,CHEMBL330,"Glutamate receptor ionotropic, NMDA 1",Rattus norvegicus,P35439,1,0,0,1
CHEMBL81,DB00481,Raloxifene,CHEMBL3308939,Phospholipase D1,Rattus norvegicus,P70496,1,0,0,1
CHEMBL81,DB00481,Raloxifene,CHEMBL343,Gamma-aminobutyric acid receptor subunit alpha-1,Rattus norvegicus,P62813,2,0,0,2
CHEMBL81,DB00481,Raloxifene,CHEMBL3459,5-hydroxytryptamine receptor 1B,Rattus norvegicus,P28564,2,0,0,2
CHEMBL81,DB00481,Raloxifene,CHEMBL3563,Cruzipain,Trypanosoma cruzi,P25779,4,0,0,4
CHEMBL81,DB00481,Raloxifene,CHEMBL4042,Prostaglandin G/H synthase 1,Rattus norvegicus,Q63921,1,0,0,1
CHEMBL81,DB00481,Raloxifene,CHEMBL4372,Lethal factor,Bacillus anthracis,P15917,2,0,0,2
CHEMBL81,DB00481,Raloxifene,CHEMBL4523582,Replicase polyprotein 1ab,Severe acute respiratory syndrome coronavirus 2,P0DTD1,1,0,0,1
CHEMBL81,DB00481,Raloxifene,CHEMBL5107,Voltage-dependent N-type calcium channel subunit alpha-1B,Rattus norvegicus,Q02294,1,0,0,1
CHEMBL81,DB00481,Raloxifene,CHEMBL5686,ATP-dependent 6-phosphofructokinase,Trypanosoma brucei,O15648,1,0,0,1
CHEMBL81,DB00481,Raloxifene,CHEMBL6196142,Phenazine biosynthesis protein PhzB 2,Pseudomonas aeruginosa,Q02L47,1,0,0,1
CHEMBL811,DB00835,Brompheniramine,CHEMBL304,Norepinephrine transporter,Rattus norvegicus,Q9WTR4,1,0,0,1
CHEMBL811,DB00835,Brompheniramine,CHEMBL3072,Androgen receptor,Rattus norvegicus,P15207,2,0,0,2
CHEMBL811,DB00835,Brompheniramine,CHEMBL313,Sodium-dependent serotonin transporter,Rattus norvegicus,P31652,1,0,0,1
CHEMBL811,DB00835,Brompheniramine,CHEMBL330,"Glutamate receptor ionotropic, NMDA 1",Rattus norvegicus,P35439,1,0,0,1
CHEMBL811,DB00835,Brompheniramine,CHEMBL343,Gamma-aminobutyric acid receptor subunit alpha-1,Rattus norvegicus,P62813,2,0,0,2
CHEMBL811,DB00835,Brompheniramine,CHEMBL3762,Voltage-dependent L-type calcium channel subunit alpha-1C,Rattus norvegicus,P22002,1,0,0,1
CHEMBL811,DB00835,Brompheniramine,CHEMBL4042,Prostaglandin G/H synthase 1,Rattus norvegicus,Q63921,1,0,0,1
CHEMBL811,DB00835,Brompheniramine,CHEMBL6035,"Thioredoxin reductase 1, cytoplasmic",Rattus norvegicus,O89049,1,0,0,1
CHEMBL815,DB12789,Dinoprost,CHEMBL2073680,Solute carrier organic anion transporter family member 2A1,Rattus norvegicus,Q00910,1,0,0,1
CHEMBL815,DB12789,Dinoprost,CHEMBL2073698,Solute carrier organic anion transporter family member 2B1,Rattus norvegicus,Q9JHI3,1,0,0,1
CHEMBL815,DB12789,Dinoprost,CHEMBL2073699,Solute carrier organic anion transporter family member 2A1,Mus musculus,Q9EPT5,1,0,0,1
CHEMBL815,DB12789,Dinoprost,CHEMBL343,Gamma-aminobutyric acid receptor subunit alpha-1,Rattus norvegicus,P62813,1,0,0,1
CHEMBL815,DB12789,Dinoprost,CHEMBL4078,Acetylcholinesterase,Electrophorus electricus,O42275,1,0,0,1
CHEMBL815,DB12789,Dinoprost,CHEMBL4523582,Replicase polyprotein 1ab,Severe acute respiratory syndrome coronavirus 2,P0DTD1,1,0,0,1
CHEMBL815,DB12789,Dinoprost,CHEMBL4820,Prostaglandin F2-alpha receptor,Bos taurus,P37289,3,0,0,3
CHEMBL815,DB12789,Dinoprost,CHEMBL5000,Prostaglandin F2-alpha receptor,Mus musculus,P43117,3,0,0,3
CHEMBL815,DB12789,Dinoprost,CHEMBL5763,Cholinesterase,Equus caballus,P81908,1,0,0,1
CHEMBL820,DB01008,Busulfan,CHEMBL3072,Androgen receptor,Rattus norvegicus,P15207,2,0,0,2
CHEMBL820,DB01008,Busulfan,CHEMBL330,"Glutamate receptor ionotropic, NMDA 1",Rattus norvegicus,P35439,1,0,0,1
CHEMBL820,DB01008,Busulfan,CHEMBL343,Gamma-aminobutyric acid receptor subunit alpha-1,Rattus norvegicus,P62813,1,0,0,1
CHEMBL820,DB01008,Busulfan,CHEMBL4042,Prostaglandin G/H synthase 1,Rattus norvegicus,Q63921,1,0,0,1
CHEMBL820,DB01008,Busulfan,CHEMBL4372,Lethal factor,Bacillus anthracis,P15917,1,0,0,1
CHEMBL820,DB01008,Busulfan,CHEMBL4523582,Replicase polyprotein 1ab,Severe acute respiratory syndrome coronavirus 2,P0DTD1,1,0,0,1
CHEMBL827,DB06701,Dexmethylphenidate,CHEMBL304,Norepinephrine transporter,Rattus norvegicus,Q9WTR4,1,0,0,1
CHEMBL827,DB06701,Dexmethylphenidate,CHEMBL313,Sodium-dependent serotonin transporter,Rattus norvegicus,P31652,1,0,0,1
CHEMBL827,DB06701,Dexmethylphenidate,CHEMBL338,Sodium-dependent dopamine transporter,Rattus norvegicus,P23977,5,0,0,5
CHEMBL829,DB01246,Alimemazine,CHEMBL4523582,Replicase polyprotein 1ab,Severe acute respiratory syndrome coronavirus 2,P0DTD1,1,0,0,1
CHEMBL829,DB01246,Alimemazine,CHEMBL5131,Trypanothione reductase,Trypanosoma cruzi,P28593,2,0,0,2
CHEMBL83,DB00675,Tamoxifen,CHEMBL1293228,Streptokinase A,Streptococcus pyogenes serotype M1,P10520,2,0,0,2
CHEMBL83,DB00675,Tamoxifen,CHEMBL1293231,Nuclear receptor ROR-gamma,Mus musculus,P51450,2,0,0,2
CHEMBL83,DB00675,Tamoxifen,CHEMBL1293248,4'-phosphopantetheinyl transferase ffp,Bacillus subtilis,Q9F4F7,4,0,0,4
CHEMBL83,DB00675,Tamoxifen,CHEMBL1293254,Ferritin light chain,Equus caballus,P02791,2,0,0,2
CHEMBL83,DB00675,Tamoxifen,CHEMBL1909044,Progesterone receptor,Bos taurus,Q690N0,2,0,0,2
CHEMBL83,DB00675,Tamoxifen,CHEMBL2026,Beta-lactamase,Escherichia coli K-12,P00811,1,0,0,1
CHEMBL83,DB00675,Tamoxifen,CHEMBL273,5-hydroxytryptamine receptor 1A,Rattus norvegicus,P19327,2,0,0,2
CHEMBL83,DB00675,Tamoxifen,CHEMBL3072,Androgen receptor,Rattus norvegicus,P15207,6,0,0,6
CHEMBL83,DB00675,Tamoxifen,CHEMBL319,Alpha-1A adrenergic receptor,Rattus norvegicus,P43140,2,0,0,2
CHEMBL83,DB00675,Tamoxifen,CHEMBL3224,C-8 sterol isomerase ERG2,Saccharomyces cerevisiae S288c,P32352,1,0,0,1
CHEMBL83,DB00675,Tamoxifen,CHEMBL330,"Glutamate receptor ionotropic, NMDA 1",Rattus norvegicus,P35439,1,0,0,1
CHEMBL83,DB00675,Tamoxifen,CHEMBL3308939,Phospholipase D1,Rattus norvegicus,P70496,1,0,0,1
CHEMBL83,DB00675,Tamoxifen,CHEMBL343,Gamma-aminobutyric acid receptor subunit alpha-1,Rattus norvegicus,P62813,2,0,0,2
CHEMBL83,DB00675,Tamoxifen,CHEMBL3728,Albumin,Bos taurus,P02769,6,0,0,6
CHEMBL83,DB00675,Tamoxifen,CHEMBL3762,Voltage-dependent L-type calcium channel subunit alpha-1C,Rattus norvegicus,P22002,1,0,0,1
CHEMBL83,DB00675,Tamoxifen,CHEMBL3897,DNA polymerase III PolC-type,Bacillus subtilis (strain 168),P13267,1,0,0,1
CHEMBL83,DB00675,Tamoxifen,CHEMBL4042,Prostaglandin G/H synthase 1,Rattus norvegicus,Q63921,2,0,0,2
CHEMBL83,DB00675,Tamoxifen,CHEMBL4372,Lethal factor,Bacillus anthracis,P15917,1,0,0,1
CHEMBL83,DB00675,Tamoxifen,CHEMBL5107,Voltage-dependent N-type calcium channel subunit alpha-1B,Rattus norvegicus,Q02294,1,0,0,1
CHEMBL83,DB00675,Tamoxifen,CHEMBL5351,Transcriptional activator protein LuxR,Aliivibrio fischeri,P12746,3,0,0,3
CHEMBL83063,DB00867,Ritodrine,CHEMBL3072,Androgen receptor,Rattus norvegicus,P15207,3,0,0,3
CHEMBL83063,DB00867,Ritodrine,CHEMBL330,"Glutamate receptor ionotropic, NMDA 1",Rattus norvegicus,P35439,1,0,0,1
CHEMBL83063,DB00867,Ritodrine,CHEMBL343,Gamma-aminobutyric acid receptor subunit alpha-1,Rattus norvegicus,P62813,2,0,0,2
CHEMBL83063,DB00867,Ritodrine,CHEMBL3754,Beta-2 adrenergic receptor,Rattus norvegicus,P10608,1,0,0,1
CHEMBL83063,DB00867,Ritodrine,CHEMBL3762,Voltage-dependent L-type calcium channel subunit alpha-1C,Rattus norvegicus,P22002,1,0,0,1
CHEMBL83063,DB00867,Ritodrine,CHEMBL4031,Beta-3 adrenergic receptor,Rattus norvegicus,P26255,1,0,0,1
CHEMBL83063,DB00867,Ritodrine,CHEMBL4042,Prostaglandin G/H synthase 1,Rattus norvegicus,Q63921,2,0,0,2
CHEMBL831,DB00408,Loxapine,CHEMBL3072,Androgen receptor,Rattus norvegicus,P15207,1,0,0,1
CHEMBL831,DB00408,Loxapine,CHEMBL322,5-hydroxytryptamine receptor 2A,Rattus norvegicus,P14842,1,0,0,1
CHEMBL831,DB00408,Loxapine,CHEMBL3223,5-hydroxytryptamine receptor 7,Rattus norvegicus,P32305,1,0,0,1
CHEMBL831,DB00408,Loxapine,CHEMBL324,5-hydroxytryptamine receptor 2C,Rattus norvegicus,P08909,1,0,0,1
CHEMBL831,DB00408,Loxapine,CHEMBL330,"Glutamate receptor ionotropic, NMDA 1",Rattus norvegicus,P35439,1,0,0,1
CHEMBL831,DB00408,Loxapine,CHEMBL339,D(2) dopamine receptor,Rattus norvegicus,P61169,1,0,0,1
CHEMBL831,DB00408,Loxapine,CHEMBL343,Gamma-aminobutyric acid receptor subunit alpha-1,Rattus norvegicus,P62813,3,0,0,3
CHEMBL831,DB00408,Loxapine,CHEMBL3762,Voltage-dependent L-type calcium channel subunit alpha-1C,Rattus norvegicus,P22002,1,0,0,1
CHEMBL831,DB00408,Loxapine,CHEMBL4042,Prostaglandin G/H synthase 1,Rattus norvegicus,Q63921,1,0,0,1
CHEMBL831,DB00408,Loxapine,CHEMBL4701,Histamine H1 receptor,Rattus norvegicus,P31390,1,0,0,1
CHEMBL831,DB00408,Loxapine,CHEMBL5107,Voltage-dependent N-type calcium channel subunit alpha-1B,Rattus norvegicus,Q02294,1,0,0,1
CHEMBL842,DB00880,Chlorothiazide,CHEMBL1293303,Nonstructural protein 1,Influenza A virus,Q194T2,1,0,0,1
CHEMBL842,DB00880,Chlorothiazide,CHEMBL2026,Beta-lactamase,Escherichia coli K-12,P00811,1,0,0,1
CHEMBL842,DB00880,Chlorothiazide,CHEMBL276,Muscarinic acetylcholine receptor M1,Rattus norvegicus,P08482,2,0,0,2
CHEMBL842,DB00880,Chlorothiazide,CHEMBL3072,Androgen receptor,Rattus norvegicus,P15207,1,0,0,1
CHEMBL842,DB00880,Chlorothiazide,CHEMBL330,"Glutamate receptor ionotropic, NMDA 1",Rattus norvegicus,P35439,1,0,0,1
CHEMBL842,DB00880,Chlorothiazide,CHEMBL343,Gamma-aminobutyric acid receptor subunit alpha-1,Rattus norvegicus,P62813,2,0,0,2
CHEMBL842,DB00880,Chlorothiazide,CHEMBL3762,Voltage-dependent L-type calcium channel subunit alpha-1C,Rattus norvegicus,P22002,1,0,0,1
CHEMBL842,DB00880,Chlorothiazide,CHEMBL4042,Prostaglandin G/H synthase 1,Rattus norvegicus,Q63921,1,0,0,1
CHEMBL842,DB00880,Chlorothiazide,CHEMBL4523582,Replicase polyprotein 1ab,Severe acute respiratory syndrome coronavirus 2,P0DTD1,1,0,0,1
CHEMBL842,DB00880,Chlorothiazide,CHEMBL5686,ATP-dependent 6-phosphofructokinase,Trypanosoma brucei,O15648,1,0,0,1
CHEMBL844,DB00484,Brimonidine,CHEMBL1293234,Fructose-bisphosphate aldolase,Giardia intestinalis,A8B2U2,2,0,0,2
CHEMBL844,DB00484,Brimonidine,CHEMBL1293248,4'-phosphopantetheinyl transferase ffp,Bacillus subtilis,Q9F4F7,1,0,0,1
CHEMBL844,DB00484,Brimonidine,CHEMBL1293254,Ferritin light chain,Equus caballus,P02791,2,0,0,2
CHEMBL844,DB00484,Brimonidine,CHEMBL1293285,Endonuclease 4,Escherichia coli K-12,P0A6C1,1,0,0,1
CHEMBL844,DB00484,Brimonidine,CHEMBL2007624,Peripheral myelin protein 22,Rattus norvegicus,P25094,1,0,0,1
CHEMBL844,DB00484,Brimonidine,CHEMBL2026,Beta-lactamase,Escherichia coli K-12,P00811,1,0,0,1
CHEMBL844,DB00484,Brimonidine,CHEMBL266,Alpha-2B adrenergic receptor,Rattus norvegicus,P19328,2,0,0,2
CHEMBL844,DB00484,Brimonidine,CHEMBL273,5-hydroxytryptamine receptor 1A,Rattus norvegicus,P19327,2,0,0,2
CHEMBL844,DB00484,Brimonidine,CHEMBL3072,Androgen receptor,Rattus norvegicus,P15207,2,0,0,2
CHEMBL844,DB00484,Brimonidine,CHEMBL319,Alpha-1A adrenergic receptor,Rattus norvegicus,P43140,2,0,0,2
CHEMBL844,DB00484,Brimonidine,CHEMBL330,"Glutamate receptor ionotropic, NMDA 1",Rattus norvegicus,P35439,1,0,0,1
CHEMBL844,DB00484,Brimonidine,CHEMBL343,Gamma-aminobutyric acid receptor subunit alpha-1,Rattus norvegicus,P62813,2,0,0,2
CHEMBL844,DB00484,Brimonidine,CHEMBL3988626,Alpha-1B adrenergic receptor,Cricetulus griseus,G3HDX1,1,0,0,1
CHEMBL844,DB00484,Brimonidine,CHEMBL4042,Prostaglandin G/H synthase 1,Rattus norvegicus,Q63921,1,0,0,1
CHEMBL844,DB00484,Brimonidine,CHEMBL4523582,Replicase polyprotein 1ab,Severe acute respiratory syndrome coronavirus 2,P0DTD1,2,0,0,2
CHEMBL844,DB00484,Brimonidine,CHEMBL4892,Alpha-1A adrenergic receptor,Bos taurus,P18130,1,0,0,1
CHEMBL844,DB00484,Brimonidine,CHEMBL6035,"Thioredoxin reductase 1, cytoplasmic",Rattus norvegicus,O89049,5,0,0,5
CHEMBL849,DB08604,Triclosan,CHEMBL1075024,Enoyl-(Acyl-carrier-protein) reductase,Streptococcus pneumoniae,Q9FBC5,2,0,0,2
CHEMBL849,DB08604,Triclosan,CHEMBL1075044,Enoyl-[acyl-carrier-protein] reductase [NADH] FabI,Bacillus subtilis (strain 168),P54616,1,0,0,1
CHEMBL849,DB08604,Triclosan,CHEMBL1250368,Enoyl-acyl carrier reductase,Toxoplasma gondii,Q6UCJ9,5,0,0,5
CHEMBL849,DB08604,Triclosan,CHEMBL1293254,Ferritin light chain,Equus caballus,P02791,1,0,0,1
CHEMBL849,DB08604,Triclosan,CHEMBL1795086,HSP90,Plasmodium falciparum 3D7,Q8IL32,1,0,0,1
CHEMBL849,DB08604,Triclosan,CHEMBL1795135,3-oxoacyl-[acyl-carrier-protein] synthase 3,Escherichia coli,C3TDZ2,1,0,0,1
CHEMBL849,DB08604,Triclosan,CHEMBL1849,Enoyl-[acyl-carrier-protein] reductase [NADH],Mycobacterium tuberculosis,P9WGR1,21,0,0,21
CHEMBL849,DB08604,Triclosan,CHEMBL1857,Enoyl-[acyl-carrier-protein] reductase [NADH] FabI,Escherichia coli K-12,P0AEK4,6,0,0,6
CHEMBL849,DB08604,Triclosan,CHEMBL2146310,Aberrant vpr protein,Human immunodeficiency virus 1,Q77YF9,1,0,0,1
CHEMBL849,DB08604,Triclosan,CHEMBL2150835,Enoyl-[acyl-carrier-protein] reductase [NADH],Francisella tularensis subsp. tularensis (strain SCHU S4 / Schu 4),Q5NGQ3,5,0,0,5
CHEMBL849,DB08604,Triclosan,CHEMBL3072,Androgen receptor,Rattus norvegicus,P15207,1,0,0,1
CHEMBL849,DB08604,Triclosan,CHEMBL330,"Glutamate receptor ionotropic, NMDA 1",Rattus norvegicus,P35439,1,0,0,1
CHEMBL849,DB08604,Triclosan,CHEMBL343,Gamma-aminobutyric acid receptor subunit alpha-1,Rattus norvegicus,P62813,2,0,0,2
CHEMBL849,DB08604,Triclosan,CHEMBL3994,Enoyl-[acyl-carrier-protein] reductase [NADPH] FabI,Staphylococcus aureus,Q6GI75,7,0,0,7
CHEMBL849,DB08604,Triclosan,CHEMBL4042,Prostaglandin G/H synthase 1,Rattus norvegicus,Q63921,1,0,0,1
CHEMBL849,DB08604,Triclosan,CHEMBL4150,Enoyl-acyl-carrier protein reductase,Plasmodium falciparum,Q965D5,28,0,0,28
CHEMBL849,DB08604,Triclosan,CHEMBL4523582,Replicase polyprotein 1ab,Severe acute respiratory syndrome coronavirus 2,P0DTD1,2,0,0,2
CHEMBL85,DB00734,Risperidone,CHEMBL2007624,Peripheral myelin protein 22,Rattus norvegicus,P25094,1,0,0,1
CHEMBL85,DB00734,Risperidone,CHEMBL2366456,Voltage-dependent L-type calcium channel subunit alpha-1C,Cavia porcellus,O35505,3,0,0,3
CHEMBL85,DB00734,Risperidone,CHEMBL265,D(1A) dopamine receptor,Rattus norvegicus,P18901,4,0,0,4
CHEMBL85,DB00734,Risperidone,CHEMBL273,5-hydroxytryptamine receptor 1A,Rattus norvegicus,P19327,18,0,0,18
CHEMBL85,DB00734,Risperidone,CHEMBL276,Muscarinic acetylcholine receptor M1,Rattus norvegicus,P08482,2,0,0,2
CHEMBL85,DB00734,Risperidone,CHEMBL304,Norepinephrine transporter,Rattus norvegicus,Q9WTR4,1,0,0,1
CHEMBL85,DB00734,Risperidone,CHEMBL3072,Androgen receptor,Rattus norvegicus,P15207,2,0,0,2
CHEMBL85,DB00734,Risperidone,CHEMBL3138,D(3) dopamine receptor,Rattus norvegicus,P19020,5,0,0,5
CHEMBL85,DB00734,Risperidone,CHEMBL315,Alpha-1B adrenergic receptor,Rattus norvegicus,P15823,2,0,0,2
CHEMBL85,DB00734,Risperidone,CHEMBL319,Alpha-1A adrenergic receptor,Rattus norvegicus,P43140,4,0,0,4
CHEMBL85,DB00734,Risperidone,CHEMBL322,5-hydroxytryptamine receptor 2A,Rattus norvegicus,P14842,18,0,0,18
CHEMBL85,DB00734,Risperidone,CHEMBL3223,5-hydroxytryptamine receptor 7,Rattus norvegicus,P32305,4,0,0,4
CHEMBL85,DB00734,Risperidone,CHEMBL324,5-hydroxytryptamine receptor 2C,Rattus norvegicus,P08909,6,0,0,6
CHEMBL85,DB00734,Risperidone,CHEMBL3252,Beta-1 adrenergic receptor,Rattus norvegicus,P18090,1,0,0,1
CHEMBL85,DB00734,Risperidone,CHEMBL327,Alpha-2A adrenergic receptor,Rattus norvegicus,P22909,1,0,0,1
CHEMBL85,DB00734,Risperidone,CHEMBL330,"Glutamate receptor ionotropic, NMDA 1",Rattus norvegicus,P35439,1,0,0,1
CHEMBL85,DB00734,Risperidone,CHEMBL339,D(2) dopamine receptor,Rattus norvegicus,P61169,27,0,0,27
CHEMBL85,DB00734,Risperidone,CHEMBL3427,D(2) dopamine receptor,Mus musculus,P61168,1,0,0,1
CHEMBL85,DB00734,Risperidone,CHEMBL343,Gamma-aminobutyric acid receptor subunit alpha-1,Rattus norvegicus,P62813,1,0,0,1
CHEMBL85,DB00734,Risperidone,CHEMBL3737,5-hydroxytryptamine receptor 1A,Mus musculus,Q64264,1,0,0,1
CHEMBL85,DB00734,Risperidone,CHEMBL3762,Voltage-dependent L-type calcium channel subunit alpha-1C,Rattus norvegicus,P22002,1,0,0,1
CHEMBL85,DB00734,Risperidone,CHEMBL3943,Histamine H1 receptor,Cavia porcellus,P31389,8,0,0,8
CHEMBL85,DB00734,Risperidone,CHEMBL4042,Prostaglandin G/H synthase 1,Rattus norvegicus,Q63921,1,0,0,1
CHEMBL85,DB00734,Risperidone,CHEMBL4523582,Replicase polyprotein 1ab,Severe acute respiratory syndrome coronavirus 2,P0DTD1,2,0,0,2
CHEMBL85,DB00734,Risperidone,CHEMBL4701,Histamine H1 receptor,Rattus norvegicus,P31390,2,0,0,2
CHEMBL85,DB00734,Risperidone,CHEMBL4817,Albumin,Rattus norvegicus,P02770,1,0,0,1
CHEMBL85,DB00734,Risperidone,CHEMBL4828,Synaptic vesicular amine transporter,Rattus norvegicus,Q01827,1,0,0,1
CHEMBL85,DB00734,Risperidone,CHEMBL5107,Voltage-dependent N-type calcium channel subunit alpha-1B,Rattus norvegicus,Q02294,1,0,0,1
CHEMBL85,DB00734,Risperidone,CHEMBL6035,"Thioredoxin reductase 1, cytoplasmic",Rattus norvegicus,O89049,1,0,0,1
CHEMBL85,DB00734,Risperidone,CHEMBL6184,Transporter,Rattus norvegicus,Q63380,1,0,0,1
CHEMBL855,DB00427,Triprolidine,CHEMBL2007624,Peripheral myelin protein 22,Rattus norvegicus,P25094,1,0,0,1
CHEMBL855,DB00427,Triprolidine,CHEMBL3072,Androgen receptor,Rattus norvegicus,P15207,1,0,0,1
CHEMBL855,DB00427,Triprolidine,CHEMBL330,"Glutamate receptor ionotropic, NMDA 1",Rattus norvegicus,P35439,1,0,0,1
CHEMBL855,DB00427,Triprolidine,CHEMBL343,Gamma-aminobutyric acid receptor subunit alpha-1,Rattus norvegicus,P62813,2,0,0,2
CHEMBL855,DB00427,Triprolidine,CHEMBL3762,Voltage-dependent L-type calcium channel subunit alpha-1C,Rattus norvegicus,P22002,1,0,0,1
CHEMBL855,DB00427,Triprolidine,CHEMBL3943,Histamine H1 receptor,Cavia porcellus,P31389,2,0,0,2
CHEMBL855,DB00427,Triprolidine,CHEMBL4042,Prostaglandin G/H synthase 1,Rattus norvegicus,Q63921,1,0,0,1
CHEMBL855,DB00427,Triprolidine,CHEMBL4523582,Replicase polyprotein 1ab,Severe acute respiratory syndrome coronavirus 2,P0DTD1,1,0,0,1
CHEMBL855,DB00427,Triprolidine,CHEMBL6035,"Thioredoxin reductase 1, cytoplasmic",Rattus norvegicus,O89049,2,0,0,2
CHEMBL856,DB00794,Primidone,CHEMBL2026,Beta-lactamase,Escherichia coli K-12,P00811,1,0,0,1
CHEMBL856,DB00794,Primidone,CHEMBL2146315,Nuclear receptor subfamily 1 group I member 2,Rattus norvegicus,Q9R1A7,1,0,0,1
CHEMBL856,DB00794,Primidone,CHEMBL3072,Androgen receptor,Rattus norvegicus,P15207,1,0,0,1
CHEMBL856,DB00794,Primidone,CHEMBL330,"Glutamate receptor ionotropic, NMDA 1",Rattus norvegicus,P35439,1,0,0,1
CHEMBL856,DB00794,Primidone,CHEMBL343,Gamma-aminobutyric acid receptor subunit alpha-1,Rattus norvegicus,P62813,1,0,0,1
CHEMBL856,DB00794,Primidone,CHEMBL3762,Voltage-dependent L-type calcium channel subunit alpha-1C,Rattus norvegicus,P22002,1,0,0,1
CHEMBL856,DB00794,Primidone,CHEMBL4042,Prostaglandin G/H synthase 1,Rattus norvegicus,Q63921,1,0,0,1
CHEMBL856,DB00794,Primidone,CHEMBL4523582,Replicase polyprotein 1ab,Severe acute respiratory syndrome coronavirus 2,P0DTD1,2,0,0,2
CHEMBL858,DB00974,Edetic acid,CHEMBL1287600,Class B carbapenemase VIM-13,Pseudomonas aeruginosa,Q2HY42,1,0,0,1
CHEMBL858,DB00974,Edetic acid,CHEMBL1287601,Beta-lactamase VIM-1,Pseudomonas aeruginosa,Q9XAY4,1,0,0,1
CHEMBL858,DB00974,Edetic acid,CHEMBL1293244,Beta-lactamase,Pseudomonas aeruginosa,Q79MP6,1,0,0,1
CHEMBL858,DB00974,Edetic acid,CHEMBL2079847,Beta-lactamase II,Bacillus anthracis,Q93T40,1,0,0,1
CHEMBL858,DB00974,Edetic acid,CHEMBL2366442,"cAMP-specific 3',5'-cyclic phosphodiesterase 4B",Crotalus adamanteus,J3SE37,2,0,0,2
CHEMBL858,DB00974,Edetic acid,CHEMBL3072,Androgen receptor,Rattus norvegicus,P15207,1,0,0,1
CHEMBL858,DB00974,Edetic acid,CHEMBL330,"Glutamate receptor ionotropic, NMDA 1",Rattus norvegicus,P35439,1,0,0,1
CHEMBL858,DB00974,Edetic acid,CHEMBL343,Gamma-aminobutyric acid receptor subunit alpha-1,Rattus norvegicus,P62813,3,0,0,3
CHEMBL858,DB00974,Edetic acid,CHEMBL3762,Voltage-dependent L-type calcium channel subunit alpha-1C,Rattus norvegicus,P22002,1,0,0,1
CHEMBL858,DB00974,Edetic acid,CHEMBL4042,Prostaglandin G/H synthase 1,Rattus norvegicus,Q63921,1,0,0,1
CHEMBL858,DB00974,Edetic acid,CHEMBL4523582,Replicase polyprotein 1ab,Severe acute respiratory syndrome coronavirus 2,P0DTD1,2,0,0,2
CHEMBL858,DB00974,Edetic acid,CHEMBL5465386,Metallo-beta-lactamase type 2,Bacteria,C7C422,1,0,0,1
CHEMBL86,DB01233,Metoclopramide,CHEMBL2295561,Lactoperoxidase,Bos taurus,P80025,1,0,0,1
CHEMBL86,DB01233,Metoclopramide,CHEMBL2703,D(2) dopamine receptor,Canis lupus familiaris,Q9GJU1,1,0,0,1
CHEMBL86,DB01233,Metoclopramide,CHEMBL276,Muscarinic acetylcholine receptor M1,Rattus norvegicus,P08482,1,0,0,1
CHEMBL86,DB01233,Metoclopramide,CHEMBL3072,Androgen receptor,Rattus norvegicus,P15207,1,0,0,1
CHEMBL86,DB01233,Metoclopramide,CHEMBL3138,D(3) dopamine receptor,Rattus norvegicus,P19020,1,0,0,1
CHEMBL86,DB01233,Metoclopramide,CHEMBL330,"Glutamate receptor ionotropic, NMDA 1",Rattus norvegicus,P35439,1,0,0,1
CHEMBL86,DB01233,Metoclopramide,CHEMBL339,D(2) dopamine receptor,Rattus norvegicus,P61169,11,0,0,11
CHEMBL86,DB01233,Metoclopramide,CHEMBL343,Gamma-aminobutyric acid receptor subunit alpha-1,Rattus norvegicus,P62813,2,0,0,2
CHEMBL86,DB01233,Metoclopramide,CHEMBL3762,Voltage-dependent L-type calcium channel subunit alpha-1C,Rattus norvegicus,P22002,1,0,0,1
CHEMBL86,DB01233,Metoclopramide,CHEMBL3998,D(2) dopamine receptor,Bos taurus,P20288,1,0,0,1
CHEMBL86,DB01233,Metoclopramide,CHEMBL4042,Prostaglandin G/H synthase 1,Rattus norvegicus,Q63921,1,0,0,1
CHEMBL86,DB01233,Metoclopramide,CHEMBL4317,5-hydroxytryptamine receptor 4,Rattus norvegicus,Q62758,6,0,0,6
CHEMBL86,DB01233,Metoclopramide,CHEMBL4523582,Replicase polyprotein 1ab,Severe acute respiratory syndrome coronavirus 2,P0DTD1,1,0,0,1
CHEMBL86,DB01233,Metoclopramide,CHEMBL4817,Albumin,Rattus norvegicus,P02770,1,0,0,1
CHEMBL86,DB01233,Metoclopramide,CHEMBL5017,5-hydroxytryptamine receptor 4,Cavia porcellus,O70528,3,0,0,3
CHEMBL86,DB01233,Metoclopramide,CHEMBL5107,Voltage-dependent N-type calcium channel subunit alpha-1B,Rattus norvegicus,Q02294,1,0,0,1
CHEMBL861,DB00532,Mephenytoin,CHEMBL3072,Androgen receptor,Rattus norvegicus,P15207,2,0,0,2
CHEMBL861,DB00532,Mephenytoin,CHEMBL330,"Glutamate receptor ionotropic, NMDA 1",Rattus norvegicus,P35439,1,0,0,1
CHEMBL861,DB00532,Mephenytoin,CHEMBL343,Gamma-aminobutyric acid receptor subunit alpha-1,Rattus norvegicus,P62813,1,0,0,1
CHEMBL861,DB00532,Mephenytoin,CHEMBL4042,Prostaglandin G/H synthase 1,Rattus norvegicus,Q63921,1,0,0,1
CHEMBL862,DB01018,Guanfacine,CHEMBL276,Muscarinic acetylcholine receptor M1,Rattus norvegicus,P08482,1,0,0,1
CHEMBL862,DB01018,Guanfacine,CHEMBL3072,Androgen receptor,Rattus norvegicus,P15207,1,0,0,1
CHEMBL862,DB01018,Guanfacine,CHEMBL319,Alpha-1A adrenergic receptor,Rattus norvegicus,P43140,2,0,0,2
CHEMBL862,DB01018,Guanfacine,CHEMBL330,"Glutamate receptor ionotropic, NMDA 1",Rattus norvegicus,P35439,1,0,0,1
CHEMBL862,DB01018,Guanfacine,CHEMBL343,Gamma-aminobutyric acid receptor subunit alpha-1,Rattus norvegicus,P62813,2,0,0,2
CHEMBL862,DB01018,Guanfacine,CHEMBL3762,Voltage-dependent L-type calcium channel subunit alpha-1C,Rattus norvegicus,P22002,1,0,0,1
CHEMBL862,DB01018,Guanfacine,CHEMBL4042,Prostaglandin G/H synthase 1,Rattus norvegicus,Q63921,1,0,0,1
CHEMBL862,DB01018,Guanfacine,CHEMBL4372,Lethal factor,Bacillus anthracis,P15917,1,0,0,1
CHEMBL862,DB01018,Guanfacine,CHEMBL4523582,Replicase polyprotein 1ab,Severe acute respiratory syndrome coronavirus 2,P0DTD1,1,0,0,1
CHEMBL862,DB01018,Guanfacine,CHEMBL6035,"Thioredoxin reductase 1, cytoplasmic",Rattus norvegicus,O89049,1,0,0,1
CHEMBL86304,DB01171,Moclobemide,CHEMBL2756,Amine oxidase [flavin-containing] B,Bos taurus,P56560,7,0,0,7
CHEMBL86304,DB01171,Moclobemide,CHEMBL2993,Amine oxidase [flavin-containing] B,Rattus norvegicus,P19643,10,0,0,10
CHEMBL86304,DB01171,Moclobemide,CHEMBL3072,Androgen receptor,Rattus norvegicus,P15207,1,0,0,1
CHEMBL86304,DB01171,Moclobemide,CHEMBL3254,Amine oxidase [flavin-containing] A,Bos taurus,P21398,8,0,0,8
CHEMBL86304,DB01171,Moclobemide,CHEMBL330,"Glutamate receptor ionotropic, NMDA 1",Rattus norvegicus,P35439,1,0,0,1
CHEMBL86304,DB01171,Moclobemide,CHEMBL3358,Amine oxidase [flavin-containing] A,Rattus norvegicus,P21396,13,0,0,13
CHEMBL86304,DB01171,Moclobemide,CHEMBL343,Gamma-aminobutyric acid receptor subunit alpha-1,Rattus norvegicus,P62813,2,0,0,2
CHEMBL86304,DB01171,Moclobemide,CHEMBL3762,Voltage-dependent L-type calcium channel subunit alpha-1C,Rattus norvegicus,P22002,1,0,0,1
CHEMBL86304,DB01171,Moclobemide,CHEMBL4042,Prostaglandin G/H synthase 1,Rattus norvegicus,Q63921,1,0,0,1
CHEMBL86304,DB01171,Moclobemide,CHEMBL4523582,Replicase polyprotein 1ab,Severe acute respiratory syndrome coronavirus 2,P0DTD1,2,0,0,2
CHEMBL864,DB00748,Carbinoxamine,CHEMBL3072,Androgen receptor,Rattus norvegicus,P15207,2,0,0,2
CHEMBL864,DB00748,Carbinoxamine,CHEMBL330,"Glutamate receptor ionotropic, NMDA 1",Rattus norvegicus,P35439,1,0,0,1
CHEMBL864,DB00748,Carbinoxamine,CHEMBL343,Gamma-aminobutyric acid receptor subunit alpha-1,Rattus norvegicus,P62813,1,0,0,1
CHEMBL864,DB00748,Carbinoxamine,CHEMBL4042,Prostaglandin G/H synthase 1,Rattus norvegicus,Q63921,1,0,0,1
CHEMBL86715,DB00387,Procyclidine,CHEMBL3072,Androgen receptor,Rattus norvegicus,P15207,1,0,0,1
CHEMBL86715,DB00387,Procyclidine,CHEMBL330,"Glutamate receptor ionotropic, NMDA 1",Rattus norvegicus,P35439,1,0,0,1
CHEMBL86715,DB00387,Procyclidine,CHEMBL343,Gamma-aminobutyric acid receptor subunit alpha-1,Rattus norvegicus,P62813,2,0,0,2
CHEMBL86715,DB00387,Procyclidine,CHEMBL3762,Voltage-dependent L-type calcium channel subunit alpha-1C,Rattus norvegicus,P22002,1,0,0,1
CHEMBL86715,DB00387,Procyclidine,CHEMBL4042,Prostaglandin G/H synthase 1,Rattus norvegicus,Q63921,1,0,0,1
CHEMBL86715,DB00387,Procyclidine,CHEMBL4701,Histamine H1 receptor,Rattus norvegicus,P31390,1,0,1,0
CHEMBL877,DB00302,Tranexamic acid,CHEMBL2189159,"Indoleamine 2,3-dioxygenase 2",Mus musculus,Q8R0V5,1,0,1,0
CHEMBL877,DB00302,Tranexamic acid,CHEMBL3072,Androgen receptor,Rattus norvegicus,P15207,1,0,0,1
CHEMBL877,DB00302,Tranexamic acid,CHEMBL330,"Glutamate receptor ionotropic, NMDA 1",Rattus norvegicus,P35439,1,0,0,1
CHEMBL877,DB00302,Tranexamic acid,CHEMBL343,Gamma-aminobutyric acid receptor subunit alpha-1,Rattus norvegicus,P62813,2,0,0,2
CHEMBL877,DB00302,Tranexamic acid,CHEMBL3762,Voltage-dependent L-type calcium channel subunit alpha-1C,Rattus norvegicus,P22002,1,0,0,1
CHEMBL877,DB00302,Tranexamic acid,CHEMBL4042,Prostaglandin G/H synthase 1,Rattus norvegicus,Q63921,1,0,0,1
CHEMBL877,DB00302,Tranexamic acid,CHEMBL4523582,Replicase polyprotein 1ab,Severe acute respiratory syndrome coronavirus 2,P0DTD1,1,0,1,0
CHEMBL87708,DB13411,Lofepramine,CHEMBL1293248,4'-phosphopantetheinyl transferase ffp,Bacillus subtilis,Q9F4F7,3,0,0,3
CHEMBL87708,DB13411,Lofepramine,CHEMBL2007624,Peripheral myelin protein 22,Rattus norvegicus,P25094,1,0,0,1
CHEMBL87708,DB13411,Lofepramine,CHEMBL3072,Androgen receptor,Rattus norvegicus,P15207,2,0,0,2
CHEMBL87708,DB13411,Lofepramine,CHEMBL330,"Glutamate receptor ionotropic, NMDA 1",Rattus norvegicus,P35439,1,0,0,1
CHEMBL87708,DB13411,Lofepramine,CHEMBL343,Gamma-aminobutyric acid receptor subunit alpha-1,Rattus norvegicus,P62813,2,0,0,2
CHEMBL87708,DB13411,Lofepramine,CHEMBL3762,Voltage-dependent L-type calcium channel subunit alpha-1C,Rattus norvegicus,P22002,1,0,0,1
CHEMBL87708,DB13411,Lofepramine,CHEMBL4042,Prostaglandin G/H synthase 1,Rattus norvegicus,Q63921,1,0,0,1
CHEMBL87708,DB13411,Lofepramine,CHEMBL4523582,Replicase polyprotein 1ab,Severe acute respiratory syndrome coronavirus 2,P0DTD1,1,0,0,1
CHEMBL885,DB00879,Emtricitabine,CHEMBL3072,Androgen receptor,Rattus norvegicus,P15207,2,0,0,2
CHEMBL885,DB00879,Emtricitabine,CHEMBL330,"Glutamate receptor ionotropic, NMDA 1",Rattus norvegicus,P35439,1,0,0,1
CHEMBL885,DB00879,Emtricitabine,CHEMBL343,Gamma-aminobutyric acid receptor subunit alpha-1,Rattus norvegicus,P62813,2,0,0,2
CHEMBL885,DB00879,Emtricitabine,CHEMBL3762,Voltage-dependent L-type calcium channel subunit alpha-1C,Rattus norvegicus,P22002,1,0,0,1
CHEMBL885,DB00879,Emtricitabine,CHEMBL4042,Prostaglandin G/H synthase 1,Rattus norvegicus,Q63921,1,0,0,1
CHEMBL885,DB00879,Emtricitabine,CHEMBL4523582,Replicase polyprotein 1ab,Severe acute respiratory syndrome coronavirus 2,P0DTD1,2,0,0,2
CHEMBL887,DB01367,Rasagiline,CHEMBL2993,Amine oxidase [flavin-containing] B,Rattus norvegicus,P19643,7,0,0,7
CHEMBL887,DB01367,Rasagiline,CHEMBL3072,Androgen receptor,Rattus norvegicus,P15207,1,0,0,1
CHEMBL887,DB01367,Rasagiline,CHEMBL330,"Glutamate receptor ionotropic, NMDA 1",Rattus norvegicus,P35439,1,0,0,1
CHEMBL887,DB01367,Rasagiline,CHEMBL3358,Amine oxidase [flavin-containing] A,Rattus norvegicus,P21396,5,0,0,5
CHEMBL887,DB01367,Rasagiline,CHEMBL343,Gamma-aminobutyric acid receptor subunit alpha-1,Rattus norvegicus,P62813,2,0,0,2
CHEMBL887,DB01367,Rasagiline,CHEMBL3762,Voltage-dependent L-type calcium channel subunit alpha-1C,Rattus norvegicus,P22002,1,0,0,1
CHEMBL887,DB01367,Rasagiline,CHEMBL4042,Prostaglandin G/H synthase 1,Rattus norvegicus,Q63921,1,0,0,1
CHEMBL894,DB01156,Bupropion,CHEMBL3072,Androgen receptor,Rattus norvegicus,P15207,1,0,0,1
CHEMBL894,DB01156,Bupropion,CHEMBL330,"Glutamate receptor ionotropic, NMDA 1",Rattus norvegicus,P35439,1,0,0,1
CHEMBL894,DB01156,Bupropion,CHEMBL338,Sodium-dependent dopamine transporter,Rattus norvegicus,P23977,1,0,0,1
CHEMBL894,DB01156,Bupropion,CHEMBL343,Gamma-aminobutyric acid receptor subunit alpha-1,Rattus norvegicus,P62813,2,0,0,2
CHEMBL894,DB01156,Bupropion,CHEMBL3762,Voltage-dependent L-type calcium channel subunit alpha-1C,Rattus norvegicus,P22002,1,0,0,1
CHEMBL894,DB01156,Bupropion,CHEMBL4042,Prostaglandin G/H synthase 1,Rattus norvegicus,Q63921,1,0,0,1
CHEMBL894,DB01156,Bupropion,CHEMBL4828,Synaptic vesicular amine transporter,Rattus norvegicus,Q01827,1,0,0,1
CHEMBL894,DB01156,Bupropion,CHEMBL5107,Voltage-dependent N-type calcium channel subunit alpha-1B,Rattus norvegicus,Q02294,1,0,0,1
CHEMBL894,DB01156,Bupropion,CHEMBL5686,ATP-dependent 6-phosphofructokinase,Trypanosoma brucei,O15648,1,0,0,1
CHEMBL894,DB01156,Bupropion,CHEMBL6035,"Thioredoxin reductase 1, cytoplasmic",Rattus norvegicus,O89049,1,0,0,1
CHEMBL895,DB00844,Nalbuphine,CHEMBL4296299,Chaperonin GroEL,Escherichia coli (strain K12),P0A6F5,1,0,0,1
CHEMBL896,DB00557,Hydroxyzine,CHEMBL3072,Androgen receptor,Rattus norvegicus,P15207,1,0,0,1
CHEMBL896,DB00557,Hydroxyzine,CHEMBL330,"Glutamate receptor ionotropic, NMDA 1",Rattus norvegicus,P35439,1,0,0,1
CHEMBL896,DB00557,Hydroxyzine,CHEMBL343,Gamma-aminobutyric acid receptor subunit alpha-1,Rattus norvegicus,P62813,2,0,0,2
CHEMBL896,DB00557,Hydroxyzine,CHEMBL3762,Voltage-dependent L-type calcium channel subunit alpha-1C,Rattus norvegicus,P22002,1,0,0,1
CHEMBL896,DB00557,Hydroxyzine,CHEMBL4042,Prostaglandin G/H synthase 1,Rattus norvegicus,Q63921,1,0,0,1
CHEMBL896,DB00557,Hydroxyzine,CHEMBL5107,Voltage-dependent N-type calcium channel subunit alpha-1B,Rattus norvegicus,Q02294,1,0,0,1
CHEMBL9,DB01059,Norfloxacin,CHEMBL1681613,Multidrug resistance protein MdtK,Escherichia coli (strain K12),P37340,1,0,0,1
CHEMBL9,DB01059,Norfloxacin,CHEMBL1895,DNA topoisomerase 4 subunit A,Escherichia coli K-12,P0AFI2,1,0,0,1
CHEMBL9,DB01059,Norfloxacin,CHEMBL3072,Androgen receptor,Rattus norvegicus,P15207,1,0,0,1
CHEMBL9,DB01059,Norfloxacin,CHEMBL330,"Glutamate receptor ionotropic, NMDA 1",Rattus norvegicus,P35439,1,0,0,1
CHEMBL9,DB01059,Norfloxacin,CHEMBL3318,Tyrosinase,Agaricus bisporus,O42713,1,0,0,1
CHEMBL9,DB01059,Norfloxacin,CHEMBL343,Gamma-aminobutyric acid receptor subunit alpha-1,Rattus norvegicus,P62813,2,0,0,2
CHEMBL9,DB01059,Norfloxacin,CHEMBL3762,Voltage-dependent L-type calcium channel subunit alpha-1C,Rattus norvegicus,P22002,1,0,0,1
CHEMBL9,DB01059,Norfloxacin,CHEMBL4042,Prostaglandin G/H synthase 1,Rattus norvegicus,Q63921,1,0,0,1
CHEMBL9,DB01059,Norfloxacin,CHEMBL4088,DNA topoisomerase 4 subunit A,Staphylococcus aureus,P0C1U9,1,0,0,1
CHEMBL9,DB01059,Norfloxacin,CHEMBL4523582,Replicase polyprotein 1ab,Severe acute respiratory syndrome coronavirus 2,P0DTD1,2,0,0,2
CHEMBL9,DB01059,Norfloxacin,CHEMBL6066829,"L-2,3-diaminopropanoate--citrate ligase",Staphylococcus aureus (strain NCTC 8325 / PS 47),Q2G1M9,1,0,0,1
CHEMBL900,DB01173,Orphenadrine,CHEMBL343,Gamma-aminobutyric acid receptor subunit alpha-1,Rattus norvegicus,P62813,1,0,0,1
CHEMBL900,DB01173,Orphenadrine,CHEMBL4701,Histamine H1 receptor,Rattus norvegicus,P31390,1,0,0,1
CHEMBL905,DB00953,Rizatriptan,CHEMBL3072,Androgen receptor,Rattus norvegicus,P15207,1,0,0,1
CHEMBL905,DB00953,Rizatriptan,CHEMBL322,5-hydroxytryptamine receptor 2A,Rattus norvegicus,P14842,2,0,0,2
CHEMBL905,DB00953,Rizatriptan,CHEMBL330,"Glutamate receptor ionotropic, NMDA 1",Rattus norvegicus,P35439,1,0,0,1
CHEMBL905,DB00953,Rizatriptan,CHEMBL343,Gamma-aminobutyric acid receptor subunit alpha-1,Rattus norvegicus,P62813,2,0,0,2
CHEMBL905,DB00953,Rizatriptan,CHEMBL3762,Voltage-dependent L-type calcium channel subunit alpha-1C,Rattus norvegicus,P22002,1,0,0,1
CHEMBL905,DB00953,Rizatriptan,CHEMBL4042,Prostaglandin G/H synthase 1,Rattus norvegicus,Q63921,1,0,0,1
CHEMBL905,DB00953,Rizatriptan,CHEMBL4105,5-hydroxytryptamine receptor 1D,Sus scrofa,P79400,3,0,0,3
CHEMBL905,DB00953,Rizatriptan,CHEMBL4523582,Replicase polyprotein 1ab,Severe acute respiratory syndrome coronavirus 2,P0DTD1,1,0,0,1
CHEMBL905,DB00953,Rizatriptan,CHEMBL5107,Voltage-dependent N-type calcium channel subunit alpha-1B,Rattus norvegicus,Q02294,1,0,0,1
CHEMBL908,DB01239,Chlorprothixene,CHEMBL1697658,Pleiotropic ABC efflux transporter of multiple drugs,Saccharomyces cerevisiae S288c,P33302,1,0,0,1
CHEMBL908,DB01239,Chlorprothixene,CHEMBL3072,Androgen receptor,Rattus norvegicus,P15207,2,0,0,2
CHEMBL908,DB01239,Chlorprothixene,CHEMBL3223,5-hydroxytryptamine receptor 7,Rattus norvegicus,P32305,1,0,0,1
CHEMBL908,DB01239,Chlorprothixene,CHEMBL343,Gamma-aminobutyric acid receptor subunit alpha-1,Rattus norvegicus,P62813,1,0,0,1
CHEMBL908,DB01239,Chlorprothixene,CHEMBL4042,Prostaglandin G/H synthase 1,Rattus norvegicus,Q63921,1,0,0,1
CHEMBL908,DB01239,Chlorprothixene,CHEMBL4523582,Replicase polyprotein 1ab,Severe acute respiratory syndrome coronavirus 2,P0DTD1,1,0,0,1
CHEMBL908,DB01239,Chlorprothixene,CHEMBL4701,Histamine H1 receptor,Rattus norvegicus,P31390,1,0,0,1
CHEMBL911,DB00425,Zolpidem,CHEMBL2007624,Peripheral myelin protein 22,Rattus norvegicus,P25094,1,0,0,1
CHEMBL911,DB00425,Zolpidem,CHEMBL300,Gamma-aminobutyric acid receptor subunit alpha-5,Rattus norvegicus,P19969,1,0,0,1
CHEMBL911,DB00425,Zolpidem,CHEMBL3072,Androgen receptor,Rattus norvegicus,P15207,3,0,0,3
CHEMBL911,DB00425,Zolpidem,CHEMBL328,Gamma-aminobutyric acid receptor subunit alpha-3,Rattus norvegicus,P20236,1,0,0,1
CHEMBL911,DB00425,Zolpidem,CHEMBL330,"Glutamate receptor ionotropic, NMDA 1",Rattus norvegicus,P35439,1,0,0,1
CHEMBL911,DB00425,Zolpidem,CHEMBL341,Gamma-aminobutyric acid receptor subunit alpha-2,Rattus norvegicus,P23576,2,0,0,2
CHEMBL911,DB00425,Zolpidem,CHEMBL343,Gamma-aminobutyric acid receptor subunit alpha-1,Rattus norvegicus,P62813,3,0,0,3
CHEMBL911,DB00425,Zolpidem,CHEMBL3762,Voltage-dependent L-type calcium channel subunit alpha-1C,Rattus norvegicus,P22002,1,0,0,1
CHEMBL911,DB00425,Zolpidem,CHEMBL4042,Prostaglandin G/H synthase 1,Rattus norvegicus,Q63921,1,0,0,1
CHEMBL911,DB00425,Zolpidem,CHEMBL4523582,Replicase polyprotein 1ab,Severe acute respiratory syndrome coronavirus 2,P0DTD1,1,0,0,1
CHEMBL911,DB00425,Zolpidem,CHEMBL4552,Translocator protein,Rattus norvegicus,P16257,1,0,0,1
CHEMBL911,DB00425,Zolpidem,CHEMBL5107,Voltage-dependent N-type calcium channel subunit alpha-1B,Rattus norvegicus,Q02294,1,0,0,1
CHEMBL916,DB00775,Tirofiban,CHEMBL343,Gamma-aminobutyric acid receptor subunit alpha-1,Rattus norvegicus,P62813,1,0,0,1
CHEMBL916,DB00775,Tirofiban,CHEMBL4523582,Replicase polyprotein 1ab,Severe acute respiratory syndrome coronavirus 2,P0DTD1,1,0,0,1
CHEMBL918,DB01121,Phenacemide,CHEMBL3072,Androgen receptor,Rattus norvegicus,P15207,1,0,0,1
CHEMBL918,DB01121,Phenacemide,CHEMBL330,"Glutamate receptor ionotropic, NMDA 1",Rattus norvegicus,P35439,1,0,0,1
CHEMBL918,DB01121,Phenacemide,CHEMBL343,Gamma-aminobutyric acid receptor subunit alpha-1,Rattus norvegicus,P62813,2,0,0,2
CHEMBL918,DB01121,Phenacemide,CHEMBL3762,Voltage-dependent L-type calcium channel subunit alpha-1C,Rattus norvegicus,P22002,1,0,0,1
CHEMBL918,DB01121,Phenacemide,CHEMBL4042,Prostaglandin G/H synthase 1,Rattus norvegicus,Q63921,1,0,0,1
CHEMBL918,DB01121,Phenacemide,CHEMBL4523582,Replicase polyprotein 1ab,Severe acute respiratory syndrome coronavirus 2,P0DTD1,1,0,0,1
CHEMBL92401,DB04818,Iproniazid,CHEMBL2073674,Bile salt export pump,Rattus norvegicus,O70127,1,0,0,1
CHEMBL92401,DB04818,Iproniazid,CHEMBL2993,Amine oxidase [flavin-containing] B,Rattus norvegicus,P19643,1,0,0,1
CHEMBL92401,DB04818,Iproniazid,CHEMBL3072,Androgen receptor,Rattus norvegicus,P15207,1,0,0,1
CHEMBL92401,DB04818,Iproniazid,CHEMBL3358,Amine oxidase [flavin-containing] A,Rattus norvegicus,P21396,1,0,0,1
CHEMBL92401,DB04818,Iproniazid,CHEMBL343,Gamma-aminobutyric acid receptor subunit alpha-1,Rattus norvegicus,P62813,1,0,0,1
CHEMBL92401,DB04818,Iproniazid,CHEMBL4042,Prostaglandin G/H synthase 1,Rattus norvegicus,Q63921,1,0,0,1
CHEMBL92401,DB04818,Iproniazid,CHEMBL5686,ATP-dependent 6-phosphofructokinase,Trypanosoma brucei,O15648,1,0,0,1
CHEMBL93,DB00744,Zileuton,CHEMBL2073674,Bile salt export pump,Rattus norvegicus,O70127,1,0,0,1
CHEMBL93,DB00744,Zileuton,CHEMBL2189159,"Indoleamine 2,3-dioxygenase 2",Mus musculus,Q8R0V5,1,0,0,1
CHEMBL93,DB00744,Zileuton,CHEMBL3072,Androgen receptor,Rattus norvegicus,P15207,1,0,0,1
CHEMBL93,DB00744,Zileuton,CHEMBL312,Polyunsaturated fatty acid 5-lipoxygenase,Rattus norvegicus,P12527,19,0,0,19
CHEMBL93,DB00744,Zileuton,CHEMBL330,"Glutamate receptor ionotropic, NMDA 1",Rattus norvegicus,P35439,1,0,0,1
CHEMBL93,DB00744,Zileuton,CHEMBL343,Gamma-aminobutyric acid receptor subunit alpha-1,Rattus norvegicus,P62813,2,0,0,2
CHEMBL93,DB00744,Zileuton,CHEMBL3596084,Tumor necrosis factor ligand superfamily member 11,Mus musculus,O35235,1,0,0,1
CHEMBL93,DB00744,Zileuton,CHEMBL3738,Leukotriene A-4 hydrolase,Mus musculus,P24527,1,0,0,1
CHEMBL93,DB00744,Zileuton,CHEMBL3762,Voltage-dependent L-type calcium channel subunit alpha-1C,Rattus norvegicus,P22002,1,0,0,1
CHEMBL93,DB00744,Zileuton,CHEMBL3943,Histamine H1 receptor,Cavia porcellus,P31389,1,0,0,1
CHEMBL93,DB00744,Zileuton,CHEMBL4028,Thromboxane-A synthase,Rattus norvegicus,P49430,1,0,0,1
CHEMBL93,DB00744,Zileuton,CHEMBL4042,Prostaglandin G/H synthase 1,Rattus norvegicus,Q63921,1,0,0,1
CHEMBL93,DB00744,Zileuton,CHEMBL4523582,Replicase polyprotein 1ab,Severe acute respiratory syndrome coronavirus 2,P0DTD1,3,0,0,3
CHEMBL93,DB00744,Zileuton,CHEMBL4828,Synaptic vesicular amine transporter,Rattus norvegicus,Q01827,1,0,0,1
CHEMBL93,DB00744,Zileuton,CHEMBL5211,Polyunsaturated fatty acid 5-lipoxygenase,Mus musculus,P48999,2,0,0,2
CHEMBL932,DB00975,Dipyridamole,CHEMBL1293231,Nuclear receptor ROR-gamma,Mus musculus,P51450,1,0,0,1
CHEMBL932,DB00975,Dipyridamole,CHEMBL1293238,Inositol monophosphatase 1,Rattus norvegicus,P97697,2,0,0,2
CHEMBL932,DB00975,Dipyridamole,CHEMBL1293254,Ferritin light chain,Equus caballus,P02791,3,0,0,3
CHEMBL932,DB00975,Dipyridamole,CHEMBL1293303,Nonstructural protein 1,Influenza A virus,Q194T2,1,0,0,1
CHEMBL932,DB00975,Dipyridamole,CHEMBL1741163,ORF 73,Human herpesvirus 8,O40947,1,0,0,1
CHEMBL932,DB00975,Dipyridamole,CHEMBL2007624,Peripheral myelin protein 22,Rattus norvegicus,P25094,2,0,0,2
CHEMBL932,DB00975,Dipyridamole,CHEMBL2189159,"Indoleamine 2,3-dioxygenase 2",Mus musculus,Q8R0V5,1,0,0,1
CHEMBL932,DB00975,Dipyridamole,CHEMBL276,Muscarinic acetylcholine receptor M1,Rattus norvegicus,P08482,1,0,0,1
CHEMBL932,DB00975,Dipyridamole,CHEMBL3061,Phosphodiesterase 3A,Sus scrofa,Q9XSW7,2,0,0,2
CHEMBL932,DB00975,Dipyridamole,CHEMBL3072,Androgen receptor,Rattus norvegicus,P15207,1,0,0,1
CHEMBL932,DB00975,Dipyridamole,CHEMBL330,"Glutamate receptor ionotropic, NMDA 1",Rattus norvegicus,P35439,1,0,0,1
CHEMBL932,DB00975,Dipyridamole,CHEMBL3333,Phosphodiesterase 4A,Sus scrofa,O77823,2,0,0,2
CHEMBL932,DB00975,Dipyridamole,CHEMBL343,Gamma-aminobutyric acid receptor subunit alpha-1,Rattus norvegicus,P62813,2,0,0,2
CHEMBL932,DB00975,Dipyridamole,CHEMBL3762,Voltage-dependent L-type calcium channel subunit alpha-1C,Rattus norvegicus,P22002,1,0,0,1
CHEMBL932,DB00975,Dipyridamole,CHEMBL3897,DNA polymerase III PolC-type,Bacillus subtilis (strain 168),P13267,1,0,0,1
CHEMBL932,DB00975,Dipyridamole,CHEMBL4042,Prostaglandin G/H synthase 1,Rattus norvegicus,Q63921,1,0,0,1
CHEMBL932,DB00975,Dipyridamole,CHEMBL4358,Polyunsaturated fatty acid lipoxygenase ALOX15,Oryctolagus cuniculus,P12530,1,0,0,1
CHEMBL932,DB00975,Dipyridamole,CHEMBL4372,Lethal factor,Bacillus anthracis,P15917,3,0,0,3
CHEMBL932,DB00975,Dipyridamole,CHEMBL4523582,Replicase polyprotein 1ab,Severe acute respiratory syndrome coronavirus 2,P0DTD1,3,0,0,3
CHEMBL932,DB00975,Dipyridamole,CHEMBL5114,Quinolone resistance protein NorA,Staphylococcus aureus,P0A0J7,1,0,0,1
CHEMBL932,DB00975,Dipyridamole,CHEMBL6035,"Thioredoxin reductase 1, cytoplasmic",Rattus norvegicus,O89049,2,0,0,2
CHEMBL94,DB00981,Physostigmine,CHEMBL1293234,Fructose-bisphosphate aldolase,Giardia intestinalis,A8B2U2,1,0,0,1
CHEMBL94,DB00981,Physostigmine,CHEMBL1293303,Nonstructural protein 1,Influenza A virus,Q194T2,1,0,0,1
CHEMBL94,DB00981,Physostigmine,CHEMBL2007624,Peripheral myelin protein 22,Rattus norvegicus,P25094,2,0,0,2
CHEMBL94,DB00981,Physostigmine,CHEMBL2073674,Bile salt export pump,Rattus norvegicus,O70127,1,0,0,1
CHEMBL94,DB00981,Physostigmine,CHEMBL2528,Cholinesterase,Mus musculus,Q03311,2,0,0,2
CHEMBL94,DB00981,Physostigmine,CHEMBL3072,Androgen receptor,Rattus norvegicus,P15207,2,0,0,2
CHEMBL94,DB00981,Physostigmine,CHEMBL309,Muscarinic acetylcholine receptor M2,Rattus norvegicus,P10980,1,0,0,1
CHEMBL94,DB00981,Physostigmine,CHEMBL3197,Muscarinic acetylcholine receptor M2,Mus musculus,Q9ERZ4,1,0,0,1
CHEMBL94,DB00981,Physostigmine,CHEMBL3198,Acetylcholinesterase,Mus musculus,P21836,4,0,0,4
CHEMBL94,DB00981,Physostigmine,CHEMBL3199,Acetylcholinesterase,Rattus norvegicus,P37136,7,0,0,7
CHEMBL94,DB00981,Physostigmine,CHEMBL3227914,Acetylcholinesterase,Gallus gallus,P36196,1,0,0,1
CHEMBL94,DB00981,Physostigmine,CHEMBL330,"Glutamate receptor ionotropic, NMDA 1",Rattus norvegicus,P35439,1,0,0,1
CHEMBL94,DB00981,Physostigmine,CHEMBL3403,Butyrylcholinesterase,Rattus norvegicus,Q9JKC1,6,0,0,6
CHEMBL94,DB00981,Physostigmine,CHEMBL343,Gamma-aminobutyric acid receptor subunit alpha-1,Rattus norvegicus,P62813,2,0,0,2
CHEMBL94,DB00981,Physostigmine,CHEMBL3733,Muscarinic acetylcholine receptor M1,Mus musculus,P12657,2,0,0,2
CHEMBL94,DB00981,Physostigmine,CHEMBL3762,Voltage-dependent L-type calcium channel subunit alpha-1C,Rattus norvegicus,P22002,1,0,0,1
CHEMBL94,DB00981,Physostigmine,CHEMBL4042,Prostaglandin G/H synthase 1,Rattus norvegicus,Q63921,1,0,0,1
CHEMBL94,DB00981,Physostigmine,CHEMBL4078,Acetylcholinesterase,Electrophorus electricus,O42275,30,0,0,30
CHEMBL94,DB00981,Physostigmine,CHEMBL4768,Acetylcholinesterase,Bos taurus,P23795,4,0,0,4
CHEMBL94,DB00981,Physostigmine,CHEMBL4780,Acetylcholinesterase,Torpedo californica,P04058,2,0,0,2
CHEMBL94,DB00981,Physostigmine,CHEMBL5077,Butyrylcholinesterase,Equus caballus,Q9N1N9,4,0,0,4
CHEMBL94,DB00981,Physostigmine,CHEMBL5763,Cholinesterase,Equus caballus,P81908,16,0,0,16
CHEMBL94,DB00981,Physostigmine,CHEMBL6035,"Thioredoxin reductase 1, cytoplasmic",Rattus norvegicus,O89049,1,0,0,1
CHEMBL940,DB00996,Gabapentin,CHEMBL276,Muscarinic acetylcholine receptor M1,Rattus norvegicus,P08482,1,0,0,1
CHEMBL940,DB00996,Gabapentin,CHEMBL3072,Androgen receptor,Rattus norvegicus,P15207,1,0,0,1
CHEMBL940,DB00996,Gabapentin,CHEMBL330,"Glutamate receptor ionotropic, NMDA 1",Rattus norvegicus,P35439,1,0,0,1
CHEMBL940,DB00996,Gabapentin,CHEMBL3420,Voltage-dependent calcium channel subunit alpha-2/delta-1,Rattus norvegicus,P54290,1,0,0,1
CHEMBL940,DB00996,Gabapentin,CHEMBL343,Gamma-aminobutyric acid receptor subunit alpha-1,Rattus norvegicus,P62813,2,0,0,2
CHEMBL940,DB00996,Gabapentin,CHEMBL3762,Voltage-dependent L-type calcium channel subunit alpha-1C,Rattus norvegicus,P22002,1,0,0,1
CHEMBL940,DB00996,Gabapentin,CHEMBL3985,Voltage-dependent calcium channel alpha2delta subunit,Sus scrofa,O77773,2,0,0,2
CHEMBL940,DB00996,Gabapentin,CHEMBL4042,Prostaglandin G/H synthase 1,Rattus norvegicus,Q63921,1,0,0,1
CHEMBL940,DB00996,Gabapentin,CHEMBL4523582,Replicase polyprotein 1ab,Severe acute respiratory syndrome coronavirus 2,P0DTD1,2,0,0,2
CHEMBL940,DB00996,Gabapentin,CHEMBL4676,Voltage-dependent calcium channel subunit alpha-2/delta-1,Mus musculus,O08532,2,0,0,2
CHEMBL940,DB00996,Gabapentin,CHEMBL5107,Voltage-dependent N-type calcium channel subunit alpha-1B,Rattus norvegicus,Q02294,1,0,0,1
CHEMBL940,DB00996,Gabapentin,CHEMBL5686,ATP-dependent 6-phosphofructokinase,Trypanosoma brucei,O15648,1,0,0,1
CHEMBL940,DB00996,Gabapentin,CHEMBL6110,Thioredoxin glutathione reductase,Schistosoma mansoni,Q962Y6,1,0,0,1
CHEMBL942,DB09020,Bisacodyl,CHEMBL2007624,Peripheral myelin protein 22,Rattus norvegicus,P25094,1,0,0,1
CHEMBL942,DB09020,Bisacodyl,CHEMBL343,Gamma-aminobutyric acid receptor subunit alpha-1,Rattus norvegicus,P62813,1,0,0,1
CHEMBL942,DB09020,Bisacodyl,CHEMBL4372,Lethal factor,Bacillus anthracis,P15917,2,0,0,2
CHEMBL942,DB09020,Bisacodyl,CHEMBL4523582,Replicase polyprotein 1ab,Severe acute respiratory syndrome coronavirus 2,P0DTD1,2,0,0,2
CHEMBL942,DB09020,Bisacodyl,CHEMBL6110,Thioredoxin glutathione reductase,Schistosoma mansoni,Q962Y6,1,0,0,1
CHEMBL95,DB00382,Tacrine,CHEMBL1293231,Nuclear receptor ROR-gamma,Mus musculus,P51450,1,0,1,0
CHEMBL95,DB00382,Tacrine,CHEMBL2007624,Peripheral myelin protein 22,Rattus norvegicus,P25094,1,0,0,1
CHEMBL95,DB00382,Tacrine,CHEMBL2026,Beta-lactamase,Escherichia coli K-12,P00811,1,0,0,1
CHEMBL95,DB00382,Tacrine,CHEMBL2073674,Bile salt export pump,Rattus norvegicus,O70127,1,0,1,0
CHEMBL95,DB00382,Tacrine,CHEMBL2528,Cholinesterase,Mus musculus,Q03311,3,0,3,0
CHEMBL95,DB00382,Tacrine,CHEMBL276,Muscarinic acetylcholine receptor M1,Rattus norvegicus,P08482,2,0,2,0
CHEMBL95,DB00382,Tacrine,CHEMBL2993,Amine oxidase [flavin-containing] B,Rattus norvegicus,P19643,2,0,2,0
CHEMBL95,DB00382,Tacrine,CHEMBL304,Norepinephrine transporter,Rattus norvegicus,Q9WTR4,2,0,0,2
CHEMBL95,DB00382,Tacrine,CHEMBL309,Muscarinic acetylcholine receptor M2,Rattus norvegicus,P10980,1,0,0,1
CHEMBL95,DB00382,Tacrine,CHEMBL313,Sodium-dependent serotonin transporter,Rattus norvegicus,P31652,2,0,0,2
CHEMBL95,DB00382,Tacrine,CHEMBL319,Alpha-1A adrenergic receptor,Rattus norvegicus,P43140,2,0,2,0
CHEMBL95,DB00382,Tacrine,CHEMBL3197,Muscarinic acetylcholine receptor M2,Mus musculus,Q9ERZ4,2,0,2,0
CHEMBL95,DB00382,Tacrine,CHEMBL3198,Acetylcholinesterase,Mus musculus,P21836,13,0,8,5
CHEMBL95,DB00382,Tacrine,CHEMBL3199,Acetylcholinesterase,Rattus norvegicus,P37136,31,0,17,14
CHEMBL95,DB00382,Tacrine,CHEMBL3241,Histamine N-methyltransferase,Rattus norvegicus,Q01984,1,0,0,1
CHEMBL95,DB00382,Tacrine,CHEMBL3254,Amine oxidase [flavin-containing] A,Bos taurus,P21398,1,0,1,0
CHEMBL95,DB00382,Tacrine,CHEMBL3358,Amine oxidase [flavin-containing] A,Rattus norvegicus,P21396,2,0,2,0
CHEMBL95,DB00382,Tacrine,CHEMBL338,Sodium-dependent dopamine transporter,Rattus norvegicus,P23977,1,0,0,1
CHEMBL95,DB00382,Tacrine,CHEMBL3403,Butyrylcholinesterase,Rattus norvegicus,Q9JKC1,14,0,9,5
CHEMBL95,DB00382,Tacrine,CHEMBL3733,Muscarinic acetylcholine receptor M1,Mus musculus,P12657,2,0,0,2
CHEMBL95,DB00382,Tacrine,CHEMBL3945,Choline O-acetyltransferase,Rattus norvegicus,P32738,1,0,0,1
CHEMBL95,DB00382,Tacrine,CHEMBL4078,Acetylcholinesterase,Electrophorus electricus,O42275,205,0,205,0
CHEMBL95,DB00382,Tacrine,CHEMBL4372,Lethal factor,Bacillus anthracis,P15917,1,0,1,0
CHEMBL95,DB00382,Tacrine,CHEMBL4523582,Replicase polyprotein 1ab,Severe acute respiratory syndrome coronavirus 2,P0DTD1,1,0,1,0
CHEMBL95,DB00382,Tacrine,CHEMBL4768,Acetylcholinesterase,Bos taurus,P23795,24,0,21,3
CHEMBL95,DB00382,Tacrine,CHEMBL4780,Acetylcholinesterase,Torpedo californica,P04058,11,0,11,0
CHEMBL95,DB00382,Tacrine,CHEMBL4781,Muscarinic acetylcholine receptor M2,Sus scrofa,P06199,2,0,2,0
CHEMBL95,DB00382,Tacrine,CHEMBL5077,Butyrylcholinesterase,Equus caballus,Q9N1N9,13,0,13,0
CHEMBL95,DB00382,Tacrine,CHEMBL5131,Trypanothione reductase,Trypanosoma cruzi,P28593,1,0,1,0
CHEMBL95,DB00382,Tacrine,CHEMBL5763,Cholinesterase,Equus caballus,P81908,161,0,161,0
CHEMBL95,DB00382,Tacrine,CHEMBL6035,"Thioredoxin reductase 1, cytoplasmic",Rattus norvegicus,O89049,2,0,1,1
CHEMBL953,DB00494,Entacapone,CHEMBL1293248,4'-phosphopantetheinyl transferase ffp,Bacillus subtilis,Q9F4F7,1,0,0,1
CHEMBL953,DB00494,Entacapone,CHEMBL2372,Catechol O-methyltransferase,Rattus norvegicus,P22734,28,0,0,28
CHEMBL953,DB00494,Entacapone,CHEMBL3286068,Catechol O-methyltransferase,Mus musculus,O88587,4,0,0,4
CHEMBL953,DB00494,Entacapone,CHEMBL4523582,Replicase polyprotein 1ab,Severe acute respiratory syndrome coronavirus 2,P0DTD1,2,0,0,2
CHEMBL953,DB00494,Entacapone,CHEMBL5686,ATP-dependent 6-phosphofructokinase,Trypanosoma brucei,O15648,1,0,0,1
CHEMBL959,DB00478,Rimantadine,CHEMBL1169598,Polymerase acidic protein,Influenza A virus (A/Puerto Rico/8/1934(H1N1)),P03433,1,0,0,1
CHEMBL959,DB00478,Rimantadine,CHEMBL1932894,Matrix protein 2,Influenza A virus,P06821,4,0,0,4
CHEMBL959,DB00478,Rimantadine,CHEMBL2052,Matrix protein 2,Influenza A virus (A/Udorn/307/1972(H3N2)),P0DOF8,11,0,0,11
CHEMBL959,DB00478,Rimantadine,CHEMBL3072,Androgen receptor,Rattus norvegicus,P15207,1,0,0,1
CHEMBL959,DB00478,Rimantadine,CHEMBL330,"Glutamate receptor ionotropic, NMDA 1",Rattus norvegicus,P35439,1,0,0,1
CHEMBL959,DB00478,Rimantadine,CHEMBL343,Gamma-aminobutyric acid receptor subunit alpha-1,Rattus norvegicus,P62813,2,0,0,2
CHEMBL959,DB00478,Rimantadine,CHEMBL3762,Voltage-dependent L-type calcium channel subunit alpha-1C,Rattus norvegicus,P22002,1,0,0,1
CHEMBL959,DB00478,Rimantadine,CHEMBL4042,Prostaglandin G/H synthase 1,Rattus norvegicus,Q63921,1,0,0,1
CHEMBL959,DB00478,Rimantadine,CHEMBL4523582,Replicase polyprotein 1ab,Severe acute respiratory syndrome coronavirus 2,P0DTD1,1,0,0,1
CHEMBL963,DB01192,Oxymorphone,CHEMBL269,Delta-type opioid receptor,Rattus norvegicus,P33533,1,0,0,1
CHEMBL963,DB01192,Oxymorphone,CHEMBL270,Mu-type opioid receptor,Rattus norvegicus,P33535,4,0,0,4
CHEMBL963,DB01192,Oxymorphone,CHEMBL2858,Mu-type opioid receptor,Mus musculus,P42866,1,0,0,1
CHEMBL963,DB01192,Oxymorphone,CHEMBL3222,Delta-type opioid receptor,Mus musculus,P32300,3,0,0,3
CHEMBL963,DB01192,Oxymorphone,CHEMBL3614,Kappa-type opioid receptor,Rattus norvegicus,P34975,3,0,0,3
CHEMBL963,DB01192,Oxymorphone,CHEMBL3952,Kappa-type opioid receptor,Cavia porcellus,P41144,5,0,0,5
CHEMBL963,DB01192,Oxymorphone,CHEMBL4354,Mu-type opioid receptor,Cavia porcellus,P97266,4,0,0,4
CHEMBL964,DB00822,Disulfiram,CHEMBL1075257,Large T antigen,Simian virus 40,P03070,1,0,0,1
CHEMBL964,DB00822,Disulfiram,CHEMBL1293231,Nuclear receptor ROR-gamma,Mus musculus,P51450,10,0,0,10
CHEMBL964,DB00822,Disulfiram,CHEMBL1293234,Fructose-bisphosphate aldolase,Giardia intestinalis,A8B2U2,2,0,0,2
CHEMBL964,DB00822,Disulfiram,CHEMBL1293238,Inositol monophosphatase 1,Rattus norvegicus,P97697,1,0,0,1
CHEMBL964,DB00822,Disulfiram,CHEMBL1293248,4'-phosphopantetheinyl transferase ffp,Bacillus subtilis,Q9F4F7,4,0,0,4
CHEMBL964,DB00822,Disulfiram,CHEMBL1293254,Ferritin light chain,Equus caballus,P02791,2,0,0,2
CHEMBL964,DB00822,Disulfiram,CHEMBL1293264,Beta-galactosidase,Escherichia coli,Q8VNN2,1,0,0,1
CHEMBL964,DB00822,Disulfiram,CHEMBL1293297,Bifunctional protein GlmU,Mycobacterium tuberculosis,P9WMN3,1,0,0,1
CHEMBL964,DB00822,Disulfiram,CHEMBL1293303,Nonstructural protein 1,Influenza A virus,Q194T2,2,0,0,2
CHEMBL964,DB00822,Disulfiram,CHEMBL1741212,Glucose-6-phosphate dehydrogenase-6-phosphogluconolactonase,Plasmodium berghei,Q9BHT9,3,0,0,3
CHEMBL964,DB00822,Disulfiram,CHEMBL1795086,HSP90,Plasmodium falciparum 3D7,Q8IL32,1,0,0,1
CHEMBL964,DB00822,Disulfiram,CHEMBL2007624,Peripheral myelin protein 22,Rattus norvegicus,P25094,2,0,0,2
CHEMBL964,DB00822,Disulfiram,CHEMBL2026,Beta-lactamase,Escherichia coli K-12,P00811,1,0,0,1
CHEMBL964,DB00822,Disulfiram,CHEMBL2146310,Aberrant vpr protein,Human immunodeficiency virus 1,Q77YF9,1,0,0,1
CHEMBL964,DB00822,Disulfiram,CHEMBL2146316,Putative uncharacterized protein,Trypanosoma brucei,Q57TT1,3,0,0,3
CHEMBL964,DB00822,Disulfiram,CHEMBL2189159,"Indoleamine 2,3-dioxygenase 2",Mus musculus,Q8R0V5,1,0,0,1
CHEMBL964,DB00822,Disulfiram,CHEMBL276,Muscarinic acetylcholine receptor M1,Rattus norvegicus,P08482,1,0,0,1
CHEMBL964,DB00822,Disulfiram,CHEMBL2812,"Aldehyde dehydrogenase, mitochondrial",Rattus norvegicus,P11884,1,0,0,1
CHEMBL964,DB00822,Disulfiram,CHEMBL3459,5-hydroxytryptamine receptor 1B,Rattus norvegicus,P28564,2,0,0,2
CHEMBL964,DB00822,Disulfiram,CHEMBL3563,Cruzipain,Trypanosoma cruzi,P25779,7,0,0,7
CHEMBL964,DB00822,Disulfiram,CHEMBL3779755,"NACHT, LRR and PYD domains-containing protein 3",Mus musculus,Q8R4B8,1,0,0,1
CHEMBL964,DB00822,Disulfiram,CHEMBL4295557,Replicase polyprotein 1ab,Middle East respiratory syndrome-related coronavirus (isolate UnitedKingdom/H123990006/2012) (Betacoronavirus England 1) (Humancoronavirus EMC),K9N7C7,2,0,0,2
CHEMBL964,DB00822,Disulfiram,CHEMBL4358,Polyunsaturated fatty acid lipoxygenase ALOX15,Oryctolagus cuniculus,P12530,1,0,0,1
CHEMBL964,DB00822,Disulfiram,CHEMBL4372,Lethal factor,Bacillus anthracis,P15917,1,0,0,1
CHEMBL964,DB00822,Disulfiram,CHEMBL4523446,Gasdermin-D,Mus musculus,Q9D8T2,1,0,0,1
CHEMBL964,DB00822,Disulfiram,CHEMBL4523582,Replicase polyprotein 1ab,Severe acute respiratory syndrome coronavirus 2,P0DTD1,17,0,0,17
CHEMBL964,DB00822,Disulfiram,CHEMBL4802003,Carbamate kinase,Giardia intestinalis,O97438,1,0,0,1
CHEMBL964,DB00822,Disulfiram,CHEMBL5149,Pyruvate kinase,Leishmania mexicana,Q27686,2,0,0,2
CHEMBL964,DB00822,Disulfiram,CHEMBL5465386,Metallo-beta-lactamase type 2,Bacteria,C7C422,1,0,0,1
CHEMBL964,DB00822,Disulfiram,CHEMBL5567,Luciferin 4-monooxygenase,Photinus pyralis,P08659,3,0,0,3
CHEMBL964,DB00822,Disulfiram,CHEMBL5686,ATP-dependent 6-phosphofructokinase,Trypanosoma brucei,O15648,2,0,0,2
CHEMBL964,DB00822,Disulfiram,CHEMBL6035,"Thioredoxin reductase 1, cytoplasmic",Rattus norvegicus,O89049,3,0,0,3
CHEMBL968,DB00690,Flurazepam,CHEMBL3072,Androgen receptor,Rattus norvegicus,P15207,1,0,0,1
CHEMBL968,DB00690,Flurazepam,CHEMBL330,"Glutamate receptor ionotropic, NMDA 1",Rattus norvegicus,P35439,1,0,0,1
CHEMBL968,DB00690,Flurazepam,CHEMBL343,Gamma-aminobutyric acid receptor subunit alpha-1,Rattus norvegicus,P62813,2,0,0,2
CHEMBL968,DB00690,Flurazepam,CHEMBL3762,Voltage-dependent L-type calcium channel subunit alpha-1C,Rattus norvegicus,P22002,1,0,0,1
CHEMBL968,DB00690,Flurazepam,CHEMBL4042,Prostaglandin G/H synthase 1,Rattus norvegicus,Q63921,1,0,0,1
CHEMBL969,DB01588,Prazepam,CHEMBL2007624,Peripheral myelin protein 22,Rattus norvegicus,P25094,1,0,0,1
CHEMBL972,DB01037,Selegiline,CHEMBL1293254,Ferritin light chain,Equus caballus,P02791,1,0,0,1
CHEMBL972,DB01037,Selegiline,CHEMBL2756,Amine oxidase [flavin-containing] B,Bos taurus,P56560,6,0,0,6
CHEMBL972,DB01037,Selegiline,CHEMBL2993,Amine oxidase [flavin-containing] B,Rattus norvegicus,P19643,27,0,0,27
CHEMBL972,DB01037,Selegiline,CHEMBL3050,Amine oxidase [flavin-containing] B,Mus musculus,Q8BW75,3,0,0,3
CHEMBL972,DB01037,Selegiline,CHEMBL3072,Androgen receptor,Rattus norvegicus,P15207,1,0,0,1
CHEMBL972,DB01037,Selegiline,CHEMBL3254,Amine oxidase [flavin-containing] A,Bos taurus,P21398,6,0,0,6
CHEMBL972,DB01037,Selegiline,CHEMBL330,"Glutamate receptor ionotropic, NMDA 1",Rattus norvegicus,P35439,1,0,0,1
CHEMBL972,DB01037,Selegiline,CHEMBL3335,Cytochrome P450 2B1,Rattus norvegicus,P00176,1,0,0,1
CHEMBL972,DB01037,Selegiline,CHEMBL3358,Amine oxidase [flavin-containing] A,Rattus norvegicus,P21396,22,0,0,22
CHEMBL972,DB01037,Selegiline,CHEMBL343,Gamma-aminobutyric acid receptor subunit alpha-1,Rattus norvegicus,P62813,2,0,0,2
CHEMBL972,DB01037,Selegiline,CHEMBL3681,Amine oxidase [flavin-containing] A,Mus musculus,Q64133,2,0,0,2
CHEMBL972,DB01037,Selegiline,CHEMBL3762,Voltage-dependent L-type calcium channel subunit alpha-1C,Rattus norvegicus,P22002,1,0,0,1
CHEMBL972,DB01037,Selegiline,CHEMBL4042,Prostaglandin G/H synthase 1,Rattus norvegicus,Q63921,1,0,0,1
CHEMBL972,DB01037,Selegiline,CHEMBL4078,Acetylcholinesterase,Electrophorus electricus,O42275,1,0,0,1
CHEMBL973,DB08880,Teriflunomide,CHEMBL2383,"Dihydroorotate dehydrogenase (quinone), mitochondrial",Rattus norvegicus,Q63707,7,0,0,7
CHEMBL973,DB08880,Teriflunomide,CHEMBL2991,"Dihydroorotate dehydrogenase (quinone), mitochondrial",Mus musculus,O35435,4,0,0,4
CHEMBL973,DB08880,Teriflunomide,CHEMBL3072,Androgen receptor,Rattus norvegicus,P15207,1,0,0,1
CHEMBL973,DB08880,Teriflunomide,CHEMBL343,Gamma-aminobutyric acid receptor subunit alpha-1,Rattus norvegicus,P62813,1,0,0,1
CHEMBL973,DB08880,Teriflunomide,CHEMBL3486,Dihydroorotate dehydrogenase,Plasmodium falciparum,Q54A96,7,0,0,7
CHEMBL973,DB08880,Teriflunomide,CHEMBL4042,Prostaglandin G/H synthase 1,Rattus norvegicus,Q63921,1,0,0,1
CHEMBL973,DB08880,Teriflunomide,CHEMBL4523582,Replicase polyprotein 1ab,Severe acute respiratory syndrome coronavirus 2,P0DTD1,3,0,0,3
CHEMBL973,DB08880,Teriflunomide,CHEMBL4523950,"Dihydroorotate dehydrogenase (quinone), mitochondrial",Schistosoma mansoni,G4VFD7,3,0,0,3
CHEMBL976,DB01058,Praziquantel,CHEMBL2073674,Bile salt export pump,Rattus norvegicus,O70127,1,0,0,1
CHEMBL976,DB01058,Praziquantel,CHEMBL276,Muscarinic acetylcholine receptor M1,Rattus norvegicus,P08482,2,0,0,2
CHEMBL976,DB01058,Praziquantel,CHEMBL3072,Androgen receptor,Rattus norvegicus,P15207,1,0,0,1
CHEMBL976,DB01058,Praziquantel,CHEMBL330,"Glutamate receptor ionotropic, NMDA 1",Rattus norvegicus,P35439,1,0,0,1
CHEMBL976,DB01058,Praziquantel,CHEMBL343,Gamma-aminobutyric acid receptor subunit alpha-1,Rattus norvegicus,P62813,2,0,0,2
CHEMBL976,DB01058,Praziquantel,CHEMBL3762,Voltage-dependent L-type calcium channel subunit alpha-1C,Rattus norvegicus,P22002,1,0,0,1
CHEMBL976,DB01058,Praziquantel,CHEMBL4042,Prostaglandin G/H synthase 1,Rattus norvegicus,Q63921,1,0,0,1
CHEMBL976,DB01058,Praziquantel,CHEMBL5686,ATP-dependent 6-phosphofructokinase,Trypanosoma brucei,O15648,1,0,0,1
CHEMBL976,DB01058,Praziquantel,CHEMBL6035,"Thioredoxin reductase 1, cytoplasmic",Rattus norvegicus,O89049,3,0,0,3
CHEMBL978,DB06709,Methacholine,CHEMBL276,Muscarinic acetylcholine receptor M1,Rattus norvegicus,P08482,2,0,0,2
CHEMBL978,DB06709,Methacholine,CHEMBL309,Muscarinic acetylcholine receptor M2,Rattus norvegicus,P10980,3,0,0,3
CHEMBL978,DB06709,Methacholine,CHEMBL317,Muscarinic acetylcholine receptor M4,Rattus norvegicus,P08485,2,0,0,2
CHEMBL978,DB06709,Methacholine,CHEMBL320,Muscarinic acetylcholine receptor M3,Rattus norvegicus,P08483,2,0,0,2
CHEMBL978,DB06709,Methacholine,CHEMBL5686,ATP-dependent 6-phosphofructokinase,Trypanosoma brucei,O15648,1,0,0,1
CHEMBL979,DB00371,Meprobamate,CHEMBL3072,Androgen receptor,Rattus norvegicus,P15207,1,0,0,1
CHEMBL979,DB00371,Meprobamate,CHEMBL330,"Glutamate receptor ionotropic, NMDA 1",Rattus norvegicus,P35439,1,0,0,1
CHEMBL979,DB00371,Meprobamate,CHEMBL343,Gamma-aminobutyric acid receptor subunit alpha-1,Rattus norvegicus,P62813,2,0,0,2
CHEMBL979,DB00371,Meprobamate,CHEMBL3762,Voltage-dependent L-type calcium channel subunit alpha-1C,Rattus norvegicus,P22002,1,0,0,1
CHEMBL979,DB00371,Meprobamate,CHEMBL4042,Prostaglandin G/H synthase 1,Rattus norvegicus,Q63921,1,0,0,1
CHEMBL980,DB00874,Guaifenesin,CHEMBL2026,Beta-lactamase,Escherichia coli K-12,P00811,1,0,0,1
CHEMBL980,DB00874,Guaifenesin,CHEMBL3072,Androgen receptor,Rattus norvegicus,P15207,1,0,0,1
CHEMBL980,DB00874,Guaifenesin,CHEMBL330,"Glutamate receptor ionotropic, NMDA 1",Rattus norvegicus,P35439,1,0,0,1
CHEMBL980,DB00874,Guaifenesin,CHEMBL343,Gamma-aminobutyric acid receptor subunit alpha-1,Rattus norvegicus,P62813,2,0,0,2
CHEMBL980,DB00874,Guaifenesin,CHEMBL3762,Voltage-dependent L-type calcium channel subunit alpha-1C,Rattus norvegicus,P22002,1,0,0,1
CHEMBL980,DB00874,Guaifenesin,CHEMBL4042,Prostaglandin G/H synthase 1,Rattus norvegicus,Q63921,1,0,0,1
CHEMBL980,DB00874,Guaifenesin,CHEMBL5107,Voltage-dependent N-type calcium channel subunit alpha-1B,Rattus norvegicus,Q02294,1,0,0,1
CHEMBL99946,DB08918,Levomilnacipran,CHEMBL313,Sodium-dependent serotonin transporter,Rattus norvegicus,P31652,2,0,0,2
CHEMBL99946,DB08918,Levomilnacipran,CHEMBL401,"Glutamate receptor ionotropic, NMDA 2C",Rattus norvegicus,Q00961,1,0,0,1
